name,stationary,scenario,window,metric,original,candidate,delta,percent_change,output_sha256,reference_output_sha256
horizon,False,gps,flight,horizontal_position_rmse_m,0.04135637959224826,0.04136194603062283,5.566438374564331e-06,0.013459684888883494,9a13522c74ee0a461805c788eda09ffd23dd5682e1bd10a111db5658c577f958,ec456556ed878933b50def270ad9efa9a3e7b4147e5be464fccc547f195f7812
horizon,False,gps,flight,vertical_position_rmse_m,0.032443104268799594,0.03242577399627598,-1.7330272523610746e-05,-0.05341743003389743,9a13522c74ee0a461805c788eda09ffd23dd5682e1bd10a111db5658c577f958,ec456556ed878933b50def270ad9efa9a3e7b4147e5be464fccc547f195f7812
horizon,False,gps,flight,position_3d_rmse_m,0.05256334414375032,0.052557029964579643,-6.314179170678613e-06,-0.012012514183668,9a13522c74ee0a461805c788eda09ffd23dd5682e1bd10a111db5658c577f958,ec456556ed878933b50def270ad9efa9a3e7b4147e5be464fccc547f195f7812
horizon,False,gps,flight,velocity_3d_rmse_m_s,0.01781368745283215,0.0178211089739633,7.421521131152631e-06,0.0416619026846865,9a13522c74ee0a461805c788eda09ffd23dd5682e1bd10a111db5658c577f958,ec456556ed878933b50def270ad9efa9a3e7b4147e5be464fccc547f195f7812
horizon,False,gps,flight,attitude_rmse_deg,0.18862273781029218,0.19910549662950439,0.010482758819212207,5.557526595629891,9a13522c74ee0a461805c788eda09ffd23dd5682e1bd10a111db5658c577f958,ec456556ed878933b50def270ad9efa9a3e7b4147e5be464fccc547f195f7812
horizon,False,gps,flight,yaw_rmse_deg,0.17579343792579225,0.18540360562644437,0.009610167700652122,5.4667385848093275,9a13522c74ee0a461805c788eda09ffd23dd5682e1bd10a111db5658c577f958,ec456556ed878933b50def270ad9efa9a3e7b4147e5be464fccc547f195f7812
horizon,False,gps,outage_window,horizontal_position_rmse_m,0.038892189022097436,0.03888831321609567,-3.875806001765736e-06,-0.0099655126111875,9a13522c74ee0a461805c788eda09ffd23dd5682e1bd10a111db5658c577f958,ec456556ed878933b50def270ad9efa9a3e7b4147e5be464fccc547f195f7812
horizon,False,gps,outage_window,vertical_position_rmse_m,0.03394294097565562,0.033940085412974004,-2.8555626816126334e-06,-0.008412832240023427,9a13522c74ee0a461805c788eda09ffd23dd5682e1bd10a111db5658c577f958,ec456556ed878933b50def270ad9efa9a3e7b4147e5be464fccc547f195f7812
horizon,False,gps,outage_window,position_3d_rmse_m,0.0516209803181555,0.05161618256548165,-4.797752673847688e-06,-0.009294191323527823,9a13522c74ee0a461805c788eda09ffd23dd5682e1bd10a111db5658c577f958,ec456556ed878933b50def270ad9efa9a3e7b4147e5be464fccc547f195f7812
horizon,False,gps,outage_window,velocity_3d_rmse_m_s,0.018205852098465473,0.018204677116270124,-1.174982195348978e-06,-0.006453870925648975,9a13522c74ee0a461805c788eda09ffd23dd5682e1bd10a111db5658c577f958,ec456556ed878933b50def270ad9efa9a3e7b4147e5be464fccc547f195f7812
horizon,False,gps,outage_window,attitude_rmse_deg,0.05409404091519728,0.054255243051476575,0.00016120213627929258,0.29800350196060865,9a13522c74ee0a461805c788eda09ffd23dd5682e1bd10a111db5658c577f958,ec456556ed878933b50def270ad9efa9a3e7b4147e5be464fccc547f195f7812
horizon,False,gps,outage_window,yaw_rmse_deg,0.03946413687278898,0.03959446084910751,0.0001303239763185346,0.3302339456672465,9a13522c74ee0a461805c788eda09ffd23dd5682e1bd10a111db5658c577f958,ec456556ed878933b50def270ad9efa9a3e7b4147e5be464fccc547f195f7812
horizon,False,gps,after_return,horizontal_position_rmse_m,0.04984101616780649,0.04982982653080149,-1.1189637005006026e-05,-0.022450659848771704,9a13522c74ee0a461805c788eda09ffd23dd5682e1bd10a111db5658c577f958,ec456556ed878933b50def270ad9efa9a3e7b4147e5be464fccc547f195f7812
horizon,False,gps,after_return,vertical_position_rmse_m,0.032771676336580395,0.03277071870078046,-9.576357999363516e-07,-0.002922144690131745,9a13522c74ee0a461805c788eda09ffd23dd5682e1bd10a111db5658c577f958,ec456556ed878933b50def270ad9efa9a3e7b4147e5be464fccc547f195f7812
horizon,False,gps,after_return,position_3d_rmse_m,0.059649892393441345,0.05964001690354765,-9.875489893694522e-06,-0.01655575475066895,9a13522c74ee0a461805c788eda09ffd23dd5682e1bd10a111db5658c577f958,ec456556ed878933b50def270ad9efa9a3e7b4147e5be464fccc547f195f7812
horizon,False,gps,after_return,velocity_3d_rmse_m_s,0.019550745601240156,0.019549564186192928,-1.1814150472286289e-06,-0.006042813258000379,9a13522c74ee0a461805c788eda09ffd23dd5682e1bd10a111db5658c577f958,ec456556ed878933b50def270ad9efa9a3e7b4147e5be464fccc547f195f7812
horizon,False,gps,after_return,attitude_rmse_deg,0.10851308528260559,0.10880717866988342,0.0002940933872778301,0.27102112755517105,9a13522c74ee0a461805c788eda09ffd23dd5682e1bd10a111db5658c577f958,ec456556ed878933b50def270ad9efa9a3e7b4147e5be464fccc547f195f7812
horizon,False,gps,after_return,yaw_rmse_deg,0.10710033161916725,0.10738970523798498,0.0002893736188177287,0.2701892836771913,9a13522c74ee0a461805c788eda09ffd23dd5682e1bd10a111db5658c577f958,ec456556ed878933b50def270ad9efa9a3e7b4147e5be464fccc547f195f7812
retrodiction,False,gps,flight,horizontal_position_rmse_m,0.040585569659291595,0.040583400102766516,-2.1695565250792748e-06,-0.005345635267151039,4857b0bcba3fd01938fc871d378964953917646ac4aff95e283b9f7c91ed1333,22d0dcbbaecc2a4f82f56d2387b8f5cb041c505e1010baff51dee59d7aed7fbb
retrodiction,False,gps,flight,vertical_position_rmse_m,0.03715278428782135,0.03714359342470216,-9.190863119193371e-06,-0.024738019761838537,4857b0bcba3fd01938fc871d378964953917646ac4aff95e283b9f7c91ed1333,22d0dcbbaecc2a4f82f56d2387b8f5cb041c505e1010baff51dee59d7aed7fbb
retrodiction,False,gps,flight,position_3d_rmse_m,0.055022884738139606,0.0550150788093665,-7.805928773106652e-06,-0.014186694882056816,4857b0bcba3fd01938fc871d378964953917646ac4aff95e283b9f7c91ed1333,22d0dcbbaecc2a4f82f56d2387b8f5cb041c505e1010baff51dee59d7aed7fbb
retrodiction,False,gps,flight,velocity_3d_rmse_m_s,0.018284594902697054,0.018258788619644795,-2.580628305225846e-05,-0.14113675030587025,4857b0bcba3fd01938fc871d378964953917646ac4aff95e283b9f7c91ed1333,22d0dcbbaecc2a4f82f56d2387b8f5cb041c505e1010baff51dee59d7aed7fbb
retrodiction,False,gps,flight,attitude_rmse_deg,0.1886683463995521,0.19383986290309618,0.005171516503544082,2.7410620818142606,4857b0bcba3fd01938fc871d378964953917646ac4aff95e283b9f7c91ed1333,22d0dcbbaecc2a4f82f56d2387b8f5cb041c505e1010baff51dee59d7aed7fbb
retrodiction,False,gps,flight,yaw_rmse_deg,0.1801541566887443,0.1847826533446704,0.004628496655926101,2.569186712645677,4857b0bcba3fd01938fc871d378964953917646ac4aff95e283b9f7c91ed1333,22d0dcbbaecc2a4f82f56d2387b8f5cb041c505e1010baff51dee59d7aed7fbb
retrodiction,False,gps,outage_window,horizontal_position_rmse_m,0.04006454829073326,0.04006650890434883,1.960613615570317e-06,0.00489363714111235,4857b0bcba3fd01938fc871d378964953917646ac4aff95e283b9f7c91ed1333,22d0dcbbaecc2a4f82f56d2387b8f5cb041c505e1010baff51dee59d7aed7fbb
retrodiction,False,gps,outage_window,vertical_position_rmse_m,0.037512346637991884,0.037511207743942176,-1.1388940497070177e-06,-0.003036051198546108,4857b0bcba3fd01938fc871d378964953917646ac4aff95e283b9f7c91ed1333,22d0dcbbaecc2a4f82f56d2387b8f5cb041c505e1010baff51dee59d7aed7fbb
retrodiction,False,gps,outage_window,position_3d_rmse_m,0.05488482650085867,0.054885479338268074,6.528374094025291e-07,0.001189467929529897,4857b0bcba3fd01938fc871d378964953917646ac4aff95e283b9f7c91ed1333,22d0dcbbaecc2a4f82f56d2387b8f5cb041c505e1010baff51dee59d7aed7fbb
retrodiction,False,gps,outage_window,velocity_3d_rmse_m_s,0.018378971934242015,0.018379422529589906,4.5059534789157474e-07,0.0024516896238946373,4857b0bcba3fd01938fc871d378964953917646ac4aff95e283b9f7c91ed1333,22d0dcbbaecc2a4f82f56d2387b8f5cb041c505e1010baff51dee59d7aed7fbb
retrodiction,False,gps,outage_window,attitude_rmse_deg,0.07643331639775035,0.07634934882555296,-8.396757219739093e-05,-0.10985729280728052,4857b0bcba3fd01938fc871d378964953917646ac4aff95e283b9f7c91ed1333,22d0dcbbaecc2a4f82f56d2387b8f5cb041c505e1010baff51dee59d7aed7fbb
retrodiction,False,gps,outage_window,yaw_rmse_deg,0.06990635482516407,0.06979083294801453,-0.00011552187714954087,-0.16525232568407322,4857b0bcba3fd01938fc871d378964953917646ac4aff95e283b9f7c91ed1333,22d0dcbbaecc2a4f82f56d2387b8f5cb041c505e1010baff51dee59d7aed7fbb
retrodiction,False,gps,after_return,horizontal_position_rmse_m,0.04893064857184903,0.0489249525164591,-5.696055389928234e-06,-0.011641078866064802,4857b0bcba3fd01938fc871d378964953917646ac4aff95e283b9f7c91ed1333,22d0dcbbaecc2a4f82f56d2387b8f5cb041c505e1010baff51dee59d7aed7fbb
retrodiction,False,gps,after_return,vertical_position_rmse_m,0.03976456207493482,0.03976450722519957,-5.484973524677583e-08,-0.00013793622357649582,4857b0bcba3fd01938fc871d378964953917646ac4aff95e283b9f7c91ed1333,22d0dcbbaecc2a4f82f56d2387b8f5cb041c505e1010baff51dee59d7aed7fbb
retrodiction,False,gps,after_return,position_3d_rmse_m,0.06305100131380259,0.06304654640502307,-4.454908779524813e-06,-0.007065563887487247,4857b0bcba3fd01938fc871d378964953917646ac4aff95e283b9f7c91ed1333,22d0dcbbaecc2a4f82f56d2387b8f5cb041c505e1010baff51dee59d7aed7fbb
retrodiction,False,gps,after_return,velocity_3d_rmse_m_s,0.0200251470355658,0.020025713469140373,5.664335745725335e-07,0.0028286113133990654,4857b0bcba3fd01938fc871d378964953917646ac4aff95e283b9f7c91ed1333,22d0dcbbaecc2a4f82f56d2387b8f5cb041c505e1010baff51dee59d7aed7fbb
retrodiction,False,gps,after_return,attitude_rmse_deg,0.15545962367319807,0.1557372166178395,0.0002775929446414416,0.17856272778904447,4857b0bcba3fd01938fc871d378964953917646ac4aff95e283b9f7c91ed1333,22d0dcbbaecc2a4f82f56d2387b8f5cb041c505e1010baff51dee59d7aed7fbb
retrodiction,False,gps,after_return,yaw_rmse_deg,0.15440981408207974,0.15469042202456856,0.00028060794248882526,0.181729344185122,4857b0bcba3fd01938fc871d378964953917646ac4aff95e283b9f7c91ed1333,22d0dcbbaecc2a4f82f56d2387b8f5cb041c505e1010baff51dee59d7aed7fbb
horizon_joint,False,gps,flight,horizontal_position_rmse_m,0.041414338504361235,0.04142034715234542,6.008647984181992e-06,0.014508617549324754,8f1f3b660a58957d144fa2ca7a7902178e81db138971e74e742e344361e81940,03f32a9ebeeb6d9d9426b129f6d568035c9416bbb40b114a4e6f6716850c9bb0
horizon_joint,False,gps,flight,vertical_position_rmse_m,0.03103181633506729,0.031010445695280484,-2.137063978680659e-05,-0.06886686733401648,8f1f3b660a58957d144fa2ca7a7902178e81db138971e74e742e344361e81940,03f32a9ebeeb6d9d9426b129f6d568035c9416bbb40b114a4e6f6716850c9bb0
horizon_joint,False,gps,flight,position_3d_rmse_m,0.051750565782483646,0.05174256372118363,-8.002061300013685e-06,-0.015462751332318003,8f1f3b660a58957d144fa2ca7a7902178e81db138971e74e742e344361e81940,03f32a9ebeeb6d9d9426b129f6d568035c9416bbb40b114a4e6f6716850c9bb0
horizon_joint,False,gps,flight,velocity_3d_rmse_m_s,0.016300820569035198,0.016308941392278977,8.120823243779052e-06,0.04981849354999124,8f1f3b660a58957d144fa2ca7a7902178e81db138971e74e742e344361e81940,03f32a9ebeeb6d9d9426b129f6d568035c9416bbb40b114a4e6f6716850c9bb0
horizon_joint,False,gps,flight,attitude_rmse_deg,0.1889634591021953,0.19943163812473275,0.010468179022537438,5.53979011194754,8f1f3b660a58957d144fa2ca7a7902178e81db138971e74e742e344361e81940,03f32a9ebeeb6d9d9426b129f6d568035c9416bbb40b114a4e6f6716850c9bb0
horizon_joint,False,gps,flight,yaw_rmse_deg,0.17549458053728065,0.18511814158423073,0.009623561046950085,5.48367990480807,8f1f3b660a58957d144fa2ca7a7902178e81db138971e74e742e344361e81940,03f32a9ebeeb6d9d9426b129f6d568035c9416bbb40b114a4e6f6716850c9bb0
horizon_joint,False,gps,outage_window,horizontal_position_rmse_m,0.039047436664077596,0.03904333157005541,-4.1050940221831755e-06,-0.010513094771114062,8f1f3b660a58957d144fa2ca7a7902178e81db138971e74e742e344361e81940,03f32a9ebeeb6d9d9426b129f6d568035c9416bbb40b114a4e6f6716850c9bb0
horizon_joint,False,gps,outage_window,vertical_position_rmse_m,0.018598071835661787,0.018601063403283186,2.9915676213985998e-06,0.016085364374496258,8f1f3b660a58957d144fa2ca7a7902178e81db138971e74e742e344361e81940,03f32a9ebeeb6d9d9426b129f6d568035c9416bbb40b114a4e6f6716850c9bb0
horizon_joint,False,gps,outage_window,position_3d_rmse_m,0.043250324692880496,0.04324790514952426,-2.419543356238507e-06,-0.005594277900611289,8f1f3b660a58957d144fa2ca7a7902178e81db138971e74e742e344361e81940,03f32a9ebeeb6d9d9426b129f6d568035c9416bbb40b114a4e6f6716850c9bb0
horizon_joint,False,gps,outage_window,velocity_3d_rmse_m_s,0.017008790184966784,0.017005171348314054,-3.6188366527301064e-06,-0.0212762731115812,8f1f3b660a58957d144fa2ca7a7902178e81db138971e74e742e344361e81940,03f32a9ebeeb6d9d9426b129f6d568035c9416bbb40b114a4e6f6716850c9bb0
horizon_joint,False,gps,outage_window,attitude_rmse_deg,0.05662026186925846,0.05683374882365266,0.0002134869543942014,0.3770504539296615,8f1f3b660a58957d144fa2ca7a7902178e81db138971e74e742e344361e81940,03f32a9ebeeb6d9d9426b129f6d568035c9416bbb40b114a4e6f6716850c9bb0
horizon_joint,False,gps,outage_window,yaw_rmse_deg,0.03972254360413859,0.03987825195185463,0.00015570834771604092,0.3919898717156034,8f1f3b660a58957d144fa2ca7a7902178e81db138971e74e742e344361e81940,03f32a9ebeeb6d9d9426b129f6d568035c9416bbb40b114a4e6f6716850c9bb0
horizon_joint,False,gps,after_return,horizontal_position_rmse_m,0.049818151953581996,0.049807970907296446,-1.0181046285549777e-05,-0.020436419028624364,8f1f3b660a58957d144fa2ca7a7902178e81db138971e74e742e344361e81940,03f32a9ebeeb6d9d9426b129f6d568035c9416bbb40b114a4e6f6716850c9bb0
horizon_joint,False,gps,after_return,vertical_position_rmse_m,0.040106154290175396,0.040101359151487555,-4.795138687840872e-06,-0.011956116892053448,8f1f3b660a58957d144fa2ca7a7902178e81db138971e74e742e344361e81940,03f32a9ebeeb6d9d9426b129f6d568035c9416bbb40b114a4e6f6716850c9bb0
horizon_joint,False,gps,after_return,position_3d_rmse_m,0.06395585880916259,0.06394492139098056,-1.0937418182033198e-05,-0.017101510925943142,8f1f3b660a58957d144fa2ca7a7902178e81db138971e74e742e344361e81940,03f32a9ebeeb6d9d9426b129f6d568035c9416bbb40b114a4e6f6716850c9bb0
horizon_joint,False,gps,after_return,velocity_3d_rmse_m_s,0.017100972947525248,0.017099718962389883,-1.2539851353653153e-06,-0.007332829185879852,8f1f3b660a58957d144fa2ca7a7902178e81db138971e74e742e344361e81940,03f32a9ebeeb6d9d9426b129f6d568035c9416bbb40b114a4e6f6716850c9bb0
horizon_joint,False,gps,after_return,attitude_rmse_deg,0.10807843914515125,0.10840153843726544,0.0003230992921141873,0.2989488881128821,8f1f3b660a58957d144fa2ca7a7902178e81db138971e74e742e344361e81940,03f32a9ebeeb6d9d9426b129f6d568035c9416bbb40b114a4e6f6716850c9bb0
horizon_joint,False,gps,after_return,yaw_rmse_deg,0.10625238088306699,0.10656245028039395,0.00031006939732695915,0.29182348174221495,8f1f3b660a58957d144fa2ca7a7902178e81db138971e74e742e344361e81940,03f32a9ebeeb6d9d9426b129f6d568035c9416bbb40b114a4e6f6716850c9bb0
retrodiction_joint,False,gps,flight,horizontal_position_rmse_m,0.04062903250064815,0.04062620491042889,-2.8275902192592683e-06,-0.006959531264283392,450aeda12039e80d487331c50b3680c50aae11be328484d1bef445c79ce17097,633ef1d36b02c798aa9e6554322760cf3d1bfbc06f2010ffaf6860a2b0119526
retrodiction_joint,False,gps,flight,vertical_position_rmse_m,0.023980669155728475,0.023960681103697527,-1.9988052030947556e-05,-0.0833506850920096,450aeda12039e80d487331c50b3680c50aae11be328484d1bef445c79ce17097,633ef1d36b02c798aa9e6554322760cf3d1bfbc06f2010ffaf6860a2b0119526
retrodiction_joint,False,gps,flight,position_3d_rmse_m,0.04717828711489249,0.0471656947831498,-1.2592331742687646e-05,-0.0266909472826371,450aeda12039e80d487331c50b3680c50aae11be328484d1bef445c79ce17097,633ef1d36b02c798aa9e6554322760cf3d1bfbc06f2010ffaf6860a2b0119526
retrodiction_joint,False,gps,flight,velocity_3d_rmse_m_s,0.016960640652631993,0.016932733801705943,-2.7906850926049526e-05,-0.16453889624575835,450aeda12039e80d487331c50b3680c50aae11be328484d1bef445c79ce17097,633ef1d36b02c798aa9e6554322760cf3d1bfbc06f2010ffaf6860a2b0119526
retrodiction_joint,False,gps,flight,attitude_rmse_deg,0.18822737092956782,0.1934178252759871,0.005190454346419293,2.7575449419423137,450aeda12039e80d487331c50b3680c50aae11be328484d1bef445c79ce17097,633ef1d36b02c798aa9e6554322760cf3d1bfbc06f2010ffaf6860a2b0119526
retrodiction_joint,False,gps,flight,yaw_rmse_deg,0.1792916014973393,0.18393925724666454,0.004647655749325241,2.592232826585694,450aeda12039e80d487331c50b3680c50aae11be328484d1bef445c79ce17097,633ef1d36b02c798aa9e6554322760cf3d1bfbc06f2010ffaf6860a2b0119526
retrodiction_joint,False,gps,outage_window,horizontal_position_rmse_m,0.040174720980976145,0.04017685089125417,2.129910278023117e-06,0.005301618097197647,450aeda12039e80d487331c50b3680c50aae11be328484d1bef445c79ce17097,633ef1d36b02c798aa9e6554322760cf3d1bfbc06f2010ffaf6860a2b0119526
retrodiction_joint,False,gps,outage_window,vertical_position_rmse_m,0.017036908933489227,0.01703733151823352,4.2258474429457404e-07,0.00248040736698929,450aeda12039e80d487331c50b3680c50aae11be328484d1bef445c79ce17097,633ef1d36b02c798aa9e6554322760cf3d1bfbc06f2010ffaf6860a2b0119526
retrodiction_joint,False,gps,outage_window,position_3d_rmse_m,0.043637878865812094,0.043640004729608634,2.1258637965398952e-06,0.004871602038858391,450aeda12039e80d487331c50b3680c50aae11be328484d1bef445c79ce17097,633ef1d36b02c798aa9e6554322760cf3d1bfbc06f2010ffaf6860a2b0119526
retrodiction_joint,False,gps,outage_window,velocity_3d_rmse_m_s,0.017404876789467227,0.01740376961078951,-1.1071786777186454e-06,-0.006361312930347474,450aeda12039e80d487331c50b3680c50aae11be328484d1bef445c79ce17097,633ef1d36b02c798aa9e6554322760cf3d1bfbc06f2010ffaf6860a2b0119526
retrodiction_joint,False,gps,outage_window,attitude_rmse_deg,0.07582641354184276,0.07579220132860541,-3.421221323735013e-05,-0.045119123586756515,450aeda12039e80d487331c50b3680c50aae11be328484d1bef445c79ce17097,633ef1d36b02c798aa9e6554322760cf3d1bfbc06f2010ffaf6860a2b0119526
retrodiction_joint,False,gps,outage_window,yaw_rmse_deg,0.06823862171048391,0.06813568417017443,-0.0001029375403094751,-0.15084938372027512,450aeda12039e80d487331c50b3680c50aae11be328484d1bef445c79ce17097,633ef1d36b02c798aa9e6554322760cf3d1bfbc06f2010ffaf6860a2b0119526
retrodiction_joint,False,gps,after_return,horizontal_position_rmse_m,0.048913752734693235,0.04890701012598347,-6.742608709767173e-06,-0.013784689034879172,450aeda12039e80d487331c50b3680c50aae11be328484d1bef445c79ce17097,633ef1d36b02c798aa9e6554322760cf3d1bfbc06f2010ffaf6860a2b0119526
retrodiction_joint,False,gps,after_return,vertical_position_rmse_m,0.025556392953818105,0.025551526368673225,-4.86658514487967e-06,-0.01904253528138833,450aeda12039e80d487331c50b3680c50aae11be328484d1bef445c79ce17097,633ef1d36b02c798aa9e6554322760cf3d1bfbc06f2010ffaf6860a2b0119526
retrodiction_joint,False,gps,after_return,position_3d_rmse_m,0.05518771989673675,0.05517949020453208,-8.229692204667072e-06,-0.014912180137294229,450aeda12039e80d487331c50b3680c50aae11be328484d1bef445c79ce17097,633ef1d36b02c798aa9e6554322760cf3d1bfbc06f2010ffaf6860a2b0119526
retrodiction_joint,False,gps,after_return,velocity_3d_rmse_m_s,0.01786363366182194,0.017864155979725595,5.223179036541181e-07,0.002923917460151415,450aeda12039e80d487331c50b3680c50aae11be328484d1bef445c79ce17097,633ef1d36b02c798aa9e6554322760cf3d1bfbc06f2010ffaf6860a2b0119526
retrodiction_joint,False,gps,after_return,attitude_rmse_deg,0.15468985660516169,0.15496863630947838,0.0002787797043166951,0.18021847743272534,450aeda12039e80d487331c50b3680c50aae11be328484d1bef445c79ce17097,633ef1d36b02c798aa9e6554322760cf3d1bfbc06f2010ffaf6860a2b0119526
retrodiction_joint,False,gps,after_return,yaw_rmse_deg,0.15351937626275597,0.15379420006149513,0.0002748237987391655,0.17901570826395208,450aeda12039e80d487331c50b3680c50aae11be328484d1bef445c79ce17097,633ef1d36b02c798aa9e6554322760cf3d1bfbc06f2010ffaf6860a2b0119526
horizon,True,gps,flight,horizontal_position_rmse_m,0.04061391672079987,0.040615614962052245,1.6982412523736112e-06,0.004181426933147492,178a3e26f57e2888ee8f7e96d9f91efb7cae53363c2d3626e54c9c455267b025,ca626b2a0867cb1f62b95fafa6f7d465c0803ead4f23930a70183216032c5e29
horizon,True,gps,flight,vertical_position_rmse_m,0.032030606348535454,0.03203147473108556,8.683825501037967e-07,0.002711102439501012,178a3e26f57e2888ee8f7e96d9f91efb7cae53363c2d3626e54c9c455267b025,ca626b2a0867cb1f62b95fafa6f7d465c0803ead4f23930a70183216032c5e29
horizon,True,gps,flight,position_3d_rmse_m,0.051724752048307655,0.0517266232436823,1.8711953746475274e-06,0.0036176014394317946,178a3e26f57e2888ee8f7e96d9f91efb7cae53363c2d3626e54c9c455267b025,ca626b2a0867cb1f62b95fafa6f7d465c0803ead4f23930a70183216032c5e29
horizon,True,gps,flight,velocity_3d_rmse_m_s,0.016831994622839807,0.01684704677368089,1.5052150841084189e-05,0.08942582966762203,178a3e26f57e2888ee8f7e96d9f91efb7cae53363c2d3626e54c9c455267b025,ca626b2a0867cb1f62b95fafa6f7d465c0803ead4f23930a70183216032c5e29
horizon,True,gps,flight,attitude_rmse_deg,0.08844203354732309,0.0926798468701439,0.004237813322820805,4.791628090000044,178a3e26f57e2888ee8f7e96d9f91efb7cae53363c2d3626e54c9c455267b025,ca626b2a0867cb1f62b95fafa6f7d465c0803ead4f23930a70183216032c5e29
horizon,True,gps,flight,yaw_rmse_deg,0.08086668054972303,0.0846413110465332,0.0037746304968101774,4.667720340628101,178a3e26f57e2888ee8f7e96d9f91efb7cae53363c2d3626e54c9c455267b025,ca626b2a0867cb1f62b95fafa6f7d465c0803ead4f23930a70183216032c5e29
horizon,True,gps,outage_window,horizontal_position_rmse_m,0.03826228052873464,0.03825943146119348,-2.849067541159378e-06,-0.007446151932888334,178a3e26f57e2888ee8f7e96d9f91efb7cae53363c2d3626e54c9c455267b025,ca626b2a0867cb1f62b95fafa6f7d465c0803ead4f23930a70183216032c5e29
horizon,True,gps,outage_window,vertical_position_rmse_m,0.033593330969081715,0.033591277692583424,-2.053276498291401e-06,-0.006112155118465079,178a3e26f57e2888ee8f7e96d9f91efb7cae53363c2d3626e54c9c455267b025,ca626b2a0867cb1f62b95fafa6f7d465c0803ead4f23930a70183216032c5e29
horizon,True,gps,outage_window,position_3d_rmse_m,0.05091673592108837,0.05091324024999798,-3.495671090390784e-06,-0.006865465798533421,178a3e26f57e2888ee8f7e96d9f91efb7cae53363c2d3626e54c9c455267b025,ca626b2a0867cb1f62b95fafa6f7d465c0803ead4f23930a70183216032c5e29
horizon,True,gps,outage_window,velocity_3d_rmse_m_s,0.016684155087601345,0.016681601780671226,-2.553306930119098e-06,-0.015303783240527835,178a3e26f57e2888ee8f7e96d9f91efb7cae53363c2d3626e54c9c455267b025,ca626b2a0867cb1f62b95fafa6f7d465c0803ead4f23930a70183216032c5e29
horizon,True,gps,outage_window,attitude_rmse_deg,0.043588491863532815,0.04377541030368957,0.00018691844015675252,0.4288252062997655,178a3e26f57e2888ee8f7e96d9f91efb7cae53363c2d3626e54c9c455267b025,ca626b2a0867cb1f62b95fafa6f7d465c0803ead4f23930a70183216032c5e29
horizon,True,gps,outage_window,yaw_rmse_deg,0.040101715387195466,0.040295263057119085,0.00019354766992361883,0.48264187218638455,178a3e26f57e2888ee8f7e96d9f91efb7cae53363c2d3626e54c9c455267b025,ca626b2a0867cb1f62b95fafa6f7d465c0803ead4f23930a70183216032c5e29
horizon,True,gps,after_return,horizontal_position_rmse_m,0.04935921198610206,0.04935901057218092,-2.014139211387045e-07,-0.00040805740819660485,178a3e26f57e2888ee8f7e96d9f91efb7cae53363c2d3626e54c9c455267b025,ca626b2a0867cb1f62b95fafa6f7d465c0803ead4f23930a70183216032c5e29
horizon,True,gps,after_return,vertical_position_rmse_m,0.03279152373401124,0.03279155016753501,2.6433523772628753e-08,8.061084317834144e-05,178a3e26f57e2888ee8f7e96d9f91efb7cae53363c2d3626e54c9c455267b025,ca626b2a0867cb1f62b95fafa6f7d465c0803ead4f23930a70183216032c5e29
horizon,True,gps,after_return,position_3d_rmse_m,0.05925888825051634,0.05925873511183506,-1.531386812775315e-07,-0.0002584231425850625,178a3e26f57e2888ee8f7e96d9f91efb7cae53363c2d3626e54c9c455267b025,ca626b2a0867cb1f62b95fafa6f7d465c0803ead4f23930a70183216032c5e29
horizon,True,gps,after_return,velocity_3d_rmse_m_s,0.019272395966063477,0.019272420178503814,2.421244033740111e-08,0.00012563274633947685,178a3e26f57e2888ee8f7e96d9f91efb7cae53363c2d3626e54c9c455267b025,ca626b2a0867cb1f62b95fafa6f7d465c0803ead4f23930a70183216032c5e29
horizon,True,gps,after_return,attitude_rmse_deg,0.08068671168477792,0.08068606254900544,-6.491357724819347e-07,-0.0008045138523149475,178a3e26f57e2888ee8f7e96d9f91efb7cae53363c2d3626e54c9c455267b025,ca626b2a0867cb1f62b95fafa6f7d465c0803ead4f23930a70183216032c5e29
horizon,True,gps,after_return,yaw_rmse_deg,0.07699222512553826,0.07697176988990144,-2.045523563681817e-05,-0.026567923713682884,178a3e26f57e2888ee8f7e96d9f91efb7cae53363c2d3626e54c9c455267b025,ca626b2a0867cb1f62b95fafa6f7d465c0803ead4f23930a70183216032c5e29
retrodiction,True,gps,flight,horizontal_position_rmse_m,0.0400551713502536,0.04005887936422937,3.7080139757700303e-06,0.009257266542062048,f884aea7d1b4fc46d10a854b117ea6b72437acc69c8328b386e32b3f90df07b4,1d27ec5f7021e3ac7dcd6cc8b09281633ed928352a73bdba177b09c3900f2e96
retrodiction,True,gps,flight,vertical_position_rmse_m,0.03686939784271617,0.03687067576107433,1.2779183581543285e-06,0.0034660678853715154,f884aea7d1b4fc46d10a854b117ea6b72437acc69c8328b386e32b3f90df07b4,1d27ec5f7021e3ac7dcd6cc8b09281633ed928352a73bdba177b09c3900f2e96
retrodiction,True,gps,flight,position_3d_rmse_m,0.05444051110324609,0.05444410479561727,3.593692371177404e-06,0.006601136356643167,f884aea7d1b4fc46d10a854b117ea6b72437acc69c8328b386e32b3f90df07b4,1d27ec5f7021e3ac7dcd6cc8b09281633ed928352a73bdba177b09c3900f2e96
retrodiction,True,gps,flight,velocity_3d_rmse_m_s,0.016935292426359754,0.016952490473034196,1.7198046674441608e-05,0.10155151881330315,f884aea7d1b4fc46d10a854b117ea6b72437acc69c8328b386e32b3f90df07b4,1d27ec5f7021e3ac7dcd6cc8b09281633ed928352a73bdba177b09c3900f2e96
retrodiction,True,gps,flight,attitude_rmse_deg,0.09969971921702919,0.10155315854951692,0.0018534393324877302,1.8590216171553209,f884aea7d1b4fc46d10a854b117ea6b72437acc69c8328b386e32b3f90df07b4,1d27ec5f7021e3ac7dcd6cc8b09281633ed928352a73bdba177b09c3900f2e96
retrodiction,True,gps,flight,yaw_rmse_deg,0.09170904744404773,0.09333138365297598,0.0016223362089282517,1.7690034452904513,f884aea7d1b4fc46d10a854b117ea6b72437acc69c8328b386e32b3f90df07b4,1d27ec5f7021e3ac7dcd6cc8b09281633ed928352a73bdba177b09c3900f2e96
retrodiction,True,gps,outage_window,horizontal_position_rmse_m,0.039266339287826156,0.03927307506189033,6.735774064174638e-06,0.017154066781732702,f884aea7d1b4fc46d10a854b117ea6b72437acc69c8328b386e32b3f90df07b4,1d27ec5f7021e3ac7dcd6cc8b09281633ed928352a73bdba177b09c3900f2e96
retrodiction,True,gps,outage_window,vertical_position_rmse_m,0.03729361010845955,0.03729325187535244,-3.582331071089184e-07,-0.0009605750316610262,f884aea7d1b4fc46d10a854b117ea6b72437acc69c8328b386e32b3f90df07b4,1d27ec5f7021e3ac7dcd6cc8b09281633ed928352a73bdba177b09c3900f2e96
retrodiction,True,gps,outage_window,position_3d_rmse_m,0.05415402806798841,0.05415866560630302,4.637538314609946e-06,0.008563607325373646,f884aea7d1b4fc46d10a854b117ea6b72437acc69c8328b386e32b3f90df07b4,1d27ec5f7021e3ac7dcd6cc8b09281633ed928352a73bdba177b09c3900f2e96
retrodiction,True,gps,outage_window,velocity_3d_rmse_m_s,0.016579255926782686,0.016584546697487528,5.2907707048417685e-06,0.03191199127516864,f884aea7d1b4fc46d10a854b117ea6b72437acc69c8328b386e32b3f90df07b4,1d27ec5f7021e3ac7dcd6cc8b09281633ed928352a73bdba177b09c3900f2e96
retrodiction,True,gps,outage_window,attitude_rmse_deg,0.040105874662936705,0.0401494964848982,4.362182196149256e-05,0.10876666405634783,f884aea7d1b4fc46d10a854b117ea6b72437acc69c8328b386e32b3f90df07b4,1d27ec5f7021e3ac7dcd6cc8b09281633ed928352a73bdba177b09c3900f2e96
retrodiction,True,gps,outage_window,yaw_rmse_deg,0.032250008970322916,0.032355984720750346,0.00010597575042742974,0.3286068866676928,f884aea7d1b4fc46d10a854b117ea6b72437acc69c8328b386e32b3f90df07b4,1d27ec5f7021e3ac7dcd6cc8b09281633ed928352a73bdba177b09c3900f2e96
retrodiction,True,gps,after_return,horizontal_position_rmse_m,0.0488604022665294,0.04885665360416357,-3.748662365826716e-06,-0.007672188913587785,f884aea7d1b4fc46d10a854b117ea6b72437acc69c8328b386e32b3f90df07b4,1d27ec5f7021e3ac7dcd6cc8b09281633ed928352a73bdba177b09c3900f2e96
retrodiction,True,gps,after_return,vertical_position_rmse_m,0.039738287017209634,0.039738181475111205,-1.0554209842889017e-07,-0.0002655929743133889,f884aea7d1b4fc46d10a854b117ea6b72437acc69c8328b386e32b3f90df07b4,1d27ec5f7021e3ac7dcd6cc8b09281633ed928352a73bdba177b09c3900f2e96
retrodiction,True,gps,after_return,position_3d_rmse_m,0.06297992032949234,0.06297694553045662,-2.974799035729281e-06,-0.004723408699414122,f884aea7d1b4fc46d10a854b117ea6b72437acc69c8328b386e32b3f90df07b4,1d27ec5f7021e3ac7dcd6cc8b09281633ed928352a73bdba177b09c3900f2e96
retrodiction,True,gps,after_return,velocity_3d_rmse_m_s,0.01952608404455582,0.01952588424805625,-1.9979649957049816e-07,-0.0010232287186440203,f884aea7d1b4fc46d10a854b117ea6b72437acc69c8328b386e32b3f90df07b4,1d27ec5f7021e3ac7dcd6cc8b09281633ed928352a73bdba177b09c3900f2e96
retrodiction,True,gps,after_return,attitude_rmse_deg,0.11822681483855751,0.11836645749089109,0.00013964265233357143,0.11811419644880417,f884aea7d1b4fc46d10a854b117ea6b72437acc69c8328b386e32b3f90df07b4,1d27ec5f7021e3ac7dcd6cc8b09281633ed928352a73bdba177b09c3900f2e96
retrodiction,True,gps,after_return,yaw_rmse_deg,0.1148178212395614,0.11495821430190628,0.0001403930623448818,0.12227462673408684,f884aea7d1b4fc46d10a854b117ea6b72437acc69c8328b386e32b3f90df07b4,1d27ec5f7021e3ac7dcd6cc8b09281633ed928352a73bdba177b09c3900f2e96
horizon_joint,True,gps,flight,horizontal_position_rmse_m,0.040892706174085316,0.04089401796713818,1.3117930528633304e-06,0.003207890050815898,84863343357aaaf16b9c3cb35653d946f8444b6ea0cffd22d4e64de7897d0958,20f688d6071836612acf01b99c95f756fde0fe484b1674b2372f7771ae879bbf
horizon_joint,True,gps,flight,vertical_position_rmse_m,0.029778455920516166,0.029780103170054147,1.6472495379810104e-06,0.005531682174453323,84863343357aaaf16b9c3cb35653d946f8444b6ea0cffd22d4e64de7897d0958,20f688d6071836612acf01b99c95f756fde0fe484b1674b2372f7771ae879bbf
horizon_joint,True,gps,flight,position_3d_rmse_m,0.05058626152672482,0.05058829163270578,2.0301059809602062e-06,0.004013156773585713,84863343357aaaf16b9c3cb35653d946f8444b6ea0cffd22d4e64de7897d0958,20f688d6071836612acf01b99c95f756fde0fe484b1674b2372f7771ae879bbf
horizon_joint,True,gps,flight,velocity_3d_rmse_m_s,0.015171154987233334,0.015188375533359945,1.722054612661103e-05,0.11350847144533383,84863343357aaaf16b9c3cb35653d946f8444b6ea0cffd22d4e64de7897d0958,20f688d6071836612acf01b99c95f756fde0fe484b1674b2372f7771ae879bbf
horizon_joint,True,gps,flight,attitude_rmse_deg,0.0883369421493811,0.09257844851371476,0.004241506364333653,4.8015091547555455,84863343357aaaf16b9c3cb35653d946f8444b6ea0cffd22d4e64de7897d0958,20f688d6071836612acf01b99c95f756fde0fe484b1674b2372f7771ae879bbf
horizon_joint,True,gps,flight,yaw_rmse_deg,0.08103906081095079,0.0848083951969808,0.0037693343860300127,4.651256256317149,84863343357aaaf16b9c3cb35653d946f8444b6ea0cffd22d4e64de7897d0958,20f688d6071836612acf01b99c95f756fde0fe484b1674b2372f7771ae879bbf
horizon_joint,True,gps,outage_window,horizontal_position_rmse_m,0.03832345189220974,0.038320629460085236,-2.8224321245023942e-06,-0.007364764876716112,84863343357aaaf16b9c3cb35653d946f8444b6ea0cffd22d4e64de7897d0958,20f688d6071836612acf01b99c95f756fde0fe484b1674b2372f7771ae879bbf
horizon_joint,True,gps,outage_window,vertical_position_rmse_m,0.01653005390544586,0.01652647496986897,-3.5789355768908737e-06,-0.021651082309603886,84863343357aaaf16b9c3cb35653d946f8444b6ea0cffd22d4e64de7897d0958,20f688d6071836612acf01b99c95f756fde0fe484b1674b2372f7771ae879bbf
horizon_joint,True,gps,outage_window,position_3d_rmse_m,0.041736430693717214,0.04173242165447457,-4.00903924264312e-06,-0.00960561115554981,84863343357aaaf16b9c3cb35653d946f8444b6ea0cffd22d4e64de7897d0958,20f688d6071836612acf01b99c95f756fde0fe484b1674b2372f7771ae879bbf
horizon_joint,True,gps,outage_window,velocity_3d_rmse_m_s,0.015035627392366434,0.015032627022239595,-3.000370126838431e-06,-0.019955071035893113,84863343357aaaf16b9c3cb35653d946f8444b6ea0cffd22d4e64de7897d0958,20f688d6071836612acf01b99c95f756fde0fe484b1674b2372f7771ae879bbf
horizon_joint,True,gps,outage_window,attitude_rmse_deg,0.048771859993556876,0.04897041826373463,0.00019855827017775662,0.40711646060656026,84863343357aaaf16b9c3cb35653d946f8444b6ea0cffd22d4e64de7897d0958,20f688d6071836612acf01b99c95f756fde0fe484b1674b2372f7771ae879bbf
horizon_joint,True,gps,outage_window,yaw_rmse_deg,0.04609521162511363,0.04630445471548281,0.00020924309036917527,0.45393671705191707,84863343357aaaf16b9c3cb35653d946f8444b6ea0cffd22d4e64de7897d0958,20f688d6071836612acf01b99c95f756fde0fe484b1674b2372f7771ae879bbf
horizon_joint,True,gps,after_return,horizontal_position_rmse_m,0.04980557280647551,0.049804986290798166,-5.865156773449121e-07,-0.0011776105449556873,84863343357aaaf16b9c3cb35653d946f8444b6ea0cffd22d4e64de7897d0958,20f688d6071836612acf01b99c95f756fde0fe484b1674b2372f7771ae879bbf
horizon_joint,True,gps,after_return,vertical_position_rmse_m,0.040565202891319686,0.040566541531649646,1.3386403299592287e-06,0.003299971982251293,84863343357aaaf16b9c3cb35653d946f8444b6ea0cffd22d4e64de7897d0958,20f688d6071836612acf01b99c95f756fde0fe484b1674b2372f7771ae879bbf
horizon_joint,True,gps,after_return,position_3d_rmse_m,0.06423496530858458,0.06423535592853556,3.906199509823294e-07,0.0006081110951017266,84863343357aaaf16b9c3cb35653d946f8444b6ea0cffd22d4e64de7897d0958,20f688d6071836612acf01b99c95f756fde0fe484b1674b2372f7771ae879bbf
horizon_joint,True,gps,after_return,velocity_3d_rmse_m_s,0.016751581843440992,0.016751890631058496,3.087876175034143e-07,0.0018433340826407019,84863343357aaaf16b9c3cb35653d946f8444b6ea0cffd22d4e64de7897d0958,20f688d6071836612acf01b99c95f756fde0fe484b1674b2372f7771ae879bbf
horizon_joint,True,gps,after_return,attitude_rmse_deg,0.07725417640288887,0.0772276199516725,-2.655645121636685e-05,-0.034375424673316335,84863343357aaaf16b9c3cb35653d946f8444b6ea0cffd22d4e64de7897d0958,20f688d6071836612acf01b99c95f756fde0fe484b1674b2372f7771ae879bbf
horizon_joint,True,gps,after_return,yaw_rmse_deg,0.07381945469947375,0.07377421537544226,-4.5239324031484673e-05,-0.06128374182071683,84863343357aaaf16b9c3cb35653d946f8444b6ea0cffd22d4e64de7897d0958,20f688d6071836612acf01b99c95f756fde0fe484b1674b2372f7771ae879bbf
retrodiction_joint,True,gps,flight,horizontal_position_rmse_m,0.040118857091057294,0.04012160055242755,2.7434613702539967e-06,0.006838333814007669,0c08aacecf3c56187e9e72acfca8cf3a29d2db7725b6d46250c20074611a774e,c7487100df532fc34406e3e6d7cc7c70ebe5e82bedd672bc02bf1970a4302640
retrodiction_joint,True,gps,flight,vertical_position_rmse_m,0.022368249327745678,0.02236825913503598,9.807290302782379e-09,4.38446932538028e-05,0c08aacecf3c56187e9e72acfca8cf3a29d2db7725b6d46250c20074611a774e,c7487100df532fc34406e3e6d7cc7c70ebe5e82bedd672bc02bf1970a4302640
retrodiction_joint,True,gps,flight,position_3d_rmse_m,0.04593322623418557,0.0459356272148392,2.4009806536343103e-06,0.005227110853023298,0c08aacecf3c56187e9e72acfca8cf3a29d2db7725b6d46250c20074611a774e,c7487100df532fc34406e3e6d7cc7c70ebe5e82bedd672bc02bf1970a4302640
retrodiction_joint,True,gps,flight,velocity_3d_rmse_m_s,0.01541683127056275,0.015435388076949138,1.8556806386387653e-05,0.12036718869603558,0c08aacecf3c56187e9e72acfca8cf3a29d2db7725b6d46250c20074611a774e,c7487100df532fc34406e3e6d7cc7c70ebe5e82bedd672bc02bf1970a4302640
retrodiction_joint,True,gps,flight,attitude_rmse_deg,0.09712904108224707,0.09901884346079963,0.0018898023785525603,1.9456615215137418,0c08aacecf3c56187e9e72acfca8cf3a29d2db7725b6d46250c20074611a774e,c7487100df532fc34406e3e6d7cc7c70ebe5e82bedd672bc02bf1970a4302640
retrodiction_joint,True,gps,flight,yaw_rmse_deg,0.08969103078714451,0.09133222270844929,0.0016411919213047826,1.8298283639973656,0c08aacecf3c56187e9e72acfca8cf3a29d2db7725b6d46250c20074611a774e,c7487100df532fc34406e3e6d7cc7c70ebe5e82bedd672bc02bf1970a4302640
retrodiction_joint,True,gps,outage_window,horizontal_position_rmse_m,0.03930047297626149,0.03930532747809491,4.854501833420621e-06,0.012352273308136041,0c08aacecf3c56187e9e72acfca8cf3a29d2db7725b6d46250c20074611a774e,c7487100df532fc34406e3e6d7cc7c70ebe5e82bedd672bc02bf1970a4302640
retrodiction_joint,True,gps,outage_window,vertical_position_rmse_m,0.014714091517865386,0.014713940288487323,-1.5122937806373582e-07,-0.0010277860368113068,0c08aacecf3c56187e9e72acfca8cf3a29d2db7725b6d46250c20074611a774e,c7487100df532fc34406e3e6d7cc7c70ebe5e82bedd672bc02bf1970a4302640
retrodiction_joint,True,gps,outage_window,position_3d_rmse_m,0.041964647804479165,0.041969141127421866,4.493322942701605e-06,0.01070740058068953,0c08aacecf3c56187e9e72acfca8cf3a29d2db7725b6d46250c20074611a774e,c7487100df532fc34406e3e6d7cc7c70ebe5e82bedd672bc02bf1970a4302640
retrodiction_joint,True,gps,outage_window,velocity_3d_rmse_m_s,0.015171162749048481,0.015176752328809218,5.589579760736235e-06,0.03684344999257405,0c08aacecf3c56187e9e72acfca8cf3a29d2db7725b6d46250c20074611a774e,c7487100df532fc34406e3e6d7cc7c70ebe5e82bedd672bc02bf1970a4302640
retrodiction_joint,True,gps,outage_window,attitude_rmse_deg,0.03832916549066566,0.03831950939008285,-9.65610058280969e-06,-0.02519256670265868,0c08aacecf3c56187e9e72acfca8cf3a29d2db7725b6d46250c20074611a774e,c7487100df532fc34406e3e6d7cc7c70ebe5e82bedd672bc02bf1970a4302640
retrodiction_joint,True,gps,outage_window,yaw_rmse_deg,0.03280720885791744,0.0328348628211219,2.7653963204456178e-05,0.08429233746833908,0c08aacecf3c56187e9e72acfca8cf3a29d2db7725b6d46250c20074611a774e,c7487100df532fc34406e3e6d7cc7c70ebe5e82bedd672bc02bf1970a4302640
retrodiction_joint,True,gps,after_return,horizontal_position_rmse_m,0.048900190605083424,0.04889580999863162,-4.380606451803715e-06,-0.008958260484470681,0c08aacecf3c56187e9e72acfca8cf3a29d2db7725b6d46250c20074611a774e,c7487100df532fc34406e3e6d7cc7c70ebe5e82bedd672bc02bf1970a4302640
retrodiction_joint,True,gps,after_return,vertical_position_rmse_m,0.025921129965435274,0.025918517057734094,-2.612907701180639e-06,-0.01008022298667477,0c08aacecf3c56187e9e72acfca8cf3a29d2db7725b6d46250c20074611a774e,c7487100df532fc34406e3e6d7cc7c70ebe5e82bedd672bc02bf1970a4302640
retrodiction_joint,True,gps,after_return,position_3d_rmse_m,0.0553455835627241,0.055340489353585744,-5.094209138356565e-06,-0.00920436430592586,0c08aacecf3c56187e9e72acfca8cf3a29d2db7725b6d46250c20074611a774e,c7487100df532fc34406e3e6d7cc7c70ebe5e82bedd672bc02bf1970a4302640
retrodiction_joint,True,gps,after_return,velocity_3d_rmse_m_s,0.017191449365999825,0.017190271288694128,-1.1780773056975502e-06,-0.006852693339676197,0c08aacecf3c56187e9e72acfca8cf3a29d2db7725b6d46250c20074611a774e,c7487100df532fc34406e3e6d7cc7c70ebe5e82bedd672bc02bf1970a4302640
retrodiction_joint,True,gps,after_return,attitude_rmse_deg,0.1132104784819301,0.11330779716836015,9.73186864300507e-05,0.085962613827828,0c08aacecf3c56187e9e72acfca8cf3a29d2db7725b6d46250c20074611a774e,c7487100df532fc34406e3e6d7cc7c70ebe5e82bedd672bc02bf1970a4302640
retrodiction_joint,True,gps,after_return,yaw_rmse_deg,0.11036089615577963,0.11045743539714659,9.653924136696079e-05,0.08747594911759915,0c08aacecf3c56187e9e72acfca8cf3a29d2db7725b6d46250c20074611a774e,c7487100df532fc34406e3e6d7cc7c70ebe5e82bedd672bc02bf1970a4302640
horizon,False,denied,flight,horizontal_position_rmse_m,0.18145875969663633,0.1827215388123844,0.0012627791157480694,0.6959041921476672,738505aca00f244be46305c8952c14a895a8bf57b828d9a40e96ebefc2179029,ac9f316efdd59bb2237700d9209742f52a7a16ba0785671511e59586b6e61415
horizon,False,denied,flight,vertical_position_rmse_m,0.034150985171992436,0.03410970437769475,-4.128079429768783e-05,-0.12087731610022079,738505aca00f244be46305c8952c14a895a8bf57b828d9a40e96ebefc2179029,ac9f316efdd59bb2237700d9209742f52a7a16ba0785671511e59586b6e61415
horizon,False,denied,flight,position_3d_rmse_m,0.18464444551315173,0.18587800482762726,0.0012335593144755241,0.6680727985330481,738505aca00f244be46305c8952c14a895a8bf57b828d9a40e96ebefc2179029,ac9f316efdd59bb2237700d9209742f52a7a16ba0785671511e59586b6e61415
horizon,False,denied,flight,velocity_3d_rmse_m_s,0.03262986384251845,0.03279109760875662,0.00016123376623816688,0.4941294484596348,738505aca00f244be46305c8952c14a895a8bf57b828d9a40e96ebefc2179029,ac9f316efdd59bb2237700d9209742f52a7a16ba0785671511e59586b6e61415
horizon,False,denied,flight,attitude_rmse_deg,0.2681428750366186,0.2782049177195183,0.010062042682899675,3.752493025043302,738505aca00f244be46305c8952c14a895a8bf57b828d9a40e96ebefc2179029,ac9f316efdd59bb2237700d9209742f52a7a16ba0785671511e59586b6e61415
horizon,False,denied,flight,yaw_rmse_deg,0.24981598013253156,0.25849359099381286,0.008677610861281299,3.473601191035769,738505aca00f244be46305c8952c14a895a8bf57b828d9a40e96ebefc2179029,ac9f316efdd59bb2237700d9209742f52a7a16ba0785671511e59586b6e61415
horizon,False,denied,outage_window,horizontal_position_rmse_m,0.1628744363404028,0.16328859863085812,0.00041416229045532216,0.25428317651379206,738505aca00f244be46305c8952c14a895a8bf57b828d9a40e96ebefc2179029,ac9f316efdd59bb2237700d9209742f52a7a16ba0785671511e59586b6e61415
horizon,False,denied,outage_window,vertical_position_rmse_m,0.03655716264735991,0.03662338029551372,6.621764815380876e-05,0.1811345393310848,738505aca00f244be46305c8952c14a895a8bf57b828d9a40e96ebefc2179029,ac9f316efdd59bb2237700d9209742f52a7a16ba0785671511e59586b6e61415
horizon,False,denied,outage_window,position_3d_rmse_m,0.16692665501360007,0.1673452671189099,0.00041861210530982906,0.25077607005048463,738505aca00f244be46305c8952c14a895a8bf57b828d9a40e96ebefc2179029,ac9f316efdd59bb2237700d9209742f52a7a16ba0785671511e59586b6e61415
horizon,False,denied,outage_window,velocity_3d_rmse_m_s,0.02696394417297862,0.026830788361905538,-0.00013315581107308308,-0.49382913055621147,738505aca00f244be46305c8952c14a895a8bf57b828d9a40e96ebefc2179029,ac9f316efdd59bb2237700d9209742f52a7a16ba0785671511e59586b6e61415
horizon,False,denied,outage_window,attitude_rmse_deg,0.1562851595564903,0.1510013890118863,-0.005283770544603994,-3.380852385215849,738505aca00f244be46305c8952c14a895a8bf57b828d9a40e96ebefc2179029,ac9f316efdd59bb2237700d9209742f52a7a16ba0785671511e59586b6e61415
horizon,False,denied,outage_window,yaw_rmse_deg,0.1534049992428467,0.14802080375891824,-0.005384195483928461,-3.509791408691343,738505aca00f244be46305c8952c14a895a8bf57b828d9a40e96ebefc2179029,ac9f316efdd59bb2237700d9209742f52a7a16ba0785671511e59586b6e61415
horizon,False,denied,after_return,horizontal_position_rmse_m,0.23473905622026525,0.23645954959815654,0.0017204933778912912,0.7329386960970297,738505aca00f244be46305c8952c14a895a8bf57b828d9a40e96ebefc2179029,ac9f316efdd59bb2237700d9209742f52a7a16ba0785671511e59586b6e61415
horizon,False,denied,after_return,vertical_position_rmse_m,0.03206883865804326,0.03206924530536966,4.066473264022208e-07,0.0012680450662383436,738505aca00f244be46305c8952c14a895a8bf57b828d9a40e96ebefc2179029,ac9f316efdd59bb2237700d9209742f52a7a16ba0785671511e59586b6e61415
horizon,False,denied,after_return,position_3d_rmse_m,0.23691946928873628,0.23862429694106807,0.0017048276523317918,0.7195810700783234,738505aca00f244be46305c8952c14a895a8bf57b828d9a40e96ebefc2179029,ac9f316efdd59bb2237700d9209742f52a7a16ba0785671511e59586b6e61415
horizon,False,denied,after_return,velocity_3d_rmse_m_s,0.0385590536502649,0.03860797945856198,4.892580829708032e-05,0.12688539698313406,738505aca00f244be46305c8952c14a895a8bf57b828d9a40e96ebefc2179029,ac9f316efdd59bb2237700d9209742f52a7a16ba0785671511e59586b6e61415
horizon,False,denied,after_return,attitude_rmse_deg,0.08381139864629743,0.08256568622194552,-0.0012457124243519108,-1.4863281659444616,738505aca00f244be46305c8952c14a895a8bf57b828d9a40e96ebefc2179029,ac9f316efdd59bb2237700d9209742f52a7a16ba0785671511e59586b6e61415
horizon,False,denied,after_return,yaw_rmse_deg,0.06147636444021651,0.05840628940211094,-0.003070075038105566,-4.993911182062661,738505aca00f244be46305c8952c14a895a8bf57b828d9a40e96ebefc2179029,ac9f316efdd59bb2237700d9209742f52a7a16ba0785671511e59586b6e61415
retrodiction,False,denied,flight,horizontal_position_rmse_m,0.18324544370036683,0.1850060188766838,0.0017605751763169752,0.9607743258248647,f704c0ff496dc654221b2eac1dd66f4191f1d42c4b6318aafe2107e6020f3867,f0ea9731318b02daaaf8b64f7fc4d3ec3a9f35293d46192448d57fbbef30e15f
retrodiction,False,denied,flight,vertical_position_rmse_m,0.039240507961985895,0.039199664136542633,-4.0843825443261095e-05,-0.10408587341129705,f704c0ff496dc654221b2eac1dd66f4191f1d42c4b6318aafe2107e6020f3867,f0ea9731318b02daaaf8b64f7fc4d3ec3a9f35293d46192448d57fbbef30e15f
retrodiction,False,denied,flight,position_3d_rmse_m,0.18739986686777285,0.18911330119538824,0.001713434327615393,0.9143199278921488,f704c0ff496dc654221b2eac1dd66f4191f1d42c4b6318aafe2107e6020f3867,f0ea9731318b02daaaf8b64f7fc4d3ec3a9f35293d46192448d57fbbef30e15f
retrodiction,False,denied,flight,velocity_3d_rmse_m_s,0.031873845581339835,0.03200314423483763,0.00012929865349779746,0.40565752622423457,f704c0ff496dc654221b2eac1dd66f4191f1d42c4b6318aafe2107e6020f3867,f0ea9731318b02daaaf8b64f7fc4d3ec3a9f35293d46192448d57fbbef30e15f
retrodiction,False,denied,flight,attitude_rmse_deg,0.2683631953736527,0.278752613251832,0.010389417878179263,3.8714019125140053,f704c0ff496dc654221b2eac1dd66f4191f1d42c4b6318aafe2107e6020f3867,f0ea9731318b02daaaf8b64f7fc4d3ec3a9f35293d46192448d57fbbef30e15f
retrodiction,False,denied,flight,yaw_rmse_deg,0.24986440275168728,0.25882509313924407,0.008960690387556786,3.586221281973412,f704c0ff496dc654221b2eac1dd66f4191f1d42c4b6318aafe2107e6020f3867,f0ea9731318b02daaaf8b64f7fc4d3ec3a9f35293d46192448d57fbbef30e15f
retrodiction,False,denied,outage_window,horizontal_position_rmse_m,0.15362171251194134,0.15440519516289067,0.0007834826509493242,0.5100077574570872,f704c0ff496dc654221b2eac1dd66f4191f1d42c4b6318aafe2107e6020f3867,f0ea9731318b02daaaf8b64f7fc4d3ec3a9f35293d46192448d57fbbef30e15f
retrodiction,False,denied,outage_window,vertical_position_rmse_m,0.03982887647890671,0.039878846168882064,4.996968997535156e-05,0.12546095796053258,f704c0ff496dc654221b2eac1dd66f4191f1d42c4b6318aafe2107e6020f3867,f0ea9731318b02daaaf8b64f7fc4d3ec3a9f35293d46192448d57fbbef30e15f
retrodiction,False,denied,outage_window,position_3d_rmse_m,0.15870088202865656,0.1594718992959315,0.0007710172672749371,0.4858304865222651,f704c0ff496dc654221b2eac1dd66f4191f1d42c4b6318aafe2107e6020f3867,f0ea9731318b02daaaf8b64f7fc4d3ec3a9f35293d46192448d57fbbef30e15f
retrodiction,False,denied,outage_window,velocity_3d_rmse_m_s,0.02670317348655791,0.026536115080903745,-0.00016705840565416422,-0.625612554021937,f704c0ff496dc654221b2eac1dd66f4191f1d42c4b6318aafe2107e6020f3867,f0ea9731318b02daaaf8b64f7fc4d3ec3a9f35293d46192448d57fbbef30e15f
retrodiction,False,denied,outage_window,attitude_rmse_deg,0.15539981809105616,0.14979611987071453,-0.005603698220341624,-3.605987631889085,f704c0ff496dc654221b2eac1dd66f4191f1d42c4b6318aafe2107e6020f3867,f0ea9731318b02daaaf8b64f7fc4d3ec3a9f35293d46192448d57fbbef30e15f
retrodiction,False,denied,outage_window,yaw_rmse_deg,0.15252157280627573,0.14681294019290736,-0.005708632613368375,-3.7428361826685075,f704c0ff496dc654221b2eac1dd66f4191f1d42c4b6318aafe2107e6020f3867,f0ea9731318b02daaaf8b64f7fc4d3ec3a9f35293d46192448d57fbbef30e15f
retrodiction,False,denied,after_return,horizontal_position_rmse_m,0.24310657340136116,0.24547260772060756,0.002366034319246396,0.9732498328377748,f704c0ff496dc654221b2eac1dd66f4191f1d42c4b6318aafe2107e6020f3867,f0ea9731318b02daaaf8b64f7fc4d3ec3a9f35293d46192448d57fbbef30e15f
retrodiction,False,denied,after_return,vertical_position_rmse_m,0.04101290994323084,0.04101211321194754,-7.96731283302099e-07,-0.001942635341911636,f704c0ff496dc654221b2eac1dd66f4191f1d42c4b6318aafe2107e6020f3867,f0ea9731318b02daaaf8b64f7fc4d3ec3a9f35293d46192448d57fbbef30e15f
retrodiction,False,denied,after_return,position_3d_rmse_m,0.24654181149038992,0.24887505815421698,0.00233324666382706,0.9463898434598716,f704c0ff496dc654221b2eac1dd66f4191f1d42c4b6318aafe2107e6020f3867,f0ea9731318b02daaaf8b64f7fc4d3ec3a9f35293d46192448d57fbbef30e15f
retrodiction,False,denied,after_return,velocity_3d_rmse_m_s,0.03753248204799686,0.037576092769029505,4.3610721032642796e-05,0.11619460971665774,f704c0ff496dc654221b2eac1dd66f4191f1d42c4b6318aafe2107e6020f3867,f0ea9731318b02daaaf8b64f7fc4d3ec3a9f35293d46192448d57fbbef30e15f
retrodiction,False,denied,after_return,attitude_rmse_deg,0.08223587979573801,0.08107349509807937,-0.0011623846976586416,-1.4134763324060495,f704c0ff496dc654221b2eac1dd66f4191f1d42c4b6318aafe2107e6020f3867,f0ea9731318b02daaaf8b64f7fc4d3ec3a9f35293d46192448d57fbbef30e15f
retrodiction,False,denied,after_return,yaw_rmse_deg,0.059260397664703764,0.0561130766588502,-0.0031473210058535622,-5.31100216988275,f704c0ff496dc654221b2eac1dd66f4191f1d42c4b6318aafe2107e6020f3867,f0ea9731318b02daaaf8b64f7fc4d3ec3a9f35293d46192448d57fbbef30e15f
horizon_joint,False,denied,flight,horizontal_position_rmse_m,0.17624126215463554,0.17649693067717082,0.0002556685225352795,0.14506734655075348,163157d729ef94d3e6dc28de938b047ace0d53576aab7fa0b0bde498dd814a1d,4eb2795fd26e078c2b946fed2c948e95331079d041cf19061591e1fbacaa5e7e
horizon_joint,False,denied,flight,vertical_position_rmse_m,0.028011054963274957,0.02796304181689843,-4.801314637652848e-05,-0.1714078475069103,163157d729ef94d3e6dc28de938b047ace0d53576aab7fa0b0bde498dd814a1d,4eb2795fd26e078c2b946fed2c948e95331079d041cf19061591e1fbacaa5e7e
horizon_joint,False,denied,flight,position_3d_rmse_m,0.1784533599740128,0.1786983442735708,0.0002449842995580209,0.13728197641875717,163157d729ef94d3e6dc28de938b047ace0d53576aab7fa0b0bde498dd814a1d,4eb2795fd26e078c2b946fed2c948e95331079d041cf19061591e1fbacaa5e7e
horizon_joint,False,denied,flight,velocity_3d_rmse_m_s,0.03243709674621299,0.03257712931495985,0.00014003256874686038,0.4317050007356382,163157d729ef94d3e6dc28de938b047ace0d53576aab7fa0b0bde498dd814a1d,4eb2795fd26e078c2b946fed2c948e95331079d041cf19061591e1fbacaa5e7e
horizon_joint,False,denied,flight,attitude_rmse_deg,0.27608818585140693,0.2858693532569641,0.009781167405557178,3.542769269678736,163157d729ef94d3e6dc28de938b047ace0d53576aab7fa0b0bde498dd814a1d,4eb2795fd26e078c2b946fed2c948e95331079d041cf19061591e1fbacaa5e7e
horizon_joint,False,denied,flight,yaw_rmse_deg,0.2591344292150832,0.2675724031795771,0.008437973964493917,3.256214926766976,163157d729ef94d3e6dc28de938b047ace0d53576aab7fa0b0bde498dd814a1d,4eb2795fd26e078c2b946fed2c948e95331079d041cf19061591e1fbacaa5e7e
horizon_joint,False,denied,outage_window,horizontal_position_rmse_m,0.15199000345472127,0.1521277562100148,0.00013775275529351316,0.09063277331562425,163157d729ef94d3e6dc28de938b047ace0d53576aab7fa0b0bde498dd814a1d,4eb2795fd26e078c2b946fed2c948e95331079d041cf19061591e1fbacaa5e7e
horizon_joint,False,denied,outage_window,vertical_position_rmse_m,0.031841834859026516,0.0319038529572527,6.201809822618115e-05,0.19476923519248235,163157d729ef94d3e6dc28de938b047ace0d53576aab7fa0b0bde498dd814a1d,4eb2795fd26e078c2b946fed2c948e95331079d041cf19061591e1fbacaa5e7e
horizon_joint,False,denied,outage_window,position_3d_rmse_m,0.15528961200722893,0.15543715785812506,0.00014754585089613026,0.09501334248247506,163157d729ef94d3e6dc28de938b047ace0d53576aab7fa0b0bde498dd814a1d,4eb2795fd26e078c2b946fed2c948e95331079d041cf19061591e1fbacaa5e7e
horizon_joint,False,denied,outage_window,velocity_3d_rmse_m_s,0.027725372215756966,0.027600298124444426,-0.0001250740913125402,-0.45111780768611887,163157d729ef94d3e6dc28de938b047ace0d53576aab7fa0b0bde498dd814a1d,4eb2795fd26e078c2b946fed2c948e95331079d041cf19061591e1fbacaa5e7e
horizon_joint,False,denied,outage_window,attitude_rmse_deg,0.17951672947840128,0.17485734032845252,-0.004659389149948762,-2.5955180686986434,163157d729ef94d3e6dc28de938b047ace0d53576aab7fa0b0bde498dd814a1d,4eb2795fd26e078c2b946fed2c948e95331079d041cf19061591e1fbacaa5e7e
horizon_joint,False,denied,outage_window,yaw_rmse_deg,0.1772962394233701,0.17267255766997283,-0.00462368175339728,-2.6078848420221012,163157d729ef94d3e6dc28de938b047ace0d53576aab7fa0b0bde498dd814a1d,4eb2795fd26e078c2b946fed2c948e95331079d041cf19061591e1fbacaa5e7e
horizon_joint,False,denied,after_return,horizontal_position_rmse_m,0.2309455514708653,0.23095988521181304,1.433374094775286e-05,0.0062065455933124625,163157d729ef94d3e6dc28de938b047ace0d53576aab7fa0b0bde498dd814a1d,4eb2795fd26e078c2b946fed2c948e95331079d041cf19061591e1fbacaa5e7e
horizon_joint,False,denied,after_return,vertical_position_rmse_m,0.020459923474026216,0.020468768699647717,8.84522562150103e-06,0.04323195848083827,163157d729ef94d3e6dc28de938b047ace0d53576aab7fa0b0bde498dd814a1d,4eb2795fd26e078c2b946fed2c948e95331079d041cf19061591e1fbacaa5e7e
horizon_joint,False,denied,after_return,position_3d_rmse_m,0.23185007270377359,0.2318651312059093,1.5058502135706364e-05,0.006494930952616329,163157d729ef94d3e6dc28de938b047ace0d53576aab7fa0b0bde498dd814a1d,4eb2795fd26e078c2b946fed2c948e95331079d041cf19061591e1fbacaa5e7e
horizon_joint,False,denied,after_return,velocity_3d_rmse_m_s,0.03761033691965807,0.03761341514778043,3.0782281223579178e-06,0.008184526846788387,163157d729ef94d3e6dc28de938b047ace0d53576aab7fa0b0bde498dd814a1d,4eb2795fd26e078c2b946fed2c948e95331079d041cf19061591e1fbacaa5e7e
horizon_joint,False,denied,after_return,attitude_rmse_deg,0.10138281953805359,0.0991140978957514,-0.002268721642302185,-2.2377772216629177,163157d729ef94d3e6dc28de938b047ace0d53576aab7fa0b0bde498dd814a1d,4eb2795fd26e078c2b946fed2c948e95331079d041cf19061591e1fbacaa5e7e
horizon_joint,False,denied,after_return,yaw_rmse_deg,0.09016258863112651,0.0871670288574983,-0.002995559773628212,-3.3223977029803953,163157d729ef94d3e6dc28de938b047ace0d53576aab7fa0b0bde498dd814a1d,4eb2795fd26e078c2b946fed2c948e95331079d041cf19061591e1fbacaa5e7e
retrodiction_joint,False,denied,flight,horizontal_position_rmse_m,0.17608561337547565,0.17668192799662719,0.0005963146211515336,0.3386503926814166,c277facbf878a02364935e0035238bb1492fac13f098be47133043eb87149e5a,54167c80c9adc1ced97ac3e8aea239e8c8f0b5d23f1bcf1974d6279cb372491c
retrodiction_joint,False,denied,flight,vertical_position_rmse_m,0.03353635508912148,0.0334829475971481,-5.3407491973377075e-05,-0.15925252410838864,c277facbf878a02364935e0035238bb1492fac13f098be47133043eb87149e5a,54167c80c9adc1ced97ac3e8aea239e8c8f0b5d23f1bcf1974d6279cb372491c
retrodiction_joint,False,denied,flight,position_3d_rmse_m,0.17925074714064967,0.1798266149945517,0.0005758678539020123,0.32126385138586677,c277facbf878a02364935e0035238bb1492fac13f098be47133043eb87149e5a,54167c80c9adc1ced97ac3e8aea239e8c8f0b5d23f1bcf1974d6279cb372491c
retrodiction_joint,False,denied,flight,velocity_3d_rmse_m_s,0.031833195436639185,0.03194514444186259,0.00011194900522340512,0.3516737911097412,c277facbf878a02364935e0035238bb1492fac13f098be47133043eb87149e5a,54167c80c9adc1ced97ac3e8aea239e8c8f0b5d23f1bcf1974d6279cb372491c
retrodiction_joint,False,denied,flight,attitude_rmse_deg,0.27636136114801607,0.2864868498453183,0.010125488697302232,3.663858310452861,c277facbf878a02364935e0035238bb1492fac13f098be47133043eb87149e5a,54167c80c9adc1ced97ac3e8aea239e8c8f0b5d23f1bcf1974d6279cb372491c
retrodiction_joint,False,denied,flight,yaw_rmse_deg,0.259260335611086,0.26800915370698014,0.008748818095894118,3.3745301128585092,c277facbf878a02364935e0035238bb1492fac13f098be47133043eb87149e5a,54167c80c9adc1ced97ac3e8aea239e8c8f0b5d23f1bcf1974d6279cb372491c
retrodiction_joint,False,denied,outage_window,horizontal_position_rmse_m,0.1426718918653171,0.14292220362612482,0.00025031176080772544,0.17544574305079497,c277facbf878a02364935e0035238bb1492fac13f098be47133043eb87149e5a,54167c80c9adc1ced97ac3e8aea239e8c8f0b5d23f1bcf1974d6279cb372491c
retrodiction_joint,False,denied,outage_window,vertical_position_rmse_m,0.0344528460930226,0.03447978546220971,2.6939369187108098e-05,0.07819199933256638,c277facbf878a02364935e0035238bb1492fac13f098be47133043eb87149e5a,54167c80c9adc1ced97ac3e8aea239e8c8f0b5d23f1bcf1974d6279cb372491c
retrodiction_joint,False,denied,outage_window,position_3d_rmse_m,0.14677284262539253,0.1470224877182654,0.00024964509287286885,0.17008943099237062,c277facbf878a02364935e0035238bb1492fac13f098be47133043eb87149e5a,54167c80c9adc1ced97ac3e8aea239e8c8f0b5d23f1bcf1974d6279cb372491c
retrodiction_joint,False,denied,outage_window,velocity_3d_rmse_m_s,0.02754523867698092,0.027397576534639295,-0.0001476621423416244,-0.5360713845076304,c277facbf878a02364935e0035238bb1492fac13f098be47133043eb87149e5a,54167c80c9adc1ced97ac3e8aea239e8c8f0b5d23f1bcf1974d6279cb372491c
retrodiction_joint,False,denied,outage_window,attitude_rmse_deg,0.17955627725052853,0.17480212220378274,-0.004754155046745784,-2.64772422303704,c277facbf878a02364935e0035238bb1492fac13f098be47133043eb87149e5a,54167c80c9adc1ced97ac3e8aea239e8c8f0b5d23f1bcf1974d6279cb372491c
retrodiction_joint,False,denied,outage_window,yaw_rmse_deg,0.1773245061360881,0.17261086416568816,-0.0047136419703999455,-2.6582010987147187,c277facbf878a02364935e0035238bb1492fac13f098be47133043eb87149e5a,54167c80c9adc1ced97ac3e8aea239e8c8f0b5d23f1bcf1974d6279cb372491c
retrodiction_joint,False,denied,after_return,horizontal_position_rmse_m,0.23568194126140837,0.23622157954676828,0.0005396382853599113,0.2289688732499684,c277facbf878a02364935e0035238bb1492fac13f098be47133043eb87149e5a,54167c80c9adc1ced97ac3e8aea239e8c8f0b5d23f1bcf1974d6279cb372491c
retrodiction_joint,False,denied,after_return,vertical_position_rmse_m,0.03254366116845651,0.03254252477766609,-1.1363907904196613e-06,-0.003491895962592917,c277facbf878a02364935e0035238bb1492fac13f098be47133043eb87149e5a,54167c80c9adc1ced97ac3e8aea239e8c8f0b5d23f1bcf1974d6279cb372491c
retrodiction_joint,False,denied,after_return,position_3d_rmse_m,0.23791819459426228,0.23845261701745943,0.0005344224231971506,0.2246244445947232,c277facbf878a02364935e0035238bb1492fac13f098be47133043eb87149e5a,54167c80c9adc1ced97ac3e8aea239e8c8f0b5d23f1bcf1974d6279cb372491c
retrodiction_joint,False,denied,after_return,velocity_3d_rmse_m_s,0.03685095269389519,0.03685331708537397,2.3643914787777054e-06,0.006416093224004271,c277facbf878a02364935e0035238bb1492fac13f098be47133043eb87149e5a,54167c80c9adc1ced97ac3e8aea239e8c8f0b5d23f1bcf1974d6279cb372491c
retrodiction_joint,False,denied,after_return,attitude_rmse_deg,0.0990269508396518,0.09678796670512672,-0.002238984134525071,-2.2609846264483258,c277facbf878a02364935e0035238bb1492fac13f098be47133043eb87149e5a,54167c80c9adc1ced97ac3e8aea239e8c8f0b5d23f1bcf1974d6279cb372491c
retrodiction_joint,False,denied,after_return,yaw_rmse_deg,0.08762702680653618,0.08462089287332979,-0.003006133933206395,-3.4306013141851444,c277facbf878a02364935e0035238bb1492fac13f098be47133043eb87149e5a,54167c80c9adc1ced97ac3e8aea239e8c8f0b5d23f1bcf1974d6279cb372491c
horizon,True,denied,flight,horizontal_position_rmse_m,0.15949876886032424,0.15919736455262096,-0.00030140430770328464,-0.18896967660435582,407ba513738916dac8adc3b7b22926e4055038bcd8ec6ccee90e01bb68a51631,a229a3824fca2c9fdcde2dd5939952b994763e80ebaaf450beebff5548fd75ff
horizon,True,denied,flight,vertical_position_rmse_m,0.033595232179841464,0.03358590576948898,-9.326410352485104e-06,-0.027761112953650358,407ba513738916dac8adc3b7b22926e4055038bcd8ec6ccee90e01bb68a51631,a229a3824fca2c9fdcde2dd5939952b994763e80ebaaf450beebff5548fd75ff
horizon,True,denied,flight,position_3d_rmse_m,0.1629984567202297,0.16270161015446988,-0.0002968465657598174,-0.18211618179264644,407ba513738916dac8adc3b7b22926e4055038bcd8ec6ccee90e01bb68a51631,a229a3824fca2c9fdcde2dd5939952b994763e80ebaaf450beebff5548fd75ff
horizon,True,denied,flight,velocity_3d_rmse_m_s,0.03048241106381132,0.030555261450258567,7.285038644724504e-05,0.23899154924045263,407ba513738916dac8adc3b7b22926e4055038bcd8ec6ccee90e01bb68a51631,a229a3824fca2c9fdcde2dd5939952b994763e80ebaaf450beebff5548fd75ff
horizon,True,denied,flight,attitude_rmse_deg,0.1568459511569113,0.1634109985533022,0.006565047396390911,4.18566583833786,407ba513738916dac8adc3b7b22926e4055038bcd8ec6ccee90e01bb68a51631,a229a3824fca2c9fdcde2dd5939952b994763e80ebaaf450beebff5548fd75ff
horizon,True,denied,flight,yaw_rmse_deg,0.14414671675122323,0.15018447276386263,0.006037756012639395,4.18861847756109,407ba513738916dac8adc3b7b22926e4055038bcd8ec6ccee90e01bb68a51631,a229a3824fca2c9fdcde2dd5939952b994763e80ebaaf450beebff5548fd75ff
horizon,True,denied,outage_window,horizontal_position_rmse_m,0.13925842499760163,0.13949274090733133,0.00023431590972969318,0.1682597729607549,407ba513738916dac8adc3b7b22926e4055038bcd8ec6ccee90e01bb68a51631,a229a3824fca2c9fdcde2dd5939952b994763e80ebaaf450beebff5548fd75ff
horizon,True,denied,outage_window,vertical_position_rmse_m,0.036830829428891786,0.03681064385093418,-2.018557795760434e-05,-0.05480619978047718,407ba513738916dac8adc3b7b22926e4055038bcd8ec6ccee90e01bb68a51631,a229a3824fca2c9fdcde2dd5939952b994763e80ebaaf450beebff5548fd75ff
horizon,True,denied,outage_window,position_3d_rmse_m,0.14404658596868156,0.14426797380763404,0.00022138783895248038,0.1536918334188231,407ba513738916dac8adc3b7b22926e4055038bcd8ec6ccee90e01bb68a51631,a229a3824fca2c9fdcde2dd5939952b994763e80ebaaf450beebff5548fd75ff
horizon,True,denied,outage_window,velocity_3d_rmse_m_s,0.023655315606166526,0.02361722328841832,-3.8092317748206206e-05,-0.1610306891795421,407ba513738916dac8adc3b7b22926e4055038bcd8ec6ccee90e01bb68a51631,a229a3824fca2c9fdcde2dd5939952b994763e80ebaaf450beebff5548fd75ff
horizon,True,denied,outage_window,attitude_rmse_deg,0.09448931452566302,0.09588539034534219,0.0013960758196791684,1.4774959758015793,407ba513738916dac8adc3b7b22926e4055038bcd8ec6ccee90e01bb68a51631,a229a3824fca2c9fdcde2dd5939952b994763e80ebaaf450beebff5548fd75ff
horizon,True,denied,outage_window,yaw_rmse_deg,0.09189700554787468,0.09325500225022203,0.0013579967023473472,1.4777377067415776,407ba513738916dac8adc3b7b22926e4055038bcd8ec6ccee90e01bb68a51631,a229a3824fca2c9fdcde2dd5939952b994763e80ebaaf450beebff5548fd75ff
horizon,True,denied,after_return,horizontal_position_rmse_m,0.21113195973003704,0.21033618558027278,-0.0007957741497642556,-0.37690842768748345,407ba513738916dac8adc3b7b22926e4055038bcd8ec6ccee90e01bb68a51631,a229a3824fca2c9fdcde2dd5939952b994763e80ebaaf450beebff5548fd75ff
horizon,True,denied,after_return,vertical_position_rmse_m,0.03213304908805211,0.032135976900543,2.927812490886861e-06,0.009111530259287015,407ba513738916dac8adc3b7b22926e4055038bcd8ec6ccee90e01bb68a51631,a229a3824fca2c9fdcde2dd5939952b994763e80ebaaf450beebff5548fd75ff
horizon,True,denied,after_return,position_3d_rmse_m,0.21356319266938567,0.2127769535824103,-0.0007862390869753655,-0.36815289992060407,407ba513738916dac8adc3b7b22926e4055038bcd8ec6ccee90e01bb68a51631,a229a3824fca2c9fdcde2dd5939952b994763e80ebaaf450beebff5548fd75ff
horizon,True,denied,after_return,velocity_3d_rmse_m_s,0.039137974953179916,0.039157487233543044,1.9512280363127854e-05,0.04985510974053753,407ba513738916dac8adc3b7b22926e4055038bcd8ec6ccee90e01bb68a51631,a229a3824fca2c9fdcde2dd5939952b994763e80ebaaf450beebff5548fd75ff
horizon,True,denied,after_return,attitude_rmse_deg,0.1362714287083209,0.13699952154833095,0.0007280928400100473,0.5342960346944592,407ba513738916dac8adc3b7b22926e4055038bcd8ec6ccee90e01bb68a51631,a229a3824fca2c9fdcde2dd5939952b994763e80ebaaf450beebff5548fd75ff
horizon,True,denied,after_return,yaw_rmse_deg,0.11791427113610917,0.11857778989393437,0.0006635187578252072,0.5627128518305602,407ba513738916dac8adc3b7b22926e4055038bcd8ec6ccee90e01bb68a51631,a229a3824fca2c9fdcde2dd5939952b994763e80ebaaf450beebff5548fd75ff
retrodiction,True,denied,flight,horizontal_position_rmse_m,0.16076736117668336,0.16043079035256322,-0.0003365708241201415,-0.20935270794812944,0004ad43e1fbbc476f4d203396e65678537927b9700ed82eac1b3f38ffc52499,69d1a237affca03a2a1e2234c567f8b0777b51c73ef82c5958e91725bfa4816e
retrodiction,True,denied,flight,vertical_position_rmse_m,0.03885173102099405,0.03884105331650034,-1.067770449370703e-05,-0.027483214294721225,0004ad43e1fbbc476f4d203396e65678537927b9700ed82eac1b3f38ffc52499,69d1a237affca03a2a1e2234c567f8b0777b51c73ef82c5958e91725bfa4816e
retrodiction,True,denied,flight,position_3d_rmse_m,0.16539528839432466,0.16506564123367198,-0.0003296471606526741,-0.199308676718013,0004ad43e1fbbc476f4d203396e65678537927b9700ed82eac1b3f38ffc52499,69d1a237affca03a2a1e2234c567f8b0777b51c73ef82c5958e91725bfa4816e
retrodiction,True,denied,flight,velocity_3d_rmse_m_s,0.029629392917207797,0.029695159182011415,6.576626480361836e-05,0.22196291698377557,0004ad43e1fbbc476f4d203396e65678537927b9700ed82eac1b3f38ffc52499,69d1a237affca03a2a1e2234c567f8b0777b51c73ef82c5958e91725bfa4816e
retrodiction,True,denied,flight,attitude_rmse_deg,0.1708223665382077,0.17660746360440066,0.005785097066192957,3.386615689403305,0004ad43e1fbbc476f4d203396e65678537927b9700ed82eac1b3f38ffc52499,69d1a237affca03a2a1e2234c567f8b0777b51c73ef82c5958e91725bfa4816e
retrodiction,True,denied,flight,yaw_rmse_deg,0.15859306072724386,0.16393030331685826,0.005337242589614405,3.3653695597650746,0004ad43e1fbbc476f4d203396e65678537927b9700ed82eac1b3f38ffc52499,69d1a237affca03a2a1e2234c567f8b0777b51c73ef82c5958e91725bfa4816e
retrodiction,True,denied,outage_window,horizontal_position_rmse_m,0.13536291180788876,0.1355378822050137,0.00017497039712494056,0.12926021964809742,0004ad43e1fbbc476f4d203396e65678537927b9700ed82eac1b3f38ffc52499,69d1a237affca03a2a1e2234c567f8b0777b51c73ef82c5958e91725bfa4816e
retrodiction,True,denied,outage_window,vertical_position_rmse_m,0.040158611897686276,0.04013167901992851,-2.693287775776959e-05,-0.06706625673812416,0004ad43e1fbbc476f4d203396e65678537927b9700ed82eac1b3f38ffc52499,69d1a237affca03a2a1e2234c567f8b0777b51c73ef82c5958e91725bfa4816e
retrodiction,True,denied,outage_window,position_3d_rmse_m,0.1411943058436113,0.14135440981299008,0.00016010396937876648,0.11339265306924418,0004ad43e1fbbc476f4d203396e65678537927b9700ed82eac1b3f38ffc52499,69d1a237affca03a2a1e2234c567f8b0777b51c73ef82c5958e91725bfa4816e
retrodiction,True,denied,outage_window,velocity_3d_rmse_m_s,0.022914903317897754,0.022882245283787787,-3.265803410996623e-05,-0.14251875147323068,0004ad43e1fbbc476f4d203396e65678537927b9700ed82eac1b3f38ffc52499,69d1a237affca03a2a1e2234c567f8b0777b51c73ef82c5958e91725bfa4816e
retrodiction,True,denied,outage_window,attitude_rmse_deg,0.10086829646215373,0.10221541481135052,0.0013471183491967909,1.3355220584123195,0004ad43e1fbbc476f4d203396e65678537927b9700ed82eac1b3f38ffc52499,69d1a237affca03a2a1e2234c567f8b0777b51c73ef82c5958e91725bfa4816e
retrodiction,True,denied,outage_window,yaw_rmse_deg,0.09819381985327746,0.09950604595782474,0.0013122261045472733,1.336363231930493,0004ad43e1fbbc476f4d203396e65678537927b9700ed82eac1b3f38ffc52499,69d1a237affca03a2a1e2234c567f8b0777b51c73ef82c5958e91725bfa4816e
retrodiction,True,denied,after_return,horizontal_position_rmse_m,0.2150512457732831,0.21422454290469786,-0.000826702868585244,-0.3844213343719871,0004ad43e1fbbc476f4d203396e65678537927b9700ed82eac1b3f38ffc52499,69d1a237affca03a2a1e2234c567f8b0777b51c73ef82c5958e91725bfa4816e
retrodiction,True,denied,after_return,vertical_position_rmse_m,0.04106707733381939,0.041070466299642866,3.388965823476753e-06,0.008252269320085936,0004ad43e1fbbc476f4d203396e65678537927b9700ed82eac1b3f38ffc52499,69d1a237affca03a2a1e2234c567f8b0777b51c73ef82c5958e91725bfa4816e
retrodiction,True,denied,after_return,position_3d_rmse_m,0.21893730415208582,0.2181259681578441,-0.0008113359942417131,-0.37057914702288697,0004ad43e1fbbc476f4d203396e65678537927b9700ed82eac1b3f38ffc52499,69d1a237affca03a2a1e2234c567f8b0777b51c73ef82c5958e91725bfa4816e
retrodiction,True,denied,after_return,velocity_3d_rmse_m_s,0.03790677432529587,0.03792098066400338,1.4206338707509203e-05,0.03747704456622536,0004ad43e1fbbc476f4d203396e65678537927b9700ed82eac1b3f38ffc52499,69d1a237affca03a2a1e2234c567f8b0777b51c73ef82c5958e91725bfa4816e
retrodiction,True,denied,after_return,attitude_rmse_deg,0.14022280955690636,0.14097960296894527,0.0007567934120389086,0.5397077796617467,0004ad43e1fbbc476f4d203396e65678537927b9700ed82eac1b3f38ffc52499,69d1a237affca03a2a1e2234c567f8b0777b51c73ef82c5958e91725bfa4816e
retrodiction,True,denied,after_return,yaw_rmse_deg,0.12188422997671793,0.12262089260244673,0.0007366626257288011,0.6043953560436188,0004ad43e1fbbc476f4d203396e65678537927b9700ed82eac1b3f38ffc52499,69d1a237affca03a2a1e2234c567f8b0777b51c73ef82c5958e91725bfa4816e
horizon_joint,True,denied,flight,horizontal_position_rmse_m,0.1582948047175367,0.15825735118211787,-3.7453535418841e-05,-0.023660622018306654,8d83c16096db5486b0318f1a892c42c993396a02f67979e66c8101bf01738b7d,6b599de67bb6ca497a6253d715e69532e6a77454ca999b1434647dbd85a7aa0e
horizon_joint,True,denied,flight,vertical_position_rmse_m,0.025593222148212084,0.025598034653648516,4.812505436432163e-06,0.018803827859437128,8d83c16096db5486b0318f1a892c42c993396a02f67979e66c8101bf01738b7d,6b599de67bb6ca497a6253d715e69532e6a77454ca999b1434647dbd85a7aa0e
horizon_joint,True,denied,flight,position_3d_rmse_m,0.16035042320022364,0.1603142182755777,-3.620492464592728e-05,-0.022578627435687615,8d83c16096db5486b0318f1a892c42c993396a02f67979e66c8101bf01738b7d,6b599de67bb6ca497a6253d715e69532e6a77454ca999b1434647dbd85a7aa0e
horizon_joint,True,denied,flight,velocity_3d_rmse_m_s,0.030017553236441848,0.03008437886373008,6.68256272882313e-05,0.2226218331716101,8d83c16096db5486b0318f1a892c42c993396a02f67979e66c8101bf01738b7d,6b599de67bb6ca497a6253d715e69532e6a77454ca999b1434647dbd85a7aa0e
horizon_joint,True,denied,flight,attitude_rmse_deg,0.1406624504416479,0.1474463531378714,0.006783902696223504,4.822824197163911,8d83c16096db5486b0318f1a892c42c993396a02f67979e66c8101bf01738b7d,6b599de67bb6ca497a6253d715e69532e6a77454ca999b1434647dbd85a7aa0e
horizon_joint,True,denied,flight,yaw_rmse_deg,0.12923804319572144,0.13544316460622932,0.006205121410507886,4.8013117941678285,8d83c16096db5486b0318f1a892c42c993396a02f67979e66c8101bf01738b7d,6b599de67bb6ca497a6253d715e69532e6a77454ca999b1434647dbd85a7aa0e
horizon_joint,True,denied,outage_window,horizontal_position_rmse_m,0.12875131683883834,0.12879964611633443,4.832927749609528e-05,0.037536918986691425,8d83c16096db5486b0318f1a892c42c993396a02f67979e66c8101bf01738b7d,6b599de67bb6ca497a6253d715e69532e6a77454ca999b1434647dbd85a7aa0e
horizon_joint,True,denied,outage_window,vertical_position_rmse_m,0.03056106056056912,0.030554662035035086,-6.398525534034166e-06,-0.020936856956754735,8d83c16096db5486b0318f1a892c42c993396a02f67979e66c8101bf01738b7d,6b599de67bb6ca497a6253d715e69532e6a77454ca999b1434647dbd85a7aa0e
horizon_joint,True,denied,outage_window,position_3d_rmse_m,0.1323286817372625,0.1323742278986669,4.554616140439727e-05,0.03441896405711464,8d83c16096db5486b0318f1a892c42c993396a02f67979e66c8101bf01738b7d,6b599de67bb6ca497a6253d715e69532e6a77454ca999b1434647dbd85a7aa0e
horizon_joint,True,denied,outage_window,velocity_3d_rmse_m_s,0.02435819739860502,0.02435006314996446,-8.13424864055945e-06,-0.03339429641466829,8d83c16096db5486b0318f1a892c42c993396a02f67979e66c8101bf01738b7d,6b599de67bb6ca497a6253d715e69532e6a77454ca999b1434647dbd85a7aa0e
horizon_joint,True,denied,outage_window,attitude_rmse_deg,0.07597674419532062,0.07627584049999953,0.0002990963046789058,0.39366823078124114,8d83c16096db5486b0318f1a892c42c993396a02f67979e66c8101bf01738b7d,6b599de67bb6ca497a6253d715e69532e6a77454ca999b1434647dbd85a7aa0e
horizon_joint,True,denied,outage_window,yaw_rmse_deg,0.07378575457227195,0.07407158143250141,0.00028582686022946,0.3873740424372718,8d83c16096db5486b0318f1a892c42c993396a02f67979e66c8101bf01738b7d,6b599de67bb6ca497a6253d715e69532e6a77454ca999b1434647dbd85a7aa0e
horizon_joint,True,denied,after_return,horizontal_position_rmse_m,0.21390968641673608,0.21365210411938668,-0.0002575822973494013,-0.12041637836239794,8d83c16096db5486b0318f1a892c42c993396a02f67979e66c8101bf01738b7d,6b599de67bb6ca497a6253d715e69532e6a77454ca999b1434647dbd85a7aa0e
horizon_joint,True,denied,after_return,vertical_position_rmse_m,0.018332340041280294,0.01833121622825726,-1.1238130230330212e-06,-0.006130221349276432,8d83c16096db5486b0318f1a892c42c993396a02f67979e66c8101bf01738b7d,6b599de67bb6ca497a6253d715e69532e6a77454ca999b1434647dbd85a7aa0e
horizon_joint,True,denied,after_return,position_3d_rmse_m,0.21469380203977825,0.21443706555315561,-0.0002567364866226385,-0.11958262613238624,8d83c16096db5486b0318f1a892c42c993396a02f67979e66c8101bf01738b7d,6b599de67bb6ca497a6253d715e69532e6a77454ca999b1434647dbd85a7aa0e
horizon_joint,True,denied,after_return,velocity_3d_rmse_m_s,0.03787831528701606,0.037880650557638854,2.33527062279415e-06,0.006165191363716183,8d83c16096db5486b0318f1a892c42c993396a02f67979e66c8101bf01738b7d,6b599de67bb6ca497a6253d715e69532e6a77454ca999b1434647dbd85a7aa0e
horizon_joint,True,denied,after_return,attitude_rmse_deg,0.0972544167993468,0.09740217673705388,0.00014775993770708984,0.1519313390279775,8d83c16096db5486b0318f1a892c42c993396a02f67979e66c8101bf01738b7d,6b599de67bb6ca497a6253d715e69532e6a77454ca999b1434647dbd85a7aa0e
horizon_joint,True,denied,after_return,yaw_rmse_deg,0.08056951496016623,0.08067272480885522,0.00010320984868898708,0.12810037238031313,8d83c16096db5486b0318f1a892c42c993396a02f67979e66c8101bf01738b7d,6b599de67bb6ca497a6253d715e69532e6a77454ca999b1434647dbd85a7aa0e
retrodiction_joint,True,denied,flight,horizontal_position_rmse_m,0.15652964971747965,0.15636454951493314,-0.0001651002025465087,-0.10547535425045051,a011c0becb3949166803d662ea17b2465fbf9547e6d7b28b23ef4de935c6eb1d,b6921b88b9a5b94fb384bf98c7ac2dbbd2f9cf628cb457c562fbe4105dca88bb
retrodiction_joint,True,denied,flight,vertical_position_rmse_m,0.03110268879178098,0.03110648430709978,3.795515318798931e-06,0.012203174279257212,a011c0becb3949166803d662ea17b2465fbf9547e6d7b28b23ef4de935c6eb1d,b6921b88b9a5b94fb384bf98c7ac2dbbd2f9cf628cb457c562fbe4105dca88bb
retrodiction_joint,True,denied,flight,position_3d_rmse_m,0.1595898132424349,0.159428622621397,-0.00016119062103789328,-0.10100307642633144,a011c0becb3949166803d662ea17b2465fbf9547e6d7b28b23ef4de935c6eb1d,b6921b88b9a5b94fb384bf98c7ac2dbbd2f9cf628cb457c562fbe4105dca88bb
retrodiction_joint,True,denied,flight,velocity_3d_rmse_m_s,0.029298122625521613,0.029358188020576017,6.006539505440389e-05,0.2050144844505608,a011c0becb3949166803d662ea17b2465fbf9547e6d7b28b23ef4de935c6eb1d,b6921b88b9a5b94fb384bf98c7ac2dbbd2f9cf628cb457c562fbe4105dca88bb
retrodiction_joint,True,denied,flight,attitude_rmse_deg,0.15435770710874178,0.1601463915768536,0.0057886844681118155,3.7501752109039943,a011c0becb3949166803d662ea17b2465fbf9547e6d7b28b23ef4de935c6eb1d,b6921b88b9a5b94fb384bf98c7ac2dbbd2f9cf628cb457c562fbe4105dca88bb
retrodiction_joint,True,denied,flight,yaw_rmse_deg,0.14355735248645,0.1488551870597447,0.0052978345732947185,3.6903958463533115,a011c0becb3949166803d662ea17b2465fbf9547e6d7b28b23ef4de935c6eb1d,b6921b88b9a5b94fb384bf98c7ac2dbbd2f9cf628cb457c562fbe4105dca88bb
retrodiction_joint,True,denied,outage_window,horizontal_position_rmse_m,0.1250490289323912,0.1250659649668998,1.6936034508613362e-05,0.013543515414071727,a011c0becb3949166803d662ea17b2465fbf9547e6d7b28b23ef4de935c6eb1d,b6921b88b9a5b94fb384bf98c7ac2dbbd2f9cf628cb457c562fbe4105dca88bb
retrodiction_joint,True,denied,outage_window,vertical_position_rmse_m,0.0330640966088691,0.033060612916503584,-3.4836923655176544e-06,-0.010536178885300895,a011c0becb3949166803d662ea17b2465fbf9547e6d7b28b23ef4de935c6eb1d,b6921b88b9a5b94fb384bf98c7ac2dbbd2f9cf628cb457c562fbe4105dca88bb
retrodiction_joint,True,denied,outage_window,position_3d_rmse_m,0.1293464113205103,0.12936189438747678,1.5483066966470727e-05,0.01197023311927392,a011c0becb3949166803d662ea17b2465fbf9547e6d7b28b23ef4de935c6eb1d,b6921b88b9a5b94fb384bf98c7ac2dbbd2f9cf628cb457c562fbe4105dca88bb
retrodiction_joint,True,denied,outage_window,velocity_3d_rmse_m_s,0.02364997433669244,0.023649515141626096,-4.591950663428157e-07,-0.0019416302944108565,a011c0becb3949166803d662ea17b2465fbf9547e6d7b28b23ef4de935c6eb1d,b6921b88b9a5b94fb384bf98c7ac2dbbd2f9cf628cb457c562fbe4105dca88bb
retrodiction_joint,True,denied,outage_window,attitude_rmse_deg,0.08066037718823475,0.08081356314212504,0.00015318595389028633,0.18991475025316173,a011c0becb3949166803d662ea17b2465fbf9547e6d7b28b23ef4de935c6eb1d,b6921b88b9a5b94fb384bf98c7ac2dbbd2f9cf628cb457c562fbe4105dca88bb
retrodiction_joint,True,denied,outage_window,yaw_rmse_deg,0.07862261321769325,0.07876190449003473,0.00013929127234148242,0.17716438902355414,a011c0becb3949166803d662ea17b2465fbf9547e6d7b28b23ef4de935c6eb1d,b6921b88b9a5b94fb384bf98c7ac2dbbd2f9cf628cb457c562fbe4105dca88bb
retrodiction_joint,True,denied,after_return,horizontal_position_rmse_m,0.21221796529201278,0.211736352354445,-0.00048161293756779355,-0.22694258561243297,a011c0becb3949166803d662ea17b2465fbf9547e6d7b28b23ef4de935c6eb1d,b6921b88b9a5b94fb384bf98c7ac2dbbd2f9cf628cb457c562fbe4105dca88bb
retrodiction_joint,True,denied,after_return,vertical_position_rmse_m,0.030064558139418475,0.030068801838428715,4.243699010239577e-06,0.014115288142813043,a011c0becb3949166803d662ea17b2465fbf9547e6d7b28b23ef4de935c6eb1d,b6921b88b9a5b94fb384bf98c7ac2dbbd2f9cf628cb457c562fbe4105dca88bb
retrodiction_joint,True,denied,after_return,position_3d_rmse_m,0.2143369833901756,0.21386073915603204,-0.00047624423414355244,-0.2221941480237244,a011c0becb3949166803d662ea17b2465fbf9547e6d7b28b23ef4de935c6eb1d,b6921b88b9a5b94fb384bf98c7ac2dbbd2f9cf628cb457c562fbe4105dca88bb
retrodiction_joint,True,denied,after_return,velocity_3d_rmse_m_s,0.03688735748586681,0.036889499606247,2.1421203801955113e-06,0.0058071939173620635,a011c0becb3949166803d662ea17b2465fbf9547e6d7b28b23ef4de935c6eb1d,b6921b88b9a5b94fb384bf98c7ac2dbbd2f9cf628cb457c562fbe4105dca88bb
retrodiction_joint,True,denied,after_return,attitude_rmse_deg,0.1004870966087657,0.10066548837339086,0.00017839176462515483,0.1775270364509529,a011c0becb3949166803d662ea17b2465fbf9547e6d7b28b23ef4de935c6eb1d,b6921b88b9a5b94fb384bf98c7ac2dbbd2f9cf628cb457c562fbe4105dca88bb
retrodiction_joint,True,denied,after_return,yaw_rmse_deg,0.08404618407281318,0.08423585218477633,0.00018966811196315103,0.2256712949618711,a011c0becb3949166803d662ea17b2465fbf9547e6d7b28b23ef4de935c6eb1d,b6921b88b9a5b94fb384bf98c7ac2dbbd2f9cf628cb457c562fbe4105dca88bb
horizon,False,transition,flight,horizontal_position_rmse_m,0.12363933549596451,0.12363018430090868,-9.151195055831507e-06,-0.007401523972228041,7dd4559c3ca1bfee9c669d514bf64742547e16e4348f9a3a36c4970d37b61d07,4224973c0e30ba43552d66d7c8fb0d1423364fc6ebef7f652e83d08b2ccaf89c
horizon,False,transition,flight,vertical_position_rmse_m,0.034043928030311865,0.0340253854332259,-1.854259708596734e-05,-0.054466679254694395,7dd4559c3ca1bfee9c669d514bf64742547e16e4348f9a3a36c4970d37b61d07,4224973c0e30ba43552d66d7c8fb0d1423364fc6ebef7f652e83d08b2ccaf89c
horizon,False,transition,flight,position_3d_rmse_m,0.1282406890094432,0.12822694461054673,-1.3744398896453625e-05,-0.010717658336534264,7dd4559c3ca1bfee9c669d514bf64742547e16e4348f9a3a36c4970d37b61d07,4224973c0e30ba43552d66d7c8fb0d1423364fc6ebef7f652e83d08b2ccaf89c
horizon,False,transition,flight,velocity_3d_rmse_m_s,0.020808771386012382,0.020812696321188377,3.9249351759945705e-06,0.0188619265558021,7dd4559c3ca1bfee9c669d514bf64742547e16e4348f9a3a36c4970d37b61d07,4224973c0e30ba43552d66d7c8fb0d1423364fc6ebef7f652e83d08b2ccaf89c
horizon,False,transition,flight,attitude_rmse_deg,0.20095411807740696,0.2107539362639998,0.00979981818659284,4.876644619354353,7dd4559c3ca1bfee9c669d514bf64742547e16e4348f9a3a36c4970d37b61d07,4224973c0e30ba43552d66d7c8fb0d1423364fc6ebef7f652e83d08b2ccaf89c
horizon,False,transition,flight,yaw_rmse_deg,0.18832490131774143,0.19723475758931658,0.008909856271575145,4.731108955444219,7dd4559c3ca1bfee9c669d514bf64742547e16e4348f9a3a36c4970d37b61d07,4224973c0e30ba43552d66d7c8fb0d1423364fc6ebef7f652e83d08b2ccaf89c
horizon,False,transition,outage_window,horizontal_position_rmse_m,0.20451046361685088,0.2044889034765926,-2.1560140258281013e-05,-0.010542316455097733,7dd4559c3ca1bfee9c669d514bf64742547e16e4348f9a3a36c4970d37b61d07,4224973c0e30ba43552d66d7c8fb0d1423364fc6ebef7f652e83d08b2ccaf89c
horizon,False,transition,outage_window,vertical_position_rmse_m,0.038524396764092035,0.03851653938746727,-7.8573766247661e-06,-0.02039584596971178,7dd4559c3ca1bfee9c669d514bf64742547e16e4348f9a3a36c4970d37b61d07,4224973c0e30ba43552d66d7c8fb0d1423364fc6ebef7f652e83d08b2ccaf89c
horizon,False,transition,outage_window,position_3d_rmse_m,0.20810732537519305,0.2080846833658007,-2.264200939236516e-05,-0.010879967512700262,7dd4559c3ca1bfee9c669d514bf64742547e16e4348f9a3a36c4970d37b61d07,4224973c0e30ba43552d66d7c8fb0d1423364fc6ebef7f652e83d08b2ccaf89c
horizon,False,transition,outage_window,velocity_3d_rmse_m_s,0.02374958148725526,0.0237426254660424,-6.956021212860264e-06,-0.02928902648913212,7dd4559c3ca1bfee9c669d514bf64742547e16e4348f9a3a36c4970d37b61d07,4224973c0e30ba43552d66d7c8fb0d1423364fc6ebef7f652e83d08b2ccaf89c
horizon,False,transition,outage_window,attitude_rmse_deg,0.08321419205729506,0.08306654863027399,-0.00014764342702107414,-0.17742577722730246,7dd4559c3ca1bfee9c669d514bf64742547e16e4348f9a3a36c4970d37b61d07,4224973c0e30ba43552d66d7c8fb0d1423364fc6ebef7f652e83d08b2ccaf89c
horizon,False,transition,outage_window,yaw_rmse_deg,0.07131428917786133,0.07098372209746465,-0.00033056708039667926,-0.46353554695360843,7dd4559c3ca1bfee9c669d514bf64742547e16e4348f9a3a36c4970d37b61d07,4224973c0e30ba43552d66d7c8fb0d1423364fc6ebef7f652e83d08b2ccaf89c
horizon,False,transition,after_return,horizontal_position_rmse_m,0.06303380803093735,0.0630251915455429,-8.616485394449813e-06,-0.013669625338552649,7dd4559c3ca1bfee9c669d514bf64742547e16e4348f9a3a36c4970d37b61d07,4224973c0e30ba43552d66d7c8fb0d1423364fc6ebef7f652e83d08b2ccaf89c
horizon,False,transition,after_return,vertical_position_rmse_m,0.03276422525551522,0.032763057048190464,-1.1682073247573643e-06,-0.003565496561097614,7dd4559c3ca1bfee9c669d514bf64742547e16e4348f9a3a36c4970d37b61d07,4224973c0e30ba43552d66d7c8fb0d1423364fc6ebef7f652e83d08b2ccaf89c
horizon,False,transition,after_return,position_3d_rmse_m,0.07104051950454195,0.0710323354289816,-8.184075560344062e-06,-0.011520292387245945,7dd4559c3ca1bfee9c669d514bf64742547e16e4348f9a3a36c4970d37b61d07,4224973c0e30ba43552d66d7c8fb0d1423364fc6ebef7f652e83d08b2ccaf89c
horizon,False,transition,after_return,velocity_3d_rmse_m_s,0.02189413795085061,0.02189261013549622,-1.5278153543893391e-06,-0.006978193696505208,7dd4559c3ca1bfee9c669d514bf64742547e16e4348f9a3a36c4970d37b61d07,4224973c0e30ba43552d66d7c8fb0d1423364fc6ebef7f652e83d08b2ccaf89c
horizon,False,transition,after_return,attitude_rmse_deg,0.14184077540593745,0.14192981895313247,8.904354719502239e-05,0.0627771153536072,7dd4559c3ca1bfee9c669d514bf64742547e16e4348f9a3a36c4970d37b61d07,4224973c0e30ba43552d66d7c8fb0d1423364fc6ebef7f652e83d08b2ccaf89c
horizon,False,transition,after_return,yaw_rmse_deg,0.1400023430809187,0.14007613168210373,7.37886011850375e-05,0.05270526161293976,7dd4559c3ca1bfee9c669d514bf64742547e16e4348f9a3a36c4970d37b61d07,4224973c0e30ba43552d66d7c8fb0d1423364fc6ebef7f652e83d08b2ccaf89c
retrodiction,False,transition,flight,horizontal_position_rmse_m,0.12720196952379678,0.12718758657680027,-1.438294699651621e-05,-0.011307173191077435,2ca6c4c337863012341043a741e79b6b25db2242a847ff1eeb468c62f0d454f3,fecdaf4ecae15020e06e3644ea62c06723797d1d2388525e148d6fdda097cdfc
retrodiction,False,transition,flight,vertical_position_rmse_m,0.03848903613296051,0.03847905731620848,-9.978816752027886e-06,-0.02592638775769096,2ca6c4c337863012341043a741e79b6b25db2242a847ff1eeb468c62f0d454f3,fecdaf4ecae15020e06e3644ea62c06723797d1d2388525e148d6fdda097cdfc
retrodiction,False,transition,flight,position_3d_rmse_m,0.13289750544377144,0.13288084900080643,-1.6656442965001794e-05,-0.012533299936201558,2ca6c4c337863012341043a741e79b6b25db2242a847ff1eeb468c62f0d454f3,fecdaf4ecae15020e06e3644ea62c06723797d1d2388525e148d6fdda097cdfc
retrodiction,False,transition,flight,velocity_3d_rmse_m_s,0.022363726172933782,0.02233110934965164,-3.261682328214305e-05,-0.14584699808039003,2ca6c4c337863012341043a741e79b6b25db2242a847ff1eeb468c62f0d454f3,fecdaf4ecae15020e06e3644ea62c06723797d1d2388525e148d6fdda097cdfc
retrodiction,False,transition,flight,attitude_rmse_deg,0.2056688908458092,0.21033986112898553,0.00467097028317634,2.2711117194083474,2ca6c4c337863012341043a741e79b6b25db2242a847ff1eeb468c62f0d454f3,fecdaf4ecae15020e06e3644ea62c06723797d1d2388525e148d6fdda097cdfc
retrodiction,False,transition,flight,yaw_rmse_deg,0.19777462538077906,0.20190392205676277,0.004129296675983718,2.087879912821733,2ca6c4c337863012341043a741e79b6b25db2242a847ff1eeb468c62f0d454f3,fecdaf4ecae15020e06e3644ea62c06723797d1d2388525e148d6fdda097cdfc
retrodiction,False,transition,outage_window,horizontal_position_rmse_m,0.21351200419521874,0.21348582083889484,-2.618335632390001e-05,-0.012263177624416421,2ca6c4c337863012341043a741e79b6b25db2242a847ff1eeb468c62f0d454f3,fecdaf4ecae15020e06e3644ea62c06723797d1d2388525e148d6fdda097cdfc
retrodiction,False,transition,outage_window,vertical_position_rmse_m,0.041543285027169106,0.041539610997775804,-3.6740293933024137e-06,-0.008843858618545752,2ca6c4c337863012341043a741e79b6b25db2242a847ff1eeb468c62f0d454f3,fecdaf4ecae15020e06e3644ea62c06723797d1d2388525e148d6fdda097cdfc
retrodiction,False,transition,outage_window,position_3d_rmse_m,0.21751602347024393,0.21748962039854508,-2.640307169884948e-05,-0.012138449056586786,2ca6c4c337863012341043a741e79b6b25db2242a847ff1eeb468c62f0d454f3,fecdaf4ecae15020e06e3644ea62c06723797d1d2388525e148d6fdda097cdfc
retrodiction,False,transition,outage_window,velocity_3d_rmse_m_s,0.02700446129101445,0.026977911912629885,-2.6549378384563976e-05,-0.09831478620682121,2ca6c4c337863012341043a741e79b6b25db2242a847ff1eeb468c62f0d454f3,fecdaf4ecae15020e06e3644ea62c06723797d1d2388525e148d6fdda097cdfc
retrodiction,False,transition,outage_window,attitude_rmse_deg,0.11726220781400308,0.11704747874578587,-0.0002147290682172065,-0.1831187321304717,2ca6c4c337863012341043a741e79b6b25db2242a847ff1eeb468c62f0d454f3,fecdaf4ecae15020e06e3644ea62c06723797d1d2388525e148d6fdda097cdfc
retrodiction,False,transition,outage_window,yaw_rmse_deg,0.11327506892559915,0.11299745800504851,-0.0002776109205506333,-0.2450768056764252,2ca6c4c337863012341043a741e79b6b25db2242a847ff1eeb468c62f0d454f3,fecdaf4ecae15020e06e3644ea62c06723797d1d2388525e148d6fdda097cdfc
retrodiction,False,transition,after_return,horizontal_position_rmse_m,0.057938796725599526,0.057937234638962505,-1.5620866370205655e-06,-0.0026960978227075216,2ca6c4c337863012341043a741e79b6b25db2242a847ff1eeb468c62f0d454f3,fecdaf4ecae15020e06e3644ea62c06723797d1d2388525e148d6fdda097cdfc
retrodiction,False,transition,after_return,vertical_position_rmse_m,0.039726405502746254,0.0397259149478206,-4.905549256528641e-07,-0.0012348334047507237,2ca6c4c337863012341043a741e79b6b25db2242a847ff1eeb468c62f0d454f3,fecdaf4ecae15020e06e3644ea62c06723797d1d2388525e148d6fdda097cdfc
retrodiction,False,transition,after_return,position_3d_rmse_m,0.07025020612196785,0.07024864038578735,-1.5657361805004877e-06,-0.002228799411319038,2ca6c4c337863012341043a741e79b6b25db2242a847ff1eeb468c62f0d454f3,fecdaf4ecae15020e06e3644ea62c06723797d1d2388525e148d6fdda097cdfc
retrodiction,False,transition,after_return,velocity_3d_rmse_m_s,0.022271208944912038,0.022269105448296127,-2.1034966159114155e-06,-0.009444914378531344,2ca6c4c337863012341043a741e79b6b25db2242a847ff1eeb468c62f0d454f3,fecdaf4ecae15020e06e3644ea62c06723797d1d2388525e148d6fdda097cdfc
retrodiction,False,transition,after_return,attitude_rmse_deg,0.18449441677992887,0.18458111491245854,8.669813252967784e-05,0.04699227978974818,2ca6c4c337863012341043a741e79b6b25db2242a847ff1eeb468c62f0d454f3,fecdaf4ecae15020e06e3644ea62c06723797d1d2388525e148d6fdda097cdfc
retrodiction,False,transition,after_return,yaw_rmse_deg,0.1832474176492259,0.18333060654842423,8.318889919833872e-05,0.045397037658445605,2ca6c4c337863012341043a741e79b6b25db2242a847ff1eeb468c62f0d454f3,fecdaf4ecae15020e06e3644ea62c06723797d1d2388525e148d6fdda097cdfc
horizon_joint,False,transition,flight,horizontal_position_rmse_m,0.12097977105580623,0.12098921435943816,9.443303631923028e-06,0.007805688132411781,67c8e140a15a073408cbd21e96d04e69d8a135ac030e0d7fa9646115018abd4b,981a56d0c07c48521afc9c209678609cd07700f7f820a4b1df8e441bf438542a
horizon_joint,False,transition,flight,vertical_position_rmse_m,0.0317663622758475,0.03174631309628391,-2.004917956358737e-05,-0.06311449636406952,67c8e140a15a073408cbd21e96d04e69d8a135ac030e0d7fa9646115018abd4b,981a56d0c07c48521afc9c209678609cd07700f7f820a4b1df8e441bf438542a
horizon_joint,False,transition,flight,position_3d_rmse_m,0.1250808009926211,0.125084844751558,4.043758936922437e-06,0.0032329173660805566,67c8e140a15a073408cbd21e96d04e69d8a135ac030e0d7fa9646115018abd4b,981a56d0c07c48521afc9c209678609cd07700f7f820a4b1df8e441bf438542a
horizon_joint,False,transition,flight,velocity_3d_rmse_m_s,0.01925903337735725,0.019267287502892097,8.254125534845613e-06,0.04285846217262357,67c8e140a15a073408cbd21e96d04e69d8a135ac030e0d7fa9646115018abd4b,981a56d0c07c48521afc9c209678609cd07700f7f820a4b1df8e441bf438542a
horizon_joint,False,transition,flight,attitude_rmse_deg,0.20079774912544965,0.21061817883887826,0.009820429713428613,4.890707070273592,67c8e140a15a073408cbd21e96d04e69d8a135ac030e0d7fa9646115018abd4b,981a56d0c07c48521afc9c209678609cd07700f7f820a4b1df8e441bf438542a
horizon_joint,False,transition,flight,yaw_rmse_deg,0.18759988221625407,0.19655351960892276,0.00895363739266869,4.772730817787751,67c8e140a15a073408cbd21e96d04e69d8a135ac030e0d7fa9646115018abd4b,981a56d0c07c48521afc9c209678609cd07700f7f820a4b1df8e441bf438542a
horizon_joint,False,transition,outage_window,horizontal_position_rmse_m,0.19971285180015613,0.1997252125175264,1.2360717370263341e-05,0.006189244837706553,67c8e140a15a073408cbd21e96d04e69d8a135ac030e0d7fa9646115018abd4b,981a56d0c07c48521afc9c209678609cd07700f7f820a4b1df8e441bf438542a
horizon_joint,False,transition,outage_window,vertical_position_rmse_m,0.027204233885254742,0.02720732533607191,3.091450817168523e-06,0.011363859133872722,67c8e140a15a073408cbd21e96d04e69d8a135ac030e0d7fa9646115018abd4b,981a56d0c07c48521afc9c209678609cd07700f7f820a4b1df8e441bf438542a
horizon_joint,False,transition,outage_window,position_3d_rmse_m,0.20155717182832958,0.20156983669962614,1.2664871296558244e-05,0.00628351310036912,67c8e140a15a073408cbd21e96d04e69d8a135ac030e0d7fa9646115018abd4b,981a56d0c07c48521afc9c209678609cd07700f7f820a4b1df8e441bf438542a
horizon_joint,False,transition,outage_window,velocity_3d_rmse_m_s,0.0226575002937434,0.0226580783937184,5.780999749981086e-07,0.002551472878753458,67c8e140a15a073408cbd21e96d04e69d8a135ac030e0d7fa9646115018abd4b,981a56d0c07c48521afc9c209678609cd07700f7f820a4b1df8e441bf438542a
horizon_joint,False,transition,outage_window,attitude_rmse_deg,0.08479272583259169,0.08473053086368877,-6.219496890291776e-05,-0.0733494156393899,67c8e140a15a073408cbd21e96d04e69d8a135ac030e0d7fa9646115018abd4b,981a56d0c07c48521afc9c209678609cd07700f7f820a4b1df8e441bf438542a
horizon_joint,False,transition,outage_window,yaw_rmse_deg,0.0713021962970372,0.07104730453374437,-0.0002548917632928249,-0.35748094242563644,67c8e140a15a073408cbd21e96d04e69d8a135ac030e0d7fa9646115018abd4b,981a56d0c07c48521afc9c209678609cd07700f7f820a4b1df8e441bf438542a
horizon_joint,False,transition,after_return,horizontal_position_rmse_m,0.062475707524423864,0.0624694569867408,-6.25053768306405e-06,-0.010004748934810959,67c8e140a15a073408cbd21e96d04e69d8a135ac030e0d7fa9646115018abd4b,981a56d0c07c48521afc9c209678609cd07700f7f820a4b1df8e441bf438542a
horizon_joint,False,transition,after_return,vertical_position_rmse_m,0.037652549040256306,0.03764851877251135,-4.0302677449532975e-06,-0.010703837715331233,67c8e140a15a073408cbd21e96d04e69d8a135ac030e0d7fa9646115018abd4b,981a56d0c07c48521afc9c209678609cd07700f7f820a4b1df8e441bf438542a
horizon_joint,False,transition,after_return,position_3d_rmse_m,0.07294469466593344,0.07293726086152673,-7.433804406709044e-06,-0.010191014494964623,67c8e140a15a073408cbd21e96d04e69d8a135ac030e0d7fa9646115018abd4b,981a56d0c07c48521afc9c209678609cd07700f7f820a4b1df8e441bf438542a
horizon_joint,False,transition,after_return,velocity_3d_rmse_m_s,0.019266661629377242,0.019265870484792502,-7.9114458474e-07,-0.004106287845595524,67c8e140a15a073408cbd21e96d04e69d8a135ac030e0d7fa9646115018abd4b,981a56d0c07c48521afc9c209678609cd07700f7f820a4b1df8e441bf438542a
horizon_joint,False,transition,after_return,attitude_rmse_deg,0.13993496752264906,0.1400633476750522,0.00012838015240315692,0.09174272497856073,67c8e140a15a073408cbd21e96d04e69d8a135ac030e0d7fa9646115018abd4b,981a56d0c07c48521afc9c209678609cd07700f7f820a4b1df8e441bf438542a
horizon_joint,False,transition,after_return,yaw_rmse_deg,0.13798336239837178,0.138092097783556,0.00010873538518421655,0.07880325808431454,67c8e140a15a073408cbd21e96d04e69d8a135ac030e0d7fa9646115018abd4b,981a56d0c07c48521afc9c209678609cd07700f7f820a4b1df8e441bf438542a
retrodiction_joint,False,transition,flight,horizontal_position_rmse_m,0.12446918613239137,0.12445252313974363,-1.6662992647742403e-05,-0.013387243192886089,eb004348bc3ca637a5e6607af6c428e8872ab568b6600afc3f599dc9ee8d24b8,9ecdb10e4ca4ba9e9074053c9263a31422df6a1a12cf08b210865816d7e403c3
retrodiction_joint,False,transition,flight,vertical_position_rmse_m,0.0258161681104037,0.02579748025439599,-1.868785600770903e-05,-0.07238818684395243,eb004348bc3ca637a5e6607af6c428e8872ab568b6600afc3f599dc9ee8d24b8,9ecdb10e4ca4ba9e9074053c9263a31422df6a1a12cf08b210865816d7e403c3
retrodiction_joint,False,transition,flight,position_3d_rmse_m,0.1271182631739614,0.12709815302876898,-2.011014519243126e-05,-0.015820028287294452,eb004348bc3ca637a5e6607af6c428e8872ab568b6600afc3f599dc9ee8d24b8,9ecdb10e4ca4ba9e9074053c9263a31422df6a1a12cf08b210865816d7e403c3
retrodiction_joint,False,transition,flight,velocity_3d_rmse_m_s,0.0208546410647978,0.02082283935371298,-3.180171108482094e-05,-0.15249224854079202,eb004348bc3ca637a5e6607af6c428e8872ab568b6600afc3f599dc9ee8d24b8,9ecdb10e4ca4ba9e9074053c9263a31422df6a1a12cf08b210865816d7e403c3
retrodiction_joint,False,transition,flight,attitude_rmse_deg,0.20448738601089933,0.2091879544655739,0.004700568454674564,2.2987082706529494,eb004348bc3ca637a5e6607af6c428e8872ab568b6600afc3f599dc9ee8d24b8,9ecdb10e4ca4ba9e9074053c9263a31422df6a1a12cf08b210865816d7e403c3
retrodiction_joint,False,transition,flight,yaw_rmse_deg,0.19621302116831663,0.20036881730333805,0.004155796135021428,2.1180022152844202,eb004348bc3ca637a5e6607af6c428e8872ab568b6600afc3f599dc9ee8d24b8,9ecdb10e4ca4ba9e9074053c9263a31422df6a1a12cf08b210865816d7e403c3
retrodiction_joint,False,transition,outage_window,horizontal_position_rmse_m,0.20857399066954183,0.20854364573150444,-3.034493803738547e-05,-0.0145487641771469,eb004348bc3ca637a5e6607af6c428e8872ab568b6600afc3f599dc9ee8d24b8,9ecdb10e4ca4ba9e9074053c9263a31422df6a1a12cf08b210865816d7e403c3
retrodiction_joint,False,transition,outage_window,vertical_position_rmse_m,0.026368565699943548,0.0263685203845523,-4.531539124844053e-08,-0.0001718538344630538,eb004348bc3ca637a5e6607af6c428e8872ab568b6600afc3f599dc9ee8d24b8,9ecdb10e4ca4ba9e9074053c9263a31422df6a1a12cf08b210865816d7e403c3
retrodiction_joint,False,transition,outage_window,position_3d_rmse_m,0.21023418095278978,0.2102040699945122,-3.0110958277596023e-05,-0.014322579773251576,eb004348bc3ca637a5e6607af6c428e8872ab568b6600afc3f599dc9ee8d24b8,9ecdb10e4ca4ba9e9074053c9263a31422df6a1a12cf08b210865816d7e403c3
retrodiction_joint,False,transition,outage_window,velocity_3d_rmse_m_s,0.025638203580849523,0.02561653786088767,-2.1665719961854596e-05,-0.08450560856781975,eb004348bc3ca637a5e6607af6c428e8872ab568b6600afc3f599dc9ee8d24b8,9ecdb10e4ca4ba9e9074053c9263a31422df6a1a12cf08b210865816d7e403c3
retrodiction_joint,False,transition,outage_window,attitude_rmse_deg,0.11592745582916052,0.11572272556682942,-0.00020473026233110148,-0.17660204898554133,eb004348bc3ca637a5e6607af6c428e8872ab568b6600afc3f599dc9ee8d24b8,9ecdb10e4ca4ba9e9074053c9263a31422df6a1a12cf08b210865816d7e403c3
retrodiction_joint,False,transition,outage_window,yaw_rmse_deg,0.11134222855342284,0.11104426431792686,-0.0002979642354959816,-0.2676111654735025,eb004348bc3ca637a5e6607af6c428e8872ab568b6600afc3f599dc9ee8d24b8,9ecdb10e4ca4ba9e9074053c9263a31422df6a1a12cf08b210865816d7e403c3
retrodiction_joint,False,transition,after_return,horizontal_position_rmse_m,0.05753466383052053,0.05753310353139494,-1.5602991255900256e-06,-0.0027119288124932694,eb004348bc3ca637a5e6607af6c428e8872ab568b6600afc3f599dc9ee8d24b8,9ecdb10e4ca4ba9e9074053c9263a31422df6a1a12cf08b210865816d7e403c3
retrodiction_joint,False,transition,after_return,vertical_position_rmse_m,0.02369373771956093,0.023688443359559788,-5.294360001142917e-06,-0.022344975975541193,eb004348bc3ca637a5e6607af6c428e8872ab568b6600afc3f599dc9ee8d24b8,9ecdb10e4ca4ba9e9074053c9263a31422df6a1a12cf08b210865816d7e403c3
retrodiction_joint,False,transition,after_return,position_3d_rmse_m,0.0622224296312379,0.06221897098757967,-3.4586436582287328e-06,-0.0055585159221993585,eb004348bc3ca637a5e6607af6c428e8872ab568b6600afc3f599dc9ee8d24b8,9ecdb10e4ca4ba9e9074053c9263a31422df6a1a12cf08b210865816d7e403c3
retrodiction_joint,False,transition,after_return,velocity_3d_rmse_m_s,0.019958511883351626,0.019956885661946176,-1.6262214054506285e-06,-0.008148009305275483,eb004348bc3ca637a5e6607af6c428e8872ab568b6600afc3f599dc9ee8d24b8,9ecdb10e4ca4ba9e9074053c9263a31422df6a1a12cf08b210865816d7e403c3
retrodiction_joint,False,transition,after_return,attitude_rmse_deg,0.1822396598553309,0.18232796477943644,8.830492410555335e-05,0.048455382420953264,eb004348bc3ca637a5e6607af6c428e8872ab568b6600afc3f599dc9ee8d24b8,9ecdb10e4ca4ba9e9074053c9263a31422df6a1a12cf08b210865816d7e403c3
retrodiction_joint,False,transition,after_return,yaw_rmse_deg,0.180933831569855,0.18101467435738286,8.084278752784613e-05,0.04468085754136819,eb004348bc3ca637a5e6607af6c428e8872ab568b6600afc3f599dc9ee8d24b8,9ecdb10e4ca4ba9e9074053c9263a31422df6a1a12cf08b210865816d7e403c3
horizon,True,transition,flight,horizontal_position_rmse_m,0.12341264124142866,0.12339163801058256,-2.1003230846097787e-05,-0.017018702974691546,9983209ec10faa8279e53c694c348343ef01e7eb18d6b4ca41e4a2469459a97e,4294be20a332e6a4c408ac624184d535db8cc8969131d6a715f30c4aaae96fe4
horizon,True,transition,flight,vertical_position_rmse_m,0.03403564801068137,0.03403538023915994,-2.6777152142831717e-07,-0.0007867384259729882,9983209ec10faa8279e53c694c348343ef01e7eb18d6b4ca41e4a2469459a97e,4294be20a332e6a4c408ac624184d535db8cc8969131d6a715f30c4aaae96fe4
horizon,True,transition,flight,position_3d_rmse_m,0.12801994123453025,0.12799962280787722,-2.0318426653037625e-05,-0.015871298218939067,9983209ec10faa8279e53c694c348343ef01e7eb18d6b4ca41e4a2469459a97e,4294be20a332e6a4c408ac624184d535db8cc8969131d6a715f30c4aaae96fe4
horizon,True,transition,flight,velocity_3d_rmse_m_s,0.021014414630754714,0.021027866408985914,1.3451778231199363e-05,0.06401214817335354,9983209ec10faa8279e53c694c348343ef01e7eb18d6b4ca41e4a2469459a97e,4294be20a332e6a4c408ac624184d535db8cc8969131d6a715f30c4aaae96fe4
horizon,True,transition,flight,attitude_rmse_deg,0.09092991947417058,0.09503658622560318,0.0041066667514326055,4.5162986783455095,9983209ec10faa8279e53c694c348343ef01e7eb18d6b4ca41e4a2469459a97e,4294be20a332e6a4c408ac624184d535db8cc8969131d6a715f30c4aaae96fe4
horizon,True,transition,flight,yaw_rmse_deg,0.08304501475936323,0.08669769591896459,0.0036526811596013647,4.398435198290485,9983209ec10faa8279e53c694c348343ef01e7eb18d6b4ca41e4a2469459a97e,4294be20a332e6a4c408ac624184d535db8cc8969131d6a715f30c4aaae96fe4
horizon,True,transition,outage_window,horizontal_position_rmse_m,0.20486074043927902,0.20482239905704078,-3.834138223823835e-05,-0.018715827227810955,9983209ec10faa8279e53c694c348343ef01e7eb18d6b4ca41e4a2469459a97e,4294be20a332e6a4c408ac624184d535db8cc8969131d6a715f30c4aaae96fe4
horizon,True,transition,outage_window,vertical_position_rmse_m,0.03787804889667908,0.03787298853109024,-5.060365588845095e-06,-0.013359625789199914,9983209ec10faa8279e53c694c348343ef01e7eb18d6b4ca41e4a2469459a97e,4294be20a332e6a4c408ac624184d535db8cc8969131d6a715f30c4aaae96fe4
horizon,True,transition,outage_window,position_3d_rmse_m,0.20833307361422204,0.20829445123612328,-3.862237809876268e-05,-0.018538764598785562,9983209ec10faa8279e53c694c348343ef01e7eb18d6b4ca41e4a2469459a97e,4294be20a332e6a4c408ac624184d535db8cc8969131d6a715f30c4aaae96fe4
horizon,True,transition,outage_window,velocity_3d_rmse_m_s,0.0252068726430835,0.0252059177346045,-9.549084790012874e-07,-0.003788286204808866,9983209ec10faa8279e53c694c348343ef01e7eb18d6b4ca41e4a2469459a97e,4294be20a332e6a4c408ac624184d535db8cc8969131d6a715f30c4aaae96fe4
horizon,True,transition,outage_window,attitude_rmse_deg,0.03218112795384609,0.03238974953350891,0.0002086215796628238,0.6482730498509115,9983209ec10faa8279e53c694c348343ef01e7eb18d6b4ca41e4a2469459a97e,4294be20a332e6a4c408ac624184d535db8cc8969131d6a715f30c4aaae96fe4
horizon,True,transition,outage_window,yaw_rmse_deg,0.027102559864811093,0.027307794125882516,0.00020523426107142348,0.7572504667276547,9983209ec10faa8279e53c694c348343ef01e7eb18d6b4ca41e4a2469459a97e,4294be20a332e6a4c408ac624184d535db8cc8969131d6a715f30c4aaae96fe4
horizon,True,transition,after_return,horizontal_position_rmse_m,0.061569360304270314,0.061562531342732194,-6.828961538120348e-06,-0.011091493405768205,9983209ec10faa8279e53c694c348343ef01e7eb18d6b4ca41e4a2469459a97e,4294be20a332e6a4c408ac624184d535db8cc8969131d6a715f30c4aaae96fe4
horizon,True,transition,after_return,vertical_position_rmse_m,0.034001879610277536,0.03400207792616075,1.9831588321528315e-07,0.0005832497658619928,9983209ec10faa8279e53c694c348343ef01e7eb18d6b4ca41e4a2469459a97e,4294be20a332e6a4c408ac624184d535db8cc8969131d6a715f30c4aaae96fe4
horizon,True,transition,after_return,position_3d_rmse_m,0.07033430134229575,0.07032841935250353,-5.881989792219655e-06,-0.00836290356194258,9983209ec10faa8279e53c694c348343ef01e7eb18d6b4ca41e4a2469459a97e,4294be20a332e6a4c408ac624184d535db8cc8969131d6a715f30c4aaae96fe4
horizon,True,transition,after_return,velocity_3d_rmse_m_s,0.02179020846392071,0.021792769971095128,2.5615071744186646e-06,0.011755312844563548,9983209ec10faa8279e53c694c348343ef01e7eb18d6b4ca41e4a2469459a97e,4294be20a332e6a4c408ac624184d535db8cc8969131d6a715f30c4aaae96fe4
horizon,True,transition,after_return,attitude_rmse_deg,0.09069919591068384,0.09066019034152509,-3.9005569158756526e-05,-0.04300541892032772,9983209ec10faa8279e53c694c348343ef01e7eb18d6b4ca41e4a2469459a97e,4294be20a332e6a4c408ac624184d535db8cc8969131d6a715f30c4aaae96fe4
horizon,True,transition,after_return,yaw_rmse_deg,0.08625194447307435,0.08618825719258097,-6.368728049338523e-05,-0.07383866054552213,9983209ec10faa8279e53c694c348343ef01e7eb18d6b4ca41e4a2469459a97e,4294be20a332e6a4c408ac624184d535db8cc8969131d6a715f30c4aaae96fe4
retrodiction,True,transition,flight,horizontal_position_rmse_m,0.12592768020875125,0.12595930715138556,3.162694263431076e-05,0.025115163387345874,922f4db3348cb07508196546bd34b15fe4bfe09975b8466bd926a811a797cc6e,0b9f6146ab29ae987f57aba2c300ed7e810bc41a634559bfebc01a21814ff55f
retrodiction,True,transition,flight,vertical_position_rmse_m,0.03812734678882334,0.03812814184393694,7.950551135990636e-07,0.0020852621033462526,922f4db3348cb07508196546bd34b15fe4bfe09975b8466bd926a811a797cc6e,0b9f6146ab29ae987f57aba2c300ed7e810bc41a634559bfebc01a21814ff55f
retrodiction,True,transition,flight,position_3d_rmse_m,0.13157307937383209,0.13160357996091315,3.0500587081067065e-05,0.023181480000489252,922f4db3348cb07508196546bd34b15fe4bfe09975b8466bd926a811a797cc6e,0b9f6146ab29ae987f57aba2c300ed7e810bc41a634559bfebc01a21814ff55f
retrodiction,True,transition,flight,velocity_3d_rmse_m_s,0.02215136035462739,0.022160352791378516,8.992436751127653e-06,0.040595415392852274,922f4db3348cb07508196546bd34b15fe4bfe09975b8466bd926a811a797cc6e,0b9f6146ab29ae987f57aba2c300ed7e810bc41a634559bfebc01a21814ff55f
retrodiction,True,transition,flight,attitude_rmse_deg,0.10089185552025648,0.10275389190425291,0.0018620363839964293,1.845576508029012,922f4db3348cb07508196546bd34b15fe4bfe09975b8466bd926a811a797cc6e,0b9f6146ab29ae987f57aba2c300ed7e810bc41a634559bfebc01a21814ff55f
retrodiction,True,transition,flight,yaw_rmse_deg,0.09262039440598335,0.09425644026728122,0.001636045861297869,1.766399151926068,922f4db3348cb07508196546bd34b15fe4bfe09975b8466bd926a811a797cc6e,0b9f6146ab29ae987f57aba2c300ed7e810bc41a634559bfebc01a21814ff55f
retrodiction,True,transition,outage_window,horizontal_position_rmse_m,0.21165208868247565,0.2117082581993746,5.616951689896288e-05,0.026538607413995052,922f4db3348cb07508196546bd34b15fe4bfe09975b8466bd926a811a797cc6e,0b9f6146ab29ae987f57aba2c300ed7e810bc41a634559bfebc01a21814ff55f
retrodiction,True,transition,outage_window,vertical_position_rmse_m,0.04107669813925617,0.0410750473613605,-1.6507778956703634e-06,-0.004018769692915036,922f4db3348cb07508196546bd34b15fe4bfe09975b8466bd926a811a797cc6e,0b9f6146ab29ae987f57aba2c300ed7e810bc41a634559bfebc01a21814ff55f
retrodiction,True,transition,outage_window,position_3d_rmse_m,0.21560125642880215,0.21565608293194763,5.4826503145477545e-05,0.025429584249003767,922f4db3348cb07508196546bd34b15fe4bfe09975b8466bd926a811a797cc6e,0b9f6146ab29ae987f57aba2c300ed7e810bc41a634559bfebc01a21814ff55f
retrodiction,True,transition,outage_window,velocity_3d_rmse_m_s,0.028116867212713087,0.028108860182976262,-8.007029736824961e-06,-0.028477673832749684,922f4db3348cb07508196546bd34b15fe4bfe09975b8466bd926a811a797cc6e,0b9f6146ab29ae987f57aba2c300ed7e810bc41a634559bfebc01a21814ff55f
retrodiction,True,transition,outage_window,attitude_rmse_deg,0.03694305657718102,0.037140232903154144,0.0001971763259731238,0.5337304063110837,922f4db3348cb07508196546bd34b15fe4bfe09975b8466bd926a811a797cc6e,0b9f6146ab29ae987f57aba2c300ed7e810bc41a634559bfebc01a21814ff55f
retrodiction,True,transition,outage_window,yaw_rmse_deg,0.025642891610486076,0.025967556432957683,0.000324664822471607,1.266100669937087,922f4db3348cb07508196546bd34b15fe4bfe09975b8466bd926a811a797cc6e,0b9f6146ab29ae987f57aba2c300ed7e810bc41a634559bfebc01a21814ff55f
retrodiction,True,transition,after_return,horizontal_position_rmse_m,0.05692690637349701,0.05692787768653039,9.71313033379384e-07,0.001706245948107643,922f4db3348cb07508196546bd34b15fe4bfe09975b8466bd926a811a797cc6e,0b9f6146ab29ae987f57aba2c300ed7e810bc41a634559bfebc01a21814ff55f
retrodiction,True,transition,after_return,vertical_position_rmse_m,0.039711803140860556,0.03971173843200856,-6.470885199894028e-08,-0.00016294614416656472,922f4db3348cb07508196546bd34b15fe4bfe09975b8466bd926a811a797cc6e,0b9f6146ab29ae987f57aba2c300ed7e810bc41a634559bfebc01a21814ff55f
retrodiction,True,transition,after_return,position_3d_rmse_m,0.06940965334847421,0.06941041295933076,7.596108565488535e-07,0.0010943879127811584,922f4db3348cb07508196546bd34b15fe4bfe09975b8466bd926a811a797cc6e,0b9f6146ab29ae987f57aba2c300ed7e810bc41a634559bfebc01a21814ff55f
retrodiction,True,transition,after_return,velocity_3d_rmse_m_s,0.021723707667746343,0.02172443537987712,7.277121307769363e-07,0.0033498523452246687,922f4db3348cb07508196546bd34b15fe4bfe09975b8466bd926a811a797cc6e,0b9f6146ab29ae987f57aba2c300ed7e810bc41a634559bfebc01a21814ff55f
retrodiction,True,transition,after_return,attitude_rmse_deg,0.12136725007230847,0.12152882329598438,0.00016157322367590932,0.13312753117471487,922f4db3348cb07508196546bd34b15fe4bfe09975b8466bd926a811a797cc6e,0b9f6146ab29ae987f57aba2c300ed7e810bc41a634559bfebc01a21814ff55f
retrodiction,True,transition,after_return,yaw_rmse_deg,0.11778202418932654,0.11794259138346727,0.00016056719414073162,0.13632572138735366,922f4db3348cb07508196546bd34b15fe4bfe09975b8466bd926a811a797cc6e,0b9f6146ab29ae987f57aba2c300ed7e810bc41a634559bfebc01a21814ff55f
horizon_joint,True,transition,flight,horizontal_position_rmse_m,0.12051508492425926,0.12048979731554423,-2.5287608715035548e-05,-0.020982940626002033,d93766634a006c82ee53b5313d6f54ae1da8dda5685e2138c20aeb316eb5f63e,11dbe5b0b000dc429646f9f3e7dacac5f67de3c9120096e46b965d0726a2ea75
horizon_joint,True,transition,flight,vertical_position_rmse_m,0.03037003210449809,0.0303695801446505,-4.5195984758883423e-07,-0.001488177049113748,d93766634a006c82ee53b5313d6f54ae1da8dda5685e2138c20aeb316eb5f63e,11dbe5b0b000dc429646f9f3e7dacac5f67de3c9120096e46b965d0726a2ea75
horizon_joint,True,transition,flight,position_3d_rmse_m,0.12428284090866953,0.12425820960927805,-2.463129939148101e-05,-0.01981874505876391,d93766634a006c82ee53b5313d6f54ae1da8dda5685e2138c20aeb316eb5f63e,11dbe5b0b000dc429646f9f3e7dacac5f67de3c9120096e46b965d0726a2ea75
horizon_joint,True,transition,flight,velocity_3d_rmse_m_s,0.01944028007447771,0.019453760084927958,1.3480010450248048e-05,0.06934061854357854,d93766634a006c82ee53b5313d6f54ae1da8dda5685e2138c20aeb316eb5f63e,11dbe5b0b000dc429646f9f3e7dacac5f67de3c9120096e46b965d0726a2ea75
horizon_joint,True,transition,flight,attitude_rmse_deg,0.09001290847283866,0.09416679251108731,0.004153884038248651,4.614764825094042,d93766634a006c82ee53b5313d6f54ae1da8dda5685e2138c20aeb316eb5f63e,11dbe5b0b000dc429646f9f3e7dacac5f67de3c9120096e46b965d0726a2ea75
horizon_joint,True,transition,flight,yaw_rmse_deg,0.08229197562221448,0.08598999725623266,0.003698021634018181,4.493781569900612,d93766634a006c82ee53b5313d6f54ae1da8dda5685e2138c20aeb316eb5f63e,11dbe5b0b000dc429646f9f3e7dacac5f67de3c9120096e46b965d0726a2ea75
horizon_joint,True,transition,outage_window,horizontal_position_rmse_m,0.199576415650203,0.199530251088304,-4.6164561899014744e-05,-0.02313127117180569,d93766634a006c82ee53b5313d6f54ae1da8dda5685e2138c20aeb316eb5f63e,11dbe5b0b000dc429646f9f3e7dacac5f67de3c9120096e46b965d0726a2ea75
horizon_joint,True,transition,outage_window,vertical_position_rmse_m,0.024892330242422447,0.02488232291439129,-1.000732803115717e-05,-0.040202455670868,d93766634a006c82ee53b5313d6f54ae1da8dda5685e2138c20aeb316eb5f63e,11dbe5b0b000dc429646f9f3e7dacac5f67de3c9120096e46b965d0726a2ea75
horizon_joint,True,transition,outage_window,position_3d_rmse_m,0.2011227828682778,0.20107573471947748,-4.704814880032715e-05,-0.023392749508210908,d93766634a006c82ee53b5313d6f54ae1da8dda5685e2138c20aeb316eb5f63e,11dbe5b0b000dc429646f9f3e7dacac5f67de3c9120096e46b965d0726a2ea75
horizon_joint,True,transition,outage_window,velocity_3d_rmse_m_s,0.024048705900478157,0.024044670355683116,-4.035544795041868e-06,-0.01678071498625311,d93766634a006c82ee53b5313d6f54ae1da8dda5685e2138c20aeb316eb5f63e,11dbe5b0b000dc429646f9f3e7dacac5f67de3c9120096e46b965d0726a2ea75
horizon_joint,True,transition,outage_window,attitude_rmse_deg,0.04018097145101314,0.04042486918202465,0.00024389773101150813,0.6069980943812059,d93766634a006c82ee53b5313d6f54ae1da8dda5685e2138c20aeb316eb5f63e,11dbe5b0b000dc429646f9f3e7dacac5f67de3c9120096e46b965d0726a2ea75
horizon_joint,True,transition,outage_window,yaw_rmse_deg,0.03696108235268812,0.03721033140333506,0.00024924905064693803,0.6743553889157372,d93766634a006c82ee53b5313d6f54ae1da8dda5685e2138c20aeb316eb5f63e,11dbe5b0b000dc429646f9f3e7dacac5f67de3c9120096e46b965d0726a2ea75
horizon_joint,True,transition,after_return,horizontal_position_rmse_m,0.061127285705114595,0.06111995781590126,-7.327889213336325e-06,-0.011987918535572017,d93766634a006c82ee53b5313d6f54ae1da8dda5685e2138c20aeb316eb5f63e,11dbe5b0b000dc429646f9f3e7dacac5f67de3c9120096e46b965d0726a2ea75
horizon_joint,True,transition,after_return,vertical_position_rmse_m,0.038290215813534985,0.038291523574654256,1.3077611192707783e-06,0.003415392395900163,d93766634a006c82ee53b5313d6f54ae1da8dda5685e2138c20aeb316eb5f63e,11dbe5b0b000dc429646f9f3e7dacac5f67de3c9120096e46b965d0726a2ea75
horizon_joint,True,transition,after_return,position_3d_rmse_m,0.07212964497848157,0.0721241292570375,-5.515721444068755e-06,-0.007646954931939121,d93766634a006c82ee53b5313d6f54ae1da8dda5685e2138c20aeb316eb5f63e,11dbe5b0b000dc429646f9f3e7dacac5f67de3c9120096e46b965d0726a2ea75
horizon_joint,True,transition,after_return,velocity_3d_rmse_m_s,0.019043751731560015,0.019046192030745195,2.4402991851794897e-06,0.012814172436081961,d93766634a006c82ee53b5313d6f54ae1da8dda5685e2138c20aeb316eb5f63e,11dbe5b0b000dc429646f9f3e7dacac5f67de3c9120096e46b965d0726a2ea75
horizon_joint,True,transition,after_return,attitude_rmse_deg,0.08519773079364504,0.08514061337672088,-5.711741692415728e-05,-0.06704100730393625,d93766634a006c82ee53b5313d6f54ae1da8dda5685e2138c20aeb316eb5f63e,11dbe5b0b000dc429646f9f3e7dacac5f67de3c9120096e46b965d0726a2ea75
horizon_joint,True,transition,after_return,yaw_rmse_deg,0.0806974138666838,0.0806185187926866,-7.889507399720663e-05,-0.09776654568824927,d93766634a006c82ee53b5313d6f54ae1da8dda5685e2138c20aeb316eb5f63e,11dbe5b0b000dc429646f9f3e7dacac5f67de3c9120096e46b965d0726a2ea75
retrodiction_joint,True,transition,flight,horizontal_position_rmse_m,0.12293911598323953,0.1229665702632447,2.745428000516803e-05,0.02233160681659463,5e64b4b79020171dc688fb7eefe2f7debfd0628b3ad837c068f80ca83d09a18d,c6247d0ea6182b7368d503c04fe9f3a534268a37a7a535d9d22486d27395c364
retrodiction_joint,True,transition,flight,vertical_position_rmse_m,0.024151907271429032,0.024151736633108156,-1.706383208760487e-07,-0.0007065210998025151,5e64b4b79020171dc688fb7eefe2f7debfd0628b3ad837c068f80ca83d09a18d,c6247d0ea6182b7368d503c04fe9f3a534268a37a7a535d9d22486d27395c364
retrodiction_joint,True,transition,flight,position_3d_rmse_m,0.12528902930260147,0.12531593587688883,2.6906574287360874e-05,0.021475602801879212,5e64b4b79020171dc688fb7eefe2f7debfd0628b3ad837c068f80ca83d09a18d,c6247d0ea6182b7368d503c04fe9f3a534268a37a7a535d9d22486d27395c364
retrodiction_joint,True,transition,flight,velocity_3d_rmse_m_s,0.020546875065033176,0.020557546735534928,1.0671670501751634e-05,0.05193816805706408,5e64b4b79020171dc688fb7eefe2f7debfd0628b3ad837c068f80ca83d09a18d,c6247d0ea6182b7368d503c04fe9f3a534268a37a7a535d9d22486d27395c364
retrodiction_joint,True,transition,flight,attitude_rmse_deg,0.09706049399047766,0.09901123898883996,0.0019507449983622999,2.009823892462048,5e64b4b79020171dc688fb7eefe2f7debfd0628b3ad837c068f80ca83d09a18d,c6247d0ea6182b7368d503c04fe9f3a534268a37a7a535d9d22486d27395c364
retrodiction_joint,True,transition,flight,yaw_rmse_deg,0.08925070931289392,0.09095849850788396,0.0017077891949900392,1.9134740868029354,5e64b4b79020171dc688fb7eefe2f7debfd0628b3ad837c068f80ca83d09a18d,c6247d0ea6182b7368d503c04fe9f3a534268a37a7a535d9d22486d27395c364
retrodiction_joint,True,transition,outage_window,horizontal_position_rmse_m,0.20621270394565505,0.20626187551099345,4.9171565338401724e-05,0.023845070840722293,5e64b4b79020171dc688fb7eefe2f7debfd0628b3ad837c068f80ca83d09a18d,c6247d0ea6182b7368d503c04fe9f3a534268a37a7a535d9d22486d27395c364
retrodiction_joint,True,transition,outage_window,vertical_position_rmse_m,0.024444234960762014,0.024440970919907806,-3.2640408542082555e-06,-0.013353008836025637,5e64b4b79020171dc688fb7eefe2f7debfd0628b3ad837c068f80ca83d09a18d,c6247d0ea6182b7368d503c04fe9f3a534268a37a7a535d9d22486d27395c364
retrodiction_joint,True,transition,outage_window,position_3d_rmse_m,0.2076564467850573,0.20770489245277865,4.84456677213585e-05,0.023329720059939163,5e64b4b79020171dc688fb7eefe2f7debfd0628b3ad837c068f80ca83d09a18d,c6247d0ea6182b7368d503c04fe9f3a534268a37a7a535d9d22486d27395c364
retrodiction_joint,True,transition,outage_window,velocity_3d_rmse_m_s,0.02663996705949898,0.026633127078696577,-6.83998080240264e-06,-0.025675635360677962,5e64b4b79020171dc688fb7eefe2f7debfd0628b3ad837c068f80ca83d09a18d,c6247d0ea6182b7368d503c04fe9f3a534268a37a7a535d9d22486d27395c364
retrodiction_joint,True,transition,outage_window,attitude_rmse_deg,0.03043091758408943,0.030547367769535077,0.00011645018544564553,0.3826706346394593,5e64b4b79020171dc688fb7eefe2f7debfd0628b3ad837c068f80ca83d09a18d,c6247d0ea6182b7368d503c04fe9f3a534268a37a7a535d9d22486d27395c364
retrodiction_joint,True,transition,outage_window,yaw_rmse_deg,0.022474534660495985,0.022650589967368063,0.0001760553068720777,0.7833546257201673,5e64b4b79020171dc688fb7eefe2f7debfd0628b3ad837c068f80ca83d09a18d,c6247d0ea6182b7368d503c04fe9f3a534268a37a7a535d9d22486d27395c364
retrodiction_joint,True,transition,after_return,horizontal_position_rmse_m,0.05658659343801462,0.056585720116490816,-8.733215238060366e-07,-0.0015433364525918591,5e64b4b79020171dc688fb7eefe2f7debfd0628b3ad837c068f80ca83d09a18d,c6247d0ea6182b7368d503c04fe9f3a534268a37a7a535d9d22486d27395c364
retrodiction_joint,True,transition,after_return,vertical_position_rmse_m,0.02405183432130167,0.02405104590266427,-7.884186374006175e-07,-0.0032779979558639205,5e64b4b79020171dc688fb7eefe2f7debfd0628b3ad837c068f80ca83d09a18d,c6247d0ea6182b7368d503c04fe9f3a534268a37a7a535d9d22486d27395c364
retrodiction_joint,True,transition,after_return,position_3d_rmse_m,0.0614860414333083,0.06148492929258272,-1.112140725574584e-06,-0.0018087694371726748,5e64b4b79020171dc688fb7eefe2f7debfd0628b3ad837c068f80ca83d09a18d,c6247d0ea6182b7368d503c04fe9f3a534268a37a7a535d9d22486d27395c364
retrodiction_joint,True,transition,after_return,velocity_3d_rmse_m_s,0.019177681750997846,0.019178953302116938,1.2715511190919404e-06,0.0066303692782154755,5e64b4b79020171dc688fb7eefe2f7debfd0628b3ad837c068f80ca83d09a18d,c6247d0ea6182b7368d503c04fe9f3a534268a37a7a535d9d22486d27395c364
retrodiction_joint,True,transition,after_return,attitude_rmse_deg,0.1148850447499234,0.11507663779481968,0.00019159304489627105,0.16676935219315236,5e64b4b79020171dc688fb7eefe2f7debfd0628b3ad837c068f80ca83d09a18d,c6247d0ea6182b7368d503c04fe9f3a534268a37a7a535d9d22486d27395c364
retrodiction_joint,True,transition,after_return,yaw_rmse_deg,0.1114794903078178,0.11166741014758493,0.00018791983976712556,0.16856898004129484,5e64b4b79020171dc688fb7eefe2f7debfd0628b3ad837c068f80ca83d09a18d,c6247d0ea6182b7368d503c04fe9f3a534268a37a7a535d9d22486d27395c364
