stage,publication_us,fusion_us,imu_sample_ms,gps_sample_ms,baro_sample_ms,height_error_m,vertical_velocity_error_m_s,height_observation_variance,velocity_observation_variance,threshold_multiplier,time_since_bad_ms,last_bad_ms,last_good_ms,bad_imu_data,estimated_velocity_down_m_s,gps_velocity_down_m_s,observed_velocity_down_m_s,estimated_position_down_m,observed_position_down_m,on_ground,takeoff_expected,touchdown_expected,aiding_mode,height_source,gps_data_to_fuse
before,11200000,11000000,11200,10994,10994,0.021214583185131267,0.025786395030200738,0.010000000298023226,0.0056250004470348447,1,11200,0,0,0,0.024711813041113573,-0.0010745819890871644,-0.0010745819890871644,0.0099760743273446112,-0.011238508857786655,1,0,0,0,1,1
after,11200000,11000000,11200,10994,10994,0.021214583185131267,0.025786395030200738,0.010000000298023226,0.0056250004470348447,1,11200,0,11200,0,0.024711813041113573,-0.0010745819890871644,-0.0010745819890871644,0.0099760743273446112,-0.011238508857786655,1,0,0,0,1,1
before,11300000,11100000,11300,11094,11094,-0.017436061329441387,0.011065294471887512,0.010000000298023226,0.0056250004470348447,1,11300,0,11200,0,0.019363215630260867,0.0082979211583733559,0.0082979211583733559,0.005634927847189589,0.023070989176630974,1,0,0,0,1,1
after,11300000,11100000,11300,11094,11094,-0.017436061329441387,0.011065294471887512,0.010000000298023226,0.0056250004470348447,1,11300,0,11300,0,0.019363215630260867,0.0082979211583733559,0.0082979211583733559,0.005634927847189589,0.023070989176630974,1,0,0,0,1,1
before,11400000,11200000,11400,11194,11194,0.036334232992509284,0.040971609515822474,0.010000000298023226,0.0056250004470348447,1,11400,0,11300,0,0.020257127223289557,-0.020714482292532921,-0.020714482292532921,0.0081555485790762109,-0.028178684413433075,1,0,0,0,1,1
after,11400000,11200000,11400,11194,11194,0.036334232992509284,0.040971609515822474,0.010000000298023226,0.0056250004470348447,1,11400,0,11400,0,0.020257127223289557,-0.020714482292532921,-0.020714482292532921,0.0081555485790762109,-0.028178684413433075,1,0,0,0,1,1
before,11500000,11300000,11500,11294,11294,-0.1383412450950052,0.16830095759675112,0.010000000298023226,0.0056250004470348447,1,11500,0,11400,0,0.013293818748446375,-0.15500713884830475,-0.15500713884830475,0.0011138349373434279,0.13945508003234863,1,0,0,0,1,1
after,11500000,11300000,11500,11294,11294,-0.1383412450950052,0.16830095759675112,0.010000000298023226,0.0056250004470348447,1,11500,0,11500,0,0.013293818748446375,-0.15500713884830475,-0.15500713884830475,0.0011138349373434279,0.13945508003234863,1,0,0,0,1,1
before,11600000,11400000,11600,11394,11394,-0.068790108752572604,0.060967613300922652,0.010000000298023226,0.0056250004470348447,1,11600,0,11500,0,0.0017655941756994943,-0.05920201912522316,-0.05920201912522316,-0.0023060970428825105,0.066484011709690094,1,0,0,0,1,1
after,11600000,11400000,11600,11394,11394,-0.068790108752572604,0.060967613300922652,0.010000000298023226,0.0056250004470348447,1,11600,0,11600,0,0.0017655941756994943,-0.05920201912522316,-0.05920201912522316,-0.0023060970428825105,0.066484011709690094,1,0,0,0,1,1
before,11700000,11500000,11700,11494,11494,0.059132467616436736,-0.086570109574389181,0.010000000298023226,0.0056250004470348447,1,11700,0,11600,0,-0.0016744317098376367,0.084895677864551544,0.084895677864551544,-0.0017666075042507489,-0.060899075120687485,1,0,0,0,1,1
after,11700000,11500000,11700,11494,11494,0.059132467616436736,-0.086570109574389181,0.010000000298023226,0.0056250004470348447,1,11700,0,11700,0,-0.0016744317098376367,0.084895677864551544,0.084895677864551544,-0.0017666075042507489,-0.060899075120687485,1,0,0,0,1,1
before,11800000,11600000,11800,11594,11594,0.079738844612935386,0.010913054758026373,0.010000000298023226,0.0056250004470348447,1,11800,0,11700,0,0.0039402761694929721,-0.0069727785885334015,-0.0069727785885334015,0.0009134602345021531,-0.078825384378433228,1,0,0,0,1,1
after,11800000,11600000,11800,11594,11594,0.079738844612935386,0.010913054758026373,0.010000000298023226,0.0056250004470348447,1,11800,0,11800,0,0.0039402761694929721,-0.0069727785885334015,-0.0069727785885334015,0.0009134602345021531,-0.078825384378433228,1,0,0,0,1,1
before,11900000,11700000,11900,11694,11694,-0.015210363452088279,-0.032582478143103485,0.010000000298023226,0.0056250004470348447,1,11900,0,11800,0,-0.0010735779179409824,0.031508900225162506,0.031508900225162506,-0.0070563735410088726,0.0081539899110794067,1,0,0,0,1,1
after,11900000,11700000,11900,11694,11694,-0.015210363452088279,-0.032582478143103485,0.010000000298023226,0.0056250004470348447,1,11900,0,11900,0,-0.0010735779179409824,0.031508900225162506,0.031508900225162506,-0.0070563735410088726,0.0081539899110794067,1,0,0,0,1,1
before,12000000,11800000,12000,11794,11794,-0.082851427477740325,0.073858652542021203,0.010000000298023226,0.0056250004470348447,1,12000,0,11900,0,0.0028759281138443296,-0.07098272442817688,-0.07098272442817688,-0.0029013258041372669,0.079950101673603058,1,0,0,0,1,1
after,12000000,11800000,12000,11794,11794,-0.082851427477740325,0.073858652542021203,0.010000000298023226,0.0056250004470348447,1,12000,0,12000,0,0.0028759281138443296,-0.07098272442817688,-0.07098272442817688,-0.0029013258041372669,0.079950101673603058,1,0,0,0,1,1
before,12100000,11900000,12100,11894,11894,0.088593037157012486,-0.01245403041278954,0.010000000298023226,0.0056250004470348447,1,12100,0,12000,0,-0.00018442173635597605,0.012269608676433563,0.012269608676433563,-0.001676602931068876,-0.09026964008808136,1,0,0,0,1,1
after,12100000,11900000,12100,11894,11894,0.088593037157012486,-0.01245403041278954,0.010000000298023226,0.0056250004470348447,1,12100,0,12100,0,-0.00018442173635597605,0.012269608676433563,0.012269608676433563,-0.001676602931068876,-0.09026964008808136,1,0,0,0,1,1
before,12200000,12000000,12200,11994,11994,-0.10440118762156891,0.01622129359845256,0.010000000298023226,0.0056250004470348447,1,12200,0,12100,0,-0.0030912203937378019,-0.019312513992190361,-0.019312513992190361,-0.0082344055404417436,0.096166782081127167,1,0,0,0,1,1
after,12200000,12000000,12200,11994,11994,-0.10440118762156891,0.01622129359845256,0.010000000298023226,0.0056250004470348447,1,12200,0,12200,0,-0.0030912203937378019,-0.019312513992190361,-0.019312513992190361,-0.0082344055404417436,0.096166782081127167,1,0,0,0,1,1
before,12300000,12100000,12300,12094,12094,0.056532542536927625,0.11564642268466779,0.010000000298023226,0.0056250004470348447,1,12300,0,12200,0,-0.00084256303262880792,-0.1164889857172966,-0.1164889857172966,-0.0011692761080728344,-0.057701818645000458,1,0,0,0,1,1
after,12300000,12100000,12300,12094,12094,0.056532542536927625,0.11564642268466779,0.010000000298023226,0.0056250004470348447,1,12300,0,12300,0,-0.00084256303262880792,-0.1164889857172966,-0.1164889857172966,-0.0011692761080728344,-0.057701818645000458,1,0,0,0,1,1
before,12400000,12200000,12400,12194,12194,-0.22675448189313588,-0.11043137829743327,0.010000000298023226,0.0056250004470348447,1,12400,0,12300,0,-0.01449958752833308,0.095931790769100189,0.095931790769100189,-0.014932165842606393,0.21182231605052948,1,0,0,0,1,1
after,12400000,12200000,12400,12194,12194,-0.22675448189313588,-0.11043137829743327,0.010000000298023226,0.0056250004470348447,1,12400,12400,12300,0,-0.01449958752833308,0.095931790769100189,0.095931790769100189,-0.014932165842606393,0.21182231605052948,1,0,0,0,1,1
before,12500000,12300000,12500,12294,12294,-0.010543445582242605,0.02997105545863683,0.010000000298023226,0.0056250004470348447,1,100,12400,12300,0,0.0036579405473190054,-0.026313114911317825,-0.026313114911317825,0.010258402218369845,0.02080184780061245,1,0,0,0,1,1
after,12500000,12300000,12500,12294,12294,-0.010543445582242605,0.02997105545863683,0.010000000298023226,0.0056250004470348447,1,100,12400,12500,1,-0.026313114911317825,-0.026313114911317825,-0.026313114911317825,0.010258402218369845,0.02080184780061245,1,0,0,0,1,1
before,12600000,12400000,12600,12394,12394,0.021208637168028927,-0.073821700512574751,0.010000000298023226,0.0056250004470348447,1,200,12400,12500,1,-0.026866595595286917,0.046955104917287827,0.046955104917287827,0.012865031843402959,-0.0083436053246259689,1,0,0,0,1,1
after,12600000,12400000,12600,12394,12394,0.021208637168028927,-0.073821700512574751,0.010000000298023226,0.0056250004470348447,1,200,12400,12600,1,0.046955104917287827,0.046955104917287827,0.046955104917287827,0.012865031843402959,-0.0083436053246259689,1,0,0,0,1,1
before,12700000,12500000,12700,12494,12494,0.10447105899134851,0.088763284305122814,0.010000000298023226,0.0056250004470348447,1,300,12400,12600,1,0.046775854000833957,-0.041987430304288864,-0.041987430304288864,0.0068870945242998707,-0.097583964467048645,1,0,0,0,1,1
after,12700000,12500000,12700,12494,12494,0.10447105899134851,0.088763284305122814,0.010000000298023226,0.0056250004470348447,1,300,12700,12600,1,-0.041987430304288864,-0.041987430304288864,-0.041987430304288864,0.0068870945242998707,-0.097583964467048645,1,0,0,0,1,1
before,12800000,12600000,12800,12594,12594,-0.081548061607293998,0.094686364632530537,0.010000000298023226,0.0056250004470348447,1,100,12700,12600,1,-0.043219545978622112,-0.13790591061115265,-0.13790591061115265,-0.049867466477565681,0.031680595129728317,1,0,0,0,1,1
after,12800000,12600000,12800,12594,12594,-0.081548061607293998,0.094686364632530537,0.010000000298023226,0.0056250004470348447,1,100,12700,12800,1,-0.13790591061115265,-0.13790591061115265,-0.13790591061115265,-0.049867466477565681,0.031680595129728317,1,0,0,0,1,1
before,12900000,12700000,12900,12694,12694,0.070511999220498514,-0.12225332142972734,0.010000000298023226,0.0056250004470348447,1,200,12700,12800,1,-0.13747729299777534,-0.015223971568048,-0.015223971568048,-0.022678104548803854,-0.093190103769302368,1,0,0,0,1,1
after,12900000,12700000,12900,12694,12694,0.070511999220498514,-0.12225332142972734,0.010000000298023226,0.0056250004470348447,1,200,12700,12900,1,-0.015223971568048,-0.015223971568048,-0.015223971568048,-0.022678104548803854,-0.093190103769302368,1,0,0,0,1,1
before,13000000,12800000,13000,12794,12794,-0.14346162970663684,-0.11552705754373857,0.010000000298023226,0.0056250004470348447,1,300,12700,12900,1,-0.016640016332610332,0.098887041211128235,0.098887041211128235,-0.059712193864599646,0.083749435842037201,1,0,0,0,1,1
after,13000000,12800000,13000,12794,12794,-0.14346162970663684,-0.11552705754373857,0.010000000298023226,0.0056250004470348447,1,300,13000,12900,1,0.098887041211128235,0.098887041211128235,0.098887041211128235,-0.059712193864599646,0.083749435842037201,1,0,0,0,1,1
before,13100000,12900000,13100,12894,12894,-0.0039482619682090492,0.092743450245842782,0.010000000298023226,0.0056250004470348447,1,100,13000,12900,1,0.10011026769040569,0.007366817444562912,0.007366817444562912,0.022289836772368649,0.026238098740577698,1,0,0,0,1,1
after,13100000,12900000,13100,12894,12894,-0.0039482619682090492,0.092743450245842782,0.010000000298023226,0.0056250004470348447,1,100,13000,13100,1,0.007366817444562912,0.007366817444562912,0.007366817444562912,0.022289836772368649,0.026238098740577698,1,0,0,0,1,1
before,13200000,13000000,13200,12994,12994,0.10207546099356843,-0.029759544415170942,0.010000000298023226,0.0056250004470348447,1,200,13000,13100,1,0.0072008077970196855,0.036960352212190628,0.036960352212190628,0.025009061836521164,-0.077066399157047272,1,0,0,0,1,1
after,13200000,13000000,13200,12994,12994,0.10207546099356843,-0.029759544415170942,0.010000000298023226,0.0056250004470348447,1,200,13000,13200,1,0.036960352212190628,0.036960352212190628,0.036960352212190628,0.025009061836521164,-0.077066399157047272,1,0,0,0,1,1
before,13300000,13100000,13300,13094,13094,0.12396192945136351,0.093318832481754599,0.010000000298023226,0.0056250004470348447,1,300,13000,13200,1,0.034954038823498061,-0.058364793658256531,-0.058364793658256531,-0.022679488886458449,-0.14664141833782196,1,0,0,0,1,1
after,13300000,13100000,13300,13094,13094,0.12396192945136351,0.093318832481754599,0.010000000298023226,0.0056250004470348447,1,300,13300,13200,1,-0.058364793658256531,-0.058364793658256531,-0.058364793658256531,-0.022679488886458449,-0.14664141833782196,1,0,0,0,1,1
before,13400000,13200000,13400,13194,13194,-0.073719937878066744,-0.059546385821055453,0.010000000298023226,0.0056250004470348447,1,100,13300,13200,1,-0.060513034508663993,-0.00096664868760854006,-0.00096664868760854006,-0.090888517501169885,-0.017168579623103142,1,0,0,0,1,1
after,13400000,13200000,13400,13194,13194,-0.073719937878066744,-0.059546385821055453,0.010000000298023226,0.0056250004470348447,1,100,13300,13400,1,-0.00096664868760854006,-0.00096664868760854006,-0.00096664868760854006,-0.090888517501169885,-0.017168579623103142,1,0,0,0,1,1
before,13500000,13300000,13500,13294,13294,-0.057236714373353412,-0.10055595442258239,0.010000000298023226,0.0056250004470348447,1,200,13300,13400,1,-5.8172192205194507e-05,0.1004977822303772,0.1004977822303772,-0.05390840125364392,0.0033283131197094917,1,0,0,0,1,1
after,13500000,13300000,13500,13294,13294,-0.057236714373353412,-0.10055595442258239,0.010000000298023226,0.0056250004470348447,1,200,13300,13500,1,0.1004977822303772,0.1004977822303772,0.1004977822303772,-0.05390840125364392,0.0033283131197094917,1,0,0,0,1,1
before,13600000,13400000,13600,13394,13394,-0.0092734432026784028,0.08967334960220652,0.010000000298023226,0.0056250004470348447,1,300,13300,13500,1,0.10093048770545321,0.011257138103246689,0.011257138103246689,-0.015071786771718701,-0.0057983435690402985,1,0,0,0,1,1
after,13600000,13400000,13600,13394,13394,-0.0092734432026784028,0.08967334960220652,0.010000000298023226,0.0056250004470348447,1,300,13300,13600,1,0.011257138103246689,0.011257138103246689,0.011257138103246689,-0.015071786771718701,-0.0057983435690402985,1,0,0,0,1,1
before,13700000,13500000,13700,13494,13494,0.079543556123753911,0.11818136598345573,0.010000000298023226,0.0056250004470348447,1,400,13300,13600,1,0.011299978451698375,-0.10688138753175735,-0.10688138753175735,-0.0093016819658075459,-0.088845238089561462,1,0,0,0,1,1
after,13700000,13500000,13700,13494,13494,0.079543556123753911,0.11818136598345573,0.010000000298023226,0.0056250004470348447,1,400,13300,13700,1,-0.10688138753175735,-0.10688138753175735,-0.10688138753175735,-0.0093016819658075459,-0.088845238089561462,1,0,0,0,1,1
before,13800000,13600000,13800,13594,13594,-0.03695811550028881,-0.093389040863710998,0.010000000298023226,0.0056250004470348447,1,500,13300,13700,1,-0.10811928853263295,-0.014730247668921947,-0.014730247668921947,-0.060014378604369964,-0.023056263104081154,1,0,0,0,1,1
after,13800000,13600000,13800,13594,13594,-0.03695811550028881,-0.093389040863710998,0.010000000298023226,0.0056250004470348447,1,500,13300,13800,1,-0.014730247668921947,-0.014730247668921947,-0.014730247668921947,-0.060014378604369964,-0.023056263104081154,1,0,0,0,1,1
before,13900000,13700000,13900,13694,13694,-0.053229952171146171,0.061088569030464876,0.010000000298023226,0.0056250004470348447,1,600,13300,13800,1,-0.014873236849604857,-0.075961805880069733,-0.075961805880069733,-0.042924284875094192,0.010305667296051979,1,0,0,0,1,1
after,13900000,13700000,13900,13694,13694,-0.053229952171146171,0.061088569030464876,0.010000000298023226,0.0056250004470348447,1,600,13300,13900,1,-0.075961805880069733,-0.075961805880069733,-0.075961805880069733,-0.042924284875094192,0.010305667296051979,1,0,0,0,1,1
before,14000000,13800000,14000,13794,13794,-0.045021415804885577,0.057145659133193291,0.010000000298023226,0.0056250004470348447,1,700,13300,13900,1,-0.075227778152229988,-0.13237343728542328,-0.13237343728542328,-0.023748708074353884,0.021272707730531693,1,0,0,0,1,1
after,14000000,13800000,14000,13794,13794,-0.045021415804885577,0.057145659133193291,0.010000000298023226,0.0056250004470348447,1,700,13300,14000,1,-0.13237343728542328,-0.13237343728542328,-0.13237343728542328,-0.023748708074353884,0.021272707730531693,1,0,0,0,1,1
before,14100000,13900000,14100,13894,13894,-0.040081933803457391,-0.10844416481629843,0.010000000298023226,0.0056250004470348447,1,800,13300,14000,1,-0.13186787565425867,-0.023423710837960243,-0.023423710837960243,-0.01435650951375402,0.025725424289703369,1,0,0,0,1,1
after,14100000,13900000,14100,13894,13894,-0.040081933803457391,-0.10844416481629843,0.010000000298023226,0.0056250004470348447,1,800,13300,14100,1,-0.023423710837960243,-0.023423710837960243,-0.023423710837960243,-0.01435650951375402,0.025725424289703369,1,0,0,0,1,1
before,14200000,14000000,14200,13994,13994,-0.015554232268665088,0.0024075431556334556,0.010000000298023226,0.0056250004470348447,1,900,13300,14100,1,-0.023448940572060102,-0.025856483727693558,-0.025856483727693558,0.0034287667581102727,0.01898299902677536,1,0,0,0,1,1
after,14200000,14000000,14200,13994,13994,-0.015554232268665088,0.0024075431556334556,0.010000000298023226,0.0056250004470348447,1,900,13300,14200,1,-0.025856483727693558,-0.025856483727693558,-0.025856483727693558,0.0034287667581102727,0.01898299902677536,1,0,0,0,1,1
before,14300000,14100000,14300,14094,14094,-0.033912786013779568,-0.17135618129417265,0.010000000298023226,0.0056250004470348447,1,1000,13300,14200,1,-0.025848398596495046,0.14550778269767761,0.14550778269767761,0.0086429261496687639,0.042555712163448334,1,0,0,0,1,1
after,14300000,14100000,14300,14094,14094,-0.033912786013779568,-0.17135618129417265,0.010000000298023226,0.0056250004470348447,1,1000,13300,14300,1,0.14550778269767761,0.14550778269767761,0.14550778269767761,0.0086429261496687639,0.042555712163448334,1,0,0,0,1,1
before,14400000,14200000,14400,14194,14194,0.0013777709218906337,0.23023455587375802,0.010000000298023226,0.0056250004470348447,1,1100,13300,14300,1,0.14547792074430627,-0.084756635129451752,-0.084756635129451752,0.040231703093950646,0.038853932172060013,1,0,0,0,1,1
after,14400000,14200000,14400,14194,14194,0.0013777709218906337,0.23023455587375802,0.010000000298023226,0.0056250004470348447,1,1100,13300,14400,1,-0.084756635129451752,-0.084756635129451752,-0.084756635129451752,0.040231703093950646,0.038853932172060013,1,0,0,0,1,1
before,14500000,14300000,14500,14294,14294,0.094458540704783114,0.048160541529936138,0.010000000298023226,0.0056250004470348447,1,1200,13300,14400,1,-0.084808465366082844,-0.13296900689601898,-0.13296900689601898,0.031058868196543365,-0.063399672508239746,1,0,0,0,1,1
after,14500000,14300000,14500,14294,14294,0.094458540704783114,0.048160541529936138,0.010000000298023226,0.0056250004470348447,1,1200,13300,14500,1,-0.13296900689601898,-0.13296900689601898,-0.13296900689601898,0.031058868196543365,-0.063399672508239746,1,0,0,0,1,1
before,14600000,14400000,14600,14394,14394,-0.14653619606710599,-0.10158229662262686,0.010000000298023226,0.0056250004470348447,1,1300,13300,14500,1,-0.13436007542692907,-0.032777778804302216,-0.032777778804302216,-0.029754760160218947,0.11678143590688705,1,0,0,0,1,1
after,14600000,14400000,14600,14394,14394,-0.14653619606710599,-0.10158229662262686,0.010000000298023226,0.0056250004470348447,1,1300,14600,14500,1,-0.032777778804302216,-0.032777778804302216,-0.032777778804302216,-0.029754760160218947,0.11678143590688705,1,0,0,0,1,1
before,14700000,14500000,14700,14494,14494,0.22111748569009615,-0.10732874639034778,0.010000000298023226,0.0056250004470348447,1,100,14600,14500,1,-0.030770953667168914,0.076557792723178864,0.076557792723178864,0.040700678157785677,-0.18041680753231049,1,0,0,0,1,1
after,14700000,14500000,14700,14494,14494,0.22111748569009615,-0.10732874639034778,0.010000000298023226,0.0056250004470348447,1,100,14600,14700,1,0.076557792723178864,0.076557792723178864,0.076557792723178864,0.040700678157785677,-0.18041680753231049,1,0,0,0,1,1
before,14800000,14600000,14800,14594,14594,0.033872566982482533,0.013533045632394422,0.010000000298023226,0.0056250004470348447,1,200,14600,14700,1,0.073082548660787214,0.059549503028392792,0.059549503028392792,-0.062914729253078838,-0.096787296235561371,1,0,0,0,1,1
after,14800000,14600000,14800,14594,14594,0.033872566982482533,0.013533045632394422,0.010000000298023226,0.0056250004470348447,1,200,14600,14800,1,0.059549503028392792,0.059549503028392792,0.059549503028392792,-0.062914729253078838,-0.096787296235561371,1,0,0,0,1,1
before,14900000,14700000,14900,14694,14694,0.086891216831778167,0.026628228790769905,0.010000000298023226,0.0056250004470348447,1,300,14600,14800,1,0.05843075267196688,0.031802523881196976,0.031802523881196976,-0.074040102166558625,-0.16093131899833679,1,0,0,0,1,1
after,14900000,14700000,14900,14694,14694,0.086891216831778167,0.026628228790769905,0.010000000298023226,0.0056250004470348447,1,300,14600,14900,1,0.031802523881196976,0.031802523881196976,0.031802523881196976,-0.074040102166558625,-0.16093131899833679,1,0,0,0,1,1
before,15000000,14800000,15000,14794,14794,-0.18956763398986246,0.06553991969221093,0.010000000298023226,0.0056250004470348447,1,400,14600,14900,1,0.03016036461585022,-0.035379555076360703,-0.035379555076360703,-0.11458814990859414,0.074979484081268311,1,0,0,0,1,1
after,15000000,14800000,15000,14794,14794,-0.18956763398986246,0.06553991969221093,0.010000000298023226,0.0056250004470348447,1,400,14600,15000,1,-0.035379555076360703,-0.035379555076360703,-0.035379555076360703,-0.11458814990859414,0.074979484081268311,1,0,0,0,1,1
before,15100000,14900000,15100,14894,14894,-0.0046834443834461205,-0.045479150429348698,0.010000000298023226,0.0056250004470348447,1,500,14600,15000,1,-0.03305185580251669,0.012427294626832008,0.012427294626832008,-0.022760650250021362,-0.018077205866575241,1,0,0,0,1,1
after,15100000,14900000,15100,14894,14894,-0.0046834443834461205,-0.045479150429348698,0.010000000298023226,0.0056250004470348447,1,500,14600,15100,1,0.012427294626832008,0.012427294626832008,0.012427294626832008,-0.022760650250021362,-0.018077205866575241,1,0,0,0,1,1
before,15200000,15000000,15200,14994,14994,0.0034447305356768779,-0.061534546256414135,0.010000000298023226,0.0056250004470348447,1,600,14600,15100,1,0.011956006347784319,0.073490552604198456,0.073490552604198456,-0.01918757031805237,-0.022632300853729248,1,0,0,0,1,1
after,15200000,15000000,15200,14994,14994,0.0034447305356768779,-0.061534546256414135,0.010000000298023226,0.0056250004470348447,1,600,14600,15200,1,0.073490552604198456,0.073490552604198456,0.073490552604198456,-0.01918757031805237,-0.022632300853729248,1,0,0,0,1,1
before,15300000,15100000,15300,15094,15094,0.024167457226768489,-0.011818601149413369,0.010000000298023226,0.0056250004470348447,1,700,14600,15200,1,0.073795990687515953,0.085614591836929321,0.085614591836929321,-0.01353589295957947,-0.037703350186347961,1,0,0,0,1,1
after,15300000,15100000,15300,15094,15094,0.024167457226768489,-0.011818601149413369,0.010000000298023226,0.0056250004470348447,1,700,14600,15300,1,0.085614591836929321,0.085614591836929321,0.085614591836929321,-0.01353589295957947,-0.037703350186347961,1,0,0,0,1,1
before,15400000,15200000,15400,15194,15194,0.016763204525423795,0.20108507554490868,0.010000000298023226,0.0056250004470348447,1,800,14600,15300,1,0.08511298875768486,-0.11597208678722382,-0.11597208678722382,-0.0171425623789303,-0.033905766904354095,1,0,0,0,1,1
after,15400000,15200000,15400,15194,15194,0.016763204525423795,0.20108507554490868,0.010000000298023226,0.0056250004470348447,1,800,14600,15400,1,-0.11597208678722382,-0.11597208678722382,-0.11597208678722382,-0.0171425623789303,-0.033905766904354095,1,0,0,0,1,1
before,15500000,15300000,15500,15294,15294,0.057093297922299238,0.022855144150596696,0.010000000298023226,0.0056250004470348447,1,900,14600,15400,1,-0.11657043158258812,-0.13942557573318481,-0.13942557573318481,-0.037183048343970446,-0.094276346266269684,1,0,0,0,1,1
after,15500000,15300000,15500,15294,15294,0.057093297922299238,0.022855144150596696,0.010000000298023226,0.0056250004470348447,1,900,14600,15500,1,-0.13942557573318481,-0.13942557573318481,-0.13942557573318481,-0.037183048343970446,-0.094276346266269684,1,0,0,0,1,1
before,15600000,15400000,15600,15394,15394,-0.10726524995129938,-0.11902735449627661,0.010000000298023226,0.0056250004470348447,1,1000,14600,15500,1,-0.14057894863442205,-0.021551594138145447,-0.021551594138145447,-0.079873708202060412,0.027391541749238968,1,0,0,0,1,1
after,15600000,15400000,15600,15394,15394,-0.10726524995129938,-0.11902735449627661,0.010000000298023226,0.0056250004470348447,1,1000,15600,15500,1,-0.021551594138145447,-0.021551594138145447,-0.021551594138145447,-0.079873708202060412,0.027391541749238968,1,0,0,0,1,1
before,15700000,15500000,15700,15494,15494,0.15786508218609976,0.077964871894419863,0.010000000298023226,0.0056250004470348447,1,100,15600,15500,1,-0.020520128537117759,-0.098485000431537628,-0.098485000431537628,-0.028086016613605748,-0.18595109879970551,1,0,0,0,1,1
after,15700000,15500000,15700,15494,15494,0.15786508218609976,0.077964871894419863,0.010000000298023226,0.0056250004470348447,1,100,15700,15500,1,-0.098485000431537628,-0.098485000431537628,-0.098485000431537628,-0.028086016613605748,-0.18595109879970551,1,0,0,0,1,1
before,15800000,15600000,15800,15594,15594,-0.046758314620771346,-0.08107041244005686,0.010000000298023226,0.0056250004470348447,1,100,15700,15500,1,-0.10100659590756422,-0.019936183467507362,-0.019936183467507362,-0.11737335289649004,-0.070615038275718689,1,0,0,0,1,1
after,15800000,15600000,15800,15594,15594,-0.046758314620771346,-0.08107041244005686,0.010000000298023226,0.0056250004470348447,1,100,15700,15800,1,-0.019936183467507362,-0.019936183467507362,-0.019936183467507362,-0.11737335289649004,-0.070615038275718689,1,0,0,0,1,1
before,15900000,15700000,15900,15694,15694,-0.13994721750041139,-0.17742313183818498,0.010000000298023226,0.0056250004470348447,1,200,15700,15800,1,-0.01951937116656937,0.1579037606716156,0.1579037606716156,-0.095863260871373548,0.044083956629037857,1,0,0,0,1,1
after,15900000,15700000,15900,15694,15694,-0.13994721750041139,-0.17742313183818498,0.010000000298023226,0.0056250004470348447,1,200,15900,15800,1,0.1579037606716156,0.1579037606716156,0.1579037606716156,-0.095863260871373548,0.044083956629037857,1,0,0,0,1,1
before,16000000,15800000,16000,15794,15794,-0.025367868722165884,0.27324962071362457,0.010000000298023226,0.0056250004470348447,1,100,15900,15800,1,0.15919336131993259,-0.11405625939369202,-0.11405625939369202,-0.0096918061680448687,0.015676062554121017,1,0,0,0,1,1
after,16000000,15800000,16000,15794,15794,-0.025367868722165884,0.27324962071362457,0.010000000298023226,0.0056250004470348447,1,100,15900,16000,1,-0.11405625939369202,-0.11405625939369202,-0.11405625939369202,-0.0096918061680448687,0.015676062554121017,1,0,0,0,1,1
before,16100000,15900000,16100,15894,15894,-0.11903131454794885,-0.007742138465329923,0.010000000298023226,0.0056250004470348447,1,200,15900,16000,1,-0.11415163602440051,-0.10640949755907059,-0.10640949755907059,-0.0083666935524273137,0.11066462099552155,1,0,0,0,1,1
after,16100000,15900000,16100,15894,15894,-0.11903131454794885,-0.007742138465329923,0.010000000298023226,0.0056250004470348447,1,200,15900,16100,1,-0.10640949755907059,-0.10640949755907059,-0.10640949755907059,-0.0083666935524273137,0.11066462099552155,1,0,0,0,1,1
before,16200000,16000000,16200,15994,15994,-0.03494496052065308,-0.16368482752733621,0.010000000298023226,0.0056250004470348447,1,300,15900,16100,1,-0.10485331459932719,0.058831512928009033,0.058831512928009033,0.040860934509845424,0.075805895030498505,1,0,0,0,1,1
after,16200000,16000000,16200,15994,15994,-0.03494496052065308,-0.16368482752733621,0.010000000298023226,0.0056250004470348447,1,300,15900,16200,1,0.058831512928009033,0.058831512928009033,0.058831512928009033,0.040860934509845424,0.075805895030498505,1,0,0,0,1,1
before,16300000,16100000,16300,16094,16094,0.23807072076219857,0.042362214684178126,0.010000000298023226,0.0056250004470348447,1,400,15900,16200,1,0.058790631279041064,0.016428416594862938,0.016428416594862938,0.064288580745642782,-0.17378214001655579,1,0,0,0,1,1
after,16300000,16100000,16300,16094,16094,0.23807072076219857,0.042362214684178126,0.010000000298023226,0.0056250004470348447,1,400,15900,16300,1,0.016428416594862938,0.016428416594862938,0.016428416594862938,0.064288580745642782,-0.17378214001655579,1,0,0,0,1,1
before,16399999,16200000,16399,16193,16193,-0.046611906345871319,0.10272627927554003,0.010000000298023226,0.0056250004470348447,1,499,15900,16300,1,0.013146533148411427,-0.089579746127128601,-0.089579746127128601,-0.053840388860491147,-0.0072284825146198273,1,0,0,0,1,1
after,16399999,16200000,16399,16193,16193,-0.046611906345871319,0.10272627927554003,0.010000000298023226,0.0056250004470348447,1,499,15900,16399,1,-0.089579746127128601,-0.089579746127128601,-0.089579746127128601,-0.053840388860491147,-0.0072284825146198273,1,0,0,0,1,1
before,16500000,16300000,16500,16294,16294,0.12207540271688672,-0.086228319092254369,0.010000000298023226,0.0056250004470348447,1,600,15900,16399,1,-0.089320066033463208,-0.0030917469412088394,-0.0030917469412088394,-0.039355015774476802,-0.16143041849136353,1,0,0,0,1,1
after,16500000,16300000,16500,16294,16294,0.12207540271688672,-0.086228319092254369,0.010000000298023226,0.0056250004470348447,1,600,15900,16500,1,-0.0030917469412088394,-0.0030917469412088394,-0.0030917469412088394,-0.039355015774476802,-0.16143041849136353,1,0,0,0,1,1
before,16600000,16399000,16600,16394,16394,-0.24079740588959611,-0.056365190359699446,0.010000000298023226,0.0056250004470348447,1,700,15900,16500,1,-0.0056425913301584333,0.050722599029541016,0.050722599029541016,-0.10112859850224412,0.13966880738735199,1,0,0,0,1,1
after,16600000,16399000,16600,16394,16394,-0.24079740588959611,-0.056365190359699446,0.010000000298023226,0.0056250004470348447,1,700,15900,16600,1,0.050722599029541016,0.050722599029541016,0.050722599029541016,-0.10112859850224412,0.13966880738735199,1,0,0,0,1,1
before,16700000,16500000,16700,16494,16494,0.16220506291638298,0.057560861064697863,0.010000000298023226,0.0056250004470348447,1,800,15900,16600,1,0.053270621179248454,-0.0042902398854494095,-0.0042902398854494095,0.025047816445931639,-0.13715724647045135,1,0,0,0,1,1
after,16700000,16500000,16700,16494,16494,0.16220506291638298,0.057560861064697863,0.010000000298023226,0.0056250004470348447,1,800,15900,16700,1,-0.0042902398854494095,-0.0042902398854494095,-0.0042902398854494095,0.025047816445931639,-0.13715724647045135,1,0,0,0,1,1
before,16800000,16600000,16800,16594,16594,0.14933084112553491,-0.062983048552419749,0.010000000298023226,0.0056250004470348447,1,900,15900,16700,1,-0.0066749876679440363,0.056308060884475708,0.056308060884475708,-0.056981293736411198,-0.20631213486194611,1,0,0,0,1,1
after,16800000,16600000,16800,16594,16594,0.14933084112553491,-0.062983048552419749,0.010000000298023226,0.0056250004470348447,1,900,15900,16800,1,0.056308060884475708,0.056308060884475708,0.056308060884475708,-0.056981293736411198,-0.20631213486194611,1,0,0,0,1,1
before,16900000,16700000,16900,16694,16694,-0.19742680677866525,0.040096347626727959,0.010000000298023226,0.0056250004470348447,1,1000,15900,16800,1,0.053776796382349869,0.01368044875562191,0.01368044875562191,-0.12649930605387277,0.07092750072479248,1,0,0,0,1,1
after,16900000,16700000,16900,16694,16694,-0.19742680677866525,0.040096347626727959,0.010000000298023226,0.0056250004470348447,1,1000,15900,16900,1,0.01368044875562191,0.01368044875562191,0.01368044875562191,-0.12649930605387277,0.07092750072479248,1,0,0,0,1,1
before,17000000,16800000,17000,16794,16794,-0.049127406671592141,0.021222066054840026,0.010000000298023226,0.0056250004470348447,1,1100,15900,16900,1,0.016633480707902847,-0.0045885853469371796,-0.0045885853469371796,-0.025792553320475965,0.02333485335111618,1,0,0,0,1,1
after,17000000,16800000,17000,16794,16794,-0.049127406671592141,0.021222066054840026,0.010000000298023226,0.0056250004470348447,1,1100,15900,17000,1,-0.0045885853469371796,-0.0045885853469371796,-0.0045885853469371796,-0.025792553320475965,0.02333485335111618,1,0,0,0,1,1
before,17100000,16900000,17100,16894,16894,0.069583476815315529,-0.10324952215604892,0.010000000298023226,0.0056250004470348447,1,1200,15900,17000,1,-0.0045313632553111534,0.098718158900737762,0.098718158900737762,-0.0015623780750310011,-0.071145854890346527,1,0,0,0,1,1
after,17100000,16900000,17100,16894,16894,0.069583476815315529,-0.10324952215604892,0.010000000298023226,0.0056250004470348447,1,1200,15900,17100,1,0.098718158900737762,0.098718158900737762,0.098718158900737762,-0.0015623780750310011,-0.071145854890346527,1,0,0,0,1,1
before,17200000,17000000,17200,16994,16994,0.17261378009129288,0.11057061078957284,0.010000000298023226,0.0056250004470348447,1,1300,15900,17100,1,0.09766072343102658,-0.012909887358546257,-0.012909887358546257,-0.026704718281738735,-0.19931849837303162,1,0,0,0,1,1
after,17200000,17000000,17200,16994,16994,0.17261378009129288,0.11057061078957284,0.010000000298023226,0.0056250004470348447,1,1300,17200,17100,1,-0.012909887358546257,-0.012909887358546257,-0.012909887358546257,-0.026704718281738735,-0.19931849837303162,1,0,0,0,1,1
before,17300000,17100000,17300,17094,17094,-0.22075827790944852,0.1566889399162,0.010000000298023226,0.0056250004470348447,1,100,17200,17100,1,-0.0157384908327395,-0.17242743074893951,-0.17242743074893951,-0.11485207452028073,0.10590620338916779,1,0,0,0,1,1
after,17300000,17100000,17300,17094,17094,-0.22075827790944852,0.1566889399162,0.010000000298023226,0.0056250004470348447,1,100,17200,17300,1,-0.17242743074893951,-0.17242743074893951,-0.17242743074893951,-0.11485207452028073,0.10590620338916779,1,0,0,0,1,1
before,17400000,17200000,17400,17194,17194,0.14447452158361898,-0.22279641517520291,0.010000000298023226,0.0056250004470348447,1,200,17200,17300,1,-0.16957210862160069,0.053224306553602219,0.053224306553602219,-0.021023988419470917,-0.1654985100030899,1,0,0,0,1,1
after,17400000,17200000,17400,17194,17194,0.14447452158361898,-0.22279641517520291,0.010000000298023226,0.0056250004470348447,1,200,17200,17400,1,0.053224306553602219,0.053224306553602219,0.053224306553602219,-0.021023988419470917,-0.1654985100030899,1,0,0,0,1,1
before,17500000,17300000,17500,17294,17294,-0.087298723135693521,0.11762572527697929,0.010000000298023226,0.0056250004470348447,1,300,17200,17400,1,0.051225055761846383,-0.066400669515132904,-0.066400669515132904,-0.088394386076918394,-0.0010956629412248731,1,0,0,0,1,1
after,17500000,17300000,17500,17294,17294,-0.087298723135693521,0.11762572527697929,0.010000000298023226,0.0056250004470348447,1,300,17200,17500,1,-0.066400669515132904,-0.066400669515132904,-0.066400669515132904,-0.088394386076918394,-0.0010956629412248731,1,0,0,0,1,1
before,17600000,17400000,17600,17394,17394,-0.038773953743856761,-0.15498558204207863,0.010000000298023226,0.0056250004470348447,1,400,17200,17500,1,-0.065538769173960357,0.089446812868118286,0.089446812868118286,-0.051124001682382438,-0.012350047938525677,1,0,0,0,1,1
after,17600000,17400000,17600,17394,17394,-0.038773953743856761,-0.15498558204207863,0.010000000298023226,0.0056250004470348447,1,400,17200,17600,1,0.089446812868118286,0.089446812868118286,0.089446812868118286,-0.051124001682382438,-0.012350047938525677,1,0,0,0,1,1
before,17700000,17500000,17700,17494,17494,-0.023547058045018533,-6.3306888867062372e-05,0.010000000298023226,0.0056250004470348447,1,500,17200,17600,1,0.090002574721049625,0.090065881609916687,0.090065881609916687,-0.02266774162891514,0.00087931641610339284,1,0,0,0,1,1
after,17700000,17500000,17700,17494,17494,-0.023547058045018533,-6.3306888867062372e-05,0.010000000298023226,0.0056250004470348447,1,500,17200,17700,1,0.090065881609916687,0.090065881609916687,0.090065881609916687,-0.02266774162891514,0.00087931641610339284,1,0,0,0,1,1
before,17800000,17600000,17800,17594,17594,0.20023743600607319,-0.03042414776686081,0.010000000298023226,0.0056250004470348447,1,600,17200,17700,1,0.090522989708152923,0.12094713747501373,0.12094713747501373,-0.0018000176453550219,-0.20203745365142822,1,0,0,0,1,1
after,17800000,17600000,17800,17594,17594,0.20023743600607319,-0.03042414776686081,0.010000000298023226,0.0056250004470348447,1,600,17200,17800,1,0.12094713747501373,0.12094713747501373,0.12094713747501373,-0.0018000176453550219,-0.20203745365142822,1,0,0,0,1,1
before,17900000,17700000,17900,17694,17694,-0.06837650409861426,0.11227911026214742,0.010000000298023226,0.0056250004470348447,1,700,17200,17800,1,0.11827940740620278,0.0060002971440553665,0.0060002971440553665,-0.090447019999464556,-0.022070515900850296,1,0,0,0,1,1
after,17900000,17700000,17900,17694,17694,-0.06837650409861426,0.11227911026214742,0.010000000298023226,0.0056250004470348447,1,700,17200,17900,1,0.0060002971440553665,0.0060002971440553665,0.0060002971440553665,-0.090447019999464556,-0.022070515900850296,1,0,0,0,1,1
before,18000000,17800000,18000,17794,17794,-0.15936548147950602,-0.048439847471691631,0.010000000298023226,0.0056250004470348447,1,800,17200,17900,1,0.0062650719857439757,0.054704919457435608,0.054704919457435608,-0.055479570074419497,0.10388591140508652,1,0,0,0,1,1
after,18000000,17800000,18000,17794,17794,-0.15936548147950602,-0.048439847471691631,0.010000000298023226,0.0056250004470348447,1,800,17200,18000,1,0.054704919457435608,0.054704919457435608,0.054704919457435608,-0.055479570074419497,0.10388591140508652,1,0,0,0,1,1
before,18100000,17900000,18100,17894,17894,0.17446854436140435,0.12541428794411993,0.010000000298023226,0.0056250004470348447,1,900,17200,18000,1,0.05618918528107978,-0.069225102663040161,-0.069225102663040161,0.030131277677825866,-0.14433726668357849,1,0,0,0,1,1
after,18100000,17900000,18100,17894,17894,0.17446854436140435,0.12541428794411993,0.010000000298023226,0.0056250004470348447,1,900,18100,18000,1,-0.069225102663040161,-0.069225102663040161,-0.069225102663040161,0.030131277677825866,-0.14433726668357849,1,0,0,0,1,1
before,18200000,18000000,18200,17994,17994,-0.070670091655088585,-0.09129367923687666,0.010000000298023226,0.0056250004470348447,1,100,18100,18000,1,-0.071672355442750149,0.019621323794126511,0.019621323794126511,-0.064563812796009701,0.0061062788590788841,1,0,0,0,1,1
after,18200000,18000000,18200,17994,17994,-0.070670091655088585,-0.09129367923687666,0.010000000298023226,0.0056250004470348447,1,100,18100,18200,1,0.019621323794126511,0.019621323794126511,0.019621323794126511,-0.064563812796009701,0.0061062788590788841,1,0,0,0,1,1
before,18300000,18100000,18300,18094,18094,0.23850632137462466,0.014116662520521062,0.010000000298023226,0.0056250004470348447,1,200,18100,18200,1,0.020075269940846342,0.0059586074203252792,0.0059586074203252792,-0.02707147174671324,-0.26557779312133789,1,0,0,0,1,1
after,18300000,18100000,18300,18094,18094,0.23850632137462466,0.014116662520521062,0.010000000298023226,0.0056250004470348447,1,200,18100,18300,1,0.0059586074203252792,0.0059586074203252792,0.0059586074203252792,-0.02707147174671324,-0.26557779312133789,1,0,0,0,1,1
before,18400000,18200000,18400,18194,18194,-0.024482764364773146,0.095303717713323605,0.010000000298023226,0.0056250004470348447,1,300,18100,18300,1,0.0023121048617038794,-0.09299161285161972,-0.09299161285161972,-0.14648184931426655,-0.12199908494949341,1,0,0,0,1,1
after,18400000,18200000,18400,18194,18194,-0.024482764364773146,0.095303717713323605,0.010000000298023226,0.0056250004470348447,1,300,18100,18400,1,-0.09299161285161972,-0.09299161285161972,-0.09299161285161972,-0.14648184931426655,-0.12199908494949341,1,0,0,0,1,1
before,18500000,18300000,18500,18294,18294,-0.036711527118979154,0.028316131593674812,0.010000000298023226,0.0056250004470348447,1,400,18100,18400,1,-0.092820600805788842,-0.12113673239946365,-0.12113673239946365,-0.14348712385684079,-0.10677559673786163,1,0,0,0,1,1
after,18500000,18300000,18500,18294,18294,-0.036711527118979154,0.028316131593674812,0.010000000298023226,0.0056250004470348447,1,400,18100,18500,1,-0.12113673239946365,-0.12113673239946365,-0.12113673239946365,-0.14348712385684079,-0.10677559673786163,1,0,0,0,1,1
before,18600000,18400000,18600,18394,18394,-0.14639959324390264,-0.25510620276345464,0.010000000298023226,0.0056250004470348447,1,500,18100,18500,1,-0.12057714859856813,0.13452905416488647,0.13452905416488647,-0.13713643260539146,0.0092631606385111809,1,0,0,0,1,1
after,18600000,18400000,18600,18394,18394,-0.14639959324390264,-0.25510620276345464,0.010000000298023226,0.0056250004470348447,1,500,18600,18500,1,0.13452905416488647,0.13452905416488647,0.13452905416488647,-0.13713643260539146,0.0092631606385111809,1,0,0,0,1,1
before,18700000,18500000,18700,18494,18494,0.021838679671499939,0.031348091246818366,0.010000000298023226,0.0056250004470348447,1,100,18600,18500,1,0.13597385275576002,0.10462576150894165,0.10462576150894165,-0.050053686141755371,-0.07189236581325531,1,0,0,0,1,1
after,18700000,18500000,18700,18494,18494,0.021838679671499939,0.031348091246818366,0.010000000298023226,0.0056250004470348447,1,100,18600,18700,1,0.10462576150894165,0.10462576150894165,0.10462576150894165,-0.050053686141755371,-0.07189236581325531,1,0,0,0,1,1
before,18800000,18600000,18800,18594,18594,-0.092656638660429308,0.047765828477910791,0.010000000298023226,0.0056250004470348447,1,200,18600,18700,1,0.10411568711953524,0.056349858641624451,0.056349858641624451,-0.050581529923675837,0.042075108736753464,1,0,0,0,1,1
after,18800000,18600000,18800,18594,18594,-0.092656638660429308,0.047765828477910791,0.010000000298023226,0.0056250004470348447,1,200,18600,18800,1,0.056349858641624451,0.056349858641624451,0.056349858641624451,-0.050581529923675837,0.042075108736753464,1,0,0,0,1,1
before,18900000,18700000,18900,18694,18694,0.055711026641747756,0.17706418494209439,0.010000000298023226,0.0056250004470348447,1,300,18600,18800,1,0.056863349773732717,-0.12020083516836166,-0.12020083516836166,0.0016128787428353292,-0.05409814789891243,1,0,0,0,1,1
after,18900000,18700000,18900,18694,18694,0.055711026641747756,0.17706418494209439,0.010000000298023226,0.0056250004470348447,1,300,18600,18900,1,-0.12020083516836166,-0.12020083516836166,-0.12020083516836166,0.0016128787428353292,-0.05409814789891243,1,0,0,0,1,1
before,19000000,18800000,19000,18794,18794,-0.044514354496922877,-0.2632989077899599,0.010000000298023226,0.0056250004470348447,1,400,18600,18900,1,-0.12110551587082385,0.14219339191913605,0.14219339191913605,-0.038441722925480988,0.0060726315714418888,1,0,0,0,1,1
after,19000000,18800000,19000,18794,18794,-0.044514354496922877,-0.2632989077899599,0.010000000298023226,0.0056250004470348447,1,400,18600,19000,1,0.14219339191913605,0.14219339191913605,0.14219339191913605,-0.038441722925480988,0.0060726315714418888,1,0,0,0,1,1
before,19100000,18900000,19100,18894,18894,0.10772301790636625,0.080094566688729607,0.010000000298023226,0.0056250004470348447,1,500,18600,19000,1,0.1420198475279344,0.061925280839204788,0.061925280839204788,-0.0018759912498608601,-0.10959900915622711,1,0,0,0,1,1
after,19100000,18900000,19100,18894,18894,0.10772301790636625,0.080094566688729607,0.010000000298023226,0.0056250004470348447,1,500,19100,19000,1,0.061925280839204788,0.061925280839204788,0.061925280839204788,-0.0018759912498608601,-0.10959900915622711,1,0,0,0,1,1
before,19200000,19000000,19200,18994,18994,0.021144958703646785,0.046027752583797002,0.010000000298023226,0.0056250004470348447,1,100,19100,19000,1,0.060783253064329648,0.014755500480532646,0.014755500480532646,-0.049848248691429967,-0.070993207395076752,1,0,0,0,1,1
after,19200000,19000000,19200,18994,18994,0.021144958703646785,0.046027752583797002,0.010000000298023226,0.0056250004470348447,1,100,19100,19200,1,0.014755500480532646,0.014755500480532646,0.014755500480532646,-0.049848248691429967,-0.070993207395076752,1,0,0,0,1,1
before,19300000,19100000,19300,19094,19094,-0.018998591903199635,0.079372987745784246,0.010000000298023226,0.0056250004470348447,1,200,19100,19200,1,0.014027514158271279,-0.06534547358751297,-0.06534547358751297,-0.059025208208312474,-0.040026616305112839,1,0,0,0,1,1
after,19300000,19100000,19300,19094,19094,-0.018998591903199635,0.079372987745784246,0.010000000298023226,0.0056250004470348447,1,200,19100,19300,1,-0.06534547358751297,-0.06534547358751297,-0.06534547358751297,-0.059025208208312474,-0.040026616305112839,1,0,0,0,1,1
before,19400000,19200000,19400,19194,19194,0.11922366471975217,-0.13337517858197145,0.010000000298023226,0.0056250004470348447,1,300,19100,19300,1,-0.064953852004308046,0.068421326577663422,0.068421326577663422,-0.055985276382275725,-0.17520894110202789,1,0,0,0,1,1
after,19400000,19200000,19400,19194,19194,0.11922366471975217,-0.13337517858197145,0.010000000298023226,0.0056250004470348447,1,300,19100,19400,1,0.068421326577663422,0.068421326577663422,0.068421326577663422,-0.055985276382275725,-0.17520894110202789,1,0,0,0,1,1
before,19500000,19300000,19500,19294,19294,-0.22047486569616997,0.028932266706011761,0.010000000298023226,0.0056250004470348447,1,400,19100,19400,1,0.066519574099562634,0.037587307393550873,0.037587307393550873,-0.10913275595638956,0.11134210973978043,1,0,0,0,1,1
after,19500000,19300000,19500,19294,19294,-0.22047486569616997,0.028932266706011761,0.010000000298023226,0.0056250004470348447,1,400,19100,19500,1,0.037587307393550873,0.037587307393550873,0.037587307393550873,-0.10913275595638956,0.11134210973978043,1,0,0,0,1,1
before,19600000,19400000,19600,19394,19394,0.12279431277695257,0.013556196952551051,0.010000000298023226,0.0056250004470348447,1,500,19100,19500,1,0.040600444788425609,0.027044247835874557,0.027044247835874557,0.0055282315033968153,-0.11726608127355576,1,0,0,0,1,1
after,19600000,19400000,19600,19394,19394,0.12279431277695257,0.013556196952551051,0.010000000298023226,0.0056250004470348447,1,500,19100,19600,1,0.027044247835874557,0.027044247835874557,0.027044247835874557,0.0055282315033968153,-0.11726608127355576,1,0,0,0,1,1
before,19700000,19500000,19700,19494,19494,-0.024796159212805036,-0.099884788903592245,0.010000000298023226,0.0056250004470348447,1,600,19100,19600,1,0.025236715164782385,0.12512150406837463,0.12512150406837463,-0.053540452589608434,-0.028744293376803398,1,0,0,0,1,1
after,19700000,19500000,19700,19494,19494,-0.024796159212805036,-0.099884788903592245,0.010000000298023226,0.0056250004470348447,1,600,19100,19700,1,0.12512150406837463,0.12512150406837463,0.12512150406837463,-0.053540452589608434,-0.028744293376803398,1,0,0,0,1,1
before,19800000,19600000,19800,19594,19594,-0.026419542507858843,0.21369900959622631,0.010000000298023226,0.0056250004470348447,1,700,19100,19700,1,0.12504750895392666,-0.088651500642299652,-0.088651500642299652,-0.028562857547433942,-0.0021433150395750999,1,0,0,0,1,1
after,19800000,19600000,19800,19594,19594,-0.026419542507858843,0.21369900959622631,0.010000000298023226,0.0056250004470348447,1,700,19100,19800,1,-0.088651500642299652,-0.088651500642299652,-0.088651500642299652,-0.028562857547433942,-0.0021433150395750999,1,0,0,0,1,1
before,19900000,19700000,19900,19694,19694,0.018065765936227503,-0.079382847454325611,0.010000000298023226,0.0056250004470348447,1,800,19100,19800,1,-0.088640281390325482,-0.0092574339359998703,-0.0092574339359998703,-0.024166162620930014,-0.042231928557157516,1,0,0,0,1,1
after,19900000,19700000,19900,19694,19694,0.018065765936227503,-0.079382847454325611,0.010000000298023226,0.0056250004470348447,1,800,19100,19900,1,-0.0092574339359998703,-0.0092574339359998703,-0.0092574339359998703,-0.024166162620930014,-0.042231928557157516,1,0,0,0,1,1
before,20000000,19800000,20000,19794,19794,-0.21044343037368279,0.028767691715286578,0.010000000298023226,0.0056250004470348447,1,900,19100,19900,1,-0.010088322894050273,-0.038856014609336853,-0.038856014609336853,-0.034197964499010851,0.17624546587467194,1,0,0,0,1,1
after,20000000,19800000,20000,19794,19794,-0.21044343037368279,0.028767691715286578,0.010000000298023226,0.0056250004470348447,1,900,19100,20000,1,-0.038856014609336853,-0.038856014609336853,-0.038856014609336853,-0.034197964499010851,0.17624546587467194,1,0,0,0,1,1
before,20100000,19900000,20100,19894,19894,0.15042800149350022,0.052620781942994611,0.010000000298023226,0.0056250004470348447,1,1000,19100,20000,1,-0.036192254737226946,-0.088813036680221558,-0.088813036680221558,0.067779388934658527,-0.082648612558841705,1,0,0,0,1,1
after,20100000,19900000,20100,19894,19894,0.15042800149350022,0.052620781942994611,0.010000000298023226,0.0056250004470348447,1,1000,19100,20100,1,-0.088813036680221558,-0.088813036680221558,-0.088813036680221558,0.067779388934658527,-0.082648612558841705,1,0,0,0,1,1
before,20200000,20000000,20200,19994,19994,0.0076253422942510543,-0.12546964532867133,0.010000000298023226,0.0056250004470348447,1,1100,19100,20100,1,-0.090980818338543767,0.034488826990127563,0.034488826990127563,-0.016774755955065161,-0.024400098249316216,1,0,0,0,1,1
after,20200000,20000000,20200,19994,19994,0.0076253422942510543,-0.12546964532867133,0.010000000298023226,0.0056250004470348447,1,1100,19100,20200,1,0.034488826990127563,0.034488826990127563,0.034488826990127563,-0.016774755955065161,-0.024400098249316216,1,0,0,0,1,1
before,20300000,20100000,20300,20094,20094,-0.18311415307273468,0.021117432227261916,0.010000000298023226,0.0056250004470348447,1,1200,19100,20200,1,0.03386810254109706,0.012750670313835144,0.012750670313835144,-0.017193388864894719,0.16592076420783997,1,0,0,0,1,1
after,20300000,20100000,20300,20094,20094,-0.18311415307273468,0.021117432227261916,0.010000000298023226,0.0056250004470348447,1,1200,19100,20300,1,0.012750670313835144,0.012750670313835144,0.012750670313835144,-0.017193388864894719,0.16592076420783997,1,0,0,0,1,1
before,20400000,20200000,20400,20194,20194,0.13291207902998817,0.10314584537085283,0.010000000298023226,0.0056250004470348447,1,1300,19100,20300,1,0.01437626047667253,-0.088769584894180298,-0.088769584894180298,0.076143616968106148,-0.056768462061882019,1,0,0,0,1,1
after,20400000,20200000,20400,20194,20194,0.13291207902998817,0.10314584537085283,0.010000000298023226,0.0056250004470348447,1,1300,20400,20300,1,-0.088769584894180298,-0.088769584894180298,-0.088769584894180298,0.076143616968106148,-0.056768462061882019,1,0,0,0,1,1
before,20500000,20300000,20500,20294,20294,-0.08570810841147547,-0.0054110422303829536,0.010000000298023226,0.0056250004470348447,1,100,20400,20300,1,-0.09085794384981731,-0.085446901619434357,-0.085446901619434357,0.00038592083628530039,0.086094029247760773,1,0,0,0,1,1
after,20500000,20300000,20500,20294,20294,-0.08570810841147547,-0.0054110422303829536,0.010000000298023226,0.0056250004470348447,1,100,20400,20500,1,-0.085446901619434357,-0.085446901619434357,-0.085446901619434357,0.00038592083628530039,0.086094029247760773,1,0,0,0,1,1
before,20600000,20400000,20600,20394,20394,0.035936516062440867,0.015850577903923746,0.010000000298023226,0.0056250004470348447,1,200,20400,20500,1,-0.085092540429892782,-0.10094311833381653,-0.10094311833381653,0.034930259855548436,-0.0010062562068924308,1,0,0,0,1,1
after,20600000,20400000,20600,20394,20394,0.035936516062440867,0.015850577903923746,0.010000000298023226,0.0056250004470348447,1,200,20400,20600,1,-0.10094311833381653,-0.10094311833381653,-0.10094311833381653,0.034930259855548436,-0.0010062562068924308,1,0,0,0,1,1
before,20700000,20500000,20700,20494,20494,-0.021802348615451436,-0.093376399008250302,0.010000000298023226,0.0056250004470348447,1,300,20400,20600,1,-0.10179513226232535,-0.0084187332540750504,-0.0084187332540750504,0.0067473560852569529,0.028549704700708389,1,0,0,0,1,1
after,20700000,20500000,20700,20494,20494,-0.021802348615451436,-0.093376399008250302,0.010000000298023226,0.0056250004470348447,1,300,20400,20700,1,-0.0084187332540750504,-0.0084187332540750504,-0.0084187332540750504,0.0067473560852569529,0.028549704700708389,1,0,0,0,1,1
before,20800000,20600000,20800,20594,20594,0.13568284359389982,-0.043197651797282591,0.010000000298023226,0.0056250004470348447,1,400,20400,20700,1,-0.0082572786447881637,0.034940373152494431,0.034940373152494431,0.016860015658681018,-0.11882282793521881,1,0,0,0,1,1
after,20800000,20600000,20800,20594,20594,0.13568284359389982,-0.043197651797282591,0.010000000298023226,0.0056250004470348447,1,400,20400,20800,1,0.034940373152494431,0.034940373152494431,0.034940373152494431,0.016860015658681018,-0.11882282793521881,1,0,0,0,1,1
before,20900000,20700000,20900,20694,20694,-0.11002791786231436,-0.037735248650058055,0.010000000298023226,0.0056250004470348447,1,500,20400,20800,1,0.032420468782440877,0.070155717432498932,0.070155717432498932,-0.047941123336929459,0.062086794525384903,1,0,0,0,1,1
after,20900000,20700000,20900,20694,20694,-0.11002791786231436,-0.037735248650058055,0.010000000298023226,0.0056250004470348447,1,500,20400,20900,1,0.070155717432498932,0.070155717432498932,0.070155717432498932,-0.047941123336929459,0.062086794525384903,1,0,0,0,1,1
before,21000000,20800000,21000,20794,20794,0.22168361037735188,-0.0040076537027376596,0.010000000298023226,0.0056250004470348447,1,600,20400,20900,1,0.071132666061876446,0.075140319764614105,0.075140319764614105,0.014398757514993787,-0.20728485286235809,1,0,0,0,1,1
after,21000000,20800000,21000,20794,20794,0.22168361037735188,-0.0040076537027376596,0.010000000298023226,0.0056250004470348447,1,600,20400,21000,1,0.075140319764614105,0.075140319764614105,0.075140319764614105,0.014398757514993787,-0.20728485286235809,1,0,0,0,1,1
before,21100000,20900000,21100,20894,20894,0.095056569827561263,0.0097221289262192923,0.010000000298023226,0.0056250004470348447,1,700,20400,21000,1,0.071803201405705758,0.062081072479486465,0.062081072479486465,-0.08962672327661049,-0.18468329310417175,1,0,0,0,1,1
after,21100000,20900000,21100,20894,20894,0.095056569827561263,0.0097221289262192923,0.010000000298023226,0.0056250004470348447,1,700,20400,21100,1,0.062081072479486465,0.062081072479486465,0.062081072479486465,-0.08962672327661049,-0.18468329310417175,1,0,0,0,1,1
before,21200000,21000000,21200,20994,20994,-0.080139286155459011,0.12783405232475697,0.010000000298023226,0.0056250004470348447,1,800,20400,21100,1,0.061127335310444224,-0.066706717014312744,-0.066706717014312744,-0.13122327559685382,-0.051083989441394806,1,0,0,0,1,1
after,21200000,21000000,21200,20994,20994,-0.080139286155459011,0.12783405232475697,0.010000000298023226,0.0056250004470348447,1,800,20400,21200,1,-0.066706717014312744,-0.066706717014312744,-0.066706717014312744,-0.13122327559685382,-0.051083989441394806,1,0,0,0,1,1
before,21300000,21100000,21300,21094,21094,-0.22297685111909465,-0.089187972432529142,0.010000000298023226,0.0056250004470348447,1,900,20400,21200,1,-0.066009277662789037,0.023178694769740105,0.023178694769740105,-0.097596677793556019,0.12538017332553864,1,0,0,0,1,1
after,21300000,21100000,21300,21094,21094,-0.22297685111909465,-0.089187972432529142,0.010000000298023226,0.0056250004470348447,1,900,21300,21200,1,0.023178694769740105,0.023178694769740105,0.023178694769740105,-0.097596677793556019,0.12538017332553864,1,0,0,0,1,1
before,21400000,21200000,21400,21194,21194,0.035082324104624668,-0.032923418800212122,0.010000000298023226,0.0056250004470348447,1,100,21300,21200,1,0.025877595176123404,0.058801013976335526,0.058801013976335526,0.01687280337722866,-0.018209520727396011,1,0,0,0,1,1
after,21400000,21200000,21400,21194,21194,0.035082324104624668,-0.032923418800212122,0.010000000298023226,0.0056250004470348447,1,100,21300,21400,1,0.058801013976335526,0.058801013976335526,0.058801013976335526,0.01687280337722866,-0.018209520727396011,1,0,0,0,1,1
before,21500000,21300000,21500,21294,21294,0.11881639013160908,0.045806242606157371,0.010000000298023226,0.0056250004470348447,1,200,21300,21400,1,0.057990179850274631,0.01218393724411726,0.01218393724411726,0.0050792838083668877,-0.11373710632324219,1,0,0,0,1,1
after,21500000,21300000,21500,21294,21294,0.11881639013160908,0.045806242606157371,0.010000000298023226,0.0056250004470348447,1,200,21300,21500,1,0.01218393724411726,0.01218393724411726,0.01218393724411726,0.0050792838083668877,-0.11373710632324219,1,0,0,0,1,1
before,21600000,21400000,21600,21394,21394,-0.025166548461456675,0.087930756629435697,0.010000000298023226,0.0056250004470348447,1,300,21300,21500,1,0.0095307407984420445,-0.078400015830993652,-0.078400015830993652,-0.053539735869307895,-0.028373187407851219,1,0,0,0,1,1
after,21600000,21400000,21600,21394,21394,-0.025166548461456675,0.087930756629435697,0.010000000298023226,0.0056250004470348447,1,300,21300,21600,1,-0.078400015830993652,-0.078400015830993652,-0.078400015830993652,-0.053539735869307895,-0.028373187407851219,1,0,0,0,1,1
before,21700000,21500000,21700,21494,21494,0.096372734058746135,0.042472870699558671,0.010000000298023226,0.0056250004470348447,1,400,21300,21600,1,-0.078801839001979415,-0.12127470970153809,-0.12127470970153809,-0.048758973132721151,-0.14513170719146729,1,0,0,0,1,1
after,21700000,21500000,21700,21494,21494,0.096372734058746135,0.042472870699558671,0.010000000298023226,0.0056250004470348447,1,400,21300,21700,1,-0.12127470970153809,-0.12127470970153809,-0.12127470970153809,-0.048758973132721151,-0.14513170719146729,1,0,0,0,1,1
before,21800000,21600000,21800,21594,21594,0.059004950045755275,-0.10528329973683989,0.010000000298023226,0.0056250004470348447,1,500,21300,21700,1,-0.12307473113403952,-0.017791431397199631,-0.017791431397199631,-0.10938392329294407,-0.16838887333869934,1,0,0,0,1,1
after,21800000,21600000,21800,21594,21594,0.059004950045755275,-0.10528329973683989,0.010000000298023226,0.0056250004470348447,1,500,21300,21800,1,-0.017791431397199631,-0.017791431397199631,-0.017791431397199631,-0.10938392329294407,-0.16838887333869934,1,0,0,0,1,1
before,21900000,21700000,21900,21694,21694,-0.14351155635567259,-0.024046433979543057,0.010000000298023226,0.0056250004470348447,1,600,21300,21800,1,-0.019664868136765566,0.0043815658427774906,0.0043815658427774906,-0.14091049068273853,0.0026010656729340553,1,0,0,0,1,1
after,21900000,21700000,21900,21694,21694,-0.14351155635567259,-0.024046433979543057,0.010000000298023226,0.0056250004470348447,1,600,21300,21900,1,0.0043815658427774906,0.0043815658427774906,0.0043815658427774906,-0.14091049068273853,0.0026010656729340553,1,0,0,0,1,1
before,22000000,21800000,22000,21794,21794,-0.012307565058926481,-0.12407539400002696,0.010000000298023226,0.0056250004470348447,1,700,21300,21900,1,0.005221683655765281,0.12929707765579224,0.12929707765579224,-0.068354185070256132,-0.056046620011329651,1,0,0,0,1,1
after,22000000,21800000,22000,21794,21794,-0.012307565058926481,-0.12407539400002696,0.010000000298023226,0.0056250004470348447,1,700,21300,22000,1,0.12929707765579224,0.12929707765579224,0.12929707765579224,-0.068354185070256132,-0.056046620011329651,1,0,0,0,1,1
before,22100000,21900000,22100,21894,21894,-0.022086052188378398,0.23335446931952705,0.010000000298023226,0.0056250004470348447,1,800,21300,22000,1,0.12923909493321648,-0.10411537438631058,-0.10411537438631058,-0.04923187006424052,-0.027145817875862122,1,0,0,0,1,1
after,22100000,21900000,22100,21894,21894,-0.022086052188378398,0.23335446931952705,0.010000000298023226,0.0056250004470348447,1,800,21300,22100,1,-0.10411537438631058,-0.10411537438631058,-0.10411537438631058,-0.04923187006424052,-0.027145817875862122,1,0,0,0,1,1
before,22200000,22000000,22200,21994,21994,0.059337169021887591,-0.15879713047107097,0.010000000298023226,0.0056250004470348447,1,900,21300,22100,1,-0.10448073644002313,0.054316394031047821,0.054316394031047821,-0.048542454748826215,-0.10787962377071381,1,0,0,0,1,1
after,22200000,22000000,22200,21994,21994,0.059337169021887591,-0.15879713047107097,0.010000000298023226,0.0056250004470348447,1,900,21300,22200,1,0.054316394031047821,0.054316394031047821,0.054316394031047821,-0.048542454748826215,-0.10787962377071381,1,0,0,0,1,1
before,22300000,22100000,22300,22094,22094,0.0004543718742536923,-0.086694739337092763,0.010000000298023226,0.0056250004470348447,1,1000,21300,22200,1,0.052592195992344486,0.13928693532943726,0.13928693532943726,-0.07303279816635376,-0.073487170040607452,1,0,0,0,1,1
after,22300000,22100000,22300,22094,22094,0.0004543718742536923,-0.086694739337092763,0.010000000298023226,0.0056250004470348447,1,1000,21300,22300,1,0.13928693532943726,0.13928693532943726,0.13928693532943726,-0.07303279816635376,-0.073487170040607452,1,0,0,0,1,1
before,22400000,22200000,22400,22194,22194,-0.023482789652304097,0.32083368724879707,0.010000000298023226,0.0056250004470348447,1,1100,21300,22300,1,0.1388367158800074,-0.18199697136878967,-0.18199697136878967,-0.059369364188866063,-0.035886574536561966,1,0,0,0,1,1
after,22400000,22200000,22400,22194,22194,-0.023482789652304097,0.32083368724879707,0.010000000298023226,0.0056250004470348447,1,1100,21300,22400,1,-0.18199697136878967,-0.18199697136878967,-0.18199697136878967,-0.059369364188866063,-0.035886574536561966,1,0,0,0,1,1
before,22500000,22300000,22500,22294,22294,-0.058778109354660713,-0.2166357772108318,0.010000000298023226,0.0056250004470348447,1,1200,21300,22400,1,-0.18178673700058476,0.03484904021024704,0.03484904021024704,-0.065761280571804248,-0.0069831712171435356,1,0,0,0,1,1
after,22500000,22300000,22500,22294,22294,-0.058778109354660713,-0.2166357772108318,0.010000000298023226,0.0056250004470348447,1,1200,21300,22500,1,0.03484904021024704,0.03484904021024704,0.03484904021024704,-0.065761280571804248,-0.0069831712171435356,1,0,0,0,1,1
before,22600000,22400000,22600,22394,22394,-0.10149787924672674,-0.085483480396510242,0.010000000298023226,0.0056250004470348447,1,1300,21300,22500,1,0.036195795831440808,0.12167927622795105,0.12167927622795105,-0.032657353202357992,0.068840526044368744,1,0,0,0,1,1
after,22600000,22400000,22600,22394,22394,-0.10149787924672674,-0.085483480396510242,0.010000000298023226,0.0056250004470348447,1,1300,22600,22500,1,0.12167927622795105,0.12167927622795105,0.12167927622795105,-0.032657353202357992,0.068840526044368744,1,0,0,0,1,1
before,22700000,22500000,22700,22494,22494,-0.077368990139453281,0.16003267138935684,0.010000000298023226,0.0056250004470348447,1,100,22600,22500,1,0.12312404855825064,-0.036908622831106186,-0.036908622831106186,0.03054505531361831,0.10791404545307159,1,0,0,0,1,1
after,22700000,22500000,22700,22494,22494,-0.077368990139453281,0.16003267138935684,0.010000000298023226,0.0056250004470348447,1,100,22600,22700,1,-0.036908622831106186,-0.036908622831106186,-0.036908622831106186,0.03054505531361831,0.10791404545307159,1,0,0,0,1,1
before,22800000,22600000,22800,22594,22594,0.011237818716540685,-0.10721528945476358,0.010000000298023226,0.0056250004470348447,1,200,22600,22700,1,-0.035452116709058935,0.071763172745704651,0.071763172745704651,0.06581614535905396,0.054578326642513275,1,0,0,0,1,1
after,22800000,22600000,22800,22594,22594,0.011237818716540685,-0.10721528945476358,0.010000000298023226,0.0056250004470348447,1,200,22600,22800,1,0.071763172745704651,0.071763172745704651,0.071763172745704651,0.06581614535905396,0.054578326642513275,1,0,0,0,1,1
before,22900000,22700000,22900,22694,22694,0.20541101822681873,0.16539465553178509,0.010000000298023226,0.0056250004470348447,1,300,22600,22800,1,0.071295394665143091,-0.094099260866641998,-0.094099260866641998,0.067340837214665092,-0.13807018101215363,1,0,0,0,1,1
after,22900000,22700000,22900,22694,22694,0.20541101822681873,0.16539465553178509,0.010000000298023226,0.0056250004470348447,1,300,22900,22800,1,-0.094099260866641998,-0.094099260866641998,-0.094099260866641998,0.067340837214665092,-0.13807018101215363,1,0,0,0,1,1
before,23000000,22800000,23000,22794,22794,-0.25776840263584827,0.052062082058274686,0.010000000298023226,0.0056250004470348447,1,100,22900,22800,1,-0.097267028921759188,-0.14932911098003387,-0.14932911098003387,-0.045428345739638547,0.21234005689620972,1,0,0,0,1,1
after,23000000,22800000,23000,22794,22794,-0.25776840263584827,0.052062082058274686,0.010000000298023226,0.0056250004470348447,1,100,22900,23000,1,-0.14932911098003387,-0.14932911098003387,-0.14932911098003387,-0.045428345739638547,0.21234005689620972,1,0,0,0,1,1
before,23100000,22900000,23100,22894,22894,0.11798195832942703,-0.22022599199251072,0.010000000298023226,0.0056250004470348447,1,200,22900,23000,1,-0.14579974332288639,0.074426248669624329,0.074426248669624329,0.069309144407260201,-0.048672813922166824,1,0,0,0,1,1
after,23100000,22900000,23100,22894,22894,0.11798195832942703,-0.22022599199251072,0.010000000298023226,0.0056250004470348447,1,200,22900,23100,1,0.074426248669624329,0.074426248669624329,0.074426248669624329,0.069309144407260201,-0.048672813922166824,1,0,0,0,1,1
before,23200000,23000000,23200,22994,22994,0.12636094780581586,0.073910038211032758,0.010000000298023226,0.0056250004470348447,1,300,22900,23100,1,0.072116480433031926,-0.0017935577780008316,-0.0017935577780008316,0.017352255600863606,-0.10900869220495224,1,0,0,0,1,1
after,23200000,23000000,23200,22994,22994,0.12636094780581586,0.073910038211032758,0.010000000298023226,0.0056250004470348447,1,300,22900,23200,1,-0.0017935577780008316,-0.0017935577780008316,-0.0017935577780008316,0.017352255600863606,-0.10900869220495224,1,0,0,0,1,1
before,23300000,23100000,23300,23094,23094,-0.012217703130131166,0.094562574156902252,0.010000000298023226,0.0056250004470348447,1,400,22900,23200,1,-0.0034802864702721311,-0.098042860627174377,-0.098042860627174377,-0.046398668404703539,-0.034180965274572372,1,0,0,0,1,1
after,23300000,23100000,23300,23094,23094,-0.012217703130131166,0.094562574156902252,0.010000000298023226,0.0056250004470348447,1,400,22900,23300,1,-0.098042860627174377,-0.098042860627174377,-0.098042860627174377,-0.046398668404703539,-0.034180965274572372,1,0,0,0,1,1
before,23400000,23200000,23400,23194,23194,-0.092863657379658848,-0.015030547177630971,0.010000000298023226,0.0056250004470348447,1,500,22900,23300,1,-0.097975901460486958,-0.082945354282855988,-0.082945354282855988,-0.050046660805256986,0.042816996574401855,1,0,0,0,1,1
after,23400000,23200000,23400,23194,23194,-0.092863657379658848,-0.015030547177630971,0.010000000298023226,0.0056250004470348447,1,500,22900,23400,1,-0.082945354282855988,-0.082945354282855988,-0.082945354282855988,-0.050046660805256986,0.042816996574401855,1,0,0,0,1,1
before,23500000,23300000,23500,23294,23294,-0.037025320319181612,-0.1674434382220174,0.010000000298023226,0.0056250004470348447,1,600,22900,23400,1,-0.081994815518465158,0.085448622703552246,0.085448622703552246,-0.011649216500765018,0.025376103818416595,1,0,0,0,1,1
after,23500000,23300000,23500,23294,23294,-0.037025320319181612,-0.1674434382220174,0.010000000298023226,0.0056250004470348447,1,600,22900,23500,1,0.085448622703552246,0.085448622703552246,0.085448622703552246,-0.011649216500765018,0.025376103818416595,1,0,0,0,1,1
before,23600000,23400000,23600,23394,23394,0.26496245905140214,0.16677294930384851,0.010000000298023226,0.0056250004470348447,1,700,22900,23500,1,0.085119630004627467,-0.081653319299221039,-0.081653319299221039,0.015498692238123918,-0.2494637668132782,1,0,0,0,1,1
after,23600000,23400000,23600,23394,23394,0.26496245905140214,0.16677294930384851,0.010000000298023226,0.0056250004470348447,1,700,23600,23500,1,-0.081653319299221039,-0.081653319299221039,-0.081653319299221039,0.015498692238123918,-0.2494637668132782,1,0,0,0,1,1
before,23700000,23500000,23700,23494,23494,-0.13776690641697364,-0.065529104017077441,0.010000000298023226,0.0056250004470348447,1,100,23600,23500,1,-0.085998262904940601,-0.020469158887863159,-0.020469158887863159,-0.12597677519824224,0.011790131218731403,1,0,0,0,1,1
after,23700000,23500000,23700,23494,23494,-0.13776690641697364,-0.065529104017077441,0.010000000298023226,0.0056250004470348447,1,100,23600,23700,1,-0.020469158887863159,-0.020469158887863159,-0.020469158887863159,-0.12597677519824224,0.011790131218731403,1,0,0,0,1,1
before,23800000,23600000,23800,23594,23594,-0.043960466278844181,-0.086426406327096819,0.010000000298023226,0.0056250004470348447,1,200,23600,23700,1,-0.018845467987863417,0.067580938339233398,0.067580938339233398,-0.058727198509626689,-0.014766732230782509,1,0,0,0,1,1
after,23800000,23600000,23800,23594,23594,-0.043960466278844181,-0.086426406327096819,0.010000000298023226,0.0056250004470348447,1,200,23600,23800,1,0.067580938339233398,0.067580938339233398,0.067580938339233398,-0.058727198509626689,-0.014766732230782509,1,0,0,0,1,1
before,23900000,23700000,23900,23694,23694,0.077153086011833863,-0.0099699236188411505,0.010000000298023226,0.0056250004470348447,1,300,23600,23800,1,0.067668858941984197,0.077638782560825348,0.077638782560825348,-0.029882811660342502,-0.10703589767217636,1,0,0,0,1,1
after,23900000,23700000,23900,23694,23694,0.077153086011833863,-0.0099699236188411505,0.010000000298023226,0.0056250004470348447,1,300,23600,23900,1,0.077638782560825348,0.077638782560825348,0.077638782560825348,-0.029882811660342502,-0.10703589767217636,1,0,0,0,1,1
before,24000000,23800000,24000,23794,23794,0.10747372069976487,0.0059937552582533665,0.010000000298023226,0.0056250004470348447,1,400,23600,23900,1,0.075944365657499582,0.069950610399246216,0.069950610399246216,-0.060970316737674099,-0.16844403743743896,1,0,0,0,1,1
after,24000000,23800000,24000,23794,23794,0.10747372069976487,0.0059937552582533665,0.010000000298023226,0.0056250004470348447,1,400,23600,24000,1,0.069950610399246216,0.069950610399246216,0.069950610399246216,-0.060970316737674099,-0.16844403743743896,1,0,0,0,1,1
before,24100000,23900000,24100,23894,23894,-0.21206204534548187,0.24963450941131748,0.010000000298023226,0.0056250004470348447,1,500,23600,24000,1,0.067391788092118862,-0.18224272131919861,-0.18224272131919861,-0.10811346710699463,0.10394857823848724,1,0,0,0,1,1
after,24100000,23900000,24100,23894,23894,-0.21206204534548187,0.24963450941131748,0.010000000298023226,0.0056250004470348447,1,500,23600,24100,1,-0.18224272131919861,-0.18224272131919861,-0.18224272131919861,-0.10811346710699463,0.10394857823848724,1,0,0,0,1,1
before,24200000,24000000,24200,23994,23994,0.0063764522389484039,-0.22747867644552874,0.010000000298023226,0.0056250004470348447,1,600,23600,24100,1,-0.17974616304759669,0.047732513397932053,0.047732513397932053,-0.019688210023848952,-0.026064662262797356,1,0,0,0,1,1
after,24200000,24000000,24200,23994,23994,0.0063764522389484039,-0.22747867644552874,0.010000000298023226,0.0056250004470348447,1,600,23600,24200,1,0.047732513397932053,0.047732513397932053,0.047732513397932053,-0.019688210023848952,-0.026064662262797356,1,0,0,0,1,1
before,24300000,24100000,24300,24094,24094,0.10239258631488293,0.099225207011525318,0.010000000298023226,0.0056250004470348447,1,700,23600,24200,1,0.047850950400654957,-0.051374256610870361,-0.051374256610870361,-0.018113111710343667,-0.12050569802522659,1,0,0,0,1,1
after,24300000,24100000,24300,24094,24094,0.10239258631488293,0.099225207011525318,0.010000000298023226,0.0056250004470348447,1,700,24300,24200,1,-0.051374256610870361,-0.051374256610870361,-0.051374256610870361,-0.018113111710343667,-0.12050569802522659,1,0,0,0,1,1
before,24400000,24200000,24400,24194,24194,0.12080160944426806,-0.012978833402558718,0.010000000298023226,0.0056250004470348447,1,100,24300,24200,1,-0.052499301965400133,-0.039520468562841415,-0.039520468562841415,-0.074735510659568002,-0.19553712010383606,1,0,0,0,1,1
after,24400000,24200000,24400,24194,24194,0.12080160944426806,-0.012978833402558718,0.010000000298023226,0.0056250004470348447,1,100,24300,24400,1,-0.039520468562841415,-0.039520468562841415,-0.039520468562841415,-0.074735510659568002,-0.19553712010383606,1,0,0,0,1,1
before,24500000,24300000,24500,24294,24294,-0.14771538479874405,-0.17595187310036953,0.010000000298023226,0.0056250004470348447,1,200,24300,24400,1,-0.040931229627698004,0.13502064347267151,0.13502064347267151,-0.13945634728918346,0.008259037509560585,1,0,0,0,1,1
after,24500000,24300000,24500,24294,24294,-0.14771538479874405,-0.17595187310036953,0.010000000298023226,0.0056250004470348447,1,200,24500,24400,1,0.13502064347267151,0.13502064347267151,0.13502064347267151,-0.13945634728918346,0.008259037509560585,1,0,0,0,1,1
before,24600000,24400000,24600,24394,24394,0.043121550422149109,0.10118119620360358,0.010000000298023226,0.0056250004470348447,1,100,24500,24400,1,0.1370792632607363,0.035898067057132721,0.035898067057132721,-0.051639180440468384,-0.094760730862617493,1,0,0,0,1,1
after,24600000,24400000,24600,24394,24394,0.043121550422149109,0.10118119620360358,0.010000000298023226,0.0056250004470348447,1,100,24500,24600,1,0.035898067057132721,0.035898067057132721,0.035898067057132721,-0.051639180440468384,-0.094760730862617493,1,0,0,0,1,1
before,24700000,24500000,24700,24494,24494,0.084503577915818362,0.055748208669600924,0.010000000298023226,0.0056250004470348447,1,200,24500,24600,1,0.03529148480075403,-0.020456723868846893,-0.020456723868846893,-0.069753436477988096,-0.15425701439380646,1,0,0,0,1,1
after,24700000,24500000,24700,24494,24494,0.084503577915818362,0.055748208669600924,0.010000000298023226,0.0056250004470348447,1,200,24500,24700,1,-0.020456723868846893,-0.020456723868846893,-0.020456723868846893,-0.069753436477988096,-0.15425701439380646,1,0,0,0,1,1
before,24800000,24600000,24800,24594,24594,-0.088936316574419638,-0.028355759617400954,0.010000000298023226,0.0056250004470348447,1,300,24500,24700,1,-0.022151311908377002,0.0062044477090239525,0.0062044477090239525,-0.11436205243548264,-0.025425735861063004,1,0,0,0,1,1
after,24800000,24600000,24800,24594,24594,-0.088936316574419638,-0.028355759617400954,0.010000000298023226,0.0056250004470348447,1,300,24500,24800,1,0.0062044477090239525,0.0062044477090239525,0.0062044477090239525,-0.11436205243548264,-0.025425735861063004,1,0,0,0,1,1
before,24900000,24700000,24900,24694,24694,-0.037210057131068425,0.050865753345554689,0.010000000298023226,0.0056250004470348447,1,400,24500,24800,1,0.0071435857344325591,-0.043722167611122131,-0.043722167611122131,-0.069030130854861455,-0.03182007372379303,1,0,0,0,1,1
after,24900000,24700000,24900,24694,24694,-0.037210057131068425,0.050865753345554689,0.010000000298023226,0.0056250004470348447,1,400,24500,24900,1,-0.043722167611122131,-0.043722167611122131,-0.043722167611122131,-0.069030130854861455,-0.03182007372379303,1,0,0,0,1,1
before,25000000,24800000,25000,24794,24794,0.047291129028698295,-0.041528620937873399,0.010000000298023226,0.0056250004470348447,1,500,24500,24900,1,-0.043446577800472057,-0.0019179568625986576,-0.0019179568625986576,-0.054681041145423562,-0.10197217017412186,1,0,0,0,1,1
after,25000000,24800000,25000,24794,24794,0.047291129028698295,-0.041528620937873399,0.010000000298023226,0.0056250004470348447,1,500,24500,25000,1,-0.0019179568625986576,-0.0019179568625986576,-0.0019179568625986576,-0.054681041145423562,-0.10197217017412186,1,0,0,0,1,1
before,25100000,24900000,25100,24894,24894,-0.059633433744227471,-0.033218515446577099,0.010000000298023226,0.0056250004470348447,1,600,24500,25000,1,-0.0024765351472235001,0.0307419802993536,0.0307419802993536,-0.078651547357356133,-0.019018113613128662,1,0,0,0,1,1
after,25100000,24900000,25100,24894,24894,-0.059633433744227471,-0.033218515446577099,0.010000000298023226,0.0056250004470348447,1,600,24500,25100,1,0.0307419802993536,0.0307419802993536,0.0307419802993536,-0.078651547357356133,-0.019018113613128662,1,0,0,0,1,1
before,25200000,25000000,25200,24994,24994,0.032424909016601326,0.015593935184885117,0.010000000298023226,0.0056250004470348447,1,700,24500,25100,1,0.030870005869079682,0.015276070684194565,0.015276070684194565,-0.045615325727947471,-0.078040234744548798,1,0,0,0,1,1
after,25200000,25000000,25200,24994,24994,0.032424909016601326,0.015593935184885117,0.010000000298023226,0.0056250004470348447,1,700,24500,25200,1,0.015276070684194565,0.015276070684194565,0.015276070684194565,-0.045615325727947471,-0.078040234744548798,1,0,0,0,1,1
before,25300000,25100000,25300,25094,25094,-0.023540658466531202,0.048215159232809481,0.010000000298023226,0.0056250004470348447,1,800,24500,25200,1,0.014678512717678484,-0.033536646515130997,-0.033536646515130997,-0.060408001355840131,-0.036867342889308929,1,0,0,0,1,1
after,25300000,25100000,25300,25094,25094,-0.023540658466531202,0.048215159232809481,0.010000000298023226,0.0056250004470348447,1,800,24500,25300,1,-0.033536646515130997,-0.033536646515130997,-0.033536646515130997,-0.060408001355840131,-0.036867342889308929,1,0,0,0,1,1
before,25400000,25200000,25400,25194,25194,-0.10662393366734618,-0.037722891207646485,0.010000000298023226,0.0056250004470348447,1,900,24500,25300,1,-0.032785126019131298,0.0049377651885151863,0.0049377651885151863,-0.051891763711377326,0.054732169955968857,1,0,0,0,1,1
after,25400000,25200000,25400,25194,25194,-0.10662393366734618,-0.037722891207646485,0.010000000298023226,0.0056250004470348447,1,900,24500,25400,1,0.0049377651885151863,0.0049377651885151863,0.0049377651885151863,-0.051891763711377326,0.054732169955968857,1,0,0,0,1,1
before,25500000,25300000,25500,25294,25294,0.084656055653479931,0.038655887923549882,0.010000000298023226,0.0056250004470348447,1,1000,24500,25400,1,0.0061929036000482962,-0.032462984323501587,-0.032462984323501587,0.0022460255865129255,-0.08241003006696701,1,0,0,0,1,1
after,25500000,25300000,25500,25294,25294,0.084656055653479931,0.038655887923549882,0.010000000298023226,0.0056250004470348447,1,1000,24500,25500,1,-0.032462984323501587,-0.032462984323501587,-0.032462984323501587,0.0022460255865129255,-0.08241003006696701,1,0,0,0,1,1
before,25600000,25400000,25600,25394,25394,0.019704829562904425,-0.0061244295211748054,0.010000000298023226,0.0056250004470348447,1,1100,24500,25500,1,-0.034059856203408616,-0.02793542668223381,-0.02793542668223381,-0.043629054318664484,-0.063333883881568909,1,0,0,0,1,1
after,25600000,25400000,25600,25394,25394,0.019704829562904425,-0.0061244295211748054,0.010000000298023226,0.0056250004470348447,1,1100,24500,25600,1,-0.02793542668223381,-0.02793542668223381,-0.02793542668223381,-0.043629054318664484,-0.063333883881568909,1,0,0,0,1,1
before,25700000,25500000,25700,25494,25494,-0.10709624129452042,-0.053967293651319942,0.010000000298023226,0.0056250004470348447,1,1200,24500,25600,1,-0.028042061553813422,0.025925232097506523,0.025925232097506523,-0.056338900207655938,0.050757341086864471,1,0,0,0,1,1
after,25700000,25500000,25700,25494,25494,-0.10709624129452042,-0.053967293651319942,0.010000000298023226,0.0056250004470348447,1,1200,24500,25700,1,0.025925232097506523,0.025925232097506523,0.025925232097506523,-0.056338900207655938,0.050757341086864471,1,0,0,0,1,1
before,25800000,25600000,25800,25594,25594,0.044478139163390835,0.063582788529839118,0.010000000298023226,0.0056250004470348447,1,1300,24500,25700,1,0.027555502328123652,-0.036027286201715469,-0.036027286201715469,0.00012552577389879826,-0.044352613389492035,1,0,0,0,1,1
after,25800000,25600000,25800,25594,25594,0.044478139163390835,0.063582788529839118,0.010000000298023226,0.0056250004470348447,1,1300,24500,25800,1,-0.036027286201715469,-0.036027286201715469,-0.036027286201715469,0.00012552577389879826,-0.044352613389492035,1,0,0,0,1,1
before,25900000,25700000,25900,25694,25694,0.048198415364351994,0.014068584822901666,0.010000000298023226,0.0056250004470348447,1,1400,24500,25800,1,-0.037308409876338065,-0.051376994699239731,-0.051376994699239731,-0.025879183386239284,-0.074077598750591278,1,0,0,0,1,1
after,25900000,25700000,25900,25694,25694,0.048198415364351994,0.014068584822901666,0.010000000298023226,0.0056250004470348447,1,1400,24500,25900,1,-0.051376994699239731,-0.051376994699239731,-0.051376994699239731,-0.025879183386239284,-0.074077598750591278,1,0,0,0,1,1
before,26000000,25800000,26000,25794,25794,0.028265237148175464,-0.050166513371256084,0.010000000298023226,0.0056250004470348447,1,1500,24500,25900,1,-0.052798701050666065,-0.0026321876794099808,-0.0026321876794099808,-0.055297621254553571,-0.083562858402729034,1,0,0,0,1,1
after,26000000,25800000,26000,25794,25794,0.028265237148175464,-0.050166513371256084,0.010000000298023226,0.0056250004470348447,1,1500,24500,26000,1,-0.0026321876794099808,-0.0026321876794099808,-0.0026321876794099808,-0.055297621254553571,-0.083562858402729034,1,0,0,0,1,1
before,26100000,25900000,26100,25894,25894,-0.086267049817931957,0.14591450437260944,0.010000000298023226,0.0056250004470348447,1,1600,24500,26000,1,-0.0034854765300623763,-0.14939998090267181,-0.14939998090267181,-0.069816821648371524,0.016450228169560432,1,0,0,0,1,1
after,26100000,25900000,26100,25894,25894,-0.086267049817931957,0.14591450437260944,0.010000000298023226,0.0056250004470348447,1,1600,24500,26100,1,-0.14939998090267181,-0.14939998090267181,-0.14939998090267181,-0.069816821648371524,0.016450228169560432,1,0,0,0,1,1
before,26200000,26000000,26200,25994,25994,-0.061286551149514132,-0.16127897488544568,0.010000000298023226,0.0056250004470348447,1,1700,24500,26100,1,-0.14833545840005263,0.012943516485393047,0.012943516485393047,-0.041358904184725695,0.019927646964788437,1,0,0,0,1,1
after,26200000,26000000,26200,25994,25994,-0.061286551149514132,-0.16127897488544568,0.010000000298023226,0.0056250004470348447,1,1700,24500,26200,1,0.012943516485393047,0.012943516485393047,0.012943516485393047,-0.041358904184725695,0.019927646964788437,1,0,0,0,1,1
before,26300000,26100000,26300,26094,26094,0.081439444890137477,0.073865702170260367,0.010000000298023226,0.0056250004470348447,1,1800,24500,26200,1,0.013345239478476467,-0.060520462691783905,-0.060520462691783905,-0.0092486868594924918,-0.090688131749629974,1,0,0,0,1,1
after,26300000,26100000,26300,26094,26094,0.081439444890137477,0.073865702170260367,0.010000000298023226,0.0056250004470348447,1,1800,24500,26300,1,-0.060520462691783905,-0.060520462691783905,-0.060520462691783905,-0.0092486868594924918,-0.090688131749629974,1,0,0,0,1,1
before,26400000,26200000,26400,26194,26194,0.15953519903368943,-0.090467624813089731,0.010000000298023226,0.0056250004470348447,1,1900,24500,26300,1,-0.061832366958032021,0.028635257855057716,0.028635257855057716,-0.056258246672678064,-0.21579344570636749,1,0,0,0,1,1
after,26400000,26200000,26400,26194,26194,0.15953519903368943,-0.090467624813089731,0.010000000298023226,0.0056250004470348447,1,1900,24500,26400,1,0.028635257855057716,0.028635257855057716,0.028635257855057716,-0.056258246672678064,-0.21579344570636749,1,0,0,0,1,1
before,26500000,26300000,26500,26294,26294,-0.15931589357231091,0.11821545705036364,0.010000000298023226,0.0056250004470348447,1,2000,24500,26400,1,0.026086628882448299,-0.092128828167915344,-0.092128828167915344,-0.13366922005687187,0.025646673515439034,1,0,0,0,1,1
after,26500000,26300000,26500,26294,26294,-0.15931589357231091,0.11821545705036364,0.010000000298023226,0.0056250004470348447,1,2000,24500,26500,1,-0.092128828167915344,-0.092128828167915344,-0.092128828167915344,-0.13366922005687187,0.025646673515439034,1,0,0,0,1,1
before,26600000,26400000,26600,26394,26394,0.10067254328304832,-0.21563696939593729,0.010000000298023226,0.0056250004470348447,1,2100,24500,26500,1,-0.090527177640261011,0.12510979175567627,0.12510979175567627,-0.062763765220102616,-0.16343630850315094,1,0,0,0,1,1
after,26600000,26400000,26600,26394,26394,0.10067254328304832,-0.21563696939593729,0.010000000298023226,0.0056250004470348447,1,2100,24500,26600,1,0.12510979175567627,0.12510979175567627,0.12510979175567627,-0.062763765220102616,-0.16343630850315094,1,0,0,0,1,1
before,26700000,26500000,26700,26494,26494,-0.16960266368526039,-0.043914030904766713,0.010000000298023226,0.0056250004470348447,1,2200,24500,26600,1,0.12361443448543867,0.16752846539020538,0.16752846539020538,-0.10089098798173485,0.068711675703525543,1,0,0,0,1,1
after,26700000,26500000,26700,26494,26494,-0.16960266368526039,-0.043914030904766713,0.010000000298023226,0.0056250004470348447,1,2200,24500,26700,1,0.16752846539020538,0.16752846539020538,0.16752846539020538,-0.10089098798173485,0.068711675703525543,1,0,0,0,1,1
before,26800000,26600000,26800,26594,26594,0.048372712091726847,0.19356805016604048,0.010000000298023226,0.0056250004470348447,1,2300,24500,26700,1,0.16985427518692595,-0.023713774979114532,-0.023713774979114532,0.0011901446741052336,-0.047182567417621613,1,0,0,0,1,1
after,26800000,26600000,26800,26594,26594,0.048372712091726847,0.19356805016604048,0.010000000298023226,0.0056250004470348447,1,2300,24500,26800,1,-0.023713774979114532,-0.023713774979114532,-0.023713774979114532,0.0011901446741052336,-0.047182567417621613,1,0,0,0,1,1
before,26900000,26700000,26900,26694,26694,-0.056782419182492667,-0.15766005737867059,0.010000000298023226,0.0056250004470348447,1,2400,24500,26800,1,-0.024646227789780518,0.13301382958889008,0.13301382958889008,-0.0255233779029383,0.031259041279554367,1,0,0,0,1,1
after,26900000,26700000,26900,26694,26694,-0.056782419182492667,-0.15766005737867059,0.010000000298023226,0.0056250004470348447,1,2400,24500,26900,1,0.13301382958889008,0.13301382958889008,0.13301382958889008,-0.0255233779029383,0.031259041279554367,1,0,0,0,1,1
before,27000000,26800000,27000,26794,26794,0.12394206930911905,0.18158655902414383,0.010000000298023226,0.0056250004470348447,1,2500,24500,26900,1,0.13300376674203934,-0.048582792282104492,-0.048582792282104492,0.016307085352305243,-0.10763498395681381,1,0,0,0,1,1
after,27000000,26800000,27000,26794,26794,0.12394206930911905,0.18158655902414383,0.010000000298023226,0.0056250004470348447,1,2500,27000,26900,1,-0.048582792282104492,-0.048582792282104492,-0.048582792282104492,0.016307085352305243,-0.10763498395681381,1,0,0,0,1,1
before,27100000,26900000,27100,26894,26894,0.13733593620832862,-0.023662310244752301,0.010000000298023226,0.0056250004470348447,1,100,27000,26900,1,-0.050904402660442723,-0.027242092415690422,-0.027242092415690422,-0.050938506941238013,-0.18827444314956665,1,0,0,0,1,1
after,27100000,26900000,27100,26894,26894,0.13733593620832862,-0.023662310244752301,0.010000000298023226,0.0056250004470348447,1,100,27000,27100,1,-0.027242092415690422,-0.027242092415690422,-0.027242092415690422,-0.050938506941238013,-0.18827444314956665,1,0,0,0,1,1
before,27200000,27000000,27200,26994,26994,-0.14844509194348654,-0.10121627768524376,0.010000000298023226,0.0056250004470348447,1,200,27000,27100,1,-0.029796658661443858,0.071419619023799896,0.071419619023799896,-0.12278556058858235,0.025659531354904175,1,0,0,0,1,1
after,27200000,27000000,27200,26994,26994,-0.14844509194348654,-0.10121627768524376,0.010000000298023226,0.0056250004470348447,1,200,27200,27100,1,0.071419619023799896,0.071419619023799896,0.071419619023799896,-0.12278556058858235,0.025659531354904175,1,0,0,0,1,1
before,27300000,27100000,27300,27094,27094,-0.11335290936124107,0.20741866652441088,0.010000000298023226,0.0056250004470348447,1,100,27200,27100,1,0.072562606377125402,-0.13485606014728546,-0.13485606014728546,-0.041040032779095376,0.072312876582145691,1,0,0,0,1,1
after,27300000,27100000,27300,27094,27094,-0.11335290936124107,0.20741866652441088,0.010000000298023226,0.0056250004470348447,1,100,27200,27300,1,-0.13485606014728546,-0.13485606014728546,-0.13485606014728546,-0.041040032779095376,0.072312876582145691,1,0,0,0,1,1
before,27400000,27200000,27400,27194,27194,0.023781453399128124,-0.29684926898325892,0.010000000298023226,0.0056250004470348447,1,200,27200,27300,1,-0.13373793990458463,0.16311132907867432,0.16311132907867432,0.0024802490604583474,-0.021301204338669777,1,0,0,0,1,1
after,27400000,27200000,27400,27194,27194,0.023781453399128124,-0.29684926898325892,0.010000000298023226,0.0056250004470348447,1,200,27200,27400,1,0.16311132907867432,0.16311132907867432,0.16311132907867432,0.0024802490604583474,-0.021301204338669777,1,0,0,0,1,1
before,27500000,27300000,27500,27294,27294,0.19925779660425072,0.28611761472083785,0.010000000298023226,0.0056250004470348447,1,300,27200,27400,1,0.16178568593122222,-0.12433192878961563,-0.12433192878961563,0.0067727025338161469,-0.19248509407043457,1,0,0,0,1,1
after,27500000,27300000,27500,27294,27294,0.19925779660425072,0.28611761472083785,0.010000000298023226,0.0056250004470348447,1,300,27500,27400,1,-0.12433192878961563,-0.12433192878961563,-0.12433192878961563,0.0067727025338161469,-0.19248509407043457,1,0,0,0,1,1
before,27600000,27400000,27600,27394,27394,-0.046987946551647911,-0.024443871137556222,0.010000000298023226,0.0056250004470348447,1,100,27500,27400,1,-0.12759929781859794,-0.10315542668104172,-0.10315542668104172,-0.10593284986576153,-0.058944903314113617,1,0,0,0,1,1
after,27600000,27400000,27600,27394,27394,-0.046987946551647911,-0.024443871137556222,0.010000000298023226,0.0056250004470348447,1,100,27500,27600,1,-0.10315542668104172,-0.10315542668104172,-0.10315542668104172,-0.10593284986576153,-0.058944903314113617,1,0,0,0,1,1
before,27700000,27500000,27700,27494,27494,-0.071769762481074389,-0.10676009826640337,0.010000000298023226,0.0056250004470348447,1,200,27500,27600,1,-0.10346331157999783,0.0032967866864055395,0.0032967866864055395,-0.092666173050622996,-0.020896410569548607,1,0,0,0,1,1
after,27700000,27500000,27700,27494,27494,-0.071769762481074389,-0.10676009826640337,0.010000000298023226,0.0056250004470348447,1,200,27500,27700,1,0.0032967866864055395,0.0032967866864055395,0.0032967866864055395,-0.092666173050622996,-0.020896410569548607,1,0,0,0,1,1
before,27800000,27600000,27800,27594,27594,-0.2200817204773815,0.056928009458107096,0.010000000298023226,0.0056250004470348447,1,300,27500,27700,1,0.0034841417448941269,-0.053443867713212967,-0.053443867713212967,-0.056267444020548632,0.16381427645683289,1,0,0,0,1,1
after,27800000,27600000,27800,27594,27594,-0.2200817204773815,0.056928009458107096,0.010000000298023226,0.0056250004470348447,1,300,27500,27800,1,-0.053443867713212967,-0.053443867713212967,-0.053443867713212967,-0.056267444020548632,0.16381427645683289,1,0,0,0,1,1
before,27900000,27700000,27900,27694,27694,0.010586637913527076,-0.12679979422424528,0.010000000298023226,0.0056250004470348447,1,400,27500,27800,1,-0.050054664102537366,0.076745130121707916,0.076745130121707916,0.049139954059662407,0.03855331614613533,1,0,0,0,1,1
after,27900000,27700000,27900,27694,27694,0.010586637913527076,-0.12679979422424528,0.010000000298023226,0.0056250004470348447,1,400,27500,27900,1,0.076745130121707916,0.076745130121707916,0.076745130121707916,0.049139954059662407,0.03855331614613533,1,0,0,0,1,1
before,28000000,27800000,28000,27794,27794,0.11753574111837128,0.17990070844062944,0.010000000298023226,0.0056250004470348447,1,500,27500,27900,1,0.076527970675317233,-0.10337273776531219,-0.10337273776531219,0.051479191569268501,-0.066056549549102783,1,0,0,0,1,1
after,28000000,27800000,28000,27794,27794,0.11753574111837128,0.17990070844062944,0.010000000298023226,0.0056250004470348447,1,500,28000,27900,1,-0.10337273776531219,-0.10337273776531219,-0.10337273776531219,0.051479191569268501,-0.066056549549102783,1,0,0,0,1,1
before,28100000,27900000,28100,27894,27894,0.19923758637532682,-0.18658513827811229,0.010000000298023226,0.0056250004470348447,1,100,28000,27900,1,-0.10559088243733394,0.080994255840778351,0.080994255840778351,-0.018049819950013462,-0.21728740632534027,1,0,0,0,1,1
after,28100000,27900000,28100,27894,27894,0.19923758637532682,-0.18658513827811229,0.010000000298023226,0.0056250004470348447,1,100,28000,28100,1,0.080994255840778351,0.080994255840778351,0.080994255840778351,-0.018049819950013462,-0.21728740632534027,1,0,0,0,1,1
before,28200000,28000000,28200,27994,27994,-0.034057961993105901,-0.018151204352436334,0.010000000298023226,0.0056250004470348447,1,200,28000,28100,1,0.078463104302825659,0.096614308655261993,0.096614308655261993,-0.11016218572128583,-0.076104223728179932,1,0,0,0,1,1
after,28200000,28000000,28200,27994,27994,-0.034057961993105901,-0.018151204352436334,0.010000000298023226,0.0056250004470348447,1,200,28000,28200,1,0.096614308655261993,0.096614308655261993,0.096614308655261993,-0.11016218572128583,-0.076104223728179932,1,0,0,0,1,1
before,28300000,28100000,28300,28094,28094,-0.12809821467237698,0.02333907429872667,0.010000000298023226,0.0056250004470348447,1,300,28000,28200,1,0.096262436553823105,0.072923362255096436,0.072923362255096436,-0.083415339396765112,0.044682875275611877,1,0,0,0,1,1
after,28300000,28100000,28300,28094,28094,-0.12809821467237698,0.02333907429872667,0.010000000298023226,0.0056250004470348447,1,300,28000,28300,1,0.072923362255096436,0.072923362255096436,0.072923362255096436,-0.083415339396765112,0.044682875275611877,1,0,0,0,1,1
before,28400000,28200000,28400,28194,28194,-0.037244116870260378,0.13545990559669674,0.010000000298023226,0.0056250004470348447,1,400,28000,28300,1,0.074789447816335564,-0.060670457780361176,-0.060670457780361176,-0.011663703230714936,0.025580413639545441,1,0,0,0,1,1
after,28400000,28200000,28400,28194,28194,-0.037244116870260378,0.13545990559669674,0.010000000298023226,0.0056250004470348447,1,400,28000,28400,1,-0.060670457780361176,-0.060670457780361176,-0.060670457780361176,-0.011663703230714936,0.025580413639545441,1,0,0,0,1,1
before,28500000,28300000,28500,28294,28294,0.2030893398785327,-0.34416368954237953,0.010000000298023226,0.0056250004470348447,1,500,28000,28400,1,-0.06042558305319802,0.28373810648918152,0.28373810648918152,0.00097787215945464357,-0.20211146771907806,1,0,0,0,1,1
after,28500000,28300000,28500,28294,28294,0.2030893398785327,-0.34416368954237953,0.010000000298023226,0.0056250004470348447,1,500,28000,28500,1,0.28373810648918152,0.28373810648918152,0.28373810648918152,0.00097787215945464357,-0.20211146771907806,1,0,0,0,1,1
before,28600000,28400000,28600,28394,28394,-0.1753601383457189,0.29999660930937311,0.010000000298023226,0.0056250004470348447,1,600,28000,28500,1,0.28113804056650182,-0.018858568742871284,-0.018858568742871284,-0.072796697546005762,0.10256344079971313,1,0,0,0,1,1
after,28600000,28400000,28600,28394,28394,-0.1753601383457189,0.29999660930937311,0.010000000298023226,0.0056250004470348447,1,600,28000,28600,1,-0.018858568742871284,-0.018858568742871284,-0.018858568742871284,-0.072796697546005762,0.10256344079971313,1,0,0,0,1,1
before,28700000,28500000,28700,28494,28494,-0.18721423738964715,-0.0023942949915938261,0.010000000298023226,0.0056250004470348447,1,700,28000,28600,1,-0.016201138190429676,-0.01380684319883585,-0.01380684319883585,0.013574647965348586,0.20078888535499573,1,0,0,0,1,1
after,28700000,28500000,28700,28494,28494,-0.18721423738964715,-0.0023942949915938261,0.010000000298023226,0.0056250004470348447,1,700,28000,28700,1,-0.01380684319883585,-0.01380684319883585,-0.01380684319883585,0.013574647965348586,0.20078888535499573,1,0,0,0,1,1
before,28800000,28600000,28800,28594,28594,0.0026605181374992348,-0.050987223253939354,0.010000000298023226,0.0056250004470348447,1,800,28000,28700,1,-0.011445781306717598,0.039541441947221756,0.039541441947221756,0.1063789479413475,0.10371842980384827,1,0,0,0,1,1
after,28800000,28600000,28800,28594,28594,0.0026605181374992348,-0.050987223253939354,0.010000000298023226,0.0056250004470348447,1,800,28000,28800,1,0.039541441947221756,0.039541441947221756,0.039541441947221756,0.1063789479413475,0.10371842980384827,1,0,0,0,1,1
before,28900000,28700000,28900,28694,28694,0.22071375580378691,-0.082890636725380856,0.010000000298023226,0.0056250004470348447,1,900,28000,28800,1,0.038979672389075327,0.12187030911445618,0.12187030911445618,0.10896075399466673,-0.11175300180912018,1,0,0,0,1,1
after,28900000,28700000,28900,28694,28694,0.22071375580378691,-0.082890636725380856,0.010000000298023226,0.0056250004470348447,1,900,28000,28900,1,0.12187030911445618,0.12187030911445618,0.12187030911445618,0.10896075399466673,-0.11175300180912018,1,0,0,0,1,1
before,29000000,28800000,29000,28794,28794,0.09054210751020228,0.15207284396013529,0.010000000298023226,0.0056250004470348447,1,1000,28000,28900,1,0.11805208106955797,-0.034020762890577316,-0.034020762890577316,0.010064147102468366,-0.080477960407733917,1,0,0,0,1,1
after,29000000,28800000,29000,28794,28794,0.09054210751020228,0.15207284396013529,0.010000000298023226,0.0056250004470348447,1,1000,28000,29000,1,-0.034020762890577316,-0.034020762890577316,-0.034020762890577316,0.010064147102468366,-0.080477960407733917,1,0,0,0,1,1
before,29100000,28900000,29100,28894,28894,-0.130298388529901,-0.08421100805551987,0.010000000298023226,0.0056250004470348447,1,1100,28000,29000,1,-0.035939098699402622,0.048271909356117249,0.048271909356117249,-0.038938572038297162,0.091359816491603851,1,0,0,0,1,1
after,29100000,28900000,29100,28894,28894,-0.130298388529901,-0.08421100805551987,0.010000000298023226,0.0056250004470348447,1,1100,29100,29000,1,0.048271909356117249,0.048271909356117249,0.048271909356117249,-0.038938572038297162,0.091359816491603851,1,0,0,0,1,1
before,29200000,29000000,29200,28994,28994,0.067594631608109773,-0.064929625050055895,0.010000000298023226,0.0056250004470348447,1,100,29100,29000,1,0.049396144195568654,0.11432576924562454,0.11432576924562454,0.031395345028024026,-0.036199286580085754,1,0,0,0,1,1
after,29200000,29000000,29200,28994,28994,0.067594631608109773,-0.064929625050055895,0.010000000298023226,0.0056250004470348447,1,100,29100,29200,1,0.11432576924562454,0.11432576924562454,0.11432576924562454,0.031395345028024026,-0.036199286580085754,1,0,0,0,1,1
before,29300000,29100000,29300,29094,29094,0.079765180700255178,0.14658342807612201,0.010000000298023226,0.0056250004470348447,1,200,29100,29200,1,0.11324132739624758,-0.03334210067987442,-0.03334210067987442,0.0088101128272540814,-0.070955067873001099,1,0,0,0,1,1
after,29300000,29100000,29300,29094,29094,0.079765180700255178,0.14658342807612201,0.010000000298023226,0.0056250004470348447,1,200,29100,29300,1,-0.03334210067987442,-0.03334210067987442,-0.03334210067987442,0.0088101128272540814,-0.070955067873001099,1,0,0,0,1,1
before,29400000,29200000,29400,29194,29194,0.13288044711754096,0.0051366198604777119,0.010000000298023226,0.0056250004470348447,1,300,29100,29300,1,-0.035537127798251841,-0.040673747658729553,-0.040673747658729553,-0.034735190065648423,-0.16761563718318939,1,0,0,0,1,1
after,29400000,29200000,29400,29194,29194,0.13288044711754096,0.0051366198604777119,0.010000000298023226,0.0056250004470348447,1,300,29100,29400,1,-0.040673747658729553,-0.040673747658729553,-0.040673747658729553,-0.034735190065648423,-0.16761563718318939,1,0,0,0,1,1
before,29500000,29300000,29500,29294,29294,0.052337108561299944,-0.041889514516331453,0.010000000298023226,0.0056250004470348447,1,400,29100,29400,1,-0.043002491908371646,-0.0011129773920401931,-0.0011129773920401931,-0.10566604285547862,-0.15800315141677856,1,0,0,0,1,1
after,29500000,29300000,29500,29294,29294,0.052337108561299944,-0.041889514516331453,0.010000000298023226,0.0056250004470348447,1,400,29100,29500,1,-0.0011129773920401931,-0.0011129773920401931,-0.0011129773920401931,-0.10566604285547862,-0.15800315141677856,1,0,0,0,1,1
before,29600000,29400000,29600,29394,29394,-0.126950772768499,-0.10332204631792977,0.010000000298023226,0.0056250004470348447,1,500,29100,29500,1,-0.0024319165133185601,0.10089012980461121,0.10089012980461121,-0.13216019124785219,-0.0052094184793531895,1,0,0,0,1,1
after,29600000,29400000,29600,29394,29394,-0.126950772768499,-0.10332204631792977,0.010000000298023226,0.0056250004470348447,1,500,29600,29500,1,0.10089012980461121,0.10089012980461121,0.10089012980461121,-0.13216019124785219,-0.0052094184793531895,1,0,0,0,1,1
before,29700000,29500000,29700,29494,29494,-0.19289357305988641,0.034624350907333429,0.010000000298023226,0.0056250004470348447,1,100,29600,29500,1,0.1034079023618775,0.068783551454544067,0.068783551454544067,-0.058163338317721809,0.13473023474216461,1,0,0,0,1,1
after,29700000,29500000,29700,29494,29494,-0.19289357305988641,0.034624350907333429,0.010000000298023226,0.0056250004470348447,1,100,29600,29700,1,0.068783551454544067,0.068783551454544067,0.068783551454544067,-0.058163338317721809,0.13473023474216461,1,0,0,0,1,1
before,29800000,29600000,29800,29594,29594,0.082347243106825646,0.096975953351439034,0.010000000298023226,0.0056250004470348447,1,200,29600,29700,1,0.071494060601771867,-0.025481892749667168,-0.025481892749667168,0.045796073055727783,-0.03655117005109787,1,0,0,0,1,1
after,29800000,29600000,29800,29594,29594,0.082347243106825646,0.096975953351439034,0.010000000298023226,0.0056250004470348447,1,200,29600,29800,1,-0.025481892749667168,-0.025481892749667168,-0.025481892749667168,0.045796073055727783,-0.03655117005109787,1,0,0,0,1,1
before,29900000,29700000,29900,29694,29694,0.10981478591168121,-0.059944913749255729,0.010000000298023226,0.0056250004470348447,1,300,29600,29800,1,-0.026691396747388435,0.033253517001867294,0.033253517001867294,0.0018521179696340962,-0.10796266794204712,1,0,0,0,1,1
after,29900000,29700000,29900,29694,29694,0.10981478591168121,-0.059944913749255729,0.010000000298023226,0.0056250004470348447,1,300,29600,29900,1,0.033253517001867294,0.033253517001867294,0.033253517001867294,0.0018521179696340962,-0.10796266794204712,1,0,0,0,1,1
before,30000000,29800000,30000,29794,29794,-0.027793321508949927,0.067270455090126746,0.010000000298023226,0.0056250004470348447,1,400,29600,29900,1,0.030990001885018104,-0.036280453205108643,-0.036280453205108643,-0.050116739917582205,-0.022323418408632278,1,0,0,0,1,1
after,30000000,29800000,30000,29794,29794,-0.027793321508949927,0.067270455090126746,0.010000000298023226,0.0056250004470348447,1,400,29600,30000,1,-0.036280453205108643,-0.036280453205108643,-0.036280453205108643,-0.050116739917582205,-0.022323418408632278,1,0,0,0,1,1
before,30100000,29900000,30100,29894,29894,-0.065782666303160403,-0.080203588889652733,0.010000000298023226,0.0056250004470348447,1,500,29600,30000,1,-0.036522310064846512,0.043681278824806213,0.043681278824806213,-0.039799563683512423,0.02598310261964798,1,0,0,0,1,1
after,30100000,29900000,30100,29894,29894,-0.065782666303160403,-0.080203588889652733,0.010000000298023226,0.0056250004470348447,1,500,29600,30100,1,0.043681278824806213,0.043681278824806213,0.043681278824806213,-0.039799563683512423,0.02598310261964798,1,0,0,0,1,1
before,30200000,30000000,30200,29994,29994,-0.0066675349159941357,-0.0077110211187380248,0.010000000298023226,0.0056250004470348447,1,600,29600,30100,1,0.043935647345207364,0.051646668463945389,0.051646668463945389,-0.0023753839566216153,0.0042921509593725204,1,0,0,0,1,1
after,30200000,30000000,30200,29994,29994,-0.0066675349159941357,-0.0077110211187380248,0.010000000298023226,0.0056250004470348447,1,600,29600,30200,1,0.051646668463945389,0.051646668463945389,0.051646668463945389,-0.0023753839566216153,0.0042921509593725204,1,0,0,0,1,1
before,30300000,30100000,30300,30094,30094,0.091049860007936703,0.12782920404517306,0.010000000298023226,0.0056250004470348447,1,700,29600,30200,1,0.051046351633902913,-0.076782852411270142,-0.076782852411270142,0.0060835133864233391,-0.084966346621513367,1,0,0,0,1,1
after,30300000,30100000,30300,30094,30094,0.091049860007936703,0.12782920404517306,0.010000000298023226,0.0056250004470348447,1,700,29600,30300,1,-0.076782852411270142,-0.076782852411270142,-0.076782852411270142,0.0060835133864233391,-0.084966346621513367,1,0,0,0,1,1
before,30400000,30200000,30400,30194,30194,0.10367860477794758,-0.097884148336913543,0.010000000298023226,0.0056250004470348447,1,800,29600,30300,1,-0.077999250940945106,0.019884897395968437,0.019884897395968437,-0.047390991631850087,-0.15106959640979767,1,0,0,0,1,1
after,30400000,30200000,30400,30194,30194,0.10367860477794758,-0.097884148336913543,0.010000000298023226,0.0056250004470348447,1,800,29600,30400,1,0.019884897395968437,0.019884897395968437,0.019884897395968437,-0.047390991631850087,-0.15106959640979767,1,0,0,0,1,1
before,30500000,30300000,30500,30294,30294,-0.12097723780219929,0.10100469246363741,0.010000000298023226,0.0056250004470348447,1,900,29600,30400,1,0.018329861311675126,-0.08267483115196228,-0.08267483115196228,-0.097560370322517326,0.023416867479681969,1,0,0,0,1,1
after,30500000,30300000,30500,30294,30294,-0.12097723780219929,0.10100469246363741,0.010000000298023226,0.0056250004470348447,1,900,29600,30500,1,-0.08267483115196228,-0.08267483115196228,-0.08267483115196228,-0.097560370322517326,0.023416867479681969,1,0,0,0,1,1
before,30600000,30400000,30600,30394,30394,-0.002528215402349189,-0.028208230524867414,0.010000000298023226,0.0056250004470348447,1,1000,29600,30500,1,-0.081349038421719908,-0.053140807896852493,-0.053140807896852493,-0.044979746097310737,-0.042451530694961548,1,0,0,0,1,1
after,30600000,30400000,30600,30394,30394,-0.002528215402349189,-0.028208230524867414,0.010000000298023226,0.0056250004470348447,1,1000,29600,30600,1,-0.053140807896852493,-0.053140807896852493,-0.053140807896852493,-0.044979746097310737,-0.042451530694961548,1,0,0,0,1,1
before,30700000,30500000,30700,30494,30494,-0.26987983710463237,-0.1069883369405311,0.010000000298023226,0.0056250004470348447,1,1100,29600,30600,1,-0.053899388809923496,0.053088948130607605,0.053088948130607605,-0.049072657296015725,0.22080717980861664,1,0,0,0,1,1
after,30700000,30500000,30700,30494,30494,-0.26987983710463237,-0.1069883369405311,0.010000000298023226,0.0056250004470348447,1,1100,30700,30600,1,0.053088948130607605,0.053088948130607605,0.053088948130607605,-0.049072657296015725,0.22080717980861664,1,0,0,0,1,1
before,30800000,30600000,30800,30594,30594,0.04658748931309846,0.1832591547312418,0.010000000298023226,0.0056250004470348447,1,100,30700,30600,1,0.056291963035074805,-0.12696719169616699,-0.12696719169616699,0.091970853275271922,0.045383363962173462,1,0,0,0,1,1
after,30800000,30600000,30800,30594,30594,0.04658748931309846,0.1832591547312418,0.010000000298023226,0.0056250004470348447,1,100,30700,30800,1,-0.12696719169616699,-0.12696719169616699,-0.12696719169616699,0.091970853275271922,0.045383363962173462,1,0,0,0,1,1
before,30900000,30700000,30900,30694,30694,0.080897701180664389,-0.21422945470556315,0.010000000298023226,0.0056250004470348447,1,200,30700,30800,1,-0.12793944538578089,0.086290009319782257,0.086290009319782257,0.055805719665376043,-0.025091981515288353,1,0,0,0,1,1
after,30900000,30700000,30900,30694,30694,0.080897701180664389,-0.21422945470556315,0.010000000298023226,0.0056250004470348447,1,200,30700,30900,1,0.086290009319782257,0.086290009319782257,0.086290009319782257,0.055805719665376043,-0.025091981515288353,1,0,0,0,1,1
before,31000000,30800000,31000,30794,30794,0.070668860599847103,-0.033632089645864241,0.010000000298023226,0.0056250004470348447,1,300,30700,30900,1,0.084574865846632249,0.11820695549249649,0.11820695549249649,0.023665598854871059,-0.047003261744976044,1,0,0,0,1,1
after,31000000,30800000,31000,30794,30794,0.070668860599847103,-0.033632089645864241,0.010000000298023226,0.0056250004470348447,1,300,30700,31000,1,0.11820695549249649,0.11820695549249649,0.11820695549249649,0.023665598854871059,-0.047003261744976044,1,0,0,0,1,1
before,31100000,30900000,31100,30894,30894,-0.029594717689365693,0.19522488756769107,0.010000000298023226,0.0056250004470348447,1,400,30700,31000,1,0.1170058612405579,-0.078219026327133179,-0.078219026327133179,-8.4923722357103116e-05,0.029509793967008591,1,0,0,0,1,1
after,31100000,30900000,31100,30894,30894,-0.029594717689365693,0.19522488756769107,0.010000000298023226,0.0056250004470348447,1,400,30700,31100,1,-0.078219026327133179,-0.078219026327133179,-0.078219026327133179,-8.4923722357103116e-05,0.029509793967008591,1,0,0,0,1,1
before,31200000,31000000,31200,30994,30994,0.1821138454048653,-0.0415245640219256,0.010000000298023226,0.0056250004470348447,1,500,30700,31100,1,-0.077802670294146212,-0.036278106272220612,-0.036278106272220612,0.0069963527290840414,-0.17511749267578125,1,0,0,0,1,1
after,31200000,31000000,31200,30994,30994,0.1821138454048653,-0.0415245640219256,0.010000000298023226,0.0056250004470348447,1,500,30700,31200,1,-0.036278106272220612,-0.036278106272220612,-0.036278106272220612,0.0069963527290840414,-0.17511749267578125,1,0,0,0,1,1
before,31300000,31100000,31300,31094,31094,-0.14716294467396424,-0.074793606897997481,0.010000000298023226,0.0056250004470348447,1,600,30700,31200,1,-0.038772649964499098,0.036020956933498383,0.036020956933498383,-0.088228297084042284,0.058934647589921951,1,0,0,0,1,1
after,31300000,31100000,31300,31094,31094,-0.14716294467396424,-0.074793606897997481,0.010000000298023226,0.0056250004470348447,1,600,30700,31300,1,0.036020956933498383,0.036020956933498383,0.036020956933498383,-0.088228297084042284,0.058934647589921951,1,0,0,0,1,1
before,31400000,31200000,31400,31194,31194,0.021100697313213811,-0.0045635575899217115,0.010000000298023226,0.0056250004470348447,1,700,30700,31300,1,0.0372098920396235,0.041773449629545212,0.041773449629545212,-0.010634562726354135,-0.031735260039567947,1,0,0,0,1,1
after,31400000,31200000,31400,31194,31194,0.021100697313213811,-0.0045635575899217115,0.010000000298023226,0.0056250004470348447,1,700,30700,31400,1,0.041773449629545212,0.041773449629545212,0.041773449629545212,-0.010634562726354135,-0.031735260039567947,1,0,0,0,1,1
before,31500000,31300000,31500,31294,31294,-0.18995769792737269,0.040599089770795814,0.010000000298023226,0.0056250004470348447,1,800,30700,31400,1,0.041514755183117501,0.00091566541232168674,0.00091566541232168674,-0.017048572241680864,0.17290912568569183,1,0,0,0,1,1
after,31500000,31300000,31500,31294,31294,-0.18995769792737269,0.040599089770795814,0.010000000298023226,0.0056250004470348447,1,800,30700,31500,1,0.00091566541232168674,0.00091566541232168674,0.00091566541232168674,-0.017048572241680864,0.17290912568569183,1,0,0,0,1,1
before,31600000,31400000,31600,31394,31394,0.13530679664491888,-0.034480571695816781,0.010000000298023226,0.0056250004470348447,1,900,30700,31500,1,0.0032647587869045502,0.037745330482721329,0.037745330482721329,0.078587504689686255,-0.05671929195523262,1,0,0,0,1,1
after,31600000,31400000,31600,31394,31394,0.13530679664491888,-0.034480571695816781,0.010000000298023226,0.0056250004470348447,1,900,30700,31600,1,0.037745330482721329,0.037745330482721329,0.037745330482721329,0.078587504689686255,-0.05671929195523262,1,0,0,0,1,1
before,31700000,31500000,31700,31494,31494,-0.067557719646559225,0.0034704131722350443,0.010000000298023226,0.0056250004470348447,1,1000,30700,31600,1,0.035311847710599455,0.03184143453836441,0.03184143453836441,0.014268311561479102,0.08182603120803833,1,0,0,0,1,1
after,31700000,31500000,31700,31494,31494,-0.067557719646559225,0.0034704131722350443,0.010000000298023226,0.0056250004470348447,1,1000,30700,31700,1,0.03184143453836441,0.03184143453836441,0.03184143453836441,0.014268311561479102,0.08182603120803833,1,0,0,0,1,1
before,31800000,31600000,31800,31594,31594,0.12427333460798493,0.018476119937104532,0.010000000298023226,0.0056250004470348447,1,1100,30700,31700,1,0.033325232306224653,0.014849112369120121,0.014849112369120121,0.051518616244699861,-0.072754718363285065,1,0,0,0,1,1
after,31800000,31600000,31800,31594,31594,0.12427333460798493,0.018476119937104532,0.010000000298023226,0.0056250004470348447,1,1100,30700,31800,1,0.014849112369120121,0.014849112369120121,0.014849112369120121,0.051518616244699861,-0.072754718363285065,1,0,0,0,1,1
before,31900000,31700000,31900,31694,31694,-0.14786277622276428,0.028993276878803202,0.010000000298023226,0.0056250004470348447,1,1200,30700,31800,1,0.012717645614951084,-0.016275631263852119,-0.016275631263852119,-0.0095291128783810478,0.13833366334438324,1,0,0,0,1,1
after,31900000,31700000,31900,31694,31694,-0.14786277622276428,0.028993276878803202,0.010000000298023226,0.0056250004470348447,1,1200,30700,31900,1,-0.016275631263852119,-0.016275631263852119,-0.016275631263852119,-0.0095291128783810478,0.13833366334438324,1,0,0,0,1,1
before,32000000,31800000,32000,31794,31794,0.14590008999197143,-0.065783202124646611,0.010000000298023226,0.0056250004470348447,1,1300,30700,31900,1,-0.014342691225818098,0.051440510898828506,0.051440510898828506,0.063231077743455349,-0.082669012248516083,1,0,0,0,1,1
after,32000000,31800000,32000,31794,31794,0.14590008999197143,-0.065783202124646611,0.010000000298023226,0.0056250004470348447,1,1300,30700,32000,1,0.051440510898828506,0.051440510898828506,0.051440510898828506,0.063231077743455349,-0.082669012248516083,1,0,0,0,1,1
before,32100000,31900000,32100,31893,31894,0.038337880817694792,-0.027895176680960594,0.010000000298023226,0.0056250004470348447,1,1400,30700,32000,1,0.049688411978802742,0.077583588659763336,0.077583588659763336,-0.004982469531254639,-0.043320350348949432,1,0,0,0,1,1
after,32100000,31900000,32100,31893,31894,0.038337880817694792,-0.027895176680960594,0.010000000298023226,0.0056250004470348447,1,1400,30700,32100,1,0.077583588659763336,0.077583588659763336,0.077583588659763336,-0.004982469531254639,-0.043320350348949432,1,0,0,0,1,1
before,32200000,32000000,32200,31994,31994,0.13361565634642028,0.29905624943004755,0.010000000298023226,0.0056250004470348447,1,1500,30700,32100,1,0.077287795712815785,-0.22176845371723175,-0.22176845371723175,-0.016471402197738644,-0.15008705854415894,1,0,0,0,1,1
after,32200000,32000000,32200,31994,31994,0.13361565634642028,0.29905624943004755,0.010000000298023226,0.0056250004470348447,1,1500,32200,32100,1,-0.22176845371723175,-0.22176845371723175,-0.22176845371723175,-0.016471402197738644,-0.15008705854415894,1,0,0,0,1,1
before,32299999,32100000,32299,32094,32093,-0.12514273493836017,-0.28281145852901407,0.010000000298023226,0.0056250004470348447,1,99,32200,32100,1,-0.22479208868839212,0.058019369840621948,0.058019369840621948,-0.10593740686128231,0.019205328077077866,1,0,0,0,1,1
after,32299999,32100000,32299,32094,32093,-0.12514273493836017,-0.28281145852901407,0.010000000298023226,0.0056250004470348447,1,99,32299,32100,1,0.058019369840621948,0.058019369840621948,0.058019369840621948,-0.10593740686128231,0.019205328077077866,1,0,0,0,1,1
before,32400000,32200000,32400,32194,32194,-0.13398375659282952,-0.034524300198538735,0.010000000298023226,0.0056250004470348447,1,101,32299,32100,1,0.058972946305291221,0.093497246503829956,0.093497246503829956,-0.037231470635493077,0.096752285957336426,1,0,0,0,1,1
after,32400000,32200000,32400,32194,32194,-0.13398375659282952,-0.034524300198538735,0.010000000298023226,0.0056250004470348447,1,101,32299,32400,1,0.093497246503829956,0.093497246503829956,0.093497246503829956,-0.037231470635493077,0.096752285957336426,1,0,0,0,1,1
before,32500000,32299000,32500,32293,32294,0.15723501033526549,0.14961686137065161,0.010000000298023226,0.0056250004470348447,1,201,32299,32400,1,0.09491245600327719,-0.05470440536737442,-0.05470440536737442,0.039485781261741008,-0.11774922907352448,1,0,0,0,1,1
after,32500000,32299000,32500,32293,32294,0.15723501033526549,0.14961686137065161,0.010000000298023226,0.0056250004470348447,1,201,32500,32400,1,-0.05470440536737442,-0.05470440536737442,-0.05470440536737442,0.039485781261741008,-0.11774922907352448,1,0,0,0,1,1
before,32600000,32400000,32600,32393,32394,-0.045802012180017483,0.02764309519603271,0.010000000298023226,0.0056250004470348447,1,100,32500,32400,1,-0.057878252624726109,-0.08552134782075882,-0.08552134782075882,-0.045164659305980605,0.00063735287403687835,1,0,0,0,1,1
after,32600000,32400000,32600,32393,32394,-0.045802012180017483,0.02764309519603271,0.010000000298023226,0.0056250004470348447,1,100,32500,32600,1,-0.08552134782075882,-0.08552134782075882,-0.08552134782075882,-0.045164659305980605,0.00063735287403687835,1,0,0,0,1,1
before,32700000,32500000,32700,32494,32494,-0.12086048552755503,-0.13769463981829899,0.010000000298023226,0.0056250004470348447,1,200,32500,32600,1,-0.08566521640263812,0.052029423415660858,0.052029423415660858,-0.030714443120996044,0.09014604240655899,1,0,0,0,1,1
after,32700000,32500000,32700,32494,32494,-0.12086048552755503,-0.13769463981829899,0.010000000298023226,0.0056250004470348447,1,200,32700,32600,1,0.052029423415660858,0.052029423415660858,0.052029423415660858,-0.030714443120996044,0.09014604240655899,1,0,0,0,1,1
before,32799999,32600000,32799,32594,32593,0.10075781326279347,0.041928498590832849,0.010000000298023226,0.0056250004470348447,1,99,32700,32600,1,0.053280271174853941,0.011351772584021091,0.011351772584021091,0.035265518534037518,-0.065492294728755951,1,0,0,0,1,1
after,32799999,32600000,32799,32594,32593,0.10075781326279347,0.041928498590832849,0.010000000298023226,0.0056250004470348447,1,99,32700,32799,1,0.011351772584021091,0.011351772584021091,0.011351772584021091,0.035265518534037518,-0.065492294728755951,1,0,0,0,1,1
before,32900000,32700000,32900,32694,32694,0.059388581562622347,-0.14029108816152558,0.010000000298023226,0.0056250004470348447,1,200,32700,32799,1,0.010639003577175291,0.15093009173870087,0.15093009173870087,-0.014237929236308778,-0.073626510798931122,1,0,0,0,1,1
after,32900000,32700000,32900,32694,32694,0.059388581562622347,-0.14029108816152558,0.010000000298023226,0.0056250004470348447,1,200,32700,32900,1,0.15093009173870087,0.15093009173870087,0.15093009173870087,-0.014237929236308778,-0.073626510798931122,1,0,0,0,1,1
before,33000000,32799000,33000,32794,32794,-0.081494737025335495,0.33147079116733658,0.010000000298023226,0.0056250004470348447,1,300,32700,32900,1,0.14947343236835586,-0.18199735879898071,-0.18199735879898071,-0.029073770698145089,0.052420966327190399,1,0,0,0,1,1
after,33000000,32799000,33000,32794,32794,-0.081494737025335495,0.33147079116733658,0.010000000298023226,0.0056250004470348447,1,300,32700,33000,1,-0.18199735879898071,-0.18199735879898071,-0.18199735879898071,-0.029073770698145089,0.052420966327190399,1,0,0,0,1,1
before,33100000,32900000,33100,32894,32894,-0.068119062381001266,-0.07064870129514178,0.010000000298023226,0.0056250004470348447,1,400,32700,33000,1,-0.18033792953181704,-0.10968922823667526,-0.10968922823667526,-0.0062283000817020323,0.06189076229929924,1,0,0,0,1,1
after,33100000,32900000,33100,32894,32894,-0.068119062381001266,-0.07064870129514178,0.010000000298023226,0.0056250004470348447,1,400,32700,33100,1,-0.10968922823667526,-0.10968922823667526,-0.10968922823667526,-0.0062283000817020323,0.06189076229929924,1,0,0,0,1,1
before,33200000,33000000,33200,32994,32994,0.15795231115851149,-0.11485750705898581,0.010000000298023226,0.0056250004470348447,1,500,32700,33100,1,-0.10898694547788082,0.0058705615811049938,0.0058705615811049938,0.017076241493556368,-0.14087606966495514,1,0,0,0,1,1
after,33200000,33000000,33200,32994,32994,0.15795231115851149,-0.11485750705898581,0.010000000298023226,0.0056250004470348447,1,500,32700,33200,1,0.0058705615811049938,0.0058705615811049938,0.0058705615811049938,0.017076241493556368,-0.14087606966495514,1,0,0,0,1,1
before,33299999,33100000,33299,33094,33094,-0.054565812585531573,-0.11385808419094572,0.010000000298023226,0.0056250004470348447,1,599,32700,33200,1,0.0030292691697072125,0.11688735336065292,0.11688735336065292,-0.061826912345020871,-0.0072610997594892979,1,0,0,0,1,1
after,33299999,33100000,33299,33094,33094,-0.054565812585531573,-0.11385808419094572,0.010000000298023226,0.0056250004470348447,1,599,32700,33299,1,0.11688735336065292,0.11688735336065292,0.11688735336065292,-0.061826912345020871,-0.0072610997594892979,1,0,0,0,1,1
before,33400000,33200000,33400,33194,33194,0.17137231840165998,0.12757472932606692,0.010000000298023226,0.0056250004470348447,1,700,32700,33299,1,0.11800544947653765,-0.0095692798495292664,-0.0095692798495292664,-0.022643869981442449,-0.19401618838310242,1,0,0,0,1,1
after,33400000,33200000,33400,33194,33194,0.17137231840165998,0.12757472932606692,0.010000000298023226,0.0056250004470348447,1,700,33400,33299,1,-0.0095692798495292664,-0.0095692798495292664,-0.0095692798495292664,-0.022643869981442449,-0.19401618838310242,1,0,0,0,1,1
before,33500000,33299000,33500,33294,33294,-0.07957538119937016,-0.068900996235474493,0.010000000298023226,0.0056250004470348447,1,100,33400,33299,1,-0.012704966006144434,0.056196030229330063,0.056196030229330063,-0.10986483744765355,-0.030289456248283386,1,0,0,0,1,1
after,33500000,33299000,33500,33294,33294,-0.07957538119937016,-0.068900996235474493,0.010000000298023226,0.0056250004470348447,1,100,33400,33500,1,0.056196030229330063,0.056196030229330063,0.056196030229330063,-0.10986483744765355,-0.030289456248283386,1,0,0,0,1,1
before,33600000,33400000,33600,33394,33394,-0.035003724530750707,0.17257972632183211,0.010000000298023226,0.0056250004470348447,1,200,33400,33500,1,0.056488519652024664,-0.11609120666980743,-0.11609120666980743,-0.064244766742402509,-0.029241042211651802,1,0,0,0,1,1
after,33600000,33400000,33600,33394,33394,-0.035003724530750707,0.17257972632183211,0.010000000298023226,0.0056250004470348447,1,200,33400,33600,1,-0.11609120666980743,-0.11609120666980743,-0.11609120666980743,-0.064244766742402509,-0.029241042211651802,1,0,0,0,1,1
before,33700000,33500000,33700,33494,33494,-0.13944956051129853,-0.18061811979970632,0.010000000298023226,0.0056250004470348447,1,300,33400,33600,1,-0.11547314878663717,0.065144971013069153,0.065144971013069153,-0.05822388218659913,0.081225678324699402,1,0,0,0,1,1
after,33700000,33500000,33700,33494,33494,-0.13944956051129853,-0.18061811979970632,0.010000000298023226,0.0056250004470348447,1,300,33700,33600,1,0.065144971013069153,0.065144971013069153,0.065144971013069153,-0.05822388218659913,0.081225678324699402,1,0,0,0,1,1
before,33800000,33600000,33800,33594,33594,0.13481842750185302,0.10580593010946486,0.010000000298023226,0.0056250004470348447,1,100,33700,33600,1,0.066874821098291612,-0.038931109011173248,-0.038931109011173248,0.018458761511977225,-0.11635966598987579,1,0,0,0,1,1
after,33800000,33600000,33800,33594,33594,0.13481842750185302,0.10580593010946486,0.010000000298023226,0.0056250004470348447,1,100,33800,33600,1,-0.038931109011173248,-0.038931109011173248,-0.038931109011173248,0.018458761511977225,-0.11635966598987579,1,0,0,0,1,1
before,33900000,33700000,33900,33694,33694,0.0035030473566157808,-0.068227716926421836,0.010000000298023226,0.0056250004470348447,1,100,33800,33600,1,-0.041478912550892547,0.026748804375529289,0.026748804375529289,-0.053301583548774005,-0.056804630905389786,1,0,0,0,1,1
after,33900000,33700000,33900,33694,33694,0.0035030473566157808,-0.068227716926421836,0.010000000298023226,0.0056250004470348447,1,100,33800,33900,1,0.026748804375529289,0.026748804375529289,0.026748804375529289,-0.053301583548774005,-0.056804630905389786,1,0,0,0,1,1
before,34000000,33800000,34000,33794,33794,-0.12637500594064099,0.11590663614961666,0.010000000298023226,0.0056250004470348447,1,200,33800,33900,1,0.027333366603584711,-0.088573269546031952,-0.088573269546031952,-0.05231394747897488,0.074061058461666107,1,0,0,0,1,1
after,34000000,33800000,34000,33794,33794,-0.12637500594064099,0.11590663614961666,0.010000000298023226,0.0056250004470348447,1,200,33800,34000,1,-0.088573269546031952,-0.088573269546031952,-0.088573269546031952,-0.05231394747897488,0.074061058461666107,1,0,0,0,1,1
before,34100000,33900000,34100,33894,33894,-0.19122944846314061,-0.078287543964349462,0.010000000298023226,0.0056250004470348447,1,300,33800,34000,1,-0.087435622003637983,-0.0091480780392885208,-0.0091480780392885208,0.0023803852542055959,0.19360983371734619,1,0,0,0,1,1
after,34100000,33900000,34100,33894,33894,-0.19122944846314061,-0.078287543964349462,0.010000000298023226,0.0056250004470348447,1,300,34100,34000,1,-0.0091480780392885208,-0.0091480780392885208,-0.0091480780392885208,0.0023803852542055959,0.19360983371734619,1,0,0,0,1,1
before,34200000,34000000,34200,33994,33994,0.026567061850723897,-0.10755254519214828,0.010000000298023226,0.0056250004470348447,1,100,34100,34000,1,-0.0069335718177815208,0.10061897337436676,0.10061897337436676,0.097638761112389241,0.071071699261665344,1,0,0,0,1,1
after,34200000,34000000,34200,33994,33994,0.026567061850723897,-0.10755254519214828,0.010000000298023226,0.0056250004470348447,1,100,34100,34200,1,0.10061897337436676,0.10061897337436676,0.10061897337436676,0.097638761112389241,0.071071699261665344,1,0,0,0,1,1
before,34300000,34100000,34300,34094,34094,0.036971717774537005,0.15281942083226718,0.010000000298023226,0.0056250004470348447,1,200,34100,34200,1,0.10023944793926752,-0.052579972892999649,-0.052579972892999649,0.094338852613833346,0.057367134839296341,1,0,0,0,1,1
after,34300000,34100000,34300,34094,34094,0.036971717774537005,0.15281942083226718,0.010000000298023226,0.0056250004470348447,1,200,34100,34300,1,-0.052579972892999649,-0.052579972892999649,-0.052579972892999649,0.094338852613833346,0.057367134839296341,1,0,0,0,1,1
before,34400000,34200000,34400,34194,34194,0.051074620645138791,-0.21089960041379188,0.010000000298023226,0.0056250004470348447,1,300,34100,34300,1,-0.054105365303508991,0.1567942351102829,0.1567942351102829,0.070425683941337636,0.019351063296198845,1,0,0,0,1,1
after,34400000,34200000,34400,34194,34194,0.051074620645138791,-0.21089960041379188,0.010000000298023226,0.0056250004470348447,1,300,34100,34400,1,0.1567942351102829,0.1567942351102829,0.1567942351102829,0.070425683941337636,0.019351063296198845,1,0,0,0,1,1
before,34500000,34300000,34500,34294,34294,0.045545744377167366,0.18002221505099225,0.010000000298023226,0.0056250004470348447,1,400,34100,34400,1,0.15522826048487115,-0.024793954566121101,-0.024793954566121101,0.060347045439274452,0.014801301062107086,1,0,0,0,1,1
after,34500000,34300000,34500,34294,34294,0.045545744377167366,0.18002221505099225,0.010000000298023226,0.0056250004470348447,1,400,34100,34500,1,-0.024793954566121101,-0.024793954566121101,-0.024793954566121101,0.060347045439274452,0.014801301062107086,1,0,0,0,1,1
before,34600000,34400000,34600,34394,34394,-0.043070157183003374,-0.037025300733277269,0.010000000298023226,0.0056250004470348447,1,500,34100,34500,1,-0.024654262646564905,0.01237103808671236,0.01237103808671236,0.035019668625998548,0.078089825809001923,1,0,0,0,1,1
after,34600000,34400000,34600,34394,34394,-0.043070157183003374,-0.037025300733277269,0.010000000298023226,0.0056250004470348447,1,500,34100,34600,1,0.01237103808671236,0.01237103808671236,0.01237103808671236,0.035019668625998548,0.078089825809001923,1,0,0,0,1,1
before,34700000,34500000,34700,34494,34494,0.19244712945612108,0.0093119986875683583,0.010000000298023226,0.0056250004470348447,1,600,34100,34600,1,0.012786922935280255,0.0034749242477118969,0.0034749242477118969,0.057926717964727044,-0.13452041149139404,1,0,0,0,1,1
after,34700000,34500000,34700,34494,34494,0.19244712945612108,0.0093119986875683583,0.010000000298023226,0.0056250004470348447,1,600,34100,34700,1,0.0034749242477118969,0.0034749242477118969,0.0034749242477118969,0.057926717964727044,-0.13452041149139404,1,0,0,0,1,1
before,34800000,34600000,34800,34594,34594,-0.11773796872864793,0.066866274904913522,0.010000000298023226,0.0056250004470348447,1,700,34100,34700,1,0.00023691726893863737,-0.066629357635974884,-0.066629357635974884,-0.038557400271998152,0.07918056845664978,1,0,0,0,1,1
after,34800000,34600000,34800,34594,34594,-0.11773796872864793,0.066866274904913522,0.010000000298023226,0.0056250004470348447,1,700,34100,34800,1,-0.066629357635974884,-0.066629357635974884,-0.066629357635974884,-0.038557400271998152,0.07918056845664978,1,0,0,0,1,1
before,34900000,34700000,34900,34694,34694,0.14211708667798598,-0.10382159549765937,0.010000000298023226,0.0056250004470348447,1,800,34100,34800,1,-0.065325008072189023,0.038496587425470352,0.038496587425470352,0.013991940646606285,-0.1281251460313797,1,0,0,0,1,1
after,34900000,34700000,34900,34694,34694,0.14211708667798598,-0.10382159549765937,0.010000000298023226,0.0056250004470348447,1,800,34100,34900,1,0.038496587425470352,0.038496587425470352,0.038496587425470352,0.013991940646606285,-0.1281251460313797,1,0,0,0,1,1
before,35000000,34800000,35000,34794,34794,-0.079813409361938537,-0.0091416124176754293,0.010000000298023226,0.0056250004470348447,1,900,34100,34900,1,0.035880517594836778,0.045022130012512207,0.045022130012512207,-0.053686100754837103,0.02612730860710144,1,0,0,0,1,1
after,35000000,34800000,35000,34794,34794,-0.079813409361938537,-0.0091416124176754293,0.010000000298023226,0.0056250004470348447,1,900,34100,35000,1,0.045022130012512207,0.045022130012512207,0.045022130012512207,-0.053686100754837103,0.02612730860710144,1,0,0,0,1,1
before,35100000,34900000,35100,34894,34894,0.15294480838292684,0.010420116904807965,0.010000000298023226,0.0056250004470348447,1,1000,34100,35000,1,0.045727442327571789,0.035307325422763824,0.035307325422763824,-0.0090561904717103049,-0.16200099885463715,1,0,0,0,1,1
after,35100000,34900000,35100,34894,34894,0.15294480838292684,0.010420116904807965,0.010000000298023226,0.0056250004470348447,1,1000,34100,35100,1,0.035307325422763824,0.035307325422763824,0.035307325422763824,-0.0090561904717103049,-0.16200099885463715,1,0,0,0,1,1
before,35200000,35000000,35200,34994,34994,0.018562177971081215,0.2359959496138691,0.010000000298023226,0.0056250004470348447,1,1100,34100,35100,1,0.03355059157592049,-0.20244535803794861,-0.20244535803794861,-0.082432185456080956,-0.10099436342716217,1,0,0,0,1,1
after,35200000,35000000,35200,34994,34994,0.018562177971081215,0.2359959496138691,0.010000000298023226,0.0056250004470348447,1,1100,34100,35200,1,-0.20244535803794861,-0.20244535803794861,-0.20244535803794861,-0.082432185456080956,-0.10099436342716217,1,0,0,0,1,1
before,35300000,35100000,35300,35094,35094,-0.20683727946475458,-0.32015016835384186,0.010000000298023226,0.0056250004470348447,1,1200,34100,35200,1,-0.20281601857595261,0.11733414977788925,0.11733414977788925,-0.112020080651793,0.094817198812961578,1,0,0,0,1,1
after,35300000,35100000,35300,35094,35094,-0.20683727946475458,-0.32015016835384186,0.010000000298023226,0.0056250004470348447,1,1200,35300,35200,1,0.11733414977788925,0.11733414977788925,0.11733414977788925,-0.112020080651793,0.094817198812961578,1,0,0,0,1,1
before,35400000,35200000,35400,35194,35194,-0.066024234146367378,0.18296277023772858,0.010000000298023226,0.0056250004470348447,1,100,35300,35200,1,0.11970728136520051,-0.063255488872528076,-0.063255488872528076,0.0037498347456347298,0.069774068892002106,1,0,0,0,1,1
after,35400000,35200000,35400,35194,35194,-0.066024234146367378,0.18296277023772858,0.010000000298023226,0.0056250004470348447,1,100,35300,35400,1,-0.063255488872528076,-0.063255488872528076,-0.063255488872528076,0.0037498347456347298,0.069774068892002106,1,0,0,0,1,1
before,35500000,35300000,35500,35294,35294,0.12220600543687613,-0.025411816504129534,0.010000000298023226,0.0056250004470348447,1,200,35300,35400,1,-0.062933104303011064,-0.037521287798881531,-0.037521287798881531,0.030606481415727443,-0.091599524021148682,1,0,0,0,1,1
after,35500000,35300000,35500,35294,35294,0.12220600543687613,-0.025411816504129534,0.010000000298023226,0.0056250004470348447,1,200,35300,35500,1,-0.037521287798881531,-0.037521287798881531,-0.037521287798881531,0.030606481415727443,-0.091599524021148682,1,0,0,0,1,1
before,35600000,35400000,35600,35394,35394,-0.064158407693645045,-0.055838992836703689,0.010000000298023226,0.0056250004470348447,1,300,35300,35500,1,-0.038880188035597237,0.016958804801106453,0.016958804801106453,-0.034603245278736636,0.029555162414908409,1,0,0,0,1,1
after,35600000,35400000,35600,35394,35394,-0.064158407693645045,-0.055838992836703689,0.010000000298023226,0.0056250004470348447,1,300,35300,35600,1,0.016958804801106453,0.016958804801106453,0.016958804801106453,-0.034603245278736636,0.029555162414908409,1,0,0,0,1,1
before,35700000,35500000,35700,35494,35494,0.077360004896940324,0.0040870443270851625,0.010000000298023226,0.0056250004470348447,1,400,35300,35600,1,0.016651449194674636,0.012564404867589474,0.012564404867589474,-0.00071122426289167695,-0.078071229159832001,1,0,0,0,1,1
after,35700000,35500000,35700,35494,35494,0.077360004896940324,0.0040870443270851625,0.010000000298023226,0.0056250004470348447,1,400,35300,35700,1,0.012564404867589474,0.012564404867589474,0.012564404867589474,-0.00071122426289167695,-0.078071229159832001,1,0,0,0,1,1
before,35800000,35600000,35800,35594,35594,-0.11725155553369193,-0.10759134289450926,0.010000000298023226,0.0056250004470348447,1,500,35300,35700,1,0.012070852549597793,0.11966219544410706,0.11966219544410706,-0.038308429630085516,0.078943125903606415,1,0,0,0,1,1
after,35800000,35600000,35800,35594,35594,-0.11725155553369193,-0.10759134289450926,0.010000000298023226,0.0056250004470348447,1,500,35800,35700,1,0.11966219544410706,0.11966219544410706,0.11966219544410706,-0.038308429630085516,0.078943125903606415,1,0,0,0,1,1
before,35900000,35700000,35900,35694,35694,0.012971869874028666,0.037406473674037988,0.010000000298023226,0.0056250004470348447,1,100,35800,35700,1,0.12053783915207678,0.083131365478038788,0.083131365478038788,0.032647489774255259,0.019675619900226593,1,0,0,0,1,1
after,35900000,35700000,35900,35694,35694,0.012971869874028666,0.037406473674037988,0.010000000298023226,0.0056250004470348447,1,100,35800,35900,1,0.083131365478038788,0.083131365478038788,0.083131365478038788,0.032647489774255259,0.019675619900226593,1,0,0,0,1,1
before,36000000,35800000,36000,35794,35794,0.27174174256744782,0.062407517722021522,0.010000000298023226,0.0056250004470348447,1,200,35800,35900,1,0.082816855898271979,0.020409338176250458,0.020409338176250458,0.034445518927005904,-0.23729622364044189,1,0,0,0,1,1
after,36000000,35800000,36000,35794,35794,0.27174174256744782,0.062407517722021522,0.010000000298023226,0.0056250004470348447,1,200,35800,36000,1,0.020409338176250458,0.020409338176250458,0.020409338176250458,0.034445518927005904,-0.23729622364044189,1,0,0,0,1,1
before,36100000,35900000,36100,35894,35894,0.064475057558329801,0.0014743630311009406,0.010000000298023226,0.0056250004470348447,1,300,35800,36000,1,0.015877247089755249,0.014402884058654308,0.014402884058654308,-0.10027043716499021,-0.16474549472332001,1,0,0,0,1,1
after,36100000,35900000,36100,35894,35894,0.064475057558329801,0.0014743630311009406,0.010000000298023226,0.0056250004470348447,1,300,35800,36100,1,0.014402884058654308,0.014402884058654308,0.014402884058654308,-0.10027043716499021,-0.16474549472332001,1,0,0,0,1,1
before,36200000,36000000,36200,35994,35994,-0.075215516514924807,0.16553695516255579,0.010000000298023226,0.0056250004470348447,1,400,35800,36100,1,0.012748241588146306,-0.15278871357440948,-0.15278871357440948,-0.13131932718291645,-0.056103810667991638,1,0,0,0,1,1
after,36200000,36000000,36200,35994,35994,-0.075215516514924807,0.16553695516255579,0.010000000298023226,0.0056250004470348447,1,400,35800,36200,1,-0.15278871357440948,-0.15278871357440948,-0.15278871357440948,-0.13131932718291645,-0.056103810667991638,1,0,0,0,1,1
before,36300000,36100000,36300,36094,36094,-0.07905044566052731,-0.31175538064578739,0.010000000298023226,0.0056250004470348447,1,500,35800,36200,1,-0.15232454897502629,0.15943083167076111,0.15943083167076111,-0.10878915312844094,-0.029738707467913628,1,0,0,0,1,1
after,36300000,36100000,36300,36094,36094,-0.07905044566052731,-0.31175538064578739,0.010000000298023226,0.0056250004470348447,1,500,35800,36300,1,0.15943083167076111,0.15943083167076111,0.15943083167076111,-0.10878915312844094,-0.029738707467913628,1,0,0,0,1,1
before,36400000,36200000,36400,36194,36194,0.13788144892286155,0.2170878564471371,0.010000000298023226,0.0056250004470348447,1,600,35800,36300,1,0.16140448576752017,-0.055683370679616928,-0.055683370679616928,-0.053018921555768511,-0.19090037047863007,1,0,0,0,1,1
after,36400000,36200000,36400,36194,36194,0.13788144892286155,0.2170878564471371,0.010000000298023226,0.0056250004470348447,1,600,36400,36300,1,-0.055683370679616928,-0.055683370679616928,-0.055683370679616928,-0.053018921555768511,-0.19090037047863007,1,0,0,0,1,1
before,36500000,36300000,36500,36294,36294,-0.21105955855598574,-0.17512016839123887,0.010000000298023226,0.0056250004470348447,1,100,36400,36300,1,-0.057889536980163268,0.11723063141107559,0.11723063141107559,-0.12795838283052569,0.083101175725460052,1,0,0,0,1,1
after,36500000,36300000,36500,36294,36294,-0.21105955855598574,-0.17512016839123887,0.010000000298023226,0.0056250004470348447,1,100,36500,36300,1,0.11723063141107559,0.11723063141107559,0.11723063141107559,-0.12795838283052569,0.083101175725460052,1,0,0,0,1,1
before,36600000,36400000,36600,36394,36394,-0.076388810049386635,0.078970503064344832,0.010000000298023226,0.0056250004470348447,1,100,36500,36300,1,0.12040504813427777,0.041434545069932938,0.041434545069932938,-0.010014016400666848,0.066374793648719788,1,0,0,0,1,1
after,36600000,36400000,36600,36394,36394,-0.076388810049386635,0.078970503064344832,0.010000000298023226,0.0056250004470348447,1,100,36500,36600,1,0.041434545069932938,0.041434545069932938,0.041434545069932938,-0.010014016400666848,0.066374793648719788,1,0,0,0,1,1
before,36700000,36500000,36700,36494,36494,0.071836546298743365,-0.0097016544502177282,0.010000000298023226,0.0056250004470348447,1,200,36500,36600,1,0.042384091629465576,0.052085746079683304,0.052085746079683304,0.032576561209441295,-0.039259985089302063,1,0,0,0,1,1
after,36700000,36500000,36700,36494,36494,0.071836546298743365,-0.0097016544502177282,0.010000000298023226,0.0056250004470348447,1,200,36500,36700,1,0.052085746079683304,0.052085746079683304,0.052085746079683304,0.032576561209441295,-0.039259985089302063,1,0,0,0,1,1
before,36800000,36600000,36800,36594,36594,-0.014432215390449546,0.13463788275350264,0.010000000298023226,0.0056250004470348447,1,300,36500,36700,1,0.050423307164799466,-0.084214575588703156,-0.084214575588703156,0.0015978745392503527,0.016030089929699898,1,0,0,0,1,1
after,36800000,36600000,36800,36594,36594,-0.014432215390449546,0.13463788275350264,0.010000000298023226,0.0056250004470348447,1,300,36500,36800,1,-0.084214575588703156,-0.084214575588703156,-0.084214575588703156,0.0015978745392503527,0.016030089929699898,1,0,0,0,1,1
before,36900000,36700000,36900,36694,36694,0.14728562569742779,-0.016122921622220426,0.010000000298023226,0.0056250004470348447,1,400,36500,36800,1,-0.08416350117963925,-0.068040579557418823,-0.068040579557418823,0.00043989753847698649,-0.14684572815895081,1,0,0,0,1,1
after,36900000,36700000,36900,36694,36694,0.14728562569742779,-0.016122921622220426,0.010000000298023226,0.0056250004470348447,1,400,36500,36900,1,-0.068040579557418823,-0.068040579557418823,-0.068040579557418823,0.00043989753847698649,-0.14684572815895081,1,0,0,0,1,1
before,37000000,36800000,37000,36794,36794,-0.086113718368019343,-0.093558933479752637,0.010000000298023226,0.0056250004470348447,1,500,36500,36900,1,-0.070366771785583593,0.023192161694169044,0.023192161694169044,-0.080443606741632701,0.0056701116263866425,1,0,0,0,1,1
after,37000000,36800000,37000,36794,36794,-0.086113718368019343,-0.093558933479752637,0.010000000298023226,0.0056250004470348447,1,500,36500,37000,1,0.023192161694169044,0.023192161694169044,0.023192161694169044,-0.080443606741632701,0.0056701116263866425,1,0,0,0,1,1
before,37100000,36900000,37100,36894,36894,0.0063720647288589422,0.16459864638062369,0.010000000298023226,0.0056250004470348447,1,600,36500,37000,1,0.023912387706955772,-0.14068625867366791,-0.14068625867366791,-0.034857682506916052,-0.041229747235774994,1,0,0,0,1,1
after,37100000,36900000,37100,36894,36894,0.0063720647288589422,0.16459864638062369,0.010000000298023226,0.0056250004470348447,1,600,36500,37100,1,-0.14068625867366791,-0.14068625867366791,-0.14068625867366791,-0.034857682506916052,-0.041229747235774994,1,0,0,0,1,1
before,37200000,37000000,37200,36994,36994,0.04451954333976238,-0.11745208725735126,0.010000000298023226,0.0056250004470348447,1,700,36500,37100,1,-0.14095343687042175,-0.023501349613070488,-0.023501349613070488,-0.052136726985421489,-0.096656270325183868,1,0,0,0,1,1
after,37200000,37000000,37200,36994,36994,0.04451954333976238,-0.11745208725735126,0.010000000298023226,0.0056250004470348447,1,700,36500,37200,1,-0.023501349613070488,-0.023501349613070488,-0.023501349613070488,-0.052136726985421489,-0.096656270325183868,1,0,0,0,1,1
before,37300000,37100000,37300,37094,37094,-0.17694447774451763,-0.045416999003739196,0.010000000298023226,0.0056250004470348447,1,800,36500,37200,1,-0.024581923476309615,0.020835075527429581,0.020835075527429581,-0.076931340880809135,0.1000131368637085,1,0,0,0,1,1
after,37300000,37100000,37300,37094,37094,-0.17694447774451763,-0.045416999003739196,0.010000000298023226,0.0056250004470348447,1,800,36500,37300,1,0.020835075527429581,0.020835075527429581,0.020835075527429581,-0.076931340880809135,0.1000131368637085,1,0,0,0,1,1
before,37400000,37200000,37400,37194,37194,-0.03736340188590534,0.078757450007980512,0.010000000298023226,0.0056250004470348447,1,900,36500,37300,1,0.023014046275203863,-0.055743403732776642,-0.055743403732776642,0.014173146996817517,0.051536548882722855,1,0,0,0,1,1
after,37400000,37200000,37400,37194,37194,-0.03736340188590534,0.078757450007980512,0.010000000298023226,0.0056250004470348447,1,900,36500,37400,1,-0.055743403732776642,-0.055743403732776642,-0.055743403732776642,0.014173146996817517,0.051536548882722855,1,0,0,0,1,1
before,37500000,37300000,37500,37294,37294,-0.057453725426860724,-0.1373792984552844,0.010000000298023226,0.0056250004470348447,1,1000,36500,37400,1,-0.054337757176922137,0.083041541278362274,0.083041541278362274,0.027471449286274038,0.084925174713134766,1,0,0,0,1,1
after,37500000,37300000,37500,37294,37294,-0.057453725426860724,-0.1373792984552844,0.010000000298023226,0.0056250004470348447,1,1000,36500,37500,1,0.083041541278362274,0.083041541278362274,0.083041541278362274,0.027471449286274038,0.084925174713134766,1,0,0,0,1,1
before,37600000,37400000,37600,37394,37394,0.1645703746264606,0.14161207800506576,0.010000000298023226,0.0056250004470348447,1,1100,36500,37500,1,0.083979534858455496,-0.05763254314661026,-0.05763254314661026,0.064689910251441524,-0.099880464375019073,1,0,0,0,1,1
after,37600000,37400000,37600,37394,37394,0.1645703746264606,0.14161207800506576,0.010000000298023226,0.0056250004470348447,1,1100,37600,37500,1,-0.05763254314661026,-0.05763254314661026,-0.05763254314661026,0.064689910251441524,-0.099880464375019073,1,0,0,0,1,1
before,37700000,37500000,37700,37494,37494,-0.10386602625410518,-0.23703282266739265,0.010000000298023226,0.0056250004470348447,1,100,37600,37500,1,-0.060451857148441222,0.17658096551895142,0.17658096551895142,-0.023872882576393691,0.079993143677711487,1,0,0,0,1,1
after,37700000,37500000,37700,37494,37494,-0.10386602625410518,-0.23703282266739265,0.010000000298023226,0.0056250004470348447,1,100,37700,37500,1,0.17658096551895142,0.17658096551895142,0.17658096551895142,-0.023872882576393691,0.079993143677711487,1,0,0,0,1,1
before,37800000,37600000,37800,37594,37594,0.030694232996989188,0.076707848060795836,0.010000000298023226,0.0056250004470348447,1,100,37700,37500,1,0.1777533299214335,0.10104548186063766,0.10104548186063766,0.046018358063388762,0.015324125066399574,1,0,0,0,1,1
after,37800000,37600000,37800,37594,37594,0.030694232996989188,0.076707848060795836,0.010000000298023226,0.0056250004470348447,1,100,37700,37800,1,0.10104548186063766,0.10104548186063766,0.10104548186063766,0.046018358063388762,0.015324125066399574,1,0,0,0,1,1
before,37900000,37700000,37900,37694,37694,0.23069602139058368,0.073705759177487354,0.010000000298023226,0.0056250004470348447,1,200,37700,37800,1,0.099732388088982563,0.026026628911495209,0.026026628911495209,0.040607346964504888,-0.1900886744260788,1,0,0,0,1,1
after,37900000,37700000,37900,37694,37694,0.23069602139058368,0.073705759177487354,0.010000000298023226,0.0056250004470348447,1,200,37700,37900,1,0.026026628911495209,0.026026628911495209,0.026026628911495209,0.040607346964504888,-0.1900886744260788,1,0,0,0,1,1
before,38000000,37800000,38000,37794,37794,-0.1131112400608569,0.030154934343363932,0.010000000298023226,0.0056250004470348447,1,300,37700,37900,1,0.023084432077076129,-0.0070705022662878036,-0.0070705022662878036,-0.072834116609623994,0.04027712345123291,1,0,0,0,1,1
after,38000000,37800000,38000,37794,37794,-0.1131112400608569,0.030154934343363932,0.010000000298023226,0.0056250004470348447,1,300,37700,38000,1,-0.0070705022662878036,-0.0070705022662878036,-0.0070705022662878036,-0.072834116609623994,0.04027712345123291,1,0,0,0,1,1
before,38100000,37900000,38100,37894,37894,0.070236512544857091,0.015626565932865995,0.010000000298023226,0.0056250004470348447,1,400,37700,38000,1,-0.0064059352431336475,-0.022032501175999641,-0.022032501175999641,-0.016708432611717162,-0.086944945156574249,1,0,0,0,1,1
after,38100000,37900000,38100,37894,37894,0.070236512544857091,0.015626565932865995,0.010000000298023226,0.0056250004470348447,1,400,37700,38100,1,-0.022032501175999641,-0.022032501175999641,-0.022032501175999641,-0.016708432611717162,-0.086944945156574249,1,0,0,0,1,1
before,38200000,38000000,38200,37994,37994,-0.027276363230825364,-0.07550114059990265,0.010000000298023226,0.0056250004470348447,1,500,37700,38100,1,-0.02385588774627068,0.051645252853631973,0.051645252853631973,-0.054313948385001122,-0.027037585154175758,1,0,0,0,1,1
after,38200000,38000000,38200,37994,37994,-0.027276363230825364,-0.07550114059990265,0.010000000298023226,0.0056250004470348447,1,500,37700,38200,1,0.051645252853631973,0.051645252853631973,0.051645252853631973,-0.054313948385001122,-0.027037585154175758,1,0,0,0,1,1
before,38300000,38100000,38300,38094,38094,0.021961256304644954,0.12111181975110749,0.010000000298023226,0.0056250004470348447,1,600,37700,38200,1,0.051186235852086336,-0.069925583899021149,-0.069925583899021149,-0.035480369439459432,-0.057441625744104385,1,0,0,0,1,1
after,38300000,38100000,38300,38094,38094,0.021961256304644954,0.12111181975110749,0.010000000298023226,0.0056250004470348447,1,600,37700,38300,1,-0.069925583899021149,-0.069925583899021149,-0.069925583899021149,-0.035480369439459432,-0.057441625744104385,1,0,0,0,1,1
before,38400000,38200000,38400,38194,38194,0.029481494989489876,-0.12911329781436631,0.010000000298023226,0.0056250004470348447,1,700,37700,38300,1,-0.070651579553124386,0.058461718261241913,0.058461718261241913,-0.053556700978184379,-0.083038195967674255,1,0,0,0,1,1
after,38400000,38200000,38400,38194,38194,0.029481494989489876,-0.12911329781436631,0.010000000298023226,0.0056250004470348447,1,700,37700,38400,1,0.058461718261241913,0.058461718261241913,0.058461718261241913,-0.053556700978184379,-0.083038195967674255,1,0,0,0,1,1
before,38500000,38300000,38500,38294,38294,-0.17260370201074221,-0.00022191763052449576,0.010000000298023226,0.0056250004470348447,1,800,37700,38400,1,0.05712561100593104,0.057347528636455536,0.057347528636455536,-0.06259120053254702,0.11001250147819519,1,0,0,0,1,1
after,38500000,38300000,38500,38294,38294,-0.17260370201074221,-0.00022191763052449576,0.010000000298023226,0.0056250004470348447,1,800,37700,38500,1,0.057347528636455536,0.057347528636455536,0.057347528636455536,-0.06259120053254702,0.11001250147819519,1,0,0,0,1,1
before,38600000,38400000,38600,38394,38394,0.042799524847302928,0.0904584000698056,0.010000000298023226,0.0056250004470348447,1,900,37700,38500,1,0.059872390224668004,-0.030586009845137596,-0.030586009845137596,0.029986781883869662,-0.012812742963433266,1,0,0,0,1,1
after,38600000,38400000,38600,38394,38394,0.042799524847302928,0.0904584000698056,0.010000000298023226,0.0056250004470348447,1,900,37700,38600,1,-0.030586009845137596,-0.030586009845137596,-0.030586009845137596,0.029986781883869662,-0.012812742963433266,1,0,0,0,1,1
before,38700000,38500000,38700,38494,38494,0.049105436877789822,-0.17892404552276009,0.010000000298023226,0.0056250004470348447,1,1000,37700,38600,1,-0.030648506243776023,0.14827553927898407,0.14827553927898407,0.0054502537115243355,-0.043655183166265488,1,0,0,0,1,1
after,38700000,38500000,38700,38494,38494,0.049105436877789822,-0.17892404552276009,0.010000000298023226,0.0056250004470348447,1,1000,37700,38700,1,0.14827553927898407,0.14827553927898407,0.14827553927898407,0.0054502537115243355,-0.043655183166265488,1,0,0,0,1,1
before,38800000,38600000,38800,38594,38594,0.21045452842274714,0.18996737284035217,0.010000000298023226,0.0056250004470348447,1,1100,37700,38700,1,0.14752819148273003,-0.042439181357622147,-0.042439181357622147,-0.0043985795064825882,-0.21485310792922974,1,0,0,0,1,1
after,38800000,38600000,38800,38594,38594,0.21045452842274714,0.18996737284035217,0.010000000298023226,0.0056250004470348447,1,1100,38800,38700,1,-0.042439181357622147,-0.042439181357622147,-0.042439181357622147,-0.0043985795064825882,-0.21485310792922974,1,0,0,0,1,1
before,38900000,38700000,38900,38694,38694,0.091468647089947758,-0.070709550751213157,0.010000000298023226,0.0056250004470348447,1,100,38800,38700,1,-0.045065786687497229,0.025643764063715935,0.025643764063715935,-0.11447377506161779,-0.20594242215156555,1,0,0,0,1,1
after,38900000,38700000,38900,38694,38694,0.091468647089947758,-0.070709550751213157,0.010000000298023226,0.0056250004470348447,1,100,38800,38900,1,0.025643764063715935,0.025643764063715935,0.025643764063715935,-0.11447377506161779,-0.20594242215156555,1,0,0,0,1,1
before,39000000,38800000,39000,38794,38794,-0.025875134537564876,0.16784093627429578,0.010000000298023226,0.0056250004470348447,1,200,38800,38900,1,0.024460741371875722,-0.14338019490242004,-0.14338019490242004,-0.15790299899374163,-0.13202786445617676,1,0,0,0,1,1
after,39000000,38800000,39000,38794,38794,-0.025875134537564876,0.16784093627429578,0.010000000298023226,0.0056250004470348447,1,200,38800,39000,1,-0.14338019490242004,-0.14338019490242004,-0.14338019490242004,-0.15790299899374163,-0.13202786445617676,1,0,0,0,1,1
before,39100000,38900000,39100,38894,38894,-0.21623639090626429,-0.10543093803882386,0.010000000298023226,0.0056250004470348447,1,300,38800,39000,1,-0.14306060198306825,-0.037629663944244385,-0.037629663944244385,-0.15920656247704218,0.057029828429222107,1,0,0,0,1,1
after,39100000,38900000,39100,38894,38894,-0.21623639090626429,-0.10543093803882386,0.010000000298023226,0.0056250004470348447,1,300,39100,39000,1,-0.037629663944244385,-0.037629663944244385,-0.037629663944244385,-0.15920656247704218,0.057029828429222107,1,0,0,0,1,1
before,39200000,39000000,39200,38994,38994,0.065096314944959585,-0.034458639805300798,0.010000000298023226,0.0056250004470348447,1,100,39100,39000,1,-0.034243050198049921,0.00021558960725087672,0.00021558960725087672,-0.054133188030981119,-0.1192295029759407,1,0,0,0,1,1
after,39200000,39000000,39200,38994,38994,0.065096314944959585,-0.034458639805300798,0.010000000298023226,0.0056250004470348447,1,100,39100,39200,1,0.00021558960725087672,0.00021558960725087672,0.00021558960725087672,-0.054133188030981119,-0.1192295029759407,1,0,0,0,1,1
before,39300000,39100000,39300,39094,39094,-0.030156503512107691,-0.081601690591924153,0.010000000298023226,0.0056250004470348447,1,200,39100,39200,1,-0.0006219633833098035,0.080979727208614349,0.080979727208614349,-0.086838687850677332,-0.056682184338569641,1,0,0,0,1,1
after,39300000,39100000,39300,39094,39094,-0.030156503512107691,-0.081601690591924153,0.010000000298023226,0.0056250004470348447,1,200,39100,39300,1,0.080979727208614349,0.080979727208614349,0.080979727208614349,-0.086838687850677332,-0.056682184338569641,1,0,0,0,1,1
before,39400000,39200000,39400,39194,39194,0.00060137141835987784,0.089024910883202441,0.010000000298023226,0.0056250004470348447,1,300,39100,39300,1,0.080054653057052977,-0.0089702578261494637,-0.0089702578261494637,-0.063657479692575333,-0.064258851110935211,1,0,0,0,1,1
after,39400000,39200000,39400,39194,39194,0.00060137141835987784,0.089024910883202441,0.010000000298023226,0.0056250004470348447,1,300,39100,39400,1,-0.0089702578261494637,-0.0089702578261494637,-0.0089702578261494637,-0.063657479692575333,-0.064258851110935211,1,0,0,0,1,1
before,39500000,39300000,39500,39294,39294,0.012123428299539621,0.04354260074229583,0.010000000298023226,0.0056250004470348447,1,400,39100,39400,1,-0.00877456037072793,-0.052317161113023758,-0.052317161113023758,-0.064833335564023917,-0.076956763863563538,1,0,0,0,1,1
after,39500000,39300000,39500,39294,39294,0.012123428299539621,0.04354260074229583,0.010000000298023226,0.0056250004470348447,1,400,39100,39500,1,-0.052317161113023758,-0.052317161113023758,-0.052317161113023758,-0.064833335564023917,-0.076956763863563538,1,0,0,0,1,1
before,39600000,39400000,39600,39394,39394,-0.19370420070220709,-0.080026063940519143,0.010000000298023226,0.0056250004470348447,1,500,39100,39500,1,-0.052852844691866692,0.027173219248652458,0.027173219248652458,-0.076191125231282714,0.11751307547092438,1,0,0,0,1,1
after,39600000,39400000,39600,39394,39394,-0.19370420070220709,-0.080026063940519143,0.010000000298023226,0.0056250004470348447,1,500,39600,39500,1,0.027173219248652458,0.027173219248652458,0.027173219248652458,-0.076191125231282714,0.11751307547092438,1,0,0,0,1,1
before,39700000,39500000,39700,39494,39494,-0.040877273633465355,0.053265702097794562,0.010000000298023226,0.0056250004470348447,1,100,39600,39500,1,0.029626686244389567,-0.023639015853404999,-0.023639015853404999,0.023964376792922432,0.064841650426387787,1,0,0,0,1,1
after,39700000,39500000,39700,39494,39494,-0.040877273633465355,0.053265702097794562,0.010000000298023226,0.0056250004470348447,1,100,39600,39700,1,-0.023639015853404999,-0.023639015853404999,-0.023639015853404999,0.023964376792922432,0.064841650426387787,1,0,0,0,1,1
before,39800000,39600000,39800,39594,39594,-0.035376771018897905,-0.028722899777155624,0.010000000298023226,0.0056250004470348447,1,200,39600,39700,1,-0.023607251511227594,0.00511564826592803,0.00511564826592803,0.042113819493854628,0.077490590512752533,1,0,0,0,1,1
after,39800000,39600000,39800,39594,39594,-0.035376771018897905,-0.028722899777155624,0.010000000298023226,0.0056250004470348447,1,200,39600,39800,1,0.00511564826592803,0.00511564826592803,0.00511564826592803,0.042113819493854628,0.077490590512752533,1,0,0,0,1,1
before,39900000,39700000,39900,39694,39694,-0.08768936132571245,0.052998229543370398,0.010000000298023226,0.0056250004470348447,1,300,39600,39800,1,0.005842547545832787,-0.047155681997537613,-0.047155681997537613,0.060441800602464436,0.14813116192817688,1,0,0,0,1,1
after,39900000,39700000,39900,39694,39694,-0.08768936132571245,0.052998229543370398,0.010000000298023226,0.0056250004470348447,1,300,39600,39900,1,-0.047155681997537613,-0.047155681997537613,-0.047155681997537613,0.060441800602464436,0.14813116192817688,1,0,0,0,1,1
before,40000000,39800000,40000,39794,39794,-0.022434764676316901,-0.16998007286638178,0.010000000298023226,0.0056250004470348447,1,400,39600,39900,1,-0.0471533327206985,0.12282674014568329,0.12282674014568329,0.099755964107290582,0.12219072878360748,1,0,0,0,1,1
after,40000000,39800000,40000,39794,39794,-0.022434764676316901,-0.16998007286638178,0.010000000298023226,0.0056250004470348447,1,400,39600,40000,1,0.12282674014568329,0.12282674014568329,0.12282674014568329,0.099755964107290582,0.12219072878360748,1,0,0,0,1,1
before,40100000,39900000,40100,39894,39894,0.20742115403444683,0.15953035312250763,0.010000000298023226,0.0056250004470348447,1,500,39600,40000,1,0.12204576315835626,-0.037484589964151382,-0.037484589964151382,0.12320636982948698,-0.084214784204959869,1,0,0,0,1,1
after,40100000,39900000,40100,39894,39894,0.20742115403444683,0.15953035312250763,0.010000000298023226,0.0056250004470348447,1,500,40100,40000,1,-0.037484589964151382,-0.037484589964151382,-0.037484589964151382,0.12320636982948698,-0.084214784204959869,1,0,0,0,1,1
before,40200000,40000000,40200,39994,39994,0.13339361127246072,-0.091262558813138855,0.010000000298023226,0.0056250004470348447,1,100,40100,40000,1,-0.040670546109720117,0.050592012703418732,0.050592012703418732,0.015094410141593706,-0.118299201130867,1,0,0,0,1,1
after,40200000,40000000,40200,39994,39994,0.13339361127246072,-0.091262558813138855,0.010000000298023226,0.0056250004470348447,1,100,40100,40200,1,0.050592012703418732,0.050592012703418732,0.050592012703418732,0.015094410141593706,-0.118299201130867,1,0,0,0,1,1
before,40300000,40100000,40300,40094,40094,0.026345398684096938,0.11494634463378839,0.010000000298023226,0.0056250004470348447,1,200,40100,40200,1,0.048286096890658659,-0.06666024774312973,-0.06666024774312973,-0.046988512913631791,-0.073333911597728729,1,0,0,0,1,1
after,40300000,40100000,40300,40094,40094,0.026345398684096938,0.11494634463378839,0.010000000298023226,0.0056250004470348447,1,200,40100,40300,1,-0.06666024774312973,-0.06666024774312973,-0.06666024774312973,-0.046988512913631791,-0.073333911597728729,1,0,0,0,1,1
before,40400000,40200000,40400,40194,40194,-0.040166274715892666,-0.15651951322903823,0.010000000298023226,0.0056250004470348447,1,300,40100,40300,1,-0.066783282557632426,0.089736230671405792,0.089736230671405792,-0.06687900338017165,-0.026712728664278984,1,0,0,0,1,1
after,40400000,40200000,40400,40194,40194,-0.040166274715892666,-0.15651951322903823,0.010000000298023226,0.0056250004470348447,1,300,40100,40400,1,0.089736230671405792,0.089736230671405792,0.089736230671405792,-0.06687900338017165,-0.026712728664278984,1,0,0,0,1,1
before,40500000,40300000,40500,40294,40294,-0.05124614787869685,0.122358685334544,0.010000000298023226,0.0056250004470348447,1,400,40100,40400,1,0.090588020135979469,-0.031770665198564529,-0.031770665198564529,-0.037691053278973034,0.013555094599723816,1,0,0,0,1,1
after,40500000,40300000,40500,40294,40294,-0.05124614787869685,0.122358685334544,0.010000000298023226,0.0056250004470348447,1,400,40100,40500,1,-0.031770665198564529,-0.031770665198564529,-0.031770665198564529,-0.037691053278973034,0.013555094599723816,1,0,0,0,1,1
before,40600000,40400000,40600,40394,40394,-0.15605089997990135,0.057675033288771542,0.010000000298023226,0.0056250004470348447,1,500,40100,40500,1,-0.030964039785092441,-0.088639073073863983,-0.088639073073863983,-0.015054324624371552,0.14099657535552979,1,0,0,0,1,1
after,40600000,40400000,40600,40394,40394,-0.15605089997990135,0.057675033288771542,0.010000000298023226,0.0056250004470348447,1,500,40100,40600,1,-0.088639073073863983,-0.088639073073863983,-0.088639073073863983,-0.015054324624371552,0.14099657535552979,1,0,0,0,1,1
before,40700000,40500000,40700,40494,40494,0.11909704882762581,0.0084429033395481967,0.010000000298023226,0.0056250004470348447,1,600,40100,40600,1,-0.087844578147249136,-0.096287481486797333,-0.096287481486797333,0.054514976629234858,-0.064582072198390961,1,0,0,0,1,1
after,40700000,40500000,40700,40494,40494,0.11909704882762581,0.0084429033395481967,0.010000000298023226,0.0056250004470348447,1,600,40100,40700,1,-0.096287481486797333,-0.096287481486797333,-0.096287481486797333,0.054514976629234858,-0.064582072198390961,1,0,0,0,1,1
before,40800000,40600000,40800,40594,40594,-0.097753744181235905,-0.12729060978540524,0.010000000298023226,0.0056250004470348447,1,700,40100,40700,1,-0.097284052082387037,0.030006557703018188,0.030006557703018188,-0.014992344733317972,0.082761399447917938,1,0,0,0,1,1
after,40800000,40600000,40800,40594,40594,-0.097753744181235905,-0.12729060978540524,0.010000000298023226,0.0056250004470348447,1,700,40100,40800,1,0.030006557703018188,0.030006557703018188,0.030006557703018188,-0.014992344733317972,0.082761399447917938,1,0,0,0,1,1
before,40900000,40700000,40900,40694,40694,0.1079936622790432,-0.029564839352341304,0.010000000298023226,0.0056250004470348447,1,800,40100,40800,1,0.031641769658355107,0.061206609010696411,0.061206609010696411,0.037238135855588911,-0.070755526423454285,1,0,0,0,1,1
after,40900000,40700000,40900,40694,40694,0.1079936622790432,-0.029564839352341304,0.010000000298023226,0.0056250004470348447,1,800,40100,40900,1,0.061206609010696411,0.061206609010696411,0.061206609010696411,0.037238135855588911,-0.070755526423454285,1,0,0,0,1,1
before,41000000,40800000,41000,40794,40794,0.10902469632966244,0.10829225745547055,0.010000000298023226,0.0056250004470348447,1,900,40100,40900,1,0.059355290648820398,-0.048936966806650162,-0.048936966806650162,-0.010997019430568576,-0.12002171576023102,1,0,0,0,1,1
after,41000000,40800000,41000,40794,40794,0.10902469632966244,0.10829225745547055,0.010000000298023226,0.0056250004470348447,1,900,41000,40900,1,-0.048936966806650162,-0.048936966806650162,-0.048936966806650162,-0.010997019430568576,-0.12002171576023102,1,0,0,0,1,1
before,41100000,40900000,41100,40894,40894,-0.068895127863841985,-0.074188456370840636,0.010000000298023226,0.0056250004470348447,1,100,41000,40900,1,-0.050901007338772383,0.023287449032068253,0.023287449032068253,-0.070778274682569239,-0.0018831468187272549,1,0,0,0,1,1
after,41100000,40900000,41100,40894,40894,-0.068895127863841985,-0.074188456370840636,0.010000000298023226,0.0056250004470348447,1,100,41000,41100,1,0.023287449032068253,0.023287449032068253,0.023287449032068253,-0.070778274682569239,-0.0018831468187272549,1,0,0,0,1,1
before,41200000,41000000,41200,40994,40994,-0.07637238720179132,-0.036435427392156078,0.010000000298023226,0.0056250004470348447,1,200,41000,41100,1,0.023273141806690739,0.059708569198846817,0.059708569198846817,-0.033878894836907897,0.042493492364883423,1,0,0,0,1,1
after,41200000,41000000,41200,40994,40994,-0.07637238720179132,-0.036435427392156078,0.010000000298023226,0.0056250004470348447,1,200,41000,41200,1,0.059708569198846817,0.059708569198846817,0.059708569198846817,-0.033878894836907897,0.042493492364883423,1,0,0,0,1,1
before,41300000,41100000,41300,41094,41094,0.089973042241164633,-0.0042202330778285252,0.010000000298023226,0.0056250004470348447,1,300,41000,41200,1,0.060542679612810971,0.064762912690639496,0.064762912690639496,0.010516496828624195,-0.079456545412540436,1,0,0,0,1,1
after,41300000,41100000,41300,41094,41094,0.089973042241164633,-0.0042202330778285252,0.010000000298023226,0.0056250004470348447,1,300,41000,41300,1,0.064762912690639496,0.064762912690639496,0.064762912690639496,0.010516496828624195,-0.079456545412540436,1,0,0,0,1,1
before,41400000,41200000,41400,41194,41194,0.14622775511999436,0.043434736233958021,0.010000000298023226,0.0056250004470348447,1,400,41000,41300,1,0.063761536878355757,0.020326800644397736,0.020326800644397736,-0.028233326504036708,-0.17446108162403107,1,0,0,0,1,1
after,41400000,41200000,41400,41194,41194,0.14622775511999436,0.043434736233958021,0.010000000298023226,0.0056250004470348447,1,400,41000,41400,1,0.020326800644397736,0.020326800644397736,0.020326800644397736,-0.028233326504036708,-0.17446108162403107,1,0,0,0,1,1
before,41500000,41300000,41500,41294,41294,-0.040796452695116309,-0.047043535712165491,0.010000000298023226,0.0056250004470348447,1,500,41000,41400,1,0.017650563416080813,0.064694099128246307,0.064694099128246307,-0.099832297795995978,-0.059035845100879669,1,0,0,0,1,1
after,41500000,41300000,41500,41294,41294,-0.040796452695116309,-0.047043535712165491,0.010000000298023226,0.0056250004470348447,1,500,41000,41500,1,0.064694099128246307,0.064694099128246307,0.064694099128246307,-0.099832297795995978,-0.059035845100879669,1,0,0,0,1,1
before,41600000,41400000,41600,41394,41394,-0.22335221575853023,0.086402957137544215,0.010000000298023226,0.0056250004470348447,1,600,41000,41500,1,0.065966973822434008,-0.020435983315110207,-0.020435983315110207,-0.072768576017586323,0.15058363974094391,1,0,0,0,1,1
after,41600000,41400000,41600,41394,41394,-0.22335221575853023,0.086402957137544215,0.010000000298023226,0.0056250004470348447,1,600,41000,41600,1,-0.020435983315110207,-0.020435983315110207,-0.020435983315110207,-0.072768576017586323,0.15058363974094391,1,0,0,0,1,1
before,41700000,41500000,41700,41494,41494,0.12116603680716892,0.073278389948304212,0.010000000298023226,0.0056250004470348447,1,700,41000,41600,1,-0.017981275838915785,-0.091259665787220001,-0.091259665787220001,0.037516639910806622,-0.083649396896362305,1,0,0,0,1,1
after,41700000,41500000,41700,41494,41494,0.12116603680716892,0.073278389948304212,0.010000000298023226,0.0056250004470348447,1,700,41000,41700,1,-0.091259665787220001,-0.091259665787220001,-0.091259665787220001,0.037516639910806622,-0.083649396896362305,1,0,0,0,1,1
before,41800000,41600000,41800,41594,41594,0.17861102396188566,-0.2003329284255228,0.010000000298023226,0.0056250004470348447,1,800,41000,41700,1,-0.09231639278575994,0.10801653563976288,0.10801653563976288,-0.03251388794244936,-0.21112491190433502,1,0,0,0,1,1
after,41800000,41600000,41800,41594,41594,0.17861102396188566,-0.2003329284255228,0.010000000298023226,0.0056250004470348447,1,800,41000,41800,1,0.10801653563976288,0.10801653563976288,0.10801653563976288,-0.03251388794244936,-0.21112491190433502,1,0,0,0,1,1
before,41900000,41700000,41900,41694,41694,-0.10142611190763155,0.13398176200629897,0.010000000298023226,0.0056250004470348447,1,900,41000,41800,1,0.10488926388265318,-0.029092498123645782,-0.029092498123645782,-0.11160105969843308,-0.010174947790801525,1,0,0,0,1,1
after,41900000,41700000,41900,41694,41694,-0.10142611190763155,0.13398176200629897,0.010000000298023226,0.0056250004470348447,1,900,41000,41900,1,-0.029092498123645782,-0.029092498123645782,-0.029092498123645782,-0.11160105969843308,-0.010174947790801525,1,0,0,0,1,1
before,42000000,41800000,42000,41794,41794,0.073501627416509605,-0.018725055253502307,0.010000000298023226,0.0056250004470348447,1,1000,41000,41900,1,-0.027450731939073977,-0.0087256766855716705,-0.0087256766855716705,-0.063459951906305337,-0.13696157932281494,1,0,0,0,1,1
after,42000000,41800000,42000,41794,41794,0.073501627416509605,-0.018725055253502307,0.010000000298023226,0.0056250004470348447,1,1000,41000,42000,1,-0.0087256766855716705,-0.0087256766855716705,-0.0087256766855716705,-0.063459951906305337,-0.13696157932281494,1,0,0,0,1,1
before,42100000,41900000,42100,41894,41894,-0.086460578791649326,0.02981048362396297,0.010000000298023226,0.0056250004470348447,1,1100,41000,42000,1,-0.009675440321940806,-0.039485923945903778,-0.039485923945903778,-0.10127126572266339,-0.014810686931014061,1,0,0,0,1,1
after,42100000,41900000,42100,41894,41894,-0.086460578791649326,0.02981048362396297,0.010000000298023226,0.0056250004470348447,1,1100,41000,42100,1,-0.039485923945903778,-0.039485923945903778,-0.039485923945903778,-0.10127126572266339,-0.014810686931014061,1,0,0,0,1,1
before,42200000,42000000,42200,41994,41994,-0.16702379427696268,-0.0035112944311689806,0.010000000298023226,0.0056250004470348447,1,1200,41000,42100,1,-0.038259450054843373,-0.034748155623674393,-0.034748155623674393,-0.061715879960308459,0.10530791431665421,1,0,0,0,1,1
after,42200000,42000000,42200,41994,41994,-0.16702379427696268,-0.0035112944311689806,0.010000000298023226,0.0056250004470348447,1,1200,41000,42200,1,-0.034748155623674393,-0.034748155623674393,-0.034748155623674393,-0.061715879960308459,0.10530791431665421,1,0,0,0,1,1
before,42300000,42100000,42300,42094,42094,0.15167259362544139,-0.17122891382840558,0.010000000298023226,0.0056250004470348447,1,1300,41000,42200,1,-0.033567769691023076,0.13766114413738251,0.13766114413738251,0.018775007995024521,-0.13289758563041687,1,0,0,0,1,1
after,42300000,42100000,42300,42094,42094,0.15167259362544139,-0.17122891382840558,0.010000000298023226,0.0056250004470348447,1,1300,41000,42300,1,0.13766114413738251,0.13766114413738251,0.13766114413738251,0.018775007995024521,-0.13289758563041687,1,0,0,0,1,1
before,42400000,42200000,42400,42194,42194,-0.02752468161663997,0.13081140912900169,0.010000000298023226,0.0056250004470348447,1,1400,41000,42300,1,0.1357572814805289,0.0049458723515272141,0.0049458723515272141,-0.043753050122475504,-0.016228368505835533,1,0,0,0,1,1
after,42400000,42200000,42400,42194,42194,-0.02752468161663997,0.13081140912900169,0.010000000298023226,0.0056250004470348447,1,1400,41000,42400,1,0.0049458723515272141,0.0049458723515272141,0.0049458723515272141,-0.043753050122475504,-0.016228368505835533,1,0,0,0,1,1
before,42500000,42300000,42500,42294,42294,-0.028756995549549726,0.068436444974830909,0.010000000298023226,0.0056250004470348447,1,1500,41000,42400,1,0.0048297208318026528,-0.063606724143028259,-0.063606724143028259,-0.029463603200049517,-0.00070660765049979091,1,0,0,0,1,1
after,42500000,42300000,42500,42294,42294,-0.028756995549549726,0.068436444974830909,0.010000000298023226,0.0056250004470348447,1,1500,41000,42500,1,-0.063606724143028259,-0.063606724143028259,-0.063606724143028259,-0.029463603200049517,-0.00070660765049979091,1,0,0,0,1,1
before,42600000,42400000,42600,42394,42394,0.21967489420916797,0.041695414939832795,0.010000000298023226,0.0056250004470348447,1,1600,41000,42500,1,-0.063829154809999358,-0.10552456974983215,-0.10552456974983215,-0.021406358484961967,-0.24108125269412994,1,0,0,0,1,1
after,42600000,42400000,42600,42394,42394,0.21967489420916797,0.041695414939832795,0.010000000298023226,0.0056250004470348447,1,1600,41000,42600,1,-0.10552456974983215,-0.10552456974983215,-0.10552456974983215,-0.021406358484961967,-0.24108125269412994,1,0,0,0,1,1
before,42700000,42500000,42700,42494,42494,-0.098299430764161477,-0.080123450078310107,0.010000000298023226,0.0056250004470348447,1,1700,41000,42600,1,-0.10905178210908327,-0.028928332030773163,-0.028928332030773163,-0.1425268483225931,-0.044227417558431625,1,0,0,0,1,1
after,42700000,42500000,42700,42494,42494,-0.098299430764161477,-0.080123450078310107,0.010000000298023226,0.0056250004470348447,1,1700,41000,42700,1,-0.028928332030773163,-0.028928332030773163,-0.028928332030773163,-0.1425268483225931,-0.044227417558431625,1,0,0,0,1,1
before,42800000,42600000,42800,42594,42594,-0.019729426818978768,-0.14744201079605873,0.010000000298023226,0.0056250004470348447,1,1800,41000,42700,1,-0.027650100743759225,0.1197919100522995,0.1197919100522995,-0.095968669968736153,-0.076239243149757385,1,0,0,0,1,1
after,42800000,42600000,42800,42594,42594,-0.019729426818978768,-0.14744201079605873,0.010000000298023226,0.0056250004470348447,1,1800,41000,42800,1,0.1197919100522995,0.1197919100522995,0.1197919100522995,-0.095968669968736153,-0.076239243149757385,1,0,0,0,1,1
before,42900000,42700000,42900,42694,42694,0.017564323596646794,0.093327780400372123,0.010000000298023226,0.0056250004470348447,1,1900,41000,42800,1,0.11954553346798477,0.026217753067612648,0.026217753067612648,-0.074071715720007411,-0.091636039316654205,1,0,0,0,1,1
after,42900000,42700000,42900,42694,42694,0.017564323596646794,0.093327780400372123,0.010000000298023226,0.0056250004470348447,1,1900,41000,42900,1,0.026217753067612648,0.026217753067612648,0.026217753067612648,-0.074071715720007411,-0.091636039316654205,1,0,0,0,1,1
before,43000000,42800000,43000,42794,42794,0.10642600320309654,-0.10252526173709219,0.010000000298023226,0.0056250004470348447,1,2000,41000,42900,1,0.024892704986349889,0.12741796672344208,0.12741796672344208,-0.080333558097181165,-0.18675956130027771,1,0,0,0,1,1
after,43000000,42800000,43000,42794,42794,0.10642600320309654,-0.10252526173709219,0.010000000298023226,0.0056250004470348447,1,2000,41000,43000,1,0.12741796672344208,0.12741796672344208,0.12741796672344208,-0.080333558097181165,-0.18675956130027771,1,0,0,0,1,1
before,43100000,42900000,43100,42894,42894,-0.074889404835937021,0.17563467881357997,0.010000000298023226,0.0056250004470348447,1,2100,41000,43000,1,0.12590868062055438,-0.049725998193025589,-0.049725998193025589,-0.12112104347610235,-0.046231638640165329,1,0,0,0,1,1
after,43100000,42900000,43100,42894,42894,-0.074889404835937021,0.17563467881357997,0.010000000298023226,0.0056250004470348447,1,2100,41000,43100,1,-0.049725998193025589,-0.049725998193025589,-0.049725998193025589,-0.12112104347610235,-0.046231638640165329,1,0,0,0,1,1
before,43200000,43000000,43200,42994,42994,-0.0071353607013018711,-0.12741521723390109,0.010000000298023226,0.0056250004470348447,1,2200,41000,43100,1,-0.050457849873309216,0.076957367360591888,0.076957367360591888,-0.088588043315628348,-0.081452682614326477,1,0,0,0,1,1
after,43200000,43000000,43200,42994,42994,-0.0071353607013018711,-0.12741521723390109,0.010000000298023226,0.0056250004470348447,1,2200,41000,43200,1,0.076957367360591888,0.076957367360591888,0.076957367360591888,-0.088588043315628348,-0.081452682614326477,1,0,0,0,1,1
before,43300000,43100000,43300,43094,43094,-0.012235857459994393,0.1133877917781636,0.010000000298023226,0.0056250004470348447,1,2300,41000,43200,1,0.077590966935472183,-0.035796824842691422,-0.035796824842691422,-0.077258475038500862,-0.06502261757850647,1,0,0,0,1,1
after,43300000,43100000,43300,43094,43094,-0.012235857459994393,0.1133877917781636,0.010000000298023226,0.0056250004470348447,1,2300,41000,43300,1,-0.035796824842691422,-0.035796824842691422,-0.035796824842691422,-0.077258475038500862,-0.06502261757850647,1,0,0,0,1,1
before,43400000,43200000,43400,43194,43194,-0.00054746958771628718,-0.061547629331451116,0.010000000298023226,0.0056250004470348447,1,2400,41000,43300,1,-0.035208489542108236,0.02633913978934288,0.02633913978934288,-0.074652896256837076,-0.074105426669120789,1,0,0,0,1,1
after,43400000,43200000,43400,43194,43194,-0.00054746958771628718,-0.061547629331451116,0.010000000298023226,0.0056250004470348447,1,2400,41000,43400,1,0.02633913978934288,0.02633913978934288,0.02633913978934288,-0.074652896256837076,-0.074105426669120789,1,0,0,0,1,1
before,43500000,43300000,43500,43294,43294,0.0059878856430376909,0.018971345305792864,0.010000000298023226,0.0056250004470348447,1,2500,41000,43400,1,0.025791414931766565,0.0068200696259737015,0.0068200696259737015,-0.071753059278932677,-0.077740944921970367,1,0,0,0,1,1
after,43500000,43300000,43500,43294,43294,0.0059878856430376909,0.018971345305792864,0.010000000298023226,0.0056250004470348447,1,2500,41000,43500,1,0.0068200696259737015,0.0068200696259737015,0.0068200696259737015,-0.071753059278932677,-0.077740944921970367,1,0,0,0,1,1
before,43600000,43400000,43600,43394,43394,0.013405078120490257,0.026498146183163311,0.010000000298023226,0.0056250004470348447,1,2600,41000,43500,1,0.0057131087550226708,-0.02078503742814064,-0.02078503742814064,-0.074164553515652473,-0.087569631636142731,1,0,0,0,1,1
after,43600000,43400000,43600,43394,43394,0.013405078120490257,0.026498146183163311,0.010000000298023226,0.0056250004470348447,1,2600,41000,43600,1,-0.02078503742814064,-0.02078503742814064,-0.02078503742814064,-0.074164553515652473,-0.087569631636142731,1,0,0,0,1,1
before,43700000,43500000,43700,43494,43494,0.058451515072039037,-0.052718550606194875,0.010000000298023226,0.0056250004470348447,1,2700,41000,43600,1,-0.021974934904400254,0.030743615701794624,0.030743615701794624,-0.083072278267690272,-0.14152379333972931,1,0,0,0,1,1
after,43700000,43500000,43700,43494,43494,0.058451515072039037,-0.052718550606194875,0.010000000298023226,0.0056250004470348447,1,2700,41000,43700,1,0.030743615701794624,0.030743615701794624,0.030743615701794624,-0.083072278267690272,-0.14152379333972931,1,0,0,0,1,1
before,43800000,43600000,43800,43594,43594,-0.14670558656380034,-0.0050575810589045776,0.010000000298023226,0.0056250004470348447,1,2800,41000,43700,1,0.029843568512037347,0.034901149570941925,0.034901149570941925,-0.10942574227974271,0.037279844284057617,1,0,0,0,1,1
after,43800000,43600000,43800,43594,43594,-0.14670558656380034,-0.0050575810589045776,0.010000000298023226,0.0056250004470348447,1,2800,41000,43800,1,0.034901149570941925,0.034901149570941925,0.034901149570941925,-0.10942574227974271,0.037279844284057617,1,0,0,0,1,1
before,43900000,43700000,43900,43694,43694,0.098806803035663943,0.0088702476891268922,0.010000000298023226,0.0056250004470348447,1,2900,41000,43800,1,0.037030069095133705,0.028159821406006813,0.028159821406006813,-0.032099555325580252,-0.1309063583612442,1,0,0,0,1,1
after,43900000,43700000,43900,43694,43694,0.098806803035663943,0.0088702476891268922,0.010000000298023226,0.0056250004470348447,1,2900,41000,43900,1,0.028159821406006813,0.028159821406006813,0.028159821406006813,-0.032099555325580252,-0.1309063583612442,1,0,0,0,1,1
before,44000000,43800000,44000,43794,43794,-0.086857094211176211,0.062048897276378204,0.010000000298023226,0.0056250004470348447,1,3000,41000,43900,1,0.026983197907662914,-0.035065699368715286,-0.035065699368715286,-0.078959251535728747,0.007897842675447464,1,0,0,0,1,1
after,44000000,43800000,44000,43794,43794,-0.086857094211176211,0.062048897276378204,0.010000000298023226,0.0056250004470348447,1,3000,41000,44000,1,-0.035065699368715286,-0.035065699368715286,-0.035065699368715286,-0.078959251535728747,0.007897842675447464,1,0,0,0,1,1
before,44100000,43900000,44100,43894,43894,-0.09982586815082195,0.13000052147268201,0.010000000298023226,0.0056250004470348447,1,3100,41000,44000,1,-0.034241358705769519,-0.16424188017845154,-0.16424188017845154,-0.038802025607458379,0.061023842543363571,1,0,0,0,1,1
after,44100000,43900000,44100,43894,43894,-0.09982586815082195,0.13000052147268201,0.010000000298023226,0.0056250004470348447,1,3100,41000,44100,1,-0.16424188017845154,-0.16424188017845154,-0.16424188017845154,-0.038802025607458379,0.061023842543363571,1,0,0,0,1,1
before,44200000,44000000,44200,43994,43994,-0.041702537607452961,-0.26488244882429979,0.010000000298023226,0.0056250004470348447,1,3200,41000,44100,1,-0.16227701655234242,0.1026054322719574,0.1026054322719574,-0.0049362730198121959,0.036766264587640762,1,0,0,0,1,1
after,44200000,44000000,44200,43994,43994,-0.041702537607452961,-0.26488244882429979,0.010000000298023226,0.0056250004470348447,1,3200,41000,44200,1,0.1026054322719574,0.1026054322719574,0.1026054322719574,-0.0049362730198121959,0.036766264587640762,1,0,0,0,1,1
before,44300000,44100000,44300,44094,44094,0.11411332489075011,0.16627774840775617,0.010000000298023226,0.0056250004470348447,1,3300,41000,44200,1,0.10291635698262343,-0.063361391425132751,-0.063361391425132751,0.026295410106795494,-0.08781791478395462,1,0,0,0,1,1
after,44300000,44100000,44300,44094,44094,0.11411332489075011,0.16627774840775617,0.010000000298023226,0.0056250004470348447,1,3300,44300,44200,1,-0.063361391425132751,-0.063361391425132751,-0.063361391425132751,0.026295410106795494,-0.08781791478395462,1,0,0,0,1,1
before,44400000,44200000,44400,44194,44194,0.16952698768656199,-0.27309365636266203,0.010000000298023226,0.0056250004470348447,1,100,44300,44200,1,-0.065877065719732952,0.20721659064292908,0.20721659064292908,-0.037499940976691792,-0.20702692866325378,1,0,0,0,1,1
after,44400000,44200000,44400,44194,44194,0.16952698768656199,-0.27309365636266203,0.010000000298023226,0.0056250004470348447,1,100,44300,44400,1,0.20721659064292908,0.20721659064292908,0.20721659064292908,-0.037499940976691792,-0.20702692866325378,1,0,0,0,1,1
before,44500000,44300000,44500,44294,44294,0.061306276970910289,0.22758167264136037,0.010000000298023226,0.0056250004470348447,1,200,44300,44400,1,0.20406348657878598,-0.023518186062574387,-0.023518186062574387,-0.10210307533164098,-0.16340935230255127,1,0,0,0,1,1
after,44500000,44300000,44500,44294,44294,0.061306276970910289,0.22758167264136037,0.010000000298023226,0.0056250004470348447,1,200,44300,44500,1,-0.023518186062574387,-0.023518186062574387,-0.023518186062574387,-0.10210307533164098,-0.16340935230255127,1,0,0,0,1,1
before,44600000,44400000,44600,44394,44394,-0.23473098074093324,0.090985736050877758,0.010000000298023226,0.0056250004470348447,1,300,44300,44500,1,-0.024818019768919754,-0.11580375581979752,-0.11580375581979752,-0.13532040213242036,0.099410578608512878,1,0,0,0,1,1
after,44600000,44400000,44600,44394,44394,-0.23473098074093324,0.090985736050877758,0.010000000298023226,0.0056250004470348447,1,300,44300,44600,1,-0.11580375581979752,-0.11580375581979752,-0.11580375581979752,-0.13532040213242036,0.099410578608512878,1,0,0,0,1,1
before,44700000,44500000,44700,44494,44494,0.29827855026074762,-0.025896477081820427,0.010000000298023226,0.0056250004470348447,1,400,44300,44600,1,-0.11339336869959539,-0.087496891617774963,-0.087496891617774963,-0.028857936507974923,-0.32713648676872253,1,0,0,0,1,1
after,44700000,44500000,44700,44494,44494,0.29827855026074762,-0.025896477081820427,0.010000000298023226,0.0056250004470348447,1,400,44300,44700,1,-0.087496891617774963,-0.087496891617774963,-0.087496891617774963,-0.028857936507974923,-0.32713648676872253,1,0,0,0,1,1
before,44800000,44600000,44800,44594,44594,-0.16823541677239648,-0.1111360876965321,0.010000000298023226,0.0056250004470348447,1,500,44300,44700,1,-0.091034698780158851,0.020101388916373253,0.020101388916373253,-0.18762331387642137,-0.019387897104024887,1,0,0,0,1,1
after,44800000,44600000,44800,44594,44594,-0.16823541677239648,-0.1111360876965321,0.010000000298023226,0.0056250004470348447,1,500,44800,44700,1,0.020101388916373253,0.020101388916373253,0.020101388916373253,-0.18762331387642137,-0.019387897104024887,1,0,0,0,1,1
before,44900000,44700000,44900,44694,44694,-0.049356289261677788,0.12247473709461269,0.010000000298023226,0.0056250004470348447,1,100,44800,44700,1,0.021371632443638423,-0.10110310465097427,-0.10110310465097427,-0.10105651622424416,-0.051700226962566376,1,0,0,0,1,1
after,44900000,44700000,44900,44694,44694,-0.049356289261677788,0.12247473709461269,0.010000000298023226,0.0056250004470348447,1,100,44800,44900,1,-0.10110310465097427,-0.10110310465097427,-0.10110310465097427,-0.10105651622424416,-0.051700226962566376,1,0,0,0,1,1
before,45000000,44800000,45000,44794,44794,-0.022012156599153676,-0.12148253279435865,0.010000000298023226,0.0056250004470348447,1,200,44800,44900,1,-0.099831374685051363,0.021651158109307289,0.021651158109307289,-0.086291139178861775,-0.064278982579708099,1,0,0,0,1,1
after,45000000,44800000,45000,44794,44794,-0.022012156599153676,-0.12148253279435865,0.010000000298023226,0.0056250004470348447,1,200,44800,45000,1,0.021651158109307289,0.021651158109307289,0.021651158109307289,-0.086291139178861775,-0.064278982579708099,1,0,0,0,1,1
before,45100000,44900000,45100,44894,44894,0.079700457431232496,0.0047205865571143465,0.010000000298023226,0.0056250004470348447,1,300,44800,45000,1,0.022993038613522275,0.018272452056407928,0.018272452056407928,-0.072967899464214281,-0.15266835689544678,1,0,0,0,1,1
after,45100000,44900000,45100,44894,44894,0.079700457431232496,0.0047205865571143465,0.010000000298023226,0.0056250004470348447,1,300,44800,45100,1,0.018272452056407928,0.018272452056407928,0.018272452056407928,-0.072967899464214281,-0.15266835689544678,1,0,0,0,1,1
before,45200000,45000000,45200,44994,44994,-0.092594247768397878,-0.020256237553459688,0.010000000298023226,0.0056250004470348447,1,400,44800,45100,1,0.01788361979832025,0.038139857351779938,0.038139857351779938,-0.11114371054875428,-0.018549462780356407,1,0,0,0,1,1
after,45200000,45000000,45200,44994,44994,-0.092594247768397878,-0.020256237553459688,0.010000000298023226,0.0056250004470348447,1,400,44800,45200,1,0.038139857351779938,0.038139857351779938,0.038139857351779938,-0.11114371054875428,-0.018549462780356407,1,0,0,0,1,1
before,45300000,45100000,45300,45094,45094,-0.017336640274587145,-0.018034391788300297,0.010000000298023226,0.0056250004470348447,1,500,44800,45200,1,0.038012634279671886,0.056047026067972183,0.056047026067972183,-0.060842867708268633,-0.043506227433681488,1,0,0,0,1,1
after,45300000,45100000,45300,45094,45094,-0.017336640274587145,-0.018034391788300297,0.010000000298023226,0.0056250004470348447,1,500,44800,45300,1,0.056047026067972183,0.056047026067972183,0.056047026067972183,-0.060842867708268633,-0.043506227433681488,1,0,0,0,1,1
before,45400000,45200000,45400,45194,45194,0.056820264755661869,0.070195160903525886,0.010000000298023226,0.0056250004470348447,1,600,44800,45300,1,0.055510276094568309,-0.014684884808957577,-0.014684884808957577,-0.046591439546172238,-0.10341170430183411,1,0,0,0,1,1
after,45400000,45200000,45400,45194,45194,0.056820264755661869,0.070195160903525886,0.010000000298023226,0.0056250004470348447,1,600,44800,45400,1,-0.014684884808957577,-0.014684884808957577,-0.014684884808957577,-0.046591439546172238,-0.10341170430183411,1,0,0,0,1,1
before,45500000,45300000,45500,45294,45294,-0.026521719037976663,-0.081259155066123245,0.010000000298023226,0.0056250004470348447,1,700,44800,45400,1,-0.015131422669997459,0.066127732396125793,0.066127732396125793,-0.07662730196067373,-0.050105582922697067,1,0,0,0,1,1
after,45500000,45300000,45500,45294,45294,-0.026521719037976663,-0.081259155066123245,0.010000000298023226,0.0056250004470348447,1,700,44800,45500,1,0.066127732396125793,0.066127732396125793,0.066127732396125793,-0.07662730196067373,-0.050105582922697067,1,0,0,0,1,1
before,45600000,45400000,45600,45394,45394,-0.058379192785756227,-0.020486158870762244,0.010000000298023226,0.0056250004470348447,1,800,44800,45500,1,0.06664059535353814,0.087126754224300385,0.087126754224300385,-0.056621774980263349,0.001757417805492878,1,0,0,0,1,1
after,45600000,45400000,45600,45394,45394,-0.058379192785756227,-0.020486158870762244,0.010000000298023226,0.0056250004470348447,1,800,44800,45600,1,0.087126754224300385,0.087126754224300385,0.087126754224300385,-0.056621774980263349,0.001757417805492878,1,0,0,0,1,1
before,45700000,45500000,45700,45494,45494,0.022026835504963416,0.24484288903790072,0.010000000298023226,0.0056250004470348447,1,900,44800,45600,1,0.086798371997648033,-0.15804451704025269,-0.15804451704025269,-0.018600319948003274,-0.04062715545296669,1,0,0,0,1,1
after,45700000,45500000,45700,45494,45494,0.022026835504963416,0.24484288903790072,0.010000000298023226,0.0056250004470348447,1,900,44800,45700,1,-0.15804451704025269,-0.15804451704025269,-0.15804451704025269,-0.018600319948003274,-0.04062715545296669,1,0,0,0,1,1
before,45800000,45600000,45800,45594,45594,0.13979164029945748,-0.1003027482539541,0.010000000298023226,0.0056250004470348447,1,1000,44800,45700,1,-0.15838507922591036,-0.058082330971956253,-0.058082330971956253,-0.045489263874393539,-0.18528090417385101,1,0,0,0,1,1
after,45800000,45600000,45800,45594,45594,0.13979164029945748,-0.1003027482539541,0.010000000298023226,0.0056250004470348447,1,1000,44800,45800,1,-0.058082330971956253,-0.058082330971956253,-0.058082330971956253,-0.045489263874393539,-0.18528090417385101,1,0,0,0,1,1
before,45900000,45700000,45900,45694,45694,-0.10771561902724355,0.017428287773922593,0.010000000298023226,0.0056250004470348447,1,1100,44800,45800,1,-0.060820987910434096,-0.078249275684356689,-0.078249275684356689,-0.12167071667276472,-0.013955097645521164,1,0,0,0,1,1
after,45900000,45700000,45900,45694,45694,-0.10771561902724355,0.017428287773922593,0.010000000298023226,0.0056250004470348447,1,1100,44800,45900,1,-0.078249275684356689,-0.078249275684356689,-0.078249275684356689,-0.12167071667276472,-0.013955097645521164,1,0,0,0,1,1
before,46000000,45800000,46000,45794,45794,-0.1141204584205769,-0.20558297098445183,0.010000000298023226,0.0056250004470348447,1,1200,44800,45900,1,-0.078071231253616855,0.12751173973083496,0.12751173973083496,-0.075361457821192593,0.038759000599384308,1,0,0,0,1,1
after,46000000,45800000,46000,45794,45794,-0.1141204584205769,-0.20558297098445183,0.010000000298023226,0.0056250004470348447,1,1200,46000,45900,1,0.12751173973083496,0.12751173973083496,0.12751173973083496,-0.075361457821192593,0.038759000599384308,1,0,0,0,1,1
before,46100000,45900000,46100,45894,45894,0.14646514059399188,0.15285323859567862,0.010000000298023226,0.0056250004470348447,1,100,46000,45900,1,0.12802731358821612,-0.024825925007462502,-0.024825925007462502,-0.0052797019353049927,-0.15174484252929688,1,0,0,0,1,1
after,46100000,45900000,46100,45894,45894,0.14646514059399188,0.15285323859567862,0.010000000298023226,0.0056250004470348447,1,100,46100,45900,1,-0.024825925007462502,-0.024825925007462502,-0.024825925007462502,-0.0052797019353049927,-0.15174484252929688,1,0,0,0,1,1
before,46200000,46000000,46200,45994,45994,0.083364280495328305,-0.17137950658974879,0.010000000298023226,0.0056250004470348447,1,100,46100,45900,1,-0.026262775065281335,0.14511673152446747,0.14511673152446747,-0.081401360597925784,-0.16476564109325409,1,0,0,0,1,1
after,46200000,46000000,46200,45994,45994,0.083364280495328305,-0.17137950658974879,0.010000000298023226,0.0056250004470348447,1,100,46100,46200,1,0.14511673152446747,0.14511673152446747,0.14511673152446747,-0.081401360597925784,-0.16476564109325409,1,0,0,0,1,1
before,46300000,46100000,46300,46094,46094,-0.19963372834040433,0.1694980744383448,0.010000000298023226,0.0056250004470348447,1,200,46100,46200,1,0.14350057543433842,-0.025997499004006386,-0.025997499004006386,-0.10884832181050091,0.090785406529903412,1,0,0,0,1,1
after,46300000,46100000,46300,46094,46094,-0.19963372834040433,0.1694980744383448,0.010000000298023226,0.0056250004470348447,1,200,46100,46300,1,-0.025997499004006386,-0.025997499004006386,-0.025997499004006386,-0.10884832181050091,0.090785406529903412,1,0,0,0,1,1
before,46400000,46200000,46400,46194,46194,0.17716803670536843,0.0093566248390248123,0.010000000298023226,0.0056250004470348447,1,300,46100,46300,1,-0.02426121810345146,-0.033617842942476273,-0.033617842942476273,-0.011075799459106065,-0.18824383616447449,1,0,0,0,1,1
after,46400000,46200000,46400,46194,46194,0.17716803670536843,0.0093566248390248123,0.010000000298023226,0.0056250004470348447,1,300,46100,46400,1,-0.033617842942476273,-0.033617842942476273,-0.033617842942476273,-0.011075799459106065,-0.18824383616447449,1,0,0,0,1,1
before,46500000,46300000,46500,46294,46294,-0.12100856598382204,-0.1137605387392229,0.010000000298023226,0.0056250004470348447,1,400,46100,46400,1,-0.036549091679114715,0.077211447060108185,0.077211447060108185,-0.10356480289166181,0.017443763092160225,1,0,0,0,1,1
after,46500000,46300000,46500,46294,46294,-0.12100856598382204,-0.1137605387392229,0.010000000298023226,0.0056250004470348447,1,400,46500,46400,1,0.077211447060108185,0.077211447060108185,0.077211447060108185,-0.10356480289166181,0.017443763092160225,1,0,0,0,1,1
before,46600000,46400000,46600,46394,46394,0.082750905441975525,-0.013424763613341856,0.010000000298023226,0.0056250004470348447,1,100,46500,46400,1,0.077667167252899599,0.091091930866241455,0.091091930866241455,-0.035072687876486854,-0.11782359331846237,1,0,0,0,1,1
after,46600000,46400000,46600,46394,46394,0.082750905441975525,-0.013424763613341856,0.010000000298023226,0.0056250004470348447,1,100,46500,46600,1,0.091091930866241455,0.091091930866241455,0.091091930866241455,-0.035072687876486854,-0.11782359331846237,1,0,0,0,1,1
before,46700000,46500000,46700,46494,46494,0.043949529747907043,0.20499093226509699,0.010000000298023226,0.0056250004470348447,1,200,46500,46600,1,0.08972276143150934,-0.11526817083358765,-0.11526817083358765,-0.067622668821867585,-0.11157219856977463,1,0,0,0,1,1
after,46700000,46500000,46700,46494,46494,0.043949529747907043,0.20499093226509699,0.010000000298023226,0.0056250004470348447,1,200,46500,46700,1,-0.11526817083358765,-0.11526817083358765,-0.11526817083358765,-0.067622668821867585,-0.11157219856977463,1,0,0,0,1,1
before,46800000,46600000,46800,46594,46594,0.021713143319498834,0.01692848348159251,0.010000000298023226,0.0056250004470348447,1,300,46500,46700,1,-0.1161206171558434,-0.13304910063743591,-0.13304910063743591,-0.10126868066130942,-0.12298182398080826,1,0,0,0,1,1
after,46800000,46600000,46800,46594,46594,0.021713143319498834,0.01692848348159251,0.010000000298023226,0.0056250004470348447,1,300,46500,46800,1,-0.13304910063743591,-0.13304910063743591,-0.13304910063743591,-0.10126868066130942,-0.12298182398080826,1,0,0,0,1,1
before,46900000,46700000,46900,46694,46694,-0.20022458339581289,-0.22053479593840902,0.010000000298023226,0.0056250004470348447,1,400,46500,46800,1,-0.13380652856675451,0.08672826737165451,0.08672826737165451,-0.12551095838198462,0.074713625013828278,1,0,0,0,1,1
after,46900000,46700000,46900,46694,46694,-0.20022458339581289,-0.22053479593840902,0.010000000298023226,0.0056250004470348447,1,400,46900,46800,1,0.08672826737165451,0.08672826737165451,0.08672826737165451,-0.12551095838198462,0.074713625013828278,1,0,0,0,1,1
before,47000000,46800000,47000,46794,46794,-0.052914990575176707,0.19554763070716924,0.010000000298023226,0.0056250004470348447,1,100,46900,46800,1,0.088268449226761539,-0.10727918148040771,-0.10727918148040771,-0.016188195438248145,0.036726795136928558,1,0,0,0,1,1
after,47000000,46800000,47000,46794,46794,-0.052914990575176707,0.19554763070716924,0.010000000298023226,0.0056250004470348447,1,100,46900,47000,1,-0.10727918148040771,-0.10727918148040771,-0.10727918148040771,-0.016188195438248145,0.036726795136928558,1,0,0,0,1,1
before,47100000,46900000,47100,46894,46894,0.033631620260535434,-0.21237009505431548,0.010000000298023226,0.0056250004470348447,1,200,46900,47000,1,-0.1069337178270091,0.10543637722730637,0.10543637722730637,-0.00030976414436225552,-0.03394138440489769,1,0,0,0,1,1
after,47100000,46900000,47100,46894,46894,0.033631620260535434,-0.21237009505431548,0.010000000298023226,0.0056250004470348447,1,200,46900,47100,1,0.10543637722730637,0.10543637722730637,0.10543637722730637,-0.00030976414436225552,-0.03394138440489769,1,0,0,0,1,1
before,47200000,47000000,47200,46994,46994,0.041229210456517167,0.12046245260234308,0.010000000298023226,0.0056250004470348447,1,300,46900,47100,1,0.10450609175558519,-0.015956360846757889,-0.015956360846757889,-0.0066891837514372401,-0.047918394207954407,1,0,0,0,1,1
after,47200000,47000000,47200,46994,46994,0.041229210456517167,0.12046245260234308,0.010000000298023226,0.0056250004470348447,1,300,46900,47200,1,-0.015956360846757889,-0.015956360846757889,-0.015956360846757889,-0.0066891837514372401,-0.047918394207954407,1,0,0,0,1,1
before,47300000,47100000,47300,47094,47094,0.010516558336300001,0.093309465563049823,0.010000000298023226,0.0056250004470348447,1,400,46900,47200,1,-0.016642216825732678,-0.1099516823887825,-0.1099516823887825,-0.029014493776279345,-0.039531052112579346,1,0,0,0,1,1
after,47300000,47100000,47300,47094,47094,0.010516558336300001,0.093309465563049823,0.010000000298023226,0.0056250004470348447,1,400,46900,47300,1,-0.1099516823887825,-0.1099516823887825,-0.1099516823887825,-0.029014493776279345,-0.039531052112579346,1,0,0,0,1,1
before,47400000,47200000,47400,47194,47194,0.022404409578839532,-0.11831140672794667,0.010000000298023226,0.0056250004470348447,1,500,46900,47300,1,-0.11022387972108212,0.0080875270068645477,0.0080875270068645477,-0.045304447778662452,-0.067708857357501984,1,0,0,0,1,1
after,47400000,47200000,47400,47194,47194,0.022404409578839532,-0.11831140672794667,0.010000000298023226,0.0056250004470348447,1,500,46900,47400,1,0.0080875270068645477,0.0080875270068645477,0.0080875270068645477,-0.045304447778662452,-0.067708857357501984,1,0,0,0,1,1
before,47500000,47300000,47500,47294,47294,0.21448960184648042,0.00052645306790854909,0.010000000298023226,0.0056250004470348447,1,600,46900,47400,1,0.0076062825297811268,0.0070798294618725777,0.0070798294618725777,-0.055748171810364684,-0.27023777365684509,1,0,0,0,1,1
after,47500000,47300000,47500,47294,47294,0.21448960184648042,0.00052645306790854909,0.010000000298023226,0.0056250004470348447,1,600,46900,47500,1,0.0070798294618725777,0.0070798294618725777,0.0070798294618725777,-0.055748171810364684,-0.27023777365684509,1,0,0,0,1,1
before,47600000,47400000,47600,47394,47394,-0.15737844836128942,0.077683164838975693,0.010000000298023226,0.0056250004470348447,1,700,46900,47500,1,0.0037456519047677824,-0.073937512934207916,-0.073937512934207916,-0.16295132897956363,-0.0055728806182742119,1,0,0,0,1,1
after,47600000,47400000,47600,47394,47394,-0.15737844836128942,0.077683164838975693,0.010000000298023226,0.0056250004470348447,1,700,46900,47600,1,-0.073937512934207916,-0.073937512934207916,-0.073937512934207916,-0.16295132897956363,-0.0055728806182742119,1,0,0,0,1,1
before,47700000,47500000,47700,47494,47494,-0.13488811019288133,0.034636916028570594,0.010000000298023226,0.0056250004470348447,1,800,46900,47600,1,-0.072547091735292016,-0.10718400776386261,-0.10718400776386261,-0.09122976798044273,0.043658342212438583,1,0,0,0,1,1
after,47700000,47500000,47700,47494,47494,-0.13488811019288133,0.034636916028570594,0.010000000298023226,0.0056250004470348447,1,800,46900,47700,1,-0.10718400776386261,-0.10718400776386261,-0.10718400776386261,-0.09122976798044273,0.043658342212438583,1,0,0,0,1,1
before,47800000,47600000,47800,47594,47594,-0.15156294862230507,-0.041051983421930227,0.010000000298023226,0.0056250004470348447,1,900,46900,47700,1,-0.10600615996707335,-0.064954176545143127,-0.064954176545143127,-0.034113158382970958,0.11744979023933411,1,0,0,0,1,1
after,47800000,47600000,47800,47594,47594,-0.15156294862230507,-0.041051983421930227,0.010000000298023226,0.0056250004470348447,1,900,46900,47800,1,-0.064954176545143127,-0.064954176545143127,-0.064954176545143127,-0.034113158382970958,0.11744979023933411,1,0,0,0,1,1
before,47900000,47700000,47900,47694,47694,-0.090538979569924294,-0.021055660422144074,0.010000000298023226,0.0056250004470348447,1,1000,46900,47800,1,-0.062808758790788788,-0.041753098368644714,-0.041753098368644714,0.035641609629141861,0.12618058919906616,1,0,0,0,1,1
after,47900000,47700000,47900,47694,47694,-0.090538979569924294,-0.021055660422144074,0.010000000298023226,0.0056250004470348447,1,1000,46900,47900,1,-0.041753098368644714,-0.041753098368644714,-0.041753098368644714,0.035641609629141861,0.12618058919906616,1,0,0,0,1,1
before,48000000,47800000,48000,47794,47794,0.053383933644876813,-0.046710190314124038,0.010000000298023226,0.0056250004470348447,1,1100,46900,47900,1,-0.041454249012539794,0.0052559413015842438,0.0052559413015842438,0.076983012523637151,0.023599078878760338,1,0,0,0,1,1
after,48000000,47800000,48000,47794,47794,0.053383933644876813,-0.046710190314124038,0.010000000298023226,0.0056250004470348447,1,1100,46900,48000,1,0.0052559413015842438,0.0052559413015842438,0.0052559413015842438,0.076983012523637151,0.023599078878760338,1,0,0,0,1,1
before,48100000,47900000,48100,47894,47894,0.08921426821820802,0.0045353093896681879,0.010000000298023226,0.0056250004470348447,1,1200,46900,48000,1,0.0046845187184788722,0.00014920932881068438,0.00014920932881068438,0.050672940056253148,-0.03854132816195488,1,0,0,0,1,1
after,48100000,47900000,48100,47894,47894,0.08921426821820802,0.0045353093896681879,0.010000000298023226,0.0056250004470348447,1,1200,46900,48100,1,0.00014920932881068438,0.00014920932881068438,0.00014920932881068438,0.050672940056253148,-0.03854132816195488,1,0,0,0,1,1
before,48200000,48000000,48200,47994,47994,0.14975528672674848,0.009294997943749217,0.010000000298023226,0.0056250004470348447,1,1300,46900,48100,1,-0.0017921011464693275,-0.011087099090218544,-0.011087099090218544,0.005751463327204726,-0.14400382339954376,1,0,0,0,1,1
after,48200000,48000000,48200,47994,47994,0.14975528672674848,0.009294997943749217,0.010000000298023226,0.0056250004470348447,1,1300,46900,48200,1,-0.011087099090218544,-0.011087099090218544,-0.011087099090218544,0.005751463327204726,-0.14400382339954376,1,0,0,0,1,1
before,48300000,48100000,48300,48094,48094,0.1943512390140032,0.066649974432818518,0.010000000298023226,0.0056250004470348447,1,1400,46900,48200,1,-0.014133131953843012,-0.08078310638666153,-0.08078310638666153,-0.070750312995579337,-0.26510155200958252,1,0,0,0,1,1
after,48300000,48100000,48300,48094,48094,0.1943512390140032,0.066649974432818518,0.010000000298023226,0.0056250004470348447,1,1400,46900,48300,1,-0.08078310638666153,-0.08078310638666153,-0.08078310638666153,-0.070750312995579337,-0.26510155200958252,1,0,0,0,1,1
before,48400000,48200000,48400,48194,48194,-0.18869298454410532,-0.10950953538252839,0.010000000298023226,0.0056250004470348447,1,1500,46900,48300,1,-0.083743803451795662,0.025765731930732727,0.025765731930732727,-0.17661630399561623,0.012076680548489094,1,0,0,0,1,1
after,48400000,48200000,48400,48194,48194,-0.18869298454410532,-0.10950953538252839,0.010000000298023226,0.0056250004470348447,1,1500,48400,48300,1,0.025765731930732727,0.025765731930732727,0.025765731930732727,-0.17661630399561623,0.012076680548489094,1,0,0,0,1,1
before,48500000,48300000,48500,48294,48294,-0.04160511574840238,0.054674022814438408,0.010000000298023226,0.0056250004470348447,1,100,48400,48300,1,0.027993948182270589,-0.026680074632167816,-0.026680074632167816,-0.079136860437151693,-0.037531744688749313,1,0,0,0,1,1
after,48500000,48300000,48500,48294,48294,-0.04160511574840238,0.054674022814438408,0.010000000298023226,0.0056250004470348447,1,100,48400,48500,1,-0.026680074632167816,-0.026680074632167816,-0.026680074632167816,-0.079136860437151693,-0.037531744688749313,1,0,0,0,1,1
before,48600000,48400000,48600,48394,48394,0.031731499837748554,-0.062517103034686522,0.010000000298023226,0.0056250004470348447,1,200,48400,48500,1,-0.025885053205918749,0.036632049828767776,0.036632049828767776,-0.060847976697571728,-0.092579476535320282,1,0,0,0,1,1
after,48600000,48400000,48600,48394,48394,0.031731499837748554,-0.062517103034686522,0.010000000298023226,0.0056250004470348447,1,200,48400,48600,1,0.036632049828767776,0.036632049828767776,0.036632049828767776,-0.060847976697571728,-0.092579476535320282,1,0,0,0,1,1
before,48700000,48500000,48700,48494,48494,-0.10527930357036336,-0.018863736941628656,0.010000000298023226,0.0056250004470348447,1,300,48400,48600,1,0.036142975733465948,0.055006712675094604,0.055006712675094604,-0.073138862331483201,0.032140441238880157,1,0,0,0,1,1
after,48700000,48500000,48700,48494,48494,-0.10527930357036336,-0.018863736941628656,0.010000000298023226,0.0056250004470348447,1,300,48400,48700,1,0.055006712675094604,0.055006712675094604,0.055006712675094604,-0.073138862331483201,0.032140441238880157,1,0,0,0,1,1
before,48800000,48600000,48800,48594,48594,0.18428139934922788,0.076198799034509893,0.010000000298023226,0.0056250004470348447,1,400,48400,48700,1,0.056617838760767217,-0.019580960273742676,-0.019580960273742676,-0.014644483228668225,-0.19892588257789612,1,0,0,0,1,1
after,48800000,48600000,48800,48594,48594,0.18428139934922788,0.076198799034509893,0.010000000298023226,0.0056250004470348447,1,400,48800,48700,1,-0.019580960273742676,-0.019580960273742676,-0.019580960273742676,-0.014644483228668225,-0.19892588257789612,1,0,0,0,1,1
before,48900000,48700000,48900,48694,48694,0.032106989025186328,-0.097012175859526956,0.010000000298023226,0.0056250004470348447,1,100,48800,48700,1,-0.022305330874041872,0.074706844985485077,0.074706844985485077,-0.10931713044731733,-0.14142411947250366,1,0,0,0,1,1
after,48900000,48700000,48900,48694,48694,0.032106989025186328,-0.097012175859526956,0.010000000298023226,0.0056250004470348447,1,100,48800,48900,1,0.074706844985485077,0.074706844985485077,0.074706844985485077,-0.10931713044731733,-0.14142411947250366,1,0,0,0,1,1
before,49000000,48800000,49000,48794,48794,-0.1112150350864527,-0.047774734043227685,0.010000000298023226,0.0056250004470348447,1,200,48800,48900,1,0.0727273504504094,0.12050208449363708,0.12050208449363708,-0.11808071483853433,-0.0068656797520816326,1,0,0,0,1,1
after,49000000,48800000,49000,48794,48794,-0.1112150350864527,-0.047774734043227685,0.010000000298023226,0.0056250004470348447,1,200,48800,49000,1,0.12050208449363708,0.12050208449363708,0.12050208449363708,-0.11808071483853433,-0.0068656797520816326,1,0,0,0,1,1
before,49100000,48900000,49100,48894,48894,0.13014293292891954,0.094605681578818157,0.010000000298023226,0.0056250004470348447,1,300,48800,49000,1,0.12143768658787329,0.026832005009055138,0.026832005009055138,-0.050100752912640822,-0.18024368584156036,1,0,0,0,1,1
after,49100000,48900000,49100,48894,48894,0.13014293292891954,0.094605681578818157,0.010000000298023226,0.0056250004470348447,1,300,49100,49000,1,0.026832005009055138,0.026832005009055138,0.026832005009055138,-0.050100752912640822,-0.18024368584156036,1,0,0,0,1,1
before,49200000,49000000,49200,48994,48994,-0.075800006828627739,-0.00092832741343703076,0.010000000298023226,0.0056250004470348447,1,100,49100,49000,1,0.024797195596459248,0.025725523009896278,0.025725523009896278,-0.1128808982590057,-0.03708089143037796,1,0,0,0,1,1
after,49200000,49000000,49200,48994,48994,-0.075800006828627739,-0.00092832741343703076,0.010000000298023226,0.0056250004470348447,1,100,49100,49200,1,0.025725523009896278,0.025725523009896278,0.025725523009896278,-0.1128808982590057,-0.03708089143037796,1,0,0,0,1,1
before,49300000,49100000,49300,49094,49094,-0.088527368803122439,-0.050189204786974695,0.010000000298023226,0.0056250004470348447,1,200,49100,49200,1,0.026221498574059702,0.076410703361034393,0.076410703361034393,-0.07220847760567943,0.016318891197443008,1,0,0,0,1,1
after,49300000,49100000,49300,49094,49094,-0.088527368803122439,-0.050189204786974695,0.010000000298023226,0.0056250004470348447,1,200,49100,49300,1,0.076410703361034393,0.076410703361034393,0.076410703361034393,-0.07220847760567943,0.016318891197443008,1,0,0,0,1,1
before,49400000,49200000,49400,49194,49194,0.079130625242338659,0.17194815515460116,0.010000000298023226,0.0056250004470348447,1,300,49100,49300,1,0.077841287245169685,-0.094106867909431458,-0.094106867909431458,-0.019976453965558531,-0.099107079207897186,1,0,0,0,1,1
after,49400000,49200000,49400,49194,49194,0.079130625242338659,0.17194815515460116,0.010000000298023226,0.0056250004470348447,1,300,49100,49400,1,-0.094106867909431458,-0.094106867909431458,-0.094106867909431458,-0.019976453965558531,-0.099107079207897186,1,0,0,0,1,1
before,49500000,49300000,49500,49294,49294,0.063250638165638765,0.003123119765594165,0.010000000298023226,0.0056250004470348447,1,400,49100,49400,1,-0.095638960307762463,-0.098762080073356628,-0.098762080073356628,-0.069204248866870086,-0.13245488703250885,1,0,0,0,1,1
after,49500000,49300000,49500,49294,49294,0.063250638165638765,0.003123119765594165,0.010000000298023226,0.0056250004470348447,1,400,49100,49500,1,-0.098762080073356628,-0.098762080073356628,-0.098762080073356628,-0.069204248866870086,-0.13245488703250885,1,0,0,0,1,1
before,49600000,49400000,49600,49394,49394,-0.0098230988823973797,0.0095246598928217796,0.010000000298023226,0.0056250004470348447,1,500,49100,49500,1,-0.099749101618027219,-0.109273761510849,-0.109273761510849,-0.11093002568121788,-0.1011069267988205,1,0,0,0,1,1
after,49600000,49400000,49600,49394,49394,-0.0098230988823973797,0.0095246598928217796,0.010000000298023226,0.0056250004470348447,1,500,49100,49600,1,-0.109273761510849,-0.109273761510849,-0.109273761510849,-0.11093002568121788,-0.1011069267988205,1,0,0,0,1,1
before,49700000,49500000,49700,49494,49494,-0.14263219447416017,-0.043791053144647957,0.010000000298023226,0.0056250004470348447,1,600,49100,49600,1,-0.10938065990658033,-0.065589606761932373,-0.065589606761932373,-0.11694260747712801,0.025689586997032166,1,0,0,0,1,1
after,49700000,49500000,49700,49494,49494,-0.14263219447416017,-0.043791053144647957,0.010000000298023226,0.0056250004470348447,1,600,49100,49700,1,-0.065589606761932373,-0.065589606761932373,-0.065589606761932373,-0.11694260747712801,0.025689586997032166,1,0,0,0,1,1
before,49800000,49600000,49800,49594,49594,-0.12759289065641638,-0.011853278520694011,0.010000000298023226,0.0056250004470348447,1,700,49100,49700,1,-0.064008396956315272,-0.052155118435621262,-0.052155118435621262,-0.05176915893596884,0.07582373172044754,1,0,0,0,1,1
after,49800000,49600000,49800,49594,49594,-0.12759289065641638,-0.011853278520694011,0.010000000298023226,0.0056250004470348447,1,700,49100,49800,1,-0.052155118435621262,-0.052155118435621262,-0.052155118435621262,-0.05176915893596884,0.07582373172044754,1,0,0,0,1,1
before,49900000,49700000,49900,49694,49694,0.1676570763030826,-0.035090499022226641,0.010000000298023226,0.0056250004470348447,1,800,49100,49800,1,-0.050250899442653964,-0.015160400420427322,-0.015160400420427322,0.0072441985050021628,-0.16041287779808044,1,0,0,0,1,1
after,49900000,49700000,49900,49694,49694,0.1676570763030826,-0.035090499022226641,0.010000000298023226,0.0056250004470348447,1,800,49100,49900,1,-0.015160400420427322,-0.015160400420427322,-0.015160400420427322,0.0072441985050021628,-0.16041287779808044,1,0,0,0,1,1
before,50000000,49800000,50000,49794,49794,-0.10434524133372873,0.072093714129863373,0.010000000298023226,0.0056250004470348447,1,900,49100,49900,1,-0.018267806518139251,-0.090361520648002625,-0.090361520648002625,-0.078631661604529321,0.025713579729199409,1,0,0,0,1,1
after,50000000,49800000,50000,49794,49794,-0.10434524133372873,0.072093714129863373,0.010000000298023226,0.0056250004470348447,1,900,49100,50000,1,-0.090361520648002625,-0.090361520648002625,-0.090361520648002625,-0.078631661604529321,0.025713579729199409,1,0,0,0,1,1
before,50100000,49900000,50100,49894,49894,0.014891506562350651,-0.026164920893963009,0.010000000298023226,0.0056250004470348447,1,1000,49100,50000,1,-0.088645523307378918,-0.062480602413415909,-0.062480602413415909,-0.035160719027401546,-0.050052225589752197,1,0,0,0,1,1
after,50100000,49900000,50100,49894,49894,0.014891506562350651,-0.026164920893963009,0.010000000298023226,0.0056250004470348447,1,1000,49100,50100,1,-0.062480602413415909,-0.062480602413415909,-0.062480602413415909,-0.035160719027401546,-0.050052225589752197,1,0,0,0,1,1
before,50200000,50000000,50200,49994,49994,0.077002493323551052,0.030110016444649793,0.010000000298023226,0.0056250004470348447,1,1100,49100,50100,1,-0.064010120948824786,-0.094120137393474579,-0.094120137393474579,-0.048992188988460673,-0.12599468231201172,1,0,0,0,1,1
after,50200000,50000000,50200,49994,49994,0.077002493323551052,0.030110016444649793,0.010000000298023226,0.0056250004470348447,1,1100,49100,50200,1,-0.094120137393474579,-0.094120137393474579,-0.094120137393474579,-0.048992188988460673,-0.12599468231201172,1,0,0,0,1,1
before,50300000,50100000,50300,50094,50094,-0.20578252278032644,-0.044058513623607562,0.010000000298023226,0.0056250004470348447,1,1200,49100,50200,1,-0.096501369756591723,-0.052442856132984161,-0.052442856132984161,-0.097213027400401664,0.10856949537992477,1,0,0,0,1,1
after,50300000,50100000,50300,50094,50094,-0.20578252278032644,-0.044058513623607562,0.010000000298023226,0.0056250004470348447,1,1200,49100,50300,1,-0.052442856132984161,-0.052442856132984161,-0.052442856132984161,-0.097213027400401664,0.10856949537992477,1,0,0,0,1,1
before,50400000,50200000,50400,50194,50194,-0.0069196273587841034,0.091376329678678231,0.010000000298023226,0.0056250004470348447,1,1300,49100,50300,1,-0.050043483358240409,-0.14141981303691864,-0.14141981303691864,0.0010207721017104149,0.0079403994604945183,1,0,0,0,1,1
after,50400000,50200000,50400,50194,50194,-0.0069196273587841034,0.091376329678678231,0.010000000298023226,0.0056250004470348447,1,1300,49100,50400,1,-0.14141981303691864,-0.14141981303691864,-0.14141981303691864,0.0010207721017104149,0.0079403994604945183,1,0,0,0,1,1
before,50500000,50300000,50500,50294,50294,-0.030731722971919805,-0.20507068501166845,0.010000000298023226,0.0056250004470348447,1,1400,49100,50400,1,-0.14080557541303182,0.064265109598636627,0.064265109598636627,-0.0096149000139272526,0.021116822957992554,1,0,0,0,1,1
after,50500000,50300000,50500,50294,50294,-0.030731722971919805,-0.20507068501166845,0.010000000298023226,0.0056250004470348447,1,1400,49100,50500,1,0.064265109598636627,0.064265109598636627,0.064265109598636627,-0.0096149000139272526,0.021116822957992554,1,0,0,0,1,1
before,50600000,50400000,50600,50394,50394,0.13993537715459872,0.033531012118412917,0.010000000298023226,0.0056250004470348447,1,1500,49100,50500,1,0.064477419585539764,0.030946407467126846,0.030946407467126846,0.012253391657124045,-0.12768198549747467,1,0,0,0,1,1
after,50600000,50400000,50600,50394,50394,0.13993537715459872,0.033531012118412917,0.010000000298023226,0.0056250004470348447,1,1500,49100,50600,1,0.030946407467126846,0.030946407467126846,0.030946407467126846,0.012253391657124045,-0.12768198549747467,1,0,0,0,1,1
before,50700000,50500000,50700,50494,50494,0.059237006737252289,0.10878672508938729,0.010000000298023226,0.0056250004470348447,1,1600,49100,50600,1,0.029093020245866172,-0.079693704843521118,-0.079693704843521118,-0.055030059383849091,-0.11426706612110138,1,0,0,0,1,1
after,50700000,50500000,50700,50494,50494,0.059237006737252289,0.10878672508938729,0.010000000298023226,0.0056250004470348447,1,1600,49100,50700,1,-0.079693704843521118,-0.079693704843521118,-0.079693704843521118,-0.055030059383849091,-0.11426706612110138,1,0,0,0,1,1
before,50800000,50600000,50800,50594,50594,-0.023669645265204584,-0.0081820809728050947,0.010000000298023226,0.0056250004470348447,1,1700,49100,50700,1,-0.081244485963001323,-0.073062404990196228,-0.073062404990196228,-0.092853732482058679,-0.069184087216854095,1,0,0,0,1,1
after,50800000,50600000,50800,50594,50594,-0.023669645265204584,-0.0081820809728050947,0.010000000298023226,0.0056250004470348447,1,1700,49100,50800,1,-0.073062404990196228,-0.073062404990196228,-0.073062404990196228,-0.092853732482058679,-0.069184087216854095,1,0,0,0,1,1
before,50900000,50700000,50900,50694,50694,0.025748119361624772,0.027858606434589511,0.010000000298023226,0.0056250004470348447,1,1800,49100,50800,1,-0.072868392907852048,-0.10072699934244156,-0.10072699934244156,-0.088234274976029342,-0.11398239433765411,1,0,0,0,1,1
after,50900000,50700000,50900,50694,50694,0.025748119361624772,0.027858606434589511,0.010000000298023226,0.0056250004470348447,1,1800,49100,50900,1,-0.10072699934244156,-0.10072699934244156,-0.10072699934244156,-0.088234274976029342,-0.11398239433765411,1,0,0,0,1,1
before,51000000,50800000,51000,50794,50794,-0.10119638541490131,-0.066159671732036934,0.010000000298023226,0.0056250004470348447,1,1900,49100,50900,1,-0.10155552122816311,-0.035395849496126175,-0.035395849496126175,-0.1113077788218885,-0.01011139340698719,1,0,0,0,1,1
after,51000000,50800000,51000,50794,50794,-0.10119638541490131,-0.066159671732036934,0.010000000298023226,0.0056250004470348447,1,1900,49100,51000,1,-0.035395849496126175,-0.035395849496126175,-0.035395849496126175,-0.1113077788218885,-0.01011139340698719,1,0,0,0,1,1
before,51100000,50900000,51100,50894,50894,-0.05498796599096295,0.035881326911567382,0.010000000298023226,0.0056250004470348447,1,2000,49100,51000,1,-0.034705846192718812,-0.070587173104286194,-0.070587173104286194,-0.06397495875245568,-0.0089869927614927292,1,0,0,0,1,1
after,51100000,50900000,51100,50894,50894,-0.05498796599096295,0.035881326911567382,0.010000000298023226,0.0056250004470348447,1,2000,49100,51100,1,-0.070587173104286194,-0.070587173104286194,-0.070587173104286194,-0.06397495875245568,-0.0089869927614927292,1,0,0,0,1,1
before,51200000,51000000,51200,50994,50994,-0.06857597953834943,-0.010810920661063608,0.010000000298023226,0.0056250004470348447,1,2100,49100,51100,1,-0.069078391110272822,-0.058267470449209213,-0.058267470449209213,-0.043322247780947017,0.02525373175740242,1,0,0,0,1,1
after,51200000,51000000,51200,50994,50994,-0.06857597953834943,-0.010810920661063608,0.010000000298023226,0.0056250004470348447,1,2100,49100,51200,1,-0.058267470449209213,-0.058267470449209213,-0.058267470449209213,-0.043322247780947017,0.02525373175740242,1,0,0,0,1,1
before,51300000,51100000,51300,51094,51094,0.15764104533002149,0.027145307696252619,0.010000000298023226,0.0056250004470348447,1,2200,49100,51200,1,-0.058568488621324744,-0.085713796317577362,-0.085713796317577362,-0.014741532923724543,-0.17238257825374603,1,0,0,0,1,1
after,51300000,51100000,51300,51094,51094,0.15764104533002149,0.027145307696252619,0.010000000298023226,0.0056250004470348447,1,2200,49100,51300,1,-0.085713796317577362,-0.085713796317577362,-0.085713796317577362,-0.014741532923724543,-0.17238257825374603,1,0,0,0,1,1
before,51400000,51200000,51400,51194,51194,-0.019908129219436146,-0.1876760737623126,0.010000000298023226,0.0056250004470348447,1,2300,49100,51300,1,-0.08812038764609402,0.099555686116218567,0.099555686116218567,-0.10261254662694881,-0.082704417407512665,1,0,0,0,1,1
after,51400000,51200000,51400,51194,51194,-0.019908129219436146,-0.1876760737623126,0.010000000298023226,0.0056250004470348447,1,2300,49100,51400,1,0.099555686116218567,0.099555686116218567,0.099555686116218567,-0.10261254662694881,-0.082704417407512665,1,0,0,0,1,1
before,51500000,51300000,51500,51294,51294,0.066454047679223707,0.072170723243427062,0.010000000298023226,0.0056250004470348447,1,2400,49100,51400,1,0.099261058508229041,0.027090335264801979,0.027090335264801979,-0.082694282413206407,-0.14914833009243011,1,0,0,0,1,1
after,51500000,51300000,51500,51294,51294,0.066454047679223707,0.072170723243427062,0.010000000298023226,0.0056250004470348447,1,2400,49100,51500,1,0.027090335264801979,0.027090335264801979,0.027090335264801979,-0.082694282413206407,-0.14914833009243011,1,0,0,0,1,1
before,51600000,51400000,51600,51394,51394,-0.034799208615050009,0.12498589480362618,0.010000000298023226,0.0056250004470348447,1,2500,49100,51500,1,0.02549424642763818,-0.099491648375988007,-0.099491648375988007,-0.11346448001645534,-0.078665271401405334,1,0,0,0,1,1
after,51600000,51400000,51600,51394,51394,-0.034799208615050009,0.12498589480362618,0.010000000298023226,0.0056250004470348447,1,2500,49100,51600,1,-0.099491648375988007,-0.099491648375988007,-0.099491648375988007,-0.11346448001645534,-0.078665271401405334,1,0,0,0,1,1
before,51700000,51500000,51700,51494,51494,-0.077478651302890292,-0.017852206167545556,0.010000000298023226,0.0056250004470348447,1,2600,49100,51600,1,-0.098658759531345605,-0.080806553363800049,-0.080806553363800049,-0.10589808818979692,-0.028419436886906624,1,0,0,0,1,1
after,51700000,51500000,51700,51494,51494,-0.077478651302890292,-0.017852206167545556,0.010000000298023226,0.0056250004470348447,1,2600,49100,51700,1,-0.080806553363800049,-0.080806553363800049,-0.080806553363800049,-0.10589808818979692,-0.028419436886906624,1,0,0,0,1,1
before,51800000,51600000,51800,51594,51594,0.02695297942227827,-0.16768509071557139,0.010000000298023226,0.0056250004470348447,1,2700,49100,51700,1,-0.078922367806120858,0.088762722909450531,0.088762722909450531,-0.074932108365826741,-0.10188508778810501,1,0,0,0,1,1
after,51800000,51600000,51800,51594,51594,0.02695297942227827,-0.16768509071557139,0.010000000298023226,0.0056250004470348447,1,2700,49100,51800,1,0.088762722909450531,0.088762722909450531,0.088762722909450531,-0.074932108365826741,-0.10188508778810501,1,0,0,0,1,1
before,51900000,51700000,51900,51694,51694,-0.16032687663987905,0.069180980047094234,0.010000000298023226,0.0056250004470348447,1,2800,49100,51800,1,0.089109621664392361,0.019928641617298126,0.019928641617298126,-0.079557866751706882,0.08076900988817215,1,0,0,0,1,1
after,51900000,51700000,51900,51694,51694,-0.16032687663987905,0.069180980047094234,0.010000000298023226,0.0056250004470348447,1,2800,49100,51900,1,0.019928641617298126,0.019928641617298126,0.019928641617298126,-0.079557866751706882,0.08076900988817215,1,0,0,0,1,1
before,52000000,51800000,52000,51794,51794,0.13638372439468319,-0.13032733280197231,0.010000000298023226,0.0056250004470348447,1,2900,49100,51900,1,0.021518211774672589,0.1518455445766449,0.1518455445766449,0.003084463063124957,-0.13329926133155823,1,0,0,0,1,1
after,52000000,51800000,52000,51794,51794,0.13638372439468319,-0.13032733280197231,0.010000000298023226,0.0056250004470348447,1,2900,49100,52000,1,0.1518455445766449,0.1518455445766449,0.1518455445766449,0.003084463063124957,-0.13329926133155823,1,0,0,0,1,1
before,52100000,51900000,52100,51894,51894,-0.012658255926627983,0.16174115163492839,0.010000000298023226,0.0056250004470348447,1,3000,49100,52000,1,0.15029072870719115,-0.011450422927737236,-0.011450422927737236,-0.050290099165696968,-0.037631843239068985,1,0,0,0,1,1
after,52100000,51900000,52100,51894,51894,-0.012658255926627983,0.16174115163492839,0.010000000298023226,0.0056250004470348447,1,3000,49100,52100,1,-0.011450422927737236,-0.011450422927737236,-0.011450422927737236,-0.050290099165696968,-0.037631843239068985,1,0,0,0,1,1
before,52200000,52000000,52200,51994,51994,-0.083916784815107504,0.10011257963865484,0.010000000298023226,0.0056250004470348447,1,3100,49100,52100,1,-0.01236125094205652,-0.11247383058071136,-0.11247383058071136,-0.045143408320461424,0.038773376494646072,1,0,0,0,1,1
after,52200000,52000000,52200,51994,51994,-0.083916784815107504,0.10011257963865484,0.010000000298023226,0.0056250004470348447,1,3100,49100,52200,1,-0.11247383058071136,-0.11247383058071136,-0.11247383058071136,-0.045143408320461424,0.038773376494646072,1,0,0,0,1,1
before,52300000,52100000,52300,52094,52094,-0.034994461436161139,-0.060127638566729383,0.010000000298023226,0.0056250004470348447,1,3200,49100,52200,1,-0.11140554054403003,-0.051277901977300644,-0.051277901977300644,-0.014169798095115756,0.02082466334104538,1,0,0,0,1,1
after,52300000,52100000,52300,52094,52094,-0.034994461436161139,-0.060127638566729383,0.010000000298023226,0.0056250004470348447,1,3200,49100,52300,1,-0.051277901977300644,-0.051277901977300644,-0.051277901977300644,-0.014169798095115756,0.02082466334104538,1,0,0,0,1,1
before,52400000,52200000,52400,52194,52194,0.031374693903329344,-0.10299776158340629,0.010000000298023226,0.0056250004470348447,1,3300,49100,52300,1,-0.052075539147931893,0.050922222435474396,0.050922222435474396,-0.0017584701448655397,-0.033133164048194885,1,0,0,0,1,1
after,52400000,52200000,52400,52194,52194,0.031374693903329344,-0.10299776158340629,0.010000000298023226,0.0056250004470348447,1,3300,49100,52400,1,0.050922222435474396,0.050922222435474396,0.050922222435474396,-0.0017584701448655397,-0.033133164048194885,1,0,0,0,1,1
before,52500000,52300000,52500,52294,52294,0.081124860511091801,-0.042162520343495373,0.010000000298023226,0.0056250004470348447,1,3400,49100,52400,1,0.050336996560858722,0.092499516904354095,0.092499516904354095,-0.012438554599019434,-0.093563415110111237,1,0,0,0,1,1
after,52500000,52300000,52500,52294,52294,0.081124860511091801,-0.042162520343495373,0.010000000298023226,0.0056250004470348447,1,3400,49100,52500,1,0.092499516904354095,0.092499516904354095,0.092499516904354095,-0.012438554599019434,-0.093563415110111237,1,0,0,0,1,1
before,52600000,52400000,52600,52394,52394,-0.070636525494598396,0.20361052490695808,0.010000000298023226,0.0056250004470348447,1,3500,49100,52500,1,0.092109114303434839,-0.11150141060352325,-0.11150141060352325,-0.043940460053824425,0.026696065440773964,1,0,0,0,1,1
after,52600000,52400000,52600,52394,52394,-0.070636525494598396,0.20361052490695808,0.010000000298023226,0.0056250004470348447,1,3500,49100,52600,1,-0.11150141060352325,-0.11150141060352325,-0.11150141060352325,-0.043940460053824425,0.026696065440773964,1,0,0,0,1,1
before,52700000,52500000,52700,52494,52494,0.066830239082179804,-0.17225522946664934,0.010000000298023226,0.0056250004470348447,1,3600,49100,52600,1,-0.11127037953683977,0.06098484992980957,0.06098484992980957,-0.019609109675087201,-0.086439348757266998,1,0,0,0,1,1
after,52700000,52500000,52700,52494,52494,0.066830239082179804,-0.17225522946664934,0.010000000298023226,0.0056250004470348447,1,3600,49100,52700,1,0.06098484992980957,0.06098484992980957,0.06098484992980957,-0.019609109675087201,-0.086439348757266998,1,0,0,0,1,1
before,52800000,52600000,52800,52594,52594,0.018584094876138595,0.0063607436004965642,0.010000000298023226,0.0056250004470348447,1,3700,49100,52700,1,0.060744319516786847,0.054383575916290283,0.054383575916290283,-0.047078393465192887,-0.065662488341331482,1,0,0,0,1,1
after,52800000,52600000,52800,52594,52594,0.018584094876138595,0.0063607436004965642,0.010000000298023226,0.0056250004470348447,1,3700,49100,52800,1,0.054383575916290283,0.054383575916290283,0.054383575916290283,-0.047078393465192887,-0.065662488341331482,1,0,0,0,1,1
before,52900000,52700000,52900,52694,52694,-0.055021052831062837,0.022900589576599288,0.010000000298023226,0.0056250004470348447,1,3800,49100,52800,1,0.053642173132536101,0.030741583555936813,0.030741583555936813,-0.050994639401534363,0.0040264134295284748,1,0,0,0,1,1
after,52900000,52700000,52900,52694,52694,-0.055021052831062837,0.022900589576599288,0.010000000298023226,0.0056250004470348447,1,3800,49100,52900,1,0.030741583555936813,0.030741583555936813,0.030741583555936813,-0.050994639401534363,0.0040264134295284748,1,0,0,0,1,1
before,53000000,52800000,53000,52794,52794,-0.0286262910941565,0.10195215932983606,0.010000000298023226,0.0056250004470348447,1,3900,49100,52900,1,0.032348634227697549,-0.069603525102138519,-0.069603525102138519,-0.020151986753376719,0.0084743043407797813,1,0,0,0,1,1
after,53000000,52800000,53000,52794,52794,-0.0286262910941565,0.10195215932983606,0.010000000298023226,0.0056250004470348447,1,3900,49100,53000,1,-0.069603525102138519,-0.069603525102138519,-0.069603525102138519,-0.020151986753376719,0.0084743043407797813,1,0,0,0,1,1
before,53100000,52900000,53100,52894,52894,0.18780225894649977,0.042497874847696696,0.010000000298023226,0.0056250004470348447,1,4000,49100,53000,1,-0.070726631530477133,-0.11322450637817383,-0.11322450637817383,-0.012837227366366451,-0.20063948631286621,1,0,0,0,1,1
after,53100000,52900000,53100,52894,52894,0.18780225894649977,0.042497874847696696,0.010000000298023226,0.0056250004470348447,1,4000,49100,53100,1,-0.11322450637817383,-0.11322450637817383,-0.11322450637817383,-0.012837227366366451,-0.20063948631286621,1,0,0,0,1,1
before,53200000,53000000,53200,52994,52994,-0.27508416322518658,-0.010472067581332206,0.010000000298023226,0.0056250004470348447,1,4100,49100,53100,1,-0.11629752902857113,-0.10582546144723892,-0.10582546144723892,-0.1186715617542393,0.15641260147094727,1,0,0,0,1,1
after,53200000,53000000,53200,52994,52994,-0.27508416322518658,-0.010472067581332206,0.010000000298023226,0.0056250004470348447,1,4100,49100,53200,1,-0.10582546144723892,-0.10582546144723892,-0.10582546144723892,-0.1186715617542393,0.15641260147094727,1,0,0,0,1,1
before,53300000,53100000,53300,53094,53094,0.17011641832243909,-0.073664092204909493,0.010000000298023226,0.0056250004470348447,1,4200,49100,53200,1,-0.10275200077090757,-0.029087908565998077,-0.029087908565998077,0.009072431644315631,-0.16104398667812347,1,0,0,0,1,1
after,53300000,53100000,53300,53094,53094,0.17011641832243909,-0.073664092204909493,0.010000000298023226,0.0056250004470348447,1,4200,49100,53300,1,-0.029087908565998077,-0.029087908565998077,-0.029087908565998077,0.009072431644315631,-0.16104398667812347,1,0,0,0,1,1
before,53400000,53200000,53400,53194,53194,8.7352255456057959e-05,-0.084767873556913981,0.010000000298023226,0.0056250004470348447,1,4300,49100,53300,1,-0.031518343062700876,0.053249530494213104,0.053249530494213104,-0.079415282448656949,-0.079502634704113007,1,0,0,0,1,1
after,53400000,53200000,53400,53194,53194,8.7352255456057959e-05,-0.084767873556913981,0.010000000298023226,0.0056250004470348447,1,4300,49100,53400,1,0.053249530494213104,0.053249530494213104,0.053249530494213104,-0.079415282448656949,-0.079502634704113007,1,0,0,0,1,1
before,53500000,53300000,53500,53294,53294,0.12162730189509822,0.084444595942124334,0.010000000298023226,0.0056250004470348447,1,4400,49100,53400,1,0.052860642293318723,-0.031583953648805618,-0.031583953648805618,-0.074163033640904888,-0.19579033553600311,1,0,0,0,1,1
after,53500000,53300000,53500,53294,53294,0.12162730189509822,0.084444595942124334,0.010000000298023226,0.0056250004470348447,1,4400,53500,53400,1,-0.031583953648805618,-0.031583953648805618,-0.031583953648805618,-0.074163033640904888,-0.19579033553600311,1,0,0,0,1,1
before,53600000,53400000,53600,53394,53394,0.029522647396427848,-0.029054831331250253,0.010000000298023226,0.0056250004470348447,1,100,53500,53400,1,-0.034032942345020356,-0.0049781110137701035,-0.0049781110137701035,-0.13856331513752296,-0.16808596253395081,1,0,0,0,1,1
after,53600000,53400000,53600,53394,53394,0.029522647396427848,-0.029054831331250253,0.010000000298023226,0.0056250004470348447,1,100,53500,53600,1,-0.0049781110137701035,-0.0049781110137701035,-0.0049781110137701035,-0.13856331513752296,-0.16808596253395081,1,0,0,0,1,1
before,53700000,53500000,53700,53494,53494,-0.022619328832336916,-0.011467326006191284,0.010000000298023226,0.0056250004470348447,1,200,53500,53600,1,-0.0065314462802284062,0.0049358797259628773,0.0049358797259628773,-0.15404059681863452,-0.13142126798629761,1,0,0,0,1,1
after,53700000,53500000,53700,53494,53494,-0.022619328832336916,-0.011467326006191284,0.010000000298023226,0.0056250004470348447,1,200,53500,53700,1,0.0049358797259628773,0.0049358797259628773,0.0049358797259628773,-0.15404059681863452,-0.13142126798629761,1,0,0,0,1,1
before,53800000,53600000,53800,53594,53594,-0.10482239536399984,0.16784207884322244,0.010000000298023226,0.0056250004470348447,1,300,53500,53700,1,0.0045970863486393095,-0.16324499249458313,-0.16324499249458313,-0.14221639744396353,-0.037394002079963684,1,0,0,0,1,1
after,53800000,53600000,53800,53594,53594,-0.10482239536399984,0.16784207884322244,0.010000000298023226,0.0056250004470348447,1,300,53500,53800,1,-0.16324499249458313,-0.16324499249458313,-0.16324499249458313,-0.14221639744396353,-0.037394002079963684,1,0,0,0,1,1
before,53900000,53700000,53900,53694,53694,-0.22843210602597741,-0.16114616511868685,0.010000000298023226,0.0056250004470348447,1,400,53500,53800,1,-0.16279406206695735,-0.0016478969482704997,-0.0016478969482704997,-0.10588634217576533,0.1225457638502121,1,0,0,0,1,1
after,53900000,53700000,53900,53694,53694,-0.22843210602597741,-0.16114616511868685,0.010000000298023226,0.0056250004470348447,1,400,53900,53800,1,-0.0016478969482704997,-0.0016478969482704997,-0.0016478969482704997,-0.10588634217576533,0.1225457638502121,1,0,0,0,1,1
before,54000000,53800000,54000,53794,53794,0.011348237074167329,-0.0058523201565181173,0.010000000298023226,0.0056250004470348447,1,100,53900,53800,1,0.0017603319888080207,0.0076126521453261375,0.0076126521453261375,0.008918150584400493,-0.0024300864897668362,1,0,0,0,1,1
after,54000000,53800000,54000,53794,53794,0.011348237074167329,-0.0058523201565181173,0.010000000298023226,0.0056250004470348447,1,100,53900,54000,1,0.0076126521453261375,0.0076126521453261375,0.0076126521453261375,0.008918150584400493,-0.0024300864897668362,1,0,0,0,1,1
before,54100000,53900000,54100,53894,53894,0.15448134905262681,-0.095584349943580602,0.010000000298023226,0.0056250004470348447,1,200,53900,54000,1,0.0078254917131042739,0.10340984165668488,0.10340984165668488,0.0040125078575203093,-0.15046884119510651,1,0,0,0,1,1
after,54100000,53900000,54100,53894,53894,0.15448134905262681,-0.095584349943580602,0.010000000298023226,0.0056250004470348447,1,200,53900,54100,1,0.10340984165668488,0.10340984165668488,0.10340984165668488,0.0040125078575203093,-0.15046884119510651,1,0,0,0,1,1
before,54200000,54000000,54200,53994,53994,-0.024170261048912373,0.018021620808160818,0.010000000298023226,0.0056250004470348447,1,300,53900,54100,1,0.10122960805705837,0.083207987248897552,0.083207987248897552,-0.063346345150112476,-0.039176084101200104,1,0,0,0,1,1
after,54200000,54000000,54200,53994,53994,-0.024170261048912373,0.018021620808160818,0.010000000298023226,0.0056250004470348447,1,300,53900,54200,1,0.083207987248897552,0.083207987248897552,0.083207987248897552,-0.063346345150112476,-0.039176084101200104,1,0,0,0,1,1
before,54300000,54100000,54300,54094,54094,-2.3732807370148434e-05,-0.027431146625706268,0.010000000298023226,0.0056250004470348447,1,400,53900,54200,1,0.083089797373584198,0.11052094399929047,0.11052094399929047,-0.042876201595993958,-0.04285246878862381,1,0,0,0,1,1
after,54300000,54100000,54300,54094,54094,-2.3732807370148434e-05,-0.027431146625706268,0.010000000298023226,0.0056250004470348447,1,400,53900,54300,1,0.11052094399929047,0.11052094399929047,0.11052094399929047,-0.042876201595993958,-0.04285246878862381,1,0,0,0,1,1
before,54400000,54200000,54400,54194,54194,0.12370276130328116,0.10264494387156786,0.010000000298023226,0.0056250004470348447,1,500,53900,54300,1,0.10978881526462259,0.0071438713930547237,0.0071438713930547237,-0.031843695272112518,-0.15554645657539368,1,0,0,0,1,1
after,54400000,54200000,54400,54194,54194,0.12370276130328116,0.10264494387156786,0.010000000298023226,0.0056250004470348447,1,500,54400,54300,1,0.0071438713930547237,0.0071438713930547237,0.0071438713930547237,-0.031843695272112518,-0.15554645657539368,1,0,0,0,1,1
before,54500000,54300000,54500,54294,54294,-0.14297087802993613,0.080334365503229296,0.010000000298023226,0.0056250004470348447,1,100,54400,54300,1,0.0058546887201444261,-0.074479676783084869,-0.074479676783084869,-0.093331690276735602,0.049639187753200531,1,0,0,0,1,1
after,54500000,54300000,54500,54294,54294,-0.14297087802993613,0.080334365503229296,0.010000000298023226,0.0056250004470348447,1,100,54400,54500,1,-0.074479676783084869,-0.074479676783084869,-0.074479676783084869,-0.093331690276735602,0.049639187753200531,1,0,0,0,1,1
before,54600000,54400000,54600,54394,54394,-0.15280365970061155,-0.038294922960084452,0.010000000298023226,0.0056250004470348447,1,200,54400,54500,1,-0.074289624047559275,-0.035994701087474823,-0.035994701087474823,-0.028967589401463,0.12383607029914856,1,0,0,0,1,1
after,54600000,54400000,54600,54394,54394,-0.15280365970061155,-0.038294922960084452,0.010000000298023226,0.0056250004470348447,1,200,54400,54600,1,-0.035994701087474823,-0.035994701087474823,-0.035994701087474823,-0.028967589401463,0.12383607029914856,1,0,0,0,1,1
before,54700000,54500000,54700,54494,54494,0.18328458118363364,-0.033777533636868681,0.010000000298023226,0.0056250004470348447,1,300,54400,54600,1,-0.033170281283066358,0.00060725235380232334,0.00060725235380232334,0.044386789678773721,-0.13889779150485992,1,0,0,0,1,1
after,54700000,54500000,54700,54494,54494,0.18328458118363364,-0.033777533636868681,0.010000000298023226,0.0056250004470348447,1,300,54400,54700,1,0.00060725235380232334,0.00060725235380232334,0.00060725235380232334,0.044386789678773721,-0.13889779150485992,1,0,0,0,1,1
before,54800000,54600000,54800,54594,54594,0.12459396054699418,-0.066903647602776742,0.010000000298023226,0.0056250004470348447,1,400,54400,54700,1,-0.0021419940602581265,0.064761653542518616,0.064761653542518616,-0.047762123442149196,-0.17235608398914337,1,0,0,0,1,1
after,54800000,54600000,54800,54594,54594,0.12459396054699418,-0.066903647602776742,0.010000000298023226,0.0056250004470348447,1,400,54400,54800,1,0.064761653542518616,0.064761653542518616,0.064761653542518616,-0.047762123442149196,-0.17235608398914337,1,0,0,0,1,1
before,54900000,54700000,54900,54694,54694,-0.17168167325792144,0.017655368350680892,0.010000000298023226,0.0056250004470348447,1,500,54400,54800,1,0.063274833761390273,0.045619465410709381,0.045619465410709381,-0.10390237066087556,0.067779302597045898,1,0,0,0,1,1
after,54900000,54700000,54900,54694,54694,-0.17168167325792144,0.017655368350680892,0.010000000298023226,0.0056250004470348447,1,500,54400,54900,1,0.045619465410709381,0.045619465410709381,0.045619465410709381,-0.10390237066087556,0.067779302597045898,1,0,0,0,1,1
before,55000000,54800000,55000,54794,54794,-0.066090086404028803,0.016989859263386892,0.010000000298023226,0.0056250004470348447,1,600,54400,54900,1,0.047057334776010679,0.030067475512623787,0.030067475512623787,-0.01306688219660845,0.053023204207420349,1,0,0,0,1,1
after,55000000,54800000,55000,54794,54794,-0.066090086404028803,0.016989859263386892,0.010000000298023226,0.0056250004470348447,1,600,54400,55000,1,0.030067475512623787,0.030067475512623787,0.030067475512623787,-0.01306688219660845,0.053023204207420349,1,0,0,0,1,1
before,55100000,54900000,55100,54894,54894,0.15985037873621016,0.085680994810341027,0.010000000298023226,0.0056250004470348447,1,700,54400,55000,1,0.03090775352883162,-0.054773241281509399,-0.054773241281509399,0.023179357155514044,-0.13667102158069611,1,0,0,0,1,1
after,55100000,54900000,55100,54894,54894,0.15985037873621016,0.085680994810341027,0.010000000298023226,0.0056250004470348447,1,700,55100,55000,1,-0.054773241281509399,-0.054773241281509399,-0.054773241281509399,0.023179357155514044,-0.13667102158069611,1,0,0,0,1,1
before,55200000,55000000,55200,54994,54994,-0.084260233592296466,-0.027175994188950642,0.010000000298023226,0.0056250004470348447,1,100,55100,55000,1,-0.057911939518020733,-0.030735945329070091,-0.030735945329070091,-0.06275838511815153,0.021501848474144936,1,0,0,0,1,1
after,55200000,55000000,55200,54994,54994,-0.084260233592296466,-0.027175994188950642,0.010000000298023226,0.0056250004470348447,1,100,55100,55200,1,-0.030735945329070091,-0.030735945329070091,-0.030735945329070091,-0.06275838511815153,0.021501848474144936,1,0,0,0,1,1
before,55300000,55100000,55300,55094,55094,0.27026354731324626,0.086410741679470979,0.010000000298023226,0.0056250004470348447,1,200,55100,55200,1,-0.029813547260958705,-0.11622428894042969,-0.11622428894042969,-0.023467516291108624,-0.29373106360435486,1,0,0,0,1,1
after,55300000,55100000,55300,55094,55094,0.27026354731324626,0.086410741679470979,0.010000000298023226,0.0056250004470348447,1,200,55300,55200,1,-0.11622428894042969,-0.11622428894042969,-0.11622428894042969,-0.023467516291108624,-0.29373106360435486,1,0,0,0,1,1
before,55400000,55200000,55400,55194,55194,-0.02861740635660534,-0.28467390012431371,0.010000000298023226,0.0056250004470348447,1,100,55300,55200,1,-0.11945377361464724,0.16522012650966644,0.16522012650966644,-0.17101750718382244,-0.1424001008272171,1,0,0,0,1,1
after,55400000,55200000,55400,55194,55194,-0.02861740635660534,-0.28467390012431371,0.010000000298023226,0.0056250004470348447,1,100,55300,55400,1,0.16522012650966644,0.16522012650966644,0.16522012650966644,-0.17101750718382244,-0.1424001008272171,1,0,0,0,1,1
before,55500000,55300000,55500,55294,55294,-0.055496241703695659,0.080767803356821877,0.010000000298023226,0.0056250004470348447,1,200,55300,55400,1,0.16498559014576231,0.08421778678894043,0.08421778678894043,-0.14010966177291334,-0.084613420069217682,1,0,0,0,1,1
after,55500000,55300000,55500,55294,55294,-0.055496241703695659,0.080767803356821877,0.010000000298023226,0.0056250004470348447,1,200,55300,55500,1,0.08421778678894043,0.08421778678894043,0.08421778678894043,-0.14010966177291334,-0.084613420069217682,1,0,0,0,1,1
before,55600000,55400000,55600,55394,55394,-0.088100095897513761,0.093108651440083526,0.010000000298023226,0.0056250004470348447,1,300,55300,55500,1,0.0846721783536072,-0.008436473086476326,-0.008436473086476326,-0.10377535751422061,-0.015675261616706848,1,0,0,0,1,1
after,55600000,55400000,55600,55394,55394,-0.088100095897513761,0.093108651440083526,0.010000000298023226,0.0056250004470348447,1,300,55300,55600,1,-0.008436473086476326,-0.008436473086476326,-0.008436473086476326,-0.10377535751422061,-0.015675261616706848,1,0,0,0,1,1
before,55700000,55500000,55700,55494,55494,-0.072173844215834296,-0.035550160723565066,0.010000000298023226,0.0056250004470348447,1,400,55300,55600,1,-0.0076950904157142294,0.027855070307850838,0.027855070307850838,-0.060334820424580729,0.011839023791253567,1,0,0,0,1,1
after,55700000,55500000,55700,55494,55494,-0.072173844215834296,-0.035550160723565066,0.010000000298023226,0.0056250004470348447,1,400,55300,55700,1,0.027855070307850838,0.027855070307850838,0.027855070307850838,-0.060334820424580729,0.011839023791253567,1,0,0,0,1,1
before,55800000,55600000,55800,55594,55594,0.21163649548200761,-0.097927357302457718,0.010000000298023226,0.0056250004470348447,1,500,55300,55700,1,0.027860929025858017,0.12578828632831573,0.12578828632831573,-0.021302628625353221,-0.23293912410736084,1,0,0,0,1,1
after,55800000,55600000,55800,55594,55594,0.21163649548200761,-0.097927357302457718,0.010000000298023226,0.0056250004470348447,1,500,55300,55800,1,0.12578828632831573,0.12578828632831573,0.12578828632831573,-0.021302628625353221,-0.23293912410736084,1,0,0,0,1,1
before,55900000,55700000,55900,55694,55694,-0.16077103223814448,-0.048777679513569469,0.010000000298023226,0.0056250004470348447,1,600,55300,55800,1,0.12251195817125261,0.17128963768482208,0.17128963768482208,-0.11524398382915935,0.045527048408985138,1,0,0,0,1,1
after,55900000,55700000,55900,55694,55694,-0.16077103223814448,-0.048777679513569469,0.010000000298023226,0.0056250004470348447,1,600,55300,55900,1,0.17128963768482208,0.17128963768482208,0.17128963768482208,-0.11524398382915935,0.045527048408985138,1,0,0,0,1,1
before,56000000,55800000,56000,55794,55794,0.065709290290423369,0.058210737364099346,0.010000000298023226,0.0056250004470348447,1,700,55300,55900,1,0.17269012268047126,0.11447938531637192,0.11447938531637192,-0.017281244313172361,-0.082990534603595734,1,0,0,0,1,1
after,56000000,55800000,56000,55794,55794,0.065709290290423369,0.058210737364099346,0.010000000298023226,0.0056250004470348447,1,700,55300,56000,1,0.11447938531637192,0.11447938531637192,0.11447938531637192,-0.017281244313172361,-0.082990534603595734,1,0,0,0,1,1
before,56100000,55900000,56100,55894,55894,0.09263055332575687,0.21154227548504803,0.010000000298023226,0.0056250004470348447,1,800,55300,56000,1,0.11349723183775876,-0.098045043647289276,-0.098045043647289276,-0.038907241741076619,-0.1315377950668335,1,0,0,0,1,1
after,56100000,55900000,56100,55894,55894,0.09263055332575687,0.21154227548504803,0.010000000298023226,0.0056250004470348447,1,800,55300,56100,1,-0.098045043647289276,-0.098045043647289276,-0.098045043647289276,-0.038907241741076619,-0.1315377950668335,1,0,0,0,1,1
before,56200000,56000000,56200,55994,55994,-0.25546305183300022,-0.087308916177002191,0.010000000298023226,0.0056250004470348447,1,900,55300,56100,1,-0.098954332906154394,-0.011645416729152203,-0.011645416729152203,-0.095284882224884099,0.16017816960811615,1,0,0,0,1,1
after,56200000,56000000,56200,55994,55994,-0.25546305183300022,-0.087308916177002191,0.010000000298023226,0.0056250004470348447,1,900,56200,56100,1,-0.011645416729152203,-0.011645416729152203,-0.011645416729152203,-0.095284882224884099,0.16017816960811615,1,0,0,0,1,1
before,56300000,56100000,56300,56094,56094,0.066073917985131778,0.095228587867892261,0.010000000298023226,0.0056250004470348447,1,100,56200,56100,1,-0.0072296730855340961,-0.10245826095342636,-0.10245826095342636,0.032160134256055392,-0.033913783729076385,1,0,0,0,1,1
after,56300000,56100000,56300,56094,56094,0.066073917985131778,0.095228587867892261,0.010000000298023226,0.0056250004470348447,1,100,56200,56300,1,-0.10245826095342636,-0.10245826095342636,-0.10245826095342636,0.032160134256055392,-0.033913783729076385,1,0,0,0,1,1
before,56400000,56200000,56400,56194,56194,-0.019508342627984433,-0.14411454998778145,0.010000000298023226,0.0056250004470348447,1,200,56200,56300,1,-0.10421385967062753,0.039900690317153931,0.039900690317153931,-0.011375059743029029,0.0081332828849554062,1,0,0,0,1,1
after,56400000,56200000,56400,56194,56194,-0.019508342627984433,-0.14411454998778145,0.010000000298023226,0.0056250004470348447,1,200,56200,56400,1,0.039900690317153931,0.039900690317153931,0.039900690317153931,-0.011375059743029029,0.0081332828849554062,1,0,0,0,1,1
before,56500000,56300000,56500,56294,56294,0.18059619139720379,0.093189293537808471,0.010000000298023226,0.0056250004470348447,1,300,56200,56400,1,0.03945863435096842,-0.053730659186840057,-0.053730659186840057,0.0023989565282004979,-0.1781972348690033,1,0,0,0,1,1
after,56500000,56300000,56500,56294,56294,0.18059619139720379,0.093189293537808471,0.010000000298023226,0.0056250004470348447,1,300,56500,56400,1,-0.053730659186840057,-0.053730659186840057,-0.053730659186840057,0.0023989565282004979,-0.1781972348690033,1,0,0,0,1,1
before,56600000,56400000,56600,56394,56394,0.060979019613291677,-0.20895617709106551,0.010000000298023226,0.0056250004470348447,1,100,56500,56400,1,-0.05671523020214185,0.15224094688892365,0.15224094688892365,-0.093883950500462596,-0.15486297011375427,1,0,0,0,1,1
after,56600000,56400000,56600,56394,56394,0.060979019613291677,-0.20895617709106551,0.010000000298023226,0.0056250004470348447,1,100,56500,56600,1,0.15224094688892365,0.15224094688892365,0.15224094688892365,-0.093883950500462596,-0.15486297011375427,1,0,0,0,1,1
before,56700000,56500000,56700,56494,56494,0.040744094043362461,0.1781574993700609,0.010000000298023226,0.0056250004470348447,1,200,56500,56600,1,0.15079107911594961,-0.02736642025411129,-0.02736642025411129,-0.10936974188746182,-0.15011383593082428,1,0,0,0,1,1
after,56700000,56500000,56700,56494,56494,0.040744094043362461,0.1781574993700609,0.010000000298023226,0.0056250004470348447,1,200,56500,56700,1,-0.02736642025411129,-0.02736642025411129,-0.02736642025411129,-0.10936974188746182,-0.15011383593082428,1,0,0,0,1,1
before,56800000,56600000,56800,56594,56594,-0.19314025810533966,-0.12112044889940518,0.010000000298023226,0.0056250004470348447,1,300,56500,56700,1,-0.027911748480932891,0.09320870041847229,0.09320870041847229,-0.13260864561969246,0.060531612485647202,1,0,0,0,1,1
after,56800000,56600000,56800,56594,56594,-0.19314025810533966,-0.12112044889940518,0.010000000298023226,0.0056250004470348447,1,300,56800,56700,1,0.09320870041847229,0.09320870041847229,0.09320870041847229,-0.13260864561969246,0.060531612485647202,1,0,0,0,1,1
before,56900000,56700000,56900,56694,56694,0.074901905646108477,0.16840208426633854,0.010000000298023226,0.0056250004470348447,1,100,56800,56700,1,0.096085877274666026,-0.072316206991672516,-0.072316206991672516,-0.02611244023821464,-0.10101434588432312,1,0,0,0,1,1
after,56900000,56700000,56900,56694,56694,0.074901905646108477,0.16840208426633854,0.010000000298023226,0.0056250004470348447,1,100,56800,56900,1,-0.072316206991672516,-0.072316206991672516,-0.072316206991672516,-0.02611244023821464,-0.10101434588432312,1,0,0,0,1,1
before,57000000,56800000,57000,56794,56794,0.0031696674898107069,-0.07649763630293055,0.010000000298023226,0.0056250004470348447,1,200,56800,56900,1,-0.073980327263099388,0.0025173090398311615,0.0025173090398311615,-0.071070778600887535,-0.074240446090698242,1,0,0,0,1,1
after,57000000,56800000,57000,56794,56794,0.0031696674898107069,-0.07649763630293055,0.010000000298023226,0.0056250004470348447,1,200,56800,57000,1,0.0025173090398311615,0.0025173090398311615,0.0025173090398311615,-0.071070778600887535,-0.074240446090698242,1,0,0,0,1,1
before,57100000,56900000,57100,56894,56894,-0.10464936632772089,-0.028455981274258826,0.010000000298023226,0.0056250004470348447,1,300,56800,57000,1,0.0032831530672195234,0.031739134341478348,0.031739134341478348,-0.072329123952585464,0.032320242375135422,1,0,0,0,1,1
after,57100000,56900000,57100,56894,56894,-0.10464936632772089,-0.028455981274258826,0.010000000298023226,0.0056250004470348447,1,300,56800,57100,1,0.031739134341478348,0.031739134341478348,0.031739134341478348,-0.072329123952585464,0.032320242375135422,1,0,0,0,1,1
before,57200000,57000000,57200,56994,56994,0.14915753009459579,0.038188263527048565,0.010000000298023226,0.0056250004470348447,1,400,56800,57100,1,0.0326667672348449,-0.0055214962922036648,-0.0055214962922036648,-0.016561695908097394,-0.16571922600269318,1,0,0,0,1,1
after,57200000,57000000,57200,56994,56994,0.14915753009459579,0.038188263527048565,0.010000000298023226,0.0056250004470348447,1,400,56800,57200,1,-0.0055214962922036648,-0.0055214962922036648,-0.0055214962922036648,-0.016561695908097394,-0.16571922600269318,1,0,0,0,1,1
before,57300000,57100000,57300,57094,57094,-0.11439037572310919,0.056578167964400072,0.010000000298023226,0.0056250004470348447,1,500,56800,57200,1,-0.0079321104393589286,-0.064510278403759003,-0.064510278403759003,-0.092172759284243524,0.022217616438865662,1,0,0,0,1,1
after,57300000,57100000,57300,57094,57094,-0.11439037572310919,0.056578167964400072,0.010000000298023226,0.0056250004470348447,1,500,56800,57300,1,-0.064510278403759003,-0.064510278403759003,-0.064510278403759003,-0.092172759284243524,0.022217616438865662,1,0,0,0,1,1
before,57400000,57200000,57400,57194,57194,0.13720635809793355,-0.00082575251586484988,0.010000000298023226,0.0056250004470348447,1,600,56800,57300,1,-0.062512339104485989,-0.06168658658862114,-0.06168658658862114,-0.041048514462567555,-0.1782548725605011,1,0,0,0,1,1
after,57400000,57200000,57400,57194,57194,0.13720635809793355,-0.00082575251586484988,0.010000000298023226,0.0056250004470348447,1,600,56800,57400,1,-0.06168658658862114,-0.06168658658862114,-0.06168658658862114,-0.041048514462567555,-0.1782548725605011,1,0,0,0,1,1
before,57500000,57300000,57500,57294,57294,-0.17692136498479163,-0.18711411203308614,0.010000000298023226,0.0056250004470348447,1,700,56800,57400,1,-0.064504623367028543,0.12260948866605759,0.12260948866605759,-0.11628211023597038,0.060639254748821259,1,0,0,0,1,1
after,57500000,57300000,57500,57294,57294,-0.17692136498479163,-0.18711411203308614,0.010000000298023226,0.0056250004470348447,1,700,57500,57400,1,0.12260948866605759,0.12260948866605759,0.12260948866605759,-0.11628211023597038,0.060639254748821259,1,0,0,0,1,1
before,57600000,57400000,57600,57394,57394,0.028020257758935109,0.053213860647334146,0.010000000298023226,0.0056250004470348447,1,100,57500,57400,1,0.12444717045272737,0.071233309805393219,0.071233309805393219,-0.015057505411068784,-0.043077763170003891,1,0,0,0,1,1
after,57600000,57400000,57600,57394,57394,0.028020257758935109,0.053213860647334146,0.010000000298023226,0.0056250004470348447,1,100,57500,57600,1,0.071233309805393219,0.071233309805393219,0.071233309805393219,-0.015057505411068784,-0.043077763170003891,1,0,0,0,1,1
before,57700000,57500000,57700,57494,57494,0.15569718891346471,-0.058286966215972499,0.010000000298023226,0.0056250004470348447,1,200,57500,57600,1,0.070968730915184422,0.12925569713115692,0.12925569713115692,-0.02198553866183741,-0.17768272757530212,1,0,0,0,1,1
after,57700000,57500000,57700,57494,57494,0.15569718891346471,-0.058286966215972499,0.010000000298023226,0.0056250004470348447,1,200,57500,57700,1,0.12925569713115692,0.12925569713115692,0.12925569713115692,-0.02198553866183741,-0.17768272757530212,1,0,0,0,1,1
before,57800000,57600000,57800,57594,57594,-0.065775939819406118,0.21374283180171963,0.010000000298023226,0.0056250004470348447,1,300,57500,57700,1,0.1264209692233276,-0.087321862578392029,-0.087321862578392029,-0.087406584617684926,-0.021630644798278809,1,0,0,0,1,1
after,57800000,57600000,57800,57594,57594,-0.065775939819406118,0.21374283180171963,0.010000000298023226,0.0056250004470348447,1,300,57500,57800,1,-0.087321862578392029,-0.087321862578392029,-0.087321862578392029,-0.087406584617684926,-0.021630644798278809,1,0,0,0,1,1
before,57900000,57700000,57900,57694,57694,-0.019281361867905827,-0.1156310733994996,0.010000000298023226,0.0056250004470348447,1,400,57500,57800,1,-0.087502317189291662,0.028128756210207939,0.028128756210207939,-0.06310936870169756,-0.043828006833791733,1,0,0,0,1,1
after,57900000,57700000,57900,57694,57694,-0.019281361867905827,-0.1156310733994996,0.010000000298023226,0.0056250004470348447,1,400,57500,57900,1,0.028128756210207939,0.028128756210207939,0.028128756210207939,-0.06310936870169756,-0.043828006833791733,1,0,0,0,1,1
before,58000000,57800000,58000,57794,57794,0.08965681108604806,-0.025900903325798946,0.010000000298023226,0.0056250004470348447,1,500,57500,57900,1,0.027856071311709446,0.053756974637508392,0.053756974637508392,-0.050638351710926115,-0.14029516279697418,1,0,0,0,1,1
after,58000000,57800000,58000,57794,57794,0.08965681108604806,-0.025900903325798946,0.010000000298023226,0.0056250004470348447,1,500,57500,58000,1,0.053756974637508392,0.053756974637508392,0.053756974637508392,-0.050638351710926115,-0.14029516279697418,1,0,0,0,1,1
before,58100000,57900000,58100,57894,57894,-0.087529747827274879,0.032640472555727378,0.010000000298023226,0.0056250004470348447,1,600,57500,58000,1,0.051822074258894339,0.019181601703166962,0.019181601703166962,-0.090404677750839074,-0.0028749299235641956,1,0,0,0,1,1
after,58100000,57900000,58100,57894,57894,-0.087529747827274879,0.032640472555727378,0.010000000298023226,0.0056250004470348447,1,600,57500,58100,1,0.019181601703166962,0.019181601703166962,0.019181601703166962,-0.090404677750839074,-0.0028749299235641956,1,0,0,0,1,1
before,58200000,58000000,58200,57994,57994,-0.057589453035640711,0.043404039403179044,0.010000000298023226,0.0056250004470348447,1,700,57500,58100,1,0.020830009540298337,-0.022574029862880707,-0.022574029862880707,-0.044426718117344374,0.013162734918296337,1,0,0,0,1,1
after,58200000,58000000,58200,57994,57994,-0.057589453035640711,0.043404039403179044,0.010000000298023226,0.0056250004470348447,1,700,57500,58200,1,-0.022574029862880707,-0.022574029862880707,-0.022574029862880707,-0.044426718117344374,0.013162734918296337,1,0,0,0,1,1
before,58300000,58100000,58300,58094,58094,-0.078445045440231065,-0.12830722756852578,0.010000000298023226,0.0056250004470348447,1,800,57500,58200,1,-0.022711877303022859,0.10559535026550293,0.10559535026550293,-0.017785685299669004,0.060659360140562057,1,0,0,0,1,1
after,58300000,58100000,58300,58094,58094,-0.078445045440231065,-0.12830722756852578,0.010000000298023226,0.0056250004470348447,1,800,57500,58300,1,0.10559535026550293,0.10559535026550293,0.10559535026550293,-0.017785685299669004,0.060659360140562057,1,0,0,0,1,1
before,58400000,58200000,58400,58194,58194,-0.0035213563476430704,0.080863704158537678,0.010000000298023226,0.0056250004470348447,1,900,57500,58300,1,0.10624724179374485,0.025383537635207176,0.025383537635207176,0.03221106940165884,0.03573242574930191,1,0,0,0,1,1
after,58400000,58200000,58400,58194,58194,-0.0035213563476430704,0.080863704158537678,0.010000000298023226,0.0056250004470348447,1,900,57500,58400,1,0.025383537635207176,0.025383537635207176,0.025383537635207176,0.03221106940165884,0.03573242574930191,1,0,0,0,1,1
before,58500000,58300000,58500,58294,58294,0.01078216475340428,0.15323949687743413,0.010000000298023226,0.0056250004470348447,1,1000,57500,58400,1,0.024831958940269815,-0.12840753793716431,-0.12840753793716431,0.036496634826985022,0.025714470073580742,1,0,0,0,1,1
after,58500000,58300000,58500,58294,58294,0.01078216475340428,0.15323949687743413,0.010000000298023226,0.0056250004470348447,1,1000,57500,58500,1,-0.12840753793716431,-0.12840753793716431,-0.12840753793716431,0.036496634826985022,0.025714470073580742,1,0,0,0,1,1
before,58600000,58400000,58600,58394,58394,0.2152794051566721,-0.078605778112807001,0.010000000298023226,0.0056250004470348447,1,1100,57500,58500,1,-0.12928593490997764,-0.050680156797170639,-0.050680156797170639,0.018208225409090631,-0.19707117974758148,1,0,0,0,1,1
after,58600000,58400000,58600,58394,58394,0.2152794051566721,-0.078605778112807001,0.010000000298023226,0.0056250004470348447,1,1100,57500,58600,1,-0.050680156797170639,-0.050680156797170639,-0.050680156797170639,0.018208225409090631,-0.19707117974758148,1,0,0,0,1,1
before,58700000,58500000,58700,58494,58494,0.044602342213443363,-0.030909965167770122,0.010000000298023226,0.0056250004470348447,1,1200,57500,58600,1,-0.053902319054136012,-0.022992353886365891,-0.022992353886365891,-0.095169342790790951,-0.13977168500423431,1,0,0,0,1,1
after,58700000,58500000,58700,58494,58494,0.044602342213443363,-0.030909965167770122,0.010000000298023226,0.0056250004470348447,1,1200,57500,58700,1,-0.022992353886365891,-0.022992353886365891,-0.022992353886365891,-0.095169342790790951,-0.13977168500423431,1,0,0,0,1,1
before,58800000,58600000,58800,58594,58594,0.07737703907780337,-0.012439921150193468,0.010000000298023226,0.0056250004470348447,1,1300,57500,58700,1,-0.024410550134465948,-0.01197062898427248,-0.01197062898427248,-0.11996759187884641,-0.19734463095664978,1,0,0,0,1,1
after,58800000,58600000,58800,58594,58594,0.07737703907780337,-0.012439921150193468,0.010000000298023226,0.0056250004470348447,1,1300,57500,58800,1,-0.01197062898427248,-0.01197062898427248,-0.01197062898427248,-0.11996759187884641,-0.19734463095664978,1,0,0,0,1,1
before,58900000,58700000,58900,58694,58694,0.050036883300998536,0.054774472822038983,0.010000000298023226,0.0056250004470348447,1,1400,57500,58800,1,-0.014018391858251239,-0.068792864680290222,-0.068792864680290222,-0.16016768818452087,-0.21020457148551941,1,0,0,0,1,1
after,58900000,58700000,58900,58694,58694,0.050036883300998536,0.054774472822038983,0.010000000298023226,0.0056250004470348447,1,1400,57500,58900,1,-0.068792864680290222,-0.068792864680290222,-0.068792864680290222,-0.16016768818452087,-0.21020457148551941,1,0,0,0,1,1
before,59000000,58800000,59000,58794,58794,-0.072877603462771723,-0.062898679258301698,0.010000000298023226,0.0056250004470348447,1,1500,57500,58900,1,-0.069584345998242342,-0.0066856667399406433,-0.0066856667399406433,-0.19221114634616787,-0.11933354288339615,1,0,0,0,1,1
after,59000000,58800000,59000,58794,58794,-0.072877603462771723,-0.062898679258301698,0.010000000298023226,0.0056250004470348447,1,1500,57500,59000,1,-0.0066856667399406433,-0.0066856667399406433,-0.0066856667399406433,-0.19221114634616787,-0.11933354288339615,1,0,0,0,1,1
before,59100000,58900000,59100,58894,58894,-0.092579513233457367,0.059399597316007913,0.010000000298023226,0.0056250004470348447,1,1600,57500,59000,1,-0.0061185211250969727,-0.065518118441104889,-0.065518118441104889,-0.15625717435434894,-0.063677661120891571,1,0,0,0,1,1
after,59100000,58900000,59100,58894,58894,-0.092579513233457367,0.059399597316007913,0.010000000298023226,0.0056250004470348447,1,1600,57500,59100,1,-0.065518118441104889,-0.065518118441104889,-0.065518118441104889,-0.15625717435434894,-0.063677661120891571,1,0,0,0,1,1
before,59200000,59000000,59200,58994,58994,-0.2163716821465323,0.053746518839322313,0.010000000298023226,0.0056250004470348447,1,1700,57500,59100,1,-0.064736778687514082,-0.1184832975268364,-0.1184832975268364,-0.11625849143598772,0.10011319071054459,1,0,0,0,1,1
after,59200000,59000000,59200,58994,58994,-0.2163716821465323,0.053746518839322313,0.010000000298023226,0.0056250004470348447,1,1700,57500,59200,1,-0.1184832975268364,-0.1184832975268364,-0.1184832975268364,-0.11625849143598772,0.10011319071054459,1,0,0,0,1,1
before,59300000,59100000,59300,59094,59094,0.13991347657422581,-0.15062819451539494,0.010000000298023226,0.0056250004470348447,1,1800,57500,59200,1,-0.11586410955040434,0.034764084964990616,0.034764084964990616,-0.019263588321404079,-0.15917706489562988,1,0,0,0,1,1
after,59300000,59100000,59300,59094,59094,0.13991347657422581,-0.15062819451539494,0.010000000298023226,0.0056250004470348447,1,1800,57500,59300,1,0.034764084964990616,0.034764084964990616,0.034764084964990616,-0.019263588321404079,-0.15917706489562988,1,0,0,0,1,1
before,59400000,59200000,59400,59194,59194,-0.059277473369103773,0.017328244674695133,0.010000000298023226,0.0056250004470348447,1,1900,57500,59300,1,0.033225121948612331,0.015896877273917198,0.015896877273917198,-0.086118663081389768,-0.026841189712285995,1,0,0,0,1,1
after,59400000,59200000,59400,59194,59194,-0.059277473369103773,0.017328244674695133,0.010000000298023226,0.0056250004470348447,1,1900,57500,59400,1,0.015896877273917198,0.015896877273917198,0.015896877273917198,-0.086118663081389768,-0.026841189712285995,1,0,0,0,1,1
before,59500000,59300000,59500,59294,59294,-0.0095786445891823668,-0.054260040910008384,0.010000000298023226,0.0056250004470348447,1,2000,57500,59400,1,0.015346628337142039,0.069606669247150421,0.069606669247150421,-0.054794728115793695,-0.045216083526611328,1,0,0,0,1,1
after,59500000,59300000,59500,59294,59294,-0.0095786445891823668,-0.054260040910008384,0.010000000298023226,0.0056250004470348447,1,2000,57500,59500,1,0.069606669247150421,0.069606669247150421,0.069606669247150421,-0.054794728115793695,-0.045216083526611328,1,0,0,0,1,1
before,59600000,59400000,59600,59394,59394,0.015070956585167397,0.014586164815398331,0.010000000298023226,0.0056250004470348447,1,2100,57500,59500,1,0.069741404814692612,0.055155239999294281,0.055155239999294281,-0.042999706777574073,-0.05807066336274147,1,0,0,0,1,1
after,59600000,59400000,59600,59394,59394,0.015070956585167397,0.014586164815398331,0.010000000298023226,0.0056250004470348447,1,2100,57500,59600,1,0.055155239999294281,0.055155239999294281,0.055155239999294281,-0.042999706777574073,-0.05807066336274147,1,0,0,0,1,1
before,59700000,59500000,59700,59494,59494,-0.085804352937135203,0.12443867966258004,0.010000000298023226,0.0056250004470348447,1,2200,57500,59600,1,0.05399262800538019,-0.07044605165719986,-0.07044605165719986,-0.045125263212117656,0.040679089725017548,1,0,0,0,1,1
after,59700000,59500000,59700,59494,59494,-0.085804352937135203,0.12443867966258004,0.010000000298023226,0.0056250004470348447,1,2200,57500,59700,1,-0.07044605165719986,-0.07044605165719986,-0.07044605165719986,-0.045125263212117656,0.040679089725017548,1,0,0,0,1,1
before,59800000,59600000,59800,59594,59594,0.050222161357236693,-0.096694766151549164,0.010000000298023226,0.0056250004470348447,1,2300,57500,59700,1,-0.069753261822106186,0.026941504329442978,0.026941504329442978,-0.0090501800729505325,-0.059272341430187225,1,0,0,0,1,1
after,59800000,59600000,59800,59594,59594,0.050222161357236693,-0.096694766151549164,0.010000000298023226,0.0056250004470348447,1,2300,57500,59800,1,0.026941504329442978,0.026941504329442978,0.026941504329442978,-0.0090501800729505325,-0.059272341430187225,1,0,0,0,1,1
before,59900000,59700000,59900,59694,59694,-0.2585790447348903,-0.099909760589434807,0.010000000298023226,0.0056250004470348447,1,2400,57500,59800,1,0.025102354054615788,0.1250121146440506,0.1250121146440506,-0.0317028305882762,0.22687621414661407,1,0,0,0,1,1
after,59900000,59700000,59900,59694,59694,-0.2585790447348903,-0.099909760589434807,0.010000000298023226,0.0056250004470348447,1,2400,59900,59800,1,0.1250121146440506,0.1250121146440506,0.1250121146440506,-0.0317028305882762,0.22687621414661407,1,0,0,0,1,1
before,60000000,59800000,60000,59794,59794,0.22320414824547385,0.28177161430602998,0.010000000298023226,0.0056250004470348447,1,100,59900,59800,1,0.12750328993087739,-0.15426832437515259,-0.15426832437515259,0.11080922676386451,-0.11239492148160934,1,0,0,0,1,1
after,60000000,59800000,60000,59794,59794,0.22320414824547385,0.28177161430602998,0.010000000298023226,0.0056250004470348447,1,100,60000,59800,1,-0.15426832437515259,-0.15426832437515259,-0.15426832437515259,0.11080922676386451,-0.11239492148160934,1,0,0,0,1,1
before,60100000,59900000,60100,59894,59894,0.094710648188683688,-0.27950849864671368,0.010000000298023226,0.0056250004470348447,1,100,60000,59800,1,-0.1579011577744259,0.12160734087228775,0.12160734087228775,-0.016967572142985173,-0.11167822033166885,1,0,0,0,1,1
after,60100000,59900000,60100,59894,59894,0.094710648188683688,-0.27950849864671368,0.010000000298023226,0.0056250004470348447,1,100,60000,60100,1,0.12160734087228775,0.12160734087228775,0.12160734087228775,-0.016967572142985173,-0.11167822033166885,1,0,0,0,1,1
before,60200000,60000000,60200,59994,59994,0.066442545557481789,0.15206554624219945,0.010000000298023226,0.0056250004470348447,1,200,60000,60100,1,0.1198681639411073,-0.032197382301092148,-0.032197382301092148,-0.052452180480497337,-0.11889472603797913,1,0,0,0,1,1
after,60200000,60000000,60200,59994,59994,0.066442545557481789,0.15206554624219945,0.010000000298023226,0.0056250004470348447,1,200,60000,60200,1,-0.032197382301092148,-0.032197382301092148,-0.032197382301092148,-0.052452180480497337,-0.11889472603797913,1,0,0,0,1,1
before,60300000,60100000,60300,60094,60094,0.028277884161827582,-0.022359025284428208,0.010000000298023226,0.0056250004470348447,1,300,60000,60200,1,-0.033767144746858685,-0.011408119462430477,-0.011408119462430477,-0.089150858187320214,-0.1174287423491478,1,0,0,0,1,1
after,60300000,60100000,60300,60094,60094,0.028277884161827582,-0.022359025284428208,0.010000000298023226,0.0056250004470348447,1,300,60000,60300,1,-0.011408119462430477,-0.011408119462430477,-0.011408119462430477,-0.089150858187320214,-0.1174287423491478,1,0,0,0,1,1
before,60400000,60200000,60400,60194,60194,-0.0057598158900483559,-0.10183042293429474,0.010000000298023226,0.0056250004470348447,1,400,60000,60300,1,-0.011636622306109469,0.090193800628185272,0.090193800628185272,-0.10448679627821288,-0.09872698038816452,1,0,0,0,1,1
after,60400000,60200000,60400,60194,60194,-0.0057598158900483559,-0.10183042293429474,0.010000000298023226,0.0056250004470348447,1,400,60000,60400,1,0.090193800628185272,0.090193800628185272,0.090193800628185272,-0.10448679627821288,-0.09872698038816452,1,0,0,0,1,1
before,60500000,60300000,60500,60294,60294,-0.13782087461372283,0.030429257543025695,0.010000000298023226,0.0056250004470348447,1,500,60000,60400,1,0.08941359678023883,0.058984339237213135,0.058984339237213135,-0.092632160794934318,0.045188713818788528,1,0,0,0,1,1
after,60500000,60300000,60500,60294,60294,-0.13782087461372283,0.030429257543025695,0.010000000298023226,0.0056250004470348447,1,500,60000,60500,1,0.058984339237213135,0.058984339237213135,0.058984339237213135,-0.092632160794934318,0.045188713818788528,1,0,0,0,1,1
before,60600000,60400000,60600,60394,60394,0.050920133937575648,-0.0018992762814500491,0.010000000298023226,0.0056250004470348447,1,600,60000,60500,1,0.059797461723234399,0.061696738004684448,0.061696738004684448,-0.017457040499470403,-0.068377174437046051,1,0,0,0,1,1
after,60600000,60400000,60600,60394,60394,0.050920133937575648,-0.0018992762814500491,0.010000000298023226,0.0056250004470348447,1,600,60000,60600,1,0.061696738004684448,0.061696738004684448,0.061696738004684448,-0.017457040499470403,-0.068377174437046051,1,0,0,0,1,1
before,60700000,60500000,60700,60494,60494,-0.18613001055600017,-0.020385203403499419,0.010000000298023226,0.0056250004470348447,1,700,60000,60600,1,0.060271757203075593,0.080656960606575012,0.080656960606575012,-0.036960088681000175,0.149169921875,1,0,0,0,1,1
after,60700000,60500000,60700,60494,60494,-0.18613001055600017,-0.020385203403499419,0.010000000298023226,0.0056250004470348447,1,700,60000,60700,1,0.080656960606575012,0.080656960606575012,0.080656960606575012,-0.036960088681000175,0.149169921875,1,0,0,0,1,1
before,60800000,60600000,60800,60594,60594,0.10753205117727814,0.057425012939343698,0.010000000298023226,0.0056250004470348447,1,800,60000,60700,1,0.082744669296512849,0.025319656357169151,0.025319656357169151,0.064695653291001895,-0.042836397886276245,1,0,0,0,1,1
after,60800000,60600000,60800,60594,60594,0.10753205117727814,0.057425012939343698,0.010000000298023226,0.0056250004470348447,1,800,60000,60800,1,0.025319656357169151,0.025319656357169151,0.025319656357169151,0.064695653291001895,-0.042836397886276245,1,0,0,0,1,1
before,60900000,60700000,60900,60694,60694,-0.017695339774502366,-0.0028789330672120174,0.010000000298023226,0.0056250004470348447,1,900,60000,60800,1,0.022287790809979526,0.025166723877191544,0.025166723877191544,0.013005476067053229,0.030700815841555595,1,0,0,0,1,1
after,60900000,60700000,60900,60694,60694,-0.017695339774502366,-0.0028789330672120174,0.010000000298023226,0.0056250004470348447,1,900,60000,60900,1,0.025166723877191544,0.025166723877191544,0.025166723877191544,0.013005476067053229,0.030700815841555595,1,0,0,0,1,1
before,61000000,60800000,61000,60794,60794,-0.045488720703043661,0.08618438239974946,0.010000000298023226,0.0056250004470348447,1,1000,60000,60900,1,0.026225507220458685,-0.059958875179290771,-0.059958875179290771,0.024494567942700666,0.069983288645744324,1,0,0,0,1,1
after,61000000,60800000,61000,60794,60794,-0.045488720703043661,0.08618438239974946,0.010000000298023226,0.0056250004470348447,1,1000,60000,61000,1,-0.059958875179290771,-0.059958875179290771,-0.059958875179290771,0.024494567942700666,0.069983288645744324,1,0,0,0,1,1
before,61100000,60900000,61100,60894,60894,0.28205533119931447,-0.020430226673864738,0.010000000298023226,0.0056250004470348447,1,1100,60000,61000,1,-0.05839445148923339,-0.037964224815368652,-0.037964224815368652,0.041484026043560392,-0.24057130515575409,1,0,0,0,1,1
after,61100000,60900000,61100,60894,60894,0.28205533119931447,-0.020430226673864738,0.010000000298023226,0.0056250004470348447,1,1100,60000,61100,1,-0.037964224815368652,-0.037964224815368652,-0.037964224815368652,0.041484026043560392,-0.24057130515575409,1,0,0,0,1,1
before,61200000,61000000,61200,60994,60994,-0.02367051114759855,-0.045181751110614017,0.010000000298023226,0.0056250004470348447,1,1200,60000,61100,1,-0.042051813424587921,0.0031299376860260963,0.0031299376860260963,-0.10422646423302107,-0.080555953085422516,1,0,0,0,1,1
after,61200000,61000000,61200,60994,60994,-0.02367051114759855,-0.045181751110614017,0.010000000298023226,0.0056250004470348447,1,1200,60000,61200,1,0.0031299376860260963,0.0031299376860260963,0.0031299376860260963,-0.10422646423302107,-0.080555953085422516,1,0,0,0,1,1
before,61300000,61100000,61300,61094,61094,0.077315434290846793,-0.028894395749369348,0.010000000298023226,0.0056250004470348447,1,1300,60000,61200,1,0.0038214687301724327,0.032715864479541779,0.032715864479541779,-0.091959015057602914,-0.16927444934844971,1,0,0,0,1,1
after,61300000,61100000,61300,61094,61094,0.077315434290846793,-0.028894395749369348,0.010000000298023226,0.0056250004470348447,1,1300,60000,61300,1,0.032715864479541779,0.032715864479541779,0.032715864479541779,-0.091959015057602914,-0.16927444934844971,1,0,0,0,1,1
before,61400000,61200000,61400,61194,61194,-0.14512914624245729,0.096317626434010303,0.010000000298023226,0.0056250004470348447,1,1400,60000,61300,1,0.031706750291031635,-0.064610876142978668,-0.064610876142978668,-0.12754977513285246,0.017579371109604836,1,0,0,0,1,1
after,61400000,61200000,61400,61194,61194,-0.14512914624245729,0.096317626434010303,0.010000000298023226,0.0056250004470348447,1,1400,60000,61400,1,-0.064610876142978668,-0.064610876142978668,-0.064610876142978668,-0.12754977513285246,0.017579371109604836,1,0,0,0,1,1
before,61500000,61300000,61500,61294,61294,-0.055555923069852915,-0.14075511108631469,0.010000000298023226,0.0056250004470348447,1,1500,60000,61400,1,-0.063613394010013119,0.077141717076301575,0.077141717076301575,-0.061078321813631382,-0.0055223987437784672,1,0,0,0,1,1
after,61500000,61300000,61500,61294,61294,-0.055555923069852915,-0.14075511108631469,0.010000000298023226,0.0056250004470348447,1,1500,60000,61500,1,0.077141717076301575,0.077141717076301575,0.077141717076301575,-0.061078321813631382,-0.0055223987437784672,1,0,0,0,1,1
before,61600000,61400000,61600,61394,61394,0.026450193904145099,0.16789349195809911,0.010000000298023226,0.0056250004470348447,1,1600,60000,61500,1,0.078168899093585723,-0.089724592864513397,-0.089724592864513397,-0.025374036796586178,-0.051824230700731277,1,0,0,0,1,1
after,61600000,61400000,61600,61394,61394,0.026450193904145099,0.16789349195809911,0.010000000298023226,0.0056250004470348447,1,1600,60000,61600,1,-0.089724592864513397,-0.089724592864513397,-0.089724592864513397,-0.025374036796586178,-0.051824230700731277,1,0,0,0,1,1
before,61700000,61500000,61700,61494,61494,-0.024209175669237123,-0.12310724238548074,0.010000000298023226,0.0056250004470348447,1,1700,60000,61600,1,-0.090443565497730111,0.032663676887750626,0.032663676887750626,-0.047645381130858408,-0.023436205461621284,1,0,0,0,1,1
after,61700000,61500000,61700,61494,61494,-0.024209175669237123,-0.12310724238548074,0.010000000298023226,0.0056250004470348447,1,1700,60000,61700,1,0.032663676887750626,0.032663676887750626,0.032663676887750626,-0.047645381130858408,-0.023436205461621284,1,0,0,0,1,1
before,61800000,61600000,61800,61594,61594,0.049030203814508809,-0.030414614118633471,0.010000000298023226,0.0056250004470348447,1,1800,60000,61700,1,0.033041802011432447,0.063456416130065918,0.063456416130065918,-0.032192561333177196,-0.081222765147686005,1,0,0,0,1,1
after,61800000,61600000,61800,61594,61594,0.049030203814508809,-0.030414614118633471,0.010000000298023226,0.0056250004470348447,1,1800,60000,61800,1,0.063456416130065918,0.063456416130065918,0.063456416130065918,-0.032192561333177196,-0.081222765147686005,1,0,0,0,1,1
before,61900000,61700000,61900,61694,61694,0.10173325757952989,0.034464476372431468,0.010000000298023226,0.0056250004470348447,1,1900,60000,61800,1,0.06272529971165533,0.028260823339223862,0.028260823339223862,-0.050505454135214685,-0.15223871171474457,1,0,0,0,1,1
after,61900000,61700000,61900,61694,61694,0.10173325757952989,0.034464476372431468,0.010000000298023226,0.0056250004470348447,1,1900,60000,61900,1,0.028260823339223862,0.028260823339223862,0.028260823339223862,-0.050505454135214685,-0.15223871171474457,1,0,0,0,1,1
before,62000000,61800000,62000,61794,61794,-0.10945426082509194,0.12238831862432623,0.010000000298023226,0.0056250004470348447,1,2000,60000,61900,1,0.027633630182572845,-0.094754688441753387,-0.094754688441753387,-0.098790456226939299,0.010663804598152637,1,0,0,0,1,1
after,62000000,61800000,62000,61794,61794,-0.10945426082509194,0.12238831862432623,0.010000000298023226,0.0056250004470348447,1,2000,60000,62000,1,-0.094754688441753387,-0.094754688441753387,-0.094754688441753387,-0.098790456226939299,0.010663804598152637,1,0,0,0,1,1
before,62100000,61900000,62100,61894,61894,0.081236347896342126,-0.10014970993683237,0.010000000298023226,0.0056250004470348447,1,2100,60000,62000,1,-0.093557246700530228,0.0065924632363021374,0.0065924632363021374,-0.053227901118512312,-0.13446424901485443,1,0,0,0,1,1
after,62100000,61900000,62100,61894,61894,0.081236347896342126,-0.10014970993683237,0.010000000298023226,0.0056250004470348447,1,2100,60000,62100,1,0.0065924632363021374,0.0065924632363021374,0.0065924632363021374,-0.053227901118512312,-0.13446424901485443,1,0,0,0,1,1
before,62200000,62000000,62200,61994,61994,0.13751171297795661,0.095517485368856264,0.010000000298023226,0.0056250004470348447,1,2200,60000,62100,1,0.0046788369900072346,-0.09083864837884903,-0.09083864837884903,-0.093501763870645668,-0.23101347684860229,1,0,0,0,1,1
after,62200000,62000000,62200,61994,61994,0.13751171297795661,0.095517485368856264,0.010000000298023226,0.0056250004470348447,1,2200,62200,62100,1,-0.09083864837884903,-0.09083864837884903,-0.09083864837884903,-0.093501763870645668,-0.23101347684860229,1,0,0,0,1,1
before,62300000,62100000,62300,62094,62094,-0.099381306734735747,-0.18154327341688944,0.010000000298023226,0.0056250004470348447,1,100,62200,62100,1,-0.093936880616081492,0.087606392800807953,0.087606392800807953,-0.17182461318081119,-0.072443306446075439,1,0,0,0,1,1
after,62300000,62100000,62300,62094,62094,-0.099381306734735747,-0.18154327341688944,0.010000000298023226,0.0056250004470348447,1,100,62200,62300,1,0.087606392800807953,0.087606392800807953,0.087606392800807953,-0.17182461318081119,-0.072443306446075439,1,0,0,0,1,1
before,62400000,62200000,62400,62194,62194,-0.02819405356770309,0.22404061922285926,0.010000000298023226,0.0056250004470348447,1,200,62200,62300,1,0.08957693645213019,-0.13446368277072906,-0.13446368277072906,-0.11302430043345245,-0.084830246865749359,1,0,0,0,1,1
after,62400000,62200000,62400,62194,62194,-0.02819405356770309,0.22404061922285926,0.010000000298023226,0.0056250004470348447,1,200,62200,62400,1,-0.13446368277072906,-0.13446368277072906,-0.13446368277072906,-0.11302430043345245,-0.084830246865749359,1,0,0,0,1,1
before,62500000,62300000,62500,62294,62294,0.099211305627322888,-0.17605582477182322,0.010000000298023226,0.0056250004470348447,1,300,62200,62400,1,-0.13497906403273516,0.041076760739088058,0.041076760739088058,-0.11232161497166088,-0.21153292059898376,1,0,0,0,1,1
after,62500000,62300000,62500,62294,62294,0.099211305627322888,-0.17605582477182322,0.010000000298023226,0.0056250004470348447,1,300,62200,62500,1,0.041076760739088058,0.041076760739088058,0.041076760739088058,-0.11232161497166088,-0.21153292059898376,1,0,0,0,1,1
before,62600000,62400000,62600,62394,62394,-0.1558729887981207,0.12497580015713258,0.010000000298023226,0.0056250004470348447,1,400,62200,62500,1,0.039045497417989204,-0.085930302739143372,-0.085930302739143372,-0.15817933115589031,-0.0023063423577696085,1,0,0,0,1,1
after,62600000,62400000,62600,62394,62394,-0.1558729887981207,0.12497580015713258,0.010000000298023226,0.0056250004470348447,1,400,62200,62600,1,-0.085930302739143372,-0.085930302739143372,-0.085930302739143372,-0.15817933115589031,-0.0023063423577696085,1,0,0,0,1,1
before,62700000,62500000,62700,62494,62494,0.071816410889232851,-0.083992307098791463,0.010000000298023226,0.0056250004470348447,1,500,62200,62600,1,-0.08415589888577768,-0.0001635917869862169,-0.0001635917869862169,-0.088377956281101011,-0.16019436717033386,1,0,0,0,1,1
after,62700000,62500000,62700,62494,62494,0.071816410889232851,-0.083992307098791463,0.010000000298023226,0.0056250004470348447,1,500,62200,62700,1,-0.0001635917869862169,-0.0001635917869862169,-0.0001635917869862169,-0.088377956281101011,-0.16019436717033386,1,0,0,0,1,1
before,62800000,62600000,62800,62594,62594,-0.017791149352949759,-0.013973704546907837,0.010000000298023226,0.0056250004470348447,1,600,62200,62700,1,-0.0020949021058472941,0.011878802441060543,0.011878802441060543,-0.12457091841594567,-0.10677976906299591,1,0,0,0,1,1
after,62800000,62600000,62800,62594,62594,-0.017791149352949759,-0.013973704546907837,0.010000000298023226,0.0056250004470348447,1,600,62200,62800,1,0.011878802441060543,0.011878802441060543,0.011878802441060543,-0.12457091841594567,-0.10677976906299591,1,0,0,0,1,1
before,62900000,62700000,62900,62694,62694,0.12705151876166285,0.18982905125073279,0.010000000298023226,0.0056250004470348447,1,700,62200,62800,1,0.012472465390480417,-0.17735658586025238,-0.17735658586025238,-0.11438405374333441,-0.24143557250499725,1,0,0,0,1,1
after,62900000,62700000,62900,62694,62694,0.12705151876166285,0.18982905125073279,0.010000000298023226,0.0056250004470348447,1,700,62900,62800,1,-0.17735658586025238,-0.17735658586025238,-0.17735658586025238,-0.11438405374333441,-0.24143557250499725,1,0,0,0,1,1
before,63000000,62800000,63000,62794,62794,-0.10106731465661906,-0.21807435508773512,0.010000000298023226,0.0056250004470348447,1,100,62900,62800,1,-0.1796915417532701,0.038382813334465027,0.038382813334465027,-0.19606128594482325,-0.094993971288204193,1,0,0,0,1,1
after,63000000,62800000,63000,62794,62794,-0.10106731465661906,-0.21807435508773512,0.010000000298023226,0.0056250004470348447,1,100,63000,62800,1,0.038382813334465027,0.038382813334465027,0.038382813334465027,-0.19606128594482325,-0.094993971288204193,1,0,0,0,1,1
before,63100000,62900000,63100,62894,62894,-0.10247818754846608,0.053788714850169159,0.010000000298023226,0.0056250004470348447,1,100,63000,62800,1,0.039501463802379108,-0.014287251047790051,-0.014287251047790051,-0.14140320943529164,-0.038925021886825562,1,0,0,0,1,1
after,63100000,62900000,63100,62894,62894,-0.10247818754846608,0.053788714850169159,0.010000000298023226,0.0056250004470348447,1,100,63000,63100,1,-0.014287251047790051,-0.014287251047790051,-0.014287251047790051,-0.14140320943529164,-0.038925021886825562,1,0,0,0,1,1
before,63200000,63000000,63200,62994,62994,-0.1031285976171271,-0.064256677750834046,0.010000000298023226,0.0056250004470348447,1,200,63000,63100,1,-0.013797367338427126,0.050459310412406921,0.050459310412406921,-0.09136410105226199,0.011764496564865112,1,0,0,0,1,1
after,63200000,63000000,63200,62994,62994,-0.1031285976171271,-0.064256677750834046,0.010000000298023226,0.0056250004470348447,1,200,63000,63200,1,0.050459310412406921,0.050459310412406921,0.050459310412406921,-0.09136410105226199,0.011764496564865112,1,0,0,0,1,1
before,63300000,63100000,63300,63094,63094,0.076116097403919863,0.1737050957009531,0.010000000298023226,0.0056250004470348447,1,300,63000,63200,1,0.050928393654558771,-0.12277670204639435,-0.12277670204639435,-0.034505943523490262,-0.11062204092741013,1,0,0,0,1,1
after,63300000,63100000,63300,63094,63094,0.076116097403919863,0.1737050957009531,0.010000000298023226,0.0056250004470348447,1,300,63000,63300,1,-0.12277670204639435,-0.12277670204639435,-0.12277670204639435,-0.034505943523490262,-0.11062204092741013,1,0,0,0,1,1
before,63400000,63200000,63400,63194,63194,0.045753819108223764,-0.097022974437372123,0.010000000298023226,0.0056250004470348447,1,400,63000,63300,1,-0.12396779427518073,-0.026944819837808609,-0.026944819837808609,-0.085087495684409292,-0.13084131479263306,1,0,0,0,1,1
after,63400000,63200000,63400,63194,63194,0.045753819108223764,-0.097022974437372123,0.010000000298023226,0.0056250004470348447,1,400,63000,63400,1,-0.026944819837808609,-0.026944819837808609,-0.026944819837808609,-0.085087495684409292,-0.13084131479263306,1,0,0,0,1,1
before,63500000,63300000,63500,63294,63294,-0.19802993980997025,0.0043731492760153735,0.010000000298023226,0.0056250004470348447,1,500,63000,63400,1,-0.029079652130368141,-0.033452801406383514,-0.033452801406383514,-0.11090521214359221,0.087124727666378021,1,0,0,0,1,1
after,63500000,63300000,63500,63294,63294,-0.19802993980997025,0.0043731492760153735,0.010000000298023226,0.0056250004470348447,1,500,63000,63500,1,-0.033452801406383514,-0.033452801406383514,-0.033452801406383514,-0.11090521214359221,0.087124727666378021,1,0,0,0,1,1
before,63600000,63400000,63600,63394,63394,0.10572248069885581,-0.012562613358632381,0.010000000298023226,0.0056250004470348447,1,600,63000,63500,1,-0.032100021263495739,-0.019537407904863358,-0.019537407904863358,-0.01468860240337044,-0.12041108310222626,1,0,0,0,1,1
after,63600000,63400000,63600,63394,63394,0.10572248069885581,-0.012562613358632381,0.010000000298023226,0.0056250004470348447,1,600,63000,63600,1,-0.019537407904863358,-0.019537407904863358,-0.019537407904863358,-0.01468860240337044,-0.12041108310222626,1,0,0,0,1,1
before,63700000,63500000,63700,63494,63494,-0.19436332703918116,-0.030723644348799983,0.010000000298023226,0.0056250004470348447,1,700,63000,63600,1,-0.021574899482548038,0.0091487448662519455,0.0091487448662519455,-0.069843993795811105,0.12451933324337006,1,0,0,0,1,1
after,63700000,63500000,63700,63494,63494,-0.19436332703918116,-0.030723644348799983,0.010000000298023226,0.0056250004470348447,1,700,63000,63700,1,0.0091487448662519455,0.0091487448662519455,0.0091487448662519455,-0.069843993795811105,0.12451933324337006,1,0,0,0,1,1
before,63800000,63600000,63800,63594,63594,-0.12121643052114051,-0.061023268249267876,0.010000000298023226,0.0056250004470348447,1,800,63000,63700,1,0.011403512809043587,0.072426781058311462,0.072426781058311462,0.028831199550499505,0.15004763007164001,1,0,0,0,1,1
after,63800000,63600000,63800,63594,63594,-0.12121643052114051,-0.061023268249267876,0.010000000298023226,0.0056250004470348447,1,800,63000,63800,1,0.072426781058311462,0.072426781058311462,0.072426781058311462,0.028831199550499505,0.15004763007164001,1,0,0,0,1,1
before,63900000,63700000,63900,63694,63694,0.052235705080407535,-0.019040008527552527,0.010000000298023226,0.0056250004470348447,1,900,63000,63800,1,0.073875206070626337,0.092915214598178864,0.092915214598178864,0.097071570577996646,0.044835865497589111,1,0,0,0,1,1
after,63900000,63700000,63900,63694,63694,0.052235705080407535,-0.019040008527552527,0.010000000298023226,0.0056250004470348447,1,900,63000,63900,1,0.092915214598178864,0.092915214598178864,0.092915214598178864,0.097071570577996646,0.044835865497589111,1,0,0,0,1,1
before,64000000,63800000,64000,63794,63794,0.16014299259447329,-0.013691319240182631,0.010000000298023226,0.0056250004470348447,1,1000,63000,63900,1,0.091186964796930559,0.10487828403711319,0.10487828403711319,0.08002680257820359,-0.080116190016269684,1,0,0,0,1,1
after,64000000,63800000,64000,63794,63794,0.16014299259447329,-0.013691319240182631,0.010000000298023226,0.0056250004470348447,1,1000,63000,64000,1,0.10487828403711319,0.10487828403711319,0.10487828403711319,0.08002680257820359,-0.080116190016269684,1,0,0,0,1,1
before,64099999,63900000,64099,63894,63894,-0.050428340787036424,0.077780187620050734,0.010000000298023226,0.0056250004470348447,1,1099,63000,64000,1,0.10215439882708294,0.024374211207032204,0.024374211207032204,0.0099257280882763792,0.060354068875312805,1,0,0,0,1,1
after,64099999,63900000,64099,63894,63894,-0.050428340787036424,0.077780187620050734,0.010000000298023226,0.0056250004470348447,1,1099,63000,64099,1,0.024374211207032204,0.024374211207032204,0.024374211207032204,0.0099257280882763792,0.060354068875312805,1,0,0,0,1,1
before,64200000,64000000,64200,63994,63993,-0.092485779044463062,0.09545148481718696,0.010000000298023226,0.0056250004470348447,1,1200,63000,64099,1,0.024200017946879041,-0.071251466870307922,-0.071251466870307922,0.037680706861184209,0.13016648590564728,1,0,0,0,1,1
after,64200000,64000000,64200,63994,63993,-0.092485779044463062,0.09545148481718696,0.010000000298023226,0.0056250004470348447,1,1200,63000,64200,1,-0.071251466870307922,-0.071251466870307922,-0.071251466870307922,0.037680706861184209,0.13016648590564728,1,0,0,0,1,1
before,64300000,64099000,64300,64093,64094,0.10976123017496436,0.0051784219687755345,0.010000000298023226,0.0056250004470348447,1,1300,63000,64200,1,-0.069578505819482064,-0.074756927788257599,-0.074756927788257599,0.077098723028367455,-0.032662507146596909,1,0,0,0,1,1
after,64300000,64099000,64300,64093,64094,0.10976123017496436,0.0051784219687755345,0.010000000298023226,0.0056250004470348447,1,1300,63000,64300,1,-0.074756927788257599,-0.074756927788257599,-0.074756927788257599,0.077098723028367455,-0.032662507146596909,1,0,0,0,1,1
before,64400000,64200000,64400,64194,64194,0.16084290379923072,-0.014785161491091853,0.010000000298023226,0.0056250004470348447,1,1400,63000,64300,1,-0.076110499228890544,-0.061325337737798691,-0.061325337737798691,0.01442631418150154,-0.14641658961772919,1,0,0,0,1,1
after,64400000,64200000,64400,64194,64194,0.16084290379923072,-0.014785161491091853,0.010000000298023226,0.0056250004470348447,1,1400,63000,64400,1,-0.061325337737798691,-0.061325337737798691,-0.061325337737798691,0.01442631418150154,-0.14641658961772919,1,0,0,0,1,1
before,64500000,64300000,64500,64294,64293,-0.03899619327801894,0.037721244106276197,0.010000000298023226,0.0056250004470348447,1,1500,63000,64400,1,-0.064072387805001574,-0.10179363191127777,-0.10179363191127777,-0.072649828809682834,-0.033653635531663895,1,0,0,0,1,1
after,64500000,64300000,64500,64294,64293,-0.03899619327801894,0.037721244106276197,0.010000000298023226,0.0056250004470348447,1,1500,63000,64500,1,-0.10179363191127777,-0.10179363191127777,-0.10179363191127777,-0.072649828809682834,-0.033653635531663895,1,0,0,0,1,1
before,64599999,64400000,64599,64394,64394,0.08019090248959905,-0.21475980091314431,0.010000000298023226,0.0056250004470348447,1,1599,63000,64500,1,-0.1022124480031025,0.11254735291004181,0.11254735291004181,-0.063275689345422922,-0.14346659183502197,1,0,0,0,1,1
after,64599999,64400000,64599,64394,64394,0.08019090248959905,-0.21475980091314431,0.010000000298023226,0.0056250004470348447,1,1599,63000,64599,1,0.11254735291004181,0.11254735291004181,0.11254735291004181,-0.063275689345422922,-0.14346659183502197,1,0,0,0,1,1
before,64700000,64500000,64700,64494,64493,-0.12530229760284681,0.17781499445557314,0.010000000298023226,0.0056250004470348447,1,1700,63000,64599,1,0.11095757454752643,-0.066857419908046722,-0.066857419908046722,-0.092390281687929815,0.032912015914916992,1,0,0,0,1,1
after,64700000,64500000,64700,64494,64493,-0.12530229760284681,0.17781499445557314,0.010000000298023226,0.0056250004470348447,1,1700,63000,64700,1,-0.066857419908046722,-0.066857419908046722,-0.066857419908046722,-0.092390281687929815,0.032912015914916992,1,0,0,0,1,1
before,64800000,64599000,64800,64593,64594,-0.19776213978537799,0.011363925038700942,0.010000000298023226,0.0056250004470348447,1,1800,63000,64700,1,-0.065266719461554643,-0.076630644500255585,-0.076630644500255585,-0.036030553925125608,0.16173158586025238,1,0,0,0,1,1
after,64800000,64599000,64800,64593,64594,-0.19776213978537799,0.011363925038700942,0.010000000298023226,0.0056250004470348447,1,1800,63000,64800,1,-0.076630644500255585,-0.076630644500255585,-0.076630644500255585,-0.036030553925125608,0.16173158586025238,1,0,0,0,1,1
before,64900000,64700000,64900,64694,64694,-0.12826196780716548,0.0017631145600228021,0.010000000298023226,0.0056250004470348447,1,1900,63000,64800,1,-0.073789021145925074,-0.075552135705947876,-0.075552135705947876,0.05579567024196018,0.18405763804912567,1,0,0,0,1,1
after,64900000,64700000,64900,64694,64694,-0.12826196780716548,0.0017631145600228021,0.010000000298023226,0.0056250004470348447,1,1900,63000,64900,1,-0.075552135705947876,-0.075552135705947876,-0.075552135705947876,0.05579567024196018,0.18405763804912567,1,0,0,0,1,1
before,65000000,64800000,65000,64794,64793,0.42129611191801125,-0.1460359861838588,0.010000000298023226,0.0056250004470348447,1,2000,63000,64900,1,-0.074658783315397187,0.071377202868461609,0.071377202868461609,0.11271669683507975,-0.30857941508293152,1,0,0,0,1,1
after,65000000,64800000,65000,64794,64793,0.42129611191801125,-0.1460359861838588,0.010000000298023226,0.0056250004470348447,1,2000,63000,65000,1,0.071377202868461609,0.071377202868461609,0.071377202868461609,0.11271669683507975,-0.30857941508293152,1,0,0,0,1,1
before,65099999,64900000,65099,64894,64894,-0.055843300103440116,0.22062779485105838,0.010000000298023226,0.0056250004470348447,1,2099,63000,65000,1,0.064906413544410124,-0.15572138130664825,-0.15572138130664825,-0.092144901781573127,-0.036301601678133011,1,0,0,0,1,1
after,65099999,64900000,65099,64894,64894,-0.055843300103440116,0.22062779485105838,0.010000000298023226,0.0056250004470348447,1,2099,63000,65099,1,-0.15572138130664825,-0.15572138130664825,-0.15572138130664825,-0.092144901781573127,-0.036301601678133011,1,0,0,0,1,1
before,65200000,65000000,65200,64994,64993,0.025677516461885902,-0.25017343028267147,0.010000000298023226,0.0056250004470348447,1,2200,63000,65099,1,-0.15582315935571908,0.094350270926952362,0.094350270926952362,-0.079697177408658532,-0.10537469387054443,1,0,0,0,1,1
after,65200000,65000000,65200,64994,64993,0.025677516461885902,-0.25017343028267147,0.010000000298023226,0.0056250004470348447,1,2200,63000,65200,1,0.094350270926952362,0.094350270926952362,0.094350270926952362,-0.079697177408658532,-0.10537469387054443,1,0,0,0,1,1
before,65300000,65099000,65300,65093,65094,-0.048911789034589662,0.19018249495970127,0.010000000298023226,0.0056250004470348447,1,2300,63000,65200,1,0.093642587802280158,-0.096539907157421112,-0.096539907157421112,-0.083203387980445756,-0.034291598945856094,1,0,0,0,1,1
after,65300000,65099000,65300,65093,65094,-0.048911789034589662,0.19018249495970127,0.010000000298023226,0.0056250004470348447,1,2300,63000,65300,1,-0.096539907157421112,-0.096539907157421112,-0.096539907157421112,-0.083203387980445756,-0.034291598945856094,1,0,0,0,1,1
before,65400000,65200000,65400,65194,65194,0.076634595528601024,-0.047828580123714576,0.010000000298023226,0.0056250004470348447,1,2400,63000,65300,1,-0.096393174362711082,-0.048564594238996506,-0.048564594238996506,-0.068289121254922536,-0.14492371678352356,1,0,0,0,1,1
after,65400000,65200000,65400,65194,65194,0.076634595528601024,-0.047828580123714576,0.010000000298023226,0.0056250004470348447,1,2400,63000,65400,1,-0.048564594238996506,-0.048564594238996506,-0.048564594238996506,-0.068289121254922536,-0.14492371678352356,1,0,0,0,1,1
before,65500000,65300000,65500,65294,65293,-0.039275925948208598,0.062708354661557802,0.010000000298023226,0.0056250004470348447,1,2500,63000,65400,1,-0.050271392693426488,-0.11297974735498428,-0.11297974735498428,-0.11174847592312696,-0.072472549974918365,1,0,0,0,1,1
after,65500000,65300000,65500,65294,65293,-0.039275925948208598,0.062708354661557802,0.010000000298023226,0.0056250004470348447,1,2500,63000,65500,1,-0.11297974735498428,-0.11297974735498428,-0.11297974735498428,-0.11174847592312696,-0.072472549974918365,1,0,0,0,1,1
before,65599999,65400000,65599,65394,65394,-0.17794224404854961,-0.090386001469573971,0.010000000298023226,0.0056250004470348447,1,2599,63000,65500,1,-0.112981291564188,-0.022595290094614029,-0.022595290094614029,-0.10332769685549922,0.074614547193050385,1,0,0,0,1,1
after,65599999,65400000,65599,65394,65394,-0.17794224404854961,-0.090386001469573971,0.010000000298023226,0.0056250004470348447,1,2599,65599,65500,1,-0.022595290094614029,-0.022595290094614029,-0.022595290094614029,-0.10332769685549922,0.074614547193050385,1,0,0,0,1,1
before,65700000,65500000,65700,65494,65493,-0.019732546927821889,0.03229850029334666,0.010000000298023226,0.0056250004470348447,1,101,65599,65500,1,-0.02041371295466779,-0.05271221324801445,-0.05271221324801445,-0.016081177099091067,0.0036513698287308216,1,0,0,0,1,1
after,65700000,65500000,65700,65494,65493,-0.019732546927821889,0.03229850029334666,0.010000000298023226,0.0056250004470348447,1,101,65599,65700,1,-0.05271221324801445,-0.05271221324801445,-0.05271221324801445,-0.016081177099091067,0.0036513698287308216,1,0,0,0,1,1
before,65800000,65599000,65800,65594,65594,-0.093409999102014793,-0.056519407529479232,0.010000000298023226,0.0056250004470348447,1,201,65599,65700,1,-0.053280696954673495,0.0032387105748057365,0.0032387105748057365,-0.011472268789667379,0.081937730312347412,1,0,0,0,1,1
after,65800000,65599000,65800,65594,65594,-0.093409999102014793,-0.056519407529479232,0.010000000298023226,0.0056250004470348447,1,201,65599,65800,1,0.0032387105748057365,0.0032387105748057365,0.0032387105748057365,-0.011472268789667379,0.081937730312347412,1,0,0,0,1,1
before,65900000,65700000,65900,65694,65694,0.27066068333025661,-0.028000554410821311,0.010000000298023226,0.0056250004470348447,1,301,65599,65800,1,0.0035412438529669127,0.031541798263788223,0.031541798263788223,0.035754382427889982,-0.23490630090236664,1,0,0,0,1,1
after,65900000,65700000,65900,65694,65694,0.27066068333025661,-0.028000554410821311,0.010000000298023226,0.0056250004470348447,1,301,65599,65900,1,0.031541798263788223,0.031541798263788223,0.031541798263788223,0.035754382427889982,-0.23490630090236664,1,0,0,0,1,1
before,66000000,65800000,66000,65794,65794,-0.17022007643489326,-0.049305881060819526,0.010000000298023226,0.0056250004470348447,1,401,65599,65900,1,0.026904938123960599,0.076210819184780121,0.076210819184780121,-0.097279436283392556,0.072940640151500702,1,0,0,0,1,1
after,66000000,65800000,66000,65794,65794,-0.17022007643489326,-0.049305881060819526,0.010000000298023226,0.0056250004470348447,1,401,65599,66000,1,0.076210819184780121,0.076210819184780121,0.076210819184780121,-0.097279436283392556,0.072940640151500702,1,0,0,0,1,1
before,66099999,65900000,66099,65894,65894,0.10954190341426781,0.11540367886703135,0.010000000298023226,0.0056250004470348447,1,500,65599,66000,1,0.07787985787074686,-0.037523820996284485,-0.037523820996284485,-0.0040756508927161355,-0.11361755430698395,1,0,0,0,1,1
after,66099999,65900000,66099,65894,65894,0.10954190341426781,0.11540367886703135,0.010000000298023226,0.0056250004470348447,1,500,66099,66000,1,-0.037523820996284485,-0.037523820996284485,-0.037523820996284485,-0.0040756508927161355,-0.11361755430698395,1,0,0,0,1,1
before,66200000,66000000,66200,65994,65994,0.1028247214046358,-0.059157462690020667,0.010000000298023226,0.0056250004470348447,1,101,66099,66000,1,-0.039009330693627463,0.020148131996393204,0.020148131996393204,-0.062917377880489928,-0.16574209928512573,1,0,0,0,1,1
after,66200000,66000000,66200,65994,65994,0.1028247214046358,-0.059157462690020667,0.010000000298023226,0.0056250004470348447,1,101,66099,66200,1,0.020148131996393204,0.020148131996393204,0.020148131996393204,-0.062917377880489928,-0.16574209928512573,1,0,0,0,1,1
before,66300000,66099000,66300,66094,66094,-0.15535993207937521,0.010789603107606481,0.010000000298023226,0.0056250004470348447,1,201,66099,66200,1,0.018184790034776042,0.0073951869271695614,0.0073951869271695614,-0.11264999289757055,0.042709939181804657,1,0,0,0,1,1
after,66300000,66099000,66300,66094,66094,-0.15535993207937521,0.010789603107606481,0.010000000298023226,0.0056250004470348447,1,201,66099,66300,1,0.0073951869271695614,0.0073951869271695614,0.0073951869271695614,-0.11264999289757055,0.042709939181804657,1,0,0,0,1,1
before,66400000,66200000,66400,66194,66194,-0.046572394853321923,0.13222308507193553,0.010000000298023226,0.0056250004470348447,1,301,66099,66300,1,0.0086201136373423286,-0.1236029714345932,-0.1236029714345932,-0.033823972752181901,0.012748422101140022,1,0,0,0,1,1
after,66400000,66200000,66400,66194,66194,-0.046572394853321923,0.13222308507193553,0.010000000298023226,0.0056250004470348447,1,301,66099,66400,1,-0.1236029714345932,-0.1236029714345932,-0.1236029714345932,-0.033823972752181901,0.012748422101140022,1,0,0,0,1,1
before,66500000,66300000,66500,66294,66294,-0.065083185092923865,-0.09846175114442339,0.010000000298023226,0.0056250004470348447,1,401,66099,66400,1,-0.12412043499578466,-0.025658683851361275,-0.025658683851361275,-0.022853786007879,0.042229399085044861,1,0,0,0,1,1
after,66500000,66300000,66500,66294,66294,-0.065083185092923865,-0.09846175114442339,0.010000000298023226,0.0056250004470348447,1,401,66099,66500,1,-0.025658683851361275,-0.025658683851361275,-0.025658683851361275,-0.022853786007879,0.042229399085044861,1,0,0,0,1,1
before,66599999,66400000,66599,66394,66394,0.069230741775929527,0.095277604070004268,0.010000000298023226,0.0056250004470348447,1,500,66099,66500,1,-0.024842556211653898,-0.12012016028165817,-0.12012016028165817,0.0073312622973318795,-0.061899479478597641,1,0,0,0,1,1
after,66599999,66400000,66599,66394,66394,0.069230741775929527,0.095277604070004268,0.010000000298023226,0.0056250004470348447,1,500,66099,66599,1,-0.12012016028165817,-0.12012016028165817,-0.12012016028165817,0.0073312622973318795,-0.061899479478597641,1,0,0,0,1,1
before,66700000,66500000,66700,66494,66494,0.12907636087165697,-0.03325545624708609,0.010000000298023226,0.0056250004470348447,1,601,66099,66599,1,-0.12120391265367941,-0.087948456406593323,-0.087948456406593323,-0.03951372284664291,-0.16859008371829987,1,0,0,0,1,1
after,66700000,66500000,66700,66494,66494,0.12907636087165697,-0.03325545624708609,0.010000000298023226,0.0056250004470348447,1,601,66099,66700,1,-0.087948456406593323,-0.087948456406593323,-0.087948456406593323,-0.03951372284664291,-0.16859008371829987,1,0,0,0,1,1
before,66800000,66599000,66800,66594,66594,-0.12729257238477015,-0.061333590986814956,0.010000000298023226,0.0056250004470348447,1,701,66099,66700,1,-0.090878143774953346,-0.02954455278813839,-0.02954455278813839,-0.1133121446278646,0.013980427756905556,1,0,0,0,1,1
after,66800000,66599000,66800,66594,66594,-0.12729257238477015,-0.061333590986814956,0.010000000298023226,0.0056250004470348447,1,701,66099,66800,1,-0.02954455278813839,-0.02954455278813839,-0.02954455278813839,-0.1133121446278646,0.013980427756905556,1,0,0,0,1,1
before,66900000,66700000,66900,66694,66694,-0.076220066530841041,-0.096776274967884726,0.010000000298023226,0.0056250004470348447,1,801,66099,66800,1,-0.028352810073589984,0.068423464894294739,0.068423464894294739,-0.052256549952762771,0.02396351657807827,1,0,0,0,1,1
after,66900000,66700000,66900,66694,66694,-0.076220066530841041,-0.096776274967884726,0.010000000298023226,0.0056250004470348447,1,801,66099,66900,1,0.068423464894294739,0.068423464894294739,0.068423464894294739,-0.052256549952762771,0.02396351657807827,1,0,0,0,1,1
before,67000000,66800000,67000,66794,66794,0.0016990354329834865,0.075432521989164988,0.010000000298023226,0.0056250004470348447,1,901,66099,66900,1,0.069005593424258868,-0.0064269285649061203,-0.0064269285649061203,-0.0070960843890418126,-0.0087951198220252991,1,0,0,0,1,1
after,67000000,66800000,67000,66794,66794,0.0016990354329834865,0.075432521989164988,0.010000000298023226,0.0056250004470348447,1,901,66099,67000,1,-0.0064269285649061203,-0.0064269285649061203,-0.0064269285649061203,-0.0070960843890418126,-0.0087951198220252991,1,0,0,0,1,1
before,67099999,66900000,67099,66894,66894,0.081852058936867242,0.0058672187449397249,0.010000000298023226,0.0056250004470348447,1,1000,66099,67000,1,-0.0065630058227120237,-0.012430224567651749,-0.012430224567651749,-0.0085894287926821696,-0.090441487729549408,1,0,0,0,1,1
after,67099999,66900000,67099,66894,66894,0.081852058936867242,0.0058672187449397249,0.010000000298023226,0.0056250004470348447,1,1000,66099,67099,1,-0.012430224567651749,-0.012430224567651749,-0.012430224567651749,-0.0085894287926821696,-0.090441487729549408,1,0,0,0,1,1
before,67200000,67000000,67200,66994,66994,-0.1243946573360892,-0.088265564737709884,0.010000000298023226,0.0056250004470348447,1,1101,66099,67099,1,-0.014337566194924239,0.073927998542785645,0.073927998542785645,-0.051048273466441217,0.07334638386964798,1,0,0,0,1,1
after,67200000,67000000,67200,66994,66994,-0.1243946573360892,-0.088265564737709884,0.010000000298023226,0.0056250004470348447,1,1101,67200,67099,1,0.073927998542785645,0.073927998542785645,0.073927998542785645,-0.051048273466441217,0.07334638386964798,1,0,0,0,1,1
before,67300000,67099000,67300,67094,67094,0.039415235500289525,0.14921276838468825,0.010000000298023226,0.0056250004470348447,1,100,67200,67099,1,0.075478604146712175,-0.073734164237976074,-0.073734164237976074,0.018916197921587549,-0.020499037578701973,1,0,0,0,1,1
after,67300000,67099000,67300,67094,67094,0.039415235500289525,0.14921276838468825,0.010000000298023226,0.0056250004470348447,1,100,67200,67300,1,-0.073734164237976074,-0.073734164237976074,-0.073734164237976074,0.018916197921587549,-0.020499037578701973,1,0,0,0,1,1
before,67400000,67200000,67400,67194,67194,0.10565988236109201,0.00085871803245950173,0.010000000298023226,0.0056250004470348447,1,200,67200,67300,1,-0.074145852153678651,-0.075004570186138153,-0.075004570186138153,-0.0082728911097865836,-0.1139327734708786,1,0,0,0,1,1
after,67400000,67200000,67400,67194,67194,0.10565988236109201,0.00085871803245950173,0.010000000298023226,0.0056250004470348447,1,200,67200,67400,1,-0.075004570186138153,-0.075004570186138153,-0.075004570186138153,-0.0082728911097865836,-0.1139327734708786,1,0,0,0,1,1
before,67500000,67300000,67500,67294,67294,-0.11413340614472155,-0.090370443733759159,0.010000000298023226,0.0056250004470348447,1,300,67200,67400,1,-0.075777112590499157,0.014593331143260002,0.014593331143260002,-0.068875107628448048,0.045258298516273499,1,0,0,0,1,1
after,67500000,67300000,67500,67294,67294,-0.11413340614472155,-0.090370443733759159,0.010000000298023226,0.0056250004470348447,1,300,67500,67400,1,0.014593331143260002,0.014593331143260002,0.014593331143260002,-0.068875107628448048,0.045258298516273499,1,0,0,0,1,1
before,67600000,67400000,67600,67394,67394,0.072601736193868296,-0.041405452399810957,0.010000000298023226,0.0056250004470348447,1,100,67500,67400,1,0.014762526393571691,0.056167978793382645,0.056167978793382645,-0.010081253343847614,-0.082682989537715912,1,0,0,0,1,1
after,67600000,67400000,67600,67394,67394,0.072601736193868296,-0.041405452399810957,0.010000000298023226,0.0056250004470348447,1,100,67500,67600,1,0.056167978793382645,0.056167978793382645,0.056167978793382645,-0.010081253343847614,-0.082682989537715912,1,0,0,0,1,1
before,67700000,67500000,67700,67494,67494,-0.084158899734795303,0.041841140824480538,0.010000000298023226,0.0056250004470348447,1,200,67500,67600,1,0.054270624059362893,0.012429483234882355,0.012429483234882355,-0.041051494429886551,0.043107405304908752,1,0,0,0,1,1
after,67700000,67500000,67700,67494,67494,-0.084158899734795303,0.041841140824480538,0.010000000298023226,0.0056250004470348447,1,200,67500,67700,1,0.012429483234882355,0.012429483234882355,0.012429483234882355,-0.041051494429886551,0.043107405304908752,1,0,0,0,1,1
before,67800000,67600000,67800,67594,67594,0.028797008953338536,-0.015151389909373451,0.010000000298023226,0.0056250004470348447,1,300,67500,67700,1,0.012795587035430741,0.027946976944804192,0.027946976944804192,0.0024680317559298598,-0.026328977197408676,1,0,0,0,1,1
after,67800000,67600000,67800,67594,67594,0.028797008953338536,-0.015151389909373451,0.010000000298023226,0.0056250004470348447,1,300,67500,67800,1,0.027946976944804192,0.027946976944804192,0.027946976944804192,0.0024680317559298598,-0.026328977197408676,1,0,0,0,1,1
before,67900000,67700000,67900,67694,67694,0.006397718070082015,0.086220674728189409,0.010000000298023226,0.0056250004470348447,1,400,67500,67800,1,0.027275208895240724,-0.058945465832948685,-0.058945465832948685,-0.0092480932641703425,-0.015645811334252357,1,0,0,0,1,1
after,67900000,67700000,67900,67694,67694,0.006397718070082015,0.086220674728189409,0.010000000298023226,0.0056250004470348447,1,400,67500,67900,1,-0.058945465832948685,-0.058945465832948685,-0.058945465832948685,-0.0092480932641703425,-0.015645811334252357,1,0,0,0,1,1
before,68000000,67800000,68000,67794,67794,0.12877336817200807,-0.025542090526010162,0.010000000298023226,0.0056250004470348447,1,500,67500,67900,1,-0.059266495397473938,-0.033724404871463776,-0.033724404871463776,-0.018374898262661424,-0.14714826643466949,1,0,0,0,1,1
after,68000000,67800000,68000,67794,67794,0.12877336817200807,-0.025542090526010162,0.010000000298023226,0.0056250004470348447,1,500,67500,68000,1,-0.033724404871463776,-0.033724404871463776,-0.033724404871463776,-0.018374898262661424,-0.14714826643466949,1,0,0,0,1,1
before,68100000,67900000,68100,67894,67894,0.024881367599727242,-0.062349427808790166,0.010000000298023226,0.0056250004470348447,1,600,67500,68000,1,-0.03625216553059097,0.026097262278199196,0.026097262278199196,-0.086589786195991905,-0.11147115379571915,1,0,0,0,1,1
after,68100000,67900000,68100,67894,67894,0.024881367599727242,-0.062349427808790166,0.010000000298023226,0.0056250004470348447,1,600,67500,68100,1,0.026097262278199196,0.026097262278199196,0.026097262278199196,-0.086589786195991905,-0.11147115379571915,1,0,0,0,1,1
before,68200000,68000000,68200,67994,67994,-0.05627285888431581,-0.017711748062685075,0.010000000298023226,0.0056250004470348447,1,700,67500,68100,1,0.026061023891851363,0.043772771954536438,0.043772771954536438,-0.096469311174135527,-0.040196452289819717,1,0,0,0,1,1
after,68200000,68000000,68200,67994,67994,-0.05627285888431581,-0.017711748062685075,0.010000000298023226,0.0056250004470348447,1,700,67500,68200,1,0.043772771954536438,0.043772771954536438,0.043772771954536438,-0.096469311174135527,-0.040196452289819717,1,0,0,0,1,1
before,68300000,68100000,68300,68094,68094,-0.013275581719710258,0.081582430580887988,0.010000000298023226,0.0056250004470348447,1,800,67500,68200,1,0.044332001189027033,-0.037250429391860962,-0.037250429391860962,-0.063785231979920295,-0.050509650260210037,1,0,0,0,1,1
after,68300000,68100000,68300,68094,68094,-0.013275581719710258,0.081582430580887988,0.010000000298023226,0.0056250004470348447,1,800,67500,68300,1,-0.037250429391860962,-0.037250429391860962,-0.037250429391860962,-0.063785231979920295,-0.050509650260210037,1,0,0,0,1,1
before,68400000,68200000,68400,68194,68194,0.21252655873817911,-0.079759670037218039,0.010000000298023226,0.0056250004470348447,1,900,67500,68300,1,-0.037573089438863706,0.04218658059835434,0.04218658059835434,-0.060868741173319925,-0.27339529991149902,1,0,0,0,1,1
after,68400000,68200000,68400,68194,68194,0.21252655873817911,-0.079759670037218039,0.010000000298023226,0.0056250004470348447,1,900,67500,68400,1,0.04218658059835434,0.04218658059835434,0.04218658059835434,-0.060868741173319925,-0.27339529991149902,1,0,0,0,1,1
before,68500000,68300000,68500,68294,68294,0.095359793638646329,0.058729437211701561,0.010000000298023226,0.0056250004470348447,1,1000,67500,68400,1,0.038160356724807908,-0.020569080486893654,-0.020569080486893654,-0.1636525180583599,-0.25901231169700623,1,0,0,0,1,1
after,68500000,68300000,68500,68294,68294,0.095359793638646329,0.058729437211701561,0.010000000298023226,0.0056250004470348447,1,1000,67500,68500,1,-0.020569080486893654,-0.020569080486893654,-0.020569080486893654,-0.1636525180583599,-0.25901231169700623,1,0,0,0,1,1
before,68600000,68400000,68600,68394,68394,-0.059045032015417248,0.11300161871195388,0.010000000298023226,0.0056250004470348447,1,1100,67500,68500,1,-0.021824117572302092,-0.13482573628425598,-0.13482573628425598,-0.2136738303810102,-0.15462879836559296,1,0,0,0,1,1
after,68600000,68400000,68600,68394,68394,-0.059045032015417248,0.11300161871195388,0.010000000298023226,0.0056250004470348447,1,1100,67500,68600,1,-0.13482573628425598,-0.13482573628425598,-0.13482573628425598,-0.2136738303810102,-0.15462879836559296,1,0,0,0,1,1
before,68700000,68500000,68700,68494,68494,-0.087601023303255976,-0.10878277213759488,0.010000000298023226,0.0056250004470348447,1,1200,67500,68600,1,-0.13343153351433343,-0.024648761376738548,-0.024648761376738548,-0.19739372520326132,-0.10979270190000534,1,0,0,0,1,1
after,68700000,68500000,68700,68494,68494,-0.087601023303255976,-0.10878277213759488,0.010000000298023226,0.0056250004470348447,1,1200,67500,68700,1,-0.024648761376738548,-0.024648761376738548,-0.024648761376738548,-0.19739372520326132,-0.10979270190000534,1,0,0,0,1,1
before,68800000,68600000,68800,68594,68594,0.03807473595161201,0.10217702523740418,0.010000000298023226,0.0056250004470348447,1,1300,67500,68700,1,-0.024336545309699701,-0.12651357054710388,-0.12651357054710388,-0.15585517470817803,-0.19392991065979004,1,0,0,0,1,1
after,68800000,68600000,68800,68594,68594,0.03807473595161201,0.10217702523740418,0.010000000298023226,0.0056250004470348447,1,1300,67500,68800,1,-0.12651357054710388,-0.12651357054710388,-0.12651357054710388,-0.15585517470817803,-0.19392991065979004,1,0,0,0,1,1
before,68900000,68700000,68900,68694,68694,-0.09274894327749808,-0.18318294241056873,0.010000000298023226,0.0056250004470348447,1,1400,67500,68800,1,-0.12677594526634647,0.05640699714422226,0.05640699714422226,-0.18761537552704413,-0.094866432249546051,1,0,0,0,1,1
after,68900000,68700000,68900,68694,68694,-0.09274894327749808,-0.18318294241056873,0.010000000298023226,0.0056250004470348447,1,1400,67500,68900,1,0.05640699714422226,0.05640699714422226,0.05640699714422226,-0.18761537552704413,-0.094866432249546051,1,0,0,0,1,1
before,69000000,68800000,69000,68794,68794,-0.17195328740975263,0.064667012714187094,0.010000000298023226,0.0056250004470348447,1,1500,67500,68900,1,0.057347222403029391,-0.0073197903111577034,-0.0073197903111577034,-0.13532072349092367,0.036632563918828964,1,0,0,0,1,1
after,69000000,68800000,69000,68794,68794,-0.17195328740975263,0.064667012714187094,0.010000000298023226,0.0056250004470348447,1,1500,67500,69000,1,-0.0073197903111577034,-0.0073197903111577034,-0.0073197903111577034,-0.13532072349092367,0.036632563918828964,1,0,0,0,1,1
before,69100000,68900000,69100,68894,68894,0.070822771069352849,0.0037287354617373501,0.010000000298023226,0.0056250004470348447,1,1600,67500,69000,1,-0.0057670015693648304,-0.0094957370311021805,-0.0094957370311021805,-0.049581859830076472,-0.12040463089942932,1,0,0,0,1,1
after,69100000,68900000,69100,68894,68894,0.070822771069352849,0.0037287354617373501,0.010000000298023226,0.0056250004470348447,1,1600,67500,69100,1,-0.0094957370311021805,-0.0094957370311021805,-0.0094957370311021805,-0.049581859830076472,-0.12040463089942932,1,0,0,0,1,1
before,69200000,69000000,69200,68994,68994,-0.10518298945132459,-0.056804065981195195,0.010000000298023226,0.0056250004470348447,1,1700,67500,69100,1,-0.010310140826986057,0.046493925154209137,0.046493925154209137,-0.086145386981999528,0.019037602469325066,1,0,0,0,1,1
after,69200000,69000000,69200,68994,68994,-0.10518298945132459,-0.056804065981195195,0.010000000298023226,0.0056250004470348447,1,1700,67500,69200,1,0.046493925154209137,0.046493925154209137,0.046493925154209137,-0.086145386981999528,0.019037602469325066,1,0,0,0,1,1
before,69300000,69100000,69300,69094,69094,-0.0047485857162240172,0.018537761791595733,0.010000000298023226,0.0056250004470348447,1,1800,67500,69200,1,0.047420850171694076,0.028883088380098343,0.028883088380098343,-0.02862218868765861,-0.023873602971434593,1,0,0,0,1,1
after,69300000,69100000,69300,69094,69094,-0.0047485857162240172,0.018537761791595733,0.010000000298023226,0.0056250004470348447,1,1800,67500,69300,1,0.028883088380098343,0.028883088380098343,0.028883088380098343,-0.02862218868765861,-0.023873602971434593,1,0,0,0,1,1
before,69400000,69200000,69400,69194,69194,0.20430815162336469,0.004640224248378972,0.010000000298023226,0.0056250004470348447,1,1900,67500,69300,1,0.029446790784805516,0.024806566536426544,0.024806566536426544,-0.023314670303705921,-0.22762282192707062,1,0,0,0,1,1
after,69400000,69200000,69400,69194,69194,0.20430815162336469,0.004640224248378972,0.010000000298023226,0.0056250004470348447,1,1900,67500,69400,1,0.024806566536426544,0.024806566536426544,0.024806566536426544,-0.023314670303705921,-0.22762282192707062,1,0,0,0,1,1
before,69500000,69300000,69500,69294,69294,0.028504001282743316,0.024510298680499597,0.010000000298023226,0.0056250004470348447,1,2000,67500,69400,1,0.021203280251458689,-0.0033070184290409088,-0.0033070184290409088,-0.12365203878969779,-0.1521560400724411,1,0,0,0,1,1
after,69500000,69300000,69500,69294,69294,0.028504001282743316,0.024510298680499597,0.010000000298023226,0.0056250004470348447,1,2000,67500,69500,1,-0.0033070184290409088,-0.0033070184290409088,-0.0033070184290409088,-0.12365203878969779,-0.1521560400724411,1,0,0,0,1,1
before,69600000,69400000,69600,69394,69394,0.040656410325322051,-0.050822895362459299,0.010000000298023226,0.0056250004470348447,1,2100,67500,69500,1,-0.0041325095737801774,0.046690385788679123,0.046690385788679123,-0.1383588535897399,-0.17901526391506195,1,0,0,0,1,1
after,69600000,69400000,69600,69394,69394,0.040656410325322051,-0.050822895362459299,0.010000000298023226,0.0056250004470348447,1,2100,67500,69600,1,0.046690385788679123,0.046690385788679123,0.046690385788679123,-0.1383588535897399,-0.17901526391506195,1,0,0,0,1,1
before,69700000,69500000,69700,69494,69494,-0.08048323028440485,0.050352603011857067,0.010000000298023226,0.0056250004470348447,1,2200,67500,69600,1,0.04665844822404841,-0.0036941547878086567,-0.0036941547878086567,-0.15409921341295252,-0.073615983128547668,1,0,0,0,1,1
after,69700000,69500000,69700,69494,69494,-0.08048323028440485,0.050352603011857067,0.010000000298023226,0.0056250004470348447,1,2200,67500,69700,1,-0.0036941547878086567,-0.0036941547878086567,-0.0036941547878086567,-0.15409921341295252,-0.073615983128547668,1,0,0,0,1,1
before,69800000,69600000,69800,69594,69594,0.0022837156562776073,-0.059314436359130453,0.010000000298023226,0.0056250004470348447,1,2300,67500,69700,1,-0.0030919975468745946,0.056222438812255859,0.056222438812255859,-0.11400574351263337,-0.11628945916891098,1,0,0,0,1,1
after,69800000,69600000,69800,69594,69594,0.0022837156562776073,-0.059314436359130453,0.010000000298023226,0.0056250004470348447,1,2300,67500,69800,1,0.056222438812255859,0.056222438812255859,0.056222438812255859,-0.11400574351263337,-0.11628945916891098,1,0,0,0,1,1
before,69900000,69700000,69900,69694,69694,-0.096828410155095954,0.08146205151188618,0.010000000298023226,0.0056250004470348447,1,2400,67500,69800,1,0.055859174371841014,-0.025602877140045166,-0.025602877140045166,-0.10953694464168777,-0.012708534486591816,1,0,0,0,1,1
after,69900000,69700000,69900,69694,69694,-0.096828410155095954,0.08146205151188618,0.010000000298023226,0.0056250004470348447,1,2400,67500,69900,1,-0.025602877140045166,-0.025602877140045166,-0.025602877140045166,-0.10953694464168777,-0.012708534486591816,1,0,0,0,1,1
before,70000000,69800000,70000,69794,69794,0.076316678424651549,-0.083876367491656514,0.010000000298023226,0.0056250004470348447,1,2500,67500,69900,1,-0.024607628417187898,0.059268739074468613,0.059268739074468613,-0.063384151558106019,-0.13970082998275757,1,0,0,0,1,1
after,70000000,69800000,70000,69794,69794,0.076316678424651549,-0.083876367491656514,0.010000000298023226,0.0056250004470348447,1,2500,67500,70000,1,0.059268739074468613,0.059268739074468613,0.059268739074468613,-0.063384151558106019,-0.13970082998275757,1,0,0,0,1,1
before,70100000,69900000,70100,69894,69894,-0.12599278603301026,0.14160124434696994,0.010000000298023226,0.0056250004470348447,1,2600,67500,70000,1,0.057656528787487372,-0.083944715559482574,-0.083944715559482574,-0.095883713928913844,0.030109072104096413,1,0,0,0,1,1
after,70100000,69900000,70100,69894,69894,-0.12599278603301026,0.14160124434696994,0.010000000298023226,0.0056250004470348447,1,2600,67500,70100,1,-0.083944715559482574,-0.083944715559482574,-0.083944715559482574,-0.095883713928913844,0.030109072104096413,1,0,0,0,1,1
before,70200000,70000000,70200,69994,69994,0.014314855807471022,-0.049676897042051527,0.010000000298023226,0.0056250004470348447,1,2700,67500,70100,1,-0.082972908430353376,-0.033296011388301849,-0.033296011388301849,-0.040931944376778856,-0.055246800184249878,1,0,0,0,1,1
after,70200000,70000000,70200,69994,69994,0.014314855807471022,-0.049676897042051527,0.010000000298023226,0.0056250004470348447,1,2700,67500,70200,1,-0.033296011388301849,-0.033296011388301849,-0.033296011388301849,-0.040931944376778856,-0.055246800184249878,1,0,0,0,1,1
before,70300000,70100000,70300,70094,70094,-0.25202963924169597,-0.036229682619625871,0.010000000298023226,0.0056250004470348447,1,2800,67500,70200,1,-0.034159003057459537,0.0020706795621663332,0.0020706795621663332,-0.051499259231091131,0.20053038001060486,1,0,0,0,1,1
after,70300000,70100000,70300,70094,70094,-0.25202963924169597,-0.036229682619625871,0.010000000298023226,0.0056250004470348447,1,2800,67500,70300,1,0.0020706795621663332,0.0020706795621663332,0.0020706795621663332,-0.051499259231091131,0.20053038001060486,1,0,0,0,1,1
before,70400000,70200000,70400,70194,70194,0.13680649457124205,-0.099343262174066901,0.010000000298023226,0.0056250004470348447,1,2900,67500,70300,1,0.0054320622897774014,0.1047753244638443,0.1047753244638443,0.075475639678511328,-0.061330854892730713,1,0,0,0,1,1
after,70400000,70200000,70400,70194,70194,0.13680649457124205,-0.099343262174066901,0.010000000298023226,0.0056250004470348447,1,2900,67500,70400,1,0.1047753244638443,0.1047753244638443,0.1047753244638443,0.075475639678511328,-0.061330854892730713,1,0,0,0,1,1
before,70500000,70300000,70500,70294,70294,0.031831747376872416,0.0058922370271228819,0.010000000298023226,0.0056250004470348447,1,3000,67500,70400,1,0.10205458601279488,0.096162348985671997,0.096162348985671997,0.017074834079994081,-0.014756913296878338,1,0,0,0,1,1
after,70500000,70300000,70500,70294,70294,0.031831747376872416,0.0058922370271228819,0.010000000298023226,0.0056250004470348447,1,3000,67500,70500,1,0.096162348985671997,0.096162348985671997,0.096162348985671997,0.017074834079994081,-0.014756913296878338,1,0,0,0,1,1
before,70600000,70400000,70600,70394,70394,0.20942154952327627,0.11896664068370461,0.010000000298023226,0.0056250004470348447,1,3100,67500,70500,1,0.094688702153855553,-0.024277938529849052,-0.024277938529849052,0.010619778716963704,-0.19880177080631256,1,0,0,0,1,1
after,70600000,70400000,70600,70394,70394,0.20942154952327627,0.11896664068370461,0.010000000298023226,0.0056250004470348447,1,3100,70600,70500,1,-0.024277938529849052,-0.024277938529849052,-0.024277938529849052,0.010619778716963704,-0.19880177080631256,1,0,0,0,1,1
before,70700000,70500000,70700,70494,70494,0.058370181150038183,0.12101086113579024,0.010000000298023226,0.0056250004470348447,1,100,70600,70500,1,-0.029086568616559609,-0.15009742975234985,-0.15009742975234985,-0.097310400777261316,-0.1556805819272995,1,0,0,0,1,1
after,70700000,70500000,70700,70494,70494,0.058370181150038183,0.12101086113579024,0.010000000298023226,0.0056250004470348447,1,100,70600,70700,1,-0.15009742975234985,-0.15009742975234985,-0.15009742975234985,-0.097310400777261316,-0.1556805819272995,1,0,0,0,1,1
before,70800000,70600000,70800,70594,70594,-0.05113390321593464,-0.24149979882230649,0.010000000298023226,0.0056250004470348447,1,200,70600,70700,1,-0.15173777424087415,0.089762024581432343,0.089762024581432343,-0.14172901446681202,-0.09059511125087738,1,0,0,0,1,1
after,70800000,70600000,70800,70594,70594,-0.05113390321593464,-0.24149979882230649,0.010000000298023226,0.0056250004470348447,1,200,70600,70800,1,0.089762024581432343,0.089762024581432343,0.089762024581432343,-0.14172901446681202,-0.09059511125087738,1,0,0,0,1,1
before,70900000,70700000,70900,70694,70694,-0.14338911281690453,0.18738718063638066,0.010000000298023226,0.0056250004470348447,1,300,70600,70800,1,0.090012853155587672,-0.097374327480792999,-0.097374327480792999,-0.10704413758382653,0.036344975233078003,1,0,0,0,1,1
after,70900000,70700000,70900,70694,70694,-0.14338911281690453,0.18738718063638066,0.010000000298023226,0.0056250004470348447,1,300,70600,70900,1,-0.097374327480792999,-0.097374327480792999,-0.097374327480792999,-0.10704413758382653,0.036344975233078003,1,0,0,0,1,1
before,71000000,70800000,71000,70794,70794,-0.14594819656069535,0.084849373947200879,0.010000000298023226,0.0056250004470348447,1,400,70600,70900,1,-0.095470173705997363,-0.18031954765319824,-0.18031954765319824,-0.044644403070762326,0.10130379348993301,1,0,0,0,1,1
after,71000000,70800000,71000,70794,70794,-0.14594819656069535,0.084849373947200879,0.010000000298023226,0.0056250004470348447,1,400,70600,71000,1,-0.18031954765319824,-0.18031954765319824,-0.18031954765319824,-0.044644403070762326,0.10130379348993301,1,0,0,0,1,1
before,71100000,70900000,71100,70894,70894,0.096703397374481109,-0.27575842708676934,0.010000000298023226,0.0056250004470348447,1,500,70600,71000,1,-0.17810655802816031,0.097651869058609009,0.097651869058609009,0.010773988705009365,-0.085929408669471741,1,0,0,0,1,1
after,71100000,70900000,71100,70894,70894,0.096703397374481109,-0.27575842708676934,0.010000000298023226,0.0056250004470348447,1,500,70600,71100,1,0.097651869058609009,0.097651869058609009,0.097651869058609009,0.010773988705009365,-0.085929408669471741,1,0,0,0,1,1
before,71200000,71000000,71200,70994,70994,0.018933852848401111,0.092948880275100662,0.010000000298023226,0.0056250004470348447,1,600,70600,71100,1,0.095478984522953822,0.0025301042478531599,0.0025301042478531599,-0.028149860265860516,-0.047083713114261627,1,0,0,0,1,1
after,71200000,71000000,71200,70994,70994,0.018933852848401111,0.092948880275100662,0.010000000298023226,0.0056250004470348447,1,600,70600,71200,1,0.0025301042478531599,0.0025301042478531599,0.0025301042478531599,-0.028149860265860516,-0.047083713114261627,1,0,0,0,1,1
before,71300000,71100000,71300,71094,71094,-0.14738419015760523,-0.02420757128813231,0.010000000298023226,0.0056250004470348447,1,700,70600,71200,1,0.0027191566773418171,0.026926727965474129,0.026926727965474129,-0.037378647521687576,0.11000554263591766,1,0,0,0,1,1
after,71300000,71100000,71300,71094,71094,-0.14738419015760523,-0.02420757128813231,0.010000000298023226,0.0056250004470348447,1,700,70600,71300,1,0.026926727965474129,0.026926727965474129,0.026926727965474129,-0.037378647521687576,0.11000554263591766,1,0,0,0,1,1
before,71400000,71200000,71400,71194,71194,-0.031494703089379822,0.071387705128009543,0.010000000298023226,0.0056250004470348447,1,800,70600,71300,1,0.028241556803996787,-0.043146148324012756,-0.043146148324012756,0.039408925975180115,0.070903629064559937,1,0,0,0,1,1
after,71400000,71200000,71400,71194,71194,-0.031494703089379822,0.071387705128009543,0.010000000298023226,0.0056250004470348447,1,800,70600,71400,1,-0.043146148324012756,-0.043146148324012756,-0.043146148324012756,0.039408925975180115,0.070903629064559937,1,0,0,0,1,1
before,71500000,71300000,71500,71294,71294,0.045745843752381686,-0.0010644380901330269,0.010000000298023226,0.0056250004470348447,1,900,70600,71400,1,-0.042959183171796159,-0.041894745081663132,-0.041894745081663132,0.050947711999622468,0.0052018682472407818,1,0,0,0,1,1
after,71500000,71300000,71500,71294,71294,0.045745843752381686,-0.0010644380901330269,0.010000000298023226,0.0056250004470348447,1,900,70600,71500,1,-0.041894745081663132,-0.041894745081663132,-0.041894745081663132,0.050947711999622468,0.0052018682472407818,1,0,0,0,1,1
before,71600000,71400000,71600,71394,71394,0.13422890909730659,-0.060566200121862618,0.010000000298023226,0.0056250004470348447,1,1000,70600,71500,1,-0.043171106084806649,0.017395094037055969,0.017395094037055969,0.02368515142022835,-0.11054375767707825,1,0,0,0,1,1
after,71600000,71400000,71600,71394,71394,0.13422890909730659,-0.060566200121862618,0.010000000298023226,0.0056250004470348447,1,1000,70600,71600,1,0.017395094037055969,0.017395094037055969,0.017395094037055969,0.02368515142022835,-0.11054375767707825,1,0,0,0,1,1
before,71700000,71500000,71700,71494,71494,-0.032440100852891708,0.0078114636539966167,0.010000000298023226,0.0056250004470348447,1,1100,70600,71600,1,0.015376210894390971,0.0075647472403943539,0.0075647472403943539,-0.042104048710808063,-0.0096639478579163551,1,0,0,0,1,1
after,71700000,71500000,71700,71494,71494,-0.032440100852891708,0.0078114636539966167,0.010000000298023226,0.0056250004470348447,1,1100,70600,71700,1,0.0075647472403943539,0.0075647472403943539,0.0075647472403943539,-0.042104048710808063,-0.0096639478579163551,1,0,0,0,1,1
before,71800000,71600000,71800,71594,71594,0.11372447322756991,-0.01149805207705009,0.010000000298023226,0.0056250004470348447,1,1200,70600,71700,1,0.0075019398614217031,0.018999991938471794,0.018999991938471794,-0.025066551457336092,-0.13879102468490601,1,0,0,0,1,1
after,71800000,71600000,71800,71594,71594,0.11372447322756991,-0.01149805207705009,0.010000000298023226,0.0056250004470348447,1,1200,70600,71800,1,0.018999991938471794,0.018999991938471794,0.018999991938471794,-0.025066551457336092,-0.13879102468490601,1,0,0,0,1,1
before,71900000,71700000,71900,71694,71694,0.024412597518589985,-0.013711268334949407,0.010000000298023226,0.0056250004470348447,1,1300,70600,71800,1,0.016937855378424731,0.030649123713374138,0.030649123713374138,-0.080405686992976177,-0.10481828451156616,1,0,0,0,1,1
after,71900000,71700000,71900,71694,71694,0.024412597518589985,-0.013711268334949407,0.010000000298023226,0.0056250004470348447,1,1300,70600,71900,1,0.030649123713374138,0.030649123713374138,0.030649123713374138,-0.080405686992976177,-0.10481828451156616,1,0,0,0,1,1
before,72000000,71800000,72000,71794,71794,-0.033242835008261154,-0.075923331012956813,0.010000000298023226,0.0056250004470348447,1,1400,70600,71900,1,0.029500126907594484,0.1054234579205513,0.1054234579205513,-0.08967638602173085,-0.056433551013469696,1,0,0,0,1,1
after,72000000,71800000,72000,71794,71794,-0.033242835008261154,-0.075923331012956813,0.010000000298023226,0.0056250004470348447,1,1400,70600,72000,1,0.1054234579205513,0.1054234579205513,0.1054234579205513,-0.08967638602173085,-0.056433551013469696,1,0,0,0,1,1
before,72100000,71900000,72100,71894,71894,0.016550216052871942,-0.015813050139250301,0.010000000298023226,0.0056250004470348447,1,1500,70600,72000,1,0.1059424008247237,0.121755450963974,0.121755450963974,-0.062387888159412146,-0.078938104212284088,1,0,0,0,1,1
after,72100000,71900000,72100,71894,71894,0.016550216052871942,-0.015813050139250301,0.010000000298023226,0.0056250004470348447,1,1500,70600,72100,1,0.121755450963974,0.121755450963974,0.121755450963974,-0.062387888159412146,-0.078938104212284088,1,0,0,0,1,1
before,72200000,72000000,72200,71994,71994,0.071096860382588944,0.13811799900140853,0.010000000298023226,0.0056250004470348447,1,1600,70600,72100,1,0.12063863703515622,-0.017479361966252327,-0.017479361966252327,-0.058617121961084755,-0.12971398234367371,1,0,0,0,1,1
after,72200000,72000000,72200,71994,71994,0.071096860382588944,0.13811799900140853,0.010000000298023226,0.0056250004470348447,1,1600,70600,72200,1,-0.017479361966252327,-0.017479361966252327,-0.017479361966252327,-0.058617121961084755,-0.12971398234367371,1,0,0,0,1,1
before,72300000,72100000,72300,72094,72094,0.080576806024772851,-0.045878647743984285,0.010000000298023226,0.0056250004470348447,1,1700,70600,72200,1,-0.018382503568454802,0.02749614417552948,0.02749614417552948,-0.096111656471030982,-0.17668846249580383,1,0,0,0,1,1
after,72300000,72100000,72300,72094,72094,0.080576806024772851,-0.045878647743984285,0.010000000298023226,0.0056250004470348447,1,1700,70600,72300,1,0.02749614417552948,0.02749614417552948,0.02749614417552948,-0.096111656471030982,-0.17668846249580383,1,0,0,0,1,1
before,72400000,72200000,72400,72194,72194,-0.12611832101058676,-0.089670758915027987,0.010000000298023226,0.0056250004470348447,1,1800,70600,72300,1,0.025878775644221894,0.11554953455924988,0.11554953455924988,-0.13390562500965311,-0.0077873039990663528,1,0,0,0,1,1
after,72400000,72200000,72400,72194,72194,-0.12611832101058676,-0.089670758915027987,0.010000000298023226,0.0056250004470348447,1,1800,72400,72300,1,0.11554953455924988,0.11554953455924988,0.11554953455924988,-0.13390562500965311,-0.0077873039990663528,1,0,0,0,1,1
before,72500000,72300000,72500,72294,72294,-0.13516808160745353,-0.023158326510161781,0.010000000298023226,0.0056250004470348447,1,100,72400,72300,1,0.11687123798969326,0.14002956449985504,0.14002956449985504,-0.058911940540902319,0.076256141066551208,1,0,0,0,1,1
after,72500000,72300000,72500,72294,72294,-0.13516808160745353,-0.023158326510161781,0.010000000298023226,0.0056250004470348447,1,100,72400,72500,1,0.14002956449985504,0.14002956449985504,0.14002956449985504,-0.058911940540902319,0.076256141066551208,1,0,0,0,1,1
before,72600000,72400000,72600,72394,72394,-0.022042075577737401,0.17700427502781396,0.010000000298023226,0.0056250004470348447,1,200,72400,72500,1,0.1415059427955771,-0.035498332232236862,-0.035498332232236862,0.023055696454285075,0.045097772032022476,1,0,0,0,1,1
after,72600000,72400000,72600,72394,72394,-0.022042075577737401,0.17700427502781396,0.010000000298023226,0.0056250004470348447,1,200,72400,72600,1,-0.035498332232236862,-0.035498332232236862,-0.035498332232236862,0.023055696454285075,0.045097772032022476,1,0,0,0,1,1
before,72700000,72500000,72700,72494,72494,0.11279421002837872,0.027559024923714245,0.010000000298023226,0.0056250004470348447,1,300,72400,72600,1,-0.035267943805781757,-0.062826968729496002,-0.062826968729496002,0.030569148075310949,-0.08222506195306778,1,0,0,0,1,1
after,72700000,72500000,72700,72494,72494,0.11279421002837872,0.027559024923714245,0.010000000298023226,0.0056250004470348447,1,300,72400,72700,1,-0.062826968729496002,-0.062826968729496002,-0.062826968729496002,0.030569148075310949,-0.08222506195306778,1,0,0,0,1,1
before,72800000,72600000,72800,72594,72594,0.035545156434747746,-0.12404005934019505,0.010000000298023226,0.0056250004470348447,1,400,72400,72700,1,-0.06515054736752926,0.058889511972665787,0.058889511972665787,-0.032505846484926174,-0.06805100291967392,1,0,0,0,1,1
after,72800000,72600000,72800,72594,72594,0.035545156434747746,-0.12404005934019505,0.010000000298023226,0.0056250004470348447,1,400,72400,72800,1,0.058889511972665787,0.058889511972665787,0.058889511972665787,-0.032505846484926174,-0.06805100291967392,1,0,0,0,1,1
before,72900000,72700000,72900,72694,72694,0.03248622505186366,-0.045889499484439579,0.010000000298023226,0.0056250004470348447,1,500,72400,72800,1,0.058262218834022793,0.10415171831846237,0.10415171831846237,-0.044517015533463489,-0.077003240585327148,1,0,0,0,1,1
after,72900000,72700000,72900,72694,72694,0.03248622505186366,-0.045889499484439579,0.010000000298023226,0.0056250004470348447,1,500,72400,72900,1,0.10415171831846237,0.10415171831846237,0.10415171831846237,-0.044517015533463489,-0.077003240585327148,1,0,0,0,1,1
before,73000000,72800000,73000,72794,72794,-0.033504460649384879,0.20368087787150441,0.010000000298023226,0.0056250004470348447,1,600,72400,72900,1,0.10315611708878576,-0.10052476078271866,-0.10052476078271866,-0.050440613822831534,-0.016936153173446655,1,0,0,0,1,1
after,73000000,72800000,73000,72794,72794,-0.033504460649384879,0.20368087787150441,0.010000000298023226,0.0056250004470348447,1,600,72400,73000,1,-0.10052476078271866,-0.10052476078271866,-0.10052476078271866,-0.050440613822831534,-0.016936153173446655,1,0,0,0,1,1
before,73100000,72900000,73100,72894,72894,0.021134509039134546,-0.11944458456720623,0.010000000298023226,0.0056250004470348447,1,700,72400,73000,1,-0.10105847949172768,0.018386105075478554,0.018386105075478554,-0.043704615640430884,-0.06483912467956543,1,0,0,0,1,1
after,73100000,72900000,73100,72894,72894,0.021134509039134546,-0.11944458456720623,0.010000000298023226,0.0056250004470348447,1,700,72400,73100,1,0.018386105075478554,0.018386105075478554,0.018386105075478554,-0.043704615640430884,-0.06483912467956543,1,0,0,0,1,1
before,73200000,73000000,73200,72994,72994,0.029495001304860748,0.1548363551713805,0.010000000298023226,0.0056250004470348447,1,800,72400,73100,1,0.017843498311219667,-0.13699285686016083,-0.13699285686016083,-0.05253097368407663,-0.082025974988937378,1,0,0,0,1,1
after,73200000,73000000,73200,72994,72994,0.029495001304860748,0.1548363551713805,0.010000000298023226,0.0056250004470348447,1,800,72400,73200,1,-0.13699285686016083,-0.13699285686016083,-0.13699285686016083,-0.05253097368407663,-0.082025974988937378,1,0,0,0,1,1
before,73300000,73100000,73300,73094,73094,0.063755571927637172,-0.17677758440818636,0.010000000298023226,0.0056250004470348447,1,900,72400,73200,1,-0.13892919004406779,0.037848394364118576,0.037848394364118576,-0.081173941407590794,-0.14492951333522797,1,0,0,0,1,1
after,73300000,73100000,73300,73094,73094,0.063755571927637172,-0.17677758440818636,0.010000000298023226,0.0056250004470348447,1,900,72400,73300,1,0.037848394364118576,0.037848394364118576,0.037848394364118576,-0.081173941407590794,-0.14492951333522797,1,0,0,0,1,1
before,73400000,73200000,73400,73194,73194,-0.14891349174588103,0.083243984757506384,0.010000000298023226,0.0056250004470348447,1,1000,72400,73300,1,0.037774711875760092,-0.045469272881746292,-0.045469272881746292,-0.10941813163965124,0.039495360106229782,1,0,0,0,1,1
after,73400000,73200000,73400,73194,73194,-0.14891349174588103,0.083243984757506384,0.010000000298023226,0.0056250004470348447,1,1000,72400,73400,1,-0.045469272881746292,-0.045469272881746292,-0.045469272881746292,-0.10941813163965124,0.039495360106229782,1,0,0,0,1,1
before,73500000,73300000,73500,73294,73294,0.24403918862159452,0.084671103787048244,0.010000000298023226,0.0056250004470348447,1,1100,72400,73400,1,-0.044175183940307713,-0.12884628772735596,-0.12884628772735596,-0.039091874362872023,-0.28313106298446655,1,0,0,0,1,1
after,73500000,73300000,73500,73294,73294,0.24403918862159452,0.084671103787048244,0.010000000298023226,0.0056250004470348447,1,1100,73500,73400,1,-0.12884628772735596,-0.12884628772735596,-0.12884628772735596,-0.039091874362872023,-0.28313106298446655,1,0,0,0,1,1
before,73600000,73400000,73600,73394,73394,0.0091530648728772868,-0.10789045895767913,0.010000000298023226,0.0056250004470348447,1,100,73500,73400,1,-0.13311868178976283,-0.025228222832083702,-0.025228222832083702,-0.17482617816720755,-0.18397924304008484,1,0,0,0,1,1
after,73600000,73400000,73600,73394,73394,0.0091530648728772868,-0.10789045895767913,0.010000000298023226,0.0056250004470348447,1,100,73500,73600,1,-0.025228222832083702,-0.025228222832083702,-0.025228222832083702,-0.17482617816720755,-0.18397924304008484,1,0,0,0,1,1
before,73700000,73500000,73700,73494,73494,-0.17591306610482391,-0.061714764290588892,0.010000000298023226,0.0056250004470348447,1,200,73500,73600,1,-0.026083975636499921,0.035630788654088974,0.035630788654088974,-0.18198999572994765,-0.0060769296251237392,1,0,0,0,1,1
after,73700000,73500000,73700,73494,73494,-0.17591306610482391,-0.061714764290588892,0.010000000298023226,0.0056250004470348447,1,200,73500,73700,1,0.035630788654088974,0.035630788654088974,0.035630788654088974,-0.18198999572994765,-0.0060769296251237392,1,0,0,0,1,1
before,73800000,73600000,73800,73594,73594,0.01163214843900133,-0.041133126563793032,0.010000000298023226,0.0056250004470348447,1,300,73500,73700,1,0.03758257781767288,0.078715704381465912,0.078715704381465912,-0.089971493667054883,-0.10160364210605621,1,0,0,0,1,1
after,73800000,73600000,73800,73594,73594,0.01163214843900133,-0.041133126563793032,0.010000000298023226,0.0056250004470348447,1,300,73500,73800,1,0.078715704381465912,0.078715704381465912,0.078715704381465912,-0.089971493667054883,-0.10160364210605621,1,0,0,0,1,1
before,73900000,73700000,73900,73694,73694,-0.057641641473051786,0.027116355019506391,0.010000000298023226,0.0056250004470348447,1,400,73500,73800,1,0.077310197519954618,0.050193842500448227,0.050193842500448227,-0.088082251375195264,-0.030440609902143478,1,0,0,0,1,1
after,73900000,73700000,73900,73694,73694,-0.057641641473051786,0.027116355019506391,0.010000000298023226,0.0056250004470348447,1,400,73500,73900,1,0.050193842500448227,0.050193842500448227,0.050193842500448227,-0.088082251375195264,-0.030440609902143478,1,0,0,0,1,1
before,74000000,73800000,74000,73794,73794,0.080676586427398223,0.0002301716507159754,0.010000000298023226,0.0056250004470348447,1,500,73500,73900,1,0.050498654067584185,0.05026848241686821,0.05026848241686821,-0.05413393577127884,-0.13481052219867706,1,0,0,0,1,1
after,74000000,73800000,74000,73794,73794,0.080676586427398223,0.0002301716507159754,0.010000000298023226,0.0056250004470348447,1,500,73500,74000,1,0.05026848241686821,0.05026848241686821,0.05026848241686821,-0.05413393577127884,-0.13481052219867706,1,0,0,0,1,1
before,74100000,73900000,74100,73894,73894,0.13902318272669112,0.082630587146443085,0.010000000298023226,0.0056250004470348447,1,600,73500,74000,1,0.04912386588827964,-0.033506721258163452,-0.033506721258163452,-0.089706780575921186,-0.2287299633026123,1,0,0,0,1,1
after,74100000,73900000,74100,73894,73894,0.13902318272669112,0.082630587146443085,0.010000000298023226,0.0056250004470348447,1,600,74100,74000,1,-0.033506721258163452,-0.033506721258163452,-0.033506721258163452,-0.089706780575921186,-0.2287299633026123,1,0,0,0,1,1
before,74200000,74000000,74200,73994,73994,-0.098664309505283737,0.011222494494368178,0.010000000298023226,0.0056250004470348447,1,100,74100,74000,1,-0.035798331994365114,-0.047020826488733292,-0.047020826488733292,-0.16300136936074486,-0.064337059855461121,1,0,0,0,1,1
after,74200000,74000000,74200,73994,73994,-0.098664309505283737,0.011222494494368178,0.010000000298023226,0.0056250004470348447,1,100,74100,74200,1,-0.047020826488733292,-0.047020826488733292,-0.047020826488733292,-0.16300136936074486,-0.064337059855461121,1,0,0,0,1,1
before,74300000,74100000,74300,74094,74094,-0.074586187353434627,-0.0030150093672491676,0.010000000298023226,0.0056250004470348447,1,200,74100,74200,1,-0.046228533291599906,-0.043213523924350739,-0.043213523924350739,-0.11810714085966594,-0.043520953506231308,1,0,0,0,1,1
after,74300000,74100000,74300,74094,74094,-0.074586187353434627,-0.0030150093672491676,0.010000000298023226,0.0056250004470348447,1,200,74100,74300,1,-0.043213523924350739,-0.043213523924350739,-0.043213523924350739,-0.11810714085966594,-0.043520953506231308,1,0,0,0,1,1
before,74400000,74200000,74400,74194,74194,-0.087678743401722686,0.04909451301238893,0.010000000298023226,0.0056250004470348447,1,300,74100,74300,1,-0.043014526413460985,-0.092109039425849915,-0.092109039425849915,-0.084940914172859566,0.0027378292288631201,1,0,0,0,1,1
after,74400000,74200000,74400,74194,74194,-0.087678743401722686,0.04909451301238893,0.010000000298023226,0.0056250004470348447,1,300,74100,74400,1,-0.092109039425849915,-0.092109039425849915,-0.092109039425849915,-0.084940914172859566,0.0027378292288631201,1,0,0,0,1,1
before,74500000,74300000,74500,74294,74294,0.075177045098284517,-0.16025470119699248,0.010000000298023226,0.0056250004470348447,1,400,74100,74400,1,-0.092249951481664247,0.068004749715328217,0.068004749715328217,-0.050113646754285056,-0.12529069185256958,1,0,0,0,1,1
after,74500000,74300000,74500,74294,74294,0.075177045098284517,-0.16025470119699248,0.010000000298023226,0.0056250004470348447,1,400,74100,74500,1,0.068004749715328217,0.068004749715328217,0.068004749715328217,-0.050113646754285056,-0.12529069185256958,1,0,0,0,1,1
before,74600000,74400000,74600,74394,74394,-0.066052085136714539,-0.010158524760849968,0.010000000298023226,0.0056250004470348447,1,500,74100,74500,1,0.066066979518286689,0.076225504279136658,0.076225504279136658,-0.081188417387846074,-0.015136332251131535,1,0,0,0,1,1
after,74600000,74400000,74600,74394,74394,-0.066052085136714539,-0.010158524760849968,0.010000000298023226,0.0056250004470348447,1,500,74100,74600,1,0.076225504279136658,0.076225504279136658,0.076225504279136658,-0.081188417387846074,-0.015136332251131535,1,0,0,0,1,1
before,74700000,74500000,74700,74494,74494,-0.091941038610078518,0.11294152116962621,0.010000000298023226,0.0056250004470348447,1,600,74100,74600,1,0.076543531330310791,-0.036397989839315414,-0.036397989839315414,-0.040335672439672184,0.051605366170406342,1,0,0,0,1,1
after,74700000,74500000,74700,74494,74494,-0.091941038610078518,0.11294152116962621,0.010000000298023226,0.0056250004470348447,1,600,74100,74700,1,-0.036397989839315414,-0.036397989839315414,-0.036397989839315414,-0.040335672439672184,0.051605366170406342,1,0,0,0,1,1
before,74800000,74600000,74800,74594,74594,0.064557520933454696,-0.028198344496438654,0.010000000298023226,0.0056250004470348447,1,700,74100,74700,1,-0.035161538844356688,-0.0069631943479180336,-0.0069631943479180336,0.0022969192639047554,-0.062260601669549942,1,0,0,0,1,1
after,74800000,74600000,74800,74594,74594,0.064557520933454696,-0.028198344496438654,0.010000000298023226,0.0056250004470348447,1,700,74100,74800,1,-0.0069631943479180336,-0.0069631943479180336,-0.0069631943479180336,0.0022969192639047554,-0.062260601669549942,1,0,0,0,1,1
before,74900000,74700000,74900,74694,74694,0.04362739355715145,-0.023281732199531661,0.010000000298023226,0.0056250004470348447,1,800,74100,74800,1,-0.0097458796555219742,0.013535852544009686,0.013535852544009686,-0.030989992307106366,-0.074617385864257812,1,0,0,0,1,1
after,74900000,74700000,74900,74694,74694,0.04362739355715145,-0.023281732199531661,0.010000000298023226,0.0056250004470348447,1,800,74100,74900,1,0.013535852544009686,0.013535852544009686,0.013535852544009686,-0.030989992307106366,-0.074617385864257812,1,0,0,0,1,1
before,75000000,74800000,75000,74794,74794,-0.048521059550554767,0.13053358497225323,0.010000000298023226,0.0056250004470348447,1,900,74100,74900,1,0.012731106599202532,-0.11780247837305069,-0.11780247837305069,-0.051634626215533629,-0.0031135666649788618,1,0,0,0,1,1
after,75000000,74800000,75000,74794,74794,-0.048521059550554767,0.13053358497225323,0.010000000298023226,0.0056250004470348447,1,900,74100,75000,1,-0.11780247837305069,-0.11780247837305069,-0.11780247837305069,-0.051634626215533629,-0.0031135666649788618,1,0,0,0,1,1
before,75100000,74900000,75100,74894,74894,0.0029121002463663587,-0.043059367452204816,0.010000000298023226,0.0056250004470348447,1,1000,74100,75000,1,-0.11712777218633949,-0.074068404734134674,-0.074068404734134674,-0.03898800552803626,-0.041900105774402618,1,0,0,0,1,1
after,75100000,74900000,75100,74894,74894,0.0029121002463663587,-0.043059367452204816,0.010000000298023226,0.0056250004470348447,1,1000,74100,75100,1,-0.074068404734134674,-0.074068404734134674,-0.074068404734134674,-0.03898800552803626,-0.041900105774402618,1,0,0,0,1,1
before,75200000,75000000,75200,74994,74994,-0.21842832535116555,0.038370034780443277,0.010000000298023226,0.0056250004470348447,1,1100,74100,75100,1,-0.074936912272035514,-0.11330694705247879,-0.11330694705247879,-0.047913726862357876,0.17051459848880768,1,0,0,0,1,1
after,75200000,75000000,75200,74994,74994,-0.21842832535116555,0.038370034780443277,0.010000000298023226,0.0056250004470348447,1,1100,74100,75200,1,-0.11330694705247879,-0.11330694705247879,-0.11330694705247879,-0.047913726862357876,0.17051459848880768,1,0,0,0,1,1
before,75300000,75100000,75300,75094,75094,0.12961656585313086,-0.05898702546567075,0.010000000298023226,0.0056250004470348447,1,1200,74100,75200,1,-0.10998035996765249,-0.050993334501981735,-0.050993334501981735,0.050677656978142319,-0.078938908874988556,1,0,0,0,1,1
after,75300000,75100000,75300,75094,75094,0.12961656585313086,-0.05898702546567075,0.010000000298023226,0.0056250004470348447,1,1200,74100,75300,1,-0.050993334501981735,-0.050993334501981735,-0.050993334501981735,0.050677656978142319,-0.078938908874988556,1,0,0,0,1,1
before,75400000,75200000,75400,75194,75194,0.17457402417757237,-0.095872876565252646,0.010000000298023226,0.0056250004470348447,1,1300,74100,75300,1,-0.053141144435201987,0.042731732130050659,0.042731732130050659,-0.019676574372270477,-0.19425059854984283,1,0,0,0,1,1
after,75400000,75200000,75400,75194,75194,0.17457402417757237,-0.095872876565252646,0.010000000298023226,0.0056250004470348447,1,1300,74100,75400,1,0.042731732130050659,0.042731732130050659,0.042731732130050659,-0.019676574372270477,-0.19425059854984283,1,0,0,0,1,1
before,75500000,75300000,75500,75294,75294,-0.16068584703557567,0.094128443505682599,0.010000000298023226,0.0056250004470348447,1,1400,74100,75400,1,0.040232295747913968,-0.053896147757768631,-0.053896147757768631,-0.10326131664865093,0.057424530386924744,1,0,0,0,1,1
after,75500000,75300000,75500,75294,75294,-0.16068584703557567,0.094128443505682599,0.010000000298023226,0.0056250004470348447,1,1400,74100,75500,1,-0.053896147757768631,-0.053896147757768631,-0.053896147757768631,-0.10326131664865093,0.057424530386924744,1,0,0,0,1,1
before,75600000,75400000,75600,75394,75394,-0.13654109457868915,-0.20109955625354609,0.010000000298023226,0.0056250004470348447,1,1500,74100,75500,1,-0.052437704370611508,0.14866185188293457,0.14866185188293457,-0.02786836395401341,0.10867273062467575,1,0,0,0,1,1
after,75600000,75400000,75600,75394,75394,-0.13654109457868915,-0.20109955625354609,0.010000000298023226,0.0056250004470348447,1,1500,75600,75500,1,0.14866185188293457,0.14866185188293457,0.14866185188293457,-0.02786836395401341,0.10867273062467575,1,0,0,0,1,1
before,75700000,75500000,75700,75494,75494,0.11761608753031427,0.13348877399375683,0.010000000298023226,0.0056250004470348447,1,100,75600,75500,1,0.14972571811785942,0.016236944124102592,0.016236944124102592,0.055628635321318447,-0.061987452208995819,1,0,0,0,1,1
after,75700000,75500000,75700,75494,75494,0.11761608753031427,0.13348877399375683,0.010000000298023226,0.0056250004470348447,1,100,75700,75500,1,0.016236944124102592,0.016236944124102592,0.016236944124102592,0.055628635321318447,-0.061987452208995819,1,0,0,0,1,1
before,75800000,75600000,75800,75594,75594,0.055705629600623953,0.064095344868685303,0.010000000298023226,0.0056250004470348447,1,100,75700,75500,1,0.014101628688360748,-0.049993716180324554,-0.049993716180324554,-0.0019389872118436204,-0.057644616812467575,1,0,0,0,1,1
after,75800000,75600000,75800,75594,75594,0.055705629600623953,0.064095344868685303,0.010000000298023226,0.0056250004470348447,1,100,75700,75800,1,-0.049993716180324554,-0.049993716180324554,-0.049993716180324554,-0.0019389872118436204,-0.057644616812467575,1,0,0,0,1,1
before,75900000,75700000,75900,75694,75694,0.17990512892794916,0.086746324036253056,0.010000000298023226,0.0056250004470348447,1,200,75700,75800,1,-0.051116939451562801,-0.13786326348781586,-0.13786326348781586,-0.034973445085760863,-0.21487857401371002,1,0,0,0,1,1
after,75900000,75700000,75900,75694,75694,0.17990512892794916,0.086746324036253056,0.010000000298023226,0.0056250004470348447,1,200,75900,75800,1,-0.13786326348781586,-0.13786326348781586,-0.13786326348781586,-0.034973445085760863,-0.21487857401371002,1,0,0,0,1,1
before,76000000,75800000,76000,75794,75794,-0.0053192733978555673,-0.00032970503452464661,0.010000000298023226,0.0056250004470348447,1,100,75900,75800,1,-0.14048904374721691,-0.14015933871269226,-0.14015933871269226,-0.13926312916033726,-0.13394385576248169,1,0,0,0,1,1
after,76000000,75800000,76000,75794,75794,-0.0053192733978555673,-0.00032970503452464661,0.010000000298023226,0.0056250004470348447,1,100,75900,76000,1,-0.14015933871269226,-0.14015933871269226,-0.14015933871269226,-0.13926312916033726,-0.13394385576248169,1,0,0,0,1,1
before,76100000,75900000,76100,75894,75894,-0.10917633219719286,-0.17437040740616153,0.010000000298023226,0.0056250004470348447,1,200,75900,76000,1,-0.14074732298023532,0.033623084425926208,0.033623084425926208,-0.15063991217971201,-0.04146357998251915,1,0,0,0,1,1
after,76100000,75900000,76100,75894,75894,-0.10917633219719286,-0.17437040740616153,0.010000000298023226,0.0056250004470348447,1,200,76100,76000,1,0.033623084425926208,0.033623084425926208,0.033623084425926208,-0.15063991217971201,-0.04146357998251915,1,0,0,0,1,1
before,76200000,76000000,76200,75994,75994,0.033696750678857343,0.074580231670975355,0.010000000298023226,0.0056250004470348447,1,100,76100,76000,1,0.036008583371281301,-0.038571648299694061,-0.038571648299694061,-0.092281480751196368,-0.12597823143005371,1,0,0,0,1,1
after,76200000,76000000,76200,75994,75994,0.033696750678857343,0.074580231670975355,0.010000000298023226,0.0056250004470348447,1,100,76100,76200,1,-0.038571648299694061,-0.038571648299694061,-0.038571648299694061,-0.092281480751196368,-0.12597823143005371,1,0,0,0,1,1
before,76300000,76100000,76300,76094,76094,-0.057272343367920905,-0.17689955192190332,0.010000000298023226,0.0056250004470348447,1,200,76100,76200,1,-0.038662150078832329,0.13823740184307098,0.13823740184307098,-0.11304288211523154,-0.055770538747310638,1,0,0,0,1,1
after,76300000,76100000,76300,76094,76094,-0.057272343367920905,-0.17689955192190332,0.010000000298023226,0.0056250004470348447,1,200,76100,76300,1,0.13823740184307098,0.13823740184307098,0.13823740184307098,-0.11304288211523154,-0.055770538747310638,1,0,0,0,1,1
before,76400000,76200000,76400,76194,76194,-0.14129642212232577,0.14161515813701173,0.010000000298023226,0.0056250004470348447,1,300,76100,76300,1,0.13910342678807994,-0.0025117313489317894,-0.0025117313489317894,-0.070408878861274588,0.070887543261051178,1,0,0,0,1,1
after,76400000,76200000,76400,76194,76194,-0.14129642212232577,0.14161515813701173,0.010000000298023226,0.0056250004470348447,1,300,76100,76400,1,-0.0025117313489317894,-0.0025117313489317894,-0.0025117313489317894,-0.070408878861274588,0.070887543261051178,1,0,0,0,1,1
before,76500000,76300000,76500,76294,76294,-0.038406737793564731,0.071225215117744586,0.010000000298023226,0.0056250004470348447,1,400,76100,76400,1,-0.001094143469520422,-0.072319358587265015,-0.072319358587265015,0.00039319629561907719,0.038799934089183807,1,0,0,0,1,1
after,76500000,76300000,76500,76294,76294,-0.038406737793564731,0.071225215117744586,0.010000000298023226,0.0056250004470348447,1,400,76100,76500,1,-0.072319358587265015,-0.072319358587265015,-0.072319358587265015,0.00039319629561907719,0.038799934089183807,1,0,0,0,1,1
before,76600000,76400000,76600,76394,76394,-0.0054258032589026804,0.13064083302397073,0.010000000298023226,0.0056250004470348447,1,500,76100,76500,1,-0.071733208056504141,-0.20237404108047485,-0.20237404108047485,0.012505116045587409,0.017930919304490089,1,0,0,0,1,1
after,76600000,76400000,76600,76394,76394,-0.0054258032589026804,0.13064083302397073,0.010000000298023226,0.0056250004470348447,1,500,76100,76600,1,-0.20237404108047485,-0.20237404108047485,-0.20237404108047485,0.012505116045587409,0.017930919304490089,1,0,0,0,1,1
before,76700000,76500000,76700,76494,76494,0.11496805508993678,-0.27968960963832362,0.010000000298023226,0.0056250004470348447,1,600,76100,76600,1,-0.20316668563233836,0.07652292400598526,0.07652292400598526,-0.0050437364969391366,-0.12001179158687592,1,0,0,0,1,1
after,76700000,76500000,76700,76494,76494,0.11496805508993678,-0.27968960963832362,0.010000000298023226,0.0056250004470348447,1,600,76100,76700,1,0.07652292400598526,0.07652292400598526,0.07652292400598526,-0.0050437364969391366,-0.12001179158687592,1,0,0,0,1,1
before,76800000,76600000,76800,76594,76594,-0.087301596168130199,0.1842366720402715,0.010000000298023226,0.0056250004470348447,1,700,76100,76700,1,0.073946345862197602,-0.11029032617807388,-0.11029032617807388,-0.055290619942992489,0.032010976225137711,1,0,0,0,1,1
after,76800000,76600000,76800,76594,76594,-0.087301596168130199,0.1842366720402715,0.010000000298023226,0.0056250004470348447,1,700,76100,76800,1,-0.11029032617807388,-0.11029032617807388,-0.11029032617807388,-0.055290619942992489,0.032010976225137711,1,0,0,0,1,1
before,76900000,76700000,76900,76694,76694,0.091423319048032567,-0.07102828054514769,0.010000000298023226,0.0056250004470348447,1,800,76100,76800,1,-0.10915353848424796,-0.038125257939100266,-0.038125257939100266,-0.022395684057131011,-0.11381900310516357,1,0,0,0,1,1
after,76900000,76700000,76900,76694,76694,0.091423319048032567,-0.07102828054514769,0.010000000298023226,0.0056250004470348447,1,800,76100,76900,1,-0.038125257939100266,-0.038125257939100266,-0.038125257939100266,-0.022395684057131011,-0.11381900310516357,1,0,0,0,1,1
before,77000000,76800000,77000,76794,76794,-0.11640316746745462,0.036327170590173624,0.010000000298023226,0.0056250004470348447,1,900,76100,76900,1,-0.039343675216425039,-0.075670845806598663,-0.075670845806598663,-0.072179531078675932,0.044223636388778687,1,0,0,0,1,1
after,77000000,76800000,77000,76794,76794,-0.11640316746745462,0.036327170590173624,0.010000000298023226,0.0056250004470348447,1,900,76100,77000,1,-0.075670845806598663,-0.075670845806598663,-0.075670845806598663,-0.072179531078675932,0.044223636388778687,1,0,0,0,1,1
before,77100000,76900000,77100,76894,76894,-0.035303032825675831,-0.12025212041591539,0.010000000298023226,0.0056250004470348447,1,1000,76100,77000,1,-0.074914532820929428,0.045337587594985962,0.045337587594985962,-0.02125026086249672,0.014052771963179111,1,0,0,0,1,1
after,77100000,76900000,77100,76894,76894,-0.035303032825675831,-0.12025212041591539,0.010000000298023226,0.0056250004470348447,1,1000,76100,77100,1,0.045337587594985962,0.045337587594985962,0.045337587594985962,-0.02125026086249672,0.014052771963179111,1,0,0,0,1,1
before,77200000,77000000,77200,76994,76994,-0.14363014089595411,0.077721384056987475,0.010000000298023226,0.0056250004470348447,1,1100,76100,77100,1,0.045881052204551416,-0.031840331852436066,-0.031840331852436066,0.0010547251747932776,0.14468486607074738,1,0,0,0,1,1
after,77200000,77000000,77200,76994,76994,-0.14363014089595411,0.077721384056987475,0.010000000298023226,0.0056250004470348447,1,1100,76100,77200,1,-0.031840331852436066,-0.031840331852436066,-0.031840331852436066,0.0010547251747932776,0.14468486607074738,1,0,0,0,1,1
before,77300000,77100000,77300,77094,77094,0.12488977738247509,-0.067940808130434613,0.010000000298023226,0.0056250004470348447,1,1200,76100,77200,1,-0.029851387484005554,0.038089420646429062,0.038089420646429062,0.07013004400358791,-0.054759733378887177,1,0,0,0,1,1
after,77300000,77100000,77300,77094,77094,0.12488977738247509,-0.067940808130434613,0.010000000298023226,0.0056250004470348447,1,1200,76100,77300,1,0.038089420646429062,0.038089420646429062,0.038089420646429062,0.07013004400358791,-0.054759733378887177,1,0,0,0,1,1
before,77400000,77200000,77400,77194,77194,-0.0076722252878418194,0.12571893125992623,0.010000000298023226,0.0056250004470348447,1,1300,76100,77300,1,0.035862686636265191,-0.089856244623661041,-0.089856244623661041,0.011090385564876534,0.018762610852718353,1,0,0,0,1,1
after,77400000,77200000,77400,77194,77194,-0.0076722252878418194,0.12571893125992623,0.010000000298023226,0.0056250004470348447,1,1300,76100,77400,1,-0.089856244623661041,-0.089856244623661041,-0.089856244623661041,0.011090385564876534,0.018762610852718353,1,0,0,0,1,1
before,77500000,77300000,77500,77294,77294,0.30714786403228705,-0.1241862863337015,0.010000000298023226,0.0056250004470348447,1,1400,76100,77400,1,-0.090690308812758816,0.033495977520942688,0.033495977520942688,0.0058882867579645717,-0.30125957727432251,1,0,0,0,1,1
after,77500000,77300000,77500,77294,77294,0.30714786403228705,-0.1241862863337015,0.010000000298023226,0.0056250004470348447,1,1400,76100,77500,1,0.033495977520942688,0.033495977520942688,0.033495977520942688,0.0058882867579645717,-0.30125957727432251,1,0,0,0,1,1
before,77600000,77400000,77600,77394,77394,-0.25444360067500493,0.1069596231567099,0.010000000298023226,0.0056250004470348447,1,1500,76100,77500,1,0.02891394948832535,-0.078045673668384552,-0.078045673668384552,-0.14528204490794558,0.10916155576705933,1,0,0,0,1,1
after,77600000,77400000,77600,77394,77394,-0.25444360067500493,0.1069596231567099,0.010000000298023226,0.0056250004470348447,1,1500,76100,77600,1,-0.078045673668384552,-0.078045673668384552,-0.078045673668384552,-0.14528204490794558,0.10916155576705933,1,0,0,0,1,1
before,77700000,77500000,77700,77494,77494,0.26546135552905264,-0.027738046399273714,0.010000000298023226,0.0056250004470348447,1,1600,76100,77600,1,-0.074810047200836977,-0.047072000801563263,-0.047072000801563263,-0.025071978487747299,-0.29053333401679993,1,0,0,0,1,1
after,77700000,77500000,77700,77494,77494,0.26546135552905264,-0.027738046399273714,0.010000000298023226,0.0056250004470348447,1,1600,76100,77700,1,-0.047072000801563263,-0.047072000801563263,-0.047072000801563263,-0.025071978487747299,-0.29053333401679993,1,0,0,0,1,1
before,77800000,77600000,77800,77594,77594,-0.18842687706213426,-0.085475420925293075,0.010000000298023226,0.0056250004470348447,1,1700,76100,77700,1,-0.051326671961221801,0.034148748964071274,0.034148748964071274,-0.16336391555827093,0.025062961503863335,1,0,0,0,1,1
after,77800000,77600000,77800,77594,77594,-0.18842687706213426,-0.085475420925293075,0.010000000298023226,0.0056250004470348447,1,1700,77800,77700,1,0.034148748964071274,0.034148748964071274,0.034148748964071274,-0.16336391555827093,0.025062961503863335,1,0,0,0,1,1
before,77900000,77700000,77900,77694,77694,-0.13157899563485528,0.13732196205415984,0.010000000298023226,0.0056250004470348447,1,100,77800,77700,1,0.036062290902521804,-0.10125967115163803,-0.10125967115163803,-0.065195834984125151,0.066383160650730133,1,0,0,0,1,1
after,77900000,77700000,77900,77694,77694,-0.13157899563485528,0.13732196205415984,0.010000000298023226,0.0056250004470348447,1,100,77800,77900,1,-0.10125967115163803,-0.10125967115163803,-0.10125967115163803,-0.065195834984125151,0.066383160650730133,1,0,0,0,1,1
before,78000000,77800000,78000,77794,77794,-0.041209656258191625,-0.028149096321587699,0.010000000298023226,0.0056250004470348447,1,200,77800,77900,1,-0.099001130115513938,-0.070852033793926239,-0.070852033793926239,-0.0090757380026240762,0.032133918255567551,1,0,0,0,1,1
after,78000000,77800000,78000,77794,77794,-0.041209656258191625,-0.028149096321587699,0.010000000298023226,0.0056250004470348447,1,200,77800,78000,1,-0.070852033793926239,-0.070852033793926239,-0.070852033793926239,-0.0090757380026240762,0.032133918255567551,1,0,0,0,1,1
before,78100000,77900000,78100,77894,77894,0.032161951479920833,-0.17922509348942209,0.010000000298023226,0.0056250004470348447,1,300,77800,78000,1,-0.069912469750179534,0.10931262373924255,0.10931262373924255,0.0046068303710312545,-0.02755512110888958,1,0,0,0,1,1
after,78100000,77900000,78100,77894,77894,0.032161951479920833,-0.17922509348942209,0.010000000298023226,0.0056250004470348447,1,300,77800,78100,1,0.10931262373924255,0.10931262373924255,0.10931262373924255,0.0046068303710312545,-0.02755512110888958,1,0,0,0,1,1
before,78200000,78000000,78200,77994,77994,0.019311853376998506,0.19169061997478415,0.010000000298023226,0.0056250004470348447,1,400,77800,78100,1,0.10875229904001167,-0.082938320934772491,-0.082938320934772491,-0.00064247225426236447,-0.019954325631260872,1,0,0,0,1,1
after,78200000,78000000,78200,77994,77994,0.019311853376998506,0.19169061997478415,0.010000000298023226,0.0056250004470348447,1,400,77800,78200,1,-0.082938320934772491,-0.082938320934772491,-0.082938320934772491,-0.00064247225426236447,-0.019954325631260872,1,0,0,0,1,1
before,78300000,78100000,78300,78094,78094,-0.22511142202007223,-0.14424558446720209,0.010000000298023226,0.0056250004470348447,1,500,77800,78200,1,-0.083929874906092564,0.060315709561109543,0.060315709561109543,-0.018679809647673861,0.20643161237239838,1,0,0,0,1,1
after,78300000,78100000,78300,78094,78094,-0.22511142202007223,-0.14424558446720209,0.010000000298023226,0.0056250004470348447,1,500,78300,78200,1,0.060315709561109543,0.060315709561109543,0.060315709561109543,-0.018679809647673861,0.20643161237239838,1,0,0,0,1,1
before,78400000,78200000,78400,78194,78194,0.088595364037573829,0.082523104729626595,0.010000000298023226,0.0056250004470348447,1,100,78300,78200,1,0.062703792932007729,-0.019819311797618866,-0.019819311797618866,0.10056376436692525,0.011968400329351425,1,0,0,0,1,1
after,78400000,78200000,78400,78194,78194,0.088595364037573829,0.082523104729626595,0.010000000298023226,0.0056250004470348447,1,100,78300,78400,1,-0.019819311797618866,-0.019819311797618866,-0.019819311797618866,0.10056376436692525,0.011968400329351425,1,0,0,0,1,1
before,78500000,78300000,78500,78294,78294,-0.0017100515108960587,-0.035873763900138703,0.010000000298023226,0.0056250004470348447,1,200,78300,78400,1,-0.021498869810141891,0.014374894089996815,0.014374894089996815,0.053984983052645354,0.055695034563541412,1,0,0,0,1,1
after,78500000,78300000,78500,78294,78294,-0.0017100515108960587,-0.035873763900138703,0.010000000298023226,0.0056250004470348447,1,200,78300,78500,1,0.014374894089996815,0.014374894089996815,0.014374894089996815,0.053984983052645354,0.055695034563541412,1,0,0,0,1,1
before,78600000,78400000,78600,78394,78394,0.13461783982171616,0.066082852721123228,0.010000000298023226,0.0056250004470348447,1,300,78300,78500,1,0.01420833060136271,-0.051874522119760513,-0.051874522119760513,0.056280908056636665,-0.078336931765079498,1,0,0,0,1,1
after,78600000,78400000,78600,78394,78394,0.13461783982171616,0.066082852721123228,0.010000000298023226,0.0056250004470348447,1,300,78300,78600,1,-0.051874522119760513,-0.051874522119760513,-0.051874522119760513,0.056280908056636665,-0.078336931765079498,1,0,0,0,1,1
before,78700000,78500000,78700,78494,78494,0.10884397068195815,-0.042527922403108667,0.010000000298023226,0.0056250004470348447,1,400,78300,78600,1,-0.054531188655685972,-0.012003266252577305,-0.012003266252577305,-0.016682174418635416,-0.12552614510059357,1,0,0,0,1,1
after,78700000,78500000,78700,78494,78494,0.10884397068195815,-0.042527922403108667,0.010000000298023226,0.0056250004470348447,1,400,78300,78700,1,-0.012003266252577305,-0.012003266252577305,-0.012003266252577305,-0.016682174418635416,-0.12552614510059357,1,0,0,0,1,1
before,78800000,78600000,78800,78594,78594,-0.021339318705791213,-0.037812744020836953,0.010000000298023226,0.0056250004470348447,1,500,78300,78700,1,-0.012928840457814341,0.024883903563022614,0.024883903563022614,-0.072598162097924926,-0.051258843392133713,1,0,0,0,1,1
after,78800000,78600000,78800,78594,78594,-0.021339318705791213,-0.037812744020836953,0.010000000298023226,0.0056250004470348447,1,500,78300,78800,1,0.024883903563022614,0.024883903563022614,0.024883903563022614,-0.072598162097924926,-0.051258843392133713,1,0,0,0,1,1
before,78900000,78700000,78900,78694,78694,0.14330865253844599,0.090875480202616585,0.010000000298023226,0.0056250004470348447,1,600,78300,78800,1,0.024833526340903179,-0.066041953861713409,-0.066041953861713409,-0.059396924477430779,-0.20270557701587677,1,0,0,0,1,1
after,78900000,78700000,78900,78694,78694,0.14330865253844599,0.090875480202616585,0.010000000298023226,0.0056250004470348447,1,600,78900,78800,1,-0.066041953861713409,-0.066041953861713409,-0.066041953861713409,-0.059396924477430779,-0.20270557701587677,1,0,0,0,1,1
before,79000000,78800000,79000,78794,78794,0.083631067937888853,-0.074686265679010905,0.010000000298023226,0.0056250004470348447,1,100,78900,78800,1,-0.068286004139045037,0.006400261539965868,0.006400261539965868,-0.1381184762057879,-0.22174954414367676,1,0,0,0,1,1
after,79000000,78800000,79000,78794,78794,0.083631067937888853,-0.074686265679010905,0.010000000298023226,0.0056250004470348447,1,100,78900,79000,1,0.006400261539965868,0.006400261539965868,0.006400261539965868,-0.1381184762057879,-0.22174954414367676,1,0,0,0,1,1
before,79100000,78900000,79100,78894,78894,-0.087283668301249118,-0.020299617699463521,0.010000000298023226,0.0056250004470348447,1,200,78900,79000,1,0.0045357900344537173,0.024835407733917236,0.024835407733917236,-0.17961228378787097,-0.092328615486621857,1,0,0,0,1,1
after,79100000,78900000,79100,78894,78894,-0.087283668301249118,-0.020299617699463521,0.010000000298023226,0.0056250004470348447,1,200,78900,79100,1,0.024835407733917236,0.024835407733917236,0.024835407733917236,-0.17961228378787097,-0.092328615486621857,1,0,0,0,1,1
before,79200000,79000000,79200,78994,78994,-0.12119672410293947,0.079735300818238361,0.010000000298023226,0.0056250004470348447,1,300,78900,79100,1,0.02545531032398711,-0.054279990494251251,-0.054279990494251251,-0.13325401637807022,-0.012057292275130749,1,0,0,0,1,1
after,79200000,79000000,79200,78994,78994,-0.12119672410293947,0.079735300818238361,0.010000000298023226,0.0056250004470348447,1,300,78900,79200,1,-0.054279990494251251,-0.054279990494251251,-0.054279990494251251,-0.13325401637807022,-0.012057292275130749,1,0,0,0,1,1
before,79300000,79100000,79300,79094,79094,-0.13578806877590466,-0.10518168191065427,0.010000000298023226,0.0056250004470348447,1,400,78900,79200,1,-0.052453025231262405,0.052728656679391861,0.052728656679391861,-0.077667657886517513,0.058120410889387131,1,0,0,0,1,1
after,79300000,79100000,79300,79094,79094,-0.13578806877590466,-0.10518168191065427,0.010000000298023226,0.0056250004470348447,1,400,79300,79200,1,0.052728656679391861,0.052728656679391861,0.052728656679391861,-0.077667657886517513,0.058120410889387131,1,0,0,0,1,1
before,79400000,79200000,79400,79194,79194,0.27539977217544254,0.026202333764466845,0.010000000298023226,0.0056250004470348447,1,100,79300,79200,1,0.054466819064054095,0.02826448529958725,0.02826448529958725,-0.0040954670823699843,-0.2794952392578125,1,0,0,0,1,1
after,79400000,79200000,79400,79194,79194,0.27539977217544254,0.026202333764466845,0.010000000298023226,0.0056250004470348447,1,100,79300,79400,1,0.02826448529958725,0.02826448529958725,0.02826448529958725,-0.0040954670823699843,-0.2794952392578125,1,0,0,0,1,1
before,79500000,79300000,79500,79294,79294,-0.036033435561743071,-0.078488276236163376,0.010000000298023226,0.0056250004470348447,1,200,79300,79400,1,0.023988797433270214,0.10247707366943359,0.10247707366943359,-0.13982837537774115,-0.10379493981599808,1,0,0,0,1,1
after,79500000,79300000,79500,79294,79294,-0.036033435561743071,-0.078488276236163376,0.010000000298023226,0.0056250004470348447,1,200,79300,79500,1,0.10247707366943359,0.10247707366943359,0.10247707366943359,-0.13982837537774115,-0.10379493981599808,1,0,0,0,1,1
before,79600000,79400000,79600,79394,79394,-0.30454108063405244,-0.041602371255278922,0.010000000298023226,0.0056250004470348447,1,300,79300,79500,1,0.10195051320421662,0.14355288445949554,0.14355288445949554,-0.11151985768502441,0.19302122294902802,1,0,0,0,1,1
after,79600000,79400000,79600,79394,79394,-0.30454108063405244,-0.041602371255278922,0.010000000298023226,0.0056250004470348447,1,300,79300,79600,1,0.14355288445949554,0.14355288445949554,0.14355288445949554,-0.11151985768502441,0.19302122294902802,1,0,0,0,1,1
before,79700000,79500000,79700,79494,79494,0.13945081214334393,0.098706909215525607,0.010000000298023226,0.0056250004470348447,1,400,79300,79600,1,0.14693702081449411,0.048230111598968506,0.048230111598968506,0.055994854671019549,-0.083455957472324371,1,0,0,0,1,1
after,79700000,79500000,79700,79494,79494,0.13945081214334393,0.098706909215525607,0.010000000298023226,0.0056250004470348447,1,400,79700,79600,1,0.048230111598968506,0.048230111598968506,0.048230111598968506,0.055994854671019549,-0.083455957472324371,1,0,0,0,1,1
before,79800000,79600000,79800,79594,79594,0.20571132943376413,0.081489382245024666,0.010000000298023226,0.0056250004470348447,1,100,79700,79600,1,0.04579480917044542,-0.035694573074579239,-0.035694573074579239,-0.0093687529827702863,-0.21508008241653442,1,0,0,0,1,1
after,79800000,79600000,79800,79594,79594,0.20571132943376413,0.081489382245024666,0.010000000298023226,0.0056250004470348447,1,100,79800,79600,1,-0.035694573074579239,-0.035694573074579239,-0.035694573074579239,-0.0093687529827702863,-0.21508008241653442,1,0,0,0,1,1
before,79900000,79700000,79900,79694,79694,-0.04834717647077498,-0.004203306958306223,0.010000000298023226,0.0056250004470348447,1,100,79800,79600,1,-0.039232103601324946,-0.035028796643018723,-0.035028796643018723,-0.11645288155319151,-0.068105705082416534,1,0,0,0,1,1
after,79900000,79700000,79900,79694,79694,-0.04834717647077498,-0.004203306958306223,0.010000000298023226,0.0056250004470348447,1,100,79800,79900,1,-0.035028796643018723,-0.035028796643018723,-0.035028796643018723,-0.11645288155319151,-0.068105705082416534,1,0,0,0,1,1
before,80000000,79800000,80000,79794,79794,-0.12109136956148349,-0.091739875177675567,0.010000000298023226,0.0056250004470348447,1,200,79800,79900,1,-0.034238153050476401,0.057501722127199173,0.057501722127199173,-0.095645437039067374,0.025445932522416115,1,0,0,0,1,1
after,80000000,79800000,80000,79794,79794,-0.12109136956148349,-0.091739875177675567,0.010000000298023226,0.0056250004470348447,1,200,80000,79900,1,0.057501722127199173,0.057501722127199173,0.057501722127199173,-0.095645437039067374,0.025445932522416115,1,0,0,0,1,1
before,80100000,79900000,80100,79894,79894,0.025202919739778409,0.054438310529803677,0.010000000298023226,0.0056250004470348447,1,100,80000,79900,1,0.058978077344363375,0.0045397668145596981,0.0045397668145596981,-0.028972535383407702,-0.054175455123186111,1,0,0,0,1,1
after,80100000,79900000,80100,79894,79894,0.025202919739778409,0.054438310529803677,0.010000000298023226,0.0056250004470348447,1,100,80000,80100,1,0.0045397668145596981,0.0045397668145596981,0.0045397668145596981,-0.028972535383407702,-0.054175455123186111,1,0,0,0,1,1
before,80200000,80000000,80200,79994,79994,0.28864162844430097,0.075473426582090775,0.010000000298023226,0.0056250004470348447,1,200,80000,80100,1,0.0046767580525802826,-0.070796668529510498,-0.070796668529510498,-0.041147384226216027,-0.32978901267051697,1,0,0,0,1,1
after,80200000,80000000,80200,79994,79994,0.28864162844430097,0.075473426582090775,0.010000000298023226,0.0056250004470348447,1,200,80200,80100,1,-0.070796668529510498,-0.070796668529510498,-0.070796668529510498,-0.041147384226216027,-0.32978901267051697,1,0,0,0,1,1
before,80300000,80100000,80300,80094,80094,-0.16513478838767895,-0.038744454010285506,0.010000000298023226,0.0056250004470348447,1,100,80200,80100,1,-0.075706139876402984,-0.036961685866117477,-0.036961685866117477,-0.19350289077427277,-0.028368102386593819,1,0,0,0,1,1
after,80300000,80100000,80300,80094,80094,-0.16513478838767895,-0.038744454010285506,0.010000000298023226,0.0056250004470348447,1,100,80200,80300,1,-0.036961685866117477,-0.036961685866117477,-0.036961685866117477,-0.19350289077427277,-0.028368102386593819,1,0,0,0,1,1
before,80400000,80200000,80400,80194,80194,-0.13930593643664296,-0.087577356719514027,0.010000000298023226,0.0056250004470348447,1,200,80200,80300,1,-0.035076032155295506,0.052501324564218521,0.052501324564218521,-0.11410727750836784,0.025198658928275108,1,0,0,0,1,1
after,80400000,80200000,80400,80194,80194,-0.13930593643664296,-0.087577356719514027,0.010000000298023226,0.0056250004470348447,1,200,80400,80300,1,0.052501324564218521,0.052501324564218521,0.052501324564218521,-0.11410727750836784,0.025198658928275108,1,0,0,0,1,1
before,80500000,80300000,80500,80294,80294,0.012498638599670583,0.17258138111186844,0.010000000298023226,0.0056250004470348447,1,100,80400,80300,1,0.054891115933188003,-0.11769026517868042,-0.11769026517868042,-0.038725891143523997,-0.05122452974319458,1,0,0,0,1,1
after,80500000,80300000,80500,80294,80294,0.012498638599670583,0.17258138111186844,0.010000000298023226,0.0056250004470348447,1,100,80400,80500,1,-0.11769026517868042,-0.11769026517868042,-0.11769026517868042,-0.038725891143523997,-0.05122452974319458,1,0,0,0,1,1
before,80600000,80400000,80600,80394,80394,-0.01295900273583539,-0.14789673002408388,0.010000000298023226,0.0056250004470348447,1,200,80400,80500,1,-0.11874238276825788,0.029154347255825996,0.029154347255825996,-0.056839465382319765,-0.043880462646484375,1,0,0,0,1,1
after,80600000,80400000,80600,80394,80394,-0.01295900273583539,-0.14789673002408388,0.010000000298023226,0.0056250004470348447,1,200,80400,80600,1,0.029154347255825996,0.029154347255825996,0.029154347255825996,-0.056839465382319765,-0.043880462646484375,1,0,0,0,1,1
before,80700000,80500000,80700,80494,80494,0.080030594596343763,0.08801026764807679,0.010000000298023226,0.0056250004470348447,1,300,80400,80600,1,0.029134621205901878,-0.058875646442174911,-0.058875646442174911,-0.047424923053306804,-0.12745551764965057,1,0,0,0,1,1
after,80700000,80500000,80700,80494,80494,0.080030594596343763,0.08801026764807679,0.010000000298023226,0.0056250004470348447,1,300,80400,80700,1,-0.058875646442174911,-0.058875646442174911,-0.058875646442174911,-0.047424923053306804,-0.12745551764965057,1,0,0,0,1,1
before,80800000,80600000,80800,80594,80594,-0.19622656943672925,0.065140355796560273,0.010000000298023226,0.0056250004470348447,1,400,80400,80700,1,-0.060412700801149383,-0.12555305659770966,-0.12555305659770966,-0.093594791911781133,0.10263177752494812,1,0,0,0,1,1
after,80800000,80600000,80800,80594,80594,-0.19622656943672925,0.065140355796560273,0.010000000298023226,0.0056250004470348447,1,400,80400,80800,1,-0.12555305659770966,-0.12555305659770966,-0.12555305659770966,-0.093594791911781133,0.10263177752494812,1,0,0,0,1,1
before,80900000,80700000,80900,80694,80694,0.15374503575277326,-0.17359269897849344,0.010000000298023226,0.0056250004470348447,1,500,80400,80800,1,-0.12310862656147264,0.050484072417020798,0.050484072417020798,-0.0074449525027275205,-0.16118998825550079,1,0,0,0,1,1
after,80900000,80700000,80900,80694,80694,0.15374503575277326,-0.17359269897849344,0.010000000298023226,0.0056250004470348447,1,500,80400,80900,1,0.050484072417020798,0.050484072417020798,0.050484072417020798,-0.0074449525027275205,-0.16118998825550079,1,0,0,0,1,1
before,81000000,80800000,81000,80794,80794,-0.23981939102978056,0.006088710899966196,0.010000000298023226,0.0056250004470348447,1,600,80400,80900,1,0.047342825259583429,0.041254114359617233,0.041254114359617233,-0.079806207078402691,0.16001318395137787,1,0,0,0,1,1
after,81000000,80800000,81000,80794,80794,-0.23981939102978056,0.006088710899966196,0.010000000298023226,0.0056250004470348447,1,600,80400,81000,1,0.041254114359617233,0.041254114359617233,0.041254114359617233,-0.079806207078402691,0.16001318395137787,1,0,0,0,1,1
before,81100000,80900000,81100,80894,80894,0.015735331672402597,-0.043381954185595921,0.010000000298023226,0.0056250004470348447,1,700,80400,81000,1,0.044285399265656063,0.087667353451251984,0.087667353451251984,0.044965877878638483,0.029230546206235886,1,0,0,0,1,1
after,81100000,80900000,81100,80894,80894,0.015735331672402597,-0.043381954185595921,0.010000000298023226,0.0056250004470348447,1,700,80400,81100,1,0.087667353451251984,0.087667353451251984,0.087667353451251984,0.044965877878638483,0.029230546206235886,1,0,0,0,1,1
before,81200000,81000000,81200,80994,80994,0.22546205359181465,0.13709839378185765,0.010000000298023226,0.0056250004470348447,1,800,80400,81100,1,0.087449952407555737,-0.04964844137430191,-0.04964844137430191,0.045821253830996174,-0.17964079976081848,1,0,0,0,1,1
after,81200000,81000000,81200,80994,80994,0.22546205359181465,0.13709839378185765,0.010000000298023226,0.0056250004470348447,1,800,81200,81100,1,-0.04964844137430191,-0.04964844137430191,-0.04964844137430191,0.045821253830996174,-0.17964079976081848,1,0,0,0,1,1
before,81300000,81100000,81300,81094,81094,-0.18601238972395073,-0.10293281020486743,0.010000000298023226,0.0056250004470348447,1,100,81200,81100,1,-0.052777222710494107,0.050155587494373322,0.050155587494373322,-0.07259823626726282,0.11341415345668793,1,0,0,0,1,1
after,81300000,81100000,81300,81094,81094,-0.18601238972395073,-0.10293281020486743,0.010000000298023226,0.0056250004470348447,1,100,81300,81100,1,0.050155587494373322,0.050155587494373322,0.050155587494373322,-0.07259823626726282,0.11341415345668793,1,0,0,0,1,1
before,81400000,81200000,81400,81194,81194,-0.1248208736873487,0.15263693767321845,0.010000000298023226,0.0056250004470348447,1,100,81300,81100,1,0.051780141766197899,-0.10085679590702057,-0.10085679590702057,0.025901227643408437,0.15072210133075714,1,0,0,0,1,1
after,81400000,81200000,81400,81194,81194,-0.1248208736873487,0.15263693767321845,0.010000000298023226,0.0056250004470348447,1,100,81300,81400,1,-0.10085679590702057,-0.10085679590702057,-0.10085679590702057,0.025901227643408437,0.15072210133075714,1,0,0,0,1,1
before,81500000,81300000,81500,81294,81294,0.15789889452230121,-0.17255703647427867,0.010000000298023226,0.0056250004470348447,1,200,81300,81400,1,-0.099805275991490569,0.072751760482788086,0.072751760482788086,0.078576586220375541,-0.079322308301925659,1,0,0,0,1,1
after,81500000,81300000,81500,81294,81294,0.15789889452230121,-0.17255703647427867,0.010000000298023226,0.0056250004470348447,1,200,81300,81500,1,0.072751760482788086,0.072751760482788086,0.072751760482788086,0.078576586220375541,-0.079322308301925659,1,0,0,0,1,1
before,81600000,81400000,81600,81394,81394,-0.037580046500446287,0.028245927442970706,0.010000000298023226,0.0056250004470348447,1,300,81300,81500,1,0.070263685335579348,0.042017757892608643,0.042017757892608643,0.0063787478251438445,0.043958794325590134,1,0,0,0,1,1
after,81600000,81400000,81600,81394,81394,-0.037580046500446287,0.028245927442970706,0.010000000298023226,0.0056250004470348447,1,300,81300,81600,1,0.042017757892608643,0.042017757892608643,0.042017757892608643,0.0063787478251438445,0.043958794325590134,1,0,0,0,1,1
before,81700000,81500000,81700,81494,81494,0.14294187843938416,-0.015706212758398043,0.010000000298023226,0.0056250004470348447,1,400,81300,81600,1,0.042202176958942426,0.057908389717340469,0.057908389717340469,0.029483766557174398,-0.11345811188220978,1,0,0,0,1,1
after,81700000,81500000,81700,81494,81494,0.14294187843938416,-0.015706212758398043,0.010000000298023226,0.0056250004470348447,1,400,81300,81700,1,0.057908389717340469,0.057908389717340469,0.057908389717340469,0.029483766557174398,-0.11345811188220978,1,0,0,0,1,1
before,81800000,81600000,81800,81594,81594,-0.088498531539229514,-0.010581150852982391,0.010000000298023226,0.0056250004470348447,1,500,81300,81700,1,0.056398860908206117,0.066980011761188507,0.066980011761188507,-0.036607819307831878,0.051890712231397629,1,0,0,0,1,1
after,81800000,81600000,81800,81594,81594,-0.088498531539229514,-0.010581150852982391,0.010000000298023226,0.0056250004470348447,1,500,81300,81800,1,0.066980011761188507,0.066980011761188507,0.066980011761188507,-0.036607819307831878,0.051890712231397629,1,0,0,0,1,1
before,81900000,81700000,81900,81694,81694,0.022954142078353737,-0.0045091131993472977,0.010000000298023226,0.0056250004470348447,1,600,81300,81800,1,0.067742482357388695,0.072251595556735992,0.072251595556735992,0.014576651513172957,-0.0083774905651807785,1,0,0,0,1,1
after,81900000,81700000,81900,81694,81694,0.022954142078353737,-0.0045091131993472977,0.010000000298023226,0.0056250004470348447,1,600,81300,81900,1,0.072251595556735992,0.072251595556735992,0.072251595556735992,0.014576651513172957,-0.0083774905651807785,1,0,0,0,1,1
before,82000000,81800000,82000,81794,81794,0.12164845464181236,0.084760636315557816,0.010000000298023226,0.0056250004470348447,1,700,81300,81900,1,0.070905588791582444,-0.013855047523975372,-0.013855047523975372,0.010185854112618483,-0.11146260052919388,1,0,0,0,1,1
after,82000000,81800000,82000,81794,81794,0.12164845464181236,0.084760636315557816,0.010000000298023226,0.0056250004470348447,1,700,82000,81900,1,-0.013855047523975372,-0.013855047523975372,-0.013855047523975372,0.010185854112618483,-0.11146260052919388,1,0,0,0,1,1
before,82100000,81900000,82100,81894,81894,-0.074166998474501866,0.026184552404070922,0.010000000298023226,0.0056250004470348447,1,100,82000,81900,1,-0.015453777221058779,-0.0416383296251297,-0.0416383296251297,-0.052387563719057346,0.021779434755444527,1,0,0,0,1,1
after,82100000,81900000,82100,81894,81894,-0.074166998474501866,0.026184552404070922,0.010000000298023226,0.0056250004470348447,1,100,82000,82100,1,-0.0416383296251297,-0.0416383296251297,-0.0416383296251297,-0.052387563719057346,0.021779434755444527,1,0,0,0,1,1
before,82200000,82000000,82200,81994,81994,0.13049265241137598,-0.0078800344416655385,0.010000000298023226,0.0056250004470348447,1,200,82000,82100,1,-0.040589476520732769,-0.03270944207906723,-0.03270944207906723,-0.019221996312226326,-0.14971464872360229,1,0,0,0,1,1
after,82200000,82000000,82200,81994,81994,0.13049265241137598,-0.0078800344416655385,0.010000000298023226,0.0056250004470348447,1,200,82000,82200,1,-0.03270944207906723,-0.03270944207906723,-0.03270944207906723,-0.019221996312226326,-0.14971464872360229,1,0,0,0,1,1
before,82300000,82100000,82300,82094,82094,-0.12675374956509011,-0.019840300666096981,0.010000000298023226,0.0056250004470348447,1,300,82000,82200,1,-0.035070135841074761,-0.015229835174977779,-0.015229835174977779,-0.088165490195955196,0.038588259369134903,1,0,0,0,1,1
after,82300000,82100000,82300,82094,82094,-0.12675374956509011,-0.019840300666096981,0.010000000298023226,0.0056250004470348447,1,300,82000,82300,1,-0.015229835174977779,-0.015229835174977779,-0.015229835174977779,-0.088165490195955196,0.038588259369134903,1,0,0,0,1,1
before,82400000,82200000,82400,82194,82194,0.16957138885040343,0.070909202130412269,0.010000000298023226,0.0056250004470348447,1,400,82000,82300,1,-0.01413527872982104,-0.085044480860233307,-0.085044480860233307,-0.025972421874808665,-0.1955438107252121,1,0,0,0,1,1
after,82400000,82200000,82400,82194,82194,0.16957138885040343,0.070909202130412269,0.010000000298023226,0.0056250004470348447,1,400,82000,82400,1,-0.085044480860233307,-0.085044480860233307,-0.085044480860233307,-0.025972421874808665,-0.1955438107252121,1,0,0,0,1,1
before,82500000,82300000,82500,82294,82294,0.015166889271763545,0.04627118032198628,0.010000000298023226,0.0056250004470348447,1,500,82000,82400,1,-0.087770203540509142,-0.13404138386249542,-0.13404138386249542,-0.11979639963147284,-0.13496328890323639,1,0,0,0,1,1
after,82500000,82300000,82500,82294,82294,0.015166889271763545,0.04627118032198628,0.010000000298023226,0.0056250004470348447,1,500,82000,82500,1,-0.13404138386249542,-0.13404138386249542,-0.13404138386249542,-0.11979639963147284,-0.13496328890323639,1,0,0,0,1,1
before,82600000,82400000,82600,82394,82394,-0.23310611611175083,-0.007125550544507836,0.010000000298023226,0.0056250004470348447,1,600,82000,82500,1,-0.13465190831447396,-0.12752635776996613,-0.12752635776996613,-0.14083648687171482,0.092269629240036011,1,0,0,0,1,1
after,82600000,82400000,82600,82394,82394,-0.23310611611175083,-0.007125550544507836,0.010000000298023226,0.0056250004470348447,1,600,82000,82600,1,-0.12752635776996613,-0.12752635776996613,-0.12752635776996613,-0.14083648687171482,0.092269629240036011,1,0,0,0,1,1
before,82700000,82500000,82700,82494,82494,0.051342530183586581,-0.11095686903972914,0.010000000298023226,0.0056250004470348447,1,700,82000,82600,1,-0.12488769548763325,-0.01393082644790411,-0.01393082644790411,-0.036332683630195158,-0.087675213813781738,1,0,0,0,1,1
after,82700000,82500000,82700,82494,82494,0.051342530183586581,-0.11095686903972914,0.010000000298023226,0.0056250004470348447,1,700,82000,82700,1,-0.01393082644790411,-0.01393082644790411,-0.01393082644790411,-0.036332683630195158,-0.087675213813781738,1,0,0,0,1,1
before,82800000,82600000,82800,82594,82594,-0.063259944069141386,0.10421940270586724,0.010000000298023226,0.0056250004470348447,1,800,82000,82700,1,-0.014238257373135138,-0.11845766007900238,-0.11845766007900238,-0.063499363077862983,-0.00023941900872159749,1,0,0,0,1,1
after,82800000,82600000,82800,82594,82594,-0.063259944069141386,0.10421940270586724,0.010000000298023226,0.0056250004470348447,1,800,82000,82800,1,-0.11845766007900238,-0.11845766007900238,-0.11845766007900238,-0.063499363077862983,-0.00023941900872159749,1,0,0,0,1,1
before,82900000,82700000,82900,82694,82694,-0.0088564323423719962,-0.12025784938084663,0.010000000298023226,0.0056250004470348447,1,900,82000,82800,1,-0.11752240200946809,0.002735447371378541,0.002735447371378541,-0.043496919625840243,-0.034640487283468246,1,0,0,0,1,1
after,82900000,82700000,82900,82694,82694,-0.0088564323423719962,-0.12025784938084663,0.010000000298023226,0.0056250004470348447,1,900,82000,82900,1,0.002735447371378541,0.002735447371378541,0.002735447371378541,-0.043496919625840243,-0.034640487283468246,1,0,0,0,1,1
before,83000000,82800000,83000,82794,82794,0.076308259725359859,-0.16488113626545767,0.010000000298023226,0.0056250004470348447,1,1000,82000,82900,1,0.0025963522523035701,0.16747748851776123,0.16747748851776123,-0.038778482020112096,-0.11508674174547195,1,0,0,0,1,1
after,83000000,82800000,83000,82794,82794,0.076308259725359859,-0.16488113626545767,0.010000000298023226,0.0056250004470348447,1,1000,82000,83000,1,0.16747748851776123,0.16747748851776123,0.16747748851776123,-0.038778482020112096,-0.11508674174547195,1,0,0,0,1,1
before,83100000,82900000,83100,82894,82894,-0.12689761815550799,-0.010102873364750992,0.010000000298023226,0.0056250004470348447,1,1100,82000,83000,1,0.16676359840267455,0.17686647176742554,0.17686647176742554,-0.060392647962598758,0.066504970192909241,1,0,0,0,1,1
after,83100000,82900000,83100,82894,82894,-0.12689761815550799,-0.010102873364750992,0.010000000298023226,0.0056250004470348447,1,1100,82000,83100,1,0.17686647176742554,0.17686647176742554,0.17686647176742554,-0.060392647962598758,0.066504970192909241,1,0,0,0,1,1
before,83200000,83000000,83200,82994,82994,0.027468819900209721,0.14442005048920342,0.010000000298023226,0.0056250004470348447,1,1200,82000,83100,1,0.17827674414445588,0.033856693655252457,0.033856693655252457,0.021104124638045844,-0.0063646952621638775,1,0,0,0,1,1
after,83200000,83000000,83200,82994,82994,0.027468819900209721,0.14442005048920342,0.010000000298023226,0.0056250004470348447,1,1200,82000,83200,1,0.033856693655252457,0.033856693655252457,0.033856693655252457,0.021104124638045844,-0.0063646952621638775,1,0,0,0,1,1
before,83300000,83100000,83300,83094,83094,-0.05635289652305002,0.042855492754859531,0.010000000298023226,0.0056250004470348447,1,1300,82000,83200,1,0.032278714663369262,-0.010576778091490269,-0.010576778091490269,0.010604323912092501,0.066957220435142517,1,0,0,0,1,1
after,83300000,83100000,83300,83094,83094,-0.05635289652305002,0.042855492754859531,0.010000000298023226,0.0056250004470348447,1,1300,82000,83300,1,-0.010576778091490269,-0.010576778091490269,-0.010576778091490269,0.010604323912092501,0.066957220435142517,1,0,0,0,1,1
before,83400000,83200000,83400,83194,83194,0.078881467343214745,0.073631749913168926,0.010000000298023226,0.0056250004470348447,1,1400,82000,83300,1,-0.010231046512650473,-0.083862796425819397,-0.083862796425819397,0.037871188134793038,-0.041010279208421707,1,0,0,0,1,1
after,83400000,83200000,83400,83194,83194,0.078881467343214745,0.073631749913168926,0.010000000298023226,0.0056250004470348447,1,1400,82000,83400,1,-0.083862796425819397,-0.083862796425819397,-0.083862796425819397,0.037871188134793038,-0.041010279208421707,1,0,0,0,1,1
before,83500000,83300000,83500,83294,83294,0.02553416768893043,-0.11683966737611089,0.010000000298023226,0.0056250004470348447,1,1500,82000,83400,1,-0.0859804298393229,0.030859237536787987,0.030859237536787987,-0.01028133948460778,-0.035815507173538208,1,0,0,0,1,1
after,83500000,83300000,83500,83294,83294,0.02553416768893043,-0.11683966737611089,0.010000000298023226,0.0056250004470348447,1,1500,82000,83500,1,0.030859237536787987,0.030859237536787987,0.030859237536787987,-0.01028133948460778,-0.035815507173538208,1,0,0,0,1,1
before,83600000,83400000,83600,83394,83394,-0.11369500912202342,0.12607936706610104,0.010000000298023226,0.0056250004470348447,1,1600,82000,83500,1,0.030360171163753471,-0.095719195902347565,-0.095719195902347565,-0.020023359427580666,0.093671649694442749,1,0,0,0,1,1
after,83600000,83400000,83600,83394,83394,-0.11369500912202342,0.12607936706610104,0.010000000298023226,0.0056250004470348447,1,1600,82000,83600,1,-0.095719195902347565,-0.095719195902347565,-0.095719195902347565,-0.020023359427580666,0.093671649694442749,1,0,0,0,1,1
before,83700000,83500000,83700,83494,83494,0.19645139542502643,-0.097394845537529029,0.010000000298023226,0.0056250004470348447,1,1700,82000,83600,1,-0.094325231011644639,0.0030696145258843899,0.0030696145258843899,0.0276061889259267,-0.16884520649909973,1,0,0,0,1,1
after,83700000,83500000,83700,83494,83494,0.19645139542502643,-0.097394845537529029,0.010000000298023226,0.0056250004470348447,1,1700,82000,83700,1,0.0030696145258843899,0.0030696145258843899,0.0030696145258843899,0.0276061889259267,-0.16884520649909973,1,0,0,0,1,1
before,83800000,83600000,83800,83594,83594,-0.15119103132954262,0.02633619006240865,0.010000000298023226,0.0056250004470348447,1,1800,82000,83700,1,7.1330698971949747e-05,-0.026264859363436699,-0.026264859363436699,-0.070898001782804948,0.080293029546737671,1,0,0,0,1,1
after,83800000,83600000,83800,83594,83594,-0.15119103132954262,0.02633619006240865,0.010000000298023226,0.0056250004470348447,1,1800,82000,83800,1,-0.026264859363436699,-0.026264859363436699,-0.026264859363436699,-0.070898001782804948,0.080293029546737671,1,0,0,0,1,1
before,83900000,83700000,83900,83694,83694,0.029607555645758208,-0.0015274400213468528,0.010000000298023226,0.0056250004470348447,1,1900,82000,83800,1,-0.023758491719673917,-0.022231051698327065,-0.022231051698327065,0.0025762885839286397,-0.027031267061829567,1,0,0,0,1,1
after,83900000,83700000,83900,83694,83694,0.029607555645758208,-0.0015274400213468528,0.010000000298023226,0.0056250004470348447,1,1900,82000,83900,1,-0.022231051698327065,-0.022231051698327065,-0.022231051698327065,0.0025762885839286397,-0.027031267061829567,1,0,0,0,1,1
before,84000000,83800000,84000,83794,83794,0.022768513734034768,-0.055213086999665123,0.010000000298023226,0.0056250004470348447,1,2000,82000,83900,1,-0.022838749684105732,0.032374337315559387,0.032374337315559387,-0.014538193618365057,-0.037306707352399826,1,0,0,0,1,1
after,84000000,83800000,84000,83794,83794,0.022768513734034768,-0.055213086999665123,0.010000000298023226,0.0056250004470348447,1,2000,82000,84000,1,0.032374337315559387,0.032374337315559387,0.032374337315559387,-0.014538193618365057,-0.037306707352399826,1,0,0,0,1,1
before,84100000,83900000,84100,83894,83894,-0.019930029786596862,-0.0088295273476208386,0.010000000298023226,0.0056250004470348447,1,2100,82000,84000,1,0.031271408498946315,0.040100935846567154,0.040100935846567154,-0.022799391099656788,-0.002869361313059926,1,0,0,0,1,1
after,84100000,83900000,84100,83894,83894,-0.019930029786596862,-0.0088295273476208386,0.010000000298023226,0.0056250004470348447,1,2100,82000,84100,1,0.040100935846567154,0.040100935846567154,0.040100935846567154,-0.022799391099656788,-0.002869361313059926,1,0,0,0,1,1
before,84200000,84000000,84200,83994,83994,0.18927578370564843,0.034135688462236448,0.010000000298023226,0.0056250004470348447,1,2200,82000,84100,1,0.03957745795411758,0.0054417694918811321,0.0054417694918811321,-0.008827644181314459,-0.19810342788696289,1,0,0,0,1,1
after,84200000,84000000,84200,83994,83994,0.18927578370564843,0.034135688462236448,0.010000000298023226,0.0056250004470348447,1,2200,82000,84200,1,0.0054417694918811321,0.0054417694918811321,0.0054417694918811321,-0.008827644181314459,-0.19810342788696289,1,0,0,0,1,1
before,84300000,84100000,84300,84094,84094,-0.049699617285970207,-0.083190051244458912,0.010000000298023226,0.0056250004470348447,1,2300,82000,84200,1,0.0025560880434897021,0.085746139287948608,0.085746139287948608,-0.10352065574074125,-0.053821038454771042,1,0,0,0,1,1
after,84300000,84100000,84300,84094,84094,-0.049699617285970207,-0.083190051244458912,0.010000000298023226,0.0056250004470348447,1,2300,82000,84300,1,0.085746139287948608,0.085746139287948608,0.085746139287948608,-0.10352065574074125,-0.053821038454771042,1,0,0,0,1,1
before,84400000,84200000,84400,84194,84194,-0.17213892394396013,0.18861387645442623,0.010000000298023226,0.0056250004470348447,1,2400,82000,84300,1,0.086176603786541406,-0.10243727266788483,-0.10243727266788483,-0.06993743234964557,0.10220149159431458,1,0,0,0,1,1
after,84400000,84200000,84400,84194,84194,-0.17213892394396013,0.18861387645442623,0.010000000298023226,0.0056250004470348447,1,2400,82000,84400,1,-0.10243727266788483,-0.10243727266788483,-0.10243727266788483,-0.06993743234964557,0.10220149159431458,1,0,0,0,1,1
before,84500000,84300000,84500,84294,84294,0.20032752988506811,-0.040067849577941655,0.010000000298023226,0.0056250004470348447,1,2500,82000,84400,1,-0.099715905161180257,-0.059648055583238602,-0.059648055583238602,0.0064492964522983214,-0.19387823343276978,1,0,0,0,1,1
after,84500000,84300000,84500,84294,84294,0.20032752988506811,-0.040067849577941655,0.010000000298023226,0.0056250004470348447,1,2500,82000,84500,1,-0.059648055583238602,-0.059648055583238602,-0.059648055583238602,0.0064492964522983214,-0.19387823343276978,1,0,0,0,1,1
before,84600000,84400000,84600,84394,84394,0.022702367521566971,-0.01093860968062943,0.010000000298023226,0.0056250004470348447,1,2600,82000,84500,1,-0.063160343757367787,-0.052221734076738358,-0.052221734076738358,-0.10033791371460475,-0.12304028123617172,1,0,0,0,1,1
after,84600000,84400000,84600,84394,84394,0.022702367521566971,-0.01093860968062943,0.010000000298023226,0.0056250004470348447,1,2600,82000,84600,1,-0.052221734076738358,-0.052221734076738358,-0.052221734076738358,-0.10033791371460475,-0.12304028123617172,1,0,0,0,1,1
before,84700000,84500000,84700,84494,84494,-0.096077605887281148,0.03062939646680006,0.010000000298023226,0.0056250004470348447,1,2700,82000,84600,1,-0.052817963035515461,-0.083447359502315521,-0.083447359502315521,-0.11699018235407993,-0.020912576466798782,1,0,0,0,1,1
after,84700000,84500000,84700,84494,84494,-0.096077605887281148,0.03062939646680006,0.010000000298023226,0.0056250004470348447,1,2700,82000,84700,1,-0.083447359502315521,-0.083447359502315521,-0.083447359502315521,-0.11699018235407993,-0.020912576466798782,1,0,0,0,1,1
before,84800000,84600000,84800,84594,84594,-0.0010101420466393785,-0.01570927952188883,0.010000000298023226,0.0056250004470348447,1,2800,82000,84700,1,-0.082282340570873358,-0.066573061048984528,-0.066573061048984528,-0.076990790445038731,-0.075980648398399353,1,0,0,0,1,1
after,84800000,84600000,84800,84594,84594,-0.0010101420466393785,-0.01570927952188883,0.010000000298023226,0.0056250004470348447,1,2800,82000,84800,1,-0.066573061048984528,-0.066573061048984528,-0.066573061048984528,-0.076990790445038731,-0.075980648398399353,1,0,0,0,1,1
before,84900000,84700000,84900,84694,84694,-0.12321450441060328,-0.083062407955498949,0.010000000298023226,0.0056250004470348447,1,2900,82000,84800,1,-0.067568117216201082,0.015494290739297867,0.015494290739297867,-0.083194768716671696,0.04001973569393158,1,0,0,0,1,1
after,84900000,84700000,84900,84694,84694,-0.12321450441060328,-0.083062407955498949,0.010000000298023226,0.0056250004470348447,1,2900,84900,84800,1,0.015494290739297867,0.015494290739297867,0.015494290739297867,-0.083194768716671696,0.04001973569393158,1,0,0,0,1,1
before,85000000,84800000,85000,84794,84794,-0.1434370730960754,-0.0068287634644068201,0.010000000298023226,0.0056250004470348447,1,100,84900,84800,1,0.016440034901782183,0.023268798366189003,0.023268798366189003,-0.019728191658296933,0.12370888143777847,1,0,0,0,1,1
after,85000000,84800000,85000,84794,84794,-0.1434370730960754,-0.0068287634644068201,0.010000000298023226,0.0056250004470348447,1,100,84900,85000,1,0.023268798366189003,0.023268798366189003,0.023268798366189003,-0.019728191658296933,0.12370888143777847,1,0,0,0,1,1
before,85100000,84900000,85100,84894,84894,0.095731015308527789,0.058250446181288759,0.010000000298023226,0.0056250004470348447,1,200,84900,85000,1,0.024808872799864812,-0.03344157338142395,-0.03344157338142395,0.054759456767468302,-0.040971558541059494,1,0,0,0,1,1
after,85100000,84900000,85100,84894,84894,0.095731015308527789,0.058250446181288759,0.010000000298023226,0.0056250004470348447,1,200,84900,85100,1,-0.03344157338142395,-0.03344157338142395,-0.03344157338142395,0.054759456767468302,-0.040971558541059494,1,0,0,0,1,1
before,85200000,85000000,85200,84994,84994,-0.036922474253864801,-0.08792289514942081,0.010000000298023226,0.0056250004470348447,1,300,84900,85100,1,-0.034720087246131008,0.053202807903289795,0.053202807903289795,0.0032664231472296339,0.040188897401094437,1,0,0,0,1,1
after,85200000,85000000,85200,84994,84994,-0.036922474253864801,-0.08792289514942081,0.010000000298023226,0.0056250004470348447,1,300,84900,85200,1,0.053202807903289795,0.053202807903289795,0.053202807903289795,0.0032664231472296339,0.040188897401094437,1,0,0,0,1,1
before,85300000,85100000,85300,85094,85094,0.032319775588501271,-0.045634654670925846,0.010000000298023226,0.0056250004470348447,1,400,84900,85200,1,0.053066271036891231,0.098700925707817078,0.098700925707817078,0.027130171928245603,-0.0051896036602556705,1,0,0,0,1,1
after,85300000,85100000,85300,85094,85094,0.032319775588501271,-0.045634654670925846,0.010000000298023226,0.0056250004470348447,1,400,84900,85300,1,0.098700925707817078,0.098700925707817078,0.098700925707817078,0.027130171928245603,-0.0051896036602556705,1,0,0,0,1,1
before,85400000,85200000,85400,85194,85194,0.019909578037271749,0.012380948581400972,0.010000000298023226,0.0056250004470348447,1,500,84900,85300,1,0.097827179648581605,0.085446231067180634,0.085446231067180634,0.020709274289487403,0.00079969625221565366,1,0,0,0,1,1
after,85400000,85200000,85400,85194,85194,0.019909578037271749,0.012380948581400972,0.010000000298023226,0.0056250004470348447,1,500,84900,85400,1,0.085446231067180634,0.085446231067180634,0.085446231067180634,0.020709274289487403,0.00079969625221565366,1,0,0,0,1,1
before,85500000,85300000,85500,85294,85294,0.050373292915698351,0.21522015791594495,0.010000000298023226,0.0056250004470348447,1,600,84900,85400,1,0.084225659186239157,-0.13099449872970581,-0.13099449872970581,0.019185682214971841,-0.031187610700726509,1,0,0,0,1,1
after,85500000,85300000,85500,85294,85294,0.050373292915698351,0.21522015791594495,0.010000000298023226,0.0056250004470348447,1,600,84900,85500,1,-0.13099449872970581,-0.13099449872970581,-0.13099449872970581,0.019185682214971841,-0.031187610700726509,1,0,0,0,1,1
before,85600000,85400000,85600,85394,85394,0.052676730917068273,-0.13965362506415185,0.010000000298023226,0.0056250004470348447,1,700,84900,85500,1,-0.13194914358164606,0.0077044814825057983,0.0077044814825057983,-0.019260226621059629,-0.071936957538127899,1,0,0,0,1,1
after,85600000,85400000,85600,85394,85394,0.052676730917068273,-0.13965362506415185,0.010000000298023226,0.0056250004470348447,1,700,84900,85600,1,0.0077044814825057983,0.0077044814825057983,0.0077044814825057983,-0.019260226621059629,-0.071936957538127899,1,0,0,0,1,1
before,85700000,85500000,85700,85494,85494,-0.043712660373064476,-0.0074446889086304136,0.010000000298023226,0.0056250004470348447,1,800,84900,85600,1,0.0059219302163781695,0.013366619125008583,0.013366619125008583,-0.045047293702016371,-0.0013346333289518952,1,0,0,0,1,1
after,85700000,85500000,85700,85494,85494,-0.043712660373064476,-0.0074446889086304136,0.010000000298023226,0.0056250004470348447,1,800,84900,85700,1,0.013366619125008583,0.013366619125008583,0.013366619125008583,-0.045047293702016371,-0.0013346333289518952,1,0,0,0,1,1
before,85800000,85600000,85800,85594,85594,-0.032348764830264838,-0.077553378031403386,0.010000000298023226,0.0056250004470348447,1,900,84900,85700,1,0.013545914008467837,0.091099292039871216,0.091099292039871216,-0.021760388978752883,0.010588375851511955,1,0,0,0,1,1
after,85800000,85600000,85800,85594,85594,-0.032348764830264838,-0.077553378031403386,0.010000000298023226,0.0056250004470348447,1,900,84900,85800,1,0.091099292039871216,0.091099292039871216,0.091099292039871216,-0.021760388978752883,0.010588375851511955,1,0,0,0,1,1
before,85900000,85700000,85900,85694,85694,-0.017082771500423644,0.2140952976468965,0.010000000298023226,0.0056250004470348447,1,1000,84900,85800,1,0.091068330598251465,-0.12302696704864502,-0.12302696704864502,0.0035968495254962707,0.020679621025919914,1,0,0,0,1,1
after,85900000,85700000,85900,85694,85694,-0.017082771500423644,0.2140952976468965,0.010000000298023226,0.0056250004470348447,1,1000,84900,85900,1,-0.12302696704864502,-0.12302696704864502,-0.12302696704864502,0.0035968495254962707,0.020679621025919914,1,0,0,0,1,1
before,86000000,85800000,86000,85794,85794,-0.013995384913277722,-0.085750263944643773,0.010000000298023226,0.0056250004470348447,1,1100,84900,85900,1,-0.12338439451195601,-0.037634130567312241,-0.037634130567312241,-0.00015951238979110857,0.013835872523486614,1,0,0,0,1,1
after,86000000,85800000,86000,85794,85794,-0.013995384913277722,-0.085750263944643773,0.010000000298023226,0.0056250004470348447,1,1100,84900,86000,1,-0.037634130567312241,-0.037634130567312241,-0.037634130567312241,-0.00015951238979110857,0.013835872523486614,1,0,0,0,1,1
before,86100000,85900000,86100,85894,85894,0.075703069985007171,-0.023762099565770821,0.010000000298023226,0.0056250004470348447,1,1200,84900,86000,1,-0.038483487563040451,-0.01472138799726963,-0.01472138799726963,0.0030446429253567454,-0.072658427059650421,1,0,0,0,1,1
after,86100000,85900000,86100,85894,85894,0.075703069985007171,-0.023762099565770821,0.010000000298023226,0.0056250004470348447,1,1200,84900,86100,1,-0.01472138799726963,-0.01472138799726963,-0.01472138799726963,0.0030446429253567454,-0.072658427059650421,1,0,0,0,1,1
before,86200000,86000000,86200,85994,85994,0.04564439566153209,-0.03721403826207427,0.010000000298023226,0.0056250004470348447,1,1300,84900,86100,1,-0.016352801883523737,0.020861236378550529,0.020861236378550529,-0.036561756717980697,-0.082206152379512787,1,0,0,0,1,1
after,86200000,86000000,86200,85994,85994,0.04564439566153209,-0.03721403826207427,0.010000000298023226,0.0056250004470348447,1,1300,84900,86200,1,0.020861236378550529,0.020861236378550529,0.020861236378550529,-0.036561756717980697,-0.082206152379512787,1,0,0,0,1,1
before,86300000,86100000,86300,86094,86094,-0.042214640194285856,0.15483529445743149,0.010000000298023226,0.0056250004470348447,1,1400,84900,86200,1,0.01909876939868517,-0.13573652505874634,-0.13573652505874634,-0.057485743203867422,-0.015271103009581566,1,0,0,0,1,1
after,86300000,86100000,86300,86094,86094,-0.042214640194285856,0.15483529445743149,0.010000000298023226,0.0056250004470348447,1,1400,84900,86300,1,-0.13573652505874634,-0.13573652505874634,-0.13573652505874634,-0.057485743203867422,-0.015271103009581566,1,0,0,0,1,1
before,86400000,86200000,86400,86194,86194,-0.089680908470785192,-0.22053921516435981,0.010000000298023226,0.0056250004470348447,1,1500,84900,86300,1,-0.13577166493433357,0.084767550230026245,0.084767550230026245,-0.049842784404193936,0.039838124066591263,1,0,0,0,1,1
after,86400000,86200000,86400,86194,86194,-0.089680908470785192,-0.22053921516435981,0.010000000298023226,0.0056250004470348447,1,1500,84900,86400,1,0.084767550230026245,0.084767550230026245,0.084767550230026245,-0.049842784404193936,0.039838124066591263,1,0,0,0,1,1
before,86500000,86300000,86500,86294,86294,0.12367091280339441,0.1312695027997807,0.010000000298023226,0.0056250004470348447,1,1600,84900,86400,1,0.08499985502270016,-0.046269647777080536,-0.046269647777080536,0.0036862338793107103,-0.11998467892408371,1,0,0,0,1,1
after,86500000,86300000,86500,86294,86294,0.12367091280339441,0.1312695027997807,0.010000000298023226,0.0056250004470348447,1,1600,86500,86400,1,-0.046269647777080536,-0.046269647777080536,-0.046269647777080536,0.0036862338793107103,-0.11998467892408371,1,0,0,0,1,1
before,86600000,86400000,86600,86394,86394,-0.03397955786828076,-0.071616289261155833,0.010000000298023226,0.0056250004470348447,1,100,86500,86400,1,-0.048192109036617983,0.023424180224537849,0.023424180224537849,-0.0631692823434261,-0.02918972447514534,1,0,0,0,1,1
after,86600000,86400000,86600,86394,86394,-0.03397955786828076,-0.071616289261155833,0.010000000298023226,0.0056250004470348447,1,100,86500,86600,1,0.023424180224537849,0.023424180224537849,0.023424180224537849,-0.0631692823434261,-0.02918972447514534,1,0,0,0,1,1
before,86700000,86500000,86700,86494,86494,0.084560340136286868,0.068241250089997429,0.010000000298023226,0.0056250004470348447,1,200,86500,86600,1,0.024001457117194307,-0.044239792972803116,-0.044239792972803116,-0.043727943807843075,-0.12828828394412994,1,0,0,0,1,1
after,86700000,86500000,86700,86494,86494,0.084560340136286868,0.068241250089997429,0.010000000298023226,0.0056250004470348447,1,200,86500,86700,1,-0.044239792972803116,-0.044239792972803116,-0.044239792972803116,-0.043727943807843075,-0.12828828394412994,1,0,0,0,1,1
before,86800000,86600000,86800,86594,86594,-0.12957697437878038,0.057992543845103633,0.010000000298023226,0.0056250004470348447,1,300,86500,86700,1,-0.045628521771504033,-0.10362106561660767,-0.10362106561660767,-0.090688225643590942,0.038888748735189438,1,0,0,0,1,1
after,86800000,86600000,86800,86594,86594,-0.12957697437878038,0.057992543845103633,0.010000000298023226,0.0056250004470348447,1,300,86500,86800,1,-0.10362106561660767,-0.10362106561660767,-0.10362106561660767,-0.090688225643590942,0.038888748735189438,1,0,0,0,1,1
before,86900000,86700000,86900,86694,86694,0.12130905753201354,0.028371618478379643,0.010000000298023226,0.0056250004470348447,1,400,86500,86800,1,-0.1027610885213991,-0.13113270699977875,-0.13113270699977875,-0.035911455096541756,-0.1572205126285553,1,0,0,0,1,1
after,86900000,86700000,86900,86694,86694,0.12130905753201354,0.028371618478379643,0.010000000298023226,0.0056250004470348447,1,400,86500,86900,1,-0.13113270699977875,-0.13113270699977875,-0.13113270699977875,-0.035911455096541756,-0.1572205126285553,1,0,0,0,1,1
before,87000000,86800000,87000,86794,86794,-0.1622104706773648,-0.20566281356446628,0.010000000298023226,0.0056250004470348447,1,500,86500,86900,1,-0.13245974906318073,0.073203064501285553,0.073203064501285553,-0.11001454168652389,0.052195928990840912,1,0,0,0,1,1
after,87000000,86800000,87000,86794,86794,-0.1622104706773648,-0.20566281356446628,0.010000000298023226,0.0056250004470348447,1,500,87000,86900,1,0.073203064501285553,0.073203064501285553,0.073203064501285553,-0.11001454168652389,0.052195928990840912,1,0,0,0,1,1
before,87100000,86900000,87100,86894,86894,-0.12317064224862276,0.10193149759255712,0.010000000298023226,0.0056250004470348447,1,100,87000,86900,1,0.074940299753177814,-0.026991197839379311,-0.026991197839379311,-0.021125471285812235,0.10204517096281052,1,0,0,0,1,1
after,87100000,86900000,87100,86894,86894,-0.12317064224862276,0.10193149759255712,0.010000000298023226,0.0056250004470348447,1,100,87000,87100,1,-0.026991197839379311,-0.026991197839379311,-0.026991197839379311,-0.021125471285812235,0.10204517096281052,1,0,0,0,1,1
before,87200000,87000000,87200,86994,86994,0.023800567012424764,-0.098546626814491403,0.010000000298023226,0.0056250004470348447,1,200,87000,87100,1,-0.026158044882900366,0.072388581931591034,0.072388581931591034,0.038096555728609857,0.014295988716185093,1,0,0,0,1,1
after,87200000,87000000,87200,86994,86994,0.023800567012424764,-0.098546626814491403,0.010000000298023226,0.0056250004470348447,1,200,87000,87200,1,0.072388581931591034,0.072388581931591034,0.072388581931591034,0.038096555728609857,0.014295988716185093,1,0,0,0,1,1
before,87300000,87100000,87300,87094,87094,0.00071142694494816944,0.034090901592401968,0.010000000298023226,0.0056250004470348447,1,300,87000,87200,1,0.071867390403179632,0.037776488810777664,0.037776488810777664,0.033367865593648884,0.032656438648700714,1,0,0,0,1,1
after,87300000,87100000,87300,87094,87094,0.00071142694494816944,0.034090901592401968,0.010000000298023226,0.0056250004470348447,1,300,87000,87300,1,0.037776488810777664,0.037776488810777664,0.037776488810777664,0.033367865593648884,0.032656438648700714,1,0,0,0,1,1
before,87400000,87200000,87400,87194,87194,-0.11660754657749769,0.054443161770412994,0.010000000298023226,0.0056250004470348447,1,400,87000,87300,1,0.037751475184867454,-0.01669168658554554,-0.01669168658554554,0.036764145126298699,0.15337169170379639,1,0,0,0,1,1
after,87400000,87200000,87400,87194,87194,-0.11660754657749769,0.054443161770412994,0.010000000298023226,0.0056250004470348447,1,400,87000,87400,1,-0.01669168658554554,-0.01669168658554554,-0.01669168658554554,0.036764145126298699,0.15337169170379639,1,0,0,0,1,1
before,87500000,87300000,87500,87294,87294,0.049175999368304524,-0.021641212181511688,0.010000000298023226,0.0056250004470348447,1,500,87000,87400,1,-0.016156474260005521,0.0054847379215061665,0.0054847379215061665,0.093687362278575215,0.044511362910270691,1,0,0,0,1,1
after,87500000,87300000,87500,87294,87294,0.049175999368304524,-0.021641212181511688,0.010000000298023226,0.0056250004470348447,1,500,87000,87500,1,0.0054847379215061665,0.0054847379215061665,0.0054847379215061665,0.093687362278575215,0.044511362910270691,1,0,0,0,1,1
before,87600000,87400000,87600,87394,87394,0.16409676169881116,-0.026332628583691502,0.010000000298023226,0.0056250004470348447,1,600,87000,87500,1,0.0044787017198582657,0.030811330303549767,0.030811330303549767,0.069476302917091962,-0.094620458781719208,1,0,0,0,1,1
after,87600000,87400000,87600,87394,87394,0.16409676169881116,-0.026332628583691502,0.010000000298023226,0.0056250004470348447,1,600,87000,87600,1,0.030811330303549767,0.030811330303549767,0.030811330303549767,0.069476302917091962,-0.094620458781719208,1,0,0,0,1,1
before,87700000,87500000,87700,87494,87494,-0.090752911513151929,-0.021230120757715142,0.010000000298023226,0.0056250004470348447,1,700,87000,87600,1,0.026870041539772117,0.048100162297487259,0.048100162297487259,-0.010092836563887406,0.080660074949264526,1,0,0,0,1,1
after,87700000,87500000,87700,87494,87494,-0.090752911513151929,-0.021230120757715142,0.010000000298023226,0.0056250004470348447,1,700,87000,87700,1,0.048100162297487259,0.048100162297487259,0.048100162297487259,-0.010092836563887406,0.080660074949264526,1,0,0,0,1,1
before,87800000,87600000,87800,87594,87594,0.03275344107425314,-0.02128405326961505,0.010000000298023226,0.0056250004470348447,1,800,87000,87700,1,0.048161884602317934,0.069445937871932983,0.069445937871932983,0.040313310512662945,0.0075598694384098053,1,0,0,0,1,1
after,87800000,87600000,87800,87594,87594,0.03275344107425314,-0.02128405326961505,0.010000000298023226,0.0056250004470348447,1,800,87000,87800,1,0.069445937871932983,0.069445937871932983,0.069445937871932983,0.040313310512662945,0.0075598694384098053,1,0,0,0,1,1
before,87900000,87700000,87900,87694,87694,0.031974658720391055,0.07338370087537098,0.010000000298023226,0.0056250004470348447,1,900,87000,87800,1,0.068503852775125981,-0.0048798481002449989,-0.0048798481002449989,0.030750051141912305,-0.0012246075784787536,1,0,0,0,1,1
after,87900000,87700000,87900,87694,87694,0.031974658720391055,0.07338370087537098,0.010000000298023226,0.0056250004470348447,1,900,87000,87900,1,-0.0048798481002449989,-0.0048798481002449989,-0.0048798481002449989,0.030750051141912305,-0.0012246075784787536,1,0,0,0,1,1
before,88000000,87800000,88000,87794,87794,0.16600395397484721,-0.087078318323629403,0.010000000298023226,0.0056250004470348447,1,1000,87000,87900,1,-0.0063462633152179971,0.080732055008411407,0.080732055008411407,0.014091294568185232,-0.15191265940666199,1,0,0,0,1,1
after,88000000,87800000,88000,87794,87794,0.16600395397484721,-0.087078318323629403,0.010000000298023226,0.0056250004470348447,1,1000,87000,88000,1,0.080732055008411407,0.080732055008411407,0.080732055008411407,0.014091294568185232,-0.15191265940666199,1,0,0,0,1,1
before,88100000,87900000,88100,87894,87894,-0.078455717571740052,0.14319845147507715,0.010000000298023226,0.0056250004470348447,1,1100,87000,88000,1,0.078170365170412551,-0.065028086304664612,-0.065028086304664612,-0.061367261492376222,0.017088456079363823,1,0,0,0,1,1
after,88100000,87900000,88100,87894,87894,-0.078455717571740052,0.14319845147507715,0.010000000298023226,0.0056250004470348447,1,1100,87000,88100,1,-0.065028086304664612,-0.065028086304664612,-0.065028086304664612,-0.061367261492376222,0.017088456079363823,1,0,0,0,1,1
before,88200000,88000000,88200,87994,87994,-0.11255658697024204,-0.085293552674601841,0.010000000298023226,0.0056250004470348447,1,1200,87000,88100,1,-0.064424590043972302,0.020868962630629539,0.020868962630629539,-0.028421665538700593,0.084134921431541443,1,0,0,0,1,1
after,88200000,88000000,88200,87994,87994,-0.11255658697024204,-0.085293552674601841,0.010000000298023226,0.0056250004470348447,1,1200,88200,88100,1,0.020868962630629539,0.020868962630629539,0.020868962630629539,-0.028421665538700593,0.084134921431541443,1,0,0,0,1,1
before,88300000,88100000,88300,88094,88094,0.11337992987657181,0.12450295891228479,0.010000000298023226,0.0056250004470348447,1,100,88200,88100,1,0.022375831562908111,-0.10212712734937668,-0.10212712734937668,0.030292247152572779,-0.083087682723999023,1,0,0,0,1,1
after,88300000,88100000,88300,88094,88094,0.11337992987657181,0.12450295891228479,0.010000000298023226,0.0056250004470348447,1,100,88300,88100,1,-0.10212712734937668,-0.10212712734937668,-0.10212712734937668,0.030292247152572779,-0.083087682723999023,1,0,0,0,1,1
before,88400000,88200000,88400,88194,88194,-0.075958354955055263,-0.061314110989575094,0.010000000298023226,0.0056250004470348447,1,100,88300,88100,1,-0.10428806149483175,-0.042973950505256653,-0.042973950505256653,-0.036977707033493061,0.038980647921562195,1,0,0,0,1,1
after,88400000,88200000,88400,88194,88194,-0.075958354955055263,-0.061314110989575094,0.010000000298023226,0.0056250004470348447,1,100,88300,88400,1,-0.042973950505256653,-0.042973950505256653,-0.042973950505256653,-0.036977707033493061,0.038980647921562195,1,0,0,0,1,1
before,88500000,88300000,88500,88294,88294,0.01641517103465652,0.046037990635346256,0.010000000298023226,0.0056250004470348447,1,200,88300,88400,1,-0.04225223135380856,-0.088290221989154816,-0.088290221989154816,-0.0030779245421066336,-0.019493095576763153,1,0,0,0,1,1
after,88500000,88300000,88500,88294,88294,0.01641517103465652,0.046037990635346256,0.010000000298023226,0.0056250004470348447,1,200,88300,88500,1,-0.088290221989154816,-0.088290221989154816,-0.088290221989154816,-0.0030779245421066336,-0.019493095576763153,1,0,0,0,1,1
before,88600000,88400000,88600,88394,88394,-0.049855836598699785,-0.091064859454554198,0.010000000298023226,0.0056250004470348447,1,300,88300,88500,1,-0.089093688217025874,0.0019711712375283241,0.0019711712375283241,-0.020192001877849797,0.029663834720849991,1,0,0,0,1,1
after,88600000,88400000,88600,88394,88394,-0.049855836598699785,-0.091064859454554198,0.010000000298023226,0.0056250004470348447,1,300,88300,88600,1,0.0019711712375283241,0.0019711712375283241,0.0019711712375283241,-0.020192001877849797,0.029663834720849991,1,0,0,0,1,1
before,88700000,88500000,88700,88494,88494,0.36492814182491751,-0.032028832670301766,0.010000000298023226,0.0056250004470348447,1,400,88300,88600,1,0.0022901732362801152,0.034319005906581879,0.034319005906581879,0.0050621485635802248,-0.35986599326133728,1,0,0,0,1,1
after,88700000,88500000,88700,88494,88494,0.36492814182491751,-0.032028832670301766,0.010000000298023226,0.0056250004470348447,1,400,88300,88700,1,0.034319005906581879,0.034319005906581879,0.034319005906581879,0.0050621485635802248,-0.35986599326133728,1,0,0,0,1,1
before,88800000,88600000,88800,88594,88594,-0.29617144642866133,-0.039702395268345021,0.010000000298023226,0.0056250004470348447,1,500,88300,88700,1,0.029177365533447124,0.068879760801792145,0.068879760801792145,-0.17510433970487591,0.1210671067237854,1,0,0,0,1,1
after,88800000,88600000,88800,88594,88594,-0.29617144642866133,-0.039702395268345021,0.010000000298023226,0.0056250004470348447,1,500,88300,88800,1,0.068879760801792145,0.068879760801792145,0.068879760801792145,-0.17510433970487591,0.1210671067237854,1,0,0,0,1,1
before,88900000,88700000,88900,88694,88694,-0.072799763723803049,0.1845992921305124,0.010000000298023226,0.0056250004470348447,1,600,88300,88800,1,0.072388318033260513,-0.11221097409725189,-0.11221097409725189,-0.019242479547453409,0.05355728417634964,1,0,0,0,1,1
after,88900000,88700000,88900,88694,88694,-0.072799763723803049,0.1845992921305124,0.010000000298023226,0.0056250004470348447,1,600,88300,88900,1,-0.11221097409725189,-0.11221097409725189,-0.11221097409725189,-0.019242479547453409,0.05355728417634964,1,0,0,0,1,1
before,89000000,88800000,89000,88794,88794,-0.028328959431402654,-0.14897837921031665,0.010000000298023226,0.0056250004470348447,1,700,88300,88900,1,-0.11188314913757992,0.03709523007273674,0.03709523007273674,0.006125401172883539,0.034454360604286194,1,0,0,0,1,1
after,89000000,88800000,89000,88794,88794,-0.028328959431402654,-0.14897837921031665,0.010000000298023226,0.0056250004470348447,1,700,88300,89000,1,0.03709523007273674,0.03709523007273674,0.03709523007273674,0.006125401172883539,0.034454360604286194,1,0,0,0,1,1
before,89100000,88900000,89100,88894,88894,0.054676521165876263,0.034708117210668417,0.010000000298023226,0.0056250004470348447,1,800,88300,89000,1,0.037250478129264804,0.0025423609185963869,0.0025423609185963869,0.024085705696253647,-0.030590815469622612,1,0,0,0,1,1
after,89100000,88900000,89100,88894,88894,0.054676521165876263,0.034708117210668417,0.010000000298023226,0.0056250004470348447,1,800,88300,89100,1,0.0025423609185963869,0.0025423609185963869,0.0025423609185963869,0.024085705696253647,-0.030590815469622612,1,0,0,0,1,1
before,89200000,89000000,89200,88994,88994,-0.069242573615900319,0.006354716398478474,0.010000000298023226,0.0056250004470348447,1,900,88300,89100,1,0.0014664202711591379,-0.0048882961273193359,-0.0048882961273193359,-0.003190941449991499,0.066051632165908813,1,0,0,0,1,1
after,89200000,89000000,89200,88994,88994,-0.069242573615900319,0.006354716398478474,0.010000000298023226,0.0056250004470348447,1,900,88300,89200,1,-0.0048882961273193359,-0.0048882961273193359,-0.0048882961273193359,-0.003190941449991499,0.066051632165908813,1,0,0,0,1,1
before,89300000,89100000,89300,89094,89094,0.041448555096247855,-0.0017191495856890325,0.010000000298023226,0.0056250004470348447,1,1000,88300,89200,1,-0.0047080887592086439,-0.0029889391735196114,-0.0029889391735196114,0.031111685699978537,-0.010336869396269321,1,0,0,0,1,1
after,89300000,89100000,89300,89094,89094,0.041448555096247855,-0.0017191495856890325,0.010000000298023226,0.0056250004470348447,1,1000,88300,89300,1,-0.0029889391735196114,-0.0029889391735196114,-0.0029889391735196114,0.031111685699978537,-0.010336869396269321,1,0,0,0,1,1
before,89400000,89200000,89400,89194,89194,-0.029296200298469785,0.05418157982691265,0.010000000298023226,0.0056250004470348447,1,1100,88300,89300,1,-0.0037260313047554408,-0.057907611131668091,-0.057907611131668091,0.0099542517729585139,0.039250452071428299,1,0,0,0,1,1
after,89400000,89200000,89400,89194,89194,-0.029296200298469785,0.05418157982691265,0.010000000298023226,0.0056250004470348447,1,1100,88300,89400,1,-0.057907611131668091,-0.057907611131668091,-0.057907611131668091,0.0099542517729585139,0.039250452071428299,1,0,0,0,1,1
before,89500000,89300000,89500,89294,89294,-0.014287570948837657,-0.09637095729297683,0.010000000298023226,0.0056250004470348447,1,1200,88300,89400,1,-0.057526017971697305,0.038844939321279526,0.038844939321279526,0.018891686116220097,0.033179257065057755,1,0,0,0,1,1
after,89500000,89300000,89500,89294,89294,-0.014287570948837657,-0.09637095729297683,0.010000000298023226,0.0056250004470348447,1,1200,88300,89500,1,0.038844939321279526,0.038844939321279526,0.038844939321279526,0.018891686116220097,0.033179257065057755,1,0,0,0,1,1
before,89600000,89400000,89600,89394,89394,-0.026077511242690112,-0.027956463307388754,0.010000000298023226,0.0056250004470348447,1,1300,88300,89500,1,0.039392635315410165,0.06734909862279892,0.06734909862279892,0.02998884535664079,0.056066356599330902,1,0,0,0,1,1
after,89600000,89400000,89600,89394,89394,-0.026077511242690112,-0.027956463307388754,0.010000000298023226,0.0056250004470348447,1,1300,88300,89600,1,0.06734909862279892,0.06734909862279892,0.06734909862279892,0.02998884535664079,0.056066356599330902,1,0,0,0,1,1
before,89700000,89500000,89700,89494,89494,0.045222667611112002,0.13898393213029464,0.010000000298023226,0.0056250004470348447,1,1400,88300,89600,1,0.067203086607414086,-0.071780845522880554,-0.071780845522880554,0.049816274649371509,0.0045936070382595062,1,0,0,0,1,1
after,89700000,89500000,89700,89494,89494,0.045222667611112002,0.13898393213029464,0.010000000298023226,0.0056250004470348447,1,1400,88300,89700,1,-0.071780845522880554,-0.071780845522880554,-0.071780845522880554,0.049816274649371509,0.0045936070382595062,1,0,0,0,1,1
before,89800000,89600000,89800,89594,89594,-0.13083735725584283,-0.12731673520383183,0.010000000298023226,0.0056250004470348447,1,1500,88300,89700,1,-0.073513812835782205,0.053802922368049622,0.053802922368049622,0.019826733854386658,0.15066409111022949,1,0,0,0,1,1
after,89800000,89600000,89800,89594,89594,-0.13083735725584283,-0.12731673520383183,0.010000000298023226,0.0056250004470348447,1,1500,89800,89700,1,0.053802922368049622,0.053802922368049622,0.053802922368049622,0.019826733854386658,0.15066409111022949,1,0,0,0,1,1
before,89900000,89700000,89900,89694,89694,0.1736118990341049,0.11445429751440647,0.010000000298023226,0.0056250004470348447,1,100,89800,89700,1,0.054436957629171639,-0.060017339885234833,-0.060017339885234833,0.090959076897225932,-0.082652822136878967,1,0,0,0,1,1
after,89900000,89700000,89900,89694,89694,0.1736118990341049,0.11445429751440647,0.010000000298023226,0.0056250004470348447,1,100,89900,89700,1,-0.060017339885234833,-0.060017339885234833,-0.060017339885234833,0.090959076897225932,-0.082652822136878967,1,0,0,0,1,1
before,90000000,89800000,90000,89794,89794,0.14005655586473981,-0.053292016220253889,0.010000000298023226,0.0056250004470348447,1,100,89900,89700,1,-0.062059481349748556,-0.0087674651294946671,-0.0087674651294946671,-0.0023721700931306658,-0.14242872595787048,1,0,0,0,1,1
after,90000000,89800000,90000,89794,89794,0.14005655586473981,-0.053292016220253889,0.010000000298023226,0.0056250004470348447,1,100,89900,90000,1,-0.0087674651294946671,-0.0087674651294946671,-0.0087674651294946671,-0.0023721700931306658,-0.14242872595787048,1,0,0,0,1,1
before,90100000,89900000,90100,89894,89894,-0.0164803121417402,0.043440758324561735,0.010000000298023226,0.0056250004470348447,1,200,89900,90000,1,-0.011307001971306185,-0.05474776029586792,-0.05474776029586792,-0.073726561310851452,-0.057246249169111252,1,0,0,0,1,1
after,90100000,89900000,90100,89894,89894,-0.0164803121417402,0.043440758324561735,0.010000000298023226,0.0056250004470348447,1,200,89900,90100,1,-0.05474776029586792,-0.05474776029586792,-0.05474776029586792,-0.073726561310851452,-0.057246249169111252,1,0,0,0,1,1
before,90200000,90000000,90200,89994,89994,0.094667942274769212,-0.036798398849980631,0.010000000298023226,0.0056250004470348447,1,300,89900,90100,1,-0.054387517181651392,-0.017589118331670761,-0.017589118331670761,-0.070909379969874953,-0.16557732224464417,1,0,0,0,1,1
after,90200000,90000000,90200,89994,89994,0.094667942274769212,-0.036798398849980631,0.010000000298023226,0.0056250004470348447,1,300,89900,90200,1,-0.017589118331670761,-0.017589118331670761,-0.017589118331670761,-0.070909379969874953,-0.16557732224464417,1,0,0,0,1,1
before,90300000,90100000,90300,90094,90094,0.21878737217259692,0.066784049641369331,0.010000000298023226,0.0056250004470348447,1,400,89900,90200,1,-0.01957229964804794,-0.086356349289417267,-0.086356349289417267,-0.12031179660486889,-0.33909916877746582,1,0,0,0,1,1
after,90300000,90100000,90300,90094,90094,0.21878737217259692,0.066784049641369331,0.010000000298023226,0.0056250004470348447,1,400,89900,90300,1,-0.086356349289417267,-0.086356349289417267,-0.086356349289417267,-0.12031179660486889,-0.33909916877746582,1,0,0,0,1,1
before,90400000,90200000,90400,90194,90194,-0.38558846138021585,-0.0430726507188159,0.010000000298023226,0.0056250004470348447,1,500,89900,90300,1,-0.088962218302615262,-0.045889567583799362,-0.045889567583799362,-0.23897174916765332,0.14661671221256256,1,0,0,0,1,1
after,90400000,90200000,90400,90194,90194,-0.38558846138021585,-0.0430726507188159,0.010000000298023226,0.0056250004470348447,1,500,89900,90400,1,-0.045889567583799362,-0.045889567583799362,-0.045889567583799362,-0.23897174916765332,0.14661671221256256,1,0,0,0,1,1
before,90500000,90300000,90500,90294,90294,0.070743699286445166,-0.035387776781211799,0.010000000298023226,0.0056250004470348447,1,600,89900,90400,1,-0.041209328908811516,-0.0058215521275997162,-0.0058215521275997162,-0.049624811198250261,-0.12036851048469543,1,0,0,0,1,1
after,90500000,90300000,90500,90294,90294,0.070743699286445166,-0.035387776781211799,0.010000000298023226,0.0056250004470348447,1,600,89900,90500,1,-0.0058215521275997162,-0.0058215521275997162,-0.0058215521275997162,-0.049624811198250261,-0.12036851048469543,1,0,0,0,1,1
before,90600000,90400000,90600,90394,90394,-0.18781402457060048,-0.0079377235731979863,0.010000000298023226,0.0056250004470348447,1,700,89900,90500,1,-0.0070999962979866231,0.00083772727521136403,0.00083772727521136403,-0.085807417812959655,0.10200660675764084,1,0,0,0,1,1
after,90600000,90400000,90600,90394,90394,-0.18781402457060048,-0.0079377235731979863,0.010000000298023226,0.0056250004470348447,1,700,89900,90600,1,0.00083772727521136403,0.00083772727521136403,0.00083772727521136403,-0.085807417812959655,0.10200660675764084,1,0,0,0,1,1
before,90700000,90500000,90700,90494,90494,0.08143648853017639,0.027348658782365427,0.010000000298023226,0.0056250004470348447,1,800,89900,90600,1,0.0036843873233820042,-0.023664271458983421,-0.023664271458983421,0.0087919866056616249,-0.072644501924514771,1,0,0,0,1,1
after,90700000,90500000,90700,90494,90494,0.08143648853017639,0.027348658782365427,0.010000000298023226,0.0056250004470348447,1,800,89900,90700,1,-0.023664271458983421,-0.023664271458983421,-0.023664271458983421,0.0087919866056616249,-0.072644501924514771,1,0,0,0,1,1
before,90800000,90600000,90800,90594,90594,0.10333460135741768,0.0098395326639320498,0.010000000298023226,0.0056250004470348447,1,900,89900,90700,1,-0.025358373532185351,-0.035197906196117401,-0.035197906196117401,-0.034568880364460382,-0.13790348172187805,1,0,0,0,1,1
after,90800000,90600000,90800,90594,90594,0.10333460135741768,0.0098395326639320498,0.010000000298023226,0.0056250004470348447,1,900,89900,90800,1,-0.035197906196117401,-0.035197906196117401,-0.035197906196117401,-0.034568880364460382,-0.13790348172187805,1,0,0,0,1,1
before,90900000,90700000,90900,90694,90694,-0.12710415341575176,0.025146437897828167,0.010000000298023226,0.0056250004470348447,1,1000,89900,90800,1,-0.037656584665629322,-0.062803022563457489,-0.062803022563457489,-0.090141692689252206,0.036962460726499557,1,0,0,0,1,1
after,90900000,90700000,90900,90694,90694,-0.12710415341575176,0.025146437897828167,0.010000000298023226,0.0056250004470348447,1,1000,89900,90900,1,-0.062803022563457489,-0.062803022563457489,-0.062803022563457489,-0.090141692689252206,0.036962460726499557,1,0,0,0,1,1
before,91000000,90800000,91000,90794,90794,0.011853362038932301,0.03160658093747605,0.010000000298023226,0.0056250004470348447,1,1100,89900,90900,1,-0.062626306092171777,-0.094232887029647827,-0.094232887029647827,-0.032564592942394756,-0.044417954981327057,1,0,0,0,1,1
after,91000000,90800000,91000,90794,90794,0.011853362038932301,0.03160658093747605,0.010000000298023226,0.0056250004470348447,1,1100,89900,91000,1,-0.094232887029647827,-0.094232887029647827,-0.094232887029647827,-0.032564592942394756,-0.044417954981327057,1,0,0,0,1,1
before,91100000,90900000,91100,90894,90894,-0.030571622797289914,-0.073413153483195451,0.010000000298023226,0.0056250004470348447,1,1200,89900,91000,1,-0.094369652985258248,-0.020956499502062798,-0.020956499502062798,-0.047961246245542592,-0.017389623448252678,1,0,0,0,1,1
after,91100000,90900000,91100,90894,90894,-0.030571622797289914,-0.073413153483195451,0.010000000298023226,0.0056250004470348447,1,1200,89900,91100,1,-0.020956499502062798,-0.020956499502062798,-0.020956499502062798,-0.047961246245542592,-0.017389623448252678,1,0,0,0,1,1
before,91200000,91000000,91200,90994,90994,0.21440252085255346,-0.086162820992425532,0.010000000298023226,0.0056250004470348447,1,1300,89900,91100,1,-0.021022163865522001,0.065140657126903534,0.065140657126903534,-0.034721708101761742,-0.24912422895431519,1,0,0,0,1,1
after,91200000,91000000,91200,90994,90994,0.21440252085255346,-0.086162820992425532,0.010000000298023226,0.0056250004470348447,1,1300,89900,91200,1,0.065140657126903534,0.065140657126903534,0.065140657126903534,-0.034721708101761742,-0.24912422895431519,1,0,0,0,1,1
before,91300000,91100000,91300,91094,91094,-0.12098376278434303,0.086506818550830353,0.010000000298023226,0.0056250004470348447,1,1400,89900,91200,1,0.062209784182911385,-0.024297034367918968,-0.024297034367918968,-0.13605600886647012,-0.015072246082127094,1,0,0,0,1,1
after,91300000,91100000,91300,91094,91094,-0.12098376278434303,0.086506818550830353,0.010000000298023226,0.0056250004470348447,1,1400,89900,91300,1,-0.024297034367918968,-0.024297034367918968,-0.024297034367918968,-0.13605600886647012,-0.015072246082127094,1,0,0,0,1,1
before,91400000,91200000,91400,91194,91194,-0.093623671387963778,-0.0081697937573834388,0.010000000298023226,0.0056250004470348447,1,1500,89900,91300,1,-0.023381066742126557,-0.015211272984743118,-0.015211272984743118,-0.077683368405037409,0.015940302982926369,1,0,0,0,1,1
after,91400000,91200000,91400,91194,91194,-0.093623671387963778,-0.0081697937573834388,0.010000000298023226,0.0056250004470348447,1,1500,89900,91400,1,-0.015211272984743118,-0.015211272984743118,-0.015211272984743118,-0.077683368405037409,0.015940302982926369,1,0,0,0,1,1
before,91500000,91300000,91500,91294,91294,-0.1717954463240576,0.047161938207327364,0.010000000298023226,0.0056250004470348447,1,1600,89900,91400,1,-0.014436951322377685,-0.061598889529705048,-0.061598889529705048,-0.032135624336905498,0.1396598219871521,1,0,0,0,1,1
after,91500000,91300000,91500,91294,91294,-0.1717954463240576,0.047161938207327364,0.010000000298023226,0.0056250004470348447,1,1600,89900,91500,1,-0.061598889529705048,-0.061598889529705048,-0.061598889529705048,-0.032135624336905498,0.1396598219871521,1,0,0,0,1,1
before,91600000,91400000,91600,91394,91394,0.1230235770280035,-0.043619422111312263,0.010000000298023226,0.0056250004470348447,1,1700,89900,91500,1,-0.059546671677032821,-0.015927249565720558,-0.015927249565720558,0.048111438744750781,-0.074912138283252716,1,0,0,0,1,1
after,91600000,91400000,91600,91394,91394,0.1230235770280035,-0.043619422111312263,0.010000000298023226,0.0056250004470348447,1,1700,89900,91600,1,-0.015927249565720558,-0.015927249565720558,-0.015927249565720558,0.048111438744750781,-0.074912138283252716,1,0,0,0,1,1
before,91700000,91500000,91700,91494,91494,0.018705562128736575,0.080346665942689327,0.010000000298023226,0.0056250004470348447,1,1800,89900,91600,1,-0.018197596406916237,-0.09854426234960556,-0.09854426234960556,-0.015377681330726544,-0.03408324345946312,1,0,0,0,1,1
after,91700000,91500000,91700,91494,91494,0.018705562128736575,0.080346665942689327,0.010000000298023226,0.0056250004470348447,1,1800,89900,91700,1,-0.09854426234960556,-0.09854426234960556,-0.09854426234960556,-0.015377681330726544,-0.03408324345946312,1,0,0,0,1,1
before,91800000,91600000,91800,91594,91594,-0.024199357103467434,-0.025422054995035873,0.010000000298023226,0.0056250004470348447,1,1900,89900,91700,1,-0.09906071024033998,-0.073638655245304108,-0.073638655245304108,-0.034666757877827137,-0.010467400774359703,1,0,0,0,1,1
after,91800000,91600000,91800,91594,91594,-0.024199357103467434,-0.025422054995035873,0.010000000298023226,0.0056250004470348447,1,1900,89900,91800,1,-0.073638655245304108,-0.073638655245304108,-0.073638655245304108,-0.034666757877827137,-0.010467400774359703,1,0,0,0,1,1
before,91900000,91700000,91900,91694,91694,0.22617847808859104,-0.090298024770333316,0.010000000298023226,0.0056250004470348447,1,2000,89900,91800,1,-0.072987360712601687,0.017310664057731628,0.017310664057731628,-0.029828478011872817,-0.25600695610046387,1,0,0,0,1,1
after,91900000,91700000,91900,91694,91694,0.22617847808859104,-0.090298024770333316,0.010000000298023226,0.0056250004470348447,1,2000,89900,91900,1,0.017310664057731628,0.017310664057731628,0.017310664057731628,-0.029828478011872817,-0.25600695610046387,1,0,0,0,1,1
before,92000000,91800000,92000,91794,91794,-0.16057238164723778,0.057211398313793731,0.010000000298023226,0.0056250004470348447,1,2100,89900,91900,1,0.013360074888023923,-0.043851323425769806,-0.043851323425769806,-0.14196893382252121,0.018603447824716568,1,0,0,0,1,1
after,92000000,91800000,92000,91794,91794,-0.16057238164723778,0.057211398313793731,0.010000000298023226,0.0056250004470348447,1,2100,89900,92000,1,-0.043851323425769806,-0.043851323425769806,-0.043851323425769806,-0.14196893382252121,0.018603447824716568,1,0,0,0,1,1
before,92100000,91900000,92100,91894,91894,0.056062896699889314,-0.1918697621313043,0.010000000298023226,0.0056250004470348447,1,2200,89900,92000,1,-0.042770710178942246,0.14909905195236206,0.14909905195236206,-0.065623956768528807,-0.12168685346841812,1,0,0,0,1,1
after,92100000,91900000,92100,91894,91894,0.056062896699889314,-0.1918697621313043,0.010000000298023226,0.0056250004470348447,1,2200,89900,92100,1,0.14909905195236206,0.14909905195236206,0.14909905195236206,-0.065623956768528807,-0.12168685346841812,1,0,0,0,1,1
before,92200000,92000000,92200,91994,91994,0.060603149472631207,0.15487716151054368,0.010000000298023226,0.0056250004470348447,1,2300,89900,92100,1,0.14731107316564188,-0.0075660883449018002,-0.0075660883449018002,-0.078962422669969806,-0.13956557214260101,1,0,0,0,1,1
after,92200000,92000000,92200,91994,91994,0.060603149472631207,0.15487716151054368,0.010000000298023226,0.0056250004470348447,1,2300,89900,92200,1,-0.0075660883449018002,-0.0075660883449018002,-0.0075660883449018002,-0.078962422669969806,-0.13956557214260101,1,0,0,0,1,1
before,92300000,92100000,92300,92094,92094,-0.13147164136927558,0.095838709654889678,0.010000000298023226,0.0056250004470348447,1,2400,89900,92200,1,-0.0086922804688591045,-0.10453099012374878,-0.10453099012374878,-0.11021494679909181,0.021256694570183754,1,0,0,0,1,1
after,92300000,92100000,92300,92094,92094,-0.13147164136927558,0.095838709654889678,0.010000000298023226,0.0056250004470348447,1,2400,89900,92300,1,-0.10453099012374878,-0.10453099012374878,-0.10453099012374878,-0.11021494679909181,0.021256694570183754,1,0,0,0,1,1
before,92400000,92200000,92400,92194,92194,-0.056697294175782474,-0.14399427148274441,0.010000000298023226,0.0056250004470348447,1,2500,89900,92300,1,-0.10258401530555743,0.041410256177186966,0.041410256177186966,-0.054512152275228175,0.0021851419005542994,1,0,0,0,1,1
after,92400000,92200000,92400,92194,92194,-0.056697294175782474,-0.14399427148274441,0.010000000298023226,0.0056250004470348447,1,2500,89900,92400,1,0.041410256177186966,0.041410256177186966,0.041410256177186966,-0.054512152275228175,0.0021851419005542994,1,0,0,0,1,1
before,92500000,92300000,92500,92294,92294,0.079658039216271265,0.017214467363803915,0.010000000298023226,0.0056250004470348447,1,2600,89900,92400,1,0.041609566273539594,0.02439509890973568,0.02439509890973568,-0.02187088846755899,-0.10152892768383026,1,0,0,0,1,1
after,92500000,92300000,92500,92294,92294,0.079658039216271265,0.017214467363803915,0.010000000298023226,0.0056250004470348447,1,2600,89900,92500,1,0.02439509890973568,0.02439509890973568,0.02439509890973568,-0.02187088846755899,-0.10152892768383026,1,0,0,0,1,1
before,92600000,92400000,92600,92394,92394,-0.11073589816124584,0.1936492530119483,0.010000000298023226,0.0056250004470348447,1,2700,89900,92500,1,0.022565147043472962,-0.17108410596847534,-0.17108410596847534,-0.059538272464586747,0.051197625696659088,1,0,0,0,1,1
after,92600000,92400000,92600,92394,92394,-0.11073589816124584,0.1936492530119483,0.010000000298023226,0.0056250004470348447,1,2700,89900,92600,1,-0.17108410596847534,-0.17108410596847534,-0.17108410596847534,-0.059538272464586747,0.051197625696659088,1,0,0,0,1,1
before,92700000,92500000,92700,92494,92494,0.04351332880248826,-0.15378795214599042,0.010000000298023226,0.0056250004470348447,1,2800,89900,92600,1,-0.17010951996451287,-0.016321567818522453,-0.016321567818522453,-0.020949101972677298,-0.064462430775165558,1,0,0,0,1,1
after,92700000,92500000,92700,92494,92494,0.04351332880248826,-0.15378795214599042,0.010000000298023226,0.0056250004470348447,1,2800,89900,92700,1,-0.016321567818522453,-0.016321567818522453,-0.016321567818522453,-0.020949101972677298,-0.064462430775165558,1,0,0,0,1,1
before,92800000,92600000,92800,92594,92594,-0.095340836284816738,0.00077218734144113982,0.010000000298023226,0.0056250004470348447,1,2900,89900,92700,1,-0.017214538674365058,-0.017986726015806198,-0.017986726015806198,-0.044463421641052249,0.050877414643764496,1,0,0,0,1,1
after,92800000,92600000,92800,92594,92594,-0.095340836284816738,0.00077218734144113982,0.010000000298023226,0.0056250004470348447,1,2900,89900,92800,1,-0.017986726015806198,-0.017986726015806198,-0.017986726015806198,-0.044463421641052249,0.050877414643764496,1,0,0,0,1,1
before,92900000,92700000,92900,92694,92694,0.19441502563344223,0.0081590885905920979,0.010000000298023226,0.0056250004470348447,1,3000,89900,92800,1,-0.017099325856715489,-0.025258414447307587,-0.025258414447307587,0.0016726630149958939,-0.19274236261844635,1,0,0,0,1,1
after,92900000,92700000,92900,92694,92694,0.19441502563344223,0.0081590885905920979,0.010000000298023226,0.0056250004470348447,1,3000,89900,92900,1,-0.025258414447307587,-0.025258414447307587,-0.025258414447307587,0.0016726630149958939,-0.19274236261844635,1,0,0,0,1,1
before,93000000,92800000,93000,92794,92794,0.017521371763862661,0.058968466472142197,0.010000000298023226,0.0056250004470348447,1,3100,89900,92900,1,-0.027982766974455855,-0.086951233446598053,-0.086951233446598053,-0.098643074113212534,-0.1161644458770752,1,0,0,0,1,1
after,93000000,92800000,93000,92794,92794,0.017521371763862661,0.058968466472142197,0.010000000298023226,0.0056250004470348447,1,3100,89900,93000,1,-0.086951233446598053,-0.086951233446598053,-0.086951233446598053,-0.098643074113212534,-0.1161644458770752,1,0,0,0,1,1
before,93100000,92900000,93100,92894,92894,-0.17858510288051702,-0.096117685432233521,0.010000000298023226,0.0056250004470348447,1,3200,89900,93000,1,-0.087576794321336457,0.0085408911108970642,0.0085408911108970642,-0.11619188460163213,0.062393218278884888,1,0,0,0,1,1
after,93100000,92900000,93100,92894,92894,-0.17858510288051702,-0.096117685432233521,0.010000000298023226,0.0056250004470348447,1,3200,93100,93000,1,0.0085408911108970642,0.0085408911108970642,0.0085408911108970642,-0.11619188460163213,0.062393218278884888,1,0,0,0,1,1
before,93200000,93000000,93200,92994,92994,-0.055013146240977466,-0.052071559472509944,0.010000000298023226,0.0056250004470348447,1,100,93100,93000,1,0.01068024779992429,0.062751807272434235,0.062751807272434235,-0.025506334368852794,0.029506811872124672,1,0,0,0,1,1
after,93200000,93000000,93200,92994,92994,-0.055013146240977466,-0.052071559472509944,0.010000000298023226,0.0056250004470348447,1,100,93100,93200,1,0.062751807272434235,0.062751807272434235,0.062751807272434235,-0.025506334368852794,0.029506811872124672,1,0,0,0,1,1
before,93300000,93100000,93300,93094,93094,0.11441453428850545,0.0007476718903403623,0.010000000298023226,0.0056250004470348447,1,200,93100,93200,1,0.063532537388883148,0.062784865498542786,0.062784865498542786,0.0084486442981757184,-0.10596588999032974,1,0,0,0,1,1
after,93300000,93100000,93300,93094,93094,0.11441453428850545,0.0007476718903403623,0.010000000298023226,0.0056250004470348447,1,200,93100,93300,1,0.062784865498542786,0.062784865498542786,0.062784865498542786,0.0084486442981757184,-0.10596588999032974,1,0,0,0,1,1
before,93400000,93200000,93400,93194,93194,-0.027603077330951194,-0.052889248678089362,0.010000000298023226,0.0056250004470348447,1,300,93100,93300,1,0.060771824470161218,0.11366107314825058,0.11366107314825058,-0.042845802010361651,-0.015242724679410458,1,0,0,0,1,1
after,93400000,93200000,93400,93194,93194,-0.027603077330951194,-0.052889248678089362,0.010000000298023226,0.0056250004470348447,1,300,93100,93400,1,0.11366107314825058,0.11366107314825058,0.11366107314825058,-0.042845802010361651,-0.015242724679410458,1,0,0,0,1,1
before,93500000,93300000,93500,93294,93294,-0.079575009264086061,0.08949689018578165,0.010000000298023226,0.0056250004470348447,1,400,93100,93400,1,0.11365320543796652,0.024156315252184868,0.024156315252184868,-0.017608873166178041,0.06196613609790802,1,0,0,0,1,1
after,93500000,93300000,93500,93294,93294,-0.079575009264086061,0.08949689018578165,0.010000000298023226,0.0056250004470348447,1,400,93100,93500,1,0.024156315252184868,0.024156315252184868,0.024156315252184868,-0.017608873166178041,0.06196613609790802,1,0,0,0,1,1
before,93600000,93400000,93600,93394,93394,-0.036824376552404003,0.1026876709416078,0.010000000298023226,0.0056250004470348447,1,500,93100,93500,1,0.024615547712104162,-0.078072123229503632,-0.078072123229503632,0.024798749715982837,0.061623126268386841,1,0,0,0,1,1
after,93600000,93400000,93600,93394,93394,-0.036824376552404003,0.1026876709416078,0.010000000298023226,0.0056250004470348447,1,500,93100,93600,1,-0.078072123229503632,-0.078072123229503632,-0.078072123229503632,0.024798749715982837,0.061623126268386841,1,0,0,0,1,1
before,93700000,93500000,93700,93494,93494,0.031182099117999573,-0.093522295212022891,0.010000000298023226,0.0056250004470348447,1,600,93100,93600,1,-0.078157001031212439,0.015365294180810452,0.015365294180810452,0.035476844276403685,0.0042947451584041119,1,0,0,0,1,1
after,93700000,93500000,93700,93494,93494,0.031182099117999573,-0.093522295212022891,0.010000000298023226,0.0056250004470348447,1,600,93100,93700,1,0.015365294180810452,0.015365294180810452,0.015365294180810452,0.035476844276403685,0.0042947451584041119,1,0,0,0,1,1
before,93800000,93600000,93800,93594,93594,0.068485772148682969,-0.084250733987765905,0.010000000298023226,0.0056250004470348447,1,700,93100,93700,1,0.014780744178814295,0.0990314781665802,0.0990314781665802,0.021339597091987027,-0.047146175056695938,1,0,0,0,1,1
after,93800000,93600000,93800,93594,93594,0.068485772148682969,-0.084250733987765905,0.010000000298023226,0.0056250004470348447,1,700,93100,93800,1,0.0990314781665802,0.0990314781665802,0.0990314781665802,0.021339597091987027,-0.047146175056695938,1,0,0,0,1,1
before,93900000,93700000,93900,93694,93694,0.0205471898445422,0.25281225083597508,0.010000000298023226,0.0056250004470348447,1,800,93100,93800,1,0.097419186813910888,-0.15539306402206421,-0.15539306402206421,-0.0032455706021254707,-0.023792760446667671,1,0,0,0,1,1
after,93900000,93700000,93900,93694,93694,0.0205471898445422,0.25281225083597508,0.010000000298023226,0.0056250004470348447,1,800,93100,93900,1,-0.15539306402206421,-0.15539306402206421,-0.15539306402206421,-0.0032455706021254707,-0.023792760446667671,1,0,0,0,1,1
before,94000000,93800000,94000,93794,93794,0.07961795635780812,-0.33724354020506708,0.010000000298023226,0.0056250004470348447,1,900,93100,93900,1,-0.15591251663119166,0.18133102357387543,0.18133102357387543,-0.02912949613967418,-0.1087474524974823,1,0,0,0,1,1
after,94000000,93800000,94000,93794,93794,0.07961795635780812,-0.33724354020506708,0.010000000298023226,0.0056250004470348447,1,900,93100,94000,1,0.18133102357387543,0.18133102357387543,0.18133102357387543,-0.02912949613967418,-0.1087474524974823,1,0,0,0,1,1
before,94100000,93900000,94100,93894,93894,-0.17217025925832341,0.20563753344404417,0.010000000298023226,0.0056250004470348447,1,1000,93100,94000,1,0.17931727901386935,-0.026320254430174828,-0.026320254430174828,-0.051128559014373506,0.12104170024394989,1,0,0,0,1,1
after,94100000,93900000,94100,93894,93894,-0.17217025925832341,0.20563753344404417,0.010000000298023226,0.0056250004470348447,1,1000,93100,94100,1,-0.026320254430174828,-0.026320254430174828,-0.026320254430174828,-0.051128559014373506,0.12104170024394989,1,0,0,0,1,1
before,94200000,94000000,94200,93994,93994,-0.029424752379309818,-0.10418120155968763,0.010000000298023226,0.0056250004470348447,1,1100,93100,94100,1,-0.024634630781794557,0.079546570777893066,0.079546570777893066,0.032811284726012066,0.062236037105321884,1,0,0,0,1,1
after,94200000,94000000,94200,93994,93994,-0.029424752379309818,-0.10418120155968763,0.010000000298023226,0.0056250004470348447,1,1100,93100,94200,1,0.079546570777893066,0.079546570777893066,0.079546570777893066,0.032811284726012066,0.062236037105321884,1,0,0,0,1,1
before,94300000,94100000,94300,94094,94094,0.14373728834920108,0.13443900647092907,0.010000000298023226,0.0056250004470348447,1,1200,93100,94200,1,0.078981447988043713,-0.055457558482885361,-0.055457558482885361,0.055513756506969318,-0.08822353184223175,1,0,0,0,1,1
after,94300000,94100000,94300,94094,94094,0.14373728834920108,0.13443900647092907,0.010000000298023226,0.0056250004470348447,1,1200,94300,94200,1,-0.055457558482885361,-0.055457558482885361,-0.055457558482885361,0.055513756506969318,-0.08822353184223175,1,0,0,0,1,1
before,94400000,94200000,94400,94194,94194,-0.094381404172034611,-0.1246189797856863,0.010000000298023226,0.0056250004470348447,1,100,94300,94200,1,-0.058021681998019978,0.066597297787666321,0.066597297787666321,-0.02238888020381485,0.071992523968219757,1,0,0,0,1,1
after,94400000,94200000,94400,94194,94194,-0.094381404172034611,-0.1246189797856863,0.010000000298023226,0.0056250004470348447,1,100,94300,94400,1,0.066597297787666321,0.066597297787666321,0.066597297787666321,-0.02238888020381485,0.071992523968219757,1,0,0,0,1,1
before,94500000,94300000,94500,94294,94294,0.18095904697195797,0.063614590511947885,0.010000000298023226,0.0056250004470348447,1,200,94300,94400,1,0.067347577958658353,0.0037329874467104673,0.0037329874467104673,0.031718553197543894,-0.14924049377441406,1,0,0,0,1,1
after,94500000,94300000,94500,94294,94294,0.18095904697195797,0.063614590511947885,0.010000000298023226,0.0056250004470348447,1,200,94300,94500,1,0.0037329874467104673,0.0037329874467104673,0.0037329874467104673,0.031718553197543894,-0.14924049377441406,1,0,0,0,1,1
before,94600000,94400000,94600,94394,94394,-0.042979349378505463,0.0048868876862121612,0.010000000298023226,0.0056250004470348447,1,300,94300,94500,1,0.00074944803293476407,-0.0041374396532773972,-0.0041374396532773972,-0.058955111537137742,-0.015975762158632278,1,0,0,0,1,1
after,94600000,94400000,94600,94394,94394,-0.042979349378505463,0.0048868876862121612,0.010000000298023226,0.0056250004470348447,1,300,94300,94600,1,-0.0041374396532773972,-0.0041374396532773972,-0.0041374396532773972,-0.058955111537137742,-0.015975762158632278,1,0,0,0,1,1
before,94700000,94500000,94700,94494,94494,-0.1248343105661029,-0.10349820353868515,0.010000000298023226,0.0056250004470348447,1,400,94300,94600,1,-0.003540871523647618,0.099957332015037537,0.099957332015037537,-0.037748482381021423,0.087085828185081482,1,0,0,0,1,1
after,94700000,94500000,94700,94494,94494,-0.1248343105661029,-0.10349820353868515,0.010000000298023226,0.0056250004470348447,1,400,94700,94600,1,0.099957332015037537,0.099957332015037537,0.099957332015037537,-0.037748482381021423,0.087085828185081482,1,0,0,0,1,1
before,94800000,94600000,94800,94594,94594,-0.067443478102923365,0.030848252279805199,0.010000000298023226,0.0056250004470348447,1,100,94700,94600,1,0.10159359375958349,0.07074534147977829,0.07074534147977829,0.035057914261578588,0.10250139236450195,1,0,0,0,1,1
after,94800000,94600000,94800,94594,94594,-0.067443478102923365,0.030848252279805199,0.010000000298023226,0.0056250004470348447,1,100,94700,94800,1,0.07074534147977829,0.07074534147977829,0.07074534147977829,0.035057914261578588,0.10250139236450195,1,0,0,0,1,1
before,94900000,94700000,94900,94694,94694,0.1467733024974322,0.26268545778403096,0.010000000298023226,0.0056250004470348447,1,200,94700,94800,1,0.071065286713932099,-0.19162017107009888,-0.19162017107009888,0.076028557064101679,-0.070744745433330536,1,0,0,0,1,1
after,94900000,94700000,94900,94694,94694,0.1467733024974322,0.26268545778403096,0.010000000298023226,0.0056250004470348447,1,200,94900,94800,1,-0.19162017107009888,-0.19162017107009888,-0.19162017107009888,0.076028557064101679,-0.070744745433330536,1,0,0,0,1,1
before,95000000,94800000,95000,94794,94794,-0.11219961181712049,-0.22959505725309864,0.010000000298023226,0.0056250004470348447,1,100,94900,94800,1,-0.19369109678671376,0.035903960466384888,0.035903960466384888,-0.016989149008511471,0.095210462808609009,1,0,0,0,1,1
after,95000000,94800000,95000,94794,94794,-0.11219961181712049,-0.22959505725309864,0.010000000298023226,0.0056250004470348447,1,100,95000,94800,1,0.035903960466384888,0.035903960466384888,0.035903960466384888,-0.016989149008511471,0.095210462808609009,1,0,0,0,1,1
before,95100000,94900000,95100,94894,94894,0.13307355674797897,0.146473266026102,0.010000000298023226,0.0056250004470348447,1,100,95000,94800,1,0.036921061417184764,-0.10955220460891724,-0.10955220460891724,0.043014760640209961,-0.090058796107769012,1,0,0,0,1,1
after,95100000,94900000,95100,94894,94894,0.13307355674797897,0.146473266026102,0.010000000298023226,0.0056250004470348447,1,100,95100,94800,1,-0.10955220460891724,-0.10955220460891724,-0.10955220460891724,0.043014760640209961,-0.090058796107769012,1,0,0,0,1,1
before,95200000,95000000,95200,94994,94994,0.048077276460827961,-0.14181348514047035,0.010000000298023226,0.0056250004470348447,1,100,95100,94800,1,-0.1122660508402861,0.02954743430018425,0.02954743430018425,-0.034931832440195903,-0.083009108901023865,1,0,0,0,1,1
after,95200000,95000000,95200,94994,94994,0.048077276460827961,-0.14181348514047035,0.010000000298023226,0.0056250004470348447,1,100,95100,95200,1,0.02954743430018425,0.02954743430018425,0.02954743430018425,-0.034931832440195903,-0.083009108901023865,1,0,0,0,1,1
before,95300000,95100000,95300,95094,95094,-0.10462148486483014,0.093112996724675462,0.010000000298023226,0.0056250004470348447,1,200,95100,95200,1,0.028019449618886274,-0.065093547105789185,-0.065093547105789185,-0.056218449015497336,0.048403035849332809,1,0,0,0,1,1
after,95300000,95100000,95300,95094,95094,-0.10462148486483014,0.093112996724675462,0.010000000298023226,0.0056250004470348447,1,200,95100,95300,1,-0.065093547105789185,-0.065093547105789185,-0.065093547105789185,-0.056218449015497336,0.048403035849332809,1,0,0,0,1,1
before,95400000,95200000,95400,95194,95194,-0.061481073917015461,0.026054665511768577,0.010000000298023226,0.0056250004470348447,1,300,95100,95300,1,-0.063832551175433877,-0.089887216687202454,-0.089887216687202454,-0.010107730002268221,0.051373343914747238,1,0,0,0,1,1
after,95400000,95200000,95400,95194,95194,-0.061481073917015461,0.026054665511768577,0.010000000298023226,0.0056250004470348447,1,300,95100,95400,1,-0.089887216687202454,-0.089887216687202454,-0.089887216687202454,-0.010107730002268221,0.051373343914747238,1,0,0,0,1,1
before,95500000,95300000,95500,95294,95294,0.09481397957041951,-0.14662150364260815,0.010000000298023226,0.0056250004470348447,1,400,95100,95400,1,-0.089677762946893197,0.056943740695714951,0.056943740695714951,0.011790237729103282,-0.083023741841316223,1,0,0,0,1,1
after,95500000,95300000,95500,95294,95294,0.09481397957041951,-0.14662150364260815,0.010000000298023226,0.0056250004470348447,1,400,95100,95500,1,0.056943740695714951,0.056943740695714951,0.056943740695714951,0.011790237729103282,-0.083023741841316223,1,0,0,0,1,1
before,95600000,95400000,95600,95394,95394,-0.2041033423057127,0.18008754676922048,0.010000000298023226,0.0056250004470348447,1,500,95100,95500,1,0.05501183396919454,-0.12507571280002594,-0.12507571280002594,-0.030248812448077186,0.1738545298576355,1,0,0,0,1,1
after,95600000,95400000,95600,95394,95394,-0.2041033423057127,0.18008754676922048,0.010000000298023226,0.0056250004470348447,1,500,95100,95600,1,-0.12507571280002594,-0.12507571280002594,-0.12507571280002594,-0.030248812448077186,0.1738545298576355,1,0,0,0,1,1
before,95700000,95500000,95700,95494,95494,0.27638206265797849,-0.086336202031651196,0.010000000298023226,0.0056250004470348447,1,600,95100,95600,1,-0.12245007515577382,-0.03611387312412262,-0.03611387312412262,0.059910539611484938,-0.21647152304649353,1,0,0,0,1,1
after,95700000,95500000,95700,95494,95494,0.27638206265797849,-0.086336202031651196,0.010000000298023226,0.0056250004470348447,1,600,95100,95700,1,-0.03611387312412262,-0.03611387312412262,-0.03611387312412262,0.059910539611484938,-0.21647152304649353,1,0,0,0,1,1
before,95800000,95600000,95800,95594,95594,-0.059517641633333285,0.045917383274893912,0.010000000298023226,0.0056250004470348447,1,700,95100,95700,1,-0.040370823004383889,-0.086288206279277802,-0.086288206279277802,-0.08276974697369488,-0.023252105340361595,1,0,0,0,1,1
after,95800000,95600000,95800,95594,95594,-0.059517641633333285,0.045917383274893912,0.010000000298023226,0.0056250004470348447,1,700,95100,95800,1,-0.086288206279277802,-0.086288206279277802,-0.086288206279277802,-0.08276974697369488,-0.023252105340361595,1,0,0,0,1,1
before,95900000,95700000,95900,95694,95694,-0.15157409285301149,-0.12062291139784469,0.010000000298023226,0.0056250004470348447,1,800,95100,95800,1,-0.085924227629333869,0.034698683768510818,0.034698683768510818,-0.061480621743144385,0.090093471109867096,1,0,0,0,1,1
after,95900000,95700000,95900,95694,95694,-0.15157409285301149,-0.12062291139784469,0.010000000298023226,0.0056250004470348447,1,800,95900,95800,1,0.034698683768510818,0.034698683768510818,0.034698683768510818,-0.061480621743144385,0.090093471109867096,1,0,0,0,1,1
before,96000000,95800000,96000,95794,95794,0.090102175788348629,0.076225691230273229,0.010000000298023226,0.0056250004470348447,1,100,95900,95800,1,0.03657574275252818,-0.039649948477745056,-0.039649948477745056,0.018217841700976806,-0.071884334087371826,1,0,0,0,1,1
after,96000000,95800000,96000,95794,95794,0.090102175788348629,0.076225691230273229,0.010000000298023226,0.0056250004470348447,1,100,95900,96000,1,-0.039649948477745056,-0.039649948477745056,-0.039649948477745056,0.018217841700976806,-0.071884334087371826,1,0,0,0,1,1
before,96100000,95900000,96100,95894,95894,0.17293637655395105,-0.069642083030663965,0.010000000298023226,0.0056250004470348447,1,200,95900,96000,1,-0.041158817019783488,0.02848326601088047,0.02848326601088047,-0.031101379173816883,-0.20403775572776794,1,0,0,0,1,1
after,96100000,95900000,96100,95894,95894,0.17293637655395105,-0.069642083030663965,0.010000000298023226,0.0056250004470348447,1,200,95900,96100,1,0.02848326601088047,0.02848326601088047,0.02848326601088047,-0.031101379173816883,-0.20403775572776794,1,0,0,0,1,1
before,96200000,96000000,96200,95994,95994,-0.13954275710389458,-0.060088893924177732,0.010000000298023226,0.0056250004470348447,1,300,95900,96100,1,0.025798687185822879,0.08588758111000061,0.08588758111000061,-0.11525598777339302,0.024286769330501556,1,0,0,0,1,1
after,96200000,96000000,96200,95994,95994,-0.13954275710389458,-0.060088893924177732,0.010000000298023226,0.0056250004470348447,1,300,95900,96200,1,0.08588758111000061,0.08588758111000061,0.08588758111000061,-0.11525598777339302,0.024286769330501556,1,0,0,0,1,1
before,96300000,96100000,96300,96094,96094,-0.15699971770996174,0.13392610588100107,0.010000000298023226,0.0056250004470348447,1,400,95900,96200,1,0.087162246191765366,-0.046763859689235687,-0.046763859689235687,-0.036510589775982691,0.12048912793397903,1,0,0,0,1,1
after,96300000,96100000,96300,96094,96094,-0.15699971770996174,0.13392610588100107,0.010000000298023226,0.0056250004470348447,1,400,95900,96300,1,-0.046763859689235687,-0.046763859689235687,-0.046763859689235687,-0.036510589775982691,0.12048912793397903,1,0,0,0,1,1
before,96400000,96200000,96400,96194,96194,0.045960524650608764,0.049694797602020571,0.010000000298023226,0.0056250004470348447,1,500,95900,96300,1,-0.044987016710914304,-0.094681814312934875,-0.094681814312934875,0.03778108448753284,-0.0081794401630759239,1,0,0,0,1,1
after,96400000,96200000,96400,96194,96194,0.045960524650608764,0.049694797602020571,0.010000000298023226,0.0056250004470348447,1,500,95900,96400,1,-0.094681814312934875,-0.094681814312934875,-0.094681814312934875,0.03778108448753284,-0.0081794401630759239,1,0,0,0,1,1
before,96500000,96300000,96500,96294,96294,-0.086891108794452221,-0.051972540775179876,0.010000000298023226,0.0056250004470348447,1,600,95900,96400,1,-0.096033918419718756,-0.044061377644538879,-0.044061377644538879,0.0051638096139416355,0.09205491840839386,1,0,0,0,1,1
after,96500000,96300000,96500,96294,96294,-0.086891108794452221,-0.051972540775179876,0.010000000298023226,0.0056250004470348447,1,600,95900,96500,1,-0.044061377644538879,-0.044061377644538879,-0.044061377644538879,0.0051638096139416355,0.09205491840839386,1,0,0,0,1,1
before,96600000,96400000,96600,96394,96394,-0.17669015667921795,-0.023061762088387963,0.010000000298023226,0.0056250004470348447,1,700,95900,96500,1,-0.043230334752648827,-0.020168572664260864,-0.020168572664260864,0.044447337169582699,0.22113749384880066,1,0,0,0,1,1
after,96600000,96400000,96600,96394,96394,-0.17669015667921795,-0.023061762088387963,0.010000000298023226,0.0056250004470348447,1,700,95900,96600,1,-0.020168572664260864,-0.020168572664260864,-0.020168572664260864,0.044447337169582699,0.22113749384880066,1,0,0,0,1,1
before,96700000,96500000,96700,96494,96494,-0.025731957651296267,0.030627174632384933,0.010000000298023226,0.0056250004470348447,1,800,95900,96600,1,-0.018025094313785874,-0.048652268946170807,-0.048652268946170807,0.13131371965297162,0.15704567730426788,1,0,0,0,1,1
after,96700000,96500000,96700,96494,96494,-0.025731957651296267,0.030627174632384933,0.010000000298023226,0.0056250004470348447,1,800,95900,96700,1,-0.048652268946170807,-0.048652268946170807,-0.048652268946170807,0.13131371965297162,0.15704567730426788,1,0,0,0,1,1
before,96800000,96600000,96800,96594,96594,0.12694760375477296,-0.2795861760858131,0.010000000298023226,0.0056250004470348447,1,900,95900,96700,1,-0.048572103190763057,0.23101407289505005,0.23101407289505005,0.1393700396717332,0.012422435916960239,1,0,0,0,1,1
after,96800000,96600000,96800,96594,96594,0.12694760375477296,-0.2795861760858131,0.010000000298023226,0.0056250004470348447,1,900,95900,96800,1,0.23101407289505005,0.23101407289505005,0.23101407289505005,0.1393700396717332,0.012422435916960239,1,0,0,0,1,1
before,96900000,96700000,96900,96694,96694,0.18975412244324252,0.25369706589117608,0.010000000298023226,0.0056250004470348447,1,1000,95900,96800,1,0.22918248202040753,-0.024514583870768547,-0.024514583870768547,0.098603533155961501,-0.091150589287281036,1,0,0,0,1,1
after,96900000,96700000,96900,96694,96694,0.18975412244324252,0.25369706589117608,0.010000000298023226,0.0056250004470348447,1,1000,96900,96800,1,-0.024514583870768547,-0.024514583870768547,-0.024514583870768547,0.098603533155961501,-0.091150589287281036,1,0,0,0,1,1
before,97000000,96800000,97000,96794,96794,0.089036718916950058,-0.088570789433072367,0.010000000298023226,0.0056250004470348447,1,100,96900,96800,1,-0.027715065515588076,0.060855723917484283,0.060855723917484283,0.00065803618436796694,-0.088378682732582092,1,0,0,0,1,1
after,97000000,96800000,97000,96794,96794,0.089036718916950058,-0.088570789433072367,0.010000000298023226,0.0056250004470348447,1,100,96900,97000,1,0.060855723917484283,0.060855723917484283,0.060855723917484283,0.00065803618436796694,-0.088378682732582092,1,0,0,0,1,1
before,97100000,96900000,97100,96894,96894,0.10401207419762672,0.087676299930298074,0.010000000298023226,0.0056250004470348447,1,200,96900,97000,1,0.05971104857393477,-0.027965251356363297,-0.027965251356363297,-0.038045374427937859,-0.14205744862556458,1,0,0,0,1,1
after,97100000,96900000,97100,96894,96894,0.10401207419762672,0.087676299930298074,0.010000000298023226,0.0056250004470348447,1,200,97100,97000,1,-0.027965251356363297,-0.027965251356363297,-0.027965251356363297,-0.038045374427937859,-0.14205744862556458,1,0,0,0,1,1
before,97200000,97000000,97200,96994,96994,-0.038378165549373094,0.020024126056008878,0.010000000298023226,0.0056250004470348447,1,100,97100,97000,1,-0.029963521626419482,-0.04998764768242836,-0.04998764768242836,-0.093211398905848925,-0.05483323335647583,1,0,0,0,1,1
after,97200000,97000000,97200,96994,96994,-0.038378165549373094,0.020024126056008878,0.010000000298023226,0.0056250004470348447,1,100,97100,97200,1,-0.04998764768242836,-0.04998764768242836,-0.04998764768242836,-0.093211398905848925,-0.05483323335647583,1,0,0,0,1,1
before,97300000,97100000,97300,97094,97094,-0.14521579571816623,-0.11167782762127906,0.010000000298023226,0.0056250004470348447,1,200,97100,97200,1,-0.048861245001135173,0.06281658262014389,0.06281658262014389,-0.07887300231311023,0.066342793405056,1,0,0,0,1,1
after,97300000,97100000,97300,97094,97094,-0.14521579571816623,-0.11167782762127906,0.010000000298023226,0.0056250004470348447,1,200,97300,97200,1,0.06281658262014389,0.06281658262014389,0.06281658262014389,-0.07887300231311023,0.066342793405056,1,0,0,0,1,1
before,97400000,97200000,97400,97194,97194,-0.043544887345984606,0.19734191215048508,0.010000000298023226,0.0056250004470348447,1,100,97300,97200,1,0.063560926079852129,-0.13378098607063293,-0.13378098607063293,0.00038121010665592573,0.043926097452640533,1,0,0,0,1,1
after,97400000,97200000,97400,97194,97194,-0.043544887345984606,0.19734191215048508,0.010000000298023226,0.0056250004470348447,1,100,97300,97400,1,-0.13378098607063293,-0.13378098607063293,-0.13378098607063293,0.00038121010665592573,0.043926097452640533,1,0,0,0,1,1
before,97500000,97300000,97500,97294,97294,0.07614450546047942,-0.15679767183103466,0.010000000298023226,0.0056250004470348447,1,200,97300,97400,1,-0.13308921097853088,0.023708460852503777,0.023708460852503777,0.0089284965588833538,-0.067216008901596069,1,0,0,0,1,1
after,97500000,97300000,97500,97294,97294,0.07614450546047942,-0.15679767183103466,0.010000000298023226,0.0056250004470348447,1,200,97300,97500,1,0.023708460852503777,0.023708460852503777,0.023708460852503777,0.0089284965588833538,-0.067216008901596069,1,0,0,0,1,1
before,97600000,97400000,97600,97394,97394,-0.14958449780872471,0.01843072140045434,0.010000000298023226,0.0056250004470348447,1,300,97300,97500,1,0.022473835772052107,0.0040431143715977669,0.0040431143715977669,-0.027014370559960661,0.12257012724876404,1,0,0,0,1,1
after,97600000,97400000,97600,97394,97394,-0.14958449780872471,0.01843072140045434,0.010000000298023226,0.0056250004470348447,1,300,97300,97600,1,0.0040431143715977669,0.0040431143715977669,0.0040431143715977669,-0.027014370559960661,0.12257012724876404,1,0,0,0,1,1
before,97700000,97500000,97700,97494,97494,0.20729737908903836,0.0068146428204730316,0.010000000298023226,0.0056250004470348447,1,400,97300,97600,1,0.0063165382127866312,-0.00049810460768640041,-0.00049810460768640041,0.048664519501368998,-0.15863285958766937,1,0,0,0,1,1
after,97700000,97500000,97700,97494,97494,0.20729737908903836,0.0068146428204730316,0.010000000298023226,0.0056250004470348447,1,400,97300,97700,1,-0.00049810460768640041,-0.00049810460768640041,-0.00049810460768640041,0.048664519501368998,-0.15863285958766937,1,0,0,0,1,1
before,97800000,97600000,97800,97594,97594,-0.071561547282958438,-0.023671689449274079,0.010000000298023226,0.0056250004470348447,1,500,97300,97700,1,-0.0036712614879245921,0.020000427961349487,0.020000427961349487,-0.055693969417238635,0.015867577865719795,1,0,0,0,1,1
after,97800000,97600000,97800,97594,97594,-0.071561547282958438,-0.023671689449274079,0.010000000298023226,0.0056250004470348447,1,500,97300,97800,1,0.020000427961349487,0.020000427961349487,0.020000427961349487,-0.055693969417238635,0.015867577865719795,1,0,0,0,1,1
before,97900000,97700000,97900,97694,97694,-0.072857084535845537,-0.11287054542887857,0.010000000298023226,0.0056250004470348447,1,600,97300,97800,1,0.020500688511245937,0.13337123394012451,0.13337123394012451,-0.017715106570013781,0.055141977965831757,1,0,0,0,1,1
after,97900000,97700000,97900,97694,97694,-0.072857084535845537,-0.11287054542887857,0.010000000298023226,0.0056250004470348447,1,600,97300,97900,1,0.13337123394012451,0.13337123394012451,0.13337123394012451,-0.017715106570013781,0.055141977965831757,1,0,0,0,1,1
before,98000000,97800000,98000,97794,97794,-0.038380544545280525,0.12937697240722074,0.010000000298023226,0.0056250004470348447,1,700,97300,97900,1,0.13400214243319525,0.0046251700259745121,0.0046251700259745121,0.032259102998149804,0.070639647543430328,1,0,0,0,1,1
after,98000000,97800000,98000,97794,97794,-0.038380544545280525,0.12937697240722074,0.010000000298023226,0.0056250004470348447,1,700,97300,98000,1,0.0046251700259745121,0.0046251700259745121,0.0046251700259745121,0.032259102998149804,0.070639647543430328,1,0,0,0,1,1
before,98100000,97900000,98100,97894,97894,0.27597742346154519,-0.083579829704772721,0.010000000298023226,0.0056250004470348447,1,800,97300,98000,1,0.004567609357822645,0.088147439062595367,0.088147439062595367,0.052016904624570093,-0.2239605188369751,1,0,0,0,1,1
after,98100000,97900000,98100,97894,97894,0.27597742346154519,-0.083579829704772721,0.010000000298023226,0.0056250004470348447,1,800,97300,98100,1,0.088147439062595367,0.088147439062595367,0.088147439062595367,0.052016904624570093,-0.2239605188369751,1,0,0,0,1,1
before,98200000,98000000,98200,97994,97994,0.037477578463600045,0.033406096156145454,0.010000000298023226,0.0056250004470348447,1,900,97300,98100,1,0.084350785817409873,0.05094468966126442,0.05094468966126442,-0.077992272136165733,-0.11546985059976578,1,0,0,0,1,1
after,98200000,98000000,98200,97994,97994,0.037477578463600045,0.033406096156145454,0.010000000298023226,0.0056250004470348447,1,900,97300,98200,1,0.05094468966126442,0.05094468966126442,0.05094468966126442,-0.077992272136165733,-0.11546985059976578,1,0,0,0,1,1
before,98300000,98100000,98300,98094,98094,-0.19578070367641909,0.076595465693075376,0.010000000298023226,0.0056250004470348447,1,1000,97300,98200,1,0.049873561638791281,-0.026721904054284096,-0.026721904054284096,-0.091786408675389133,0.10399429500102997,1,0,0,0,1,1
after,98300000,98100000,98300,98094,98094,-0.19578070367641909,0.076595465693075376,0.010000000298023226,0.0056250004470348447,1,1000,97300,98300,1,-0.026721904054284096,-0.026721904054284096,-0.026721904054284096,-0.091786408675389133,0.10399429500102997,1,0,0,0,1,1
before,98400000,98200000,98400,98194,98194,0.09546478576157838,-0.01477294274812125,0.010000000298023226,0.0056250004470348447,1,1100,97300,98300,1,-0.024243008803776729,-0.0094700660556554794,-0.0094700660556554794,0.0040224764416053934,-0.091442309319972992,1,0,0,0,1,1
after,98400000,98200000,98400,98194,98194,0.09546478576157838,-0.01477294274812125,0.010000000298023226,0.0056250004470348447,1,1100,97300,98400,1,-0.0094700660556554794,-0.0094700660556554794,-0.0094700660556554794,0.0040224764416053934,-0.091442309319972992,1,0,0,0,1,1
before,98500000,98300000,98500,98294,98294,0.038039521308233015,0.031134108430873907,0.010000000298023226,0.0056250004470348447,1,1200,97300,98400,1,-0.010969174676406825,-0.042103283107280731,-0.042103283107280731,-0.044969714252660997,-0.083009235560894012,1,0,0,0,1,1
after,98500000,98300000,98500,98294,98294,0.038039521308233015,0.031134108430873907,0.010000000298023226,0.0056250004470348447,1,1200,97300,98500,1,-0.042103283107280731,-0.042103283107280731,-0.042103283107280731,-0.044969714252660997,-0.083009235560894012,1,0,0,0,1,1
before,98600000,98400000,98600,98394,98394,-0.029569244479031365,0.09999490383997589,0.010000000298023226,0.0056250004470348447,1,1300,97300,98500,1,-0.043591672144978937,-0.14358657598495483,-0.14358657598495483,-0.068374699448437493,-0.038805454969406128,1,0,0,0,1,1
after,98600000,98400000,98600,98394,98394,-0.029569244479031365,0.09999490383997589,0.010000000298023226,0.0056250004470348447,1,1300,97300,98600,1,-0.14358657598495483,-0.14358657598495483,-0.14358657598495483,-0.068374699448437493,-0.038805454969406128,1,0,0,0,1,1
before,98700000,98500000,98700,98494,98494,-0.19851613071576968,-0.21056180736930002,0.010000000298023226,0.0056250004470348447,1,1400,97300,98600,1,-0.14361943594128718,0.066942371428012848,0.066942371428012848,-0.067877993256014735,0.13063813745975494,1,0,0,0,1,1
after,98700000,98500000,98700,98494,98494,-0.19851613071576968,-0.21056180736930002,0.010000000298023226,0.0056250004470348447,1,1400,98700,98600,1,0.066942371428012848,0.066942371428012848,0.066942371428012848,-0.067877993256014735,0.13063813745975494,1,0,0,0,1,1
before,98800000,98600000,98800,98594,98594,0.11735046885119305,0.071936835849331138,0.010000000298023226,0.0056250004470348447,1,100,98700,98600,1,0.068838783621461508,-0.0030980522278696299,-0.0030980522278696299,0.038630905068977928,-0.078719563782215118,1,0,0,0,1,1
after,98800000,98600000,98800,98594,98594,0.11735046885119305,0.071936835849331138,0.010000000298023226,0.0056250004470348447,1,100,98700,98800,1,-0.0030980522278696299,-0.0030980522278696299,-0.0030980522278696299,0.038630905068977928,-0.078719563782215118,1,0,0,0,1,1
before,98900000,98700000,98900,98694,98694,0.00035473997376181399,0.0098424236363817766,0.010000000298023226,0.0056250004470348447,1,200,98700,98800,1,-0.0056495695301245147,-0.01549199316650629,-0.01549199316650629,-0.020761226167462093,-0.021115966141223907,1,0,0,0,1,1
after,98900000,98700000,98900,98694,98694,0.00035473997376181399,0.0098424236363817766,0.010000000298023226,0.0056250004470348447,1,200,98700,98900,1,-0.01549199316650629,-0.01549199316650629,-0.01549199316650629,-0.020761226167462093,-0.021115966141223907,1,0,0,0,1,1
before,99000000,98800000,99000,98794,98794,0.050582147273147096,-0.13768783177688945,0.010000000298023226,0.0056250004470348447,1,300,98700,98900,1,-0.016457192259582167,0.12123063951730728,0.12123063951730728,-0.022551947203552729,-0.073134094476699829,1,0,0,0,1,1
after,99000000,98800000,99000,98794,98794,0.050582147273147096,-0.13768783177688945,0.010000000298023226,0.0056250004470348447,1,300,98700,99000,1,0.12123063951730728,0.12123063951730728,0.12123063951730728,-0.022551947203552729,-0.073134094476699829,1,0,0,0,1,1
before,99100000,98900000,99100,98894,98894,-0.0394359078202072,0.11830265042458803,0.010000000298023226,0.0056250004470348447,1,400,98700,99000,1,0.12025197597772956,0.0019493255531415343,0.0019493255531415343,-0.035880916373771748,0.0035549914464354515,1,0,0,0,1,1
after,99100000,98900000,99100,98894,98894,-0.0394359078202072,0.11830265042458803,0.010000000298023226,0.0056250004470348447,1,400,98700,99100,1,0.0019493255531415343,0.0019493255531415343,0.0019493255531415343,-0.035880916373771748,0.0035549914464354515,1,0,0,0,1,1
before,99200000,99000000,99200,98994,98994,-0.030897203613816721,-0.1148566537074082,0.010000000298023226,0.0056250004470348447,1,500,98700,99100,1,0.0023796177931792654,0.11723627150058746,0.11723627150058746,-0.015848880414663775,0.015048323199152946,1,0,0,0,1,1
after,99200000,99000000,99200,98994,98994,-0.030897203613816721,-0.1148566537074082,0.010000000298023226,0.0056250004470348447,1,500,98700,99200,1,0.11723627150058746,0.11723627150058746,0.11723627150058746,-0.015848880414663775,0.015048323199152946,1,0,0,0,1,1
before,99300000,99100000,99300,99094,99094,-0.05819179614335987,-0.080524962995836752,0.010000000298023226,0.0056250004470348447,1,600,98700,99200,1,0.11743486240070103,0.19795982539653778,0.19795982539653778,0.011393348376446042,0.069585144519805908,1,0,0,0,1,1
after,99300000,99100000,99300,99094,99094,-0.05819179614335987,-0.080524962995836752,0.010000000298023226,0.0056250004470348447,1,600,98700,99300,1,0.19795982539653778,0.19795982539653778,0.19795982539653778,0.011393348376446042,0.069585144519805908,1,0,0,0,1,1
before,99400000,99200000,99400,99194,99194,0.087218068825365647,0.22183746191487289,0.010000000298023226,0.0056250004470348447,1,700,98700,99300,1,0.19860895256326175,-0.023228509351611137,-0.023228509351611137,0.060460888134600259,-0.026757180690765381,1,0,0,0,1,1
after,99400000,99200000,99400,99194,99194,0.087218068825365647,0.22183746191487289,0.010000000298023226,0.0056250004470348447,1,700,98700,99400,1,-0.023228509351611137,-0.023228509351611137,-0.023228509351611137,0.060460888134600259,-0.026757180690765381,1,0,0,0,1,1
before,99500000,99300000,99500,99294,99294,-0.11559741536973818,0.01933694586006228,0.010000000298023226,0.0056250004470348447,1,800,98700,99400,1,-0.02488300249132093,-0.044219948351383209,-0.044219948351383209,0.014227461415540139,0.12982487678527832,1,0,0,0,1,1
after,99500000,99300000,99500,99294,99294,-0.11559741536973818,0.01933694586006228,0.010000000298023226,0.0056250004470348447,1,800,98700,99500,1,-0.044219948351383209,-0.044219948351383209,-0.044219948351383209,0.014227461415540139,0.12982487678527832,1,0,0,0,1,1
before,99600000,99400000,99600,99394,99394,-0.0094421272415535495,-0.0049375772478937041,0.010000000298023226,0.0056250004470348447,1,900,98700,99500,1,-0.043263103068148984,-0.03832552582025528,-0.03832552582025528,0.067925245569287057,0.077367372810840607,1,0,0,0,1,1
after,99600000,99400000,99600,99394,99394,-0.0094421272415535495,-0.0049375772478937041,0.010000000298023226,0.0056250004470348447,1,900,98700,99600,1,-0.03832552582025528,-0.03832552582025528,-0.03832552582025528,0.067925245569287057,0.077367372810840607,1,0,0,0,1,1
before,99700000,99500000,99700,99494,99494,0.026411558196459961,-0.064960628532407333,0.010000000298023226,0.0056250004470348447,1,1000,98700,99600,1,-0.038875266694066581,0.026085361838340759,0.026085361838340759,0.068802519396458817,0.042390961199998856,1,0,0,0,1,1
after,99700000,99500000,99700,99494,99494,0.026411558196459961,-0.064960628532407333,0.010000000298023226,0.0056250004470348447,1,1000,98700,99700,1,0.026085361838340759,0.026085361838340759,0.026085361838340759,0.068802519396458817,0.042390961199998856,1,0,0,0,1,1
before,99800000,99600000,99800,99594,99594,0.033768686106381444,0.047321347338783959,0.010000000298023226,0.0056250004470348447,1,1100,98700,99700,1,0.025372998607981426,-0.021948348730802536,-0.021948348730802536,0.058095021745142965,0.02432633563876152,1,0,0,0,1,1
after,99800000,99600000,99800,99594,99594,0.033768686106381444,0.047321347338783959,0.010000000298023226,0.0056250004470348447,1,1100,98700,99800,1,-0.021948348730802536,-0.021948348730802536,-0.021948348730802536,0.058095021745142965,0.02432633563876152,1,0,0,0,1,1
before,99900000,99700000,99900,99694,99694,0.20220305549220779,-0.072709050493396016,0.010000000298023226,0.0056250004470348447,1,1200,98700,99800,1,-0.023156546520150392,0.049552503973245621,0.049552503973245621,0.038869117966458588,-0.16333393752574921,1,0,0,0,1,1
after,99900000,99700000,99900,99694,99694,0.20220305549220779,-0.072709050493396016,0.010000000298023226,0.0056250004470348447,1,1200,98700,99900,1,0.049552503973245621,0.049552503973245621,0.049552503973245621,0.038869117966458588,-0.16333393752574921,1,0,0,0,1,1
before,100000000,99800000,100000,99794,99794,0.029205281003354421,0.0669425277308342,0.010000000298023226,0.0056250004470348447,1,1300,98700,99900,1,0.046275481422316751,-0.020667046308517456,-0.020667046308517456,-0.057948116497160564,-0.087153397500514984,1,0,0,0,1,1
after,100000000,99800000,100000,99794,99794,0.029205281003354421,0.0669425277308342,0.010000000298023226,0.0056250004470348447,1,1300,98700,100000,1,-0.020667046308517456,-0.020667046308517456,-0.020667046308517456,-0.057948116497160564,-0.087153397500514984,1,0,0,0,1,1
before,100100000,99900000,100100,99894,99894,-0.17299824746004883,0.056074130051260163,0.010000000298023226,0.0056250004470348447,1,1400,98700,100000,1,-0.020723236091012787,-0.076797366142272949,-0.076797366142272949,-0.074698706880729826,0.098299540579319,1,0,0,0,1,1
after,100100000,99900000,100100,99894,99894,-0.17299824746004883,0.056074130051260163,0.010000000298023226,0.0056250004470348447,1,1400,98700,100100,1,-0.076797366142272949,-0.076797366142272949,-0.076797366142272949,-0.074698706880729826,0.098299540579319,1,0,0,0,1,1
before,100200000,100000000,100200,99994,99994,-0.1513256417803277,-0.096167327467422542,0.010000000298023226,0.0056250004470348447,1,1500,98700,100100,1,-0.075001684580068645,0.021165642887353897,0.021165642887353897,0.0046247852750311846,0.15595042705535889,1,0,0,0,1,1
after,100200000,100000000,100200,99994,99994,-0.1513256417803277,-0.096167327467422542,0.010000000298023226,0.0056250004470348447,1,1500,100200,100100,1,0.021165642887353897,0.021165642887353897,0.021165642887353897,0.0046247852750311846,0.15595042705535889,1,0,0,0,1,1
before,100300000,100100000,100300,100094,100094,-0.0098637075216792131,0.19593531740360282,0.010000000298023226,0.0056250004470348447,1,100,100200,100100,1,0.022671752697754132,-0.17326356470584869,-0.17326356470584869,0.082842503389594743,0.092706210911273956,1,0,0,0,1,1
after,100300000,100100000,100300,100094,100094,-0.0098637075216792131,0.19593531740360282,0.010000000298023226,0.0056250004470348447,1,100,100200,100300,1,-0.17326356470584869,-0.17326356470584869,-0.17326356470584869,0.082842503389594743,0.092706210911273956,1,0,0,0,1,1
before,100400000,100200000,100400,100194,100194,0.059776285270639065,-0.34667588996346943,0.010000000298023226,0.0056250004470348447,1,200,100200,100300,1,-0.17343808936532487,0.17323780059814453,0.17323780059814453,0.070468538048155907,0.010692252777516842,1,0,0,0,1,1
after,100400000,100200000,100400,100194,100194,0.059776285270639065,-0.34667588996346943,0.010000000298023226,0.0056250004470348447,1,200,100200,100400,1,0.17323780059814453,0.17323780059814453,0.17323780059814453,0.070468538048155907,0.010692252777516842,1,0,0,0,1,1
before,100500000,100300000,100500,100294,100294,-0.073552322591633662,0.2292484105861739,0.010000000298023226,0.0056250004470348447,1,300,100200,100400,1,0.17202201348906315,-0.057226397097110748,-0.057226397097110748,0.057684081588893071,0.13123640418052673,1,0,0,0,1,1
after,100500000,100300000,100500,100294,100294,-0.073552322591633662,0.2292484105861739,0.010000000298023226,0.0056250004470348447,1,300,100200,100500,1,-0.057226397097110748,-0.057226397097110748,-0.057226397097110748,0.057684081588893071,0.13123640418052673,1,0,0,0,1,1
before,100600000,100400000,100600,100394,100394,0.012095642477913962,-0.042346464613212682,0.010000000298023226,0.0056250004470348447,1,400,100200,100500,1,-0.057324384482337572,-0.014977919869124889,-0.014977919869124889,0.088909705371304618,0.076814062893390656,1,0,0,0,1,1
after,100600000,100400000,100600,100394,100394,0.012095642477913962,-0.042346464613212682,0.010000000298023226,0.0056250004470348447,1,400,100200,100600,1,-0.014977919869124889,-0.014977919869124889,-0.014977919869124889,0.088909705371304618,0.076814062893390656,1,0,0,0,1,1
before,100700000,100500000,100700,100494,100494,0.14615983094351964,0.089212134849490643,0.010000000298023226,0.0056250004470348447,1,500,100200,100600,1,-0.015509627390442367,-0.10472176223993301,-0.10472176223993301,0.081272866085941364,-0.064886964857578278,1,0,0,0,1,1
after,100700000,100500000,100700,100494,100494,0.14615983094351964,0.089212134849490643,0.010000000298023226,0.0056250004470348447,1,500,100700,100600,1,-0.10472176223993301,-0.10472176223993301,-0.10472176223993301,0.081272866085941364,-0.064886964857578278,1,0,0,0,1,1
before,100800000,100600000,100800,100594,100594,-0.13507283282046728,-0.066493875554606452,0.010000000298023226,0.0056250004470348447,1,100,100700,100600,1,-0.10685740338902189,-0.040363527834415436,-0.040363527834415436,-0.0027244145846884705,0.13234841823577881,1,0,0,0,1,1
after,100800000,100600000,100800,100594,100594,-0.13507283282046728,-0.066493875554606452,0.010000000298023226,0.0056250004470348447,1,100,100700,100800,1,-0.040363527834415436,-0.040363527834415436,-0.040363527834415436,-0.0027244145846884705,0.13234841823577881,1,0,0,0,1,1
before,100900000,100700000,100900,100694,100694,-0.037495144897389344,-0.18117951891796966,0.010000000298023226,0.0056250004470348447,1,200,100700,100800,1,-0.038994397143296201,0.14218512177467346,0.14218512177467346,0.061160019344401427,0.098655164241790771,1,0,0,0,1,1
after,100900000,100700000,100900,100694,100694,-0.037495144897389344,-0.18117951891796966,0.010000000298023226,0.0056250004470348447,1,200,100700,100900,1,0.14218512177467346,0.14218512177467346,0.14218512177467346,0.061160019344401427,0.098655164241790771,1,0,0,0,1,1
before,101000000,100800000,101000,100794,100794,0.03567049311052406,0.068950439389636103,0.010000000298023226,0.0056250004470348447,1,300,100700,100900,1,0.14256341248362261,0.073612973093986511,0.073612973093986511,0.094219994112358929,0.058549501001834869,1,0,0,0,1,1
after,101000000,100800000,101000,100794,100794,0.03567049311052406,0.068950439389636103,0.010000000298023226,0.0056250004470348447,1,300,100700,101000,1,0.073612973093986511,0.073612973093986511,0.073612973093986511,0.094219994112358929,0.058549501001834869,1,0,0,0,1,1
before,101100000,100900000,101100,100894,100894,0.24920101364532793,0.14331073642209602,0.010000000298023226,0.0056250004470348447,1,400,100700,101000,1,0.073015357856307764,-0.070295378565788269,-0.070295378565788269,0.083623631796038975,-0.16557738184928894,1,0,0,0,1,1
after,101100000,100900000,101100,100894,100894,0.24920101364532793,0.14331073642209602,0.010000000298023226,0.0056250004470348447,1,400,101100,101000,1,-0.070295378565788269,-0.070295378565788269,-0.070295378565788269,0.083623631796038975,-0.16557738184928894,1,0,0,0,1,1
before,101200000,101000000,101200,100994,100994,-0.17604511287103686,-0.078270199788478767,0.010000000298023226,0.0056250004470348447,1,100,101100,101000,1,-0.074664388397452985,0.0036058113910257816,0.0036058113910257816,-0.048837356828556389,0.12720775604248047,1,0,0,0,1,1
after,101200000,101000000,101200,100994,100994,-0.17604511287103686,-0.078270199788478767,0.010000000298023226,0.0056250004470348447,1,100,101200,101000,1,0.0036058113910257816,0.0036058113910257816,0.0036058113910257816,-0.048837356828556389,0.12720775604248047,1,0,0,0,1,1
before,101300000,101100000,101300,101094,101094,0.11898322926256567,-0.065085195657322306,0.010000000298023226,0.0056250004470348447,1,100,101200,101000,1,0.005686111095836258,0.070771306753158569,0.070771306753158569,0.040087816877101959,-0.078895412385463715,1,0,0,0,1,1
after,101300000,101100000,101300,101094,101094,0.11898322926256567,-0.065085195657322306,0.010000000298023226,0.0056250004470348447,1,100,101200,101300,1,0.070771306753158569,0.070771306753158569,0.070771306753158569,0.040087816877101959,-0.078895412385463715,1,0,0,0,1,1
before,101400000,101200000,101400,101194,101194,-0.10787829061460236,0.087149406650206637,0.010000000298023226,0.0056250004470348447,1,200,101200,101300,1,0.068491731637260508,-0.018657675012946129,-0.018657675012946129,-0.012694582840916896,0.095183707773685455,1,0,0,0,1,1
after,101400000,101200000,101400,101194,101194,-0.10787829061460236,0.087149406650206637,0.010000000298023226,0.0056250004470348447,1,200,101200,101400,1,-0.018657675012946129,-0.018657675012946129,-0.018657675012946129,-0.012694582840916896,0.095183707773685455,1,0,0,0,1,1
before,101500000,101300000,101500,101294,101294,0.21208860627130366,0.020225127843956539,0.010000000298023226,0.0056250004470348447,1,300,101200,101400,1,-0.017322222085853031,-0.03754734992980957,-0.03754734992980957,0.039714313063181399,-0.17237429320812225,1,0,0,0,1,1
after,101500000,101300000,101500,101294,101294,0.21208860627130366,0.020225127843956539,0.010000000298023226,0.0056250004470348447,1,300,101200,101500,1,-0.03754734992980957,-0.03754734992980957,-0.03754734992980957,0.039714313063181399,-0.17237429320812225,1,0,0,0,1,1
before,101600000,101400000,101600,101394,101394,0.021527964472712102,0.021190774332423723,0.010000000298023226,0.0056250004470348447,1,400,101200,101500,1,-0.041182759512524092,-0.062373533844947815,-0.062373533844947815,-0.070784006416856227,-0.092311970889568329,1,0,0,0,1,1
after,101600000,101400000,101600,101394,101394,0.021527964472712102,0.021190774332423723,0.010000000298023226,0.0056250004470348447,1,400,101200,101600,1,-0.062373533844947815,-0.062373533844947815,-0.062373533844947815,-0.070784006416856227,-0.092311970889568329,1,0,0,0,1,1
before,101700000,101500000,101700,101494,101494,0.077278847557526884,-0.0070940820849504094,0.010000000298023226,0.0056250004470348447,1,500,101200,101600,1,-0.063141458330210648,-0.056047376245260239,-0.056047376245260239,-0.087883328336256686,-0.16516217589378357,1,0,0,0,1,1
after,101700000,101500000,101700,101494,101494,0.077278847557526884,-0.0070940820849504094,0.010000000298023226,0.0056250004470348447,1,500,101200,101700,1,-0.056047376245260239,-0.056047376245260239,-0.056047376245260239,-0.087883328336256686,-0.16516217589378357,1,0,0,0,1,1
before,101800000,101600000,101800,101594,101594,0.073637449154517282,-0.040071497381828018,0.010000000298023226,0.0056250004470348447,1,600,101200,101700,1,-0.057649840311310478,-0.01757834292948246,-0.01757834292948246,-0.13239515482459344,-0.20603260397911072,1,0,0,0,1,1
after,101800000,101600000,101800,101594,101594,0.073637449154517282,-0.040071497381828018,0.010000000298023226,0.0056250004470348447,1,600,101200,101800,1,-0.01757834292948246,-0.01757834292948246,-0.01757834292948246,-0.13239515482459344,-0.20603260397911072,1,0,0,0,1,1
before,101900000,101700000,101900,101694,101694,-0.030097444389310252,-0.12558788429073928,0.010000000298023226,0.0056250004470348447,1,700,101200,101800,1,-0.019566576881929622,0.10602130740880966,0.10602130740880966,-0.17126919779583491,-0.14117175340652466,1,0,0,0,1,1
after,101900000,101700000,101900,101694,101694,-0.030097444389310252,-0.12558788429073928,0.010000000298023226,0.0056250004470348447,1,700,101200,101900,1,0.10602130740880966,0.10602130740880966,0.10602130740880966,-0.17126919779583491,-0.14117175340652466,1,0,0,0,1,1
before,102000000,101800000,102000,101794,101794,-0.053406538103403928,0.011409213116510233,0.010000000298023226,0.0056250004470348447,1,800,101200,101900,1,0.10602897154365333,0.094619758427143097,0.094619758427143097,-0.14555213007766235,-0.092145591974258423,1,0,0,0,1,1
after,102000000,101800000,102000,101794,101794,-0.053406538103403928,0.011409213116510233,0.010000000298023226,0.0056250004470348447,1,800,101200,102000,1,0.094619758427143097,0.094619758427143097,0.094619758427143097,-0.14555213007766235,-0.092145591974258423,1,0,0,0,1,1
before,102100000,101900000,102100,101894,101894,-0.25333944927021612,0.091179284980555594,0.010000000298023226,0.0056250004470348447,1,900,101200,102000,1,0.095168038519134343,0.0039887535385787487,0.0039887535385787487,-0.10922365854546179,0.14411579072475433,1,0,0,0,1,1
after,102100000,101900000,102100,101894,101894,-0.25333944927021612,0.091179284980555594,0.010000000298023226,0.0056250004470348447,1,900,101200,102100,1,0.0039887535385787487,0.0039887535385787487,0.0039887535385787487,-0.10922365854546179,0.14411579072475433,1,0,0,0,1,1
before,102200000,102000000,102200,101994,101994,-0.066664715354873935,0.14303906305756092,0.010000000298023226,0.0056250004470348447,1,1000,101200,102100,1,0.0069410656305742297,-0.13609799742698669,-0.13609799742698669,0.018609355146453576,0.085274070501327515,1,0,0,0,1,1
after,102200000,102000000,102200,101994,101994,-0.066664715354873935,0.14303906305756092,0.010000000298023226,0.0056250004470348447,1,1000,101200,102200,1,-0.13609799742698669,-0.13609799742698669,-0.13609799742698669,0.018609355146453576,0.085274070501327515,1,0,0,0,1,1
before,102300000,102100000,102300,102094,102094,0.010680498387063531,-0.19577829276164582,0.010000000298023226,0.0056250004470348447,1,1100,101200,102200,1,-0.13558425118168405,0.060194041579961777,0.060194041579961777,0.0385165995167146,0.02783610112965107,1,0,0,0,1,1
after,102300000,102100000,102300,102094,102094,0.010680498387063531,-0.19577829276164582,0.010000000298023226,0.0056250004470348447,1,1100,101200,102300,1,0.060194041579961777,0.060194041579961777,0.060194041579961777,0.0385165995167146,0.02783610112965107,1,0,0,0,1,1
before,102400000,102200000,102400,102194,102194,0.0569052011624782,0.039780071239311841,0.010000000298023226,0.0056250004470348447,1,1200,101200,102300,1,0.059596408392627385,0.019816337153315544,0.019816337153315544,0.039134184356114141,-0.017771016806364059,1,0,0,0,1,1
after,102400000,102200000,102400,102194,102194,0.0569052011624782,0.039780071239311841,0.010000000298023226,0.0056250004470348447,1,1200,101200,102400,1,0.019816337153315544,0.019816337153315544,0.019816337153315544,0.039134184356114141,-0.017771016806364059,1,0,0,0,1,1
before,102500000,102300000,102500,102294,102294,-0.0016209472109151527,-0.12295773780872724,0.010000000298023226,0.0056250004470348447,1,1300,101200,102400,1,0.018893687362171206,0.14185142517089844,0.14185142517089844,0.012477020905487473,0.014097968116402626,1,0,0,0,1,1
after,102500000,102300000,102500,102294,102294,-0.0016209472109151527,-0.12295773780872724,0.010000000298023226,0.0056250004470348447,1,1300,101200,102500,1,0.14185142517089844,0.14185142517089844,0.14185142517089844,0.012477020905487473,0.014097968116402626,1,0,0,0,1,1
before,102600000,102400000,102600,102394,102394,0.03612057742748969,0.1169529509052783,0.010000000298023226,0.0056250004470348447,1,1400,101200,102500,1,0.14143338317723569,0.024480432271957397,0.024480432271957397,0.027453927035374574,-0.0086666503921151161,1,0,0,0,1,1
after,102600000,102400000,102600,102394,102394,0.03612057742748969,0.1169529509052783,0.010000000298023226,0.0056250004470348447,1,1400,101200,102600,1,0.024480432271957397,0.024480432271957397,0.024480432271957397,0.027453927035374574,-0.0086666503921151161,1,0,0,0,1,1
before,102700000,102500000,102700,102494,102494,-0.072428631238293351,0.044551449221581135,0.010000000298023226,0.0056250004470348447,1,1500,101200,102600,1,0.023216905397385273,-0.021334543824195862,-0.021334543824195862,0.011706685074019731,0.08413531631231308,1,0,0,0,1,1
after,102700000,102500000,102700,102494,102494,-0.072428631238293351,0.044551449221581135,0.010000000298023226,0.0056250004470348447,1,1500,101200,102700,1,-0.021334543824195862,-0.021334543824195862,-0.021334543824195862,0.011706685074019731,0.08413531631231308,1,0,0,0,1,1
before,102800000,102600000,102800,102594,102594,-0.019318404485536275,-0.047788536234013135,0.010000000298023226,0.0056250004470348447,1,1600,101200,102700,1,-0.020691081939450792,0.02709745429456234,0.02709745429456234,0.045984772155927958,0.065303176641464233,1,0,0,0,1,1
after,102800000,102600000,102800,102594,102594,-0.019318404485536275,-0.047788536234013135,0.010000000298023226,0.0056250004470348447,1,1600,101200,102800,1,0.02709745429456234,0.02709745429456234,0.02709745429456234,0.045984772155927958,0.065303176641464233,1,0,0,0,1,1
before,102900000,102700000,102900,102694,102694,0.10222868796377318,0.10069763946971506,0.010000000298023226,0.0056250004470348447,1,1700,101200,102800,1,0.027491624538513129,-0.073206014931201935,-0.073206014931201935,0.058403367064286643,-0.043825320899486542,1,0,0,0,1,1
after,102900000,102700000,102900,102694,102694,0.10222868796377318,0.10069763946971506,0.010000000298023226,0.0056250004470348447,1,1700,102900,102800,1,-0.073206014931201935,-0.073206014931201935,-0.073206014931201935,0.058403367064286643,-0.043825320899486542,1,0,0,0,1,1
before,103000000,102800000,103000,102794,102794,0.06982413236885214,-0.092282409386292161,0.010000000298023226,0.0056250004470348447,1,100,102900,102800,1,-0.074849993528381051,0.01743241585791111,0.01743241585791111,-0.00033507938594674652,-0.070159211754798889,1,0,0,0,1,1
after,103000000,102800000,103000,102794,102794,0.06982413236885214,-0.092282409386292161,0.010000000298023226,0.0056250004470348447,1,100,102900,103000,1,0.01743241585791111,0.01743241585791111,0.01743241585791111,-0.00033507938594674652,-0.070159211754798889,1,0,0,0,1,1
before,103100000,102900000,103100,102894,102894,-0.062216355165607293,0.047258317555920408,0.010000000298023226,0.0056250004470348447,1,200,102900,103000,1,0.01651427530838661,-0.030744042247533798,-0.030744042247533798,-0.033720942845708687,0.028495412319898605,1,0,0,0,1,1
after,103100000,102900000,103100,102894,102894,-0.062216355165607293,0.047258317555920408,0.010000000298023226,0.0056250004470348447,1,200,102900,103100,1,-0.030744042247533798,-0.030744042247533798,-0.030744042247533798,-0.033720942845708687,0.028495412319898605,1,0,0,0,1,1
before,103200000,103000000,103200,102994,102994,0.15584948103656657,-0.092268294661405681,0.010000000298023226,0.0056250004470348447,1,300,102900,103100,1,-0.029963607906463734,0.06230468675494194,0.06230468675494194,-0.0055145974851619518,-0.16136407852172852,1,0,0,0,1,1
after,103200000,103000000,103200,102994,102994,0.15584948103656657,-0.092268294661405681,0.010000000298023226,0.0056250004470348447,1,300,102900,103200,1,0.06230468675494194,0.06230468675494194,0.06230468675494194,-0.0055145974851619518,-0.16136407852172852,1,0,0,0,1,1
before,103300000,103100000,103300,103094,103094,-0.17073774157999594,0.064372559150513098,0.010000000298023226,0.0056250004470348447,1,400,102900,103200,1,0.060470231648366735,-0.0039023275021463633,-0.0039023275021463633,-0.077649882128225142,0.093087859451770782,1,0,0,0,1,1
after,103300000,103100000,103300,103094,103094,-0.17073774157999594,0.064372559150513098,0.010000000298023226,0.0056250004470348447,1,400,102900,103300,1,-0.0039023275021463633,-0.0039023275021463633,-0.0039023275021463633,-0.077649882128225142,0.093087859451770782,1,0,0,0,1,1
before,103400000,103200000,103400,103194,103194,0.025482335119205821,0.1617164314638721,0.010000000298023226,0.0056250004470348447,1,500,102900,103300,1,-0.0020933597434414394,-0.16380979120731354,-0.16380979120731354,0.0078463358717740673,-0.017635999247431755,1,0,0,0,1,1
after,103400000,103200000,103400,103194,103194,0.025482335119205821,0.1617164314638721,0.010000000298023226,0.0056250004470348447,1,500,102900,103400,1,-0.16380979120731354,-0.16380979120731354,-0.16380979120731354,0.0078463358717740673,-0.017635999247431755,1,0,0,0,1,1
before,103500000,103300000,103500,103294,103294,-0.13794574267232482,-0.22556376289496166,0.010000000298023226,0.0056250004470348447,1,600,102900,103400,1,-0.16449899431237919,0.061064768582582474,0.061064768582582474,-0.021372982626796402,0.11657276004552841,1,0,0,0,1,1
after,103500000,103300000,103500,103294,103294,-0.13794574267232482,-0.22556376289496166,0.010000000298023226,0.0056250004470348447,1,600,103500,103400,1,0.061064768582582474,0.061064768582582474,0.061064768582582474,-0.021372982626796402,0.11657276004552841,1,0,0,0,1,1
before,103600000,103400000,103600,103394,103394,0.10336166707663685,0.14403641864262762,0.010000000298023226,0.0056250004470348447,1,100,103500,103400,1,0.062373428489791764,-0.081662990152835846,-0.081662990152835846,0.054101799557496603,-0.049259867519140244,1,0,0,0,1,1
after,103600000,103400000,103600,103394,103394,0.10336166707663685,0.14403641864262762,0.010000000298023226,0.0056250004470348447,1,100,103600,103400,1,-0.081662990152835846,-0.081662990152835846,-0.081662990152835846,0.054101799557496603,-0.049259867519140244,1,0,0,0,1,1
before,103700000,103500000,103700,103494,103494,-0.21984030968210577,-0.03250933853336474,0.010000000298023226,0.0056250004470348447,1,100,103600,103400,1,-0.083070144479953256,-0.050560805946588516,-0.050560805946588516,-0.0060752845432507909,0.21376502513885498,1,0,0,0,1,1
after,103700000,103500000,103700,103494,103494,-0.21984030968210577,-0.03250933853336474,0.010000000298023226,0.0056250004470348447,1,100,103600,103700,1,-0.050560805946588516,-0.050560805946588516,-0.050560805946588516,-0.0060752845432507909,0.21376502513885498,1,0,0,0,1,1
before,103800000,103600000,103800,103594,103594,0.099793200603693122,-0.0037977669568449099,0.010000000298023226,0.0056250004470348447,1,200,103600,103700,1,-0.047919147852221115,-0.044121380895376205,-0.044121380895376205,0.099442143943400452,-0.00035105666029267013,1,0,0,0,1,1
after,103800000,103600000,103800,103594,103594,0.099793200603693122,-0.0037977669568449099,0.010000000298023226,0.0056250004470348447,1,200,103600,103800,1,-0.044121380895376205,-0.044121380895376205,-0.044121380895376205,0.099442143943400452,-0.00035105666029267013,1,0,0,0,1,1
before,103900000,103700000,103900,103694,103694,0.10258042922988167,-0.11598538681803863,0.010000000298023226,0.0056250004470348447,1,300,103600,103800,1,-0.046283826976405797,0.069701559841632843,0.069701559841632843,0.044773281726982493,-0.05780714750289917,1,0,0,0,1,1
after,103900000,103700000,103900,103694,103694,0.10258042922988167,-0.11598538681803863,0.010000000298023226,0.0056250004470348447,1,300,103600,103900,1,0.069701559841632843,0.069701559841632843,0.069701559841632843,0.044773281726982493,-0.05780714750289917,1,0,0,0,1,1
before,104000000,103800000,104000,103794,103794,0.030840116543836619,-0.081015394551906386,0.010000000298023226,0.0056250004470348447,1,400,103600,103900,1,0.067758886592235765,0.14877428114414215,0.14877428114414215,0.00011940765208723782,-0.030720708891749382,1,0,0,0,1,1
after,104000000,103800000,104000,103794,103794,0.030840116543836619,-0.081015394551906386,0.010000000298023226,0.0056250004470348447,1,400,103600,104000,1,0.14877428114414215,0.14877428114414215,0.14877428114414215,0.00011940765208723782,-0.030720708891749382,1,0,0,0,1,1
before,104100000,103900000,104100,103894,103894,-0.14868476054690366,-0.019769791107190959,0.010000000298023226,0.0056250004470348447,1,500,103600,104000,1,0.14767910208223928,0.16744889318943024,0.16744889318943024,-0.00055952928088194532,0.14812523126602173,1,0,0,0,1,1
after,104100000,103900000,104100,103894,103894,-0.14868476054690366,-0.019769791107190959,0.010000000298023226,0.0056250004470348447,1,500,103600,104100,1,0.16744889318943024,0.16744889318943024,0.16744889318943024,-0.00055952928088194532,0.14812523126602173,1,0,0,0,1,1
before,104200000,104000000,104200,103994,103994,0.12772735446157485,0.30049389021463219,0.010000000298023226,0.0056250004470348447,1,600,103600,104100,1,0.16878075318403069,-0.1317131370306015,-0.1317131370306015,0.090952450925731967,-0.036774903535842896,1,0,0,0,1,1
after,104200000,104000000,104200,103994,103994,0.12772735446157485,0.30049389021463219,0.010000000298023226,0.0056250004470348447,1,600,104200,104100,1,-0.1317131370306015,-0.1317131370306015,-0.1317131370306015,0.090952450925731967,-0.036774903535842896,1,0,0,0,1,1
before,104300000,104100000,104300,104094,104094,-0.045559528256036819,-0.14109835259240361,0.010000000298023226,0.0056250004470348447,1,100,104200,104100,1,-0.13401063482832404,0.0070877177640795708,0.0070877177640795708,0.013494660174272474,0.059054188430309296,1,0,0,0,1,1
after,104300000,104100000,104300,104094,104094,-0.045559528256036819,-0.14109835259240361,0.010000000298023226,0.0056250004470348447,1,100,104200,104300,1,0.0070877177640795708,0.0070877177640795708,0.0070877177640795708,0.013494660174272474,0.059054188430309296,1,0,0,0,1,1
before,104400000,104200000,104400,104194,104194,-0.1478063632215087,-0.017600978414162229,0.010000000298023226,0.0056250004470348447,1,200,104200,104300,1,0.0073787619670786161,0.024979740381240845,0.024979740381240845,0.037117643240588472,0.18492400646209717,1,0,0,0,1,1
after,104400000,104200000,104400,104194,104194,-0.1478063632215087,-0.017600978414162229,0.010000000298023226,0.0056250004470348447,1,200,104200,104400,1,0.024979740381240845,0.024979740381240845,0.024979740381240845,0.037117643240588472,0.18492400646209717,1,0,0,0,1,1
before,104500000,104300000,104500,104294,104294,0.17724007842046835,0.077964168908825099,0.010000000298023226,0.0056250004470348447,1,300,104200,104400,1,0.026205026480188551,-0.051759142428636551,-0.051759142428636551,0.11390742388469795,-0.063332654535770416,1,0,0,0,1,1
after,104500000,104300000,104500,104294,104294,0.17724007842046835,0.077964168908825099,0.010000000298023226,0.0056250004470348447,1,300,104500,104400,1,-0.051759142428636551,-0.051759142428636551,-0.051759142428636551,0.11390742388469795,-0.063332654535770416,1,0,0,0,1,1
before,104600000,104400000,104600,104394,104394,-0.0069885189836856529,-0.03836710206287669,0.010000000298023226,0.0056250004470348447,1,100,104500,104400,1,-0.054380327603395451,-0.016013225540518761,-0.016013225540518761,0.019542069062030633,0.026530588045716286,1,0,0,0,1,1
after,104600000,104400000,104600,104394,104394,-0.0069885189836856529,-0.03836710206287669,0.010000000298023226,0.0056250004470348447,1,100,104500,104600,1,-0.016013225540518761,-0.016013225540518761,-0.016013225540518761,0.019542069062030633,0.026530588045716286,1,0,0,0,1,1
before,104700000,104500000,104700,104494,104494,0.080276504706545168,0.053611883205559485,0.010000000298023226,0.0056250004470348447,1,200,104500,104600,1,-0.015394962149474393,-0.069006845355033875,-0.069006845355033875,0.021488588850899031,-0.058787915855646133,1,0,0,0,1,1
after,104700000,104500000,104700,104494,104494,0.080276504706545168,0.053611883205559485,0.010000000298023226,0.0056250004470348447,1,200,104500,104700,1,-0.069006845355033875,-0.069006845355033875,-0.069006845355033875,0.021488588850899031,-0.058787915855646133,1,0,0,0,1,1
before,104800000,104600000,104800,104594,104594,0.012913155188292509,0.041193537790422771,0.010000000298023226,0.0056250004470348447,1,300,104500,104700,1,-0.070407904308194783,-0.11160144209861755,-0.11160144209861755,-0.025815685460835451,-0.03872884064912796,1,0,0,0,1,1
after,104800000,104600000,104800,104594,104594,0.012913155188292509,0.041193537790422771,0.010000000298023226,0.0056250004470348447,1,300,104500,104800,1,-0.11160144209861755,-0.11160144209861755,-0.11160144209861755,-0.025815685460835451,-0.03872884064912796,1,0,0,0,1,1
before,104900000,104700000,104900,104694,104694,-0.15997908714565068,-0.12827719221440093,0.010000000298023226,0.0056250004470348447,1,400,104500,104800,1,-0.11278323675122992,0.015493955463171005,0.015493955463171005,-0.043514792652452283,0.11646429449319839,1,0,0,0,1,1
after,104900000,104700000,104900,104694,104694,-0.15997908714565068,-0.12827719221440093,0.010000000298023226,0.0056250004470348447,1,400,104900,104800,1,0.015493955463171005,0.015493955463171005,0.015493955463171005,-0.043514792652452283,0.11646429449319839,1,0,0,0,1,1
before,105000000,104800000,105000,104794,104794,0.1425774136222249,-0.040157909431789401,0.010000000298023226,0.0056250004470348447,1,100,104900,104800,1,0.018265479317571633,0.058423388749361038,0.058423388749361038,0.038556177321756445,-0.10402123630046844,1,0,0,0,1,1
after,105000000,104800000,105000,104794,104794,0.1425774136222249,-0.040157909431789401,0.010000000298023226,0.0056250004470348447,1,100,104900,105000,1,0.058423388749361038,0.058423388749361038,0.058423388749361038,0.038556177321756445,-0.10402123630046844,1,0,0,0,1,1
before,105100000,104900000,105100,104894,104894,-0.20455334019061516,0.099008036069996322,0.010000000298023226,0.0056250004470348447,1,200,104900,105000,1,0.055889425091869796,-0.043118610978126526,-0.043118610978126526,-0.027355272883142934,0.17719806730747223,1,0,0,0,1,1
after,105100000,104900000,105100,104894,104894,-0.20455334019061516,0.099008036069996322,0.010000000298023226,0.0056250004470348447,1,200,104900,105100,1,-0.043118610978126526,-0.043118610978126526,-0.043118610978126526,-0.027355272883142934,0.17719806730747223,1,0,0,0,1,1
before,105200000,105000000,105200,104994,104994,0.24068197212094972,-0.071106201906492306,0.010000000298023226,0.0056250004470348447,1,300,104900,105100,1,-0.04083832440226276,0.030267877504229546,0.030267877504229546,0.071222867582985835,-0.16945910453796387,1,0,0,0,1,1
after,105200000,105000000,105200,104994,104994,0.24068197212094972,-0.071106201906492306,0.010000000298023226,0.0056250004470348447,1,300,104900,105200,1,0.030267877504229546,0.030267877504229546,0.030267877504229546,0.071222867582985835,-0.16945910453796387,1,0,0,0,1,1
before,105300000,105100000,105300,105094,105094,-0.15312787336129424,-0.04535878880611207,0.010000000298023226,0.0056250004470348447,1,400,104900,105200,1,0.026384401482431631,0.071743190288543701,0.071743190288543701,-0.046874562323276976,0.10625331103801727,1,0,0,0,1,1
after,105300000,105100000,105300,105094,105094,-0.15312787336129424,-0.04535878880611207,0.010000000298023226,0.0056250004470348447,1,400,104900,105300,1,0.071743190288543701,0.071743190288543701,0.071743190288543701,-0.046874562323276976,0.10625331103801727,1,0,0,0,1,1
before,105400000,105200000,105400,105194,105194,0.19143247144162326,0.12319955948072753,0.010000000298023226,0.0056250004470348447,1,500,104900,105300,1,0.072874132276357029,-0.050325427204370499,-0.050325427204370499,0.037290300297137785,-0.15414217114448547,1,0,0,0,1,1
after,105400000,105200000,105400,105194,105194,0.19143247144162326,0.12319955948072753,0.010000000298023226,0.0056250004470348447,1,500,105400,105300,1,-0.050325427204370499,-0.050325427204370499,-0.050325427204370499,0.037290300297137785,-0.15414217114448547,1,0,0,0,1,1
before,105500000,105300000,105500,105294,105294,-0.044277403717505229,-0.25955401619778673,0.010000000298023226,0.0056250004470348447,1,100,105400,105300,1,-0.053982051814661432,0.20557196438312531,0.20557196438312531,-0.064105337699519885,-0.019827933982014656,1,0,0,0,1,1
after,105500000,105300000,105500,105294,105294,-0.044277403717505229,-0.25955401619778673,0.010000000298023226,0.0056250004470348447,1,100,105400,105500,1,0.20557196438312531,0.20557196438312531,0.20557196438312531,-0.064105337699519885,-0.019827933982014656,1,0,0,0,1,1
before,105600000,105400000,105600,105394,105394,0.1133092469185792,0.15470346131303273,0.010000000298023226,0.0056250004470348447,1,200,105400,105500,1,0.20598618381597958,0.051282722502946854,0.051282722502946854,-0.021274032571891689,-0.13458327949047089,1,0,0,0,1,1
after,105600000,105400000,105600,105394,105394,0.1133092469185792,0.15470346131303273,0.010000000298023226,0.0056250004470348447,1,200,105600,105500,1,0.051282722502946854,0.051282722502946854,0.051282722502946854,-0.021274032571891689,-0.13458327949047089,1,0,0,0,1,1
before,105700000,105500000,105700,105494,105494,-0.092192439555493763,0.053659276663731693,0.010000000298023226,0.0056250004470348447,1,100,105600,105500,1,0.048853428195636629,-0.0048058484680950642,-0.0048058484680950642,-0.073195159628359249,0.018997279927134514,1,0,0,0,1,1
after,105700000,105500000,105700,105494,105494,-0.092192439555493763,0.053659276663731693,0.010000000298023226,0.0056250004470348447,1,100,105600,105700,1,-0.0048058484680950642,-0.0048058484680950642,-0.0048058484680950642,-0.073195159628359249,0.018997279927134514,1,0,0,0,1,1
before,105800000,105600000,105800,105594,105594,-0.010208586248060258,0.13922845209836759,0.010000000298023226,0.0056250004470348447,1,200,105600,105700,1,-0.0040241143584271383,-0.14325256645679474,-0.14325256645679474,-0.027317428978582414,-0.017108842730522156,1,0,0,0,1,1
after,105800000,105600000,105800,105594,105594,-0.010208586248060258,0.13922845209836759,0.010000000298023226,0.0056250004470348447,1,200,105600,105800,1,-0.14325256645679474,-0.14325256645679474,-0.14325256645679474,-0.027317428978582414,-0.017108842730522156,1,0,0,0,1,1
before,105900000,105700000,105900,105694,105694,0.011132863424436423,-0.17502425523081439,0.010000000298023226,0.0056250004470348447,1,300,105600,105800,1,-0.14326934801021235,0.031754907220602036,0.031754907220602036,-0.036521880813224938,-0.047654744237661362,1,0,0,0,1,1
after,105900000,105700000,105900,105694,105694,0.011132863424436423,-0.17502425523081439,0.010000000298023226,0.0056250004470348447,1,300,105600,105900,1,0.031754907220602036,0.031754907220602036,0.031754907220602036,-0.036521880813224938,-0.047654744237661362,1,0,0,0,1,1
before,106000000,105800000,106000,105794,105794,-0.11774980588843416,0.037124485524911315,0.010000000298023226,0.0056250004470348447,1,400,105600,105900,1,0.031465985628384978,-0.0056584998965263367,-0.0056584998965263367,-0.038963544508715378,0.078786261379718781,1,0,0,0,1,1
after,106000000,105800000,106000,105794,105794,-0.11774980588843416,0.037124485524911315,0.010000000298023226,0.0056250004470348447,1,400,105600,106000,1,-0.0056584998965263367,-0.0056584998965263367,-0.0056584998965263367,-0.038963544508715378,0.078786261379718781,1,0,0,0,1,1
before,106100000,105900000,106100,105894,105894,0.099185349774829429,0.072821720836468221,0.010000000298023226,0.0056250004470348447,1,500,105600,106000,1,-0.0044618552943987847,-0.077283576130867004,-0.077283576130867004,0.019675778580180686,-0.079509571194648743,1,0,0,0,1,1
after,106100000,105900000,106100,105894,105894,0.099185349774829429,0.072821720836468221,0.010000000298023226,0.0056250004470348447,1,500,105600,106100,1,-0.077283576130867004,-0.077283576130867004,-0.077283576130867004,0.019675778580180686,-0.079509571194648743,1,0,0,0,1,1
before,106200000,106000000,106200,105994,105994,0.23882700026010228,0.047453728499268738,0.010000000298023226,0.0056250004470348447,1,600,105600,106100,1,-0.078673678455496582,-0.12612740695476532,-0.12612740695476532,-0.037963320613158207,-0.2767903208732605,1,0,0,0,1,1
after,106200000,106000000,106200,105994,105994,0.23882700026010228,0.047453728499268738,0.010000000298023226,0.0056250004470348447,1,600,105600,106200,1,-0.12612740695476532,-0.12612740695476532,-0.12612740695476532,-0.037963320613158207,-0.2767903208732605,1,0,0,0,1,1
before,106300000,106100000,106300,106094,106094,-0.35988227236251924,-0.11764579675383977,0.010000000298023226,0.0056250004470348447,1,700,105600,106200,1,-0.12956030517108849,-0.011914508417248726,-0.011914508417248726,-0.17075645136814213,0.18912582099437714,1,0,0,0,1,1
after,106300000,106100000,106300,106094,106094,-0.35988227236251924,-0.11764579675383977,0.010000000298023226,0.0056250004470348447,1,700,106300,106200,1,-0.011914508417248726,-0.011914508417248726,-0.011914508417248726,-0.17075645136814213,0.18912582099437714,1,0,0,0,1,1
before,106400000,106200000,106400,106194,106194,-0.11255939692290233,0.00650671010161619,0.010000000298023226,0.0056250004470348447,1,100,106300,106200,1,-0.007145325864899351,-0.013652035966515541,-0.013652035966515541,0.0090912392732341498,0.12165063619613647,1,0,0,0,1,1
after,106400000,106200000,106400,106194,106194,-0.11255939692290233,0.00650671010161619,0.010000000298023226,0.0056250004470348447,1,100,106300,106400,1,-0.013652035966515541,-0.013652035966515541,-0.013652035966515541,0.0090912392732341498,0.12165063619613647,1,0,0,0,1,1
before,106500000,106300000,106500,106294,106294,0.080754958515156239,-0.019493860554973142,0.010000000298023226,0.0056250004470348447,1,200,106300,106400,1,-0.011921481126079814,0.0075723794288933277,0.0075723794288933277,0.064376231704939335,-0.016378726810216904,1,0,0,0,1,1
after,106500000,106300000,106500,106294,106294,0.080754958515156239,-0.019493860554973142,0.010000000298023226,0.0056250004470348447,1,200,106300,106500,1,0.0075723794288933277,0.0075723794288933277,0.0075723794288933277,0.064376231704939335,-0.016378726810216904,1,0,0,0,1,1
before,106600000,106400000,106600,106394,106394,0.14608356031775968,-0.094283527954584612,0.010000000298023226,0.0056250004470348447,1,300,106300,106500,1,0.0058035037674841741,0.10008703172206879,0.10008703172206879,0.024465542763476528,-0.12161801755428314,1,0,0,0,1,1
after,106600000,106400000,106600,106394,106394,0.14608356031775968,-0.094283527954584612,0.010000000298023226,0.0056250004470348447,1,300,106300,106600,1,0.10008703172206879,0.10008703172206879,0.10008703172206879,0.024465542763476528,-0.12161801755428314,1,0,0,0,1,1
before,106700000,106500000,106700,106494,106494,0.00042451831490211006,0.13062821657175239,0.010000000298023226,0.0056250004470348447,1,400,106300,106600,1,0.097721699185315924,-0.032906517386436462,-0.032906517386436462,-0.039042745651896672,-0.039467263966798782,1,0,0,0,1,1
after,106700000,106500000,106700,106494,106494,0.00042451831490211006,0.13062821657175239,0.010000000298023226,0.0056250004470348447,1,400,106300,106700,1,-0.032906517386436462,-0.032906517386436462,-0.032906517386436462,-0.039042745651896672,-0.039467263966798782,1,0,0,0,1,1
before,106800000,106600000,106800,106594,106594,0.14955377775300766,-0.01644326564443218,0.010000000298023226,0.0056250004470348447,1,500,106300,106700,1,-0.033295311076165311,-0.016852045431733131,-0.016852045431733131,-0.04258987110983109,-0.19214364886283875,1,0,0,0,1,1
after,106800000,106600000,106800,106594,106594,0.14955377775300766,-0.01644326564443218,0.010000000298023226,0.0056250004470348447,1,500,106300,106800,1,-0.016852045431733131,-0.016852045431733131,-0.016852045431733131,-0.04258987110983109,-0.19214364886283875,1,0,0,0,1,1
before,106900000,106700000,106900,106694,106694,-0.087765932639917735,0.010965835302881165,0.010000000298023226,0.0056250004470348447,1,600,106300,106800,1,-0.019730921834894256,-0.030696757137775421,-0.030696757137775421,-0.11956135611780584,-0.031795423477888107,1,0,0,0,1,1
after,106900000,106700000,106900,106694,106694,-0.087765932639917735,0.010965835302881165,0.010000000298023226,0.0056250004470348447,1,600,106300,106900,1,-0.030696757137775421,-0.030696757137775421,-0.030696757137775421,-0.11956135611780584,-0.031795423477888107,1,0,0,0,1,1
before,107000000,106800000,107000,106794,106794,-0.069413935965963749,-0.049794352896743568,0.010000000298023226,0.0056250004470348447,1,700,106300,106900,1,-0.029867994882398399,0.019926358014345169,0.019926358014345169,-0.078501556268998532,-0.0090876203030347824,1,0,0,0,1,1
after,107000000,106800000,107000,106794,106794,-0.069413935965963749,-0.049794352896743568,0.010000000298023226,0.0056250004470348447,1,700,106300,107000,1,0.019926358014345169,0.019926358014345169,0.019926358014345169,-0.078501556268998532,-0.0090876203030347824,1,0,0,0,1,1
before,107100000,106900000,107100,106894,106894,-0.12215124799204513,0.0038023470487061374,0.010000000298023226,0.0056250004470348447,1,800,106300,107000,1,0.020471788063234412,0.016669441014528275,0.016669441014528275,-0.041617512537962649,0.080533735454082489,1,0,0,0,1,1
after,107100000,106900000,107100,106894,106894,-0.12215124799204513,0.0038023470487061374,0.010000000298023226,0.0056250004470348447,1,800,106300,107100,1,0.016669441014528275,0.016669441014528275,0.016669441014528275,-0.041617512537962649,0.080533735454082489,1,0,0,0,1,1
before,107200000,107000000,107200,106994,106994,0.07367920648818925,-0.015148659476843549,0.010000000298023226,0.0056250004470348447,1,900,106300,107100,1,0.018102842142972277,0.033251501619815826,0.033251501619815826,0.021478099343833476,-0.052201107144355774,1,0,0,0,1,1
after,107200000,107000000,107200,106994,106994,0.07367920648818925,-0.015148659476843549,0.010000000298023226,0.0056250004470348447,1,900,106300,107200,1,0.033251501619815826,0.033251501619815826,0.033251501619815826,0.021478099343833476,-0.052201107144355774,1,0,0,0,1,1
before,107300000,107100000,107300,107094,107094,-0.13499751634384577,0.15837380608720758,0.010000000298023226,0.0056250004470348447,1,1000,106300,107200,1,0.031959521977138312,-0.12641428411006927,-0.12641428411006927,-0.012288607130302845,0.12270890921354294,1,0,0,0,1,1
after,107300000,107100000,107300,107094,107094,-0.13499751634384577,0.15837380608720758,0.010000000298023226,0.0056250004470348447,1,1000,106300,107300,1,-0.12641428411006927,-0.12641428411006927,-0.12641428411006927,-0.012288607130302845,0.12270890921354294,1,0,0,0,1,1
before,107400000,107200000,107400,107194,107194,0.17457407531891558,-0.10332119027298235,0.010000000298023226,0.0056250004470348447,1,1100,106300,107300,1,-0.12449006857496046,-0.021168878301978111,-0.021168878301978111,0.042987195827109553,-0.13158687949180603,1,0,0,0,1,1
after,107400000,107200000,107400,107194,107194,0.17457407531891558,-0.10332119027298235,0.010000000298023226,0.0056250004470348447,1,1100,106300,107400,1,-0.021168878301978111,-0.021168878301978111,-0.021168878301978111,0.042987195827109553,-0.13158687949180603,1,0,0,0,1,1
before,107500000,107300000,107500,107294,107294,-0.20850354043456745,-0.17504016861408578,0.010000000298023226,0.0056250004470348447,1,1200,106300,107400,1,-0.024294299931224436,0.15074586868286133,0.15074586868286133,-0.046995412387578012,0.16150812804698944,1,0,0,0,1,1
after,107500000,107300000,107500,107294,107294,-0.20850354043456745,-0.17504016861408578,0.010000000298023226,0.0056250004470348447,1,1200,107500,107400,1,0.15074586868286133,0.15074586868286133,0.15074586868286133,-0.046995412387578012,0.16150812804698944,1,0,0,0,1,1
before,107600000,107400000,107600,107394,107394,-0.025094908431842214,0.13932557495885153,0.010000000298023226,0.0056250004470348447,1,100,107500,107400,1,0.15346693153136035,0.014141356572508812,0.014141356572508812,0.072955924316570872,0.098050832748413086,1,0,0,0,1,1
after,107600000,107400000,107600,107394,107394,-0.025094908431842214,0.13932557495885153,0.010000000298023226,0.0056250004470348447,1,100,107500,107600,1,0.014141356572508812,0.014141356572508812,0.014141356572508812,0.072955924316570872,0.098050832748413086,1,0,0,0,1,1
before,107700000,107500000,107700,107494,107494,0.10637165989102926,0.025483231646380076,0.010000000298023226,0.0056250004470348447,1,200,107500,107600,1,0.014353616749307761,-0.011129614897072315,-0.011129614897072315,0.087003614859004874,-0.019368045032024384,1,0,0,0,1,1
after,107700000,107500000,107700,107494,107494,0.10637165989102926,0.025483231646380076,0.010000000298023226,0.0056250004470348447,1,200,107500,107700,1,-0.011129614897072315,-0.011129614897072315,-0.011129614897072315,0.087003614859004874,-0.019368045032024384,1,0,0,0,1,1
before,107800000,107600000,107800,107594,107594,0.055278621449351729,-0.10988436208456025,0.010000000298023226,0.0056250004470348447,1,300,107500,107700,1,-0.012669789952926483,0.097214572131633759,0.097214572131633759,0.032388055532455863,-0.022890565916895866,1,0,0,0,1,1
after,107800000,107600000,107800,107594,107594,0.055278621449351729,-0.10988436208456025,0.010000000298023226,0.0056250004470348447,1,300,107500,107800,1,0.097214572131633759,0.097214572131633759,0.097214572131633759,0.032388055532455863,-0.022890565916895866,1,0,0,0,1,1
before,107900000,107700000,107900,107694,107694,-0.045762265981041453,0.14021972609140987,0.010000000298023226,0.0056250004470348447,1,400,107500,107800,1,0.096692532723928623,-0.043527193367481232,-0.043527193367481232,0.014315263419545633,0.060077529400587082,1,0,0,0,1,1
after,107900000,107700000,107900,107694,107694,-0.045762265981041453,0.14021972609140987,0.010000000298023226,0.0056250004470348447,1,400,107500,107900,1,-0.043527193367481232,-0.043527193367481232,-0.043527193367481232,0.014315263419545633,0.060077529400587082,1,0,0,0,1,1
before,108000000,107800000,108000,107794,107794,0.061838393877652685,0.026725636249959828,0.010000000298023226,0.0056250004470348447,1,500,107500,107900,1,-0.042594714635431408,-0.069320350885391235,-0.069320350885391235,0.032993908818272154,-0.028844485059380531,1,0,0,0,1,1
after,108000000,107800000,108000,107794,107794,0.061838393877652685,0.026725636249959828,0.010000000298023226,0.0056250004470348447,1,500,107500,108000,1,-0.069320350885391235,-0.069320350885391235,-0.069320350885391235,0.032993908818272154,-0.028844485059380531,1,0,0,0,1,1
before,108100000,107900000,108100,107894,107894,0.080184125986084598,-0.0089361567127687891,0.010000000298023226,0.0056250004470348447,1,600,107500,108000,1,-0.070793749027250524,-0.061857592314481735,-0.061857592314481735,-0.0050815253591683963,-0.085265651345252991,1,0,0,0,1,1
after,108100000,107900000,108100,107894,107894,0.080184125986084598,-0.0089361567127687891,0.010000000298023226,0.0056250004470348447,1,600,107500,108100,1,-0.061857592314481735,-0.061857592314481735,-0.061857592314481735,-0.0050815253591683963,-0.085265651345252991,1,0,0,0,1,1
before,108200000,108000000,108200,107994,107994,0.10185426401845252,-0.046676864410381838,0.010000000298023226,0.0056250004470348447,1,700,107500,108100,1,-0.064086390222054049,-0.017409525811672211,-0.017409525811672211,-0.051663503768527158,-0.15351776778697968,1,0,0,0,1,1
after,108200000,108000000,108200,107994,107994,0.10185426401845252,-0.046676864410381838,0.010000000298023226,0.0056250004470348447,1,700,107500,108200,1,-0.017409525811672211,-0.017409525811672211,-0.017409525811672211,-0.051663503768527158,-0.15351776778697968,1,0,0,0,1,1
before,108300000,108100000,108300,108094,108094,0.06630772944901267,-0.13715717387112122,0.010000000298023226,0.0056250004470348447,1,800,107500,108200,1,-0.019610019444546507,0.11754715442657471,0.11754715442657471,-0.1046765238383027,-0.17098425328731537,1,0,0,0,1,1
after,108300000,108100000,108300,108094,108094,0.06630772944901267,-0.13715717387112122,0.010000000298023226,0.0056250004470348447,1,800,107500,108300,1,0.11754715442657471,0.11754715442657471,0.11754715442657471,-0.1046765238383027,-0.17098425328731537,1,0,0,0,1,1
before,108400000,108200000,108400,108194,108194,-0.18847257143207385,0.14070774187516477,0.010000000298023226,0.0056250004470348447,1,900,107500,108300,1,0.11645338257025985,-0.024254359304904938,-0.024254359304904938,-0.12629353871889903,0.06217903271317482,1,0,0,0,1,1
after,108400000,108200000,108400,108194,108194,-0.18847257143207385,0.14070774187516477,0.010000000298023226,0.0056250004470348447,1,900,107500,108400,1,-0.024254359304904938,-0.024254359304904938,-0.024254359304904938,-0.12629353871889903,0.06217903271317482,1,0,0,0,1,1
before,108500000,108300000,108500,108294,108294,-0.18760733708452196,-0.19750647735119656,0.010000000298023226,0.0056250004470348447,1,1000,107500,108400,1,-0.022185837144859583,0.17532064020633698,0.17532064020633698,-0.03391419753145189,0.15369313955307007,1,0,0,0,1,1
after,108500000,108300000,108500,108294,108294,-0.18760733708452196,-0.19750647735119656,0.010000000298023226,0.0056250004470348447,1,1000,108500,108400,1,0.17532064020633698,0.17532064020633698,0.17532064020633698,-0.03391419753145189,0.15369313955307007,1,0,0,0,1,1
before,108600000,108400000,108600,108394,108394,0.20554014468769577,0.16139993252951743,0.010000000298023226,0.0056250004470348447,1,100,108500,108400,1,0.17755824881393553,0.016158316284418106,0.016158316284418106,0.07797447765450026,-0.1275656670331955,1,0,0,0,1,1
after,108600000,108400000,108600,108394,108394,0.20554014468769577,0.16139993252951743,0.010000000298023226,0.0056250004470348447,1,100,108600,108400,1,0.016158316284418106,0.016158316284418106,0.016158316284418106,0.07797447765450026,-0.1275656670331955,1,0,0,0,1,1
before,108700000,108500000,108700,108494,108494,0.12038664162256799,-0.090098954026980455,0.010000000298023226,0.0056250004470348447,1,100,108600,108400,1,0.013741106505112599,0.10384006053209305,0.10384006053209305,-0.023786414264654308,-0.14417305588722229,1,0,0,0,1,1
after,108700000,108500000,108700,108494,108494,0.12038664162256799,-0.090098954026980455,0.010000000298023226,0.0056250004470348447,1,100,108600,108700,1,0.10384006053209305,0.10384006053209305,0.10384006053209305,-0.023786414264654308,-0.14417305588722229,1,0,0,0,1,1
before,108800000,108600000,108800,108594,108594,-0.11086293404057097,-0.018414657275162005,0.010000000298023226,0.0056250004470348447,1,200,108600,108700,1,0.10213355376295064,0.12054821103811264,0.12054821103811264,-0.07397602965190482,0.036886904388666153,1,0,0,0,1,1
after,108800000,108600000,108800,108594,108594,-0.11086293404057097,-0.018414657275162005,0.010000000298023226,0.0056250004470348447,1,200,108600,108800,1,0.12054821103811264,0.12054821103811264,0.12054821103811264,-0.07397602965190482,0.036886904388666153,1,0,0,0,1,1
before,108900000,108700000,108900,108694,108694,-0.028751324772766235,0.077799541144680365,0.010000000298023226,0.0056250004470348447,1,300,108600,108800,1,0.121683252244305,0.043883711099624634,0.043883711099624634,-0.0061549152284175197,0.022596409544348717,1,0,0,0,1,1
after,108900000,108700000,108900,108694,108694,-0.028751324772766235,0.077799541144680365,0.010000000298023226,0.0056250004470348447,1,300,108600,108900,1,0.043883711099624634,0.043883711099624634,0.043883711099624634,-0.0061549152284175197,0.022596409544348717,1,0,0,0,1,1
before,109000000,108800000,109000,108794,108794,0.1787036763131532,0.018940747798746792,0.010000000298023226,0.0056250004470348447,1,400,108600,108900,1,0.043608122588461605,0.024667374789714813,0.024667374789714813,0.01265617772935957,-0.16604749858379364,1,0,0,0,1,1
after,109000000,108800000,109000,108794,108794,0.1787036763131532,0.018940747798746792,0.010000000298023226,0.0056250004470348447,1,400,108600,109000,1,0.024667374789714813,0.024667374789714813,0.024667374789714813,0.01265617772935957,-0.16604749858379364,1,0,0,0,1,1
before,109100000,108900000,109100,108894,108894,-0.13115856836549628,-0.11380204951665747,0.010000000298023226,0.0056250004470348447,1,500,108600,109000,1,0.021431680561086058,0.13523373007774353,0.13523373007774353,-0.074822500748556744,0.056336067616939545,1,0,0,0,1,1
after,109100000,108900000,109100,108894,108894,-0.13115856836549628,-0.11380204951665747,0.010000000298023226,0.0056250004470348447,1,500,109100,109000,1,0.13523373007774353,0.13523373007774353,0.13523373007774353,-0.074822500748556744,0.056336067616939545,1,0,0,0,1,1
before,109200000,109000000,109200,108994,108994,0.1235184931171449,0.20798653238731551,0.010000000298023226,0.0056250004470348447,1,100,109100,109000,1,0.13667694353777099,-0.071309588849544525,-0.071309588849544525,0.004664290787032445,-0.11885420233011246,1,0,0,0,1,1
after,109200000,109000000,109200,108994,108994,0.1235184931171449,0.20798653238731551,0.010000000298023226,0.0056250004470348447,1,100,109200,109000,1,-0.071309588849544525,-0.071309588849544525,-0.071309588849544525,0.004664290787032445,-0.11885420233011246,1,0,0,0,1,1
before,109300000,109100000,109300,109094,109094,0.04990539233994247,0.042825354843298122,0.010000000298023226,0.0056250004470348447,1,100,109200,109000,1,-0.073566289038499669,-0.11639164388179779,-0.11639164388179779,-0.064635721036674962,-0.11454111337661743,1,0,0,0,1,1
after,109300000,109100000,109300,109094,109094,0.04990539233994247,0.042825354843298122,0.010000000298023226,0.0056250004470348447,1,100,109200,109300,1,-0.11639164388179779,-0.11639164388179779,-0.11639164388179779,-0.064635721036674962,-0.11454111337661743,1,0,0,0,1,1
before,109400000,109200000,109400,109194,109194,-0.12077763902127181,-0.11790171781456624,0.010000000298023226,0.0056250004470348447,1,200,109200,109300,1,-0.11776748029649783,0.00013423751806840301,0.00013423751806840301,-0.10141421707450782,0.019363421946763992,1,0,0,0,1,1
after,109400000,109200000,109400,109194,109194,-0.12077763902127181,-0.11790171781456624,0.010000000298023226,0.0056250004470348447,1,200,109400,109300,1,0.00013423751806840301,0.00013423751806840301,0.00013423751806840301,-0.10141421707450782,0.019363421946763992,1,0,0,0,1,1
before,109500000,109300000,109500,109294,109294,-0.161967783894747,0.010797338604543859,0.010000000298023226,0.0056250004470348447,1,100,109400,109300,1,0.001986522271845992,-0.0088108163326978683,-0.0088108163326978683,-0.040609329667299493,0.12135845422744751,1,0,0,0,1,1
after,109500000,109300000,109500,109294,109294,-0.161967783894747,0.010797338604543859,0.010000000298023226,0.0056250004470348447,1,100,109400,109500,1,-0.0088108163326978683,-0.0088108163326978683,-0.0088108163326978683,-0.040609329667299493,0.12135845422744751,1,0,0,0,1,1
before,109600000,109400000,109600,109394,109394,0.070594146728178708,0.11910776143691948,0.010000000298023226,0.0056250004470348447,1,200,109400,109500,1,-0.0066880648789603477,-0.12579582631587982,-0.12579582631587982,0.039982417478820531,-0.030611729249358177,1,0,0,0,1,1
after,109600000,109400000,109600,109394,109394,0.070594146728178708,0.11910776143691948,0.010000000298023226,0.0056250004470348447,1,200,109400,109600,1,-0.12579582631587982,-0.12579582631587982,-0.12579582631587982,0.039982417478820531,-0.030611729249358177,1,0,0,0,1,1
before,109700000,109500000,109700,109494,109494,-0.0032365666276062965,-0.27979297678105119,0.010000000298023226,0.0056250004470348447,1,300,109400,109600,1,-0.12720334272019154,0.15258963406085968,0.15258963406085968,-0.0081520406102980614,-0.0049154739826917648,1,0,0,0,1,1
after,109700000,109500000,109700,109494,109494,-0.0032365666276062965,-0.27979297678105119,0.010000000298023226,0.0056250004470348447,1,300,109400,109700,1,0.15258963406085968,0.15258963406085968,0.15258963406085968,-0.0081520406102980614,-0.0049154739826917648,1,0,0,0,1,1
before,109800000,109600000,109800,109594,109594,-0.14102762115380063,0.1889805095551203,0.010000000298023226,0.0056250004470348447,1,400,109400,109700,1,0.15230815208532317,-0.036672357469797134,-0.036672357469797134,0.0087068014107058861,0.14973442256450653,1,0,0,0,1,1
after,109800000,109600000,109800,109594,109594,-0.14102762115380063,0.1889805095551203,0.010000000298023226,0.0056250004470348447,1,400,109400,109800,1,-0.036672357469797134,-0.036672357469797134,-0.036672357469797134,0.0087068014107058861,0.14973442256450653,1,0,0,0,1,1
before,109900000,109700000,109900,109694,109694,0.21166249387528752,0.021281679631321666,0.010000000298023226,0.0056250004470348447,1,500,109400,109800,1,-0.035036394833476307,-0.056318074464797974,-0.056318074464797974,0.07597611122395849,-0.13568638265132904,1,0,0,0,1,1
after,109900000,109700000,109900,109694,109694,0.21166249387528752,0.021281679631321666,0.010000000298023226,0.0056250004470348447,1,500,109400,109900,1,-0.056318074464797974,-0.056318074464797974,-0.056318074464797974,0.07597611122395849,-0.13568638265132904,1,0,0,0,1,1
before,110000000,109800000,110000,109794,109794,-0.084593634591455247,-0.049551424714022699,0.010000000298023226,0.0056250004470348447,1,600,109400,109900,1,-0.060252185123258653,-0.010700760409235954,-0.010700760409235954,-0.036198935941810395,0.048394698649644852,1,0,0,0,1,1
after,110000000,109800000,110000,109794,109794,-0.084593634591455247,-0.049551424714022699,0.010000000298023226,0.0056250004470348447,1,600,109400,110000,1,-0.010700760409235954,-0.010700760409235954,-0.010700760409235954,-0.036198935941810395,0.048394698649644852,1,0,0,0,1,1
before,110100000,109900000,110100,109894,109894,-0.041140109754150556,0.056864261586534348,0.010000000298023226,0.0056250004470348447,1,700,109400,110000,1,-0.010140523355138927,-0.067004784941673279,-0.067004784941673279,0.0052623930508440301,0.046402502804994583,1,0,0,0,1,1
after,110100000,109900000,110100,109894,109894,-0.041140109754150556,0.056864261586534348,0.010000000298023226,0.0056250004470348447,1,700,109400,110100,1,-0.067004784941673279,-0.067004784941673279,-0.067004784941673279,0.0052623930508440301,0.046402502804994583,1,0,0,0,1,1
before,110200000,110000000,110200,109994,109994,0.0056635522055812001,-0.05955789408437287,0.010000000298023226,0.0056250004470348447,1,800,109400,110100,1,-0.067053618214794747,-0.0074957241304218769,-0.0074957241304218769,0.019237196888346207,0.013573644682765007,1,0,0,0,1,1
after,110200000,110000000,110200,109994,109994,0.0056635522055812001,-0.05955789408437287,0.010000000298023226,0.0056250004470348447,1,800,109400,110200,1,-0.0074957241304218769,-0.0074957241304218769,-0.0074957241304218769,0.019237196888346207,0.013573644682765007,1,0,0,0,1,1
before,110300000,110100000,110300,110094,110094,-0.017288731349607712,8.3785729026293609e-05,0.010000000298023226,0.0056250004470348447,1,900,109400,110200,1,-0.0080002870024090053,-0.0080840727314352989,-0.0080840727314352989,0.015627058284381622,0.032915789633989334,1,0,0,0,1,1
after,110300000,110100000,110300,110094,110094,-0.017288731349607712,8.3785729026293609e-05,0.010000000298023226,0.0056250004470348447,1,900,109400,110300,1,-0.0080840727314352989,-0.0080840727314352989,-0.0080840727314352989,0.015627058284381622,0.032915789633989334,1,0,0,0,1,1
before,110400000,110200000,110400,110194,110194,0.25092031604548676,-0.0077198627326868063,0.010000000298023226,0.0056250004470348447,1,1000,109400,110300,1,-0.0083792383588149732,-0.00065937562612816691,-0.00065937562612816691,0.023473074500763243,-0.22744724154472351,1,0,0,0,1,1
after,110400000,110200000,110400,110194,110194,0.25092031604548676,-0.0077198627326868063,0.010000000298023226,0.0056250004470348447,1,1000,109400,110400,1,-0.00065937562612816691,-0.00065937562612816691,-0.00065937562612816691,0.023473074500763243,-0.22744724154472351,1,0,0,0,1,1
before,110500000,110300000,110500,110294,110294,-0.14373486999024343,0.12601083228445761,0.010000000298023226,0.0056250004470348447,1,1100,109400,110400,1,-0.004301863814823695,-0.13031269609928131,-0.13031269609928131,-0.10285502809633207,0.040879841893911362,1,0,0,0,1,1
after,110500000,110300000,110500,110294,110294,-0.14373486999024343,0.12601083228445761,0.010000000298023226,0.0056250004470348447,1,1100,109400,110500,1,-0.13031269609928131,-0.13031269609928131,-0.13031269609928131,-0.10285502809633207,0.040879841893911362,1,0,0,0,1,1
before,110600000,110400000,110600,110394,110394,-0.22624675705840094,-0.10965548535942149,0.010000000298023226,0.0056250004470348447,1,1200,109400,110500,1,-0.12873490793763709,-0.019079422578215599,-0.019079422578215599,-0.043593434242505863,0.18265332281589508,1,0,0,0,1,1
after,110600000,110400000,110600,110394,110394,-0.22624675705840094,-0.10965548535942149,0.010000000298023226,0.0056250004470348447,1,1200,110600,110500,1,-0.019079422578215599,-0.019079422578215599,-0.019079422578215599,-0.043593434242505863,0.18265332281589508,1,0,0,0,1,1
before,110700000,110500000,110700,110494,110494,0.20333538735956727,-0.076478166191149763,0.010000000298023226,0.0056250004470348447,1,100,110600,110500,1,-0.016469640342761094,0.060008525848388672,0.060008525848388672,0.068300438772149669,-0.1350349485874176,1,0,0,0,1,1
after,110700000,110500000,110700,110494,110494,0.20333538735956727,-0.076478166191149763,0.010000000298023226,0.0056250004470348447,1,100,110600,110700,1,0.060008525848388672,0.060008525848388672,0.060008525848388672,0.068300438772149669,-0.1350349485874176,1,0,0,0,1,1
before,110800000,110600000,110800,110594,110594,-0.1354511216929902,0.0039438183765065915,0.010000000298023226,0.0056250004470348447,1,200,110600,110700,1,0.057225594983543182,0.053281776607036591,0.053281776607036591,-0.028006827895974067,0.10744429379701614,1,0,0,0,1,1
after,110800000,110600000,110800,110594,110594,-0.1354511216929902,0.0039438183765065915,0.010000000298023226,0.0056250004470348447,1,200,110600,110800,1,0.053281776607036591,0.053281776607036591,0.053281776607036591,-0.028006827895974067,0.10744429379701614,1,0,0,0,1,1
before,110900000,110700000,110900,110694,110694,0.034912189002323249,0.052715405160089497,0.010000000298023226,0.0056250004470348447,1,300,110600,110800,1,0.055607359194656376,0.0028919540345668793,0.0028919540345668793,0.045482967513787845,0.010570778511464596,1,0,0,0,1,1
after,110900000,110700000,110900,110694,110694,0.034912189002323249,0.052715405160089497,0.010000000298023226,0.0056250004470348447,1,300,110600,110900,1,0.0028919540345668793,0.0028919540345668793,0.0028919540345668793,0.045482967513787845,0.010570778511464596,1,0,0,0,1,1
before,111000000,110800000,111000,110794,110794,0.072689748227285911,-0.028642618795689717,0.010000000298023226,0.0056250004470348447,1,400,110600,110900,1,0.0025333857631119356,0.031176004558801651,0.031176004558801651,0.028209655403780506,-0.044480092823505402,1,0,0,0,1,1
after,111000000,110800000,111000,110794,110794,0.072689748227285911,-0.028642618795689717,0.010000000298023226,0.0056250004470348447,1,400,110600,111000,1,0.031176004558801651,0.031176004558801651,0.031176004558801651,0.028209655403780506,-0.044480092823505402,1,0,0,0,1,1
before,111100000,110900000,111100,110894,110894,-0.006381758736283015,0.10219128289960208,0.010000000298023226,0.0056250004470348447,1,500,110600,111000,1,0.029908253343327664,-0.072283029556274414,-0.072283029556274414,-0.0052666446574260103,0.0011151140788570046,1,0,0,0,1,1
after,111100000,110900000,111100,110894,110894,-0.006381758736283015,0.10219128289960208,0.010000000298023226,0.0056250004470348447,1,500,110600,111100,1,-0.072283029556274414,-0.072283029556274414,-0.072283029556274414,-0.0052666446574260103,0.0011151140788570046,1,0,0,0,1,1
before,111200000,111000000,111200,110994,110994,-0.030539747457860263,-0.06504888646572772,0.010000000298023226,0.0056250004470348447,1,600,110600,111100,1,-0.07268848410144392,-0.0076395976357161999,-0.0076395976357161999,-0.0092872941306813075,0.021252453327178955,1,0,0,0,1,1
after,111200000,111000000,111200,110994,110994,-0.030539747457860263,-0.06504888646572772,0.010000000298023226,0.0056250004470348447,1,600,110600,111200,1,-0.0076395976357161999,-0.0076395976357161999,-0.0076395976357161999,-0.0092872941306813075,0.021252453327178955,1,0,0,0,1,1
before,111300000,111100000,111300,111094,111094,0.093331817117921545,-0.042423822316677143,0.010000000298023226,0.0056250004470348447,1,700,110600,111200,1,-0.0076485242278881548,0.034775298088788986,0.034775298088788986,0.0052941474592606511,-0.088037669658660889,1,0,0,0,1,1
after,111300000,111100000,111300,111094,111094,0.093331817117921545,-0.042423822316677143,0.010000000298023226,0.0056250004470348447,1,700,110600,111300,1,0.034775298088788986,0.034775298088788986,0.034775298088788986,0.0052941474592606511,-0.088037669658660889,1,0,0,0,1,1
before,111400000,111200000,111400,111194,111194,-0.34095769716658336,0.11217839660916515,0.010000000298023226,0.0056250004470348447,1,800,110600,111300,1,0.032647494402267413,-0.079530902206897736,-0.079530902206897736,-0.038218166364810312,0.30273953080177307,1,0,0,0,1,1
after,111400000,111200000,111400,111194,111194,-0.34095769716658336,0.11217839660916515,0.010000000298023226,0.0056250004470348447,1,800,110600,111400,1,-0.079530902206897736,-0.079530902206897736,-0.079530902206897736,-0.038218166364810312,0.30273953080177307,1,0,0,0,1,1
before,111500000,111300000,111500,111294,111294,0.074088639012211382,-0.016208492576725533,0.010000000298023226,0.0056250004470348447,1,900,110600,111400,1,-0.075648248552925637,-0.059439755976200104,-0.059439755976200104,0.12531086652600151,0.051222227513790131,1,0,0,0,1,1
after,111500000,111300000,111500,111294,111294,0.074088639012211382,-0.016208492576725533,0.010000000298023226,0.0056250004470348447,1,900,110600,111500,1,-0.059439755976200104,-0.059439755976200104,-0.059439755976200104,0.12531086652600151,0.051222227513790131,1,0,0,0,1,1
before,111600000,111400000,111600,111394,111394,0.04983571073499217,-0.020776585356942476,0.010000000298023226,0.0056250004470348447,1,1000,110600,111500,1,-0.060735040025464357,-0.039958454668521881,-0.039958454668521881,0.08210116899099841,0.032265458256006241,1,0,0,0,1,1
after,111600000,111400000,111600,111394,111394,0.04983571073499217,-0.020776585356942476,0.010000000298023226,0.0056250004470348447,1,1000,110600,111600,1,-0.039958454668521881,-0.039958454668521881,-0.039958454668521881,0.08210116899099841,0.032265458256006241,1,0,0,0,1,1
before,111700000,111500000,111700,111494,111494,-0.018030721123758288,-0.14731296547931566,0.010000000298023226,0.0056250004470348447,1,1100,110600,111600,1,-0.040713351455153375,0.10659961402416229,0.10659961402416229,0.053031337086614637,0.071062058210372925,1,0,0,0,1,1
after,111700000,111500000,111700,111494,111494,-0.018030721123758288,-0.14731296547931566,0.010000000298023226,0.0056250004470348447,1,1100,110600,111700,1,0.10659961402416229,0.10659961402416229,0.10659961402416229,0.053031337086614637,0.071062058210372925,1,0,0,0,1,1
before,111800000,111600000,111800,111594,111594,-0.10388738015087572,0.09147344208369515,0.010000000298023226,0.0056250004470348447,1,1200,110600,111700,1,0.10649217437068484,0.015018732286989689,0.015018732286989689,0.072744517537036271,0.17663189768791199,1,0,0,0,1,1
after,111800000,111600000,111800,111594,111594,-0.10388738015087572,0.09147344208369515,0.010000000298023226,0.0056250004470348447,1,1200,110600,111800,1,0.015018732286989689,0.015018732286989689,0.015018732286989689,0.072744517537036271,0.17663189768791199,1,0,0,0,1,1
before,111900000,111700000,111900,111694,111694,0.19599334720484321,0.012843933653768496,0.010000000298023226,0.0056250004470348447,1,1300,110600,111800,1,0.015856268116023736,0.0030123344622552395,0.0030123344622552395,0.12649340752474372,-0.069499939680099487,1,0,0,0,1,1
after,111900000,111700000,111900,111694,111694,0.19599334720484321,0.012843933653768496,0.010000000298023226,0.0056250004470348447,1,1300,110600,111900,1,0.0030123344622552395,0.0030123344622552395,0.0030123344622552395,0.12649340752474372,-0.069499939680099487,1,0,0,0,1,1
before,112000000,111800000,112000,111794,111794,0.10981661207900233,0.017137804398138869,0.010000000298023226,0.0056250004470348447,1,1400,110600,111900,1,0.00032386682351385229,-0.016813937574625015,-0.016813937574625015,0.028188848271228736,-0.08162776380777359,1,0,0,0,1,1
after,112000000,111800000,112000,111794,111794,0.10981661207900233,0.017137804398138869,0.010000000298023226,0.0056250004470348447,1,1400,110600,112000,1,-0.016813937574625015,-0.016813937574625015,-0.016813937574625015,0.028188848271228736,-0.08162776380777359,1,0,0,0,1,1
before,112100000,111900000,112100,111894,111894,-0.064377073863372034,-0.1272939828324603,0.010000000298023226,0.0056250004470348447,1,1500,110600,112000,1,-0.018860907583265203,0.1084330752491951,0.1084330752491951,-0.028769497493132772,0.035607576370239258,1,0,0,0,1,1
after,112100000,111900000,112100,111894,111894,-0.064377073863372034,-0.1272939828324603,0.010000000298023226,0.0056250004470348447,1,1500,110600,112100,1,0.1084330752491951,0.1084330752491951,0.1084330752491951,-0.028769497493132772,0.035607576370239258,1,0,0,0,1,1
before,112200000,112000000,112200,111994,111994,0.18940568689913587,0.14222319090160832,0.010000000298023226,0.0056250004470348447,1,1600,110600,112100,1,0.10919917040857777,-0.033024020493030548,-0.033024020493030548,0.014449931426952637,-0.17495575547218323,1,0,0,0,1,1
after,112200000,112000000,112200,111994,111994,0.18940568689913587,0.14222319090160832,0.010000000298023226,0.0056250004470348447,1,1600,112200,112100,1,-0.033024020493030548,-0.033024020493030548,-0.033024020493030548,0.014449931426952637,-0.17495575547218323,1,0,0,0,1,1
before,112300000,112100000,112300,112094,112094,-0.2552773401425168,-0.12487087426090702,0.010000000298023226,0.0056250004470348447,1,100,112200,112100,1,-0.035686068510060162,0.089184805750846863,0.089184805750846863,-0.084139515487937605,0.17113782465457916,1,0,0,0,1,1
after,112300000,112100000,112300,112094,112094,-0.2552773401425168,-0.12487087426090702,0.010000000298023226,0.0056250004470348447,1,100,112300,112100,1,0.089184805750846863,0.089184805750846863,0.089184805750846863,-0.084139515487937605,0.17113782465457916,1,0,0,0,1,1
before,112400000,112200000,112400,112194,112194,0.083043488044952776,0.20205214706674351,0.010000000298023226,0.0056250004470348447,1,100,112300,112100,1,0.091901102042348512,-0.11015104502439499,-0.11015104502439499,0.05315482832930031,-0.029888659715652466,1,0,0,0,1,1
after,112400000,112200000,112400,112194,112194,0.083043488044952776,0.20205214706674351,0.010000000298023226,0.0056250004470348447,1,100,112300,112400,1,-0.11015104502439499,-0.11015104502439499,-0.11015104502439499,0.05315482832930031,-0.029888659715652466,1,0,0,0,1,1
before,112500000,112300000,112500,112294,112294,-0.10444856387519073,-0.018518976348887051,0.010000000298023226,0.0056250004470348447,1,200,112300,112400,1,-0.11155617185259875,-0.0930371955037117,-0.0930371955037117,0.0003472794876174953,0.10479584336280823,1,0,0,0,1,1
after,112500000,112300000,112500,112294,112294,-0.10444856387519073,-0.018518976348887051,0.010000000298023226,0.0056250004470348447,1,200,112300,112500,1,-0.0930371955037117,-0.0930371955037117,-0.0930371955037117,0.0003472794876174953,0.10479584336280823,1,0,0,0,1,1
before,112600000,112400000,112600,112394,112394,0.016172144977029644,-0.17723871098771152,0.010000000298023226,0.0056250004470348447,1,300,112300,112500,1,-0.091791727411890595,0.085446983575820923,0.085446983575820923,0.043568322850045048,0.027396177873015404,1,0,0,0,1,1
after,112600000,112400000,112600,112394,112394,0.016172144977029644,-0.17723871098771152,0.010000000298023226,0.0056250004470348447,1,300,112300,112600,1,0.085446983575820923,0.085446983575820923,0.085446983575820923,0.043568322850045048,0.027396177873015404,1,0,0,0,1,1
before,112700000,112500000,112700,112494,112494,-0.032283617996146062,0.11303027337227801,0.010000000298023226,0.0056250004470348447,1,400,112300,112600,1,0.085010537782654563,-0.028019735589623451,-0.028019735589623451,0.043949172950814387,0.076232790946960449,1,0,0,0,1,1
after,112700000,112500000,112700,112494,112494,-0.032283617996146062,0.11303027337227801,0.010000000298023226,0.0056250004470348447,1,400,112300,112700,1,-0.028019735589623451,-0.028019735589623451,-0.028019735589623451,0.043949172950814387,0.076232790946960449,1,0,0,0,1,1
before,112800000,112600000,112800,112594,112594,0.12002442808935969,-0.038389212695501169,0.010000000298023226,0.0056250004470348447,1,500,112300,112700,1,-0.028585080301008543,0.0098041323944926262,0.0098041323944926262,0.057353124340275216,-0.062671303749084473,1,0,0,0,1,1
after,112800000,112600000,112800,112594,112594,0.12002442808935969,-0.038389212695501169,0.010000000298023226,0.0056250004470348447,1,500,112300,112800,1,0.0098041323944926262,0.0098041323944926262,0.0098041323944926262,0.057353124340275216,-0.062671303749084473,1,0,0,0,1,1
before,112900000,112700000,112900,112694,112694,0.058894269268871105,-0.052129655015160564,0.010000000298023226,0.0056250004470348447,1,600,112300,112800,1,0.0081365193608503271,0.060266174376010895,0.060266174376010895,-0.0020572616645090228,-0.060951530933380127,1,0,0,0,1,1
after,112900000,112700000,112900,112694,112694,0.058894269268871105,-0.052129655015160564,0.010000000298023226,0.0056250004470348447,1,600,112300,112900,1,0.060266174376010895,0.060266174376010895,0.060266174376010895,-0.0020572616645090228,-0.060951530933380127,1,0,0,0,1,1
before,113000000,112800000,113000,112794,112794,0.010787774548515601,0.0039339414720251376,0.010000000298023226,0.0056250004470348447,1,700,112300,112900,1,0.058559717137069922,0.054625775665044785,0.054625775665044785,-0.025724093689933496,-0.036511868238449097,1,0,0,0,1,1
after,113000000,112800000,113000,112794,112794,0.010787774548515601,0.0039339414720251376,0.010000000298023226,0.0056250004470348447,1,700,112300,113000,1,0.054625775665044785,0.054625775665044785,0.054625775665044785,-0.025724093689933496,-0.036511868238449097,1,0,0,0,1,1
before,113100000,112900000,113100,112894,112894,0.0718161932499711,0.040754220011347694,0.010000000298023226,0.0056250004470348447,1,800,112300,113000,1,0.054525764221960468,0.013771544210612774,0.013771544210612774,-0.025688519391268063,-0.097504712641239166,1,0,0,0,1,1
after,113100000,112900000,113100,112894,112894,0.0718161932499711,0.040754220011347694,0.010000000298023226,0.0056250004470348447,1,800,112300,113100,1,0.013771544210612774,0.013771544210612774,0.013771544210612774,-0.025688519391268063,-0.097504712641239166,1,0,0,0,1,1
before,113200000,113000000,113200,112994,112994,-0.16853118643369275,-0.042912875436486822,0.010000000298023226,0.0056250004470348447,1,900,112300,113100,1,0.011307610995827095,0.054220486432313919,0.054220486432313919,-0.060508362503906066,0.10802282392978668,1,0,0,0,1,1
after,113200000,113000000,113200,112994,112994,-0.16853118643369275,-0.042912875436486822,0.010000000298023226,0.0056250004470348447,1,900,112300,113200,1,0.054220486432313919,0.054220486432313919,0.054220486432313919,-0.060508362503906066,0.10802282392978668,1,0,0,0,1,1
before,113300000,113100000,113300,113094,113094,0.037859961161646014,0.063672047457063549,0.010000000298023226,0.0056250004470348447,1,1000,112300,113200,1,0.055864041554147356,-0.007808005902916193,-0.007808005902916193,0.029652798319491507,-0.0082071628421545029,1,0,0,0,1,1
after,113300000,113100000,113300,113094,113094,0.037859961161646014,0.063672047457063549,0.010000000298023226,0.0056250004470348447,1,1000,112300,113300,1,-0.007808005902916193,-0.007808005902916193,-0.007808005902916193,0.029652798319491507,-0.0082071628421545029,1,0,0,0,1,1
before,113400000,113200000,113400,113194,113194,-0.065335269993821318,-0.039392943402715687,0.010000000298023226,0.0056250004470348447,1,1100,112300,113300,1,-0.0084970322455844936,0.030895911157131195,0.030895911157131195,0.0098261125621402941,0.075161382555961609,1,0,0,0,1,1
after,113400000,113200000,113400,113194,113194,-0.065335269993821318,-0.039392943402715687,0.010000000298023226,0.0056250004470348447,1,1100,112300,113400,1,0.030895911157131195,0.030895911157131195,0.030895911157131195,0.0098261125621402941,0.075161382555961609,1,0,0,0,1,1
before,113500000,113300000,113500,113294,113294,0.10617404235607555,-0.033510105047021024,0.010000000298023226,0.0056250004470348447,1,1200,112300,113400,1,0.03201802697440613,0.065528132021427155,0.065528132021427155,0.04580401806241443,-0.060370024293661118,1,0,0,0,1,1
after,113500000,113300000,113500,113294,113294,0.10617404235607555,-0.033510105047021024,0.010000000298023226,0.0056250004470348447,1,1200,112300,113500,1,0.065528132021427155,0.065528132021427155,0.065528132021427155,0.04580401806241443,-0.060370024293661118,1,0,0,0,1,1
before,113600000,113400000,113600,113394,113394,0.005916821296388655,-0.095103879800969696,0.010000000298023226,0.0056250004470348447,1,1300,112300,113500,1,0.063724035986727143,0.15882791578769684,0.15882791578769684,-0.0010781954125814147,-0.0069950167089700699,1,0,0,0,1,1
after,113600000,113400000,113600,113394,113394,0.005916821296388655,-0.095103879800969696,0.010000000298023226,0.0056250004470348447,1,1300,112300,113600,1,0.15882791578769684,0.15882791578769684,0.15882791578769684,-0.0010781954125814147,-0.0069950167089700699,1,0,0,0,1,1
before,113700000,113500000,113700,113494,113494,-0.11463904673648298,0.22359533126667644,0.010000000298023226,0.0056250004470348447,1,1400,112300,113600,1,0.15794748331621791,-0.065647847950458527,-0.065647847950458527,0.011790436558004021,0.126429483294487,1,0,0,0,1,1
after,113700000,113500000,113700,113494,113494,-0.11463904673648298,0.22359533126667644,0.010000000298023226,0.0056250004470348447,1,1400,112300,113700,1,-0.065647847950458527,-0.065647847950458527,-0.065647847950458527,0.011790436558004021,0.126429483294487,1,0,0,0,1,1
before,113800000,113600000,113800,113594,113594,0.14974745286332297,-0.13695619740523313,0.010000000298023226,0.0056250004470348447,1,1500,112300,113700,1,-0.064469506228341814,0.072486691176891327,0.072486691176891327,0.062859884627925647,-0.086887568235397339,1,0,0,0,1,1
after,113800000,113600000,113800,113594,113594,0.14974745286332297,-0.13695619740523313,0.010000000298023226,0.0056250004470348447,1,1500,112300,113800,1,0.072486691176891327,0.072486691176891327,0.072486691176891327,0.062859884627925647,-0.086887568235397339,1,0,0,0,1,1
before,113900000,113700000,113900,113694,113694,0.028969279140327195,0.11430505648001199,0.010000000298023226,0.0056250004470348447,1,1600,112300,113800,1,0.070595010963521054,-0.043710045516490936,-0.043710045516490936,-0.0052186785041353897,-0.034187957644462585,1,0,0,0,1,1
after,113900000,113700000,113900,113694,113694,0.028969279140327195,0.11430505648001199,0.010000000298023226,0.0056250004470348447,1,1600,112300,113900,1,-0.043710045516490936,-0.043710045516490936,-0.043710045516490936,-0.0052186785041353897,-0.034187957644462585,1,0,0,0,1,1
before,114000000,113800000,114000,113794,113794,0.068678299218959765,0.088937167467719583,0.010000000298023226,0.0056250004470348447,1,1700,112300,113900,1,-0.044692571816795798,-0.13362973928451538,-0.13362973928451538,-0.024204967289619496,-0.092883266508579254,1,0,0,0,1,1
after,114000000,113800000,114000,113794,113794,0.068678299218959765,0.088937167467719583,0.010000000298023226,0.0056250004470348447,1,1700,112300,114000,1,-0.13362973928451538,-0.13362973928451538,-0.13362973928451538,-0.024204967289619496,-0.092883266508579254,1,0,0,0,1,1
before,114100000,113900000,114100,113894,113894,-0.2789346688039831,-0.12770427931081402,0.010000000298023226,0.0056250004470348447,1,1800,112300,114000,1,-0.1354324219746505,-0.0077281426638364792,-0.0077281426638364792,-0.072153549695782998,0.20678111910820007,1,0,0,0,1,1
after,114100000,113900000,114100,113894,113894,-0.2789346688039831,-0.12770427931081402,0.010000000298023226,0.0056250004470348447,1,1800,114100,114000,1,-0.0077281426638364792,-0.0077281426638364792,-0.0077281426638364792,-0.072153549695782998,0.20678111910820007,1,0,0,0,1,1
before,114200000,114000000,114200,113994,113994,0.085257903295507864,0.13450410701939772,0.010000000298023226,0.0056250004470348447,1,100,114100,114000,1,-0.0038467969684868142,-0.13835090398788452,-0.13835090398788452,0.067400808068862395,-0.01785709522664547,1,0,0,0,1,1
after,114200000,114000000,114200,113994,113994,0.085257903295507864,0.13450410701939772,0.010000000298023226,0.0056250004470348447,1,100,114100,114200,1,-0.13835090398788452,-0.13835090398788452,-0.13835090398788452,0.067400808068862395,-0.01785709522664547,1,0,0,0,1,1
before,114300000,114100000,114300,114094,114094,-0.11145214331779969,-0.10697660833517261,0.010000000298023226,0.0056250004470348447,1,200,114100,114200,1,-0.14019764453092762,-0.033221036195755005,-0.033221036195755005,0.010633956962485185,0.12208610028028488,1,0,0,0,1,1
after,114300000,114100000,114300,114094,114094,-0.11145214331779969,-0.10697660833517261,0.010000000298023226,0.0056250004470348447,1,200,114300,114200,1,-0.033221036195755005,-0.033221036195755005,-0.033221036195755005,0.010633956962485185,0.12208610028028488,1,0,0,0,1,1
before,114400000,114200000,114400,114194,114194,-0.094100205187091154,-0.13359156895935959,0.010000000298023226,0.0056250004470348447,1,100,114300,114200,1,-0.032989888382558293,0.1006016805768013,0.1006016805768013,0.063322188373318392,0.15742239356040955,1,0,0,0,1,1
after,114400000,114200000,114400,114194,114194,-0.094100205187091154,-0.13359156895935959,0.010000000298023226,0.0056250004470348447,1,100,114300,114400,1,0.1006016805768013,0.1006016805768013,0.1006016805768013,0.063322188373318392,0.15742239356040955,1,0,0,0,1,1
before,114500000,114300000,114500,114294,114294,0.3056617879395962,0.076317003253350349,0.010000000298023226,0.0056250004470348447,1,200,114300,114400,1,0.10112763594413766,0.024810632690787315,0.024810632690787315,0.12067547972254755,-0.18498630821704865,1,0,0,0,1,1
after,114500000,114300000,114500,114294,114294,0.3056617879395962,0.076317003253350349,0.010000000298023226,0.0056250004470348447,1,200,114500,114400,1,0.024810632690787315,0.024810632690787315,0.024810632690787315,0.12067547972254755,-0.18498630821704865,1,0,0,0,1,1
before,114600000,114400000,114600,114394,114394,-0.14038671468293101,0.07417140998566138,0.010000000298023226,0.0056250004470348447,1,100,114500,114400,1,0.019869701048970099,-0.054301708936691284,-0.054301708936691284,-0.030647291884774282,0.10973942279815674,1,0,0,0,1,1
after,114600000,114400000,114600,114394,114394,-0.14038671468293101,0.07417140998566138,0.010000000298023226,0.0056250004470348447,1,100,114500,114600,1,-0.054301708936691284,-0.054301708936691284,-0.054301708936691284,-0.030647291884774282,0.10973942279815674,1,0,0,0,1,1
before,114700000,114500000,114700,114494,114494,0.087359569315174135,-0.11829367174579805,0.010000000298023226,0.0056250004470348447,1,200,114500,114600,1,-0.053386813838025987,0.064906857907772064,0.064906857907772064,0.034503615740993532,-0.052855953574180603,1,0,0,0,1,1
after,114700000,114500000,114700,114494,114494,0.087359569315174135,-0.11829367174579805,0.010000000298023226,0.0056250004470348447,1,200,114500,114700,1,0.064906857907772064,0.064906857907772064,0.064906857907772064,0.034503615740993532,-0.052855953574180603,1,0,0,0,1,1
before,114800000,114600000,114800,114594,114594,-0.0043197622618116015,0.00061175182438036324,0.010000000298023226,0.0056250004470348447,1,300,114500,114700,1,0.063154153078557457,0.062542401254177094,0.062542401254177094,-0.002988338736113118,0.001331423525698483,1,0,0,0,1,1
after,114800000,114600000,114800,114594,114594,-0.0043197622618116015,0.00061175182438036324,0.010000000298023226,0.0056250004470348447,1,300,114500,114800,1,0.062542401254177094,0.062542401254177094,0.062542401254177094,-0.002988338736113118,0.001331423525698483,1,0,0,0,1,1
before,114900000,114700000,114900,114694,114694,0.010447516210104514,0.046361661768384695,0.010000000298023226,0.0056250004470348447,1,400,114500,114800,1,0.062075958839483976,0.015714297071099281,0.015714297071099281,0.0054035928209379214,-0.0050439233891665936,1,0,0,0,1,1
after,114900000,114700000,114900,114694,114694,0.010447516210104514,0.046361661768384695,0.010000000298023226,0.0056250004470348447,1,400,114500,114900,1,0.015714297071099281,0.015714297071099281,0.015714297071099281,0.0054035928209379214,-0.0050439233891665936,1,0,0,0,1,1
before,115000000,114800000,115000,114794,114794,-0.16150096120020127,0.036062193721484531,0.010000000298023226,0.0056250004470348447,1,500,114500,114900,1,0.014428548201870315,-0.02163364551961422,-0.02163364551961422,0.0016655319772126787,0.16316649317741394,1,0,0,0,1,1
after,115000000,114800000,115000,114794,114794,-0.16150096120020127,0.036062193721484531,0.010000000298023226,0.0056250004470348447,1,500,114500,115000,1,-0.02163364551961422,-0.02163364551961422,-0.02163364551961422,0.0016655319772126787,0.16316649317741394,1,0,0,0,1,1
before,115100000,114900000,115100,114894,114894,0.04714347140026727,-0.13970190539014965,0.010000000298023226,0.0056250004470348447,1,600,114500,115000,1,-0.019164311429387623,0.12053759396076202,0.12053759396076202,0.080757171819931653,0.033613700419664383,1,0,0,0,1,1
after,115100000,114900000,115100,114894,114894,0.04714347140026727,-0.13970190539014965,0.010000000298023226,0.0056250004470348447,1,600,114500,115100,1,0.12053759396076202,0.12053759396076202,0.12053759396076202,0.080757171819931653,0.033613700419664383,1,0,0,0,1,1
before,115200000,115000000,115200,114994,114994,-0.029281498893468677,0.24599706630356252,0.010000000298023226,0.0056250004470348447,1,700,114500,115100,1,0.11940338711388052,-0.12659367918968201,-0.12659367918968201,0.069066202238828839,0.098347701132297516,1,0,0,0,1,1
after,115200000,115000000,115200,114994,114994,-0.029281498893468677,0.24599706630356252,0.010000000298023226,0.0056250004470348447,1,700,114500,115200,1,-0.12659367918968201,-0.12659367918968201,-0.12659367918968201,0.069066202238828839,0.098347701132297516,1,0,0,0,1,1
before,115300000,115100000,115300,115094,115094,0.0087830517602785763,-0.20733998177050564,0.010000000298023226,0.0056250004470348447,1,800,114500,115200,1,-0.12658122388123486,0.080758757889270782,0.080758757889270782,0.071123452873311871,0.062340401113033295,1,0,0,0,1,1
after,115300000,115100000,115300,115094,115094,0.0087830517602785763,-0.20733998177050564,0.010000000298023226,0.0056250004470348447,1,800,114500,115300,1,0.080758757889270782,0.080758757889270782,0.080758757889270782,0.071123452873311871,0.062340401113033295,1,0,0,0,1,1
before,115400000,115200000,115400,115194,115194,0.13724175709287714,0.14620934573978608,0.010000000298023226,0.0056250004470348447,1,900,114500,115300,1,0.080012509208623822,-0.066196836531162262,-0.066196836531162262,0.074743619738026373,-0.062498137354850769,1,0,0,0,1,1
after,115400000,115200000,115400,115194,115194,0.13724175709287714,0.14620934573978608,0.010000000298023226,0.0056250004470348447,1,900,115400,115300,1,-0.066196836531162262,-0.066196836531162262,-0.066196836531162262,0.074743619738026373,-0.062498137354850769,1,0,0,0,1,1
before,115500000,115300000,115500,115294,115294,-0.061953006327599064,-0.019023009401305219,0.010000000298023226,0.0056250004470348447,1,100,115400,115300,1,-0.068448335689051648,-0.049425326287746429,-0.049425326287746429,-0.00093356707736827341,0.061019439250230789,1,0,0,0,1,1
after,115500000,115300000,115500,115294,115294,-0.061953006327599064,-0.019023009401305219,0.010000000298023226,0.0056250004470348447,1,100,115400,115500,1,-0.049425326287746429,-0.049425326287746429,-0.049425326287746429,-0.00093356707736827341,0.061019439250230789,1,0,0,0,1,1
before,115600000,115400000,115600,115394,115394,-0.0051704134228621121,0.013590608228697502,0.010000000298023226,0.0056250004470348447,1,200,115400,115500,1,-0.04880874932859925,-0.062399357557296753,-0.062399357557296753,0.025292524006685198,0.03046293742954731,1,0,0,0,1,1
after,115600000,115400000,115600,115394,115394,-0.0051704134228621121,0.013590608228697502,0.010000000298023226,0.0056250004470348447,1,200,115400,115600,1,-0.062399357557296753,-0.062399357557296753,-0.062399357557296753,0.025292524006685198,0.03046293742954731,1,0,0,0,1,1
before,115700000,115500000,115700,115494,115494,0.12493553095575712,-0.049942459763537755,0.010000000298023226,0.0056250004470348447,1,300,115400,115600,1,-0.063061291204344144,-0.013118831440806389,-0.013118831440806389,0.021627322668994878,-0.10330820828676224,1,0,0,0,1,1
after,115700000,115500000,115700,115494,115494,0.12493553095575712,-0.049942459763537755,0.010000000298023226,0.0056250004470348447,1,300,115400,115700,1,-0.013118831440806389,-0.013118831440806389,-0.013118831440806389,0.021627322668994878,-0.10330820828676224,1,0,0,0,1,1
before,115800000,115600000,115800,115594,115594,-0.058940824612628749,0.044761394441075346,0.010000000298023226,0.0056250004470348447,1,400,115400,115700,1,-0.015367692977242447,-0.060129087418317795,-0.060129087418317795,-0.042564198866140178,0.016376625746488571,1,0,0,0,1,1
after,115800000,115600000,115800,115594,115594,-0.058940824612628749,0.044761394441075346,0.010000000298023226,0.0056250004470348447,1,400,115400,115800,1,-0.060129087418317795,-0.060129087418317795,-0.060129087418317795,-0.042564198866140178,0.016376625746488571,1,0,0,0,1,1
before,115900000,115700000,115900,115694,115694,0.0494142522768381,0.019395010338966859,0.010000000298023226,0.0056250004470348447,1,500,115400,115800,1,-0.059958873523528564,-0.079353883862495422,-0.079353883862495422,-0.018964889113485536,-0.068379141390323639,1,0,0,0,1,1
after,115900000,115700000,115900,115694,115694,0.0494142522768381,0.019395010338966859,0.010000000298023226,0.0056250004470348447,1,500,115400,115900,1,-0.079353883862495422,-0.079353883862495422,-0.079353883862495422,-0.018964889113485536,-0.068379141390323639,1,0,0,0,1,1
before,116000000,115800000,116000,115794,115794,-0.035446996991195016,-0.047954519938667242,0.010000000298023226,0.0056250004470348447,1,600,115400,115900,1,-0.080773198705156271,-0.032818678766489029,-0.032818678766489029,-0.05178580917850905,-0.016338812187314034,1,0,0,0,1,1
after,116000000,115800000,116000,115794,115794,-0.035446996991195016,-0.047954519938667242,0.010000000298023226,0.0056250004470348447,1,600,115400,116000,1,-0.032818678766489029,-0.032818678766489029,-0.032818678766489029,-0.05178580917850905,-0.016338812187314034,1,0,0,0,1,1
before,116100000,115900000,116100,115894,115894,-0.14195938723853044,-0.010551751395506667,0.010000000298023226,0.0056250004470348447,1,700,115400,116000,1,-0.032451226180238532,-0.021899474784731865,-0.021899474784731865,-0.037239323730973529,0.10472006350755692,1,0,0,0,1,1
after,116100000,115900000,116100,115894,115894,-0.14195938723853044,-0.010551751395506667,0.010000000298023226,0.0056250004470348447,1,700,115400,116100,1,-0.021899474784731865,-0.021899474784731865,-0.021899474784731865,-0.037239323730973529,0.10472006350755692,1,0,0,0,1,1
before,116200000,116000000,116200,115994,115994,0.083840020666821419,0.079856879193938149,0.010000000298023226,0.0056250004470348447,1,800,115400,116100,1,-0.019936577300870048,-0.099793456494808197,-0.099793456494808197,0.031973317931397384,-0.051866702735424042,1,0,0,0,1,1
after,116200000,116000000,116200,115994,115994,0.083840020666821419,0.079856879193938149,0.010000000298023226,0.0056250004470348447,1,800,115400,116200,1,-0.099793456494808197,-0.099793456494808197,-0.099793456494808197,0.031973317931397384,-0.051866702735424042,1,0,0,0,1,1
before,116300000,116100000,116300,116094,116094,-0.019440928533060509,-0.099572765253340578,0.010000000298023226,0.0056250004470348447,1,900,115400,116200,1,-0.10143318139840451,-0.0018604161450639367,-0.0018604161450639367,-0.02020635450104441,-0.0007654259679839015,1,0,0,0,1,1
after,116300000,116100000,116300,116094,116094,-0.019440928533060509,-0.099572765253340578,0.010000000298023226,0.0056250004470348447,1,900,115400,116300,1,-0.0018604161450639367,-0.0018604161450639367,-0.0018604161450639367,-0.02020635450104441,-0.0007654259679839015,1,0,0,0,1,1
before,116400000,116200000,116400,116194,116194,-0.12238381976438195,-0.062991527948222548,0.010000000298023226,0.0056250004470348447,1,1000,115400,116300,1,-0.002130298051677134,0.06086122989654541,0.06086122989654541,-0.010628985112434935,0.11175483465194702,1,0,0,0,1,1
after,116400000,116200000,116400,116194,116194,-0.12238381976438195,-0.062991527948222548,0.010000000298023226,0.0056250004470348447,1,1000,115400,116400,1,0.06086122989654541,0.06086122989654541,0.06086122989654541,-0.010628985112434935,0.11175483465194702,1,0,0,0,1,1
before,116500000,116300000,116500,116294,116294,-0.13400156960541021,0.14668576260012051,0.010000000298023226,0.0056250004470348447,1,1100,115400,116400,1,0.062114103035148596,-0.084571659564971924,-0.084571659564971924,0.057002438449323067,0.19100400805473328,1,0,0,0,1,1
after,116500000,116300000,116500,116294,116294,-0.13400156960541021,0.14668576260012051,0.010000000298023226,0.0056250004470348447,1,1100,115400,116500,1,-0.084571659564971924,-0.084571659564971924,-0.084571659564971924,0.057002438449323067,0.19100400805473328,1,0,0,0,1,1
before,116600000,116400000,116600,116394,116394,0.038941289981920105,-0.068241208177115181,0.010000000298023226,0.0056250004470348447,1,1200,115400,116500,1,-0.082621730249430397,-0.014380522072315216,-0.014380522072315216,0.1159453948345965,0.077004104852676392,1,0,0,0,1,1
after,116600000,116400000,116600,116394,116394,0.038941289981920105,-0.068241208177115181,0.010000000298023226,0.0056250004470348447,1,1200,115400,116600,1,-0.014380522072315216,-0.014380522072315216,-0.014380522072315216,0.1159453948345965,0.077004104852676392,1,0,0,0,1,1
before,116700000,116500000,116700,116494,116494,0.11330642982722723,-0.064684929170756772,0.010000000298023226,0.0056250004470348447,1,1300,115400,116600,1,-0.015354366817622617,0.049330562353134155,0.049330562353134155,0.094895234921588537,-0.018411194905638695,1,0,0,0,1,1
after,116700000,116500000,116700,116494,116494,0.11330642982722723,-0.064684929170756772,0.010000000298023226,0.0056250004470348447,1,1300,115400,116700,1,0.049330562353134155,0.049330562353134155,0.049330562353134155,0.094895234921588537,-0.018411194905638695,1,0,0,0,1,1
before,116800000,116600000,116800,116594,116594,-0.02636218267501575,0.070259541731463315,0.010000000298023226,0.0056250004470348447,1,1400,115400,116700,1,0.04767015994726264,-0.022589381784200668,-0.022589381784200668,0.042813299121248899,0.069175481796264648,1,0,0,0,1,1
after,116800000,116600000,116800,116594,116594,-0.02636218267501575,0.070259541731463315,0.010000000298023226,0.0056250004470348447,1,1400,115400,116800,1,-0.022589381784200668,-0.022589381784200668,-0.022589381784200668,0.042813299121248899,0.069175481796264648,1,0,0,0,1,1
before,116900000,116700000,116900,116694,116694,0.084906108446621303,-0.12973680499361892,0.010000000298023226,0.0056250004470348447,1,1500,115400,116800,1,-0.022408159108628235,0.10732864588499069,0.10732864588499069,0.053802083946966534,-0.03110402449965477,1,0,0,0,1,1
after,116900000,116700000,116900,116694,116694,0.084906108446621303,-0.12973680499361892,0.010000000298023226,0.0056250004470348447,1,1500,115400,116900,1,0.10732864588499069,0.10732864588499069,0.10732864588499069,0.053802083946966534,-0.03110402449965477,1,0,0,0,1,1
before,117000000,116800000,117000,116794,116794,0.025570371938091179,0.0072483131182870114,0.010000000298023226,0.0056250004470348447,1,1600,115400,116900,1,0.10567533313161938,0.098427020013332367,0.098427020013332367,0.021814938686009904,-0.003755433252081275,1,0,0,0,1,1
after,117000000,116800000,117000,116794,116794,0.025570371938091179,0.0072483131182870114,0.010000000298023226,0.0056250004470348447,1,1600,115400,117000,1,0.098427020013332367,0.098427020013332367,0.098427020013332367,0.021814938686009904,-0.003755433252081275,1,0,0,0,1,1
before,117100000,116900000,117100,116894,116894,0.066163967440921317,0.12338460945013847,0.010000000298023226,0.0056250004470348447,1,1700,115400,117000,1,0.098153600100911523,-0.025231009349226952,-0.025231009349226952,0.018782126794654387,-0.047381840646266937,1,0,0,0,1,1
after,117100000,116900000,117100,116894,116894,0.066163967440921317,0.12338460945013847,0.010000000298023226,0.0056250004470348447,1,1700,115400,117100,1,-0.025231009349226952,-0.025231009349226952,-0.025231009349226952,0.018782126794654387,-0.047381840646266937,1,0,0,0,1,1
before,117200000,117000000,117200,116994,116994,0.05663486114392989,-0.1327926309267124,0.010000000298023226,0.0056250004470348447,1,1800,115400,117100,1,-0.026820869878872267,0.10597176104784012,0.10597176104784012,-0.017057259467737746,-0.073692120611667633,1,0,0,0,1,1
after,117200000,117000000,117200,116994,116994,0.05663486114392989,-0.1327926309267124,0.010000000298023226,0.0056250004470348447,1,1800,115400,117200,1,0.10597176104784012,0.10597176104784012,0.10597176104784012,-0.017057259467737746,-0.073692120611667633,1,0,0,0,1,1
before,117300000,117100000,117300,117094,117094,-0.077904889470889943,0.057362163385152723,0.010000000298023226,0.0056250004470348447,1,1900,115400,117200,1,0.10466005088925352,0.0472978875041008,0.0472978875041008,-0.035003358609035383,0.042901530861854553,1,0,0,0,1,1
after,117300000,117100000,117300,117094,117094,-0.077904889470889943,0.057362163385152723,0.010000000298023226,0.0056250004470348447,1,1900,115400,117300,1,0.0472978875041008,0.0472978875041008,0.0472978875041008,-0.035003358609035383,0.042901530861854553,1,0,0,0,1,1
before,117400000,117200000,117400,117194,117194,-0.0031063683474045912,0.12517923096132327,0.010000000298023226,0.0056250004470348447,1,2000,115400,117300,1,0.048026993665218828,-0.077152237296104431,-0.077152237296104431,0.0088816726437228998,0.011988040991127491,1,0,0,0,1,1
after,117400000,117200000,117400,117194,117194,-0.0031063683474045912,0.12517923096132327,0.010000000298023226,0.0056250004470348447,1,2000,115400,117400,1,-0.077152237296104431,-0.077152237296104431,-0.077152237296104431,0.0088816726437228998,0.011988040991127491,1,0,0,0,1,1
before,117500000,117300000,117500,117294,117294,0.039077131807039138,-0.11996881198319971,0.010000000298023226,0.0056250004470348447,1,2100,115400,117400,1,-0.07786618080172121,0.0421026311814785,0.0421026311814785,0.0026883471600512229,-0.036388784646987915,1,0,0,0,1,1
after,117500000,117300000,117500,117294,117294,0.039077131807039138,-0.11996881198319971,0.010000000298023226,0.0056250004470348447,1,2100,115400,117500,1,0.0421026311814785,0.0421026311814785,0.0421026311814785,0.0026883471600512229,-0.036388784646987915,1,0,0,0,1,1
before,117600000,117400000,117600,117394,117394,0.0076134134286539017,0.12724681239106927,0.010000000298023226,0.0056250004470348447,1,2200,115400,117500,1,0.041241839933183533,-0.086004972457885742,-0.086004972457885742,-0.012779371420155341,-0.020392784848809242,1,0,0,0,1,1
after,117600000,117400000,117600,117394,117394,0.0076134134286539017,0.12724681239106927,0.010000000298023226,0.0056250004470348447,1,2200,115400,117600,1,-0.086004972457885742,-0.086004972457885742,-0.086004972457885742,-0.012779371420155341,-0.020392784848809242,1,0,0,0,1,1
before,117700000,117500000,117700,117494,117494,0.026267688248241137,-0.065554431228072585,0.010000000298023226,0.0056250004470348447,1,2300,115400,117600,1,-0.085582025868923606,-0.020027594640851021,-0.020027594640851021,-0.025170337881958296,-0.051438026130199432,1,0,0,0,1,1
after,117700000,117500000,117700,117494,117494,0.026267688248241137,-0.065554431228072585,0.010000000298023226,0.0056250004470348447,1,2300,115400,117700,1,-0.020027594640851021,-0.020027594640851021,-0.020027594640851021,-0.025170337881958296,-0.051438026130199432,1,0,0,0,1,1
before,117800000,117600000,117800,117594,117594,0.03952347088630509,-0.01991177870888795,0.010000000298023226,0.0056250004470348447,1,2400,115400,117700,1,-0.020637078469121561,-0.00072529976023361087,-0.00072529976023361087,-0.04041596900646377,-0.07993943989276886,1,0,0,0,1,1
after,117800000,117600000,117800,117594,117594,0.03952347088630509,-0.01991177870888795,0.010000000298023226,0.0056250004470348447,1,2400,115400,117800,1,-0.00072529976023361087,-0.00072529976023361087,-0.00072529976023361087,-0.04041596900646377,-0.07993943989276886,1,0,0,0,1,1
before,117900000,117700000,117900,117694,117694,-0.10413540171284304,-0.010519592753562094,0.010000000298023226,0.0056250004470348447,1,2500,115400,117800,1,-0.0013334636678425094,0.0091861290857195854,0.0091861290857195854,-0.060378801243492222,0.043756600469350815,1,0,0,0,1,1
after,117900000,117700000,117900,117694,117694,-0.10413540171284304,-0.010519592753562094,0.010000000298023226,0.0056250004470348447,1,2500,115400,117900,1,0.0091861290857195854,0.0091861290857195854,0.0091861290857195854,-0.060378801243492222,0.043756600469350815,1,0,0,0,1,1
before,118000000,117800000,118000,117794,117794,-0.18224479228568743,0.14351279552638946,0.010000000298023226,0.0056250004470348447,1,2600,115400,117900,1,0.010238046604995115,-0.13327474892139435,-0.13327474892139435,-0.007072925272709832,0.1751718670129776,1,0,0,0,1,1
after,118000000,117800000,118000,117794,117794,-0.18224479228568743,0.14351279552638946,0.010000000298023226,0.0056250004470348447,1,2600,115400,118000,1,-0.13327474892139435,-0.13327474892139435,-0.13327474892139435,-0.007072925272709832,0.1751718670129776,1,0,0,0,1,1
before,118100000,117900000,118100,117894,117894,0.015332707544648647,0.052631512208929004,0.010000000298023226,0.0056250004470348447,1,2700,115400,118000,1,-0.13077044494534498,-0.18340195715427399,-0.18340195715427399,0.0712715400064826,0.055938832461833954,1,0,0,0,1,1
after,118100000,117900000,118100,117894,117894,0.015332707544648647,0.052631512208929004,0.010000000298023226,0.0056250004470348447,1,2700,115400,118100,1,-0.18340195715427399,-0.18340195715427399,-0.18340195715427399,0.0712715400064826,0.055938832461833954,1,0,0,0,1,1
before,118200000,118000000,118200,117994,117994,0.065542766718804352,-0.15578601732448494,0.010000000298023226,0.0056250004470348447,1,2800,115400,118100,1,-0.18348376117245113,-0.027697743847966194,-0.027697743847966194,0.045241130410372719,-0.020301636308431625,1,0,0,0,1,1
after,118200000,118000000,118200,117994,117994,0.065542766718804352,-0.15578601732448494,0.010000000298023226,0.0056250004470348447,1,2800,115400,118200,1,-0.027697743847966194,-0.027697743847966194,-0.027697743847966194,0.045241130410372719,-0.020301636308431625,1,0,0,0,1,1
before,118300000,118100000,118300,118094,118094,0.038695286511349493,-0.021031539554561812,0.010000000298023226,0.0056250004470348447,1,2900,115400,118200,1,-0.029571597131754595,-0.0085400575771927834,-0.0085400575771927834,0.0094509641815898968,-0.029244322329759598,1,0,0,0,1,1
after,118300000,118100000,118300,118094,118094,0.038695286511349493,-0.021031539554561812,0.010000000298023226,0.0056250004470348447,1,2900,115400,118300,1,-0.0085400575771927834,-0.0085400575771927834,-0.0085400575771927834,0.0094509641815898968,-0.029244322329759598,1,0,0,0,1,1
before,118400000,118200000,118400,118194,118194,0.15276856229942187,-0.07220403638197094,0.010000000298023226,0.0056250004470348447,1,3000,115400,118300,1,-0.0097999253542533447,0.06240411102771759,0.06240411102771759,-0.010900979178735176,-0.16366954147815704,1,0,0,0,1,1
after,118400000,118200000,118400,118194,118194,0.15276856229942187,-0.07220403638197094,0.010000000298023226,0.0056250004470348447,1,3000,115400,118400,1,0.06240411102771759,0.06240411102771759,0.06240411102771759,-0.010900979178735176,-0.16366954147815704,1,0,0,0,1,1
before,118500000,118300000,118500,118294,118294,-0.1110221082829087,0.11228932890904103,0.010000000298023226,0.0056250004470348447,1,3100,115400,118400,1,0.06037871245157872,-0.051910616457462311,-0.051910616457462311,-0.081529342617854383,0.029492765665054321,1,0,0,0,1,1
after,118500000,118300000,118500,118294,118294,-0.1110221082829087,0.11228932890904103,0.010000000298023226,0.0056250004470348447,1,3100,115400,118500,1,-0.051910616457462311,-0.051910616457462311,-0.051910616457462311,-0.081529342617854383,0.029492765665054321,1,0,0,0,1,1
before,118600000,118400000,118600,118394,118394,0.0062204646335610285,-0.073386248404348375,0.010000000298023226,0.0056250004470348447,1,3200,115400,118500,1,-0.050933625752294535,0.022452622652053833,0.022452622652053833,-0.030910345686816321,-0.03713081032037735,1,0,0,0,1,1
after,118600000,118400000,118600,118394,118394,0.0062204646335610285,-0.073386248404348375,0.010000000298023226,0.0056250004470348447,1,3200,115400,118600,1,0.022452622652053833,0.022452622652053833,0.022452622652053833,-0.030910345686816321,-0.03713081032037735,1,0,0,0,1,1
before,118700000,118500000,118700,118494,118494,-0.18186304788711719,-0.087423560534338279,0.010000000298023226,0.0056250004470348447,1,3300,115400,118600,1,0.021780314530511567,0.10920387506484985,0.10920387506484985,-0.031827115227014348,0.15003593266010284,1,0,0,0,1,1
after,118700000,118500000,118700,118494,118494,-0.18186304788711719,-0.087423560534338279,0.010000000298023226,0.0056250004470348447,1,3300,118700,118600,1,0.10920387506484985,0.10920387506484985,0.10920387506484985,-0.031827115227014348,0.15003593266010284,1,0,0,0,1,1
before,118800000,118600000,118800,118594,118594,0.29773455953282202,0.22109827851024921,0.010000000298023226,0.0056250004470348447,1,100,118700,118600,1,0.11105824713674839,-0.11004003137350082,-0.11004003137350082,0.070540935751617767,-0.22719362378120422,1,0,0,0,1,1
after,118800000,118600000,118800,118594,118594,0.29773455953282202,0.22109827851024921,0.010000000298023226,0.0056250004470348447,1,100,118800,118600,1,-0.11004003137350082,-0.11004003137350082,-0.11004003137350082,0.070540935751617767,-0.22719362378120422,1,0,0,0,1,1
before,118900000,118700000,118900,118694,118694,0.043666012514386232,-0.13721948055619998,0.010000000298023226,0.0056250004470348447,1,100,118800,118600,1,-0.11412837108666701,0.023091109469532967,0.023091109469532967,-0.090235062014307921,-0.13390107452869415,1,0,0,0,1,1
after,118900000,118700000,118900,118694,118694,0.043666012514386232,-0.13721948055619998,0.010000000298023226,0.0056250004470348447,1,100,118800,118900,1,0.023091109469532967,0.023091109469532967,0.023091109469532967,-0.090235062014307921,-0.13390107452869415,1,0,0,0,1,1
before,119000000,118800000,119000,118794,118794,-0.1464030458562115,0.087394965918577122,0.010000000298023226,0.0056250004470348447,1,200,118800,118900,1,0.022442316742456357,-0.064952649176120758,-0.064952649176120758,-0.10989267890975268,0.036510366946458817,1,0,0,0,1,1
after,119000000,118800000,119000,118794,118794,-0.1464030458562115,0.087394965918577122,0.010000000298023226,0.0056250004470348447,1,200,118800,119000,1,-0.064952649176120758,-0.064952649176120758,-0.064952649176120758,-0.10989267890975268,0.036510366946458817,1,0,0,0,1,1
before,119100000,118900000,119100,118894,118894,-0.034709048042575914,-0.037285791725089376,0.010000000298023226,0.0056250004470348447,1,300,118800,119000,1,-0.063511077329685514,-0.026225285604596138,-0.026225285604596138,-0.042759491647164423,-0.0080504436045885086,1,0,0,0,1,1
after,119100000,118900000,119100,118894,118894,-0.034709048042575914,-0.037285791725089376,0.010000000298023226,0.0056250004470348447,1,300,118800,119100,1,-0.026225285604596138,-0.026225285604596138,-0.026225285604596138,-0.042759491647164423,-0.0080504436045885086,1,0,0,0,1,1
before,119200000,119000000,119200,118994,118994,-0.12498155140172369,-0.011704463168966658,0.010000000298023226,0.0056250004470348447,1,400,118800,119100,1,-0.026293480426061042,-0.014589017257094383,-0.014589017257094383,-0.027952714793790644,0.097028836607933044,1,0,0,0,1,1
after,119200000,119000000,119200,118994,118994,-0.12498155140172369,-0.011704463168966658,0.010000000298023226,0.0056250004470348447,1,400,118800,119200,1,-0.014589017257094383,-0.014589017257094383,-0.014589017257094383,-0.027952714793790644,0.097028836607933044,1,0,0,0,1,1
before,119300000,119100000,119300,119094,119094,0.046565310944632031,-0.11081837464399803,0.010000000298023226,0.0056250004470348447,1,500,118800,119200,1,-0.012979883442597271,0.097838491201400757,0.097838491201400757,0.033457172018304802,-0.013108138926327229,1,0,0,0,1,1
after,119300000,119100000,119300,119094,119094,0.046565310944632031,-0.11081837464399803,0.010000000298023226,0.0056250004470348447,1,500,118800,119300,1,0.097838491201400757,0.097838491201400757,0.097838491201400757,0.033457172018304802,-0.013108138926327229,1,0,0,0,1,1
before,119400000,119200000,119400,119194,119194,0.069733079135706713,0.1609962097575291,0.010000000298023226,0.0056250004470348447,1,600,118800,119300,1,0.096580590980253997,-0.064415618777275085,-0.064415618777275085,0.019761301189949797,-0.049971777945756912,1,0,0,0,1,1
after,119400000,119200000,119400,119194,119194,0.069733079135706713,0.1609962097575291,0.010000000298023226,0.0056250004470348447,1,600,118800,119400,1,-0.064415618777275085,-0.064415618777275085,-0.064415618777275085,0.019761301189949797,-0.049971777945756912,1,0,0,0,1,1
before,119500000,119300000,119500,119294,119294,-0.081110179354303216,0.056766369594642221,0.010000000298023226,0.0056250004470348447,1,700,118800,119400,1,-0.066341019020965994,-0.12310738861560822,-0.12310738861560822,-0.021831259061448907,0.059278920292854309,1,0,0,0,1,1
after,119500000,119300000,119500,119294,119294,-0.081110179354303216,0.056766369594642221,0.010000000298023226,0.0056250004470348447,1,700,118800,119500,1,-0.12310738861560822,-0.12310738861560822,-0.12310738861560822,-0.021831259061448907,0.059278920292854309,1,0,0,0,1,1
before,119600000,119400000,119600,119394,119394,0.090508379934248137,-0.098032339492895151,0.010000000298023226,0.0056250004470348447,1,800,118800,119500,1,-0.12252501679406359,-0.024492677301168442,-0.024492677301168442,0.0066294604520170022,-0.08387891948223114,1,0,0,0,1,1
after,119600000,119400000,119600,119394,119394,0.090508379934248137,-0.098032339492895151,0.010000000298023226,0.0056250004470348447,1,800,118800,119600,1,-0.024492677301168442,-0.024492677301168442,-0.024492677301168442,0.0066294604520170022,-0.08387891948223114,1,0,0,0,1,1
before,119700000,119500000,119700,119494,119494,-0.097607788782301599,-0.033702640357140004,0.010000000298023226,0.0056250004470348447,1,900,118800,119600,1,-0.02639646691334575,0.0073061734437942505,0.0073061734437942505,-0.041399558227244074,0.056208230555057526,1,0,0,0,1,1
after,119700000,119500000,119700,119494,119494,-0.097607788782301599,-0.033702640357140004,0.010000000298023226,0.0056250004470348447,1,900,118800,119700,1,0.0073061734437942505,0.0073061734437942505,0.0073061734437942505,-0.041399558227244074,0.056208230555057526,1,0,0,0,1,1
before,119800000,119600000,119800,119594,119594,-0.074963638410212627,0.049322919837836494,0.010000000298023226,0.0056250004470348447,1,1000,118800,119700,1,0.0080989020985405367,-0.041224017739295959,-0.041224017739295959,0.0084233415869454254,0.083386979997158051,1,0,0,0,1,1
after,119800000,119600000,119800,119594,119594,-0.074963638410212627,0.049322919837836494,0.010000000298023226,0.0056250004470348447,1,1000,118800,119800,1,-0.041224017739295959,-0.041224017739295959,-0.041224017739295959,0.0084233415869454254,0.083386979997158051,1,0,0,0,1,1
before,119900000,119700000,119900,119694,119694,-0.046496883479231831,0.06481782812176004,0.010000000298023226,0.0056250004470348447,1,1100,118800,119800,1,-0.040756526407620758,-0.1055743545293808,-0.1055743545293808,0.041996024104481701,0.088492907583713531,1,0,0,0,1,1
after,119900000,119700000,119900,119694,119694,-0.046496883479231831,0.06481782812176004,0.010000000298023226,0.0056250004470348447,1,1100,118800,119900,1,-0.1055743545293808,-0.1055743545293808,-0.1055743545293808,0.041996024104481701,0.088492907583713531,1,0,0,0,1,1
before,120000000,119800000,120000,119794,119794,-0.14190841070400351,-0.041035225952209986,0.040000001192092904,0.0056250004470348447,1,1200,118800,119900,1,-0.10537434216791586,-0.064339116215705872,-0.064339116215705872,0.05481630214465983,0.19672471284866333,0,1,0,0,1,1
after,120000000,119800000,120000,119794,119794,-0.14190841070400351,-0.041035225952209986,0.040000001192092904,0.0056250004470348447,1,1200,118800,120000,1,-0.064339116215705872,-0.064339116215705872,-0.064339116215705872,0.05481630214465983,0.19672471284866333,0,1,0,0,1,1
before,120100000,119900000,120100,119894,119894,-0.062359158971349998,0.002564998000702326,0.040000001192092904,0.0056250004470348447,1,1300,118800,120000,1,-0.064002110034385259,-0.066567108035087585,-0.066567108035087585,0.076973806045015053,0.13933296501636505,0,1,0,0,1,1
after,120100000,119900000,120100,119894,119894,-0.062359158971349998,0.002564998000702326,0.040000001192092904,0.0056250004470348447,1,1300,118800,120100,1,-0.066567108035087585,-0.066567108035087585,-0.066567108035087585,0.076973806045015053,0.13933296501636505,0,1,0,0,1,1
before,120200000,120000000,120200,119994,119994,0.16754998745130054,-0.20456796901653204,0.040000001192092904,0.0056250004470348447,1,1400,118800,120100,1,-0.066295027904013731,0.13827294111251831,0.13827294111251831,0.08286314191030017,-0.084686845541000366,0,1,0,0,1,1
after,120200000,120000000,120200,119994,119994,0.16754998745130054,-0.20456796901653204,0.040000001192092904,0.0056250004470348447,1,1400,118800,120200,1,0.13827294111251831,0.13827294111251831,0.13827294111251831,0.08286314191030017,-0.084686845541000366,0,1,0,0,1,1
before,120300000,120100000,120300,120094,120094,0.15542859776679852,0.15197277624335764,0.040000001192092904,0.0056250004470348447,1,1500,118800,120200,1,0.11631194312301157,-0.035660833120346069,-0.035660833120346069,0.062177928227823767,-0.093250669538974762,0,1,0,0,1,1
after,120300000,120100000,120300,120094,120094,0.15542859776679852,0.15197277624335764,0.040000001192092904,0.0056250004470348447,1,1500,118800,120300,1,-0.035660833120346069,-0.035660833120346069,-0.035660833120346069,0.062177928227823767,-0.093250669538974762,0,1,0,0,1,1
before,120400000,120200000,120400,120194,120194,-0.0069400300647376768,-0.031832806232797203,0.040000001192092904,0.0056250004470348447,1,1600,118800,120300,1,-0.093547187212335167,-0.061714380979537964,-0.061714380979537964,0.024639293048226953,0.03157932311296463,0,1,0,0,1,1
after,120400000,120200000,120400,120194,120194,-0.0069400300647376768,-0.031832806232797203,0.040000001192092904,0.0056250004470348447,1,1600,118800,120400,1,-0.061714380979537964,-0.061714380979537964,-0.061714380979537964,0.024639293048226953,0.03157932311296463,0,1,0,0,1,1
before,120500000,120300000,120500,120294,120294,0.072589376222479129,0.074148230316809394,0.040000001192092904,0.0056250004470348447,1,1700,118800,120400,1,-0.14672095322353484,-0.22086918354034424,-0.22086918354034424,0.015829929363119385,-0.056759446859359741,0,1,0,0,1,1
after,120500000,120300000,120500,120294,120294,0.072589376222479129,0.074148230316809394,0.040000001192092904,0.0056250004470348447,1,1700,118800,120500,1,-0.22086918354034424,-0.22086918354034424,-0.22086918354034424,0.015829929363119385,-0.056759446859359741,0,1,0,0,1,1
before,120600000,120400000,120600,120394,120394,-0.05941132466900971,-0.18227239847412591,0.040000001192092904,0.0056250004470348447,1,1800,118800,120500,1,-0.32738433182468896,-0.14511193335056305,-0.14511193335056305,-0.026052314896470571,0.033359009772539139,0,1,0,0,1,1
after,120600000,120400000,120600,120394,120394,-0.05941132466900971,-0.18227239847412591,0.040000001192092904,0.0056250004470348447,1,1800,118800,120600,1,-0.14511193335056305,-0.14511193335056305,-0.14511193335056305,-0.026052314896470571,0.033359009772539139,0,1,0,0,1,1
before,120700000,120500000,120700,120494,120494,-0.036329210849627695,0.27279389884752037,0.040000001192092904,0.0056250004470348447,1,1900,118800,120600,1,-0.26376329872328041,-0.53655719757080078,-0.53655719757080078,-0.034426473078466795,0.0019027377711609006,0,1,0,0,1,1
after,120700000,120500000,120700,120494,120494,-0.036329210849627695,0.27279389884752037,0.040000001192092904,0.0056250004470348447,1,1900,118800,120700,1,-0.53655719757080078,-0.53655719757080078,-0.53655719757080078,-0.034426473078466795,0.0019027377711609006,0,1,0,0,1,1
before,120800000,120600000,120800,120594,120594,-0.056995920240595216,-0.11771594598266222,0.040000001192092904,0.0056250004470348447,1,2000,118800,120700,1,-0.66346149756881334,-0.54574555158615112,-0.54574555158615112,-0.087080805897428865,-0.030084885656833649,0,1,0,0,1,1
after,120800000,120600000,120800,120594,120594,-0.056995920240595216,-0.11771594598266222,0.040000001192092904,0.0056250004470348447,1,2000,118800,120800,1,-0.54574555158615112,-0.54574555158615112,-0.54574555158615112,-0.087080805897428865,-0.030084885656833649,0,1,0,0,1,1
before,120900000,120700000,120900,120694,120694,-0.13059350503153616,-0.031047351803042411,0.040000001192092904,0.0056250004470348447,1,2100,118800,120800,1,-0.67315060659811687,-0.64210325479507446,-0.64210325479507446,-0.13654530494950229,-0.0059517999179661274,0,1,0,0,1,1
after,120900000,120700000,120900,120694,120694,-0.13059350503153616,-0.031047351803042411,0.040000001192092904,0.0056250004470348447,1,2100,118800,120900,1,-0.64210325479507446,-0.64210325479507446,-0.64210325479507446,-0.13654530494950229,-0.0059517999179661274,0,1,0,0,1,1
before,121000000,120800000,121000,120794,120794,-0.058785977461152217,0.10950128879889709,0.040000001192092904,0.0056250004470348447,1,2200,118800,120900,1,-0.76624955091133851,-0.8757508397102356,-0.8757508397102356,-0.18069549898129,-0.12190952152013779,0,1,0,0,1,1
after,121000000,120800000,121000,120794,120794,-0.058785977461152217,0.10950128879889709,0.040000001192092904,0.0056250004470348447,1,2200,118800,121000,1,-0.8757508397102356,-0.8757508397102356,-0.8757508397102356,-0.18069549898129,-0.12190952152013779,0,1,0,0,1,1
before,121100000,120900000,121100,120894,120894,-0.080585931258509602,-0.10237383209391115,0.040000001192092904,0.0056250004470348447,1,2300,118800,121000,1,-0.9930103357903528,-0.89063650369644165,-0.89063650369644165,-0.26237030776054665,-0.18178437650203705,0,1,0,0,1,1
after,121100000,120900000,121100,120894,120894,-0.080585931258509602,-0.10237383209391115,0.040000001192092904,0.0056250004470348447,1,2300,118800,121100,1,-0.89063650369644165,-0.89063650369644165,-0.89063650369644165,-0.26237030776054665,-0.18178437650203705,0,1,0,0,1,1
before,121200000,121000000,121200,120994,120994,0.093043411009258503,0.029172431756632533,0.040000001192092904,0.0056250004470348447,1,2400,118800,121100,1,-0.99684201545558671,-1.0260144472122192,-1.0260144472122192,-0.34064657068973137,-0.43368998169898987,0,1,0,0,1,1
after,121200000,121000000,121200,120994,120994,0.093043411009258503,0.029172431756632533,0.040000001192092904,0.0056250004470348447,1,2400,118800,121200,1,-1.0260144472122192,-1.0260144472122192,-1.0260144472122192,-0.34064657068973137,-0.43368998169898987,0,1,0,0,1,1
before,121300000,121100000,121300,121094,121094,0.092888352205491631,-0.032943132949885046,0.040000001192092904,0.0056250004470348447,1,2500,118800,121200,1,-1.1177785430679881,-1.084835410118103,-1.084835410118103,-0.46675509519364777,-0.5596434473991394,0,1,0,0,1,1
after,121300000,121100000,121300,121094,121094,0.092888352205491631,-0.032943132949885046,0.040000001192092904,0.0056250004470348447,1,2500,118800,121300,1,-1.084835410118103,-1.084835410118103,-1.084835410118103,-0.46675509519364777,-0.5596434473991394,0,1,0,0,1,1
before,121400000,121200000,121400,121194,121194,0.20620541241686996,-0.061013214239412417,0.040000001192092904,0.0056250004470348447,1,2600,118800,121300,1,-1.1580810471861898,-1.0970678329467773,-1.0970678329467773,-0.59774436089474503,-0.80394977331161499,0,1,0,0,1,1
after,121400000,121200000,121400,121194,121194,0.20620541241686996,-0.061013214239412417,0.040000001192092904,0.0056250004470348447,1,2600,118800,121400,1,-1.0970678329467773,-1.0970678329467773,-1.0970678329467773,-0.59774436089474503,-0.80394977331161499,0,1,0,0,1,1
before,121500000,121300000,121500,121294,121294,-0.074262708823626844,0.12333057046283269,0.040000001192092904,0.0056250004470348447,1,2700,118800,121400,1,-1.1529808270896575,-1.2763113975524902,-1.2763113975524902,-0.75203576723808607,-0.67777305841445923,0,1,0,0,1,1
after,121500000,121300000,121500,121294,121294,-0.074262708823626844,0.12333057046283269,0.040000001192092904,0.0056250004470348447,1,2700,118800,121500,1,-1.2763113975524902,-1.2763113975524902,-1.2763113975524902,-0.75203576723808607,-0.67777305841445923,0,1,0,0,1,1
before,121600000,121400000,121600,121394,121394,-0.09917512880455126,-0.089794131286867307,0.040000001192092904,0.0056250004470348447,1,2800,118800,121500,1,-1.3077089510042745,-1.2179148197174072,-1.2179148197174072,-0.8664162491429912,-0.76724112033843994,0,1,0,0,1,1
after,121600000,121400000,121600,121394,121394,-0.09917512880455126,-0.089794131286867307,0.040000001192092904,0.0056250004470348447,1,2800,118800,121600,1,-1.2179148197174072,-1.2179148197174072,-1.2179148197174072,-0.8664162491429912,-0.76724112033843994,0,1,0,0,1,1
before,121700000,121500000,121700,121494,121494,0.030178439750038089,-0.075210777142355578,0.040000001192092904,0.0056250004470348447,1,2900,118800,121600,1,-1.2295800121811129,-1.1543692350387573,-1.1543692350387573,-0.96904085861269385,-0.99921929836273193,0,1,0,0,1,1
after,121700000,121500000,121700,121494,121494,0.030178439750038089,-0.075210777142355578,0.040000001192092904,0.0056250004470348447,1,2900,118800,121700,1,-1.1543692350387573,-1.1543692350387573,-1.1543692350387573,-0.96904085861269385,-0.99921929836273193,0,1,0,0,1,1
before,121800000,121600000,121800,121594,121594,0.0071701578679761457,-0.0043733193255841574,0.040000001192092904,0.0056250004470348447,1,3000,118800,121700,1,-1.1425472571231305,-1.1381739377975464,-1.1381739377975464,-1.0901467032846728,-1.0973168611526489,0,1,0,0,1,1
after,121800000,121600000,121800,121594,121594,0.0071701578679761457,-0.0043733193255841574,0.040000001192092904,0.0056250004470348447,1,3000,118800,121800,1,-1.1381739377975464,-1.1381739377975464,-1.1381739377975464,-1.0901467032846728,-1.0973168611526489,0,1,0,0,1,1
before,121900000,121700000,121900,121694,121694,-0.15046498411838272,0.14532134737220703,0.040000001192092904,0.0056250004470348447,1,3100,118800,121800,1,-1.1058931568697363,-1.2512145042419434,-1.2512145042419434,-1.2039597951764271,-1.0534948110580444,0,1,0,0,1,1
after,121900000,121700000,121900,121694,121694,-0.15046498411838272,0.14532134737220703,0.040000001192092904,0.0056250004470348447,1,3100,118800,121900,1,-1.2512145042419434,-1.2512145042419434,-1.2512145042419434,-1.2039597951764271,-1.0534948110580444,0,1,0,0,1,1
before,122000000,121800000,122000,121794,121794,-0.025929573563530761,-0.14667827102903574,0.040000001192092904,0.0056250004470348447,1,3200,118800,121900,1,-1.1914331338143751,-1.0447548627853394,-1.0447548627853394,-1.2958027158059624,-1.2698731422424316,0,1,0,0,1,1
after,122000000,121800000,122000,121794,121794,-0.025929573563530761,-0.14667827102903574,0.040000001192092904,0.0056250004470348447,1,3200,118800,122000,1,-1.0447548627853394,-1.0447548627853394,-1.0447548627853394,-1.2958027158059624,-1.2698731422424316,0,1,0,0,1,1
before,122100000,121900000,122100,121894,121894,0.12684857052568987,0.044838907594845878,0.040000001192092904,0.0056250004470348447,1,3300,118800,122000,1,-0.97415292036993684,-1.0189918279647827,-1.0189918279647827,-1.3917696555256407,-1.5186182260513306,0,1,0,0,1,1
after,122100000,121900000,122100,121894,121894,0.12684857052568987,0.044838907594845878,0.040000001192092904,0.0056250004470348447,1,3300,118800,122100,1,-1.0189918279647827,-1.0189918279647827,-1.0189918279647827,-1.3917696555256407,-1.5186182260513306,0,1,0,0,1,1
before,122200000,122000000,122200,121994,121994,0.14010636111247377,-0.0065627611192720092,0.040000001192092904,0.0056250004470348447,1,3400,118800,122100,1,-0.92479514246311356,-0.91823238134384155,-0.91823238134384155,-1.5145312140370624,-1.6546375751495361,0,1,0,0,1,1
after,122200000,122000000,122200,121994,121994,0.14010636111247377,-0.0065627611192720092,0.040000001192092904,0.0056250004470348447,1,3400,118800,122200,1,-0.91823238134384155,-0.91823238134384155,-0.91823238134384155,-1.5145312140370624,-1.6546375751495361,0,1,0,0,1,1
before,122300000,122100000,122300,122094,122094,-0.064702587462685868,0.17384848966769095,0.040000001192092904,0.0056250004470348447,1,3500,118800,122200,1,-0.81144501790829782,-0.98529350757598877,-0.98529350757598877,-1.629293399192117,-1.5645908117294312,0,1,0,0,1,1
after,122300000,122100000,122300,122094,122094,-0.064702587462685868,0.17384848966769095,0.040000001192092904,0.0056250004470348447,1,3500,118800,122300,1,-0.98529350757598877,-0.98529350757598877,-0.98529350757598877,-1.629293399192117,-1.5645908117294312,0,1,0,0,1,1
before,122400000,122200000,122400,122194,122194,-0.016705414682524733,-0.19881757860358618,0.040000001192092904,0.0056250004470348447,1,3600,118800,122300,1,-0.86203536157782934,-0.66321778297424316,-0.66321778297424316,-1.7085439175664359,-1.6918385028839111,0,1,0,0,1,1
after,122400000,122200000,122400,122194,122194,-0.016705414682524733,-0.19881757860358618,0.040000001192092904,0.0056250004470348447,1,3600,118800,122400,1,-0.66321778297424316,-0.66321778297424316,-0.66321778297424316,-1.7085439175664359,-1.6918385028839111,0,1,0,0,1,1
before,122500000,122300000,122500,122294,122294,0.066381554162653567,0.067856869824662436,0.040000001192092904,0.0056250004470348447,1,3700,118800,122400,1,-0.54234186636613346,-0.6101987361907959,-0.6101987361907959,-1.7656363443969167,-1.8320178985595703,0,1,0,0,1,1
after,122500000,122300000,122500,122294,122294,0.066381554162653567,0.067856869824662436,0.040000001192092904,0.0056250004470348447,1,3700,118800,122500,1,-0.6101987361907959,-0.6101987361907959,-0.6101987361907959,-1.7656363443969167,-1.8320178985595703,0,1,0,0,1,1
before,122600000,122400000,122600,122394,122394,0.042886030141194187,0.046685905346328271,0.040000001192092904,0.0056250004470348447,1,3800,118800,122500,1,-0.48314937840992783,-0.5298352837562561,-0.5298352837562561,-1.8338136559092209,-1.876699686050415,0,1,0,0,1,1
after,122600000,122400000,122600,122394,122394,0.042886030141194187,0.046685905346328271,0.040000001192092904,0.0056250004470348447,1,3800,118800,122600,1,-0.5298352837562561,-0.5298352837562561,-0.5298352837562561,-1.8338136559092209,-1.876699686050415,0,1,0,0,1,1
before,122700000,122500000,122700,122494,122494,-0.031986505576313773,-0.089832184141968474,0.040000001192092904,0.0056250004470348447,1,3900,118800,122600,1,-0.40037199599156259,-0.31053981184959412,-0.31053981184959412,-1.8887406893455398,-1.8567541837692261,0,1,0,0,1,1
after,122700000,122500000,122700,122494,122494,-0.031986505576313773,-0.089832184141968474,0.040000001192092904,0.0056250004470348447,1,3900,118800,122700,1,-0.31053981184959412,-0.31053981184959412,-0.31053981184959412,-1.8887406893455398,-1.8567541837692261,0,1,0,0,1,1
before,122800000,122600000,122800,122594,122594,0.11068542084704225,-0.0081851172609688494,0.040000001192092904,0.0056250004470348447,1,4000,118800,122700,1,-0.19654635967448966,-0.18836124241352081,-0.18836124241352081,-1.9077796212672156,-2.0184650421142578,0,1,0,0,1,1
after,122800000,122600000,122800,122594,122594,0.11068542084704225,-0.0081851172609688494,0.040000001192092904,0.0056250004470348447,1,4000,118800,122800,1,-0.18836124241352081,-0.18836124241352081,-0.18836124241352081,-1.9077796212672156,-2.0184650421142578,0,1,0,0,1,1
before,122900000,122700000,122900,122694,122694,-0.025153266566538379,0.15150104549425228,0.040000001192092904,0.0056250004470348447,1,4100,118800,122800,1,-0.077196686596697733,-0.22869773209095001,-0.22869773209095001,-1.9430279604370828,-1.9178746938705444,0,1,0,0,1,1
after,122900000,122700000,122900,122694,122694,-0.025153266566538379,0.15150104549425228,0.040000001192092904,0.0056250004470348447,1,4100,118800,122900,1,-0.22869773209095001,-0.22869773209095001,-0.22869773209095001,-1.9430279604370828,-1.9178746938705444,0,1,0,0,1,1
before,123000000,122800000,123000,122794,122794,0.0076230022842496137,-0.083384789893906741,0.040000001192092904,0.0056250004470348447,1,4200,118800,122900,1,-0.14687297529963794,-0.063488185405731201,-0.063488185405731201,-1.9565705802505404,-1.96419358253479,0,1,0,0,1,1
after,123000000,122800000,123000,122794,122794,0.0076230022842496137,-0.083384789893906741,0.040000001192092904,0.0056250004470348447,1,4200,118800,123000,1,-0.063488185405731201,-0.063488185405731201,-0.063488185405731201,-1.9565705802505404,-1.96419358253479,0,1,0,0,1,1
before,123100000,122900000,123100,122894,122894,0.12363207738134419,0.003742094012809458,0.040000001192092904,0.0056250004470348447,1,4300,118800,123000,1,-0.0094121528315418337,-0.013154246844351292,-0.013154246844351292,-1.961594458415775,-2.0852265357971191,0,1,0,0,1,1
after,123100000,122900000,123100,122894,122894,0.12363207738134419,0.003742094012809458,0.040000001192092904,0.0056250004470348447,1,4300,118800,123100,1,-0.013154246844351292,-0.013154246844351292,-0.013154246844351292,-1.961594458415775,-2.0852265357971191,0,1,0,0,1,1
before,123200000,123000000,123200,122994,122994,0.13910587209176062,-0.034323801411083245,0.040000001192092904,0.0056250004470348447,1,4400,118800,123100,1,0.0082574736943931328,0.042581275105476379,0.042581275105476379,-1.9863104067473507,-2.1254162788391113,0,1,0,0,1,1
after,123200000,123000000,123200,122994,122994,0.13910587209176062,-0.034323801411083245,0.040000001192092904,0.0056250004470348447,1,4400,118800,123200,1,0.042581275105476379,0.042581275105476379,0.042581275105476379,-1.9863104067473507,-2.1254162788391113,0,1,0,0,1,1
before,123300000,123100000,123300,123094,123094,-0.068587165969342667,0.020759304250811753,0.040000001192092904,0.0056250004470348447,1,4500,118800,123200,1,0.047587295259570297,0.026827991008758545,0.026827991008758545,-2.0095488845286078,-1.9409617185592651,0,1,0,0,1,1
after,123300000,123100000,123300,123094,123094,-0.068587165969342667,0.020759304250811753,0.040000001192092904,0.0056250004470348447,1,4500,118800,123300,1,0.026827991008758545,0.026827991008758545,0.026827991008758545,-2.0095488845286078,-1.9409617185592651,0,1,0,0,1,1
before,123400000,123200000,123400,123194,123194,0.19357165019350808,0.013996426016842454,0.040000001192092904,0.0056250004470348447,1,4600,118800,123300,1,0.030713442713772385,0.016717016696929932,0.016717016696929932,-1.9926311143176003,-2.1862027645111084,0,1,0,0,1,1
after,123400000,123200000,123400,123194,123194,0.19357165019350808,0.013996426016842454,0.040000001192092904,0.0056250004470348447,1,4600,118800,123400,1,0.016717016696929932,0.016717016696929932,0.016717016696929932,-1.9926311143176003,-2.1862027645111084,0,1,0,0,1,1
before,123500000,123300000,123500,123294,123294,-0.11804652391003856,-0.047945830516141347,0.040000001192092904,0.0056250004470348447,1,4700,118800,123400,1,0.010516372032839363,0.058462202548980713,0.058462202548980713,-2.0303945559077192,-1.9123480319976807,0,1,0,0,1,1
after,123500000,123300000,123500,123294,123294,-0.11804652391003856,-0.047945830516141347,0.040000001192092904,0.0056250004470348447,1,4700,118800,123500,1,0.058462202548980713,0.058462202548980713,0.058462202548980713,-2.0303945559077192,-1.9123480319976807,0,1,0,0,1,1
before,123600000,123400000,123600,123394,123394,-0.12029542795596027,0.056172154195536381,0.040000001192092904,0.0056250004470348447,1,4800,118800,123500,1,0.069935006372560268,0.013762852177023888,0.013762852177023888,-1.9996767269748201,-1.8793812990188599,0,1,0,0,1,1
after,123600000,123400000,123600,123394,123394,-0.12029542795596027,0.056172154195536381,0.040000001192092904,0.0056250004470348447,1,4800,118800,123600,1,0.013762852177023888,0.013762852177023888,0.013762852177023888,-1.9996767269748201,-1.8793812990188599,0,1,0,0,1,1
before,123700000,123500000,123700,123494,123494,-0.17708940099169346,0.093650424977374816,0.040000001192092904,0.0056250004470348447,1,4900,118800,123600,1,0.023145252963138366,-0.07050517201423645,-0.07050517201423645,-1.9730389792769107,-1.7959495782852173,0,1,0,0,1,1
after,123700000,123500000,123700,123494,123494,-0.17708940099169346,0.093650424977374816,0.040000001192092904,0.0056250004470348447,1,4900,118800,123700,1,-0.07050517201423645,-0.07050517201423645,-0.07050517201423645,-1.9730389792769107,-1.7959495782852173,0,1,0,0,1,1
before,123800000,123600000,123800,123594,123594,-0.010375664835553744,-0.30092510299983921,0.040000001192092904,0.0056250004470348447,1,5000,118800,123700,1,-0.057690304687652037,0.24323479831218719,0.24323479831218719,-1.9430710536294991,-1.9326953887939453,0,1,0,0,1,1
after,123800000,123600000,123800,123594,123594,-0.010375664835553744,-0.30092510299983921,0.040000001192092904,0.0056250004470348447,1,5000,118800,123800,1,0.24323479831218719,0.24323479831218719,0.24323479831218719,-1.9430710536294991,-1.9326953887939453,0,1,0,0,1,1
before,123900000,123700000,123900,123694,123694,-0.07570286797817527,0.32110441996372086,0.040000001192092904,0.0056250004470348447,1,5100,118800,123800,1,0.23295583351171359,-0.088148586452007294,-0.088148586452007294,-1.9176500658922988,-1.8419471979141235,0,1,0,0,1,1
after,123900000,123700000,123900,123694,123694,-0.07570286797817527,0.32110441996372086,0.040000001192092904,0.0056250004470348447,1,5100,118800,123900,1,-0.088148586452007294,-0.088148586452007294,-0.088148586452007294,-1.9176500658922988,-1.8419471979141235,0,1,0,0,1,1
before,124000000,123800000,124000,123794,123794,0.099036149125988127,-0.049428155191338682,0.040000001192092904,0.0056250004470348447,1,5200,118800,123900,1,-0.079426465101636076,-0.029998309910297394,-0.029998309910297394,-1.9104030808392218,-2.00943922996521,0,1,0,0,1,1
after,124000000,123800000,124000,123794,123794,0.099036149125988127,-0.049428155191338682,0.040000001192092904,0.0056250004470348447,1,5200,118800,124000,1,-0.029998309910297394,-0.029998309910297394,-0.029998309910297394,-1.9104030808392218,-2.00943922996521,0,1,0,0,1,1
before,124100000,123900000,124100,123894,123894,0.13434060014729265,-0.056173357574968143,0.040000001192092904,0.0056250004470348447,1,5300,118800,124000,1,-0.029478724508313937,0.026694633066654205,0.026694633066654205,-1.9331051548575902,-2.0674457550048828,0,1,0,0,1,1
after,124100000,123900000,124100,123894,123894,0.13434060014729265,-0.056173357574968143,0.040000001192092904,0.0056250004470348447,1,5300,118800,124100,1,0.026694633066654205,0.026694633066654205,0.026694633066654205,-1.9331051548575902,-2.0674457550048828,0,1,0,0,1,1
before,124200000,124000000,124200,123994,123994,-0.046117551090475883,-0.018502587087783476,0.040000001192092904,0.0056250004470348447,1,5400,118800,124100,1,0.034005245558586458,0.052507832646369934,0.052507832646369934,-1.9567312071344822,-1.9106136560440063,0,1,0,0,1,1
after,124200000,124000000,124200,123994,123994,-0.046117551090475883,-0.018502587087783476,0.040000001192092904,0.0056250004470348447,1,5400,118800,124200,1,0.052507832646369934,0.052507832646369934,0.052507832646369934,-1.9567312071344822,-1.9106136560440063,0,1,0,0,1,1
before,124300000,124100000,124300,124094,124094,-0.16480896516216448,-0.0015593012858318572,0.040000001192092904,0.0056250004470348447,1,5500,118800,124200,1,0.066931792528541159,0.068491093814373016,0.068491093814373016,-1.9406965736903017,-1.7758876085281372,0,1,0,0,1,1
after,124300000,124100000,124300,124094,124094,-0.16480896516216448,-0.0015593012858318572,0.040000001192092904,0.0056250004470348447,1,5500,118800,124300,1,0.068491093814373016,0.068491093814373016,0.068491093814373016,-1.9406965736903017,-1.7758876085281372,0,1,0,0,1,1
before,124400000,124200000,124400,124194,124194,-0.095050070689942867,0.12603758117084168,0.040000001192092904,0.0056250004470348447,1,5600,118800,124300,1,0.077536685670658564,-0.048500895500183105,-0.048500895500183105,-1.8997133712041641,-1.8046633005142212,0,1,0,0,1,1
after,124400000,124200000,124400,124194,124194,-0.095050070689942867,0.12603758117084168,0.040000001192092904,0.0056250004470348447,1,5600,118800,124400,1,-0.048500895500183105,-0.048500895500183105,-0.048500895500183105,-1.8997133712041641,-1.8046633005142212,0,1,0,0,1,1
before,124500000,124300000,124500,124294,124294,0.1458608374114716,0.037591697712086578,0.040000001192092904,0.0056250004470348447,1,5700,118800,124400,1,-0.036306513409472566,-0.073898211121559143,-0.073898211121559143,-1.8840070500854766,-2.0298678874969482,0,1,0,0,1,1
after,124500000,124300000,124500,124294,124294,0.1458608374114716,0.037591697712086578,0.040000001192092904,0.0056250004470348447,1,5700,118800,124500,1,-0.073898211121559143,-0.073898211121559143,-0.073898211121559143,-1.8840070500854766,-2.0298678874969482,0,1,0,0,1,1
before,124600000,124400000,124600,124394,124394,0.11694539970913165,0.004870453513393852,0.040000001192092904,0.0056250004470348447,1,5800,118800,124500,1,-0.06678883578704789,-0.071659289300441742,-0.071659289300441742,-1.9199994664712883,-2.0369448661804199,0,1,0,0,1,1
after,124600000,124400000,124600,124394,124394,0.11694539970913165,0.004870453513393852,0.040000001192092904,0.0056250004470348447,1,5800,118800,124600,1,-0.071659289300441742,-0.071659289300441742,-0.071659289300441742,-1.9199994664712883,-2.0369448661804199,0,1,0,0,1,1
before,124700000,124500000,124700,124494,124494,0.035049926355220862,-0.1467157369381564,0.040000001192092904,0.0056250004470348447,1,5900,118800,124600,1,-0.076351708722748074,0.070364028215408325,0.070364028215408325,-1.9511042722913245,-1.9861541986465454,0,1,0,0,1,1
after,124700000,124500000,124700,124494,124494,0.035049926355220862,-0.1467157369381564,0.040000001192092904,0.0056250004470348447,1,5900,118800,124700,1,0.070364028215408325,0.070364028215408325,0.070364028215408325,-1.9511042722913245,-1.9861541986465454,0,1,0,0,1,1
before,124800000,124600000,124800,124594,124594,0.032035598301159762,0.015791540875836799,0.040000001192092904,0.0056250004470348447,1,6000,118800,124700,1,0.074839694335862586,0.059048153460025787,0.059048153460025787,-1.9506610541112548,-1.9826966524124146,0,1,0,0,1,1
after,124800000,124600000,124800,124594,124594,0.032035598301159762,0.015791540875836799,0.040000001192092904,0.0056250004470348447,1,6000,118800,124800,1,0.059048153460025787,0.059048153460025787,0.059048153460025787,-1.9506610541112548,-1.9826966524124146,0,1,0,0,1,1
before,124900000,124700000,124900,124694,124694,0.01297610556204809,0.012478151596494652,0.040000001192092904,0.0056250004470348447,1,6100,118800,124800,1,0.080736161447473503,0.068258009850978851,0.068258009850978851,-1.9489273473111819,-1.96190345287323,0,1,0,0,1,1
after,124900000,124700000,124900,124694,124694,0.01297610556204809,0.012478151596494652,0.040000001192092904,0.0056250004470348447,1,6100,118800,124900,1,0.068258009850978851,0.068258009850978851,0.068258009850978851,-1.9489273473111819,-1.96190345287323,0,1,0,0,1,1
before,125000000,124800000,125000,124794,124794,0.010259698814717444,0.046465891878064269,0.010000000298023226,0.0056250004470348447,1,6200,118800,124900,1,0.050288111203293795,0.0038222193252295256,0.0038222193252295256,-1.9462286720806683,-1.9564883708953857,0,0,0,0,1,1
after,125000000,124800000,125000,124794,124794,0.010259698814717444,0.046465891878064269,0.010000000298023226,0.0056250004470348447,1,6200,118800,125000,1,0.0038222193252295256,0.0038222193252295256,0.0038222193252295256,-1.9462286720806683,-1.9564883708953857,0,0,0,0,1,1
before,125100000,124900000,125100,124894,124894,0.16640171400999515,-0.023969343828837499,0.010000000298023226,0.0056250004470348447,1,6300,118800,125000,1,0.016103898209650889,0.040073242038488388,0.040073242038488388,-1.949865967111831,-2.1162676811218262,0,0,0,0,1,1
after,125100000,124900000,125100,124894,124894,0.16640171400999515,-0.023969343828837499,0.010000000298023226,0.0056250004470348447,1,6300,118800,125100,1,0.040073242038488388,0.040073242038488388,0.040073242038488388,-1.949865967111831,-2.1162676811218262,0,0,0,0,1,1
before,125200000,125000000,125200,124994,124994,0.0026074742083439517,0.040383676223371398,0.010000000298023226,0.0056250004470348447,1,6400,118800,125100,1,0.024941994964990985,-0.015441681258380413,-0.015441681258380413,-2.0306810046429744,-2.0332884788513184,0,0,0,0,1,1
after,125200000,125000000,125200,124994,124994,0.0026074742083439517,0.040383676223371398,0.010000000298023226,0.0056250004470348447,1,6400,118800,125200,1,-0.015441681258380413,-0.015441681258380413,-0.015441681258380413,-2.0306810046429744,-2.0332884788513184,0,0,0,0,1,1
before,125300000,125100000,125300,125094,125094,-0.045467644532026785,-0.041798693319724342,0.010000000298023226,0.0056250004470348447,1,6500,118800,125200,1,-0.022300369298027298,0.019498324021697044,0.019498324021697044,-2.0340727861717363,-1.9886051416397095,0,0,0,0,1,1
after,125300000,125100000,125300,125094,125094,-0.045467644532026785,-0.041798693319724342,0.010000000298023226,0.0056250004470348447,1,6500,118800,125300,1,0.019498324021697044,0.019498324021697044,0.019498324021697044,-2.0340727861717363,-1.9886051416397095,0,0,0,0,1,1
before,125400000,125200000,125400,125194,125194,-0.084057902956597985,0.078614334767085292,0.010000000298023226,0.0056250004470348447,1,6600,118800,125300,1,0.03117068782947657,-0.047443646937608719,-0.047443646937608719,-2.0082489010339906,-1.9241909980773926,0,0,0,0,1,1
after,125400000,125200000,125400,125194,125194,-0.084057902956597985,0.078614334767085292,0.010000000298023226,0.0056250004470348447,1,6600,118800,125400,1,-0.047443646937608719,-0.047443646937608719,-0.047443646937608719,-2.0082489010339906,-1.9241909980773926,0,0,0,0,1,1
before,125500000,125300000,125500,125294,125294,-0.013347195246427468,-0.072077243456182272,0.010000000298023226,0.0056250004470348447,1,6700,118800,125400,1,-0.051546682470974721,0.020530560985207558,0.020530560985207558,-1.97107570038101,-1.9577285051345825,0,0,0,0,1,1
after,125500000,125300000,125500,125294,125294,-0.013347195246427468,-0.072077243456182272,0.010000000298023226,0.0056250004470348447,1,6700,118800,125500,1,0.020530560985207558,0.020530560985207558,0.020530560985207558,-1.97107570038101,-1.9577285051345825,0,0,0,0,1,1
before,125600000,125400000,125600,125394,125394,-0.18336641078649296,0.086413235284335199,0.010000000298023226,0.0056250004470348447,1,6800,118800,125500,1,0.020311624623782228,-0.066101610660552979,-0.066101610660552979,-1.9623571563309266,-1.7789907455444336,0,0,0,0,1,1
after,125600000,125400000,125600,125394,125394,-0.18336641078649296,0.086413235284335199,0.010000000298023226,0.0056250004470348447,1,6800,118800,125600,1,-0.066101610660552979,-0.066101610660552979,-0.066101610660552979,-1.9623571563309266,-1.7789907455444336,0,0,0,0,1,1
before,125700000,125500000,125700,125494,125494,0.037491424976501708,-0.17469173328031409,0.010000000298023226,0.0056250004470348447,1,6900,118800,125600,1,-0.076962184468401557,0.097729548811912537,0.097729548811912537,-1.8778010764730833,-1.915292501449585,0,0,0,0,1,1
after,125700000,125500000,125700,125494,125494,0.037491424976501708,-0.17469173328031409,0.010000000298023226,0.0056250004470348447,1,6900,118800,125700,1,0.097729548811912537,0.097729548811912537,0.097729548811912537,-1.8778010764730833,-1.915292501449585,0,0,0,0,1,1
before,125800000,125600000,125800,125594,125594,0.16090602759702266,0.20723368677535414,0.010000000298023226,0.0056250004470348447,1,7000,118800,125700,1,0.12100933197179196,-0.086224354803562164,-0.086224354803562164,-1.8847983371795887,-2.0457043647766113,0,0,0,0,1,1
after,125800000,125600000,125800,125594,125594,0.16090602759702266,0.20723368677535414,0.010000000298023226,0.0056250004470348447,1,7000,125800,125700,1,-0.086224354803562164,-0.086224354803562164,-0.086224354803562164,-1.8847983371795887,-2.0457043647766113,0,0,0,0,1,1
before,125900000,125700000,125900,125694,125694,0.02094898938890033,-0.12567280973428641,0.010000000298023226,0.0056250004470348447,1,100,125800,125700,1,-0.09396940465206062,0.0317034050822258,0.0317034050822258,-1.9748170542741246,-1.9957660436630249,0,0,0,0,1,1
after,125900000,125700000,125900,125694,125694,0.02094898938890033,-0.12567280973428641,0.010000000298023226,0.0056250004470348447,1,100,125800,125900,1,0.0317034050822258,0.0317034050822258,0.0317034050822258,-1.9748170542741246,-1.9957660436630249,0,0,0,0,1,1
before,126000000,125800000,126000,125794,125794,-0.080599916694813478,-0.020020052967955036,0.010000000298023226,0.0056250004470348447,1,200,125800,125900,1,0.025806393297027188,0.045826446264982224,0.045826446264982224,-1.9826367027742202,-1.9020367860794067,0,0,0,0,1,1
after,126000000,125800000,126000,125794,125794,-0.080599916694813478,-0.020020052967955036,0.010000000298023226,0.0056250004470348447,1,200,125800,126000,1,0.045826446264982224,0.045826446264982224,0.045826446264982224,-1.9826367027742202,-1.9020367860794067,0,0,0,0,1,1
before,126100000,125900000,126100,125894,125894,-0.16667864601934701,0.052591540630454611,0.010000000298023226,0.0056250004470348447,1,300,125800,126000,1,0.050522177958408784,-0.0020693626720458269,-0.0020693626720458269,-1.9372203139575794,-1.7705416679382324,0,0,0,0,1,1
after,126100000,125900000,126100,125894,125894,-0.16667864601934701,0.052591540630454611,0.010000000298023226,0.0056250004470348447,1,300,125800,126100,1,-0.0020693626720458269,-0.0020693626720458269,-0.0020693626720458269,-1.9372203139575794,-1.7705416679382324,0,0,0,0,1,1
before,126200000,126000000,126200,125994,125994,0.058094084709092497,-0.027218683353647403,0.010000000298023226,0.0056250004470348447,1,400,125800,126100,1,0.0064459529602678483,0.033664636313915253,0.033664636313915253,-1.8530849809952532,-1.9111790657043457,0,0,0,0,1,1
after,126200000,126000000,126200,125994,125994,0.058094084709092497,-0.027218683353647403,0.010000000298023226,0.0056250004470348447,1,400,125800,126200,1,0.033664636313915253,0.033664636313915253,0.033664636313915253,-1.8530849809952532,-1.9111790657043457,0,0,0,0,1,1
before,126300000,126100000,126300,126094,126094,0.012483660513822326,0.20387190630856736,0.010000000298023226,0.0056250004470348447,1,500,125800,126200,1,0.027230427174007726,-0.17664147913455963,-0.17664147913455963,-1.8793113786631186,-1.8917950391769409,0,0,0,0,1,1
after,126300000,126100000,126300,126094,126094,0.012483660513822326,0.20387190630856736,0.010000000298023226,0.0056250004470348447,1,500,125800,126300,1,-0.17664147913455963,-0.17664147913455963,-0.17664147913455963,-1.8793113786631186,-1.8917950391769409,0,0,0,0,1,1
before,126400000,126200000,126400,126194,126194,-0.0094388605462814024,-0.40799078372871866,0.010000000298023226,0.0056250004470348447,1,600,125800,126300,1,-0.16736640063679212,0.24062438309192657,0.24062438309192657,-1.9024164558755661,-1.8929775953292847,0,0,0,0,1,1
after,126400000,126200000,126400,126194,126194,-0.0094388605462814024,-0.40799078372871866,0.010000000298023226,0.0056250004470348447,1,600,125800,126400,1,0.24062438309192657,0.24062438309192657,0.24062438309192657,-1.9024164558755661,-1.8929775953292847,0,0,0,0,1,1
before,126500000,126300000,126500,126294,126294,0.18113138522301386,0.25612029113639012,0.010000000298023226,0.0056250004470348447,1,700,125800,126400,1,0.23674012028444424,-0.019380170851945877,-0.019380170851945877,-1.8738784566959314,-2.0550098419189453,0,0,0,0,1,1
after,126500000,126300000,126500,126294,126294,0.18113138522301386,0.25612029113639012,0.010000000298023226,0.0056250004470348447,1,700,126500,126400,1,-0.019380170851945877,-0.019380170851945877,-0.019380170851945877,-1.8738784566959314,-2.0550098419189453,0,0,0,0,1,1
before,126600000,126400000,126600,126394,126394,-0.019825764558863979,0.058043560343344867,0.010000000298023226,0.0056250004470348447,1,100,126500,126400,1,-0.041969017726818859,-0.10001257807016373,-0.10001257807016373,-1.9687109669667009,-1.9488852024078369,0,0,0,0,1,1
after,126600000,126400000,126600,126394,126394,-0.019825764558863979,0.058043560343344867,0.010000000298023226,0.0056250004470348447,1,100,126500,126600,1,-0.10001257807016373,-0.10001257807016373,-0.10001257807016373,-1.9687109669667009,-1.9488852024078369,0,0,0,0,1,1
before,126700000,126500000,126700,126494,126494,-0.014579215467277029,0.029474892007118489,0.010000000298023226,0.0056250004470348447,1,200,126500,126600,1,-0.10544224799990055,-0.13491714000701904,-0.13491714000701904,-1.9693503765466838,-1.9547711610794067,0,0,0,0,1,1
after,126700000,126500000,126700,126494,126494,-0.014579215467277029,0.029474892007118489,0.010000000298023226,0.0056250004470348447,1,200,126500,126700,1,-0.13491714000701904,-0.13491714000701904,-0.13491714000701904,-1.9693503765466838,-1.9547711610794067,0,0,0,0,1,1
before,126800000,126600000,126800,126594,126594,0.10694737932840304,-0.038096595610851963,0.010000000298023226,0.0056250004470348447,1,300,126500,126700,1,-0.13174731662439795,-0.09365072101354599,-0.09365072101354599,-1.9752541015370755,-2.0822014808654785,0,0,0,0,1,1
after,126800000,126600000,126800,126594,126594,0.10694737932840304,-0.038096595610851963,0.010000000298023226,0.0056250004470348447,1,300,126500,126800,1,-0.09365072101354599,-0.09365072101354599,-0.09365072101354599,-1.9752541015370755,-2.0822014808654785,0,0,0,0,1,1
before,126900000,126700000,126900,126694,126694,-0.17814918978885075,-0.061276035693823228,0.010000000298023226,0.0056250004470348447,1,400,126500,126800,1,-0.093955507812439332,-0.032679472118616104,-0.032679472118616104,-2.0383422039337482,-1.8601930141448975,0,0,0,0,1,1
after,126900000,126700000,126900,126694,126694,-0.17814918978885075,-0.061276035693823228,0.010000000298023226,0.0056250004470348447,1,400,126500,126900,1,-0.032679472118616104,-0.032679472118616104,-0.032679472118616104,-2.0383422039337482,-1.8601930141448975,0,0,0,0,1,1
before,127000000,126800000,127000,126794,126794,0.1745996421949243,-0.081334127178975923,0.010000000298023226,0.0056250004470348447,1,500,126500,126900,1,-0.03351402848083674,0.047820098698139191,0.047820098698139191,-1.9522192531450415,-2.1268188953399658,0,0,0,0,1,1
after,127000000,126800000,127000,126794,126794,0.1745996421949243,-0.081334127178975923,0.010000000298023226,0.0056250004470348447,1,500,126500,127000,1,0.047820098698139191,0.047820098698139191,0.047820098698139191,-1.9522192531450415,-2.1268188953399658,0,0,0,0,1,1
before,127100000,126900000,127100,126894,126894,0.032832117923398574,0.083234477953245692,0.010000000298023226,0.0056250004470348447,1,600,126500,127000,1,0.046444948927691035,-0.036789529025554657,-0.036789529025554657,-2.0352309027827782,-2.0680630207061768,0,0,0,0,1,1
after,127100000,126900000,127100,126894,126894,0.032832117923398574,0.083234477953245692,0.010000000298023226,0.0056250004470348447,1,600,126500,127100,1,-0.036789529025554657,-0.036789529025554657,-0.036789529025554657,-2.0352309027827782,-2.0680630207061768,0,0,0,0,1,1
before,127200000,127000000,127200,126994,126994,-0.07888125965809456,-0.063079488255909089,0.010000000298023226,0.0056250004470348447,1,700,126500,127100,1,-0.044266377367904779,0.018813110888004303,0.018813110888004303,-2.0560504157326185,-1.9771691560745239,0,0,0,0,1,1
after,127200000,127000000,127200,126994,126994,-0.07888125965809456,-0.063079488255909089,0.010000000298023226,0.0056250004470348447,1,700,126500,127200,1,0.018813110888004303,0.018813110888004303,0.018813110888004303,-2.0560504157326185,-1.9771691560745239,0,0,0,0,1,1
before,127300000,127100000,127300,127094,127094,-0.1758191554771602,0.017143659095706833,0.010000000298023226,0.0056250004470348447,1,800,126500,127200,1,0.016178753669334991,-0.00096490542637184262,-0.00096490542637184262,-2.0148087709175289,-1.8389896154403687,0,0,0,0,1,1
after,127300000,127100000,127300,127094,127094,-0.1758191554771602,0.017143659095706833,0.010000000298023226,0.0056250004470348447,1,800,126500,127300,1,-0.00096490542637184262,-0.00096490542637184262,-0.00096490542637184262,-2.0148087709175289,-1.8389896154403687,0,0,0,0,1,1
before,127400000,127200000,127400,127194,127194,-0.042792466845144927,-0.16075837186740982,0.010000000298023226,0.0056250004470348447,1,900,126500,127300,1,-0.0061802821533595374,0.15457808971405029,0.15457808971405029,-1.9270994937082431,-1.8843070268630981,0,0,0,0,1,1
after,127400000,127200000,127400,127194,127194,-0.042792466845144927,-0.16075837186740982,0.010000000298023226,0.0056250004470348447,1,900,126500,127400,1,0.15457808971405029,0.15457808971405029,0.15457808971405029,-1.9270994937082431,-1.8843070268630981,0,0,0,0,1,1
before,127500000,127300000,127500,127294,127294,0.12545700527217507,0.13861458147950223,0.010000000298023226,0.0056250004470348447,1,1000,126500,127400,1,0.1499626418117409,0.011348060332238674,0.011348060332238674,-1.890630526771282,-2.016087532043457,0,0,0,0,1,1
after,127500000,127300000,127500,127294,127294,0.12545700527217507,0.13861458147950223,0.010000000298023226,0.0056250004470348447,1,1000,127500,127400,1,0.011348060332238674,0.011348060332238674,0.011348060332238674,-1.890630526771282,-2.016087532043457,0,0,0,0,1,1
before,127600000,127400000,127600,127394,127394,-0.00068313412049603173,-0.0614141124174487,0.010000000298023226,0.0056250004470348447,1,100,127500,127400,1,0.010735380382787046,0.072149492800235748,0.072149492800235748,-1.952518170398267,-1.951835036277771,0,0,0,0,1,1
after,127600000,127400000,127600,127394,127394,-0.00068313412049603173,-0.0614141124174487,0.010000000298023226,0.0056250004470348447,1,100,127500,127600,1,0.072149492800235748,0.072149492800235748,0.072149492800235748,-1.952518170398267,-1.951835036277771,0,0,0,0,1,1
before,127700000,127500000,127700,127494,127494,0.049791985320156273,0.20490036386619925,0.010000000298023226,0.0056250004470348447,1,200,127500,127600,1,0.073658610168803929,-0.13124175369739532,-0.13124175369739532,-1.9448542062768286,-1.9946461915969849,0,0,0,0,1,1
after,127700000,127500000,127700,127494,127494,0.049791985320156273,0.20490036386619925,0.010000000298023226,0.0056250004470348447,1,200,127500,127700,1,-0.13124175369739532,-0.13124175369739532,-0.13124175369739532,-1.9448542062768286,-1.9946461915969849,0,0,0,0,1,1
before,127800000,127600000,127800,127594,127594,0.12632497893311201,-0.15130770122992526,0.010000000298023226,0.0056250004470348447,1,300,127500,127700,1,-0.12287553875135911,0.02843216247856617,0.02843216247856617,-1.9822458351995784,-2.1085708141326904,0,0,0,0,1,1
after,127800000,127600000,127800,127594,127594,0.12632497893311201,-0.15130770122992526,0.010000000298023226,0.0056250004470348447,1,300,127500,127800,1,0.02843216247856617,0.02843216247856617,0.02843216247856617,-1.9822458351995784,-2.1085708141326904,0,0,0,0,1,1
before,127900000,127700000,127900,127694,127694,-0.0091790192384189062,0.147332855160276,0.010000000298023226,0.0056250004470348447,1,400,127500,127800,1,0.032510832543412749,-0.11482202261686325,-0.11482202261686325,-2.0423885815400546,-2.0332095623016357,0,0,0,0,1,1
after,127900000,127700000,127900,127694,127694,-0.0091790192384189062,0.147332855160276,0.010000000298023226,0.0056250004470348447,1,400,127500,127900,1,-0.11482202261686325,-0.11482202261686325,-0.11482202261686325,-2.0423885815400546,-2.0332095623016357,0,0,0,0,1,1
before,128000000,127800000,128000,127794,127794,0.03105483839341705,-0.19063316314504036,0.010000000298023226,0.0056250004470348447,1,500,127500,127900,1,-0.10905057965800651,0.081582583487033844,0.081582583487033844,-2.0488683145301669,-2.079923152923584,0,0,0,0,1,1
after,128000000,127800000,128000,127794,127794,0.03105483839341705,-0.19063316314504036,0.010000000298023226,0.0056250004470348447,1,500,127500,128000,1,0.081582583487033844,0.081582583487033844,0.081582583487033844,-2.0488683145301669,-2.079923152923584,0,0,0,0,1,1
before,128100000,127900000,128100,127893,127894,-0.10130953390650799,0.01497719441093974,0.010000000298023226,0.0056250004470348447,1,600,127500,128000,1,0.087570436340947674,0.072593241930007935,0.072593241930007935,-2.0557699163680558,-1.9544603824615479,0,0,0,0,1,1
after,128100000,127900000,128100,127893,127894,-0.10130953390650799,0.01497719441093974,0.010000000298023226,0.0056250004470348447,1,600,127500,128100,1,0.072593241930007935,0.072593241930007935,0.072593241930007935,-2.0557699163680558,-1.9544603824615479,0,0,0,0,1,1
before,128199999,128000000,128199,127994,127994,-0.048450154877110796,-0.037737578538369537,0.010000000298023226,0.0056250004470348447,1,699,127500,128100,1,0.055088795336771607,0.092826373875141144,0.092826373875141144,-1.9991604515079702,-1.9507102966308594,0,0,0,0,1,1
after,128199999,128000000,128199,127994,127994,-0.048450154877110796,-0.037737578538369537,0.010000000298023226,0.0056250004470348447,1,699,127500,128199,1,0.092826373875141144,0.092826373875141144,0.092826373875141144,-1.9991604515079702,-1.9507102966308594,0,0,0,0,1,1
before,128300000,128100000,128300,128094,128094,-0.014736555810323404,0.011061371485206098,0.010000000298023226,0.0056250004470348447,1,800,127500,128199,1,0.087811344484302015,0.076749972999095917,0.076749972999095917,-1.9661060798123986,-1.9513695240020752,0,0,0,0,1,1
after,128300000,128100000,128300,128094,128094,-0.014736555810323404,0.011061371485206098,0.010000000298023226,0.0056250004470348447,1,800,127500,128300,1,0.076749972999095917,0.076749972999095917,0.076749972999095917,-1.9661060798123986,-1.9513695240020752,0,0,0,0,1,1
before,128400000,128199000,128400,128194,128194,0.058500058482995998,0.057048986507008709,0.010000000298023226,0.0056250004470348447,1,900,127500,128300,1,0.079430415136168636,0.022381428629159927,0.022381428629159927,-1.9507763315926876,-2.0092763900756836,0,0,0,0,1,1
after,128400000,128199000,128400,128194,128194,0.058500058482995998,0.057048986507008709,0.010000000298023226,0.0056250004470348447,1,900,127500,128400,1,0.022381428629159927,0.022381428629159927,0.022381428629159927,-1.9507763315926876,-2.0092763900756836,0,0,0,0,1,1
before,128500000,128300000,128500,128294,128294,0.028701614143904708,0.014414434314088703,0.010000000298023226,0.0056250004470348447,1,1000,127500,128400,1,0.020595198490040184,0.0061807641759514809,0.0061807641759514809,-1.9780945074533853,-2.00679612159729,0,0,0,0,1,1
after,128500000,128300000,128500,128294,128294,0.028701614143904708,0.014414434314088703,0.010000000298023226,0.0056250004470348447,1,1000,127500,128500,1,0.0061807641759514809,0.0061807641759514809,0.0061807641759514809,-1.9780945074533853,-2.00679612159729,0,0,0,0,1,1
before,128600000,128400000,128600,128393,128393,-0.054456010641972696,-0.017327924781171476,0.010000000298023226,0.0056250004470348447,1,1100,127500,128500,1,0.0099427089461406118,0.027270633727312088,0.027270633727312088,-1.9915837200307056,-1.9371277093887329,0,0,0,0,1,1
after,128600000,128400000,128600,128393,128393,-0.054456010641972696,-0.017327924781171476,0.010000000298023226,0.0056250004470348447,1,1100,127500,128600,1,0.027270633727312088,0.027270633727312088,0.027270633727312088,-1.9915837200307056,-1.9371277093887329,0,0,0,0,1,1
before,128699999,128500000,128699,128494,128494,-0.021127670867615578,0.013309417437492321,0.010000000298023226,0.0056250004470348447,1,1199,127500,128600,1,0.027914521429418037,0.014605103991925716,0.014605103991925716,-1.9614777265621957,-1.9403500556945801,0,0,0,0,1,1
after,128699999,128500000,128699,128494,128494,-0.021127670867615578,0.013309417437492321,0.010000000298023226,0.0056250004470348447,1,1199,127500,128699,1,0.014605103991925716,0.014605103991925716,0.014605103991925716,-1.9614777265621957,-1.9403500556945801,0,0,0,0,1,1
before,128800000,128600000,128800,128594,128594,-0.074468330388310466,0.0053506332659055151,0.010000000298023226,0.0056250004470348447,1,1300,127500,128699,1,0.0083740972657580532,0.0030234639998525381,0.0030234639998525381,-1.9500078716328173,-1.8755395412445068,0,0,0,0,1,1
after,128800000,128600000,128800,128594,128594,-0.074468330388310466,0.0053506332659055151,0.010000000298023226,0.0056250004470348447,1,1300,127500,128800,1,0.0030234639998525381,0.0030234639998525381,0.0030234639998525381,-1.9500078716328173,-1.8755395412445068,0,0,0,0,1,1
before,128900000,128699000,128900,128694,128694,-0.16811155250544041,-0.078171514403141046,0.010000000298023226,0.0056250004470348447,1,1400,127500,128800,1,0.014226473439418762,0.092397987842559814,0.092397987842559814,-1.9115068810271689,-1.7433953285217285,0,0,0,0,1,1
after,128900000,128699000,128900,128694,128694,-0.16811155250544041,-0.078171514403141046,0.010000000298023226,0.0056250004470348447,1,1400,128900,128800,1,0.092397987842559814,0.092397987842559814,0.092397987842559814,-1.9115068810271689,-1.7433953285217285,0,0,0,0,1,1
before,129000000,128800000,129000,128794,128794,0.32629132487120538,0.27810447893273238,0.010000000298023226,0.0056250004470348447,1,100,128900,128800,1,0.092930818415993502,-0.18517366051673889,-0.18517366051673889,-1.8177883603399763,-2.1440796852111816,0,0,0,0,1,1
after,129000000,128800000,129000,128794,128794,0.32629132487120538,0.27810447893273238,0.010000000298023226,0.0056250004470348447,1,100,129000,128800,1,-0.18517366051673889,-0.18517366051673889,-0.18517366051673889,-1.8177883603399763,-2.1440796852111816,0,0,0,0,1,1
before,129100000,128900000,129100,128893,128893,-0.14069015570417132,-0.12528954530823933,0.010000000298023226,0.0056250004470348447,1,100,129000,128800,1,-0.18307898650634991,-0.05778944119811058,-0.05778944119811058,-1.9999188859058925,-1.8592287302017212,0,0,0,0,1,1
after,129100000,128900000,129100,128893,128893,-0.14069015570417132,-0.12528954530823933,0.010000000298023226,0.0056250004470348447,1,100,129100,128800,1,-0.05778944119811058,-0.05778944119811058,-0.05778944119811058,-1.9999188859058925,-1.8592287302017212,0,0,0,0,1,1
before,129199999,129000000,129199,128994,128994,0.12561774453681696,-0.14405876733750936,0.010000000298023226,0.0056250004470348447,1,99,129100,128800,1,-0.059351663667865963,0.084707103669643402,0.084707103669643402,-1.9352025965734125,-2.0608203411102295,0,0,0,0,1,1
after,129199999,129000000,129199,128994,128994,0.12561774453681696,-0.14405876733750936,0.010000000298023226,0.0056250004470348447,1,99,129100,129199,1,0.084707103669643402,0.084707103669643402,0.084707103669643402,-1.9352025965734125,-2.0608203411102295,0,0,0,0,1,1
before,129300000,129100000,129300,129094,129094,-0.16008450856124834,0.057490975829861554,0.010000000298023226,0.0056250004470348447,1,200,129100,129199,1,0.091712330701849851,0.034221354871988297,0.034221354871988297,-1.9892049061289974,-1.829120397567749,0,0,0,0,1,1
after,129300000,129100000,129300,129094,129094,-0.16008450856124834,0.057490975829861554,0.010000000298023226,0.0056250004470348447,1,200,129100,129300,1,0.034221354871988297,0.034221354871988297,0.034221354871988297,-1.9892049061289974,-1.829120397567749,0,0,0,0,1,1
before,129400000,129199000,129400,129194,129194,-0.025095727239730969,0.042197342963206666,0.010000000298023226,0.0056250004470348447,1,300,129100,129300,1,0.018330428750502965,-0.023866914212703705,-0.023866914212703705,-1.9067636988507539,-1.8816679716110229,0,0,0,0,1,1
after,129400000,129199000,129400,129194,129194,-0.025095727239730969,0.042197342963206666,0.010000000298023226,0.0056250004470348447,1,300,129100,129400,1,-0.023866914212703705,-0.023866914212703705,-0.023866914212703705,-1.9067636988507539,-1.8816679716110229,0,0,0,0,1,1
before,129500000,129300000,129500,129294,129294,0.065710685379350542,-0.10339148437515433,0.010000000298023226,0.0056250004470348447,1,400,129100,129400,1,-0.020404503698503336,0.082986980676651001,0.082986980676651001,-1.8963695548702832,-1.9620802402496338,0,0,0,0,1,1
after,129500000,129300000,129500,129294,129294,0.065710685379350542,-0.10339148437515433,0.010000000298023226,0.0056250004470348447,1,400,129100,129500,1,0.082986980676651001,0.082986980676651001,0.082986980676651001,-1.8963695548702832,-1.9620802402496338,0,0,0,0,1,1
before,129600000,129400000,129600,129393,129393,0.01389623027891429,-0.010197276827924401,0.010000000298023226,0.0056250004470348447,1,500,129100,129500,1,0.095335220339662879,0.10553249716758728,0.10553249716758728,-1.9199488129034588,-1.933845043182373,0,0,0,0,1,1
after,129600000,129400000,129600,129393,129393,0.01389623027891429,-0.010197276827924401,0.010000000298023226,0.0056250004470348447,1,500,129100,129600,1,0.10553249716758728,0.10553249716758728,0.10553249716758728,-1.9199488129034588,-1.933845043182373,0,0,0,0,1,1
before,129699999,129500000,129699,129494,129494,0.03710377039098689,0.19901592574170335,0.010000000298023226,0.0056250004470348447,1,599,129100,129600,1,0.096186096883327785,-0.10282982885837555,-0.10282982885837555,-1.9171310680947309,-1.9542348384857178,0,0,0,0,1,1
after,129699999,129500000,129699,129494,129494,0.03710377039098689,0.19901592574170335,0.010000000298023226,0.0056250004470348447,1,599,129100,129699,1,-0.10282982885837555,-0.10282982885837555,-0.10282982885837555,-1.9171310680947309,-1.9542348384857178,0,0,0,0,1,1
before,129800000,129600000,129800,129594,129594,0.089274503493415036,-0.15155674440581224,0.010000000298023226,0.0056250004470348447,1,700,129100,129699,1,-0.10755634603816887,0.044000398367643356,0.044000398367643356,-1.9465252382515801,-2.0357997417449951,0,0,0,0,1,1
after,129800000,129600000,129800,129594,129594,0.089274503493415036,-0.15155674440581224,0.010000000298023226,0.0056250004470348447,1,700,129100,129800,1,0.044000398367643356,0.044000398367643356,0.044000398367643356,-1.9465252382515801,-2.0357997417449951,0,0,0,0,1,1
before,129900000,129699000,129900,129694,129694,0.14259371899257189,0.018848799296251197,0.010000000298023226,0.0056250004470348447,1,800,129100,129800,1,0.047780741133323569,0.028931941837072372,0.028931941837072372,-1.9865910039078187,-2.1291847229003906,0,0,0,0,1,1
after,129900000,129699000,129900,129694,129694,0.14259371899257189,0.018848799296251197,0.010000000298023226,0.0056250004470348447,1,800,129100,129900,1,0.028931941837072372,0.028931941837072372,0.028931941837072372,-1.9865910039078187,-2.1291847229003906,0,0,0,0,1,1
before,130000000,129800000,130000,129794,129794,-0.16035738875216987,0.049626531885854155,0.010000000298023226,0.0056250004470348447,1,900,129100,129900,1,0.013254026757470517,-0.036372505128383636,-0.036372505128383636,-2.0566276638681367,-1.8962702751159668,0,0,0,0,1,1
after,130000000,129800000,130000,129794,129794,-0.16035738875216987,0.049626531885854155,0.010000000298023226,0.0056250004470348447,1,900,129100,130000,1,-0.036372505128383636,-0.036372505128383636,-0.036372505128383636,-2.0566276638681367,-1.8962702751159668,0,0,0,0,1,1
before,130100000,129900000,130100,129893,129893,0.022482629821418465,0.030401876019428557,0.010000000298023226,0.0056250004470348447,1,1000,129100,130000,1,-0.039274694574882203,-0.06967657059431076,-0.06967657059431076,-1.9801020659946216,-2.00258469581604,0,0,0,0,1,1
after,130100000,129900000,130100,129893,129893,0.022482629821418465,0.030401876019428557,0.010000000298023226,0.0056250004470348447,1,1000,129100,130100,1,-0.06967657059431076,-0.06967657059431076,-0.06967657059431076,-1.9801020659946216,-2.00258469581604,0,0,0,0,1,1
before,130199999,130000000,130199,129994,129994,-0.14527209922057804,-0.069354815026741082,0.010000000298023226,0.0056250004470348447,1,1099,129100,130100,1,-0.077840851237993294,-0.0084860362112522125,-0.0084860362112522125,-1.9991002909777802,-1.8538281917572021,0,0,0,0,1,1
after,130199999,130000000,130199,129994,129994,-0.14527209922057804,-0.069354815026741082,0.010000000298023226,0.0056250004470348447,1,1099,129100,130199,1,-0.0084860362112522125,-0.0084860362112522125,-0.0084860362112522125,-1.9991002909777802,-1.8538281917572021,0,0,0,0,1,1
before,130300000,130100000,130300,130094,130094,-0.075882077016393934,0.055698328308476958,0.010000000298023226,0.0056250004470348447,1,1200,129100,130199,1,-0.010928689845190489,-0.06662701815366745,-0.06662701815366745,-1.9273030755896972,-1.8514209985733032,0,0,0,0,1,1
after,130300000,130100000,130300,130094,130094,-0.075882077016393934,0.055698328308476958,0.010000000298023226,0.0056250004470348447,1,1200,129100,130300,1,-0.06662701815366745,-0.06662701815366745,-0.06662701815366745,-1.9273030755896972,-1.8514209985733032,0,0,0,0,1,1
before,130400000,130199000,130400,130194,130194,-0.12621531641036965,0.058954697773845252,0.010000000298023226,0.0056250004470348447,1,1300,129100,130300,1,-0.06963232464989895,-0.1285870224237442,-0.1285870224237442,-1.8961822763636778,-1.7699669599533081,0,0,0,0,1,1
after,130400000,130199000,130400,130194,130194,-0.12621531641036965,0.058954697773845252,0.010000000298023226,0.0056250004470348447,1,1300,129100,130400,1,-0.1285870224237442,-0.1285870224237442,-0.1285870224237442,-1.8961822763636778,-1.7699669599533081,0,0,0,0,1,1
before,130500000,130300000,130500,130294,130294,0.1719800083410552,-0.066571597239514502,0.010000000298023226,0.0056250004470348447,1,1400,129100,130400,1,-0.11795999132706753,-0.051388394087553024,-0.051388394087553024,-1.8447505386102387,-2.0167305469512939,0,0,0,0,1,1
after,130500000,130300000,130500,130294,130294,0.1719800083410552,-0.066571597239514502,0.010000000298023226,0.0056250004470348447,1,1400,129100,130500,1,-0.051388394087553024,-0.051388394087553024,-0.051388394087553024,-1.8447505386102387,-2.0167305469512939,0,0,0,0,1,1
before,130600000,130400000,130600,130393,130393,-0.1162977972714816,-0.0056552809896066314,0.010000000298023226,0.0056250004470348447,1,1500,129100,130500,1,-0.062552507710654986,-0.056897226721048355,-0.056897226721048355,-1.937177018234006,-1.8208792209625244,0,0,0,0,1,1
after,130600000,130400000,130600,130393,130393,-0.1162977972714816,-0.0056552809896066314,0.010000000298023226,0.0056250004470348447,1,1500,129100,130600,1,-0.056897226721048355,-0.056897226721048355,-0.056897226721048355,-1.937177018234006,-1.8208792209625244,0,0,0,0,1,1
before,130699999,130500000,130699,130494,130494,0.067990780720309951,-0.17160538605679862,0.010000000298023226,0.0056250004470348447,1,1599,129100,130600,1,-0.059381455399888677,0.11222393065690994,0.11222393065690994,-1.8847500077394679,-1.9527407884597778,0,0,0,0,1,1
after,130699999,130500000,130699,130494,130494,0.067990780720309951,-0.17160538605679862,0.010000000298023226,0.0056250004470348447,1,1599,129100,130699,1,0.11222393065690994,0.11222393065690994,0.11222393065690994,-1.8847500077394679,-1.9527407884597778,0,0,0,0,1,1
before,130800000,130600000,130800,130594,130594,-0.024477138124262554,0.24494906042638506,0.010000000298023226,0.0056250004470348447,1,1700,129100,130699,1,0.11935889993730273,-0.12559016048908234,-0.12559016048908234,-1.9070661207063548,-1.8825889825820923,0,0,0,0,1,1
after,130800000,130600000,130800,130594,130594,-0.024477138124262554,0.24494906042638506,0.010000000298023226,0.0056250004470348447,1,1700,129100,130800,1,-0.12559016048908234,-0.12559016048908234,-0.12559016048908234,-1.9070661207063548,-1.8825889825820923,0,0,0,0,1,1
before,130900000,130699000,130900,130694,130694,0.13856291594476211,-0.13910233093504115,0.010000000298023226,0.0056250004470348447,1,1800,129100,130800,1,-0.12213096445504827,0.016971366479992867,0.016971366479992867,-1.9069840925696422,-2.0455470085144043,0,0,0,0,1,1
after,130900000,130699000,130900,130694,130694,0.13856291594476211,-0.13910233093504115,0.010000000298023226,0.0056250004470348447,1,1800,129100,130900,1,0.016971366479992867,0.016971366479992867,0.016971366479992867,-1.9069840925696422,-2.0455470085144043,0,0,0,0,1,1
before,131000000,130800000,131000,130794,130794,-0.044811365806810555,0.060281731975711829,0.010000000298023226,0.0056250004470348447,1,1900,129100,130900,1,0.012576726121343621,-0.04770500585436821,-0.04770500585436821,-1.9751881339189932,-1.9303767681121826,0,0,0,0,1,1
after,131000000,130800000,131000,130794,130794,-0.044811365806810555,0.060281731975711829,0.010000000298023226,0.0056250004470348447,1,1900,129100,131000,1,-0.04770500585436821,-0.04770500585436821,-0.04770500585436821,-1.9751881339189932,-1.9303767681121826,0,0,0,0,1,1
before,131100000,130900000,131100,130893,130893,0.13073468959889145,-0.18577514278594418,0.010000000298023226,0.0056250004470348447,1,2000,129100,131000,1,-0.055149984237589073,0.1306251585483551,0.1306251585483551,-1.9581031724158791,-2.0888378620147705,0,0,0,0,1,1
after,131100000,130900000,131100,130893,130893,0.13073468959889145,-0.18577514278594418,0.010000000298023226,0.0056250004470348447,1,2000,129100,131100,1,0.1306251585483551,0.1306251585483551,0.1306251585483551,-1.9581031724158791,-2.0888378620147705,0,0,0,0,1,1
before,131199999,131000000,131199,130994,130994,-0.15515507460525324,0.094995227192868251,0.010000000298023226,0.0056250004470348447,1,2099,129100,131100,1,0.11946304004393961,0.024467812851071358,0.024467812851071358,-2.0116440177052288,-1.8564889430999756,0,0,0,0,1,1
after,131199999,131000000,131199,130994,130994,-0.15515507460525324,0.094995227192868251,0.010000000298023226,0.0056250004470348447,1,2099,129100,131199,1,0.024467812851071358,0.024467812851071358,0.024467812851071358,-2.0116440177052288,-1.8564889430999756,0,0,0,0,1,1
before,131300000,131100000,131300,131094,131094,-0.095504973526802095,-0.092281555812478433,0.010000000298023226,0.0056250004470348447,1,2200,129100,131199,1,0.023501114864229782,0.11578267067670822,0.11578267067670822,-1.9314583283623123,-1.8359533548355103,0,0,0,0,1,1
after,131300000,131100000,131300,131094,131094,-0.095504973526802095,-0.092281555812478433,0.010000000298023226,0.0056250004470348447,1,2200,129100,131300,1,0.11578267067670822,0.11578267067670822,0.11578267067670822,-1.9314583283623123,-1.8359533548355103,0,0,0,0,1,1
before,131400000,131199000,131400,131194,131194,0.048437328315102501,0.12386888987245553,0.010000000298023226,0.0056250004470348447,1,2300,129100,131300,1,0.10441959812166685,-0.019449291750788689,-0.019449291750788689,-1.872939972901023,-1.9213773012161255,0,0,0,0,1,1
after,131400000,131199000,131400,131194,131194,0.048437328315102501,0.12386888987245553,0.010000000298023226,0.0056250004470348447,1,2300,129100,131400,1,-0.019449291750788689,-0.019449291750788689,-0.019449291750788689,-1.872939972901023,-1.9213773012161255,0,0,0,0,1,1
before,131500000,131300000,131500,131294,131294,0.033120667930873759,-0.14680320480868908,0.010000000298023226,0.0056250004470348447,1,2400,129100,131400,1,-0.025902052317119569,0.12090115249156952,0.12090115249156952,-1.8997901320492898,-1.9329107999801636,0,0,0,0,1,1
after,131500000,131300000,131500,131294,131294,0.033120667930873759,-0.14680320480868908,0.010000000298023226,0.0056250004470348447,1,2400,129100,131500,1,0.12090115249156952,0.12090115249156952,0.12090115249156952,-1.8997901320492898,-1.9329107999801636,0,0,0,0,1,1
before,131600000,131400000,131600,131394,131394,-0.080151370209365025,0.16138575520813642,0.010000000298023226,0.0056250004470348447,1,2500,129100,131500,1,0.10335506421029743,-0.058030690997838974,-0.058030690997838974,-1.9058341294943382,-1.8256827592849731,0,0,0,0,1,1
after,131600000,131400000,131600,131394,131394,-0.080151370209365025,0.16138575520813642,0.010000000298023226,0.0056250004470348447,1,2500,129100,131600,1,-0.058030690997838974,-0.058030690997838974,-0.058030690997838974,-1.9058341294943382,-1.8256827592849731,0,0,0,0,1,1
before,131699999,131500000,131699,131494,131494,0.19961185694864159,-0.07681099601506694,0.010000000298023226,0.0056250004470348447,1,2599,129100,131600,1,-0.050226549584860648,0.026584446430206299,0.026584446430206299,-1.8707366442568027,-2.0703485012054443,0,0,0,0,1,1
after,131699999,131500000,131699,131494,131494,0.19961185694864159,-0.07681099601506694,0.010000000298023226,0.0056250004470348447,1,2599,129100,131699,1,0.026584446430206299,0.026584446430206299,0.026584446430206299,-1.8707366442568027,-2.0703485012054443,0,0,0,0,1,1
before,131800000,131600000,131800,131594,131594,0.15567982929215973,-0.0015500896642987004,0.010000000298023226,0.0056250004470348447,1,2700,129100,131699,1,0.020633431055110289,0.022183520719408989,0.022183520719408989,-1.9688044713212436,-2.1244843006134033,0,0,0,0,1,1
after,131800000,131600000,131800,131594,131594,0.15567982929215973,-0.0015500896642987004,0.010000000298023226,0.0056250004470348447,1,2700,129100,131800,1,0.022183520719408989,0.022183520719408989,0.022183520719408989,-1.9688044713212436,-2.1244843006134033,0,0,0,0,1,1
before,131900000,131699000,131900,131694,131694,-0.0010489353718723393,-0.062595946750267528,0.010000000298023226,0.0056250004470348447,1,2800,129100,131800,1,0.0086205768970408232,0.07121652364730835,0.07121652364730835,-2.0458635220112766,-2.0448145866394043,0,0,0,0,1,1
after,131900000,131699000,131900,131694,131694,-0.0010489353718723393,-0.062595946750267528,0.010000000298023226,0.0056250004470348447,1,2800,129100,131900,1,0.07121652364730835,0.07121652364730835,0.07121652364730835,-2.0458635220112766,-2.0448145866394043,0,0,0,0,1,1
before,132000000,131800000,132000,131794,131794,-0.036830034389603306,0.11192138068744342,0.010000000298023226,0.0056250004470348447,1,2900,129100,131900,1,0.085400942195145296,-0.026520438492298126,-0.026520438492298126,-2.0369559193993689,-2.0001258850097656,0,0,0,0,1,1
after,132000000,131800000,132000,131794,131794,-0.036830034389603306,0.11192138068744342,0.010000000298023226,0.0056250004470348447,1,2900,129100,132000,1,-0.026520438492298126,-0.026520438492298126,-0.026520438492298126,-2.0369559193993689,-2.0001258850097656,0,0,0,0,1,1
before,132100000,131900000,132100,131894,131894,-0.20043288226289446,0.033862094613155543,0.010000000298023226,0.0056250004470348447,1,3000,129100,132000,1,-0.038456027177730383,-0.072318121790885925,-0.072318121790885925,-2.022093043281266,-1.8216601610183716,0,0,0,0,1,1
after,132100000,131900000,132100,131894,131894,-0.20043288226289446,0.033862094613155543,0.010000000298023226,0.0056250004470348447,1,3000,129100,132100,1,-0.072318121790885925,-0.072318121790885925,-0.072318121790885925,-2.022093043281266,-1.8216601610183716,0,0,0,0,1,1
before,132199999,132000000,132199,131994,131994,-0.012902735859638526,0.08837287082951617,0.010000000298023226,0.0056250004470348447,1,3099,129100,132100,1,-0.058239117714947934,-0.14661198854446411,-0.14661198854446411,-1.927496909291035,-1.9145941734313965,0,0,0,0,1,1
after,132199999,132000000,132199,131994,131994,-0.012902735859638526,0.08837287082951617,0.010000000298023226,0.0056250004470348447,1,3099,129100,132199,1,-0.14661198854446411,-0.14661198854446411,-0.14661198854446411,-1.927496909291035,-1.9145941734313965,0,0,0,0,1,1
before,132300000,132100000,132300,132094,132094,-0.052970010156307978,0.0039627202620996504,0.010000000298023226,0.0056250004470348447,1,3200,129100,132199,1,-0.15080130614132747,-0.15476402640342712,-0.15476402640342712,-1.9359817088791473,-1.8830116987228394,0,0,0,0,1,1
after,132300000,132100000,132300,132094,132094,-0.052970010156307978,0.0039627202620996504,0.010000000298023226,0.0056250004470348447,1,3200,129100,132300,1,-0.15476402640342712,-0.15476402640342712,-0.15476402640342712,-1.9359817088791473,-1.8830116987228394,0,0,0,0,1,1
before,132400000,132199000,132400,132194,132194,0.045744484243227745,-0.16049303836711384,0.010000000298023226,0.0056250004470348447,1,3300,129100,132300,1,-0.15924547613189258,0.0012475622352212667,0.0012475622352212667,-1.925215059938596,-1.9709595441818237,0,0,0,0,1,1
after,132400000,132199000,132400,132194,132194,0.045744484243227745,-0.16049303836711384,0.010000000298023226,0.0056250004470348447,1,3300,129100,132400,1,0.0012475622352212667,0.0012475622352212667,0.0012475622352212667,-1.925215059938596,-1.9709595441818237,0,0,0,0,1,1
before,132500000,132300000,132500,132294,132294,-0.17011993540415005,0.028603346374437066,0.010000000298023226,0.0056250004470348447,1,3400,129100,132400,1,0.013102339868053646,-0.015501006506383419,-0.015501006506383419,-1.946942502390234,-1.776822566986084,0,0,0,0,1,1
after,132500000,132300000,132500,132294,132294,-0.17011993540415005,0.028603346374437066,0.010000000298023226,0.0056250004470348447,1,3400,129100,132500,1,-0.015501006506383419,-0.015501006506383419,-0.015501006506383419,-1.946942502390234,-1.776822566986084,0,0,0,0,1,1
before,132600000,132400000,132600,132394,132394,0.041292704564500404,0.0094999892583686133,0.010000000298023226,0.0056250004470348447,1,3500,129100,132500,1,-0.0062494112232130746,-0.015749400481581688,-0.015749400481581688,-1.8623903618036026,-1.903683066368103,0,0,0,0,1,1
after,132600000,132400000,132600,132394,132394,0.041292704564500404,0.0094999892583686133,0.010000000298023226,0.0056250004470348447,1,3500,129100,132600,1,-0.015749400481581688,-0.015749400481581688,-0.015749400481581688,-1.8623903618036026,-1.903683066368103,0,0,0,0,1,1
before,132699999,132500000,132699,132494,132494,0.070683879081806955,-0.12443334290577701,0.010000000298023226,0.0056250004470348447,1,3599,129100,132600,1,-0.031912994178073917,0.092520348727703094,0.092520348727703094,-1.8859419401244308,-1.9566258192062378,0,0,0,0,1,1
after,132699999,132500000,132699,132494,132494,0.070683879081806955,-0.12443334290577701,0.010000000298023226,0.0056250004470348447,1,3599,129100,132699,1,0.092520348727703094,0.092520348727703094,0.092520348727703094,-1.8859419401244308,-1.9566258192062378,0,0,0,0,1,1
before,132800000,132600000,132800,132594,132594,-0.020883764072260114,0.046437137524269576,0.010000000298023226,0.0056250004470348447,1,3700,129100,132699,1,0.094244588861845488,0.047807451337575912,0.047807451337575912,-1.9120195758779852,-1.8911358118057251,0,0,0,0,1,1
after,132800000,132600000,132800,132594,132594,-0.020883764072260114,0.046437137524269576,0.010000000298023226,0.0056250004470348447,1,3700,129100,132800,1,0.047807451337575912,0.047807451337575912,0.047807451337575912,-1.9120195758779852,-1.8911358118057251,0,0,0,0,1,1
before,132900000,132699000,132900,132694,132694,0.28962756837751069,0.046782219922645106,0.010000000298023226,0.0056250004470348447,1,3800,129100,132800,1,0.054101765761626973,0.0073195458389818668,0.0073195458389818668,-1.8962080315217813,-2.185835599899292,0,0,0,0,1,1
after,132900000,132699000,132900,132694,132694,0.28962756837751069,0.046782219922645106,0.010000000298023226,0.0056250004470348447,1,3800,129100,132900,1,0.0073195458389818668,0.0073195458389818668,0.0073195458389818668,-1.8962080315217813,-2.185835599899292,0,0,0,0,1,1
before,133000000,132800000,133000,132794,132794,-0.19792911762312926,-0.056370301942113871,0.010000000298023226,0.0056250004470348447,1,3900,129100,132900,1,-0.00043365250039481844,0.055936649441719055,0.055936649441719055,-2.0414845680625824,-1.8435554504394531,0,0,0,0,1,1
after,133000000,132800000,133000,132794,132794,-0.19792911762312926,-0.056370301942113871,0.010000000298023226,0.0056250004470348447,1,3900,129100,133000,1,0.055936649441719055,0.055936649441719055,0.055936649441719055,-2.0414845680625824,-1.8435554504394531,0,0,0,0,1,1
before,133100000,132900000,133100,132894,132894,-0.067485723984218815,-0.025224062013894107,0.010000000298023226,0.0056250004470348447,1,4000,129100,133000,1,0.044922021817893003,0.070146083831787109,0.070146083831787109,-1.9375806193470728,-1.870094895362854,0,0,0,0,1,1
after,133100000,132900000,133100,132894,132894,-0.067485723984218815,-0.025224062013894107,0.010000000298023226,0.0056250004470348447,1,4000,129100,133100,1,0.070146083831787109,0.070146083831787109,0.070146083831787109,-1.9375806193470728,-1.870094895362854,0,0,0,0,1,1
before,133199999,133000000,133199,132994,132994,0.11826022580237638,0.24455897508501023,0.010000000298023226,0.0056250004470348447,1,4099,129100,133100,1,0.090778127297153163,-0.15378084778785706,-0.15378084778785706,-1.8948463587465738,-2.0131065845489502,0,0,0,0,1,1
after,133199999,133000000,133199,132994,132994,0.11826022580237638,0.24455897508501023,0.010000000298023226,0.0056250004470348447,1,4099,133199,133100,1,-0.15378084778785706,-0.15378084778785706,-0.15378084778785706,-1.8948463587465738,-2.0131065845489502,0,0,0,0,1,1
before,133300000,133100000,133300,133094,133094,0.1266043070517755,-0.26408508754692012,0.010000000298023226,0.0056250004470348447,1,101,133199,133100,1,-0.15784563458881312,0.10623945295810699,0.10623945295810699,-1.9698736783303046,-2.0964779853820801,0,0,0,0,1,1
after,133300000,133100000,133300,133094,133094,0.1266043070517755,-0.26408508754692012,0.010000000298023226,0.0056250004470348447,1,101,133199,133300,1,0.10623945295810699,0.10623945295810699,0.10623945295810699,-1.9698736783303046,-2.0964779853820801,0,0,0,0,1,1
before,133400000,133199000,133400,133194,133194,-0.044349383068409853,0.10520333923431154,0.010000000298023226,0.0056250004470348447,1,201,133199,133300,1,0.080171556547601178,-0.025031782686710358,-0.025031782686710358,-2.024983953190175,-1.9806345701217651,0,0,0,0,1,1
after,133400000,133199000,133400,133194,133194,-0.044349383068409853,0.10520333923431154,0.010000000298023226,0.0056250004470348447,1,201,133199,133400,1,-0.025031782686710358,-0.025031782686710358,-0.025031782686710358,-2.024983953190175,-1.9806345701217651,0,0,0,0,1,1
before,133500000,133300000,133500,133294,133294,0.029617973323300628,-0.0053837271078158999,0.010000000298023226,0.0056250004470348447,1,301,133199,133400,1,-0.049321309630446591,-0.043937582522630692,-0.043937582522630692,-2.0073326149030177,-2.0369505882263184,0,0,0,0,1,1
after,133500000,133300000,133500,133294,133294,0.029617973323300628,-0.0053837271078158999,0.010000000298023226,0.0056250004470348447,1,301,133199,133500,1,-0.043937582522630692,-0.043937582522630692,-0.043937582522630692,-2.0073326149030177,-2.0369505882263184,0,0,0,0,1,1
before,133600000,133400000,133600,133394,133394,-0.041203705310562277,-0.010998924893144302,0.010000000298023226,0.0056250004470348447,1,401,133199,133500,1,-0.02908652804494255,-0.018087603151798248,-0.018087603151798248,-2.0254037060735017,-1.9842000007629395,0,0,0,0,1,1
after,133600000,133400000,133600,133394,133394,-0.041203705310562277,-0.010998924893144302,0.010000000298023226,0.0056250004470348447,1,401,133199,133600,1,-0.018087603151798248,-0.018087603151798248,-0.018087603151798248,-2.0254037060735017,-1.9842000007629395,0,0,0,0,1,1
before,133699999,133500000,133699,133494,133494,-0.24023360347320333,0.086230093451838949,0.010000000298023226,0.0056250004470348447,1,500,133199,133600,1,-0.020776977924007914,-0.10700707137584686,-0.10700707137584686,-2.0066507492022683,-1.7664171457290649,0,0,0,0,1,1
after,133699999,133500000,133699,133494,133494,-0.24023360347320333,0.086230093451838949,0.010000000298023226,0.0056250004470348447,1,500,133199,133699,1,-0.10700707137584686,-0.10700707137584686,-0.10700707137584686,-2.0066507492022683,-1.7664171457290649,0,0,0,0,1,1
before,133800000,133600000,133800,133594,133594,-0.030719221531875451,0.016066065535450161,0.010000000298023226,0.0056250004470348447,1,601,133199,133699,1,-0.10090371359834653,-0.11696977913379669,-0.11696977913379669,-1.896227301060684,-1.8655080795288086,0,0,0,0,1,1
after,133800000,133600000,133800,133594,133594,-0.030719221531875451,0.016066065535450161,0.010000000298023226,0.0056250004470348447,1,601,133199,133800,1,-0.11696977913379669,-0.11696977913379669,-0.11696977913379669,-1.896227301060684,-1.8655080795288086,0,0,0,0,1,1
before,133900000,133699000,133900,133694,133694,0.10311403425727361,-0.085754944521007598,0.010000000298023226,0.0056250004470348447,1,701,133199,133800,1,-0.10366632281523711,-0.017911378294229507,-0.017911378294229507,-1.8913017257830096,-1.9944157600402832,0,0,0,0,1,1
after,133900000,133699000,133900,133694,133694,0.10311403425727361,-0.085754944521007598,0.010000000298023226,0.0056250004470348447,1,701,133199,133900,1,-0.017911378294229507,-0.017911378294229507,-0.017911378294229507,-1.8913017257830096,-1.9944157600402832,0,0,0,0,1,1
before,134000000,133800000,134000,133794,133794,-0.079345353419753017,-0.12583515201423881,0.010000000298023226,0.0056250004470348447,1,801,133199,133900,1,-0.027417326017363037,0.098417825996875763,0.098417825996875763,-1.9455804904055318,-1.8662351369857788,0,0,0,0,1,1
after,134000000,133800000,134000,133794,133794,-0.079345353419753017,-0.12583515201423881,0.010000000298023226,0.0056250004470348447,1,801,133199,134000,1,0.098417825996875763,0.098417825996875763,0.098417825996875763,-1.9455804904055318,-1.8662351369857788,0,0,0,0,1,1
before,134100000,133900000,134100,133894,133894,0.037598508283789522,0.1043714502585505,0.010000000298023226,0.0056250004470348447,1,901,133199,134000,1,0.11369182204282031,0.0093203717842698097,0.0093203717842698097,-1.8945748630312129,-1.9321733713150024,0,0,0,0,1,1
after,134100000,133900000,134100,133894,133894,0.037598508283789522,0.1043714502585505,0.010000000298023226,0.0056250004470348447,1,901,133199,134100,1,0.0093203717842698097,0.0093203717842698097,0.0093203717842698097,-1.8945748630312129,-1.9321733713150024,0,0,0,0,1,1
before,134199999,134000000,134199,133994,133994,0.11044184280981306,0.095940386112809514,0.010000000298023226,0.0056250004470348447,1,1000,133199,134100,1,0.015046117063641886,-0.080894269049167633,-0.080894269049167633,-1.9118946401918959,-2.022336483001709,0,0,0,0,1,1
after,134199999,134000000,134199,133994,133994,0.11044184280981306,0.095940386112809514,0.010000000298023226,0.0056250004470348447,1,1000,134199,134100,1,-0.080894269049167633,-0.080894269049167633,-0.080894269049167633,-1.9118946401918959,-2.022336483001709,0,0,0,0,1,1
before,134300000,134100000,134300,134094,134094,-0.18947718753773568,-0.15814213013084824,0.010000000298023226,0.0056250004470348447,1,101,134199,134100,1,-0.098058383220753026,0.060083746910095215,0.060083746910095215,-1.9768087686534583,-1.7873315811157227,0,0,0,0,1,1
after,134300000,134100000,134300,134094,134094,-0.18947718753773568,-0.15814213013084824,0.010000000298023226,0.0056250004470348447,1,101,134300,134100,1,0.060083746910095215,0.060083746910095215,0.060083746910095215,-1.9768087686534583,-1.7873315811157227,0,0,0,0,1,1
before,134400000,134199000,134400,134194,134194,0.076490606984952469,-0.097196817505295269,0.010000000298023226,0.0056250004470348447,1,100,134300,134100,1,0.053553670537536152,0.15075048804283142,0.15075048804283142,-1.8763441183949914,-1.9528347253799438,0,0,0,0,1,1
after,134400000,134199000,134400,134194,134194,0.076490606984952469,-0.097196817505295269,0.010000000298023226,0.0056250004470348447,1,100,134300,134400,1,0.15075048804283142,0.15075048804283142,0.15075048804283142,-1.8763441183949914,-1.9528347253799438,0,0,0,0,1,1
before,134500000,134300000,134500,134294,134294,0.059636733376153384,0.27437934434956479,0.010000000298023226,0.0056250004470348447,1,200,134300,134400,1,0.15187205529755521,-0.12250728905200958,-0.12250728905200958,-1.899530389464728,-1.9591671228408813,0,0,0,0,1,1
after,134500000,134300000,134500,134294,134294,0.059636733376153384,0.27437934434956479,0.010000000298023226,0.0056250004470348447,1,200,134300,134500,1,-0.12250728905200958,-0.12250728905200958,-0.12250728905200958,-1.899530389464728,-1.9591671228408813,0,0,0,0,1,1
before,134600000,134400000,134600,134394,134394,-0.079898296611552233,0.023874391903507861,0.010000000298023226,0.0056250004470348447,1,300,134300,134500,1,-0.11856705964602217,-0.14244145154953003,-0.14244145154953003,-1.9413245308568525,-1.8614262342453003,0,0,0,0,1,1
after,134600000,134400000,134600,134394,134394,-0.079898296611552233,0.023874391903507861,0.010000000298023226,0.0056250004470348447,1,300,134300,134600,1,-0.14244145154953003,-0.14244145154953003,-0.14244145154953003,-1.9413245308568525,-1.8614262342453003,0,0,0,0,1,1
before,134700000,134500000,134700,134494,134494,0.034232380082310554,-0.089430490982258831,0.010000000298023226,0.0056250004470348447,1,400,134300,134600,1,-0.15614988888474754,-0.066719397902488708,-0.066719397902488708,-1.9166011789539443,-1.9508335590362549,0,0,0,0,1,1
after,134700000,134500000,134700,134494,134494,0.034232380082310554,-0.089430490982258831,0.010000000298023226,0.0056250004470348447,1,400,134300,134700,1,-0.066719397902488708,-0.066719397902488708,-0.066719397902488708,-1.9166011789539443,-1.9508335590362549,0,0,0,0,1,1
before,134800000,134600000,134800,134594,134594,0.061769031014918374,-0.13712983828524855,0.010000000298023226,0.0056250004470348447,1,500,134300,134700,1,-0.063564347741406249,0.073565490543842316,0.073565490543842316,-1.9401597752900133,-2.0019288063049316,0,0,0,0,1,1
after,134800000,134600000,134800,134594,134594,0.061769031014918374,-0.13712983828524855,0.010000000298023226,0.0056250004470348447,1,500,134300,134800,1,0.073565490543842316,0.073565490543842316,0.073565490543842316,-1.9401597752900133,-2.0019288063049316,0,0,0,0,1,1
before,134900000,134700000,134900,134694,134694,-0.05494701085547149,0.16481891485037709,0.010000000298023226,0.0056250004470348447,1,600,134300,134800,1,0.072962614019536035,-0.091856300830841064,-0.091856300830841064,-1.9637888592288846,-1.9088418483734131,0,0,0,0,1,1
after,134900000,134700000,134900,134694,134694,-0.05494701085547149,0.16481891485037709,0.010000000298023226,0.0056250004470348447,1,600,134300,134900,1,-0.091856300830841064,-0.091856300830841064,-0.091856300830841064,-1.9637888592288846,-1.9088418483734131,0,0,0,0,1,1
before,135000000,134800000,135000,134794,134794,-0.16905912262414957,-0.1300001903899996,0.010000000298023226,0.0056250004470348447,1,700,134300,134900,1,-0.091958248568424439,0.038041941821575165,0.038041941821575165,-1.9453575263640788,-1.7762984037399292,0,0,0,0,1,1
after,135000000,134800000,135000,134794,134794,-0.16905912262414957,-0.1300001903899996,0.010000000298023226,0.0056250004470348447,1,700,135000,134900,1,0.038041941821575165,0.038041941821575165,0.038041941821575165,-1.9453575263640788,-1.7762984037399292,0,0,0,0,1,1
before,135100000,134900000,135100,134894,134894,0.13078941605249716,0.11459095153740537,0.010000000298023226,0.0056250004470348447,1,100,135000,134900,1,0.041378774976049769,-0.073212176561355591,-0.073212176561355591,-1.8563730547650688,-1.9871624708175659,0,0,0,0,1,1
after,135100000,134900000,135100,134894,134894,0.13078941605249716,0.11459095153740537,0.010000000298023226,0.0056250004470348447,1,100,135100,134900,1,-0.073212176561355591,-0.073212176561355591,-0.073212176561355591,-1.8563730547650688,-1.9871624708175659,0,0,0,0,1,1
before,135200000,135000000,135200,134994,134994,0.094898155712233923,-0.087369790472224318,0.010000000298023226,0.0056250004470348447,1,100,135100,134900,1,-0.075132504277065359,0.012237286195158958,0.012237286195158958,-1.9294317450293432,-2.0243299007415771,0,0,0,0,1,1
after,135200000,135000000,135200,134994,134994,0.094898155712233923,-0.087369790472224318,0.010000000298023226,0.0056250004470348447,1,100,135100,135200,1,0.012237286195158958,0.012237286195158958,0.012237286195158958,-1.9294317450293432,-2.0243299007415771,0,0,0,0,1,1
before,135300000,135100000,135300,135094,135094,-0.0037603015119205274,0.0549846924846496,0.010000000298023226,0.0056250004470348447,1,200,135100,135200,1,0.0091528408234443116,-0.045831851661205292,-0.045831851661205292,-1.976036154668964,-1.9722758531570435,0,0,0,0,1,1
after,135300000,135100000,135300,135094,135094,-0.0037603015119205274,0.0549846924846496,0.010000000298023226,0.0056250004470348447,1,200,135100,135300,1,-0.045831851661205292,-0.045831851661205292,-0.045831851661205292,-1.976036154668964,-1.9722758531570435,0,0,0,0,1,1
before,135400000,135200000,135400,135194,135194,0.20768863292199735,-0.012786328676178405,0.010000000298023226,0.0056250004470348447,1,300,135100,135300,1,-0.046468742075397917,-0.033682413399219513,-0.033682413399219513,-1.9787327614261472,-2.1864213943481445,0,0,0,0,1,1
after,135400000,135200000,135400,135194,135194,0.20768863292199735,-0.012786328676178405,0.010000000298023226,0.0056250004470348447,1,300,135100,135400,1,-0.033682413399219513,-0.033682413399219513,-0.033682413399219513,-1.9787327614261472,-2.1864213943481445,0,0,0,0,1,1
before,135500000,135300000,135500,135294,135294,-0.094547439948340362,-0.077964550655202983,0.010000000298023226,0.0056250004470348447,1,400,135100,135400,1,-0.039330310027914164,0.038634240627288818,0.038634240627288818,-2.0867792858040533,-1.9922318458557129,0,0,0,0,1,1
after,135500000,135300000,135500,135294,135294,-0.094547439948340362,-0.077964550655202983,0.010000000298023226,0.0056250004470348447,1,400,135100,135500,1,0.038634240627288818,0.038634240627288818,0.038634240627288818,-2.0867792858040533,-1.9922318458557129,0,0,0,0,1,1
before,135600000,135400000,135600,135394,135394,-0.17708586090924161,0.042334600962581057,0.010000000298023226,0.0056250004470348447,1,500,135100,135500,1,0.038694549497099537,-0.0036400514654815197,-0.0036400514654815197,-2.0354496085059823,-1.8583637475967407,0,0,0,0,1,1
after,135600000,135400000,135600,135394,135394,-0.17708586090924161,0.042334600962581057,0.010000000298023226,0.0056250004470348447,1,500,135100,135600,1,-0.0036400514654815197,-0.0036400514654815197,-0.0036400514654815197,-2.0354496085059823,-1.8583637475967407,0,0,0,0,1,1
before,135700000,135500000,135700,135494,135494,0.06354161963987548,0.16678823759514358,0.010000000298023226,0.0056250004470348447,1,600,135100,135600,1,-0.0029879189495417863,-0.16977615654468536,-0.16977615654468536,-1.946844847340105,-2.0103864669799805,0,0,0,0,1,1
after,135700000,135500000,135700,135494,135494,0.06354161963987548,0.16678823759514358,0.010000000298023226,0.0056250004470348447,1,600,135100,135700,1,-0.16977615654468536,-0.16977615654468536,-0.16977615654468536,-1.946844847340105,-2.0103864669799805,0,0,0,0,1,1
before,135800000,135600000,135800,135594,135594,-0.034162937840255925,-0.0040701531674394165,0.010000000298023226,0.0056250004470348447,1,700,135100,135700,1,-0.17038316064138503,-0.16631300747394562,-0.16631300747394562,-1.9957430951202242,-1.9615801572799683,0,0,0,0,1,1
after,135800000,135600000,135800,135594,135594,-0.034162937840255925,-0.0040701531674394165,0.010000000298023226,0.0056250004470348447,1,700,135100,135800,1,-0.16631300747394562,-0.16631300747394562,-0.16631300747394562,-1.9957430951202242,-1.9615801572799683,0,0,0,0,1,1
before,135900000,135700000,135900,135694,135694,-0.053812737382396447,-0.15460908823256497,0.010000000298023226,0.0056250004470348447,1,800,135100,135800,1,-0.16607614551280742,-0.011467057280242443,-0.011467057280242443,-1.9952008675703847,-1.9413881301879883,0,0,0,0,1,1
after,135900000,135700000,135900,135694,135694,-0.053812737382396447,-0.15460908823256497,0.010000000298023226,0.0056250004470348447,1,800,135100,135900,1,-0.011467057280242443,-0.011467057280242443,-0.011467057280242443,-1.9952008675703847,-1.9413881301879883,0,0,0,0,1,1
before,136000000,135800000,136000,135794,135794,-0.089643431019382325,-0.022764674310616278,0.010000000298023226,0.0056250004470348447,1,900,135100,135900,1,-0.012470200580588602,0.010294473730027676,0.010294473730027676,-1.9693549397702979,-1.8797115087509155,0,0,0,0,1,1
after,136000000,135800000,136000,135794,135794,-0.089643431019382325,-0.022764674310616278,0.010000000298023226,0.0056250004470348447,1,900,135100,136000,1,0.010294473730027676,0.010294473730027676,0.010294473730027676,-1.9693549397702979,-1.8797115087509155,0,0,0,0,1,1
before,136100000,135900000,136100,135894,135894,0.18606593104073577,-0.13953641155342553,0.010000000298023226,0.0056250004470348447,1,1000,135100,136000,1,0.010535656422572409,0.15007206797599792,0.15007206797599792,-1.9233052542619986,-2.1093711853027344,0,0,0,0,1,1
after,136100000,135900000,136100,135894,135894,0.18606593104073577,-0.13953641155342553,0.010000000298023226,0.0056250004470348447,1,1000,135100,136100,1,0.15007206797599792,0.15007206797599792,0.15007206797599792,-1.9233052542619986,-2.1093711853027344,0,0,0,0,1,1
before,136200000,136000000,136200,135994,135994,0.070224586536917766,0.058921575723877434,0.010000000298023226,0.0056250004470348447,1,1100,135100,136100,1,0.14683652686952639,0.087914951145648956,0.087914951145648956,-2.0019451941942834,-2.0721697807312012,0,0,0,0,1,1
after,136200000,136000000,136200,135994,135994,0.070224586536917766,0.058921575723877434,0.010000000298023226,0.0056250004470348447,1,1100,135100,136200,1,0.087914951145648956,0.087914951145648956,0.087914951145648956,-2.0019451941942834,-2.0721697807312012,0,0,0,0,1,1
before,136300000,136100000,136300,136094,136094,-0.091948583474774637,0.13902332865098002,0.010000000298023226,0.0056250004470348447,1,1200,135100,136200,1,0.084926365394382503,-0.054096963256597519,-0.054096963256597519,-2.028614952912946,-1.9366663694381714,0,0,0,0,1,1
after,136300000,136100000,136300,136094,136094,-0.091948583474774637,0.13902332865098002,0.010000000298023226,0.0056250004470348447,1,1200,135100,136300,1,-0.054096963256597519,-0.054096963256597519,-0.054096963256597519,-2.028614952912946,-1.9366663694381714,0,0,0,0,1,1
before,136400000,136200000,136400,136194,136194,-0.0068769063526363805,0.070966145753996096,0.010000000298023226,0.0056250004470348447,1,1300,135100,136300,1,-0.052959853052957334,-0.12392599880695343,-0.12392599880695343,-1.9877426232868405,-1.9808657169342041,0,0,0,0,1,1
after,136400000,136200000,136400,136194,136194,-0.0068769063526363805,0.070966145753996096,0.010000000298023226,0.0056250004470348447,1,1300,135100,136400,1,-0.12392599880695343,-0.12392599880695343,-0.12392599880695343,-1.9877426232868405,-1.9808657169342041,0,0,0,0,1,1
before,136500000,136300000,136500,136294,136294,-0.044936799899535584,-0.095284888906483234,0.010000000298023226,0.0056250004470348447,1,1400,135100,136400,1,-0.12188918740869004,-0.026604298502206802,-0.026604298502206802,-1.9964872836031489,-1.9515504837036133,0,0,0,0,1,1
after,136500000,136300000,136500,136294,136294,-0.044936799899535584,-0.095284888906483234,0.010000000298023226,0.0056250004470348447,1,1400,135100,136500,1,-0.026604298502206802,-0.026604298502206802,-0.026604298502206802,-1.9964872836031489,-1.9515504837036133,0,0,0,0,1,1
before,136600000,136400000,136600,136394,136394,0.082547145095488883,0.041039497948998638,0.010000000298023226,0.0056250004470348447,1,1500,135100,136500,1,-0.025899140738135151,-0.066938638687133789,-0.066938638687133789,-1.9764812419742133,-2.0590283870697021,0,0,0,0,1,1
after,136600000,136400000,136600,136394,136394,0.082547145095488883,0.041039497948998638,0.010000000298023226,0.0056250004470348447,1,1500,135100,136600,1,-0.066938638687133789,-0.066938638687133789,-0.066938638687133789,-1.9764812419742133,-2.0590283870697021,0,0,0,0,1,1
before,136700000,136500000,136700,136494,136494,-0.090087963257200698,-0.069158560479893494,0.010000000298023226,0.0056250004470348447,1,1600,135100,136600,1,-0.068539213680098909,0.00061934679979458451,0.00061934679979458451,-2.0247778426746201,-1.9346898794174194,0,0,0,0,1,1
after,136700000,136500000,136700,136494,136494,-0.090087963257200698,-0.069158560479893494,0.010000000298023226,0.0056250004470348447,1,1600,135100,136700,1,0.00061934679979458451,0.00061934679979458451,0.00061934679979458451,-2.0247778426746201,-1.9346898794174194,0,0,0,0,1,1
before,136800000,136600000,136800,136594,136594,-0.1135658651770155,-0.089720110805060677,0.010000000298023226,0.0056250004470348447,1,1700,135100,136700,1,-0.0024147065592072564,0.087305404245853424,0.087305404245853424,-1.9797113567770521,-1.8661454916000366,0,0,0,0,1,1
after,136800000,136600000,136800,136594,136594,-0.1135658651770155,-0.089720110805060677,0.010000000298023226,0.0056250004470348447,1,1700,136800,136700,1,0.087305404245853424,0.087305404245853424,0.087305404245853424,-1.9797113567770521,-1.8661454916000366,0,0,0,0,1,1
before,136900000,136700000,136900,136694,136694,-0.045573952208952884,0.10354936327568399,0.010000000298023226,0.0056250004470348447,1,100,136800,136700,1,0.085381990482724782,-0.018167372792959213,-0.018167372792959213,-1.91414213420053,-1.8685681819915771,0,0,0,0,1,1
after,136900000,136700000,136900,136694,136694,-0.045573952208952884,0.10354936327568399,0.010000000298023226,0.0056250004470348447,1,100,136800,136900,1,-0.018167372792959213,-0.018167372792959213,-0.018167372792959213,-1.91414213420053,-1.8685681819915771,0,0,0,0,1,1
before,137000000,136800000,137000,136794,136794,0.015297288570434553,0.11224616864129988,0.010000000298023226,0.0056250004470348447,1,200,136800,136900,1,-0.019918652387409537,-0.13216482102870941,-0.13216482102870941,-1.8932141116523438,-1.9085114002227783,0,0,0,0,1,1
after,137000000,136800000,137000,136794,136794,0.015297288570434553,0.11224616864129988,0.010000000298023226,0.0056250004470348447,1,200,136800,137000,1,-0.13216482102870941,-0.13216482102870941,-0.13216482102870941,-1.8932141116523438,-1.9085114002227783,0,0,0,0,1,1
before,137100000,136900000,137100,136894,136894,0.18701084532718859,0.0023772792503772289,0.010000000298023226,0.0056250004470348447,1,300,136800,137000,1,-0.13758649662280698,-0.1399637758731842,-0.1399637758731842,-1.9145552309514979,-2.1015660762786865,0,0,0,0,1,1
after,137100000,136900000,137100,136894,136894,0.18701084532718859,0.0023772792503772289,0.010000000298023226,0.0056250004470348447,1,300,136800,137100,1,-0.1399637758731842,-0.1399637758731842,-0.1399637758731842,-1.9145552309514979,-2.1015660762786865,0,0,0,0,1,1
before,137200000,137000000,137200,136994,136994,0.028005278569699588,-0.15032826807797453,0.010000000298023226,0.0056250004470348447,1,400,136800,137100,1,-0.13432423282862208,0.016004035249352455,0.016004035249352455,-2.0218823785958278,-2.0498876571655273,0,0,0,0,1,1
after,137200000,137000000,137200,136994,136994,0.028005278569699588,-0.15032826807797453,0.010000000298023226,0.0056250004470348447,1,400,136800,137200,1,0.016004035249352455,0.016004035249352455,0.016004035249352455,-2.0218823785958278,-2.0498876571655273,0,0,0,0,1,1
before,137300000,137100000,137300,137094,137094,-0.1323994901125185,0.01342123318472231,0.010000000298023226,0.0056250004470348447,1,500,136800,137200,1,0.0092035172508033569,-0.0042177159339189529,-0.0042177159339189529,-2.0349056031648867,-1.9025061130523682,0,0,0,0,1,1
after,137300000,137100000,137300,137094,137094,-0.1323994901125185,0.01342123318472231,0.010000000298023226,0.0056250004470348447,1,500,136800,137300,1,-0.0042177159339189529,-0.0042177159339189529,-0.0042177159339189529,-2.0349056031648867,-1.9025061130523682,0,0,0,0,1,1
before,137400000,137200000,137400,137194,137194,-0.034445826721875683,-0.014268226485551837,0.010000000298023226,0.0056250004470348447,1,600,136800,137300,1,-0.0034895572176589997,0.010778669267892838,0.010778669267892838,-1.9687898799903083,-1.9343440532684326,0,0,0,0,1,1
after,137400000,137200000,137400,137194,137194,-0.034445826721875683,-0.014268226485551837,0.010000000298023226,0.0056250004470348447,1,600,136800,137400,1,0.010778669267892838,0.010778669267892838,0.010778669267892838,-1.9687898799903083,-1.9343440532684326,0,0,0,0,1,1
before,137500000,137300000,137500,137294,137294,0.17793043953753784,0.061054828756934951,0.010000000298023226,0.0056250004470348447,1,700,136800,137400,1,0.001430916780120682,-0.05962391197681427,-0.05962391197681427,-1.9512163748087756,-2.1291468143463135,0,0,0,0,1,1
after,137500000,137300000,137500,137294,137294,0.17793043953753784,0.061054828756934951,0.010000000298023226,0.0056250004470348447,1,700,136800,137500,1,-0.05962391197681427,-0.05962391197681427,-0.05962391197681427,-1.9512163748087756,-2.1291468143463135,0,0,0,0,1,1
before,137600000,137400000,137600,137394,137394,0.036040686722239812,0.098838973464655006,0.010000000298023226,0.0056250004470348447,1,800,136800,137500,1,-0.071559202251745141,-0.17039817571640015,-0.17039817571640015,-2.04745016181902,-2.0834908485412598,0,0,0,0,1,1
after,137600000,137400000,137600,137394,137394,0.036040686722239812,0.098838973464655006,0.010000000298023226,0.0056250004470348447,1,800,136800,137600,1,-0.17039817571640015,-0.17039817571640015,-0.17039817571640015,-2.04745016181902,-2.0834908485412598,0,0,0,0,1,1
before,137700000,137500000,137700,137494,137494,-0.075851758137260195,-0.33849538444017935,0.010000000298023226,0.0056250004470348447,1,900,136800,137600,1,-0.19962068973516991,0.13887469470500946,0.13887469470500946,-2.0851062137036664,-2.0092544555664062,0,0,0,0,1,1
after,137700000,137500000,137700,137494,137494,-0.075851758137260195,-0.33849538444017935,0.010000000298023226,0.0056250004470348447,1,900,136800,137700,1,0.13887469470500946,0.13887469470500946,0.13887469470500946,-2.0851062137036664,-2.0092544555664062,0,0,0,0,1,1
before,137800000,137600000,137800,137594,137594,0.061538983547991588,0.084484763441038224,0.010000000298023226,0.0056250004470348447,1,1000,136800,137700,1,0.13449595123286257,0.050011187791824341,0.050011187791824341,-2.0336415279266178,-2.0951805114746094,0,0,0,0,1,1
after,137800000,137600000,137800,137594,137594,0.061538983547991588,0.084484763441038224,0.010000000298023226,0.0056250004470348447,1,1000,136800,137800,1,0.050011187791824341,0.050011187791824341,0.050011187791824341,-2.0336415279266178,-2.0951805114746094,0,0,0,0,1,1
before,137900000,137700000,137900,137694,137694,-0.12579801694867188,0.070100745798167372,0.010000000298023226,0.0056250004470348447,1,1100,136800,137800,1,0.036428096384820127,-0.033672649413347244,-0.033672649413347244,-2.0607480110358911,-1.9349499940872192,0,0,0,0,1,1
after,137900000,137700000,137900,137694,137694,-0.12579801694867188,0.070100745798167372,0.010000000298023226,0.0056250004470348447,1,1100,136800,137900,1,-0.033672649413347244,-0.033672649413347244,-0.033672649413347244,-2.0607480110358911,-1.9349499940872192,0,0,0,0,1,1
before,138000000,137800000,138000,137794,137794,-0.084011454049198075,-0.094476375415091712,0.010000000298023226,0.0056250004470348447,1,1200,136800,137900,1,-0.014161836042170728,0.08031453937292099,0.08031453937292099,-1.9992963261042518,-1.9152848720550537,0,0,0,0,1,1
after,138000000,137800000,138000,137794,137794,-0.084011454049198075,-0.094476375415091712,0.010000000298023226,0.0056250004470348447,1,1200,136800,138000,1,0.08031453937292099,0.08031453937292099,0.08031453937292099,-1.9992963261042518,-1.9152848720550537,0,0,0,0,1,1
before,138100000,137900000,138100,137894,137894,0.0065888879517501664,-0.048174109794635905,0.010000000298023226,0.0056250004470348447,1,1300,136800,138000,1,0.069468449316482411,0.11764255911111832,0.11764255911111832,-1.9499009134551102,-1.9564898014068604,0,0,0,0,1,1
after,138100000,137900000,138100,137894,137894,0.0065888879517501664,-0.048174109794635905,0.010000000298023226,0.0056250004470348447,1,1300,136800,138100,1,0.11764255911111832,0.11764255911111832,0.11764255911111832,-1.9499009134551102,-1.9564898014068604,0,0,0,0,1,1
before,138200000,138000000,138200,137994,137994,-0.07018969985245227,0.19447789908069346,0.010000000298023226,0.0056250004470348447,1,1400,136800,138100,1,0.10959329277890893,-0.084884606301784515,-0.084884606301784515,-1.9421776387333727,-1.8719879388809204,0,0,0,0,1,1
after,138200000,138000000,138200,137994,137994,-0.07018969985245227,0.19447789908069346,0.010000000298023226,0.0056250004470348447,1,1400,136800,138200,1,-0.084884606301784515,-0.084884606301784515,-0.084884606301784515,-1.9421776387333727,-1.8719879388809204,0,0,0,0,1,1
before,138300000,138100000,138300,138094,138094,0.20334398887360527,-0.079197945565480155,0.010000000298023226,0.0056250004470348447,1,1500,136800,138200,1,-0.09791981291820423,-0.018721867352724075,-0.018721867352724075,-1.9165035472134309,-2.1198475360870361,0,0,0,0,1,1
after,138300000,138100000,138300,138094,138094,0.20334398887360527,-0.079197945565480155,0.010000000298023226,0.0056250004470348447,1,1500,136800,138300,1,-0.018721867352724075,-0.018721867352724075,-0.018721867352724075,-1.9165035472134309,-2.1198475360870361,0,0,0,0,1,1
before,138400000,138200000,138400,138194,138194,-0.060180469564024897,-0.0143947221886624,0.010000000298023226,0.0056250004470348447,1,1600,136800,138300,1,-0.020815325210641732,-0.006420603021979332,-0.006420603021979332,-2.0208073101554556,-1.9606268405914307,0,0,0,0,1,1
after,138400000,138200000,138400,138194,138194,-0.060180469564024897,-0.0143947221886624,0.010000000298023226,0.0056250004470348447,1,1600,136800,138400,1,-0.006420603021979332,-0.006420603021979332,-0.006420603021979332,-2.0208073101554556,-1.9606268405914307,0,0,0,0,1,1
before,138500000,138300000,138500,138294,138294,-0.078376889549137019,-0.072601917357859411,0.010000000298023226,0.0056250004470348447,1,1700,136800,138400,1,-0.0025142311767909916,0.07008768618106842,0.07008768618106842,-1.9907947781904944,-1.9124178886413574,0,0,0,0,1,1
after,138500000,138300000,138500,138294,138294,-0.078376889549137019,-0.072601917357859411,0.010000000298023226,0.0056250004470348447,1,1700,136800,138500,1,0.07008768618106842,0.07008768618106842,0.07008768618106842,-1.9907947781904944,-1.9124178886413574,0,0,0,0,1,1
before,138600000,138400000,138600,138394,138394,-0.2317061595332599,-0.029275685330424406,0.010000000298023226,0.0056250004470348447,1,1800,136800,138500,1,0.085849166134800814,0.11512485146522522,0.11512485146522522,-1.9430766276729083,-1.7113704681396484,0,0,0,0,1,1
after,138600000,138400000,138600,138394,138394,-0.2317061595332599,-0.029275685330424406,0.010000000298023226,0.0056250004470348447,1,1800,136800,138600,1,0.11512485146522522,0.11512485146522522,0.11512485146522522,-1.9430766276729083,-1.7113704681396484,0,0,0,0,1,1
before,138700000,138500000,138700,138494,138494,0.085143087260634909,0.052673031290348254,0.010000000298023226,0.0056250004470348447,1,1900,136800,138600,1,0.13718971302109548,0.084516681730747223,0.084516681730747223,-1.8133863231016087,-1.8985294103622437,0,0,0,0,1,1
after,138700000,138500000,138700,138494,138494,0.085143087260634909,0.052673031290348254,0.010000000298023226,0.0056250004470348447,1,1900,136800,138700,1,0.084516681730747223,0.084516681730747223,0.084516681730747223,-1.8133863231016087,-1.8985294103622437,0,0,0,0,1,1
before,138800000,138600000,138800,138594,138594,0.013574830613698019,0.144492465585838,0.010000000298023226,0.0056250004470348447,1,2000,136800,138700,1,0.099924984902511296,-0.044567480683326721,-0.044567480683326721,-1.8462052425521955,-1.8597800731658936,0,0,0,0,1,1
after,138800000,138600000,138800,138594,138594,0.013574830613698019,0.144492465585838,0.010000000298023226,0.0056250004470348447,1,2000,136800,138800,1,-0.044567480683326721,-0.044567480683326721,-0.044567480683326721,-1.8462052425521955,-1.8597800731658936,0,0,0,0,1,1
before,138900000,138700000,138900,138694,138694,-0.13030572656413653,-0.0063688394784847946,0.010000000298023226,0.0056250004470348447,1,2100,136800,138800,1,-0.044039485341302559,-0.037670645862817764,-0.037670645862817764,-1.8574387622239266,-1.72713303565979,0,0,0,0,1,1
after,138900000,138700000,138900,138694,138694,-0.13030572656413653,-0.0063688394784847946,0.010000000298023226,0.0056250004470348447,1,2100,136800,138900,1,-0.037670645862817764,-0.037670645862817764,-0.037670645862817764,-1.8574387622239266,-1.72713303565979,0,0,0,0,1,1
before,139000000,138800000,139000,138794,138794,0.29664929796808615,-0.19729698258102607,0.010000000298023226,0.0056250004470348447,1,2200,136800,138900,1,-0.044088622505075448,0.15320836007595062,0.15320836007595062,-1.7963902146661912,-2.0930395126342773,0,0,0,0,1,1
after,139000000,138800000,139000,138794,138794,0.29664929796808615,-0.19729698258102607,0.010000000298023226,0.0056250004470348447,1,2200,136800,139000,1,0.15320836007595062,0.15320836007595062,0.15320836007595062,-1.7963902146661912,-2.0930395126342773,0,0,0,0,1,1
before,139100000,138900000,139100,138894,138894,-0.044577413449590653,0.21397867636379714,0.010000000298023226,0.0056250004470348447,1,2300,136800,139000,1,0.15162072913345809,-0.06235794723033905,-0.06235794723033905,-1.9300035771229915,-1.8854261636734009,0,0,0,0,1,1
after,139100000,138900000,139100,138894,138894,-0.044577413449590653,0.21397867636379714,0.010000000298023226,0.0056250004470348447,1,2300,136800,139100,1,-0.06235794723033905,-0.06235794723033905,-0.06235794723033905,-1.9300035771229915,-1.8854261636734009,0,0,0,0,1,1
before,139200000,139000000,139200,138994,138994,0.12215229081986689,-0.0073967941550095589,0.010000000298023226,0.0056250004470348447,1,2400,136800,139100,1,-0.084733165099986366,-0.077336370944976807,-0.077336370944976807,-1.9158673663151429,-2.0380196571350098,0,0,0,0,1,1
after,139200000,139000000,139200,138994,138994,0.12215229081986689,-0.0073967941550095589,0.010000000298023226,0.0056250004470348447,1,2400,136800,139200,1,-0.077336370944976807,-0.077336370944976807,-0.077336370944976807,-1.9158673663151429,-2.0380196571350098,0,0,0,0,1,1
before,139300000,139100000,139300,139094,139094,0.10230798090843951,0.053239909888314438,0.010000000298023226,0.0056250004470348447,1,2500,136800,139200,1,-0.072352768897009659,-0.1255926787853241,-0.1255926787853241,-1.9845038000211259,-2.0868117809295654,0,0,0,0,1,1
after,139300000,139100000,139300,139094,139094,0.10230798090843951,0.053239909888314438,0.010000000298023226,0.0056250004470348447,1,2500,136800,139300,1,-0.1255926787853241,-0.1255926787853241,-0.1255926787853241,-1.9845038000211259,-2.0868117809295654,0,0,0,0,1,1
before,139400000,139200000,139400,139194,139194,-0.24442318920573758,-0.0084406540906001304,0.010000000298023226,0.0056250004470348447,1,2600,136800,139300,1,-0.13182609092350495,-0.12338543683290482,-0.12338543683290482,-2.0489412928052859,-1.8045181035995483,0,0,0,0,1,1
after,139400000,139200000,139400,139194,139194,-0.24442318920573758,-0.0084406540906001304,0.010000000298023226,0.0056250004470348447,1,2600,136800,139400,1,-0.12338543683290482,-0.12338543683290482,-0.12338543683290482,-2.0489412928052859,-1.8045181035995483,0,0,0,0,1,1
before,139500000,139300000,139500,139294,139294,0.15168327646405544,-0.10074559994580344,0.010000000298023226,0.0056250004470348447,1,2700,136800,139400,1,-0.10681185149194793,-0.0060662515461444855,-0.0060662515461444855,-1.9372067992195383,-2.0888900756835938,0,0,0,0,1,1
after,139500000,139300000,139500,139294,139294,0.15168327646405544,-0.10074559994580344,0.010000000298023226,0.0056250004470348447,1,2700,136800,139500,1,-0.0060662515461444855,-0.0060662515461444855,-0.0060662515461444855,-1.9372067992195383,-2.0888900756835938,0,0,0,0,1,1
before,139600000,139400000,139600,139394,139394,-0.14926097847849551,-0.11695982853189756,0.010000000298023226,0.0056250004470348447,1,2800,136800,139500,1,-0.024966191148913394,0.091993637382984161,0.091993637382984161,-2.015605788010661,-1.8663448095321655,0,0,0,0,1,1
after,139600000,139400000,139600,139394,139394,-0.14926097847849551,-0.11695982853189756,0.010000000298023226,0.0056250004470348447,1,2800,139600,139500,1,0.091993637382984161,0.091993637382984161,0.091993637382984161,-2.015605788010661,-1.8663448095321655,0,0,0,0,1,1
before,139700000,139500000,139700,139494,139494,-0.23696674211790625,0.064106809993296168,0.010000000298023226,0.0056250004470348447,1,100,139600,139500,1,0.093349115078359149,0.029242305085062981,0.029242305085062981,-1.9314125905828721,-1.6944458484649658,0,0,0,0,1,1
after,139700000,139500000,139700,139494,139494,-0.23696674211790625,0.064106809993296168,0.010000000298023226,0.0056250004470348447,1,100,139600,139700,1,0.029242305085062981,0.029242305085062981,0.029242305085062981,-1.9314125905828721,-1.6944458484649658,0,0,0,0,1,1
before,139800000,139600000,139800,139594,139594,0.22087508235021192,0.051349831148598868,0.010000000298023226,0.0056250004470348447,1,200,139600,139700,1,0.038100031539414603,-0.013249799609184265,-0.013249799609184265,-1.8087930103774492,-2.0296680927276611,0,0,0,0,1,1
after,139800000,139600000,139800,139594,139594,0.22087508235021192,0.051349831148598868,0.010000000298023226,0.0056250004470348447,1,200,139600,139800,1,-0.013249799609184265,-0.013249799609184265,-0.013249799609184265,-1.8087930103774492,-2.0296680927276611,0,0,0,0,1,1
before,139900000,139700000,139900,139694,139694,-0.067572770878391752,0.0027465928262409289,0.010000000298023226,0.0056250004470348447,1,300,139600,139800,1,-0.021195017182237236,-0.023941610008478165,-0.023941610008478165,-1.9216673953977399,-1.8540946245193481,0,0,0,0,1,1
after,139900000,139700000,139900,139694,139694,-0.067572770878391752,0.0027465928262409289,0.010000000298023226,0.0056250004470348447,1,300,139600,139900,1,-0.023941610008478165,-0.023941610008478165,-0.023941610008478165,-1.9216673953977399,-1.8540946245193481,0,0,0,0,1,1
before,140000000,139800000,140000,139794,139794,-0.03553048079578347,-0.080680656756319941,0.010000000298023226,0.0056250004470348447,1,400,139600,139900,1,-0.056199721570172258,0.02448093518614769,0.02448093518614769,-1.8929134935673899,-1.8573830127716064,0,0,0,0,1,1
after,140000000,139800000,140000,139794,139794,-0.03553048079578347,-0.080680656756319941,0.010000000298023226,0.0056250004470348447,1,400,139600,140000,1,0.02448093518614769,0.02448093518614769,0.02448093518614769,-1.8929134935673899,-1.8573830127716064,0,0,0,0,1,1
before,140100000,139900000,140100,139894,139894,0.087782226924125739,-0.010855630869330831,0.010000000298023226,0.0056250004470348447,1,500,139600,140000,1,0.019379484569368891,0.030235115438699722,0.030235115438699722,-1.8732060562332229,-1.9609882831573486,0,0,0,0,1,1
after,140100000,139900000,140100,139894,139894,0.087782226924125739,-0.010855630869330831,0.010000000298023226,0.0056250004470348447,1,500,139600,140100,1,0.030235115438699722,0.030235115438699722,0.030235115438699722,-1.8732060562332229,-1.9609882831573486,0,0,0,0,1,1
before,140200000,140000000,140200,139994,139994,0.077570135854966082,0.001793491520648359,0.010000000298023226,0.0056250004470348447,1,600,139600,140100,1,0.023200512730245947,0.021407021209597588,0.021407021209597588,-1.9148995325334006,-1.9924696683883667,0,0,0,0,1,1
after,140200000,140000000,140200,139994,139994,0.077570135854966082,0.001793491520648359,0.010000000298023226,0.0056250004470348447,1,600,139600,140200,1,0.021407021209597588,0.021407021209597588,0.021407021209597588,-1.9148995325334006,-1.9924696683883667,0,0,0,0,1,1
before,140300000,140100000,140300,140094,140094,0.085946529212570066,0.050961669965260706,0.010000000298023226,0.0056250004470348447,1,700,139600,140200,1,0.026826341135972227,-0.024135328829288483,-0.024135328829288483,-1.9512596437305452,-2.0372061729431152,0,0,0,0,1,1
after,140300000,140100000,140300,140094,140094,0.085946529212570066,0.050961669965260706,0.010000000298023226,0.0056250004470348447,1,700,139600,140300,1,-0.024135328829288483,-0.024135328829288483,-0.024135328829288483,-1.9512596437305452,-2.0372061729431152,0,0,0,0,1,1
before,140400000,140200000,140400,140194,140194,0.033449253098658982,-0.11325278155349466,0.010000000298023226,0.0056250004470348447,1,800,139600,140300,1,-0.020309798641431065,0.092942982912063599,0.092942982912063599,-1.9964658412769514,-2.0299150943756104,0,0,0,0,1,1
after,140400000,140200000,140400,140194,140194,0.033449253098658982,-0.11325278155349466,0.010000000298023226,0.0056250004470348447,1,800,139600,140400,1,0.092942982912063599,0.092942982912063599,0.092942982912063599,-1.9964658412769514,-2.0299150943756104,0,0,0,0,1,1
before,140500000,140300000,140500,140294,140294,0.022873852707463005,0.14604212183653387,0.010000000298023226,0.0056250004470348447,1,900,139600,140400,1,0.088042108604302727,-0.05800001323223114,-0.05800001323223114,-2.0043554563745682,-2.0272293090820312,0,0,0,0,1,1
after,140500000,140300000,140500,140294,140294,0.022873852707463005,0.14604212183653387,0.010000000298023226,0.0056250004470348447,1,900,139600,140500,1,-0.05800001323223114,-0.05800001323223114,-0.05800001323223114,-2.0043554563745682,-2.0272293090820312,0,0,0,0,1,1
before,140600000,140400000,140600,140394,140394,0.17539526283286699,-0.19510907048993334,0.010000000298023226,0.0056250004470348447,1,1000,139600,140500,1,-0.063876182983448354,0.13123288750648499,0.13123288750648499,-2.0220885151670109,-2.1974837779998779,0,0,0,0,1,1
after,140600000,140400000,140600,140394,140394,0.17539526283286699,-0.19510907048993334,0.010000000298023226,0.0056250004470348447,1,1000,139600,140600,1,0.13123288750648499,0.13123288750648499,0.13123288750648499,-2.0220885151670109,-2.1974837779998779,0,0,0,0,1,1
before,140700000,140500000,140700,140494,140494,0.021602193955392313,0.24162685943630544,0.010000000298023226,0.0056250004470348447,1,1100,139600,140600,1,0.13554997069624272,-0.10607688874006271,-0.10607688874006271,-2.0967356756887727,-2.118337869644165,0,0,0,0,1,1
after,140700000,140500000,140700,140494,140494,0.021602193955392313,0.24162685943630544,0.010000000298023226,0.0056250004470348447,1,1100,139600,140700,1,-0.10607688874006271,-0.10607688874006271,-0.10607688874006271,-2.0967356756887727,-2.118337869644165,0,0,0,0,1,1
before,140800000,140600000,140800,140594,140594,-0.00248860029214093,-0.13794174787199689,0.010000000298023226,0.0056250004470348447,1,1200,139600,140700,1,-0.092327170042159096,0.045614577829837799,0.045614577829837799,-2.1169352403067894,-2.1144466400146484,0,0,0,0,1,1
after,140800000,140600000,140800,140594,140594,-0.00248860029214093,-0.13794174787199689,0.010000000298023226,0.0056250004470348447,1,1200,139600,140800,1,0.045614577829837799,0.045614577829837799,0.045614577829837799,-2.1169352403067894,-2.1144466400146484,0,0,0,0,1,1
before,140900000,140700000,140900,140694,140694,-0.26727629144526199,0.091862618200469287,0.010000000298023226,0.0056250004470348447,1,1300,139600,140800,1,0.03973777147381332,-0.05212484672665596,-0.05212484672665596,-2.1116122051034041,-1.8443359136581421,0,0,0,0,1,1
after,140900000,140700000,140900,140694,140694,-0.26727629144526199,0.091862618200469287,0.010000000298023226,0.0056250004470348447,1,1300,139600,140900,1,-0.05212484672665596,-0.05212484672665596,-0.05212484672665596,-2.1116122051034041,-1.8443359136581421,0,0,0,0,1,1
before,141000000,140800000,141000,140794,140794,-0.11901204154200484,0.071906002049935691,0.010000000298023226,0.0056250004470348447,1,1400,139600,140900,1,-0.049832461590277315,-0.12173846364021301,-0.12173846364021301,-1.9824972586364262,-1.8634852170944214,0,0,0,0,1,1
after,141000000,140800000,141000,140794,140794,-0.11901204154200484,0.071906002049935691,0.010000000298023226,0.0056250004470348447,1,1400,139600,141000,1,-0.12173846364021301,-0.12173846364021301,-0.12173846364021301,-1.9824972586364262,-1.8634852170944214,0,0,0,0,1,1
before,141100000,140900000,141100,140894,140894,0.078477042908879469,-0.15231145988122555,0.010000000298023226,0.0056250004470348447,1,1500,139600,141000,1,-0.10828105430022808,0.044030405580997467,0.044030405580997467,-1.9337259352252758,-2.0122029781341553,0,0,0,0,1,1
after,141100000,140900000,141100,140894,140894,0.078477042908879469,-0.15231145988122555,0.010000000298023226,0.0056250004470348447,1,1500,139600,141100,1,0.044030405580997467,0.044030405580997467,0.044030405580997467,-1.9337259352252758,-2.0122029781341553,0,0,0,0,1,1
before,141200000,141000000,141200,140994,140994,-0.13179331057157606,0.19639501207710047,0.010000000298023226,0.0056250004470348447,1,1600,139600,141100,1,0.043689193662412369,-0.15270581841468811,-0.15270581841468811,-1.9687098764666566,-1.8369165658950806,0,0,0,0,1,1
after,141200000,141000000,141200,140994,140994,-0.13179331057157606,0.19639501207710047,0.010000000298023226,0.0056250004470348447,1,1600,139600,141200,1,-0.15270581841468811,-0.15270581841468811,-0.15270581841468811,-1.9687098764666566,-1.8369165658950806,0,0,0,0,1,1
before,141300000,141100000,141300,141094,141094,-0.027784647734059753,-0.14435051539765625,0.010000000298023226,0.0056250004470348447,1,1700,139600,141200,1,-0.16704557807968884,-0.022695062682032585,-0.022695062682032585,-1.9190673253845114,-1.8912826776504517,0,0,0,0,1,1
after,141300000,141100000,141300,141094,141094,-0.027784647734059753,-0.14435051539765625,0.010000000298023226,0.0056250004470348447,1,1700,139600,141300,1,-0.022695062682032585,-0.022695062682032585,-0.022695062682032585,-1.9190673253845114,-1.8912826776504517,0,0,0,0,1,1
before,141400000,141200000,141400,141194,141194,0.087323838444629986,-0.010913857630565967,0.010000000298023226,0.0056250004470348447,1,1800,139600,141300,1,-0.035745703986957873,-0.024831846356391907,-0.024831846356391907,-1.9085351884642445,-1.9958590269088745,0,0,0,0,1,1
after,141400000,141200000,141400,141194,141194,0.087323838444629986,-0.010913857630565967,0.010000000298023226,0.0056250004470348447,1,1800,139600,141400,1,-0.024831846356391907,-0.024831846356391907,-0.024831846356391907,-1.9085351884642445,-1.9958590269088745,0,0,0,0,1,1
before,141500000,141300000,141500,141294,141294,-0.010052129493450357,-0.032326659354958737,0.010000000298023226,0.0056250004470348447,1,1900,139600,141400,1,-0.038209249898437464,-0.0058825905434787273,-0.0058825905434787273,-1.9560368506772272,-1.9459847211837769,0,0,0,0,1,1
after,141500000,141300000,141500,141294,141294,-0.010052129493450357,-0.032326659354958737,0.010000000298023226,0.0056250004470348447,1,1900,139600,141500,1,-0.0058825905434787273,-0.0058825905434787273,-0.0058825905434787273,-1.9560368506772272,-1.9459847211837769,0,0,0,0,1,1
before,141600000,141400000,141600,141394,141394,-0.17735320985345782,0.12350260053009789,0.010000000298023226,0.0056250004470348447,1,2000,139600,141500,1,-0.0088986572232743026,-0.13240125775337219,-0.13240125775337219,-1.951854533553409,-1.7745013236999512,0,0,0,0,1,1
after,141600000,141400000,141600,141394,141394,-0.17735320985345782,0.12350260053009789,0.010000000298023226,0.0056250004470348447,1,2000,139600,141600,1,-0.13240125775337219,-0.13240125775337219,-0.13240125775337219,-1.951854533553409,-1.7745013236999512,0,0,0,0,1,1
before,141700000,141500000,141700,141494,141494,0.02711996843133524,-0.15094711553297824,0.010000000298023226,0.0056250004470348447,1,2100,139600,141600,1,-0.13091752786181754,0.020029587671160698,0.020029587671160698,-1.8759609718152468,-1.903080940246582,0,0,0,0,1,1
after,141700000,141500000,141700,141494,141494,0.02711996843133524,-0.15094711553297824,0.010000000298023226,0.0056250004470348447,1,2100,139600,141700,1,0.020029587671160698,0.020029587671160698,0.020029587671160698,-1.8759609718152468,-1.903080940246582,0,0,0,0,1,1
before,141800000,141600000,141800,141594,141594,0.14668755507055176,0.020670033369136122,0.010000000298023226,0.0056250004470348447,1,2200,139600,141700,1,0.018629948684868482,-0.0020400846842676401,-0.0020400846842676401,-1.8876695158522998,-2.0343570709228516,0,0,0,0,1,1
after,141800000,141600000,141800,141594,141594,0.14668755507055176,0.020670033369136122,0.010000000298023226,0.0056250004470348447,1,2200,139600,141800,1,-0.0020400846842676401,-0.0020400846842676401,-0.0020400846842676401,-1.8876695158522998,-2.0343570709228516,0,0,0,0,1,1
before,141900000,141700000,141900,141694,141694,0.033361819598949571,0.052310750909575959,0.010000000298023226,0.0056250004470348447,1,2300,139600,141800,1,-0.0044637461225895689,-0.056774497032165527,-0.056774497032165527,-1.9616850344202155,-1.995046854019165,0,0,0,0,1,1
after,141900000,141700000,141900,141694,141694,0.033361819598949571,0.052310750909575959,0.010000000298023226,0.0056250004470348447,1,2300,139600,141900,1,-0.056774497032165527,-0.056774497032165527,-0.056774497032165527,-1.9616850344202155,-1.995046854019165,0,0,0,0,1,1
before,142000000,141800000,142000,141794,141794,0.015385510394726687,-0.12788769897102648,0.010000000298023226,0.0056250004470348447,1,2400,139600,141900,1,-0.060741218887560906,0.067146480083465576,0.067146480083465576,-1.9845412951014891,-1.9999268054962158,0,0,0,0,1,1
after,142000000,141800000,142000,141794,141794,0.015385510394726687,-0.12788769897102648,0.010000000298023226,0.0056250004470348447,1,2400,139600,142000,1,0.067146480083465576,0.067146480083465576,0.067146480083465576,-1.9845412951014891,-1.9999268054962158,0,0,0,0,1,1
before,142100000,141900000,142100,141894,141894,0.19391109343136903,-0.028561358586519356,0.010000000298023226,0.0056250004470348447,1,2500,139600,142000,1,0.066487143501073723,0.095048502087593079,0.095048502087593079,-1.9778528035107696,-2.1717638969421387,0,0,0,0,1,1
after,142100000,141900000,142100,141894,141894,0.19391109343136903,-0.028561358586519356,0.010000000298023226,0.0056250004470348447,1,2500,139600,142100,1,0.095048502087593079,0.095048502087593079,0.095048502087593079,-1.9778528035107696,-2.1717638969421387,0,0,0,0,1,1
before,142200000,142000000,142200,141994,141994,-0.021419527720693887,-0.035065204260628799,0.010000000298023226,0.0056250004470348447,1,2600,139600,142100,1,0.093829214217383286,0.12889441847801208,0.12889441847801208,-1.9684276606552642,-1.9470081329345703,0,0,0,0,1,1
after,142200000,142000000,142200,141994,141994,-0.021419527720693887,-0.035065204260628799,0.010000000298023226,0.0056250004470348447,1,2600,139600,142200,1,0.12889441847801208,0.12889441847801208,0.12889441847801208,-1.9684276606552642,-1.9470081329345703,0,0,0,0,1,1
before,142300000,142100000,142300,142094,142094,-0.099635374009911404,0.021659852437827143,0.010000000298023226,0.0056250004470348447,1,2700,139600,142200,1,0.12783499198422149,0.10617513954639435,0.10617513954639435,-1.9555904979112786,-1.8559551239013672,0,0,0,0,1,1
after,142300000,142100000,142300,142094,142094,-0.099635374009911404,0.021659852437827143,0.010000000298023226,0.0056250004470348447,1,2700,139600,142300,1,0.10617513954639435,0.10617513954639435,0.10617513954639435,-1.9555904979112786,-1.8559551239013672,0,0,0,0,1,1
before,142400000,142200000,142400,142194,142194,-0.0049557954691368256,0.070453375645070912,0.010000000298023226,0.0056250004470348447,1,2800,139600,142300,1,0.10598553723850811,0.035532161593437195,0.035532161593437195,-1.9449924499414879,-1.9400366544723511,0,0,0,0,1,1
after,142400000,142200000,142400,142194,142194,-0.0049557954691368256,0.070453375645070912,0.010000000298023226,0.0056250004470348447,1,2800,139600,142400,1,0.035532161593437195,0.035532161593437195,0.035532161593437195,-1.9449924499414879,-1.9400366544723511,0,0,0,0,1,1
before,142500000,142300000,142500,142294,142294,-0.068351692187223811,-0.01218358743488665,0.010000000298023226,0.0056250004470348447,1,2900,139600,142400,1,0.035237588551641746,0.047421175986528397,0.047421175986528397,-1.9414604368085007,-1.8731087446212769,0,0,0,0,1,1
after,142500000,142300000,142500,142294,142294,-0.068351692187223811,-0.01218358743488665,0.010000000298023226,0.0056250004470348447,1,2900,139600,142500,1,0.047421175986528397,0.047421175986528397,0.047421175986528397,-1.9414604368085007,-1.8731087446212769,0,0,0,0,1,1
before,142600000,142400000,142600,142394,142394,0.26169065217174414,-0.021094236760547905,0.010000000298023226,0.0056250004470348447,1,3000,139600,142500,1,0.046567369014808388,0.067661605775356293,0.067661605775356293,-1.936767780979501,-2.1984584331512451,0,0,0,0,1,1
after,142600000,142400000,142600,142394,142394,0.26169065217174414,-0.021094236760547905,0.010000000298023226,0.0056250004470348447,1,3000,139600,142600,1,0.067661605775356293,0.067661605775356293,0.067661605775356293,-1.936767780979501,-2.1984584331512451,0,0,0,0,1,1
before,142700000,142500000,142700,142494,142494,-0.0029173960192545589,0.097607990839616493,0.010000000298023226,0.0056250004470348447,1,3100,139600,142600,1,0.067296987512246803,-0.03031100332736969,-0.03031100332736969,-1.930014239738737,-1.9270968437194824,0,0,0,0,1,1
after,142700000,142500000,142700,142494,142494,-0.0029173960192545589,0.097607990839616493,0.010000000298023226,0.0056250004470348447,1,3100,139600,142700,1,-0.03031100332736969,-0.03031100332736969,-0.03031100332736969,-1.930014239738737,-1.9270968437194824,0,0,0,0,1,1
before,142800000,142600000,142800,142594,142594,0.08130713475242124,-0.063208494755402966,0.010000000298023226,0.0056250004470348447,1,3200,139600,142700,1,-0.030732397410050794,0.032476097345352173,0.032476097345352173,-1.9330771349619342,-2.0143842697143555,0,0,0,0,1,1
after,142800000,142600000,142800,142594,142594,0.08130713475242124,-0.063208494755402966,0.010000000298023226,0.0056250004470348447,1,3200,139600,142800,1,0.032476097345352173,0.032476097345352173,0.032476097345352173,-1.9330771349619342,-2.0143842697143555,0,0,0,0,1,1
before,142900000,142700000,142900,142694,142694,0.016003237946977,0.03335168978775184,0.010000000298023226,0.0056250004470348447,1,3300,139600,142800,1,0.031859424874356793,-0.0014922649133950472,-0.0014922649133950472,-1.9298589360871417,-1.9458621740341187,0,0,0,0,1,1
after,142900000,142700000,142900,142694,142694,0.016003237946977,0.03335168978775184,0.010000000298023226,0.0056250004470348447,1,3300,139600,142900,1,-0.0014922649133950472,-0.0014922649133950472,-0.0014922649133950472,-1.9298589360871417,-1.9458621740341187,0,0,0,0,1,1
before,143000000,142800000,143000,142794,142794,0.21070898952745898,-0.035010134269244444,0.010000000298023226,0.0056250004470348447,1,3400,139600,142900,1,-0.0017956881120274187,0.033214446157217026,0.033214446157217026,-1.930024014088874,-2.140733003616333,0,0,0,0,1,1
after,143000000,142800000,143000,142794,142794,0.21070898952745898,-0.035010134269244444,0.010000000298023226,0.0056250004470348447,1,3400,139600,143000,1,0.033214446157217026,0.033214446157217026,0.033214446157217026,-1.930024014088874,-2.140733003616333,0,0,0,0,1,1
before,143100000,142900000,143100,142894,142894,0.0042304306347233922,0.037360704968013025,0.010000000298023226,0.0056250004470348447,1,3500,139600,143000,1,0.032219404818751074,-0.0051413001492619514,-0.0051413001492619514,-1.9267494172732966,-1.93097984790802,0,0,0,0,1,1
after,143100000,142900000,143100,142894,142894,0.0042304306347233922,0.037360704968013025,0.010000000298023226,0.0056250004470348447,1,3500,139600,143100,1,-0.0051413001492619514,-0.0051413001492619514,-0.0051413001492619514,-1.9267494172732966,-1.93097984790802,0,0,0,0,1,1
before,143200000,143000000,143200,142994,142994,0.060861762148730625,0.048704710237626653,0.010000000298023226,0.0056250004470348447,1,3600,139600,143100,1,-0.0058683041409210157,-0.054573014378547668,-0.054573014378547668,-1.9272877615863158,-1.9881495237350464,0,0,0,0,1,1
after,143200000,143000000,143200,142994,142994,0.060861762148730625,0.048704710237626653,0.010000000298023226,0.0056250004470348447,1,3600,139600,143200,1,-0.054573014378547668,-0.054573014378547668,-0.054573014378547668,-1.9272877615863158,-1.9881495237350464,0,0,0,0,1,1
before,143300000,143100000,143300,143094,143094,0.038775134983635606,-0.1125848611784195,0.010000000298023226,0.0056250004470348447,1,3700,139600,143200,1,-0.054647820253393556,0.05793704092502594,0.05793704092502594,-1.9327501764863961,-1.9715253114700317,0,0,0,0,1,1
after,143300000,143100000,143300,143094,143094,0.038775134983635606,-0.1125848611784195,0.010000000298023226,0.0056250004470348447,1,3700,139600,143300,1,0.05793704092502594,0.05793704092502594,0.05793704092502594,-1.9327501764863961,-1.9715253114700317,0,0,0,0,1,1
before,143400000,143200000,143400,143194,143194,0.025613410838751571,0.072294178363561043,0.010000000298023226,0.0056250004470348447,1,3800,139600,143300,1,0.05782306468176783,-0.014471113681793213,-0.014471113681793213,-1.9269756241954281,-1.9525890350341797,0,0,0,0,1,1
after,143400000,143200000,143400,143194,143194,0.025613410838751571,0.072294178363561043,0.010000000298023226,0.0056250004470348447,1,3800,139600,143400,1,-0.014471113681793213,-0.014471113681793213,-0.014471113681793213,-1.9269756241954281,-1.9525890350341797,0,0,0,0,1,1
before,143500000,143300000,143500,143294,143294,0.25840149308475446,-0.17954395023312669,0.010000000298023226,0.0056250004470348447,1,3900,139600,143400,1,-0.014352687272692724,0.16519126296043396,0.16519126296043396,-1.928350826251183,-2.1867523193359375,0,0,0,0,1,1
after,143500000,143300000,143500,143294,143294,0.25840149308475446,-0.17954395023312669,0.010000000298023226,0.0056250004470348447,1,3900,139600,143500,1,0.16519126296043396,0.16519126296043396,0.16519126296043396,-1.928350826251183,-2.1867523193359375,0,0,0,0,1,1
before,143600000,143400000,143600,143394,143394,-0.073674296024013763,0.28989322944866425,0.010000000298023226,0.0056250004470348447,1,4000,139600,143500,1,0.16478705867515811,-0.12510617077350616,-0.12510617077350616,-1.9119513975407374,-1.8382771015167236,0,0,0,0,1,1
after,143600000,143400000,143600,143394,143394,-0.073674296024013763,0.28989322944866425,0.010000000298023226,0.0056250004470348447,1,4000,139600,143600,1,-0.12510617077350616,-0.12510617077350616,-0.12510617077350616,-1.9119513975407374,-1.8382771015167236,0,0,0,0,1,1
before,143700000,143500000,143700,143494,143494,0.032666520203598948,-0.087111680720149409,0.010000000298023226,0.0056250004470348447,1,4100,139600,143600,1,-0.12561323023229731,-0.038501549512147903,-0.038501549512147903,-1.9245769223318014,-1.9572434425354004,0,0,0,0,1,1
after,143700000,143500000,143700,143494,143494,0.032666520203598948,-0.087111680720149409,0.010000000298023226,0.0056250004470348447,1,4100,139600,143700,1,-0.038501549512147903,-0.038501549512147903,-0.038501549512147903,-1.9245769223318014,-1.9572434425354004,0,0,0,0,1,1
before,143800000,143600000,143800,143594,143594,-0.021271164652638008,-0.033105019794448118,0.010000000298023226,0.0056250004470348447,1,4200,139600,143700,1,-0.03895399937187026,-0.005848979577422142,-0.005848979577422142,-1.9286758258312269,-1.9074046611785889,0,0,0,0,1,1
after,143800000,143600000,143800,143594,143594,-0.021271164652638008,-0.033105019794448118,0.010000000298023226,0.0056250004470348447,1,4200,139600,143800,1,-0.005848979577422142,-0.005848979577422142,-0.005848979577422142,-1.9286758258312269,-1.9074046611785889,0,0,0,0,1,1
before,143900000,143700000,143900,143694,143694,0.089346395483561158,0.062503656049229236,0.010000000298023226,0.0056250004470348447,1,4300,139600,143800,1,-0.0059812388820871453,-0.068484894931316376,-0.068484894931316376,-1.9291882648557943,-2.0185346603393555,0,0,0,0,1,1
after,143900000,143700000,143900,143694,143694,0.089346395483561158,0.062503656049229236,0.010000000298023226,0.0056250004470348447,1,4300,139600,143900,1,-0.068484894931316376,-0.068484894931316376,-0.068484894931316376,-1.9291882648557943,-2.0185346603393555,0,0,0,0,1,1
before,144000000,143800000,144000,143794,143794,-0.10141232337292272,0.0068211907689314233,0.010000000298023226,0.0056250004470348447,1,4400,139600,143900,1,-0.069075236266400303,-0.075896427035331726,-0.075896427035331726,-1.9360071691447123,-1.8345948457717896,0,0,0,0,1,1
after,144000000,143800000,144000,143794,143794,-0.10141232337292272,0.0068211907689314233,0.010000000298023226,0.0056250004470348447,1,4400,139600,144000,1,-0.075896427035331726,-0.075896427035331726,-0.075896427035331726,-1.9360071691447123,-1.8345948457717896,0,0,0,0,1,1
before,144100000,143900000,144100,143894,143894,-0.057561649812874593,-0.16584937964879343,0.010000000298023226,0.0056250004470348447,1,4500,139600,144000,1,-0.076742983808148577,0.089106395840644836,0.089106395840644836,-1.9438754458562706,-1.886313796043396,0,0,0,0,1,1
after,144100000,143900000,144100,143894,143894,-0.057561649812874593,-0.16584937964879343,0.010000000298023226,0.0056250004470348447,1,4500,139600,144100,1,0.089106395840644836,0.089106395840644836,0.089106395840644836,-1.9438754458562706,-1.886313796043396,0,0,0,0,1,1
before,144200000,144000000,144200,143994,143994,0.18457167048491119,0.0459979115140145,0.010000000298023226,0.0056250004470348447,1,4600,139600,144100,1,0.088955269576281804,0.042957358062267303,0.042957358062267303,-1.9350879917617929,-2.1196596622467041,0,0,0,0,1,1
after,144200000,144000000,144200,143994,143994,0.18457167048491119,0.0459979115140145,0.010000000298023226,0.0056250004470348447,1,4600,139600,144200,1,0.042957358062267303,0.042957358062267303,0.042957358062267303,-1.9350879917617929,-2.1196596622467041,0,0,0,0,1,1
before,144300000,144100000,144300,144094,144094,-0.077154578186279688,0.056400174718308126,0.010000000298023226,0.0056250004470348447,1,4700,139600,144200,1,0.043175811391281758,-0.013224363327026367,-0.013224363327026367,-1.9306564941179813,-1.8535019159317017,0,0,0,0,1,1
after,144300000,144100000,144300,144094,144094,-0.077154578186279688,0.056400174718308126,0.010000000298023226,0.0056250004470348447,1,4700,139600,144300,1,-0.013224363327026367,-0.013224363327026367,-0.013224363327026367,-1.9306564941179813,-1.8535019159317017,0,0,0,0,1,1
before,144400000,144200000,144400,144194,144194,-0.15424400367472058,-0.050672795346492668,0.010000000298023226,0.0056250004470348447,1,4800,139600,144300,1,-0.013656817099565408,0.037015978246927261,0.037015978246927261,-1.9318968633625258,-1.7776528596878052,0,0,0,0,1,1
after,144400000,144200000,144400,144194,144194,-0.15424400367472058,-0.050672795346492668,0.010000000298023226,0.0056250004470348447,1,4800,139600,144400,1,0.037015978246927261,0.037015978246927261,0.037015978246927261,-1.9318968633625258,-1.7776528596878052,0,0,0,0,1,1
before,144500000,144300000,144500,144294,144294,0.038831038231240234,-0.026408809839544176,0.010000000298023226,0.0056250004470348447,1,4900,139600,144400,1,0.036177132607641341,0.062585942447185516,0.062585942447185516,-1.9282111694866553,-1.9670422077178955,0,0,0,0,1,1
after,144500000,144300000,144500,144294,144294,0.038831038231240234,-0.026408809839544176,0.010000000298023226,0.0056250004470348447,1,4900,139600,144500,1,0.062585942447185516,0.062585942447185516,0.062585942447185516,-1.9282111694866553,-1.9670422077178955,0,0,0,0,1,1
before,144600000,144400000,144600,144394,144394,0.10447053229696768,0.20502892756294205,0.010000000298023226,0.0056250004470348447,1,5000,139600,144500,1,0.062830171225776235,-0.14219875633716583,-0.14219875633716583,-1.921975810171294,-2.0264463424682617,0,0,0,0,1,1
after,144600000,144400000,144600,144394,144394,0.10447053229696768,0.20502892756294205,0.010000000298023226,0.0056250004470348447,1,5000,144600,144500,1,-0.14219875633716583,-0.14219875633716583,-0.14219875633716583,-1.921975810171294,-2.0264463424682617,0,0,0,0,1,1
before,144700000,144500000,144700,144494,144494,-0.21823212889355248,-0.26164928388680042,0.010000000298023226,0.0056250004470348447,1,100,144600,144500,1,-0.14229432803476869,0.11935495585203171,0.11935495585203171,-1.9362125137202126,-1.7179803848266602,0,0,0,0,1,1
after,144700000,144500000,144700,144494,144494,-0.21823212889355248,-0.26164928388680042,0.010000000298023226,0.0056250004470348447,1,100,144700,144500,1,0.11935495585203171,0.11935495585203171,0.11935495585203171,-1.9362125137202126,-1.7179803848266602,0,0,0,0,1,1
before,144800000,144600000,144800,144594,144594,0.039556140679220864,0.20481036203540065,0.010000000298023226,0.0056250004470348447,1,100,144700,144500,1,0.11932561146653393,-0.08548475056886673,-0.08548475056886673,-1.9242652704535916,-1.9638214111328125,0,0,0,0,1,1
after,144800000,144600000,144800,144594,144594,0.039556140679220864,0.20481036203540065,0.010000000298023226,0.0056250004470348447,1,100,144700,144800,1,-0.08548475056886673,-0.08548475056886673,-0.08548475056886673,-1.9242652704535916,-1.9638214111328125,0,0,0,0,1,1
before,144900000,144700000,144900,144694,144694,-0.04316423115407364,-0.10161202002799095,0.010000000298023226,0.0056250004470348447,1,200,144700,144800,1,-0.08518795457219662,0.016424065455794334,0.016424065455794334,-1.9327674883333339,-1.8896032571792603,0,0,0,0,1,1
after,144900000,144700000,144900,144694,144694,-0.04316423115407364,-0.10161202002799095,0.010000000298023226,0.0056250004470348447,1,200,144700,144900,1,0.016424065455794334,0.016424065455794334,0.016424065455794334,-1.9327674883333339,-1.8896032571792603,0,0,0,0,1,1
before,145000000,144800000,145000,144794,144794,-0.094896806203679018,0.069887658157146246,0.010000000298023226,0.0056250004470348447,1,300,144700,144900,1,0.016639435239827902,-0.053248222917318344,-0.053248222917318344,-1.9310166964166917,-1.8361198902130127,0,0,0,0,1,1
after,145000000,144800000,145000,144794,144794,-0.094896806203679018,0.069887658157146246,0.010000000298023226,0.0056250004470348447,1,300,144700,145000,1,-0.053248222917318344,-0.053248222917318344,-0.053248222917318344,-1.9310166964166917,-1.8361198902130127,0,0,0,0,1,1
before,145100000,144900000,145100,144894,144894,0.11518080277079523,-0.044642837370656517,0.010000000298023226,0.0056250004470348447,1,400,144700,145000,1,-0.053051307449959305,-0.0084084700793027878,-0.0084084700793027878,-1.936260628274737,-2.0514414310455322,0,0,0,0,1,1
after,145100000,144900000,145100,144894,144894,0.11518080277079523,-0.044642837370656517,0.010000000298023226,0.0056250004470348447,1,400,144700,145100,1,-0.0084084700793027878,-0.0084084700793027878,-0.0084084700793027878,-1.936260628274737,-2.0514414310455322,0,0,0,0,1,1
before,145200000,145000000,145200,144994,144994,-0.066026420969826694,0.047616533697205241,0.010000000298023226,0.0056250004470348447,1,500,144700,145100,1,-0.0084618742162411876,-0.056078407913446426,-0.056078407913446426,-1.9370668844173975,-1.8710404634475708,0,0,0,0,1,1
after,145200000,145000000,145200,144994,144994,-0.066026420969826694,0.047616533697205241,0.010000000298023226,0.0056250004470348447,1,500,144700,145200,1,-0.056078407913446426,-0.056078407913446426,-0.056078407913446426,-1.9370668844173975,-1.8710404634475708,0,0,0,0,1,1
before,145300000,145100000,145300,145094,145094,0.12223823980782567,-0.13443262418021007,0.010000000298023226,0.0056250004470348447,1,600,144700,145200,1,-0.056581805546176853,0.077850818634033203,0.077850818634033203,-1.9422608999779409,-2.0644991397857666,0,0,0,0,1,1
after,145300000,145100000,145300,145094,145094,0.12223823980782567,-0.13443262418021007,0.010000000298023226,0.0056250004470348447,1,600,144700,145300,1,0.077850818634033203,0.077850818634033203,0.077850818634033203,-1.9422608999779409,-2.0644991397857666,0,0,0,0,1,1
before,145400000,145200000,145400,145194,145194,-0.043044064760623169,0.18015781630095024,0.010000000298023226,0.0056250004470348447,1,700,144700,145300,1,0.078169694433770351,-0.10198812186717987,-0.10198812186717987,-1.9339914066795685,-1.8909473419189453,0,0,0,0,1,1
after,145400000,145200000,145400,145194,145194,-0.043044064760623169,0.18015781630095024,0.010000000298023226,0.0056250004470348447,1,700,144700,145400,1,-0.10198812186717987,-0.10198812186717987,-0.10198812186717987,-1.9339914066795685,-1.8909473419189453,0,0,0,0,1,1
before,145500000,145300000,145500,145294,145294,-0.024558628925991588,-0.094302218436623994,0.010000000298023226,0.0056250004470348447,1,800,144700,145400,1,-0.10280831906142372,-0.0085061006247997284,-0.0085061006247997284,-1.9444845570418363,-1.9199259281158447,0,0,0,0,1,1
after,145500000,145300000,145500,145294,145294,-0.024558628925991588,-0.094302218436623994,0.010000000298023226,0.0056250004470348447,1,800,144700,145500,1,-0.0085061006247997284,-0.0085061006247997284,-0.0085061006247997284,-1.9444845570418363,-1.9199259281158447,0,0,0,0,1,1
before,145600000,145400000,145600,145394,145394,0.19836607409244111,0.039165855968018734,0.010000000298023226,0.0056250004470348447,1,900,144700,145500,1,-0.008949110633114616,-0.048114966601133347,-0.048114966601133347,-1.9452165083813138,-2.1435825824737549,0,0,0,0,1,1
after,145600000,145400000,145600,145394,145394,0.19836607409244111,0.039165855968018734,0.010000000298023226,0.0056250004470348447,1,900,144700,145600,1,-0.048114966601133347,-0.048114966601133347,-0.048114966601133347,-1.9452165083813138,-2.1435825824737549,0,0,0,0,1,1
before,145700000,145500000,145700,145494,145494,0.15067801005244452,-0.088178546405120059,0.010000000298023226,0.0056250004470348447,1,1000,144700,145600,1,-0.048453373140378161,0.039725173264741898,0.039725173264741898,-1.9503823804199676,-2.1010603904724121,0,0,0,0,1,1
after,145700000,145500000,145700,145494,145494,0.15067801005244452,-0.088178546405120059,0.010000000298023226,0.0056250004470348447,1,1000,144700,145700,1,0.039725173264741898,0.039725173264741898,0.039725173264741898,-1.9503823804199676,-2.1010603904724121,0,0,0,0,1,1
before,145800000,145600000,145800,145594,145594,-0.084952727161344166,0.19961679412578562,0.010000000298023226,0.0056250004470348447,1,1100,144700,145700,1,0.039488558308830045,-0.16012823581695557,-0.16012823581695557,-1.9464434536322914,-1.8614907264709473,0,0,0,0,1,1
after,145800000,145600000,145800,145594,145594,-0.084952727161344166,0.19961679412578562,0.010000000298023226,0.0056250004470348447,1,1100,144700,145800,1,-0.16012823581695557,-0.16012823581695557,-0.16012823581695557,-1.9464434536322914,-1.8614907264709473,0,0,0,0,1,1
before,145900000,145700000,145900,145694,145694,-0.10376658137473593,-0.19950865639193524,0.010000000298023226,0.0056250004470348447,1,1200,144700,145800,1,-0.15990680886252392,0.039601847529411316,0.039601847529411316,-1.9623882978740645,-1.8586217164993286,0,0,0,0,1,1
after,145900000,145700000,145900,145694,145694,-0.10376658137473593,-0.19950865639193524,0.010000000298023226,0.0056250004470348447,1,1200,145900,145800,1,0.039601847529411316,0.039601847529411316,0.039601847529411316,-1.9623882978740645,-1.8586217164993286,0,0,0,0,1,1
before,146000000,145800000,146000,145794,145794,0.060932145365081958,0.013438982024750433,0.010000000298023226,0.0056250004470348447,1,100,145900,145800,1,0.03962716560061904,0.026188183575868607,0.026188183575868607,-1.9585001609245909,-2.0194323062896729,0,0,0,0,1,1
after,146000000,145800000,146000,145794,145794,0.060932145365081958,0.013438982024750433,0.010000000298023226,0.0056250004470348447,1,100,145900,146000,1,0.026188183575868607,0.026188183575868607,0.026188183575868607,-1.9585001609245909,-2.0194323062896729,0,0,0,0,1,1
before,146100000,145900000,146100,145894,145894,-0.031242851721134945,0.1937880839297996,0.010000000298023226,0.0056250004470348447,1,200,145900,146000,1,0.025924580831311734,-0.16786350309848785,-0.16786350309848785,-1.9557946963179977,-1.9245518445968628,0,0,0,0,1,1
after,146100000,145900000,146100,145894,145894,-0.031242851721134945,0.1937880839297996,0.010000000298023226,0.0056250004470348447,1,200,145900,146100,1,-0.16786350309848785,-0.16786350309848785,-0.16786350309848785,-1.9557946963179977,-1.9245518445968628,0,0,0,0,1,1
before,146200000,146000000,146200,145994,145994,0.063952566269392053,-0.16328606016711758,0.010000000298023226,0.0056250004470348447,1,300,145900,146100,1,-0.16774244706855582,-0.0044563869014382362,-0.0044563869014382362,-1.9719732989039478,-2.0359258651733398,0,0,0,0,1,1
after,146200000,146000000,146200,145994,145994,0.063952566269392053,-0.16328606016711758,0.010000000298023226,0.0056250004470348447,1,300,145900,146200,1,-0.0044563869014382362,-0.0044563869014382362,-0.0044563869014382362,-1.9719732989039478,-2.0359258651733398,0,0,0,0,1,1
before,146300000,146100000,146300,146094,146094,-0.13712320057635141,-0.011261739041174175,0.010000000298023226,0.0056250004470348447,1,400,145900,146200,1,-0.0046283288108952053,0.0066334102302789688,0.0066334102302789688,-1.9723763200450404,-1.835253119468689,0,0,0,0,1,1
after,146300000,146100000,146300,146094,146094,-0.13712320057635141,-0.011261739041174175,0.010000000298023226,0.0056250004470348447,1,400,145900,146300,1,0.0066334102302789688,0.0066334102302789688,0.0066334102302789688,-1.9723763200450404,-1.835253119468689,0,0,0,0,1,1
before,146400000,146200000,146400,146194,146194,-0.18909059734095912,0.11033843400158116,0.010000000298023226,0.0056250004470348447,1,500,145900,146300,1,0.0064444238153857913,-0.10389401018619537,-0.10389401018619537,-1.9722756025289474,-1.7831850051879883,0,0,0,0,1,1
after,146400000,146200000,146400,146194,146194,-0.18909059734095912,0.11033843400158116,0.010000000298023226,0.0056250004470348447,1,500,145900,146400,1,-0.10389401018619537,-0.10389401018619537,-0.10389401018619537,-1.9722756025289474,-1.7831850051879883,0,0,0,0,1,1
before,146500000,146300000,146500,146294,146294,-0.022740468714618656,-0.19108562263846823,0.010000000298023226,0.0056250004470348447,1,600,145900,146400,1,-0.1039821961820168,0.087103426456451416,0.087103426456451416,-1.9816874119976997,-1.9589469432830811,0,0,0,0,1,1
after,146500000,146300000,146500,146294,146294,-0.022740468714618656,-0.19108562263846823,0.010000000298023226,0.0056250004470348447,1,600,145900,146500,1,0.087103426456451416,0.087103426456451416,0.087103426456451416,-1.9816874119976997,-1.9589469432830811,0,0,0,0,1,1
before,146600000,146400000,146600,146394,146394,0.044105722613464238,0.10719750595746388,0.010000000298023226,0.0056250004470348447,1,700,145900,146500,1,0.086438580951670313,-0.020758925005793571,-0.020758925005793571,-1.9726345994995729,-2.0167403221130371,0,0,0,0,1,1
after,146600000,146400000,146600,146394,146394,0.044105722613464238,0.10719750595746388,0.010000000298023226,0.0056250004470348447,1,700,145900,146600,1,-0.020758925005793571,-0.020758925005793571,-0.020758925005793571,-1.9726345994995729,-2.0167403221130371,0,0,0,0,1,1
before,146700000,146500000,146700,146494,146494,-0.067992567218570832,-0.085396635683232552,0.010000000298023226,0.0056250004470348447,1,800,145900,146600,1,-0.020784053357297182,0.064612582325935364,0.064612582325935364,-1.9749817840230752,-1.9069892168045044,0,0,0,0,1,1
after,146700000,146500000,146700,146494,146494,-0.067992567218570832,-0.085396635683232552,0.010000000298023226,0.0056250004470348447,1,800,145900,146700,1,0.064612582325935364,0.064612582325935364,0.064612582325935364,-1.9749817840230752,-1.9069892168045044,0,0,0,0,1,1
before,146800000,146600000,146800,146594,146594,0.11434839122088558,-0.0038067333925117797,0.010000000298023226,0.0056250004470348447,1,900,145900,146700,1,0.064912348188127106,0.068719081580638885,0.068719081580638885,-1.9693873132011115,-2.0837357044219971,0,0,0,0,1,1
after,146800000,146600000,146800,146594,146594,0.11434839122088558,-0.0038067333925117797,0.010000000298023226,0.0056250004470348447,1,900,145900,146800,1,0.068719081580638885,0.068719081580638885,0.068719081580638885,-1.9693873132011115,-2.0837357044219971,0,0,0,0,1,1
before,146900000,146700000,146900,146694,146694,-0.047975215248628578,0.10106413278433293,0.010000000298023226,0.0056250004470348447,1,1000,145900,146800,1,0.068267917518343629,-0.032796215265989304,-0.032796215265989304,-1.9618095486684284,-1.9138343334197998,0,0,0,0,1,1
after,146900000,146700000,146900,146694,146694,-0.047975215248628578,0.10106413278433293,0.010000000298023226,0.0056250004470348447,1,1000,145900,146900,1,-0.032796215265989304,-0.032796215265989304,-0.032796215265989304,-1.9618095486684284,-1.9138343334197998,0,0,0,0,1,1
before,147000000,146800000,147000,146794,146794,0.012508810565415418,-0.0075734970866030704,0.010000000298023226,0.0056250004470348447,1,1100,145900,146900,1,-0.032411419391471769,-0.024837922304868698,-0.024837922304868698,-1.9653578390622701,-1.9778666496276855,0,0,0,0,1,1
after,147000000,146800000,147000,146794,146794,0.012508810565415418,-0.0075734970866030704,0.010000000298023226,0.0056250004470348447,1,1100,145900,147000,1,-0.024837922304868698,-0.024837922304868698,-0.024837922304868698,-1.9653578390622701,-1.9778666496276855,0,0,0,0,1,1
before,147100000,146900000,147100,146894,146894,-0.31676814064202063,-0.13507489159970815,0.010000000298023226,0.0056250004470348447,1,1200,145900,147000,1,-0.025280736836486403,0.10979415476322174,0.10979415476322174,-1.9674414108675455,-1.6506732702255249,0,0,0,0,1,1
after,147100000,146900000,147100,146894,146894,-0.31676814064202063,-0.13507489159970815,0.010000000298023226,0.0056250004470348447,1,1200,147100,147000,1,0.10979415476322174,0.10979415476322174,0.10979415476322174,-1.9674414108675455,-1.6506732702255249,0,0,0,0,1,1
before,147200000,147000000,147200,146994,146994,0.048049627638585779,0.12444469544434884,0.010000000298023226,0.0056250004470348447,1,100,147100,147000,1,0.11029633160078862,-0.014148363843560219,-0.014148363843560219,-1.9563179623119757,-2.0043675899505615,0,0,0,0,1,1
after,147200000,147000000,147200,146994,146994,0.048049627638585779,0.12444469544434884,0.010000000298023226,0.0056250004470348447,1,100,147100,147200,1,-0.014148363843560219,-0.014148363843560219,-0.014148363843560219,-1.9563179623119757,-2.0043675899505615,0,0,0,0,1,1
before,147300000,147100000,147300,147094,147094,0.0075565883756496532,0.0087543594291610016,0.010000000298023226,0.0056250004470348447,1,200,147100,147200,1,-0.0147752949395972,-0.023529654368758202,-0.023529654368758202,-1.9579610517381809,-1.9655176401138306,0,0,0,0,1,1
after,147300000,147100000,147300,147094,147094,0.0075565883756496532,0.0087543594291610016,0.010000000298023226,0.0056250004470348447,1,200,147100,147300,1,-0.023529654368758202,-0.023529654368758202,-0.023529654368758202,-1.9579610517381809,-1.9655176401138306,0,0,0,0,1,1
before,147400000,147200000,147400,147194,147194,-0.16186085173560505,-0.12328549843525219,0.010000000298023226,0.0056250004470348447,1,300,147100,147300,1,-0.024206336552851673,0.099079161882400513,0.099079161882400513,-1.96051516959144,-1.798654317855835,0,0,0,0,1,1
after,147400000,147200000,147400,147194,147194,-0.16186085173560505,-0.12328549843525219,0.010000000298023226,0.0056250004470348447,1,300,147400,147300,1,0.099079161882400513,0.099079161882400513,0.099079161882400513,-1.96051516959144,-1.798654317855835,0,0,0,0,1,1
before,147500000,147300000,147500,147294,147294,0.018426515136615196,0.074622813609187599,0.010000000298023226,0.0056250004470348447,1,100,147400,147300,1,0.09884257800573587,0.024219764396548271,0.024219764396548271,-1.9494425282136045,-1.9678690433502197,0,0,0,0,1,1
after,147500000,147300000,147500,147294,147294,0.018426515136615196,0.074622813609187599,0.010000000298023226,0.0056250004470348447,1,100,147400,147500,1,0.024219764396548271,0.024219764396548271,0.024219764396548271,-1.9494425282136045,-1.9678690433502197,0,0,0,0,1,1
before,147600000,147400000,147600,147394,147394,0.053145104366876472,0.089048700357321889,0.010000000298023226,0.0056250004470348447,1,200,147400,147500,1,0.024168105746153981,-0.064880594611167908,-0.064880594611167908,-1.9470520677980405,-2.000197172164917,0,0,0,0,1,1
after,147600000,147400000,147600,147394,147394,0.053145104366876472,0.089048700357321889,0.010000000298023226,0.0056250004470348447,1,200,147400,147600,1,-0.064880594611167908,-0.064880594611167908,-0.064880594611167908,-1.9470520677980405,-2.000197172164917,0,0,0,0,1,1
before,147700000,147500000,147700,147494,147494,0.09882100795470361,-0.085909685645479988,0.010000000298023226,0.0056250004470348447,1,300,147400,147600,1,-0.064784329910058808,0.021125355735421181,0.021125355735421181,-1.9529410960797202,-2.0517621040344238,0,0,0,0,1,1
after,147700000,147500000,147700,147494,147494,0.09882100795470361,-0.085909685645479988,0.010000000298023226,0.0056250004470348447,1,300,147400,147700,1,0.021125355735421181,0.021125355735421181,0.021125355735421181,-1.9529410960797202,-2.0517621040344238,0,0,0,0,1,1
before,147800000,147600000,147800,147594,147594,-0.1022814076496712,0.14941134899278943,0.010000000298023226,0.0056250004470348447,1,400,147400,147700,1,0.020121826225722467,-0.12928952276706696,-0.12928952276706696,-1.9509458106114022,-1.848664402961731,0,0,0,0,1,1
after,147800000,147600000,147800,147594,147594,-0.1022814076496712,0.14941134899278943,0.010000000298023226,0.0056250004470348447,1,400,147400,147800,1,-0.12928952276706696,-0.12928952276706696,-0.12928952276706696,-1.9509458106114022,-1.848664402961731,0,0,0,0,1,1
before,147900000,147700000,147900,147694,147694,0.0057213255534240837,-0.22357889462547659,0.010000000298023226,0.0056250004470348447,1,500,147400,147800,1,-0.12974783975916265,0.093831054866313934,0.093831054866313934,-1.967120652519696,-1.9728419780731201,0,0,0,0,1,1
after,147900000,147700000,147900,147694,147694,0.0057213255534240837,-0.22357889462547659,0.010000000298023226,0.0056250004470348447,1,500,147400,147900,1,0.093831054866313934,0.093831054866313934,0.093831054866313934,-1.967120652519696,-1.9728419780731201,0,0,0,0,1,1
before,148000000,147800000,148000,147794,147794,0.16398794726601196,0.1439814700300735,0.010000000298023226,0.0056250004470348447,1,600,147400,147900,1,0.093744432788614607,-0.050237037241458893,-0.050237037241458893,-1.9564139120174353,-2.1204018592834473,0,0,0,0,1,1
after,148000000,147800000,148000,147794,147794,0.16398794726601196,0.1439814700300735,0.010000000298023226,0.0056250004470348447,1,600,148000,147900,1,-0.050237037241458893,-0.050237037241458893,-0.050237037241458893,-1.9564139120174353,-2.1204018592834473,0,0,0,0,1,1
before,148100000,147900000,148100,147894,147894,-0.031329675338607421,-0.14229378993506214,0.010000000298023226,0.0056250004470348447,1,100,148000,147900,1,-0.050416754138419853,0.091877035796642303,0.091877035796642303,-1.9616516071775967,-1.9303219318389893,0,0,0,0,1,1
after,148100000,147900000,148100,147894,147894,-0.031329675338607421,-0.14229378993506214,0.010000000298023226,0.0056250004470348447,1,100,148000,148100,1,0.091877035796642303,0.091877035796642303,0.091877035796642303,-1.9616516071775967,-1.9303219318389893,0,0,0,0,1,1
before,148200000,148000000,148200,147994,147994,0.094926592721167768,-0.063430168090094718,0.010000000298023226,0.0056250004470348447,1,200,148000,148100,1,0.090927831473122445,0.15435799956321716,0.15435799956321716,-1.9511086970432365,-2.0460352897644043,0,0,0,0,1,1
after,148200000,148000000,148200,147994,147994,0.094926592721167768,-0.063430168090094718,0.010000000298023226,0.0056250004470348447,1,200,148000,148200,1,0.15435799956321716,0.15435799956321716,0.15435799956321716,-1.9511086970432365,-2.0460352897644043,0,0,0,0,1,1
before,148300000,148100000,148300,148094,148094,-0.10346545302673626,0.15452357069613393,0.010000000298023226,0.0056250004470348447,1,300,148000,148200,1,0.15400276207389291,-0.0005208086222410202,-0.0005208086222410202,-1.9372172507028227,-1.8337517976760864,0,0,0,0,1,1
after,148300000,148100000,148300,148094,148094,-0.10346545302673626,0.15452357069613393,0.010000000298023226,0.0056250004470348447,1,300,148000,148300,1,-0.0005208086222410202,-0.0005208086222410202,-0.0005208086222410202,-1.9372172507028227,-1.8337517976760864,0,0,0,0,1,1
before,148400000,148200000,148400,148194,148194,0.068405915192182754,0.02703482357202253,0.010000000298023226,0.0056250004470348447,1,400,148000,148300,1,-0.001054316038506416,-0.028089139610528946,-0.028089139610528946,-1.9359719267572801,-2.0043778419494629,0,0,0,0,1,1
after,148400000,148200000,148400,148194,148194,0.068405915192182754,0.02703482357202253,0.010000000298023226,0.0056250004470348447,1,400,148000,148400,1,-0.028089139610528946,-0.028089139610528946,-0.028089139610528946,-1.9359719267572801,-2.0043778419494629,0,0,0,0,1,1
before,148500000,148300000,148500,148294,148294,0.058760990672840796,-0.060988450298073579,0.010000000298023226,0.0056250004470348447,1,500,148000,148400,1,-0.028311537453892519,0.032676912844181061,0.032676912844181061,-1.9394744734232285,-1.9982354640960693,0,0,0,0,1,1
after,148500000,148300000,148500,148294,148294,0.058760990672840796,-0.060988450298073579,0.010000000298023226,0.0056250004470348447,1,500,148000,148500,1,0.032676912844181061,0.032676912844181061,0.032676912844181061,-1.9394744734232285,-1.9982354640960693,0,0,0,0,1,1
before,148600000,148400000,148600,148394,148394,0.1189279721863461,-0.0073412893061728518,0.010000000298023226,0.0056250004470348447,1,600,148000,148500,1,0.032449441617241379,0.03979073092341423,0.03979073092341423,-1.9368445707671451,-2.0557725429534912,0,0,0,0,1,1
after,148600000,148400000,148600,148394,148394,0.1189279721863461,-0.0073412893061728518,0.010000000298023226,0.0056250004470348447,1,600,148000,148600,1,0.03979073092341423,0.03979073092341423,0.03979073092341423,-1.9368445707671451,-2.0557725429534912,0,0,0,0,1,1
before,148700000,148500000,148700,148494,148494,-0.069372194639174323,-0.020766981351938205,0.010000000298023226,0.0056250004470348447,1,700,148000,148600,1,0.039340294491682096,0.0601072758436203,0.0601072758436203,-1.9342875655803364,-1.8649153709411621,0,0,0,0,1,1
after,148700000,148500000,148700,148494,148494,-0.069372194639174323,-0.020766981351938205,0.010000000298023226,0.0056250004470348447,1,700,148000,148700,1,0.0601072758436203,0.0601072758436203,0.0601072758436203,-1.9342875655803364,-1.8649153709411621,0,0,0,0,1,1
before,148800000,148600000,148800,148594,148594,0.016042361665512539,0.16677505572015897,0.010000000298023226,0.0056250004470348447,1,800,148000,148700,1,0.060234047962972083,-0.10654100775718689,-0.10654100775718689,-1.9291669030897365,-1.945209264755249,0,0,0,0,1,1
after,148800000,148600000,148800,148594,148594,0.016042361665512539,0.16677505572015897,0.010000000298023226,0.0056250004470348447,1,800,148000,148800,1,-0.10654100775718689,-0.10654100775718689,-0.10654100775718689,-1.9291669030897365,-1.945209264755249,0,0,0,0,1,1
before,148900000,148700000,148900,148694,148694,-0.10519267649692021,0.0041639349759727134,0.010000000298023226,0.0056250004470348447,1,900,148000,148800,1,-0.10714999666799015,-0.11131393164396286,-0.11131393164396286,-1.9558686170105311,-1.8506759405136108,0,0,0,0,1,1
after,148900000,148700000,148900,148694,148694,-0.10519267649692021,0.0041639349759727134,0.010000000298023226,0.0056250004470348447,1,900,148000,148900,1,-0.11131393164396286,-0.11131393164396286,-0.11131393164396286,-1.9558686170105311,-1.8506759405136108,0,0,0,0,1,1
before,149000000,148800000,149000,148794,148794,0.096165910624040229,-0.0092817024439643403,0.010000000298023226,0.0056250004470348447,1,1000,148000,148900,1,-0.11112521599233852,-0.10184351354837418,-0.10184351354837418,-1.9668929425253738,-2.0630588531494141,0,0,0,0,1,1
after,149000000,148800000,149000,148794,148794,0.096165910624040229,-0.0092817024439643403,0.010000000298023226,0.0056250004470348447,1,1000,148000,149000,1,-0.10184351354837418,-0.10184351354837418,-0.10184351354837418,-1.9668929425253738,-2.0630588531494141,0,0,0,0,1,1
before,149100000,148900000,149100,148894,148894,-0.021831157304332383,-0.075281376743247821,0.010000000298023226,0.0056250004470348447,1,1100,148000,149000,1,-0.10226545369022162,-0.026984076946973801,-0.026984076946973801,-1.9771072889342762,-1.9552761316299438,0,0,0,0,1,1
after,149100000,148900000,149100,148894,148894,-0.021831157304332383,-0.075281376743247821,0.010000000298023226,0.0056250004470348447,1,1100,148000,149100,1,-0.026984076946973801,-0.026984076946973801,-0.026984076946973801,-1.9771072889342762,-1.9552761316299438,0,0,0,0,1,1
before,149200000,149000000,149200,148994,148994,-0.034946195216454479,0.093846110394345886,0.010000000298023226,0.0056250004470348447,1,1200,148000,149100,1,-0.028273383388174405,-0.12211949378252029,-0.12211949378252029,-1.9800213495209589,-1.9450751543045044,0,0,0,0,1,1
after,149200000,149000000,149200,148994,148994,-0.034946195216454479,0.093846110394345886,0.010000000298023226,0.0056250004470348447,1,1200,148000,149200,1,-0.12211949378252029,-0.12211949378252029,-0.12211949378252029,-1.9800213495209589,-1.9450751543045044,0,0,0,0,1,1
before,149300000,149100000,149300,149094,149094,0.04667882947730484,-0.057732820423012768,0.010000000298023226,0.0056250004470348447,1,1300,148000,149200,1,-0.1228417529777346,-0.065108932554721832,-0.065108932554721832,-1.9922594544429832,-2.0389382839202881,0,0,0,0,1,1
after,149300000,149100000,149300,149094,149094,0.04667882947730484,-0.057732820423012768,0.010000000298023226,0.0056250004470348447,1,1300,148000,149300,1,-0.065108932554721832,-0.065108932554721832,-0.065108932554721832,-1.9922594544429832,-2.0389382839202881,0,0,0,0,1,1
before,149400000,149200000,149400,149194,149194,0.021209854779399517,-0.018085505911576677,0.010000000298023226,0.0056250004470348447,1,1400,148000,149300,1,-0.065549966046082903,-0.047464460134506226,-0.047464460134506226,-1.9988034775875438,-2.0200133323669434,0,0,0,0,1,1
after,149400000,149200000,149400,149194,149194,0.021209854779399517,-0.018085505911576677,0.010000000298023226,0.0056250004470348447,1,1400,148000,149400,1,-0.047464460134506226,-0.047464460134506226,-0.047464460134506226,-1.9988034775875438,-2.0200133323669434,0,0,0,0,1,1
before,149500000,149300000,149500,149294,149294,-0.15531356832551779,0.0071531491165940653,0.010000000298023226,0.0056250004470348447,1,1500,148000,149400,1,-0.048171002995413076,-0.055324152112007141,-0.055324152112007141,-2.0035699178891164,-1.8482563495635986,0,0,0,0,1,1
after,149500000,149300000,149500,149294,149294,-0.15531356832551779,0.0071531491165940653,0.010000000298023226,0.0056250004470348447,1,1500,148000,149500,1,-0.055324152112007141,-0.055324152112007141,-0.055324152112007141,-2.0035699178891164,-1.8482563495635986,0,0,0,0,1,1
before,149600000,149400000,149600,149394,149394,0.11102370215127699,-0.056789974330978592,0.010000000298023226,0.0056250004470348447,1,1600,148000,149500,1,-0.056026986099833746,0.00076298823114484549,0.00076298823114484549,-2.0091318707399584,-2.1201555728912354,0,0,0,0,1,1
after,149600000,149400000,149600,149394,149394,0.11102370215127699,-0.056789974330978592,0.010000000298023226,0.0056250004470348447,1,1600,148000,149600,1,0.00076298823114484549,0.00076298823114484549,0.00076298823114484549,-2.0091318707399584,-2.1201555728912354,0,0,0,0,1,1
before,149700000,149500000,149700,149494,149494,0.098260113532548932,0.12048428822732266,0.010000000298023226,0.0056250004470348447,1,1700,148000,149600,1,0.00029508341527278867,-0.12018920481204987,-0.12018920481204987,-2.0090728313374462,-2.1073329448699951,0,0,0,0,1,1
after,149700000,149500000,149700,149494,149494,0.098260113532548932,0.12048428822732266,0.010000000298023226,0.0056250004470348447,1,1700,148000,149700,1,-0.12018920481204987,-0.12018920481204987,-0.12018920481204987,-2.0090728313374462,-2.1073329448699951,0,0,0,0,1,1
before,149800000,149600000,149800,149594,149594,-0.060690026962122889,-0.006424571468763407,0.010000000298023226,0.0056250004470348447,1,1800,148000,149700,1,-0.12046552736990934,-0.11404095590114594,-0.11404095590114594,-2.0210872704618787,-1.9603972434997559,0,0,0,0,1,1
after,149800000,149600000,149800,149594,149594,-0.060690026962122889,-0.006424571468763407,0.010000000298023226,0.0056250004470348447,1,1800,148000,149800,1,-0.11404095590114594,-0.11404095590114594,-0.11404095590114594,-2.0210872704618787,-1.9603972434997559,0,0,0,0,1,1
before,149900000,149700000,149900,149694,149694,-0.22057688443353252,-0.12661347421086269,0.010000000298023226,0.0056250004470348447,1,1900,148000,149800,1,-0.11383965680575805,0.012773817405104637,0.012773817405104637,-2.0324540158956297,-1.8118771314620972,0,0,0,0,1,1
after,149900000,149700000,149900,149694,149694,-0.22057688443353252,-0.12661347421086269,0.010000000298023226,0.0056250004470348447,1,1900,149900,149800,1,0.012773817405104637,0.012773817405104637,0.012773817405104637,-2.0324540158956297,-1.8118771314620972,0,0,0,0,1,1
before,150000000,149800000,150000,149794,149794,-0.048010702965671559,-0.12439113548407633,0.010000000298023226,0.0056250004470348447,1,100,149900,149800,1,0.012082564920090844,0.13647370040416718,0.13647370040416718,-2.0312130411843605,-1.983202338218689,0,0,0,0,1,1
after,150000000,149800000,150000,149794,149794,-0.048010702965671559,-0.12439113548407633,0.010000000298023226,0.0056250004470348447,1,100,149900,150000,1,0.13647370040416718,0.13647370040416718,0.13647370040416718,-2.0312130411843605,-1.983202338218689,0,0,0,0,1,1
before,150100000,149900000,150100,149894,149894,-0.042968666501943531,0.11478736731193742,0.010000000298023226,0.0056250004470348447,1,200,149900,150000,1,0.13560312720916948,0.020815759897232056,0.020815759897232056,-2.0176228641948146,-1.9746541976928711,0,0,0,0,1,1
after,150100000,149900000,150100,149894,149894,-0.042968666501943531,0.11478736731193742,0.010000000298023226,0.0056250004470348447,1,200,149900,150100,1,0.020815759897232056,0.020815759897232056,0.020815759897232056,-2.0176228641948146,-1.9746541976928711,0,0,0,0,1,1
before,150200000,150000000,150200,149994,149994,-0.15190627258722467,0.064518571006445202,0.010000000298023226,0.0056250004470348447,1,300,149900,150100,1,0.020055193560509006,-0.044463377445936203,-0.044463377445936203,-2.0155841318935601,-1.8636778593063354,0,0,0,0,1,1
after,150200000,150000000,150200,149994,149994,-0.15190627258722467,0.064518571006445202,0.010000000298023226,0.0056250004470348447,1,300,149900,150200,1,-0.044463377445936203,-0.044463377445936203,-0.044463377445936203,-2.0155841318935601,-1.8636778593063354,0,0,0,0,1,1
before,150300000,150100000,150300,150094,150094,0.026736534817703994,0.044777283361104966,0.010000000298023226,0.0056250004470348447,1,400,149900,150200,1,-0.045127621004434584,-0.089904904365539551,-0.089904904365539551,-2.0200330841703331,-2.0467696189880371,0,0,0,0,1,1
after,150300000,150100000,150300,150094,150094,0.026736534817703994,0.044777283361104966,0.010000000298023226,0.0056250004470348447,1,400,149900,150300,1,-0.089904904365539551,-0.089904904365539551,-0.089904904365539551,-2.0200330841703331,-2.0467696189880371,0,0,0,0,1,1
before,150400000,150200000,150400,150194,150194,-0.099327747012427636,-0.048259068390420518,0.010000000298023226,0.0056250004470348447,1,500,149900,150300,1,-0.090787332614949784,-0.042528264224529266,-0.042528264224529266,-2.029054943705848,-1.9297271966934204,0,0,0,0,1,1
after,150400000,150200000,150400,150194,150194,-0.099327747012427636,-0.048259068390420518,0.010000000298023226,0.0056250004470348447,1,500,149900,150400,1,-0.042528264224529266,-0.042528264224529266,-0.042528264224529266,-2.029054943705848,-1.9297271966934204,0,0,0,0,1,1
before,150500000,150300000,150500,150294,150294,0.032681617380539763,-0.22195122879339005,0.010000000298023226,0.0056250004470348447,1,600,149900,150400,1,-0.04401601594281937,0.17793521285057068,0.17793521285057068,-2.0332792667136985,-2.0659608840942383,0,0,0,0,1,1
after,150500000,150300000,150500,150294,150294,0.032681617380539763,-0.22195122879339005,0.010000000298023226,0.0056250004470348447,1,600,149900,150500,1,0.17793521285057068,0.17793521285057068,0.17793521285057068,-2.0332792667136985,-2.0659608840942383,0,0,0,0,1,1
before,150600000,150400000,150600,150394,150394,0.072188528698958976,0.23288689294267861,0.010000000298023226,0.0056250004470348447,1,700,149900,150500,1,0.17700613403130738,-0.055880758911371231,-0.055880758911371231,-2.0155979073819736,-2.0877864360809326,0,0,0,0,1,1
after,150600000,150400000,150600,150394,150394,0.072188528698958976,0.23288689294267861,0.010000000298023226,0.0056250004470348447,1,700,149900,150600,1,-0.055880758911371231,-0.055880758911371231,-0.055880758911371231,-2.0155979073819736,-2.0877864360809326,0,0,0,0,1,1
before,150700000,150500000,150700,150494,150494,-0.071252416970013499,0.037157228023349996,0.010000000298023226,0.0056250004470348447,1,800,149900,150600,1,-0.056186104386508708,-0.093343332409858704,-0.093343332409858704,-2.0210239404456605,-1.949771523475647,0,0,0,0,1,1
after,150700000,150500000,150700,150494,150494,-0.071252416970013499,0.037157228023349996,0.010000000298023226,0.0056250004470348447,1,800,149900,150700,1,-0.093343332409858704,-0.093343332409858704,-0.093343332409858704,-2.0210239404456605,-1.949771523475647,0,0,0,0,1,1
before,150800000,150600000,150800,150594,150594,-0.17106835388064257,-0.10035587230560854,0.010000000298023226,0.0056250004470348447,1,900,149900,150700,1,-0.094104743915177133,0.0062511283904314041,0.0062511283904314041,-2.030547781218289,-1.8594794273376465,0,0,0,0,1,1
after,150800000,150600000,150800,150594,150594,-0.17106835388064257,-0.10035587230560854,0.010000000298023226,0.0056250004470348447,1,900,150800,150700,1,0.0062511283904314041,0.0062511283904314041,0.0062511283904314041,-2.030547781218289,-1.8594794273376465,0,0,0,0,1,1
before,150900000,150700000,150900,150694,150694,0.11359851276645427,-0.013848324550631466,0.010000000298023226,0.0056250004470348447,1,100,150800,150700,1,0.005044887529370364,0.018893212080001831,0.018893212080001831,-2.0302191504262947,-2.143817663192749,0,0,0,0,1,1
after,150900000,150700000,150900,150694,150694,0.11359851276645427,-0.013848324550631466,0.010000000298023226,0.0056250004470348447,1,100,150800,150900,1,0.018893212080001831,0.018893212080001831,0.018893212080001831,-2.0302191504262947,-2.143817663192749,0,0,0,0,1,1
before,151000000,150800000,151000,150794,150794,-0.14307200552863097,-0.11881077206376375,0.010000000298023226,0.0056250004470348447,1,200,150800,150900,1,0.01802308940645872,0.13683386147022247,0.13683386147022247,-2.0284372532550714,-1.8853652477264404,0,0,0,0,1,1
after,151000000,150800000,151000,150794,150794,-0.14307200552863097,-0.11881077206376375,0.010000000298023226,0.0056250004470348447,1,200,151000,150900,1,0.13683386147022247,0.13683386147022247,0.13683386147022247,-2.0284372532550714,-1.8853652477264404,0,0,0,0,1,1
before,151100000,150900000,151100,150894,150894,-0.1231771180966339,0.18789539424127946,0.010000000298023226,0.0056250004470348447,1,100,151000,150900,1,0.1359618858749331,-0.051933508366346359,-0.051933508366346359,-2.0149696538784942,-1.8917925357818604,0,0,0,0,1,1
after,151100000,150900000,151100,150894,150894,-0.1231771180966339,0.18789539424127946,0.010000000298023226,0.0056250004470348447,1,100,151000,151100,1,-0.051933508366346359,-0.051933508366346359,-0.051933508366346359,-2.0149696538784942,-1.8917925357818604,0,0,0,0,1,1
before,151200000,151000000,151200,150994,150994,-0.24454413070088954,-0.07115881008754113,0.010000000298023226,0.0056250004470348447,1,200,151000,151100,1,-0.05205700969050267,0.01910180039703846,0.01910180039703846,-2.0199304641664657,-1.7753863334655762,0,0,0,0,1,1
after,151200000,151000000,151200,150994,150994,-0.24454413070088954,-0.07115881008754113,0.010000000298023226,0.0056250004470348447,1,200,151000,151200,1,0.01910180039703846,0.01910180039703846,0.01910180039703846,-2.0199304641664657,-1.7753863334655762,0,0,0,0,1,1
before,151300000,151100000,151300,151094,151094,-0.13588481599803393,0.033184396576235869,0.010000000298023226,0.0056250004470348447,1,300,151000,151200,1,0.018754672732303714,-0.014429723843932152,-0.014429723843932152,-2.0177195614051384,-1.8818347454071045,0,0,0,0,1,1
after,151300000,151100000,151300,151094,151094,-0.13588481599803393,0.033184396576235869,0.010000000298023226,0.0056250004470348447,1,300,151000,151300,1,-0.014429723843932152,-0.014429723843932152,-0.014429723843932152,-2.0177195614051384,-1.8818347454071045,0,0,0,0,1,1
before,151400000,151200000,151400,151194,151194,-0.0072751061813334239,-0.10267595980914536,0.010000000298023226,0.0056250004470348447,1,400,151000,151300,1,-0.015422471208891304,0.087253488600254059,0.087253488600254059,-2.0193917767898539,-2.0121166706085205,0,0,0,0,1,1
after,151400000,151200000,151400,151194,151194,-0.0072751061813334239,-0.10267595980914536,0.010000000298023226,0.0056250004470348447,1,400,151000,151400,1,0.087253488600254059,0.087253488600254059,0.087253488600254059,-2.0193917767898539,-2.0121166706085205,0,0,0,0,1,1
before,151500000,151300000,151500,151294,151294,-0.083156015950275552,0.010213082334661214,0.010000000298023226,0.0056250004470348447,1,500,151000,151400,1,0.08588738521065685,0.075674302875995636,0.075674302875995636,-2.0118733907519113,-1.9287173748016357,0,0,0,0,1,1
after,151500000,151300000,151500,151294,151294,-0.083156015950275552,0.010213082334661214,0.010000000298023226,0.0056250004470348447,1,500,151000,151500,1,0.075674302875995636,0.075674302875995636,0.075674302875995636,-2.0118733907519113,-1.9287173748016357,0,0,0,0,1,1
before,151600000,151400000,151600,151394,151394,-0.074706435197754661,0.0045569167805599026,0.010000000298023226,0.0056250004470348447,1,600,151000,151500,1,0.074978508181660061,0.070421591401100159,0.070421591401100159,-2.0046902894915779,-1.9299838542938232,0,0,0,0,1,1
after,151600000,151400000,151600,151394,151394,-0.074706435197754661,0.0045569167805599026,0.010000000298023226,0.0056250004470348447,1,600,151000,151600,1,0.070421591401100159,0.070421591401100159,0.070421591401100159,-2.0046902894915779,-1.9299838542938232,0,0,0,0,1,1
before,151700000,151500000,151700,151494,151494,0.010157585775715905,0.069177388794285311,0.010000000298023226,0.0056250004470348447,1,700,151000,151600,1,0.069171538388671128,-5.8504056141828187e-06,-5.8504056141828187e-06,-1.9980022900940351,-2.008159875869751,0,0,0,0,1,1
after,151700000,151500000,151700,151494,151494,0.010157585775715905,0.069177388794285311,0.010000000298023226,0.0056250004470348447,1,700,151000,151700,1,-5.8504056141828187e-06,-5.8504056141828187e-06,-5.8504056141828187e-06,-1.9980022900940351,-2.008159875869751,0,0,0,0,1,1
before,151800000,151600000,151800,151594,151594,0.01914917844299513,-0.0010241445942941502,0.010000000298023226,0.0056250004470348447,1,800,151000,151700,1,-0.00047252718100057991,0.00055161741329357028,0.00055161741329357028,-1.9965063391351299,-2.015655517578125,0,0,0,0,1,1
after,151800000,151600000,151800,151594,151594,0.01914917844299513,-0.0010241445942941502,0.010000000298023226,0.0056250004470348447,1,800,151000,151800,1,0.00055161741329357028,0.00055161741329357028,0.00055161741329357028,-1.9965063391351299,-2.015655517578125,0,0,0,0,1,1
before,151900000,151700000,151900,151694,151694,0.0036775164952207451,-0.0073687994426715215,0.010000000298023226,0.0056250004470348447,1,900,151000,151800,1,-0.00070197661804436069,0.006666822824627161,0.006666822824627161,-1.9970954365382265,-2.0007729530334473,0,0,0,0,1,1
after,151900000,151700000,151900,151694,151694,0.0036775164952207451,-0.0073687994426715215,0.010000000298023226,0.0056250004470348447,1,900,151000,151900,1,0.006666822824627161,0.006666822824627161,0.006666822824627161,-1.9970954365382265,-2.0007729530334473,0,0,0,0,1,1
before,152000000,151800000,152000,151794,151794,-0.12327045803229275,0.074091567625338361,0.010000000298023226,0.0056250004470348447,1,1000,151000,151900,1,0.005781776239210893,-0.068309791386127472,-0.068309791386127472,-1.9961386383072561,-1.8728681802749634,0,0,0,0,1,1
after,152000000,151800000,152000,151794,151794,-0.12327045803229275,0.074091567625338361,0.010000000298023226,0.0056250004470348447,1,1000,151000,152000,1,-0.068309791386127472,-0.068309791386127472,-0.068309791386127472,-1.9961386383072561,-1.8728681802749634,0,0,0,0,1,1
before,152100000,151900000,152100,151894,151894,-0.15019074253633269,-0.061029940612887731,0.010000000298023226,0.0056250004470348447,1,1100,151000,152000,1,-0.069506910398876062,-0.0084769697859883308,-0.0084769697859883308,-2.0029959993798996,-1.8528052568435669,0,0,0,0,1,1
after,152100000,151900000,152100,151894,151894,-0.15019074253633269,-0.061029940612887731,0.010000000298023226,0.0056250004470348447,1,1100,151000,152100,1,-0.0084769697859883308,-0.0084769697859883308,-0.0084769697859883308,-2.0029959993798996,-1.8528052568435669,0,0,0,0,1,1
before,152200000,152000000,152200,151994,151994,0.083954731983883146,0.077509720788416545,0.010000000298023226,0.0056250004470348447,1,1200,151000,152100,1,-0.0089449091096547428,-0.086454629898071289,-0.086454629898071289,-2.0038956002762487,-2.0878503322601318,0,0,0,0,1,1
after,152200000,152000000,152200,151994,151994,0.083954731983883146,0.077509720788416545,0.010000000298023226,0.0056250004470348447,1,1200,151000,152200,1,-0.086454629898071289,-0.086454629898071289,-0.086454629898071289,-2.0038956002762487,-2.0878503322601318,0,0,0,0,1,1
before,152300000,152100000,152300,152094,152094,-0.15060693056544849,-0.028988869249294155,0.010000000298023226,0.0056250004470348447,1,1300,151000,152200,1,-0.087580074876020306,-0.058591205626726151,-0.058591205626726151,-2.012499630760761,-1.8618927001953125,0,0,0,0,1,1
after,152300000,152100000,152300,152094,152094,-0.15060693056544849,-0.028988869249294155,0.010000000298023226,0.0056250004470348447,1,1300,151000,152300,1,-0.058591205626726151,-0.058591205626726151,-0.058591205626726151,-2.012499630760761,-1.8618927001953125,0,0,0,0,1,1
before,152400000,152200000,152400,152194,152194,-0.14460964072438331,-0.15913834468211546,0.010000000298023226,0.0056250004470348447,1,1400,151000,152300,1,-0.058816716528791335,0.10032162815332413,0.10032162815332413,-2.0187035309145078,-1.8740938901901245,0,0,0,0,1,1
after,152400000,152200000,152400,152194,152194,-0.14460964072438331,-0.15913834468211546,0.010000000298023226,0.0056250004470348447,1,1400,152400,152300,1,0.10032162815332413,0.10032162815332413,0.10032162815332413,-2.0187035309145078,-1.8740938901901245,0,0,0,0,1,1
before,152500000,152300000,152500,152294,152294,0.22419356820342484,0.070528550907171361,0.010000000298023226,0.0056250004470348447,1,100,152400,152300,1,0.099364400743640058,0.028835849836468697,0.028835849836468697,-2.0082786131167656,-2.2324721813201904,0,0,0,0,1,1
after,152500000,152300000,152500,152294,152294,0.22419356820342484,0.070528550907171361,0.010000000298023226,0.0056250004470348447,1,100,152400,152500,1,0.028835849836468697,0.028835849836468697,0.028835849836468697,-2.0082786131167656,-2.2324721813201904,0,0,0,0,1,1
before,152600000,152400000,152600,152394,152394,0.067779380169491255,-0.056640880219063938,0.010000000298023226,0.0056250004470348447,1,200,152400,152500,1,0.02780477512685281,0.084445655345916748,0.084445655345916748,-2.0048796354860263,-2.0726590156555176,0,0,0,0,1,1
after,152600000,152400000,152600,152394,152394,0.067779380169491255,-0.056640880219063938,0.010000000298023226,0.0056250004470348447,1,200,152400,152600,1,0.084445655345916748,0.084445655345916748,0.084445655345916748,-2.0048796354860263,-2.0726590156555176,0,0,0,0,1,1
before,152700000,152500000,152700,152494,152494,-0.087533121625042565,0.039077883465282834,0.010000000298023226,0.0056250004470348447,1,300,152400,152600,1,0.083728199703686154,0.04465031623840332,0.04465031623840332,-1.9964979939852721,-1.9089648723602295,0,0,0,0,1,1
after,152700000,152500000,152700,152494,152494,-0.087533121625042565,0.039077883465282834,0.010000000298023226,0.0056250004470348447,1,300,152400,152700,1,0.04465031623840332,0.04465031623840332,0.04465031623840332,-1.9964979939852721,-1.9089648723602295,0,0,0,0,1,1
before,152800000,152600000,152800,152594,152594,-0.17197635774210007,-0.0075564110964204678,0.010000000298023226,0.0056250004470348447,1,400,152400,152700,1,0.044190042993459522,0.05174645408987999,0.05174645408987999,-1.9920106232602885,-1.8200342655181885,0,0,0,0,1,1
after,152800000,152600000,152800,152594,152594,-0.17197635774210007,-0.0075564110964204678,0.010000000298023226,0.0056250004470348447,1,400,152400,152800,1,0.05174645408987999,0.05174645408987999,0.05174645408987999,-1.9920106232602885,-1.8200342655181885,0,0,0,0,1,1
before,152900000,152700000,152900,152694,152694,0.054993221477142695,0.13650382650104226,0.010000000298023226,0.0056250004470348447,1,500,152400,152800,1,0.050343516888291258,-0.086160309612751007,-0.086160309612751007,-1.9862539079631649,-2.0412471294403076,0,0,0,0,1,1
after,152900000,152700000,152900,152694,152694,0.054993221477142695,0.13650382650104226,0.010000000298023226,0.0056250004470348447,1,500,152400,152900,1,-0.086160309612751007,-0.086160309612751007,-0.086160309612751007,-1.9862539079631649,-2.0412471294403076,0,0,0,0,1,1
before,153000000,152800000,153000,152794,152794,-0.017581293222763028,-0.013715583316809943,0.010000000298023226,0.0056250004470348447,1,600,152400,152900,1,-0.086472968987948706,-0.072757385671138763,-0.072757385671138763,-1.995865532991745,-1.9782842397689819,0,0,0,0,1,1
after,153000000,152800000,153000,152794,152794,-0.017581293222763028,-0.013715583316809943,0.010000000298023226,0.0056250004470348447,1,600,152400,153000,1,-0.072757385671138763,-0.072757385671138763,-0.072757385671138763,-1.995865532991745,-1.9782842397689819,0,0,0,0,1,1
before,153100000,152900000,153100,152894,152894,-0.22228903992175963,-0.070448666523894421,0.010000000298023226,0.0056250004470348447,1,700,152400,153000,1,-0.073631682844584934,-0.0031830163206905127,-0.0031830163206905127,-2.0038868926286688,-1.7815978527069092,0,0,0,0,1,1
after,153100000,152900000,153100,152894,152894,-0.22228903992175963,-0.070448666523894421,0.010000000298023226,0.0056250004470348447,1,700,152400,153100,1,-0.0031830163206905127,-0.0031830163206905127,-0.0031830163206905127,-2.0038868926286688,-1.7815978527069092,0,0,0,0,1,1
before,153200000,153000000,153200,152994,152994,-0.068443490492322123,0.027851848502353477,0.010000000298023226,0.0056250004470348447,1,800,152400,153100,1,-0.0036464160190069188,-0.031498264521360397,-0.031498264521360397,-2.0043321385254642,-1.9358886480331421,0,0,0,0,1,1
after,153200000,153000000,153200,152994,152994,-0.068443490492322123,0.027851848502353477,0.010000000298023226,0.0056250004470348447,1,800,152400,153200,1,-0.031498264521360397,-0.031498264521360397,-0.031498264521360397,-2.0043321385254642,-1.9358886480331421,0,0,0,0,1,1
before,153300000,153100000,153300,153094,153094,0.10970324903124684,-0.01113454176812665,0.010000000298023226,0.0056250004470348447,1,900,152400,153200,1,-0.031525789934687777,-0.020391248166561127,-0.020391248166561127,-2.0077438888013948,-2.1174471378326416,0,0,0,0,1,1
after,153300000,153100000,153300,153094,153094,0.10970324903124684,-0.01113454176812665,0.010000000298023226,0.0056250004470348447,1,900,152400,153300,1,-0.020391248166561127,-0.020391248166561127,-0.020391248166561127,-2.0077438888013948,-2.1174471378326416,0,0,0,0,1,1
before,153400000,153200000,153400,153194,153194,0.026331646978499545,-0.15793229870310505,0.010000000298023226,0.0056250004470348447,1,1000,152400,153300,1,-0.020600470228106564,0.13733182847499847,0.13733182847499847,-2.0094869298342446,-2.0358185768127441,0,0,0,0,1,1
after,153400000,153200000,153400,153194,153194,0.026331646978499545,-0.15793229870310505,0.010000000298023226,0.0056250004470348447,1,1000,152400,153400,1,0.13733182847499847,0.13733182847499847,0.13733182847499847,-2.0094869298342446,-2.0358185768127441,0,0,0,0,1,1
before,153500000,153300000,153500,153294,153294,0.087176852475800093,0.08872217613355593,0.010000000298023226,0.0056250004470348447,1,1100,152400,153400,1,0.13709303292529063,0.048370856791734695,0.048370856791734695,-1.995683378923736,-2.0828602313995361,0,0,0,0,1,1
after,153500000,153300000,153500,153294,153294,0.087176852475800093,0.08872217613355593,0.010000000298023226,0.0056250004470348447,1,1100,152400,153500,1,0.048370856791734695,0.048370856791734695,0.048370856791734695,-1.995683378923736,-2.0828602313995361,0,0,0,0,1,1
before,153600000,153400000,153600,153394,153394,-0.12339503415008202,-0.064829996582259686,0.010000000298023226,0.0056250004470348447,1,1200,152400,153500,1,0.047808283213386975,0.11263827979564667,0.11263827979564667,-1.9907216513909878,-1.8673266172409058,0,0,0,0,1,1
after,153600000,153400000,153600,153394,153394,-0.12339503415008202,-0.064829996582259686,0.010000000298023226,0.0056250004470348447,1,1200,152400,153600,1,0.11263827979564667,0.11263827979564667,0.11263827979564667,-1.9907216513909878,-1.8673266172409058,0,0,0,0,1,1
before,153700000,153500000,153700,153494,153494,0.019327371339818988,0.070146203836855603,0.010000000298023226,0.0056250004470348447,1,1300,152400,153600,1,0.11263673832124205,0.042490534484386444,0.042490534484386444,-1.8570674965572147,-1.8763948678970337,0,0,0,0,1,1
after,153700000,153500000,153700,153494,153494,0.019327371339818988,0.070146203836855603,0.010000000298023226,0.0056250004470348447,1,1300,152400,153700,1,0.042490534484386444,0.042490534484386444,0.042490534484386444,-1.8570674965572147,-1.8763948678970337,0,0,0,0,1,1
before,153800000,153600000,153800,153594,153594,-0.073708493606504222,-0.028341311392927775,0.010000000298023226,0.0056250004470348447,1,1400,152400,153700,1,0.04125648421273171,0.069597795605659485,0.069597795605659485,-1.8625827621383035,-1.7888742685317993,0,0,0,0,1,1
after,153800000,153600000,153800,153594,153594,-0.073708493606504222,-0.028341311392927775,0.010000000298023226,0.0056250004470348447,1,1400,152400,153800,1,0.069597795605659485,0.069597795605659485,0.069597795605659485,-1.8625827621383035,-1.7888742685317993,0,0,0,0,1,1
before,153900000,153700000,153900,153694,153694,0.044477703245813238,0.026431388836258174,0.010000000298023226,0.0056250004470348447,1,1500,152400,153800,1,0.077316764425390483,0.050885375589132309,0.050885375589132309,-1.8176580646908933,-1.8621357679367065,0,0,0,0,1,1
after,153900000,153700000,153900,153694,153694,0.044477703245813238,0.026431388836258174,0.010000000298023226,0.0056250004470348447,1,1500,152400,153900,1,0.050885375589132309,0.050885375589132309,0.050885375589132309,-1.8176580646908933,-1.8621357679367065,0,0,0,0,1,1
before,154000000,153800000,154000,153794,153794,0.17515559702797034,-0.037352550398848515,0.010000000298023226,0.0056250004470348447,1,1600,152400,153900,1,0.037661161649682064,0.075013712048530579,0.075013712048530579,-1.8368404337795248,-2.0119960308074951,0,0,0,0,1,1
after,154000000,153800000,154000,153794,153794,0.17515559702797034,-0.037352550398848515,0.010000000298023226,0.0056250004470348447,1,1600,152400,154000,1,0.075013712048530579,0.075013712048530579,0.075013712048530579,-1.8368404337795248,-2.0119960308074951,0,0,0,0,1,1
before,154100000,153900000,154100,153894,153894,-0.029574898426810714,0.0041514968507022094,0.010000000298023226,0.0056250004470348447,1,1700,152400,154000,1,-0.014924781582501488,-0.019076278433203697,-0.019076278433203697,-1.9314511095931925,-1.9018762111663818,0,0,0,0,1,1
after,154100000,153900000,154100,153894,153894,-0.029574898426810714,0.0041514968507022094,0.010000000298023226,0.0056250004470348447,1,1700,152400,154100,1,-0.019076278433203697,-0.019076278433203697,-0.019076278433203697,-1.9314511095931925,-1.9018762111663818,0,0,0,0,1,1
before,154200000,154000000,154200,153994,153994,-0.072102837410785714,0.083291535569707212,0.010000000298023226,0.0056250004470348447,1,1800,152400,154100,1,0.0021155675187504923,-0.081175968050956726,-0.081175968050956726,-1.9150665329369088,-1.842963695526123,0,0,0,0,1,1
after,154200000,154000000,154200,153994,153994,-0.072102837410785714,0.083291535569707212,0.010000000298023226,0.0056250004470348447,1,1800,152400,154200,1,-0.081175968050956726,-0.081175968050956726,-0.081175968050956726,-1.9150665329369088,-1.842963695526123,0,0,0,0,1,1
before,154300000,154100000,154300,154094,154094,0.083538780912476573,-0.050670530042127557,0.010000000298023226,0.0056250004470348447,1,1900,152400,154200,1,-0.018460708996728848,0.032209821045398712,0.032209821045398712,-1.8766865627917471,-1.9602253437042236,0,0,0,0,1,1
after,154300000,154100000,154300,154094,154094,0.083538780912476573,-0.050670530042127557,0.010000000298023226,0.0056250004470348447,1,1900,152400,154300,1,0.032209821045398712,0.032209821045398712,0.032209821045398712,-1.8766865627917471,-1.9602253437042236,0,0,0,0,1,1
before,154400000,154200000,154400,154194,154194,-0.0044211763909645097,-0.077394596822793829,0.010000000298023226,0.0056250004470348447,1,2000,152400,154300,1,-0.050449737869437086,0.026944858953356743,0.026944858953356743,-1.9290544409325905,-1.924633264541626,0,0,0,0,1,1
after,154400000,154200000,154400,154194,154194,-0.0044211763909645097,-0.077394596822793829,0.010000000298023226,0.0056250004470348447,1,2000,152400,154400,1,0.026944858953356743,0.026944858953356743,0.026944858953356743,-1.9290544409325905,-1.924633264541626,0,0,0,0,1,1
before,154500000,154300000,154500,154294,154294,0.05883048112774425,0.056002188954092584,0.010000000298023226,0.0056250004470348447,1,2100,152400,154400,1,0.031732291463352762,-0.024269897490739822,-0.024269897490739822,-1.9233423656663842,-1.9821728467941284,0,0,0,0,1,1
after,154500000,154300000,154500,154294,154294,0.05883048112774425,0.056002188954092584,0.010000000298023226,0.0056250004470348447,1,2100,152400,154500,1,-0.024269897490739822,-0.024269897490739822,-0.024269897490739822,-1.9233423656663842,-1.9821728467941284,0,0,0,0,1,1
before,154600000,154400000,154600,154394,154394,-0.050082219545421136,-0.25981955485290675,0.010000000298023226,0.0056250004470348447,1,2200,152400,154500,1,-0.089289935993615691,0.17052961885929108,0.17052961885929108,-1.9661101231022449,-1.9160279035568237,0,0,0,0,1,1
after,154600000,154400000,154600,154394,154394,-0.050082219545421136,-0.25981955485290675,0.010000000298023226,0.0056250004470348447,1,2200,152400,154600,1,0.17052961885929108,0.17052961885929108,0.17052961885929108,-1.9661101231022449,-1.9160279035568237,0,0,0,0,1,1
before,154700000,154500000,154700,154494,154494,0.097051872900073555,0.27869994974923107,0.010000000298023226,0.0056250004470348447,1,2300,152400,154600,1,0.22684788367938971,-0.051852066069841385,-0.051852066069841385,-1.9144739964694333,-2.0115258693695068,0,0,0,0,1,1
after,154700000,154500000,154700,154494,154494,0.097051872900073555,0.27869994974923107,0.010000000298023226,0.0056250004470348447,1,2300,152400,154700,1,-0.051852066069841385,-0.051852066069841385,-0.051852066069841385,-1.9144739964694333,-2.0115258693695068,0,0,0,0,1,1
before,154800000,154600000,154800,154594,154594,-0.16732207056297521,-0.17126471974636071,0.010000000298023226,0.0056250004470348447,1,2400,152400,154700,1,-0.16255615797574274,0.0087085617706179619,0.0087085617706179619,-1.9869395804048942,-1.8196175098419189,0,0,0,0,1,1
after,154800000,154600000,154800,154594,154594,-0.16732207056297521,-0.17126471974636071,0.010000000298023226,0.0056250004470348447,1,2400,154800,154700,1,0.0087085617706179619,0.0087085617706179619,0.0087085617706179619,-1.9869395804048942,-1.8196175098419189,0,0,0,0,1,1
before,154900000,154700000,154900,154694,154694,0.18415190640134571,0.25684448968697998,0.010000000298023226,0.0056250004470348447,1,100,154800,154700,1,0.20028940852810356,-0.056555081158876419,-0.056555081158876419,-1.8698925786908174,-2.0540444850921631,0,0,0,0,1,1
after,154900000,154700000,154900,154694,154694,0.18415190640134571,0.25684448968697998,0.010000000298023226,0.0056250004470348447,1,100,154900,154700,1,-0.056555081158876419,-0.056555081158876419,-0.056555081158876419,-1.8698925786908174,-2.0540444850921631,0,0,0,0,1,1
before,155000000,154800000,155000,154794,154794,-0.045369590181139952,-0.36094172528497825,0.010000000298023226,0.0056250004470348447,1,100,154900,154700,1,-0.26748989752046715,0.093451827764511108,0.093451827764511108,-2.0035110362947264,-1.9581414461135864,0,0,0,0,1,1
after,155000000,154800000,155000,154794,154794,-0.045369590181139952,-0.36094172528497825,0.010000000298023226,0.0056250004470348447,1,100,154900,155000,1,0.093451827764511108,0.093451827764511108,0.093451827764511108,-2.0035110362947264,-1.9581414461135864,0,0,0,0,1,1
before,155100000,154900000,155100,154894,154894,0.066386232464007211,0.19279347949273581,0.010000000298023226,0.0056250004470348447,1,200,154900,155000,1,0.14467703395135398,-0.048116445541381836,-0.048116445541381836,-1.9627096556738102,-2.0290958881378174,0,0,0,0,1,1
after,155100000,154900000,155100,154894,154894,0.066386232464007211,0.19279347949273581,0.010000000298023226,0.0056250004470348447,1,200,154900,155100,1,-0.048116445541381836,-0.048116445541381836,-0.048116445541381836,-1.9627096556738102,-2.0290958881378174,0,0,0,0,1,1
before,155200000,155000000,155200,154994,154994,-0.050259726335306176,-0.11485196756258205,0.010000000298023226,0.0056250004470348447,1,300,154900,155100,1,-0.12379895163759187,-0.0089469840750098228,-0.0089469840750098228,-2.0136244466798496,-1.9633647203445435,0,0,0,0,1,1
after,155200000,155000000,155200,154994,154994,-0.050259726335306176,-0.11485196756258205,0.010000000298023226,0.0056250004470348447,1,300,154900,155200,1,-0.0089469840750098228,-0.0089469840750098228,-0.0089469840750098228,-2.0136244466798496,-1.9633647203445435,0,0,0,0,1,1
before,155300000,155100000,155300,155094,155094,-0.19654435380897284,0.15423319358097137,0.010000000298023226,0.0056250004470348447,1,400,154900,155200,1,0.049141368453369742,-0.10509182512760162,-0.10509182512760162,-1.9795689032932258,-1.7830245494842529,0,0,0,0,1,1
after,155300000,155100000,155300,155094,155094,-0.19654435380897284,0.15423319358097137,0.010000000298023226,0.0056250004470348447,1,400,154900,155300,1,-0.10509182512760162,-0.10509182512760162,-0.10509182512760162,-1.9795689032932258,-1.7830245494842529,0,0,0,0,1,1
before,155400000,155200000,155400,155194,155194,0.095624379103928625,0.12788804571920354,0.010000000298023226,0.0056250004470348447,1,500,154900,155300,1,0.12070870956250745,-0.0071793361566960812,-0.0071793361566960812,-1.8534509621207418,-1.9490753412246704,0,0,0,0,1,1
after,155400000,155200000,155400,155194,155194,0.095624379103928625,0.12788804571920354,0.010000000298023226,0.0056250004470348447,1,500,154900,155400,1,-0.0071793361566960812,-0.0071793361566960812,-0.0071793361566960812,-1.8534509621207418,-1.9490753412246704,0,0,0,0,1,1
before,155500000,155300000,155500,155294,155294,0.045224709321498358,-0.0095547923454948336,0.010000000298023226,0.0056250004470348447,1,600,154900,155400,1,-0.011127367765636054,-0.0015725754201412201,-0.0015725754201412201,-1.9023928215012555,-1.9476175308227539,0,0,0,0,1,1
after,155500000,155300000,155500,155294,155294,0.045224709321498358,-0.0095547923454948336,0.010000000298023226,0.0056250004470348447,1,600,154900,155500,1,-0.0015725754201412201,-0.0015725754201412201,-0.0015725754201412201,-1.9023928215012555,-1.9476175308227539,0,0,0,0,1,1
before,155600000,155400000,155600,155394,155394,-0.13005482565834625,0.14310538184662047,0.010000000298023226,0.0056250004470348447,1,700,154900,155500,1,-0.0015280752180081398,-0.1446334570646286,-0.1446334570646286,-1.9252978504843961,-1.7952430248260498,0,0,0,0,1,1
after,155600000,155400000,155600,155394,155394,-0.13005482565834625,0.14310538184662047,0.010000000298023226,0.0056250004470348447,1,700,154900,155600,1,-0.1446334570646286,-0.1446334570646286,-0.1446334570646286,-1.9252978504843961,-1.7952430248260498,0,0,0,0,1,1
before,155700000,155500000,155700,155494,155494,0.18253758908836071,-0.27006071686816074,0.010000000298023226,0.0056250004470348447,1,800,154900,155600,1,-0.1422144460685239,0.12784627079963684,0.12784627079963684,-1.8742968702164489,-2.0568344593048096,0,0,0,0,1,1
after,155700000,155500000,155700,155494,155494,0.18253758908836071,-0.27006071686816074,0.010000000298023226,0.0056250004470348447,1,800,154900,155700,1,0.12784627079963684,0.12784627079963684,0.12784627079963684,-1.8742968702164489,-2.0568344593048096,0,0,0,0,1,1
before,155800000,155600000,155800,155594,155594,-0.053555964391732269,0.1564016773843801,0.010000000298023226,0.0056250004470348447,1,900,154900,155700,1,0.12605441208124518,-0.030347265303134918,-0.030347265303134918,-1.9532924880199671,-1.8997365236282349,0,0,0,0,1,1
after,155800000,155600000,155800,155594,155594,-0.053555964391732269,0.1564016773843801,0.010000000298023226,0.0056250004470348447,1,900,154900,155800,1,-0.030347265303134918,-0.030347265303134918,-0.030347265303134918,-1.9532924880199671,-1.8997365236282349,0,0,0,0,1,1
before,155900000,155700000,155900,155694,155694,0.060216677152865383,-0.10106256388485406,0.010000000298023226,0.0056250004470348447,1,1000,154900,155800,1,-0.029335496652722101,0.071727067232131958,0.071727067232131958,-1.9293739676835604,-1.9895906448364258,0,0,0,0,1,1
after,155900000,155700000,155900,155694,155694,0.060216677152865383,-0.10106256388485406,0.010000000298023226,0.0056250004470348447,1,1000,154900,155900,1,0.071727067232131958,0.071727067232131958,0.071727067232131958,-1.9293739676835604,-1.9895906448364258,0,0,0,0,1,1
before,156000000,155800000,156000,155794,155794,0.21717277318089945,0.15970665061553324,0.010000000298023226,0.0056250004470348447,1,1100,154900,155900,1,0.071109293342431434,-0.088597357273101807,-0.088597357273101807,-1.9524870798006679,-2.1696598529815674,0,0,0,0,1,1
after,156000000,155800000,156000,155794,155794,0.21717277318089945,0.15970665061553324,0.010000000298023226,0.0056250004470348447,1,1100,156000,155900,1,-0.088597357273101807,-0.088597357273101807,-0.088597357273101807,-1.9524870798006679,-2.1696598529815674,0,0,0,0,1,1
before,156100000,155900000,156100,155894,155894,-0.05737769589015862,0.074231841946999888,0.010000000298023226,0.0056250004470348447,1,100,156000,155900,1,-0.091178289269049306,-0.16541013121604919,-0.16541013121604919,-2.0705858467538061,-2.0132081508636475,0,0,0,0,1,1
after,156100000,155900000,156100,155894,155894,-0.05737769589015862,0.074231841946999888,0.010000000298023226,0.0056250004470348447,1,100,156000,156100,1,-0.16541013121604919,-0.16541013121604919,-0.16541013121604919,-2.0705858467538061,-2.0132081508636475,0,0,0,0,1,1
before,156200000,156000000,156200,155994,155994,-0.13177428494619692,0.036069289096958862,0.010000000298023226,0.0056250004470348447,1,200,156000,156100,1,-0.16380424772822119,-0.19987353682518005,-0.19987353682518005,-2.0582215572469171,-1.9264472723007202,0,0,0,0,1,1
after,156200000,156000000,156200,155994,155994,-0.13177428494619692,0.036069289096958862,0.010000000298023226,0.0056250004470348447,1,200,156000,156200,1,-0.19987353682518005,-0.19987353682518005,-0.19987353682518005,-2.0582215572469171,-1.9264472723007202,0,0,0,0,1,1
before,156300000,156100000,156300,156094,156094,0.042896925416940679,-0.18806879973570045,0.010000000298023226,0.0056250004470348447,1,300,156000,156200,1,-0.1975977337599748,-0.0095289340242743492,-0.0095289340242743492,-2.011897862943655,-2.0547947883605957,0,0,0,0,1,1
after,156300000,156100000,156300,156094,156094,0.042896925416940679,-0.18806879973570045,0.010000000298023226,0.0056250004470348447,1,300,156000,156300,1,-0.0095289340242743492,-0.0095289340242743492,-0.0095289340242743492,-2.011897862943655,-2.0547947883605957,0,0,0,0,1,1
before,156400000,156200000,156400,156194,156194,-0.061816833712033503,0.0037810879673228666,0.010000000298023226,0.0056250004470348447,1,400,156000,156300,1,-0.0091002962638272837,-0.01288138423115015,-0.01288138423115015,-2.0343740207924168,-1.9725571870803833,0,0,0,0,1,1
after,156400000,156200000,156400,156194,156194,-0.061816833712033503,0.0037810879673228666,0.010000000298023226,0.0056250004470348447,1,400,156000,156400,1,-0.01288138423115015,-0.01288138423115015,-0.01288138423115015,-2.0343740207924168,-1.9725571870803833,0,0,0,0,1,1
before,156500000,156300000,156500,156294,156294,-0.09413202348490568,0.10721870640301835,0.010000000298023226,0.0056250004470348447,1,500,156000,156400,1,-0.011262937094925528,-0.11848164349794388,-0.11848164349794388,-2.00454719606181,-1.9104151725769043,0,0,0,0,1,1
after,156500000,156300000,156500,156294,156294,-0.09413202348490568,0.10721870640301835,0.010000000298023226,0.0056250004470348447,1,500,156000,156500,1,-0.11848164349794388,-0.11848164349794388,-0.11848164349794388,-2.00454719606181,-1.9104151725769043,0,0,0,0,1,1
before,156600000,156400000,156600,156394,156394,0.023774659774127072,-0.055956672613189068,0.010000000298023226,0.0056250004470348447,1,600,156000,156500,1,-0.11636090624766096,-0.060404233634471893,-0.060404233634471893,-1.9689926742102479,-1.992767333984375,0,0,0,0,1,1
after,156600000,156400000,156600,156394,156394,0.023774659774127072,-0.055956672613189068,0.010000000298023226,0.0056250004470348447,1,600,156000,156600,1,-0.060404233634471893,-0.060404233634471893,-0.060404233634471893,-1.9689926742102479,-1.992767333984375,0,0,0,0,1,1
before,156700000,156500000,156700,156494,156494,-0.10284148978473606,-0.15625784572966639,0.010000000298023226,0.0056250004470348447,1,700,156000,156600,1,-0.060700305074530274,0.095557540655136108,0.095557540655136108,-1.9869724445271677,-1.8841309547424316,0,0,0,0,1,1
after,156700000,156500000,156700,156494,156494,-0.10284148978473606,-0.15625784572966639,0.010000000298023226,0.0056250004470348447,1,700,156700,156600,1,0.095557540655136108,0.095557540655136108,0.095557540655136108,-1.9869724445271677,-1.8841309547424316,0,0,0,0,1,1
before,156800000,156600000,156800,156594,156594,0.039058515247290204,0.13116481852782297,0.010000000298023226,0.0056250004470348447,1,100,156700,156600,1,0.097419537129526598,-0.033745281398296356,-0.033745281398296356,-1.9256486209068846,-1.9647071361541748,0,0,0,0,1,1
after,156800000,156600000,156800,156594,156594,0.039058515247290204,0.13116481852782297,0.010000000298023226,0.0056250004470348447,1,100,156700,156800,1,-0.033745281398296356,-0.033745281398296356,-0.033745281398296356,-1.9256486209068846,-1.9647071361541748,0,0,0,0,1,1
before,156900000,156700000,156900,156694,156694,0.096478086198071633,0.053478572038454186,0.010000000298023226,0.0056250004470348447,1,200,156700,156800,1,-0.033748504253583778,-0.087227076292037964,-0.087227076292037964,-1.9486404841296872,-2.0451185703277588,0,0,0,0,1,1
after,156900000,156700000,156900,156694,156694,0.096478086198071633,0.053478572038454186,0.010000000298023226,0.0056250004470348447,1,200,156700,156900,1,-0.087227076292037964,-0.087227076292037964,-0.087227076292037964,-1.9486404841296872,-2.0451185703277588,0,0,0,0,1,1
before,157000000,156800000,157000,156794,156794,-0.053496622296083984,-0.11398361232254862,0.010000000298023226,0.0056250004470348447,1,300,156700,156900,1,-0.08796951901290774,0.026014093309640884,0.026014093309640884,-2.0058627359588037,-1.9523661136627197,0,0,0,0,1,1
after,157000000,156800000,157000,156794,156794,-0.053496622296083984,-0.11398361232254862,0.010000000298023226,0.0056250004470348447,1,300,156700,157000,1,0.026014093309640884,0.026014093309640884,0.026014093309640884,-2.0058627359588037,-1.9523661136627197,0,0,0,0,1,1
before,157100000,156900000,157100,156894,156894,0.020633160039475129,0.089680292862013178,0.010000000298023226,0.0056250004470348447,1,400,156700,157000,1,0.027029195087507563,-0.062651097774505615,-0.062651097774505615,-1.9763370166573022,-1.9969701766967773,0,0,0,0,1,1
after,157100000,156900000,157100,156894,156894,0.020633160039475129,0.089680292862013178,0.010000000298023226,0.0056250004470348447,1,400,156700,157100,1,-0.062651097774505615,-0.062651097774505615,-0.062651097774505615,-1.9763370166573022,-1.9969701766967773,0,0,0,0,1,1
before,157200000,157000000,157200,156994,156994,-0.18158115783907491,-0.16818759220685595,0.010000000298023226,0.0056250004470348447,1,500,156700,157100,1,-0.062724497197529011,0.10546309500932693,0.10546309500932693,-1.9929719153998049,-1.81139075756073,0,0,0,0,1,1
after,157200000,157000000,157200,156994,156994,-0.18158115783907491,-0.16818759220685595,0.010000000298023226,0.0056250004470348447,1,500,157200,157100,1,0.10546309500932693,0.10546309500932693,0.10546309500932693,-1.9929719153998049,-1.81139075756073,0,0,0,0,1,1
before,157300000,157100000,157300,157094,157094,-0.0073366495057005654,0.025342812548174928,0.010000000298023226,0.0056250004470348447,1,100,157200,157100,1,0.10915744842101581,0.083814635872840881,0.083814635872840881,-1.8910014959259887,-1.8836648464202881,0,0,0,0,1,1
after,157300000,157100000,157300,157094,157094,-0.0073366495057005654,0.025342812548174928,0.010000000298023226,0.0056250004470348447,1,100,157200,157300,1,0.083814635872840881,0.083814635872840881,0.083814635872840881,-1.8910014959259887,-1.8836648464202881,0,0,0,0,1,1
before,157400000,157200000,157400,157194,157194,0.177523818513456,0.16594766113759674,0.010000000298023226,0.0056250004470348447,1,200,157200,157300,1,0.08399234745504057,-0.081955313682556152,-0.081955313682556152,-1.878931316832003,-2.056455135345459,0,0,0,0,1,1
after,157400000,157200000,157400,157194,157194,0.177523818513456,0.16594766113759674,0.010000000298023226,0.0056250004470348447,1,200,157400,157300,1,-0.081955313682556152,-0.081955313682556152,-0.081955313682556152,-1.878931316832003,-2.056455135345459,0,0,0,0,1,1
before,157500000,157300000,157500,157294,157294,-0.054301752716539919,-0.058451661036685268,0.010000000298023226,0.0056250004470348447,1,100,157400,157300,1,-0.083997761027291576,-0.025546099990606308,-0.025546099990606308,-1.9764143368306146,-1.9221125841140747,0,0,0,0,1,1
after,157500000,157300000,157500,157294,157294,-0.054301752716539919,-0.058451661036685268,0.010000000298023226,0.0056250004470348447,1,100,157400,157500,1,-0.025546099990606308,-0.025546099990606308,-0.025546099990606308,-1.9764143368306146,-1.9221125841140747,0,0,0,0,1,1
before,157600000,157400000,157600,157394,157394,-0.090723705202963245,0.027214546374961103,0.010000000298023226,0.0056250004470348447,1,200,157400,157500,1,-0.024381107963637148,-0.051595654338598251,-0.051595654338598251,-1.9516351937359833,-1.86091148853302,0,0,0,0,1,1
after,157600000,157400000,157600,157394,157394,-0.090723705202963245,0.027214546374961103,0.010000000298023226,0.0056250004470348447,1,200,157400,157600,1,-0.051595654338598251,-0.051595654338598251,-0.051595654338598251,-1.9516351937359833,-1.86091148853302,0,0,0,0,1,1
before,157700000,157500000,157700,157494,157494,0.24087397810412647,0.06752451154614901,0.010000000298023226,0.0056250004470348447,1,300,157400,157600,1,-0.049874808460221534,-0.11739932000637054,-0.11739932000637054,-1.9111331248621821,-2.1520071029663086,0,0,0,0,1,1
after,157700000,157500000,157700,157494,157494,0.24087397810412647,0.06752451154614901,0.010000000298023226,0.0056250004470348447,1,300,157400,157700,1,-0.11739932000637054,-0.11739932000637054,-0.11739932000637054,-1.9111331248621821,-2.1520071029663086,0,0,0,0,1,1
before,157800000,157600000,157800,157594,157594,-0.25529039954052246,-0.18017842408924481,0.010000000298023226,0.0056250004470348447,1,400,157400,157700,1,-0.12041562583952328,0.059762798249721527,0.059762798249721527,-2.0440374717603711,-1.7887470722198486,0,0,0,0,1,1
after,157800000,157600000,157800,157594,157594,-0.25529039954052246,-0.18017842408924481,0.010000000298023226,0.0056250004470348447,1,400,157800,157700,1,0.059762798249721527,0.059762798249721527,0.059762798249721527,-2.0440374717603711,-1.7887470722198486,0,0,0,0,1,1
before,157900000,157700000,157900,157694,157694,-0.00072985301263894797,0.068627116338193198,0.010000000298023226,0.0056250004470348447,1,100,157800,157700,1,0.063731866490870495,-0.0048952498473227024,-0.0048952498473227024,-1.9095957816625413,-1.9088659286499023,0,0,0,0,1,1
after,157900000,157700000,157900,157694,157694,-0.00072985301263894797,0.068627116338193198,0.010000000298023226,0.0056250004470348447,1,100,157800,157900,1,-0.0048952498473227024,-0.0048952498473227024,-0.0048952498473227024,-1.9095957816625413,-1.9088659286499023,0,0,0,0,1,1
before,158000000,157800000,158000,157794,157794,-0.020991619372600967,-0.13709794376172202,0.010000000298023226,0.0056250004470348447,1,200,157800,157900,1,-0.0042608121422685894,0.13283713161945343,0.13283713161945343,-1.9096822102310604,-1.8886905908584595,0,0,0,0,1,1
after,158000000,157800000,158000,157794,157794,-0.020991619372600967,-0.13709794376172202,0.010000000298023226,0.0056250004470348447,1,200,157800,158000,1,0.13283713161945343,0.13283713161945343,0.13283713161945343,-1.9096822102310604,-1.8886905908584595,0,0,0,0,1,1
before,158100000,157900000,158100,157894,157894,0.12984698642544834,0.10837132622799328,0.010000000298023226,0.0056250004470348447,1,300,157800,158000,1,0.13351337191960266,0.025142045691609383,0.025142045691609383,-1.8858183063144198,-2.0156652927398682,0,0,0,0,1,1
after,158100000,157900000,158100,157894,157894,0.12984698642544834,0.10837132622799328,0.010000000298023226,0.0056250004470348447,1,300,158100,158000,1,0.025142045691609383,0.025142045691609383,0.025142045691609383,-1.8858183063144198,-2.0156652927398682,0,0,0,0,1,1
before,158200000,158000000,158200,157994,157994,-0.094036385222704411,-0.048691297659626424,0.010000000298023226,0.0056250004470348447,1,100,158100,158000,1,0.023516734352359354,0.072208032011985779,0.072208032011985779,-1.948619171782763,-1.8545827865600586,0,0,0,0,1,1
after,158200000,158000000,158200,157994,157994,-0.094036385222704411,-0.048691297659626424,0.010000000298023226,0.0056250004470348447,1,100,158100,158200,1,0.072208032011985779,0.072208032011985779,0.072208032011985779,-1.948619171782763,-1.8545827865600586,0,0,0,0,1,1
before,158300000,158100000,158300,158094,158094,0.14568923790400889,0.019292938491832126,0.010000000298023226,0.0056250004470348447,1,200,158100,158200,1,0.07377378173781525,0.054480843245983124,0.054480843245983124,-1.8940811268573436,-2.0397703647613525,0,0,0,0,1,1
after,158300000,158100000,158300,158094,158094,0.14568923790400889,0.019292938491832126,0.010000000298023226,0.0056250004470348447,1,200,158100,158300,1,0.054480843245983124,0.054480843245983124,0.054480843245983124,-1.8940811268573436,-2.0397703647613525,0,0,0,0,1,1
before,158400000,158200000,158400,158194,158194,-0.00099721373812955427,0.14399264888908431,0.010000000298023226,0.0056250004470348447,1,300,158100,158300,1,0.052519345153828126,-0.091473303735256195,-0.091473303735256195,-1.9619140905310373,-1.9609168767929077,0,0,0,0,1,1
after,158400000,158200000,158400,158194,158194,-0.00099721373812955427,0.14399264888908431,0.010000000298023226,0.0056250004470348447,1,300,158100,158400,1,-0.091473303735256195,-0.091473303735256195,-0.091473303735256195,-1.9619140905310373,-1.9609168767929077,0,0,0,0,1,1
before,158500000,158300000,158500,158294,158294,0.084472088303962245,-0.10193588816122905,0.010000000298023226,0.0056250004470348447,1,400,158100,158400,1,-0.091494524372087868,0.010441363789141178,0.010441363789141178,-1.9705725627275319,-2.0550446510314941,0,0,0,0,1,1
after,158500000,158300000,158500,158294,158294,0.084472088303962245,-0.10193588816122905,0.010000000298023226,0.0056250004470348447,1,400,158100,158500,1,0.010441363789141178,0.010441363789141178,0.010441363789141178,-1.9705725627275319,-2.0550446510314941,0,0,0,0,1,1
before,158600000,158400000,158600,158394,158394,-0.010781714924346542,-0.038647232116164339,0.010000000298023226,0.0056250004470348447,1,500,158100,158500,1,0.0093136341264828341,0.047960866242647171,0.047960866242647171,-2.0120324587903133,-2.0012507438659668,0,0,0,0,1,1
after,158600000,158400000,158600,158394,158394,-0.010781714924346542,-0.038647232116164339,0.010000000298023226,0.0056250004470348447,1,500,158100,158600,1,0.047960866242647171,0.047960866242647171,0.047960866242647171,-2.0120324587903133,-2.0012507438659668,0,0,0,0,1,1
before,158700000,158500000,158700,158494,158494,-0.024882815462968555,-0.14513124857261367,0.010000000298023226,0.0056250004470348447,1,600,158100,158600,1,0.048176180979464564,0.19330742955207825,0.19330742955207825,-2.0018091422146775,-1.976926326751709,0,0,0,0,1,1
after,158700000,158500000,158700,158494,158494,-0.024882815462968555,-0.14513124857261367,0.010000000298023226,0.0056250004470348447,1,600,158100,158700,1,0.19330742955207825,0.19330742955207825,0.19330742955207825,-2.0018091422146775,-1.976926326751709,0,0,0,0,1,1
before,158800000,158600000,158800,158594,158594,0.0095455160905679737,0.29795586922256201,0.010000000298023226,0.0056250004470348447,1,700,158100,158700,1,0.19386818864433017,-0.10408768057823181,-0.10408768057823181,-1.9699445256422201,-1.9794900417327881,0,0,0,0,1,1
after,158800000,158600000,158800,158594,158594,0.0095455160905679737,0.29795586922256201,0.010000000298023226,0.0056250004470348447,1,700,158100,158800,1,-0.10408768057823181,-0.10408768057823181,-0.10408768057823181,-1.9699445256422201,-1.9794900417327881,0,0,0,0,1,1
before,158900000,158700000,158900,158694,158694,-0.05325391859107631,-0.21613400651543618,0.010000000298023226,0.0056250004470348447,1,800,158100,158800,1,-0.10464462114899636,0.11148938536643982,0.11148938536643982,-1.9851808843045773,-1.931926965713501,0,0,0,0,1,1
after,158900000,158700000,158900,158694,158694,-0.05325391859107631,-0.21613400651543618,0.010000000298023226,0.0056250004470348447,1,800,158100,158900,1,0.11148938536643982,0.11148938536643982,0.11148938536643982,-1.9851808843045773,-1.931926965713501,0,0,0,0,1,1
before,159000000,158800000,159000,158794,158794,0.0075675906051628772,0.13610083675815132,0.010000000298023226,0.0056250004470348447,1,900,158100,158900,1,0.11255357107950714,-0.02354726567864418,-0.02354726567864418,-1.947223955262757,-1.9547915458679199,0,0,0,0,1,1
after,159000000,158800000,159000,158794,158794,0.0075675906051628772,0.13610083675815132,0.010000000298023226,0.0056250004470348447,1,900,158100,159000,1,-0.02354726567864418,-0.02354726567864418,-0.02354726567864418,-1.947223955262757,-1.9547915458679199,0,0,0,0,1,1
before,159100000,158900000,159100,158894,158894,0.030569732838443775,-0.012817658141448755,0.010000000298023226,0.0056250004470348447,1,1000,158100,159000,1,-0.023840745568468828,-0.011023087427020073,-0.011023087427020073,-1.9534013860885582,-1.983971118927002,0,0,0,0,1,1
after,159100000,158900000,159100,158894,158894,0.030569732838443775,-0.012817658141448755,0.010000000298023226,0.0056250004470348447,1,1000,158100,159100,1,-0.011023087427020073,-0.011023087427020073,-0.011023087427020073,-1.9534013860885582,-1.983971118927002,0,0,0,0,1,1
before,159200000,159000000,159200,158994,158994,0.065938606314433157,0.024416856325789511,0.010000000298023226,0.0056250004470348447,1,1100,158100,159100,1,-0.0114126914668836,-0.035829547792673111,-0.035829547792673111,-1.9698778247310991,-2.0358164310455322,0,0,0,0,1,1
after,159200000,159000000,159200,158994,158994,0.065938606314433157,0.024416856325789511,0.010000000298023226,0.0056250004470348447,1,1100,158100,159200,1,-0.035829547792673111,-0.035829547792673111,-0.035829547792673111,-1.9698778247310991,-2.0358164310455322,0,0,0,0,1,1
before,159300000,159100000,159300,159094,159094,-0.10146832567940178,-0.036856833094406273,0.010000000298023226,0.0056250004470348447,1,1200,158100,159200,1,-0.036419403599483292,0.00043742949492298067,0.00043742949492298067,-2.0066174278904003,-1.9051491022109985,0,0,0,0,1,1
after,159300000,159100000,159300,159094,159094,-0.10146832567940178,-0.036856833094406273,0.010000000298023226,0.0056250004470348447,1,1200,158100,159300,1,0.00043742949492298067,0.00043742949492298067,0.00043742949492298067,-2.0066174278904003,-1.9051491022109985,0,0,0,0,1,1
before,159400000,159200000,159400,159194,159194,0.07542026982869654,0.07330530090777479,0.010000000298023226,0.0056250004470348447,1,1300,158100,159300,1,0.0014953459665020524,-0.071809954941272736,-0.071809954941272736,-1.9555438662949607,-2.0309641361236572,0,0,0,0,1,1
after,159400000,159200000,159400,159194,159194,0.07542026982869654,0.07330530090777479,0.010000000298023226,0.0056250004470348447,1,1300,158100,159400,1,-0.071809954941272736,-0.071809954941272736,-0.071809954941272736,-1.9555438662949607,-2.0309641361236572,0,0,0,0,1,1
before,159500000,159300000,159500,159294,159294,0.056933154705782307,0.027027823658674024,0.010000000298023226,0.0056250004470348447,1,1400,158100,159400,1,-0.073760866491110064,-0.10078869014978409,-0.10078869014978409,-2.0007486442291542,-2.0576817989349365,0,0,0,0,1,1
after,159500000,159300000,159500,159294,159294,0.056933154705782307,0.027027823658674024,0.010000000298023226,0.0056250004470348447,1,1400,158100,159500,1,-0.10078869014978409,-0.10078869014978409,-0.10078869014978409,-2.0007486442291542,-2.0576817989349365,0,0,0,0,1,1
before,159600000,159400000,159600,159394,159394,-0.12364458334428541,-0.14631706306982228,0.010000000298023226,0.0056250004470348447,1,1500,158100,159500,1,-0.10219386423278042,0.044123198837041855,0.044123198837041855,-2.0395076204536604,-1.915863037109375,0,0,0,0,1,1
after,159600000,159400000,159600,159394,159394,-0.12364458334428541,-0.14631706306982228,0.010000000298023226,0.0056250004470348447,1,1500,159600,159500,1,0.044123198837041855,0.044123198837041855,0.044123198837041855,-2.0395076204536604,-1.915863037109375,0,0,0,0,1,1
before,159700000,159500000,159700,159494,159494,-0.013911895066210045,-0.14390544651779746,0.010000000298023226,0.0056250004470348447,1,100,159600,159500,1,0.045455619108346931,0.18936106562614441,0.18936106562614441,-1.9729078333672965,-1.9589959383010864,0,0,0,0,1,1
after,159700000,159500000,159700,159494,159494,-0.013911895066210045,-0.14390544651779746,0.010000000298023226,0.0056250004470348447,1,100,159600,159700,1,0.18936106562614441,0.18936106562614441,0.18936106562614441,-1.9729078333672965,-1.9589959383010864,0,0,0,0,1,1
before,159800000,159600000,159800,159594,159594,0.076707153245284321,0.23873587340534988,0.010000000298023226,0.0056250004470348447,1,200,159600,159700,1,0.18859000519336525,-0.050145868211984634,-0.050145868211984634,-1.9470157337939002,-2.0237228870391846,0,0,0,0,1,1
after,159800000,159600000,159800,159594,159594,0.076707153245284321,0.23873587340534988,0.010000000298023226,0.0056250004470348447,1,200,159600,159800,1,-0.050145868211984634,-0.050145868211984634,-0.050145868211984634,-1.9470157337939002,-2.0237228870391846,0,0,0,0,1,1
before,159900000,159700000,159900,159694,159694,-0.11088700621121306,-0.077539951113859029,0.010000000298023226,0.0056250004470348447,1,300,159600,159800,1,-0.051903905851641514,0.025636045262217522,0.025636045262217522,-1.9906500133752145,-1.8797630071640015,0,0,0,0,1,1
after,159900000,159700000,159900,159694,159694,-0.11088700621121306,-0.077539951113859029,0.010000000298023226,0.0056250004470348447,1,300,159900,159800,1,0.025636045262217522,0.025636045262217522,0.025636045262217522,-1.9906500133752145,-1.8797630071640015,0,0,0,0,1,1
before,160000000,159800000,160000,159794,159794,0.053171171282611951,-0.062255793385802005,0.010000000298023226,0.0056250004470348447,1,100,159900,159800,1,0.026926806993188172,0.089182600378990173,0.089182600378990173,-1.932316528226055,-1.985487699508667,0,0,0,0,1,1
after,160000000,159800000,160000,159794,159794,0.053171171282611951,-0.062255793385802005,0.010000000298023226,0.0056250004470348447,1,100,159900,160000,1,0.089182600378990173,0.089182600378990173,0.089182600378990173,-1.932316528226055,-1.985487699508667,0,0,0,0,1,1
before,160100000,159900000,160100,159894,159894,-0.015550300857380739,-0.012480733902847124,0.010000000298023226,0.0056250004470348447,1,200,159900,160000,1,0.087541067986095594,0.10002180188894272,0.10002180188894272,-1.9501982186048783,-1.9346479177474976,0,0,0,0,1,1
after,160100000,159900000,160100,159894,159894,-0.015550300857380739,-0.012480733902847124,0.010000000298023226,0.0056250004470348447,1,200,159900,160100,1,0.10002180188894272,0.10002180188894272,0.10002180188894272,-1.9501982186048783,-1.9346479177474976,0,0,0,0,1,1
before,160200000,160000000,160200,159994,159994,-0.06462159671679335,0.11720889372314265,0.010000000298023226,0.0056250004470348447,1,300,159900,160100,1,0.099613583958995847,-0.017595309764146805,-0.017595309764146805,-1.9324006132115443,-1.867779016494751,0,0,0,0,1,1
after,160200000,160000000,160200,159994,159994,-0.06462159671679335,0.11720889372314265,0.010000000298023226,0.0056250004470348447,1,300,159900,160200,1,-0.017595309764146805,-0.017595309764146805,-0.017595309764146805,-1.9324006132115443,-1.867779016494751,0,0,0,0,1,1
before,160300000,160100000,160300,160094,160094,0.033320303998654488,-0.057632759132094716,0.010000000298023226,0.0056250004470348447,1,400,159900,160200,1,-0.01737216851920638,0.040260590612888336,0.040260590612888336,-1.9016850031989163,-1.9350053071975708,0,0,0,0,1,1
after,160300000,160100000,160300,160094,160094,0.033320303998654488,-0.057632759132094716,0.010000000298023226,0.0056250004470348447,1,400,159900,160300,1,0.040260590612888336,0.040260590612888336,0.040260590612888336,-1.9016850031989163,-1.9350053071975708,0,0,0,0,1,1
before,160400000,160200000,160400,160194,160194,0.0047347349854973686,0.06176852006334458,0.010000000298023226,0.0056250004470348447,1,500,159900,160300,1,0.03917005974668656,-0.02259846031665802,-0.02259846031665802,-1.9144443469313117,-1.9191790819168091,0,0,0,0,1,1
after,160400000,160200000,160400,160194,160194,0.0047347349854973686,0.06176852006334458,0.010000000298023226,0.0056250004470348447,1,500,159900,160400,1,-0.02259846031665802,-0.02259846031665802,-0.02259846031665802,-1.9144443469313117,-1.9191790819168091,0,0,0,0,1,1
before,160500000,160300000,160500,160294,160294,0.21290540785502809,-0.051591381487976519,0.010000000298023226,0.0056250004470348447,1,600,159900,160400,1,-0.023120442462693659,0.02847093902528286,0.02847093902528286,-1.9191160192995129,-2.132021427154541,0,0,0,0,1,1
after,160500000,160300000,160500,160294,160294,0.21290540785502809,-0.051591381487976519,0.010000000298023226,0.0056250004470348447,1,600,159900,160500,1,0.02847093902528286,0.02847093902528286,0.02847093902528286,-1.9191160192995129,-2.132021427154541,0,0,0,0,1,1
before,160600000,160400000,160600,160394,160394,-0.15768131841969657,0.10117164573926815,0.010000000298023226,0.0056250004470348447,1,700,159900,160500,1,0.024737286784838521,-0.076434358954429626,-0.076434358954429626,-2.0234299622948186,-1.8657486438751221,0,0,0,0,1,1
after,160600000,160400000,160600,160394,160394,-0.15768131841969657,0.10117164573926815,0.010000000298023226,0.0056250004470348447,1,700,159900,160600,1,-0.076434358954429626,-0.076434358954429626,-0.076434358954429626,-2.0234299622948186,-1.8657486438751221,0,0,0,0,1,1
before,160700000,160500000,160700,160494,160494,-0.073705487529730496,-0.032844419493922736,0.010000000298023226,0.0056250004470348447,1,800,159900,160600,1,-0.074876713469275977,-0.042032293975353241,-0.042032293975353241,-1.9517750075263736,-1.8780695199966431,0,0,0,0,1,1
after,160700000,160500000,160700,160494,160494,-0.073705487529730496,-0.032844419493922736,0.010000000298023226,0.0056250004470348447,1,800,159900,160700,1,-0.042032293975353241,-0.042032293975353241,-0.042032293975353241,-1.9517750075263736,-1.8780695199966431,0,0,0,0,1,1
before,160800000,160600000,160800,160594,160594,-0.048606537701010755,-0.053624217800091689,0.010000000298023226,0.0056250004470348447,1,900,159900,160700,1,-0.042047133139561599,0.01157708466053009,0.01157708466053009,-1.9189639319194556,-1.8703573942184448,0,0,0,0,1,1
after,160800000,160600000,160800,160594,160594,-0.048606537701010755,-0.053624217800091689,0.010000000298023226,0.0056250004470348447,1,900,159900,160800,1,0.01157708466053009,0.01157708466053009,0.01157708466053009,-1.9189639319194556,-1.8703573942184448,0,0,0,0,1,1
before,160900000,160700000,160900,160694,160694,-0.059907554526464901,0.064161887280332022,0.010000000298023226,0.0056250004470348447,1,1000,159900,160800,1,0.011016929410087046,-0.05314495787024498,-0.05314495787024498,-1.8934009064628052,-1.8334933519363403,0,0,0,0,1,1
after,160900000,160700000,160900,160694,160694,-0.059907554526464901,0.064161887280332022,0.010000000298023226,0.0056250004470348447,1,1000,159900,160900,1,-0.05314495787024498,-0.05314495787024498,-0.05314495787024498,-1.8934009064628052,-1.8334933519363403,0,0,0,0,1,1
before,161000000,160800000,161000,160794,160794,-0.056024162133498923,-0.004274224495859423,0.010000000298023226,0.0056250004470348447,1,1100,159900,160900,1,-0.052454823261471072,-0.048180598765611649,-0.048180598765611649,-1.8685919922192533,-1.8125678300857544,0,0,0,0,1,1
after,161000000,160800000,161000,160794,160794,-0.056024162133498923,-0.004274224495859423,0.010000000298023226,0.0056250004470348447,1,1100,159900,161000,1,-0.048180598765611649,-0.048180598765611649,-0.048180598765611649,-1.8685919922192533,-1.8125678300857544,0,0,0,0,1,1
before,161100000,160900000,161100,160894,160894,0.082911399847056977,-0.07267980985085562,0.010000000298023226,0.0056250004470348447,1,1200,159900,161000,1,-0.048245124143763335,0.024434685707092285,0.024434685707092285,-1.84527489756963,-1.928186297416687,0,0,0,0,1,1
after,161100000,160900000,161100,160894,160894,0.082911399847056977,-0.07267980985085562,0.010000000298023226,0.0056250004470348447,1,1200,159900,161100,1,0.024434685707092285,0.024434685707092285,0.024434685707092285,-1.84527489756963,-1.928186297416687,0,0,0,0,1,1
before,161200000,161000000,161200,160994,160994,0.12414507059313862,0.070583391445463856,0.010000000298023226,0.0056250004470348447,1,1300,159900,161100,1,0.021614044415539456,-0.048969347029924393,-0.048969347029924393,-1.8846175274445811,-2.0087625980377197,0,0,0,0,1,1
after,161200000,161000000,161200,160994,160994,0.12414507059313862,0.070583391445463856,0.010000000298023226,0.0056250004470348447,1,1300,159900,161200,1,-0.048969347029924393,-0.048969347029924393,-0.048969347029924393,-1.8846175274445811,-2.0087625980377197,0,0,0,0,1,1
before,161300000,161100000,161300,161094,161094,-0.19562938315034883,-0.071398093908932245,0.010000000298023226,0.0056250004470348447,1,1400,159900,161200,1,-0.051112135484721696,0.020285958424210548,0.020285958424210548,-1.951984430376301,-1.7563550472259521,0,0,0,0,1,1
after,161300000,161100000,161300,161094,161094,-0.19562938315034883,-0.071398093908932245,0.010000000298023226,0.0056250004470348447,1,1400,159900,161300,1,0.020285958424210548,0.020285958424210548,0.020285958424210548,-1.951984430376301,-1.7563550472259521,0,0,0,0,1,1
before,161400000,161200000,161400,161194,161194,0.066561871953975782,-0.031099561799034017,0.010000000298023226,0.0056250004470348447,1,1500,159900,161300,1,0.021533041995302302,0.052632603794336319,0.052632603794336319,-1.8516095338382605,-1.9181714057922363,0,0,0,0,1,1
after,161400000,161200000,161400,161194,161194,0.066561871953975782,-0.031099561799034017,0.010000000298023226,0.0056250004470348447,1,1500,159900,161400,1,0.052632603794336319,0.052632603794336319,0.052632603794336319,-1.8516095338382605,-1.9181714057922363,0,0,0,0,1,1
before,161500000,161300000,161500,161294,161294,0.054912377882403662,0.23755277237306879,0.010000000298023226,0.0056250004470348447,1,1600,159900,161400,1,0.050558145254958144,-0.18699462711811066,-0.18699462711811066,-1.879888366174298,-1.9348007440567017,0,0,0,0,1,1
after,161500000,161300000,161500,161294,161294,0.054912377882403662,0.23755277237306879,0.010000000298023226,0.0056250004470348447,1,1600,159900,161500,1,-0.18699462711811066,-0.18699462711811066,-0.18699462711811066,-1.879888366174298,-1.9348007440567017,0,0,0,0,1,1
before,161600000,161400000,161600,161394,161394,0.11058721038741925,-0.10263827948109103,0.010000000298023226,0.0056250004470348447,1,1700,159900,161500,1,-0.18851233033672762,-0.085874050855636597,-0.085874050855636597,-1.9262415459449782,-2.0368287563323975,0,0,0,0,1,1
after,161600000,161400000,161600,161394,161394,0.11058721038741925,-0.10263827948109103,0.010000000298023226,0.0056250004470348447,1,1700,159900,161600,1,-0.085874050855636597,-0.085874050855636597,-0.085874050855636597,-1.9262415459449782,-2.0368287563323975,0,0,0,0,1,1
before,161700000,161500000,161700,161494,161494,-0.099311958656655985,-0.082397450872658026,0.010000000298023226,0.0056250004470348447,1,1800,159900,161600,1,-0.088750397500543129,-0.0063529466278851032,-0.0063529466278851032,-1.9905312169650666,-1.8912192583084106,0,0,0,0,1,1
after,161700000,161500000,161700,161494,161494,-0.099311958656655985,-0.082397450872658026,0.010000000298023226,0.0056250004470348447,1,1800,159900,161700,1,-0.0063529466278851032,-0.0063529466278851032,-0.0063529466278851032,-1.9905312169650666,-1.8912192583084106,0,0,0,0,1,1
before,161800000,161600000,161800,161594,161594,-0.029390214981422469,0.041269142430837076,0.010000000298023226,0.0056250004470348447,1,1900,159900,161700,1,-0.006288900721256813,-0.047558043152093887,-0.047558043152093887,-1.9412547341006852,-1.9118645191192627,0,0,0,0,1,1
after,161800000,161600000,161800,161594,161594,-0.029390214981422469,0.041269142430837076,0.010000000298023226,0.0056250004470348447,1,1900,159900,161800,1,-0.047558043152093887,-0.047558043152093887,-0.047558043152093887,-1.9412547341006852,-1.9118645191192627,0,0,0,0,1,1
before,161900000,161700000,161900,161694,161694,0.063013604110435661,0.031674439923519843,0.010000000298023226,0.0056250004470348447,1,2000,159900,161800,1,-0.04776375470901037,-0.079438194632530212,-0.079438194632530212,-1.9312424154818495,-1.9942560195922852,0,0,0,0,1,1
after,161900000,161700000,161900,161694,161694,0.063013604110435661,0.031674439923519843,0.010000000298023226,0.0056250004470348447,1,2000,159900,161900,1,-0.079438194632530212,-0.079438194632530212,-0.079438194632530212,-1.9312424154818495,-1.9942560195922852,0,0,0,0,1,1
before,162000000,161800000,162000,161794,161794,0.14838181266553896,-0.1393890654338891,0.010000000298023226,0.0056250004470348447,1,2100,159900,161900,1,-0.080860724080949492,0.058528341352939606,0.058528341352939606,-1.9709106849693487,-2.1192924976348877,0,0,0,0,1,1
after,162000000,161800000,162000,161794,161794,0.14838181266553896,-0.1393890654338891,0.010000000298023226,0.0056250004470348447,1,2100,159900,162000,1,0.058528341352939606,0.058528341352939606,0.058528341352939606,-1.9709106849693487,-2.1192924976348877,0,0,0,0,1,1
before,162100000,161900000,162100,161894,161894,0.1075998117214314,0.18190631559030021,0.010000000298023226,0.0056250004470348447,1,2200,159900,162000,1,0.055659967566885599,-0.12624634802341461,-0.12624634802341461,-2.0397512148136028,-2.1473510265350342,0,0,0,0,1,1
after,162100000,161900000,162100,161894,161894,0.1075998117214314,0.18190631559030021,0.010000000298023226,0.0056250004470348447,1,2200,162100,162000,1,-0.12624634802341461,-0.12624634802341461,-0.12624634802341461,-2.0397512148136028,-2.1473510265350342,0,0,0,0,1,1
before,162200000,162000000,162200,161994,161994,-0.28599768111905899,-0.037580001575623856,0.010000000298023226,0.0056250004470348447,1,100,162100,162000,1,-0.12904872320381294,-0.091468721628189087,-0.091468721628189087,-2.1065862698336586,-1.8205885887145996,0,0,0,0,1,1
after,162200000,162000000,162200,161994,161994,-0.28599768111905899,-0.037580001575623856,0.010000000298023226,0.0056250004470348447,1,100,162100,162200,1,-0.091468721628189087,-0.091468721628189087,-0.091468721628189087,-2.1065862698336586,-1.8205885887145996,0,0,0,0,1,1
before,162300000,162100000,162300,162094,162094,-0.11026395207644146,0.038572541737882035,0.010000000298023226,0.0056250004470348447,1,200,162100,162200,1,-0.08896384451356755,-0.12753638625144958,-0.12753638625144958,-1.9719290817380015,-1.8616651296615601,0,0,0,0,1,1
after,162300000,162100000,162300,162094,162094,-0.11026395207644146,0.038572541737882035,0.010000000298023226,0.0056250004470348447,1,200,162100,162300,1,-0.12753638625144958,-0.12753638625144958,-0.12753638625144958,-1.9719290817380015,-1.8616651296615601,0,0,0,0,1,1
before,162400000,162200000,162400,162194,162194,0.095906990392688352,-0.10309610928687998,0.010000000298023226,0.0056250004470348447,1,300,162100,162300,1,-0.12752873118314692,-0.024432621896266937,-0.024432621896266937,-1.9292785946292843,-2.0251855850219727,0,0,0,0,1,1
after,162400000,162200000,162400,162194,162194,0.095906990392688352,-0.10309610928687998,0.010000000298023226,0.0056250004470348447,1,300,162100,162400,1,-0.024432621896266937,-0.024432621896266937,-0.024432621896266937,-1.9292785946292843,-2.0251855850219727,0,0,0,0,1,1
before,162500000,162300000,162500,162294,162294,0.082821977079108988,-0.092825930634173742,0.010000000298023226,0.0056250004470348447,1,400,162100,162400,1,-0.026647415080699319,0.066178515553474426,0.066178515553474426,-1.980025398790642,-2.062847375869751,0,0,0,0,1,1
after,162500000,162300000,162500,162294,162294,0.082821977079108988,-0.092825930634173742,0.010000000298023226,0.0056250004470348447,1,400,162100,162500,1,0.066178515553474426,0.066178515553474426,0.066178515553474426,-1.980025398790642,-2.062847375869751,0,0,0,0,1,1
before,162600000,162400000,162600,162394,162394,-0.22978137252461428,0.10855741791688654,0.010000000298023226,0.0056250004470348447,1,500,162100,162500,1,0.063631676065556739,-0.044925741851329803,-0.044925741851329803,-2.0151483845485401,-1.7853670120239258,0,0,0,0,1,1
after,162600000,162400000,162600,162394,162394,-0.22978137252461428,0.10855741791688654,0.010000000298023226,0.0056250004470348447,1,500,162100,162600,1,-0.044925741851329803,-0.044925741851329803,-0.044925741851329803,-2.0151483845485401,-1.7853670120239258,0,0,0,0,1,1
before,162700000,162500000,162700,162494,162494,-0.0248679521210462,-0.033517700073681676,0.010000000298023226,0.0056250004470348447,1,600,162100,162600,1,-0.043458536652289236,-0.0099408365786075592,-0.0099408365786075592,-1.9041371944077283,-1.8792692422866821,0,0,0,0,1,1
after,162700000,162500000,162700,162494,162494,-0.0248679521210462,-0.033517700073681676,0.010000000298023226,0.0056250004470348447,1,600,162100,162700,1,-0.0099408365786075592,-0.0099408365786075592,-0.0099408365786075592,-1.9041371944077283,-1.8792692422866821,0,0,0,0,1,1
before,162800000,162600000,162800,162594,162594,-0.027190129048824563,-0.0016548825119511203,0.010000000298023226,0.0056250004470348447,1,700,162100,162700,1,-0.010726335055090578,-0.0090714525431394577,-0.0090714525431394577,-1.8926766316962245,-1.8654865026473999,0,0,0,0,1,1
after,162800000,162600000,162800,162594,162594,-0.027190129048824563,-0.0016548825119511203,0.010000000298023226,0.0056250004470348447,1,700,162100,162800,1,-0.0090714525431394577,-0.0090714525431394577,-0.0090714525431394577,-1.8926766316962245,-1.8654865026473999,0,0,0,0,1,1
before,162900000,162700000,162900,162694,162694,0.025386190896456107,-0.032237402641728224,0.010000000298023226,0.0056250004470348447,1,800,162100,162800,1,-0.0093573904722479007,0.022880012169480324,0.022880012169480324,-1.879923843855436,-1.9053100347518921,0,0,0,0,1,1
after,162900000,162700000,162900,162694,162694,0.025386190896456107,-0.032237402641728224,0.010000000298023226,0.0056250004470348447,1,800,162100,162900,1,0.022880012169480324,0.022880012169480324,0.022880012169480324,-1.879923843855436,-1.9053100347518921,0,0,0,0,1,1
before,163000000,162800000,163000,162794,162794,0.01800652408571235,-0.048284546263745773,0.010000000298023226,0.0056250004470348447,1,900,162100,162900,1,0.021121948234507096,0.069406494498252869,0.069406494498252869,-1.8904751930239678,-1.9084817171096802,0,0,0,0,1,1
after,163000000,162800000,163000,162794,162794,0.01800652408571235,-0.048284546263745773,0.010000000298023226,0.0056250004470348447,1,900,162100,163000,1,0.069406494498252869,0.069406494498252869,0.069406494498252869,-1.8904751930239678,-1.9084817171096802,0,0,0,0,1,1
before,163100000,162900000,163100,162894,162894,0.1972629199283249,-0.042396383403288579,0.010000000298023226,0.0056250004470348447,1,1000,162100,163000,1,0.067800803066743159,0.11019718647003174,0.11019718647003174,-1.8926525940639847,-2.0899155139923096,0,0,0,0,1,1
after,163100000,162900000,163100,162894,162894,0.1972629199283249,-0.042396383403288579,0.010000000298023226,0.0056250004470348447,1,1000,162100,163100,1,0.11019718647003174,0.11019718647003174,0.11019718647003174,-1.8926525940639847,-2.0899155139923096,0,0,0,0,1,1
before,163200000,163000000,163200,162994,162994,-0.02427874408619024,0.18362932458741249,0.010000000298023226,0.0056250004470348447,1,1100,162100,163100,1,0.10604638412816109,-0.077582940459251404,-0.077582940459251404,-1.9809368690098963,-1.9566581249237061,0,0,0,0,1,1
after,163200000,163000000,163200,162994,162994,-0.02427874408619024,0.18362932458741249,0.010000000298023226,0.0056250004470348447,1,1100,162100,163200,1,-0.077582940459251404,-0.077582940459251404,-0.077582940459251404,-1.9809368690098963,-1.9566581249237061,0,0,0,0,1,1
before,163300000,163100000,163300,163094,163094,-0.0035423598213077945,-0.015129332646210261,0.010000000298023226,0.0056250004470348447,1,1200,162100,163200,1,-0.078455900057632991,-0.063326567411422729,-0.063326567411422729,-1.9765341839713932,-1.9729918241500854,0,0,0,0,1,1
after,163300000,163100000,163300,163094,163094,-0.0035423598213077945,-0.015129332646210261,0.010000000298023226,0.0056250004470348447,1,1200,162100,163300,1,-0.063326567411422729,-0.063326567411422729,-0.063326567411422729,-1.9765341839713932,-1.9729918241500854,0,0,0,0,1,1
before,163400000,163200000,163400,163194,163194,-0.10826635587487932,0.05870348436308373,0.010000000298023226,0.0056250004470348447,1,1300,162100,163300,1,-0.064286289387221446,-0.12298977375030518,-0.12298977375030518,-1.9811464570787978,-1.8728801012039185,0,0,0,0,1,1
after,163400000,163200000,163400,163194,163194,-0.10826635587487932,0.05870348436308373,0.010000000298023226,0.0056250004470348447,1,1300,162100,163400,1,-0.12298977375030518,-0.12298977375030518,-0.12298977375030518,-1.9811464570787978,-1.8728801012039185,0,0,0,0,1,1
before,163500000,163300000,163500,163294,163294,0.039811118394616152,-0.015690870977652469,0.010000000298023226,0.0056250004470348447,1,1400,162100,163400,1,-0.12216300556780139,-0.10647213459014893,-0.10647213459014893,-1.9390154044325323,-1.9788265228271484,0,0,0,0,1,1
after,163500000,163300000,163500,163294,163294,0.039811118394616152,-0.015690870977652469,0.010000000298023226,0.0056250004470348447,1,1400,162100,163500,1,-0.10647213459014893,-0.10647213459014893,-0.10647213459014893,-1.9390154044325323,-1.9788265228271484,0,0,0,0,1,1
before,163600000,163400000,163600,163394,163394,0.15764634284955936,-0.18991509682378238,0.010000000298023226,0.0056250004470348447,1,1500,162100,163500,1,-0.10787170982798998,0.082043386995792389,0.082043386995792389,-1.9697116168977551,-2.1273579597473145,0,0,0,0,1,1
after,163600000,163400000,163600,163394,163394,0.15764634284955936,-0.18991509682378238,0.010000000298023226,0.0056250004470348447,1,1500,162100,163600,1,0.082043386995792389,0.082043386995792389,0.082043386995792389,-1.9697116168977551,-2.1273579597473145,0,0,0,0,1,1
before,163700000,163500000,163700,163494,163494,-0.10794176892344476,0.082060534761644682,0.010000000298023226,0.0056250004470348447,1,1600,162100,163600,1,0.078792713138632259,-0.0032678216230124235,-0.0032678216230124235,-2.0408618672281933,-1.9329200983047485,0,0,0,0,1,1
after,163700000,163500000,163700,163494,163494,-0.10794176892344476,0.082060534761644682,0.010000000298023226,0.0056250004470348447,1,1600,162100,163700,1,-0.0032678216230124235,-0.0032678216230124235,-0.0032678216230124235,-2.0408618672281933,-1.9329200983047485,0,0,0,0,1,1
before,163800000,163600000,163800,163594,163594,-0.15353728564010471,0.019008525531657411,0.010000000298023226,0.0056250004470348447,1,1700,162100,163700,1,-0.0031367774345796586,-0.022145302966237068,-0.022145302966237068,-1.9869605425141892,-1.8334232568740845,0,0,0,0,1,1
after,163800000,163600000,163800,163594,163594,-0.15353728564010471,0.019008525531657411,0.010000000298023226,0.0056250004470348447,1,1700,162100,163800,1,-0.022145302966237068,-0.022145302966237068,-0.022145302966237068,-1.9869605425141892,-1.8334232568740845,0,0,0,0,1,1
before,163900000,163700000,163900,163694,163694,-0.099115326459989328,-0.13009666972414705,0.010000000298023226,0.0056250004470348447,1,1800,162100,163800,1,-0.020773942997615067,0.10932272672653198,0.10932272672653198,-1.9119694972592447,-1.8128541707992554,0,0,0,0,1,1
after,163900000,163700000,163900,163694,163694,-0.099115326459989328,-0.13009666972414705,0.010000000298023226,0.0056250004470348447,1,1800,162100,163900,1,0.10932272672653198,0.10932272672653198,0.10932272672653198,-1.9119694972592447,-1.8128541707992554,0,0,0,0,1,1
before,164000000,163800000,164000,163794,163794,0.10013212529736193,0.1160778636381965,0.010000000298023226,0.0056250004470348447,1,1900,162100,163900,1,0.10969684787923506,-0.0063810157589614391,-0.0063810157589614391,-1.8512373987047133,-1.9513695240020752,0,0,0,0,1,1
after,164000000,163800000,164000,163794,163794,0.10013212529736193,0.1160778636381965,0.010000000298023226,0.0056250004470348447,1,1900,164000,163900,1,-0.0063810157589614391,-0.0063810157589614391,-0.0063810157589614391,-1.8512373987047133,-1.9513695240020752,0,0,0,0,1,1
before,164100000,163900000,164100,163894,163894,0.18737856020853227,-0.084687252897777024,0.010000000298023226,0.0056250004470348447,1,100,164000,163900,1,-0.0086126154251474733,0.076074637472629547,0.076074637472629547,-1.9022818459041386,-2.0896604061126709,0,0,0,0,1,1
after,164100000,163900000,164100,163894,163894,0.18737856020853227,-0.084687252897777024,0.010000000298023226,0.0056250004470348447,1,100,164000,164100,1,0.076074637472629547,0.076074637472629547,0.076074637472629547,-1.9022818459041386,-2.0896604061126709,0,0,0,0,1,1
before,164200000,164000000,164200,163994,163994,-0.22728558424257739,0.11313117636434541,0.010000000298023226,0.0056250004470348447,1,200,164000,164100,1,0.072689287048501833,-0.040441889315843582,-0.040441889315843582,-1.9889880025699089,-1.7617024183273315,0,0,0,0,1,1
after,164200000,164000000,164200,163994,163994,-0.22728558424257739,0.11313117636434541,0.010000000298023226,0.0056250004470348447,1,200,164000,164200,1,-0.040441889315843582,-0.040441889315843582,-0.040441889315843582,-1.9889880025699089,-1.7617024183273315,0,0,0,0,1,1
before,164300000,164100000,164300,164094,164094,0.017025497683397672,-0.006731811636171238,0.010000000298023226,0.0056250004470348447,1,300,164000,164200,1,-0.037961858981332676,-0.031230047345161438,-0.031230047345161438,-1.8787110774432503,-1.8957365751266479,0,0,0,0,1,1
after,164300000,164100000,164300,164094,164094,0.017025497683397672,-0.006731811636171238,0.010000000298023226,0.0056250004470348447,1,300,164000,164300,1,-0.031230047345161438,-0.031230047345161438,-0.031230047345161438,-1.8787110774432503,-1.8957365751266479,0,0,0,0,1,1
before,164400000,164200000,164400,164194,164194,-0.074025361209096419,0.066547288336876731,0.010000000298023226,0.0056250004470348447,1,400,164000,164300,1,-0.032748268208380844,-0.099295556545257568,-0.099295556545257568,-1.8904369756271262,-1.8164116144180298,0,0,0,0,1,1
after,164400000,164200000,164400,164194,164194,-0.074025361209096419,0.066547288336876731,0.010000000298023226,0.0056250004470348447,1,400,164000,164400,1,-0.099295556545257568,-0.099295556545257568,-0.099295556545257568,-1.8904369756271262,-1.8164116144180298,0,0,0,0,1,1
before,164500000,164300000,164500,164294,164294,0.14045263520774975,-0.10697266944769149,0.010000000298023226,0.0056250004470348447,1,500,164000,164400,1,-0.099526975500316667,0.0074456939473748207,0.0074456939473748207,-1.8631751418918596,-2.0036277770996094,0,0,0,0,1,1
after,164500000,164300000,164500,164294,164294,0.14045263520774975,-0.10697266944769149,0.010000000298023226,0.0056250004470348447,1,500,164000,164500,1,0.0074456939473748207,0.0074456939473748207,0.0074456939473748207,-1.8631751418918596,-2.0036277770996094,0,0,0,0,1,1
before,164600000,164400000,164600,164394,164394,-0.13216541065033849,0.02690720940122485,0.010000000298023226,0.0056250004470348447,1,600,164000,164500,1,0.0054249056626307938,-0.021482303738594055,-0.021482303738594055,-1.9331022287732023,-1.8009368181228638,0,0,0,0,1,1
after,164600000,164400000,164600,164394,164394,-0.13216541065033849,0.02690720940122485,0.010000000298023226,0.0056250004470348447,1,600,164000,164600,1,-0.021482303738594055,-0.021482303738594055,-0.021482303738594055,-1.9331022287732023,-1.8009368181228638,0,0,0,0,1,1
before,164700000,164500000,164700,164494,164494,0.16738536406770477,0.16159414255543303,0.010000000298023226,0.0056250004470348447,1,700,164000,164600,1,-0.020549739361566781,-0.18214388191699982,-0.18214388191699982,-1.8687999005196976,-2.0361852645874023,0,0,0,0,1,1
after,164700000,164500000,164700,164494,164494,0.16738536406770477,0.16159414255543303,0.010000000298023226,0.0056250004470348447,1,700,164700,164600,1,-0.18214388191699982,-0.18214388191699982,-0.18214388191699982,-1.8687999005196976,-2.0361852645874023,0,0,0,0,1,1
before,164800000,164600000,164800,164594,164594,0.010592892321665381,-0.25507102973854973,0.010000000298023226,0.0056250004470348447,1,100,164700,164600,1,-0.18461386926567985,0.070457160472869873,0.070457160472869873,-1.9712286446961569,-1.9818215370178223,0,0,0,0,1,1
after,164800000,164600000,164800,164594,164594,0.010592892321665381,-0.25507102973854973,0.010000000298023226,0.0056250004470348447,1,100,164700,164800,1,0.070457160472869873,0.070457160472869873,0.070457160472869873,-1.9712286446961569,-1.9818215370178223,0,0,0,0,1,1
before,164900000,164700000,164900,164694,164694,-0.04160560848354411,0.14095692768703114,0.010000000298023226,0.0056250004470348447,1,200,164700,164800,1,0.069980901330810891,-0.070976026356220245,-0.070976026356220245,-1.9695142674648674,-1.9279086589813232,0,0,0,0,1,1
after,164900000,164700000,164900,164694,164694,-0.04160560848354411,0.14095692768703114,0.010000000298023226,0.0056250004470348447,1,200,164700,164900,1,-0.070976026356220245,-0.070976026356220245,-0.070976026356220245,-1.9695142674648674,-1.9279086589813232,0,0,0,0,1,1
before,165000000,164800000,165000,164794,164794,0.1491496562642638,-0.047487499757506907,0.010000000298023226,0.0056250004470348447,1,300,164700,164900,1,-0.071193574561574519,-0.023706074804067612,-0.023706074804067612,-1.9557230472879823,-2.1048727035522461,0,0,0,0,1,1
after,165000000,164800000,165000,164794,164794,0.1491496562642638,-0.047487499757506907,0.010000000298023226,0.0056250004470348447,1,300,164700,165000,1,-0.023706074804067612,-0.023706074804067612,-0.023706074804067612,-1.9557230472879823,-2.1048727035522461,0,0,0,0,1,1
before,165100000,164900000,165100,164894,164894,-0.14109830902556375,-0.019121018252847306,0.010000000298023226,0.0056250004470348447,1,400,164700,165000,1,-0.02576348047289025,-0.006642462220042944,-0.006642462220042944,-2.0331416611526389,-1.8920433521270752,0,0,0,0,1,1
after,165100000,164900000,165100,164894,164894,-0.14109830902556375,-0.019121018252847306,0.010000000298023226,0.0056250004470348447,1,400,164700,165100,1,-0.006642462220042944,-0.006642462220042944,-0.006642462220042944,-2.0331416611526389,-1.8920433521270752,0,0,0,0,1,1
before,165200000,165000000,165200,164994,164994,-0.096354074398812717,-0.0066041817097596796,0.010000000298023226,0.0056250004470348447,1,500,164700,165100,1,-0.0048298647069044383,0.0017743170028552413,0.0017743170028552413,-1.9628241728942961,-1.8664700984954834,0,0,0,0,1,1
after,165200000,165000000,165200,164994,164994,-0.096354074398812717,-0.0066041817097596796,0.010000000298023226,0.0056250004470348447,1,500,164700,165200,1,0.0017743170028552413,0.0017743170028552413,0.0017743170028552413,-1.9628241728942961,-1.8664700984954834,0,0,0,0,1,1
before,165300000,165100000,165300,165094,165094,-0.0021367396784897075,-0.015555163872341689,0.010000000298023226,0.0056250004470348447,1,600,164700,165200,1,0.0027430969952539847,0.018298260867595673,0.018298260867595673,-1.9141757811976547,-1.912039041519165,0,0,0,0,1,1
after,165300000,165100000,165300,165094,165094,-0.0021367396784897075,-0.015555163872341689,0.010000000298023226,0.0056250004470348447,1,600,164700,165300,1,0.018298260867595673,0.018298260867595673,0.018298260867595673,-1.9141757811976547,-1.912039041519165,0,0,0,0,1,1
before,165400000,165200000,165400,165194,165194,-0.020592874443234432,-0.029897408089120132,0.010000000298023226,0.0056250004470348447,1,700,164700,165300,1,0.017483117529671448,0.04738052561879158,0.04738052561879158,-1.911308473503293,-1.8907155990600586,0,0,0,0,1,1
after,165400000,165200000,165400,165194,165194,-0.020592874443234432,-0.029897408089120132,0.010000000298023226,0.0056250004470348447,1,700,164700,165400,1,0.04738052561879158,0.04738052561879158,0.04738052561879158,-1.911308473503293,-1.8907155990600586,0,0,0,0,1,1
before,165500000,165300000,165500,165294,165294,0.083365605214657856,0.24800040515600136,0.010000000298023226,0.0056250004470348447,1,800,164700,165400,1,0.047603822671756051,-0.2003965824842453,-0.2003965824842453,-1.8961944123710965,-1.9795600175857544,0,0,0,0,1,1
after,165500000,165300000,165500,165294,165294,0.083365605214657856,0.24800040515600136,0.010000000298023226,0.0056250004470348447,1,800,164700,165500,1,-0.2003965824842453,-0.2003965824842453,-0.2003965824842453,-1.8961944123710965,-1.9795600175857544,0,0,0,0,1,1
before,165600000,165400000,165600,165394,165394,0.015475508095783796,-0.34780479473581993,0.010000000298023226,0.0056250004470348447,1,900,164700,165500,1,-0.20171281201353755,0.14609198272228241,0.14609198272228241,-1.9581853185872606,-1.9736608266830444,0,0,0,0,1,1
after,165600000,165400000,165600,165394,165394,0.015475508095783796,-0.34780479473581993,0.010000000298023226,0.0056250004470348447,1,900,164700,165600,1,0.14609198272228241,0.14609198272228241,0.14609198272228241,-1.9581853185872606,-1.9736608266830444,0,0,0,0,1,1
before,165700000,165500000,165700,165494,165494,-0.043544073689402607,0.24889524698170279,0.010000000298023226,0.0056250004470348447,1,1000,164700,165600,1,0.14621245533140753,-0.10268279165029526,-0.10268279165029526,-1.9513610798005476,-1.907817006111145,0,0,0,0,1,1
after,165700000,165500000,165700,165494,165494,-0.043544073689402607,0.24889524698170279,0.010000000298023226,0.0056250004470348447,1,1000,164700,165700,1,-0.10268279165029526,-0.10268279165029526,-0.10268279165029526,-1.9513610798005476,-1.907817006111145,0,0,0,0,1,1
before,165800000,165600000,165800,165594,165594,0.050528697487348229,-0.01661925679220766,0.010000000298023226,0.0056250004470348447,1,1100,164700,165700,1,-0.10249026036038011,-0.085871003568172455,-0.085871003568172455,-1.9397254662547172,-1.9902541637420654,0,0,0,0,1,1
after,165800000,165600000,165800,165594,165594,0.050528697487348229,-0.01661925679220766,0.010000000298023226,0.0056250004470348447,1,1100,164700,165800,1,-0.085871003568172455,-0.085871003568172455,-0.085871003568172455,-1.9397254662547172,-1.9902541637420654,0,0,0,0,1,1
before,165900000,165700000,165900,165694,165694,0.082135275996130241,0.0094219335462467496,0.010000000298023226,0.0056250004470348447,1,1200,164700,165800,1,-0.086956094846544998,-0.096378028392791748,-0.096378028392791748,-1.9737612446184938,-2.055896520614624,0,0,0,0,1,1
after,165900000,165700000,165900,165694,165694,0.082135275996130241,0.0094219335462467496,0.010000000298023226,0.0056250004470348447,1,1200,164700,165900,1,-0.096378028392791748,-0.096378028392791748,-0.096378028392791748,-1.9737612446184938,-2.055896520614624,0,0,0,0,1,1
before,166000000,165800000,166000,165794,165794,-0.059329887811002457,-0.064732310077265168,0.010000000298023226,0.0056250004470348447,1,1300,164700,165900,1,-0.097536225518301392,-0.032803915441036224,-0.032803915441036224,-2.0247216429150674,-1.9653917551040649,0,0,0,0,1,1
after,166000000,165800000,166000,165794,165794,-0.059329887811002457,-0.064732310077265168,0.010000000298023226,0.0056250004470348447,1,1300,164700,166000,1,-0.032803915441036224,-0.032803915441036224,-0.032803915441036224,-2.0247216429150674,-1.9653917551040649,0,0,0,0,1,1
before,166100000,165900000,166100,165894,165894,-0.088723366571765494,0.012608191093864018,0.010000000298023226,0.0056250004470348447,1,1400,164700,166000,1,-0.032041964957056468,-0.044650156050920486,-0.044650156050920486,-1.9981610229743534,-1.9094376564025879,0,0,0,0,1,1
after,166100000,165900000,166100,165894,165894,-0.088723366571765494,0.012608191093864018,0.010000000298023226,0.0056250004470348447,1,1400,164700,166100,1,-0.044650156050920486,-0.044650156050920486,-0.044650156050920486,-1.9981610229743534,-1.9094376564025879,0,0,0,0,1,1
before,166200000,166000000,166200,165994,165994,0.087111720793648484,-0.080021942402296264,0.010000000298023226,0.0056250004470348447,1,1500,164700,166100,1,-0.043578101689987388,0.036443840712308884,0.036443840712308884,-1.9580039885111611,-2.0451157093048096,0,0,0,0,1,1
after,166200000,166000000,166200,165994,165994,0.087111720793648484,-0.080021942402296264,0.010000000298023226,0.0056250004470348447,1,1500,164700,166200,1,0.036443840712308884,0.036443840712308884,0.036443840712308884,-1.9580039885111611,-2.0451157093048096,0,0,0,0,1,1
before,166300000,166100000,166300,166094,166094,0.069559478537989383,-0.11355349041849934,0.010000000298023226,0.0056250004470348447,1,1600,164700,166200,1,0.034776080470973622,0.14832957088947296,0.14832957088947296,-1.998230314476537,-2.0677897930145264,0,0,0,0,1,1
after,166300000,166100000,166300,166094,166094,0.069559478537989383,-0.11355349041849934,0.010000000298023226,0.0056250004470348447,1,1600,164700,166300,1,0.14832957088947296,0.14832957088947296,0.14832957088947296,-1.998230314476537,-2.0677897930145264,0,0,0,0,1,1
before,166400000,166200000,166400,166194,166194,-0.1492381499578479,0.16762970010564748,0.010000000298023226,0.0056250004470348447,1,1700,164700,166300,1,0.14756614523754541,-0.020063554868102074,-0.020063554868102074,-2.0183856890966418,-1.8691475391387939,0,0,0,0,1,1
after,166400000,166200000,166400,166194,166194,-0.1492381499578479,0.16762970010564748,0.010000000298023226,0.0056250004470348447,1,1700,164700,166400,1,-0.020063554868102074,-0.020063554868102074,-0.020063554868102074,-2.0183856890966418,-1.8691475391387939,0,0,0,0,1,1
before,166500000,166300000,166500,166294,166294,-0.099495066515337127,0.010727095287366033,0.010000000298023226,0.0056250004470348447,1,1800,164700,166400,1,-0.017800483051614642,-0.028527578338980675,-0.028527578338980675,-1.945321096292864,-1.8458260297775269,0,0,0,0,1,1
after,166500000,166300000,166500,166294,166294,-0.099495066515337127,0.010727095287366033,0.010000000298023226,0.0056250004470348447,1,1800,164700,166500,1,-0.028527578338980675,-0.028527578338980675,-0.028527578338980675,-1.945321096292864,-1.8458260297775269,0,0,0,0,1,1
before,166600000,166400000,166600,166394,166394,0.31265904910313713,-0.043625311786539625,0.010000000298023226,0.0056250004470348447,1,1900,164700,166500,1,-0.027542311558730669,0.016083000227808952,0.016083000227808952,-1.8981375455166138,-2.210796594619751,0,0,0,0,1,1
after,166600000,166400000,166600,166394,166394,0.31265904910313713,-0.043625311786539625,0.010000000298023226,0.0056250004470348447,1,1900,164700,166600,1,0.016083000227808952,0.016083000227808952,0.016083000227808952,-1.8981375455166138,-2.210796594619751,0,0,0,0,1,1
before,166700000,166500000,166700,166494,166494,-0.11962182876057792,-0.056579880555299014,0.010000000298023226,0.0056250004470348447,1,2000,164700,166600,1,0.011716596643301751,0.068296477198600769,0.068296477198600769,-2.0538080489296453,-1.9341862201690674,0,0,0,0,1,1
after,166700000,166500000,166700,166494,166494,-0.11962182876057792,-0.056579880555299014,0.010000000298023226,0.0056250004470348447,1,2000,164700,166700,1,0.068296477198600769,0.068296477198600769,0.068296477198600769,-2.0538080489296453,-1.9341862201690674,0,0,0,0,1,1
before,166800000,166600000,166800,166594,166594,-0.12923553902295537,-0.034433175596296786,0.010000000298023226,0.0056250004470348447,1,2100,164700,166700,1,0.070678743747174741,0.10511191934347153,0.10511191934347153,-1.9867691131272645,-1.8575335741043091,0,0,0,0,1,1
after,166800000,166600000,166800,166594,166594,-0.12923553902295537,-0.034433175596296786,0.010000000298023226,0.0056250004470348447,1,2100,164700,166800,1,0.10511191934347153,0.10511191934347153,0.10511191934347153,-1.9867691131272645,-1.8575335741043091,0,0,0,0,1,1
before,166900000,166700000,166900,166694,166694,0.050118826746719858,0.1634857427410279,0.010000000298023226,0.0056250004470348447,1,2200,164700,166800,1,0.10732162707368474,-0.05616411566734314,-0.05616411566734314,-1.9111971627476039,-1.9613159894943237,0,0,0,0,1,1
after,166900000,166700000,166900,166694,166694,0.050118826746719858,0.1634857427410279,0.010000000298023226,0.0056250004470348447,1,2200,164700,166900,1,-0.05616411566734314,-0.05616411566734314,-0.05616411566734314,-1.9111971627476039,-1.9613159894943237,0,0,0,0,1,1
before,167000000,166800000,167000,166794,166794,-0.023514064654440059,-0.060529566539997109,0.010000000298023226,0.0056250004470348447,1,2300,164700,166900,1,-0.056497190783345946,0.0040323757566511631,0.0040323757566511631,-1.9420156801787321,-1.918501615524292,0,0,0,0,1,1
after,167000000,166800000,167000,166794,166794,-0.023514064654440059,-0.060529566539997109,0.010000000298023226,0.0056250004470348447,1,2300,164700,167000,1,0.0040323757566511631,0.0040323757566511631,0.0040323757566511631,-1.9420156801787321,-1.918501615524292,0,0,0,0,1,1
