capture,seed,frequency_rad_s,height_m,estimator,scenario,window,horizontal_position_rmse_m,vertical_position_rmse_m,velocity_3d_rmse_m_s,attitude_rmse_deg,yaw_rmse_deg,state_valid,readiness_qualified,covariance_valid,covariance_failure,mean_nees_15d,rows,row_coverage,finite_fraction,position_valid_fraction,attitude_valid_fraction,output_sha256,arrival_trace_sha256
20271009-0.45-2m,20271009,0.45,2,horizon,gps,flight,0.05249451446342208,0.03099418627149311,0.01828866058052017,0.09940633119888213,0.08300452085498305,True,,True,,7.857991810755174,4670,1.0,1.0,1.0,1.0,02464586b5598de33ee611cd2c4b95b49443599660122ef7288740064c2ae3a5,77f6f2e178e7a0c3e2627e2fac8537d1b8b21dba1b18404460e90b6ae42a0b51
20271009-0.45-2m,20271009,0.45,2,horizon,gps,outage_window,0.07387653355674245,0.02770363297009443,0.016055664571793495,0.04521454703769597,0.034560842245711286,True,,True,,11.735533093997478,1500,1.0,1.0,1.0,1.0,02464586b5598de33ee611cd2c4b95b49443599660122ef7288740064c2ae3a5,77f6f2e178e7a0c3e2627e2fac8537d1b8b21dba1b18404460e90b6ae42a0b51
20271009-0.45-2m,20271009,0.45,2,horizon,gps,after_return,0.033041643551226366,0.037710122508752185,0.020561728542217137,0.04501392894126143,0.038504543925994394,True,,True,,6.161479753586851,1970,1.0,1.0,1.0,1.0,02464586b5598de33ee611cd2c4b95b49443599660122ef7288740064c2ae3a5,77f6f2e178e7a0c3e2627e2fac8537d1b8b21dba1b18404460e90b6ae42a0b51
20271009-0.45-2m,20271009,0.45,2,retrodiction,gps,flight,0.05172807842205114,0.035478923874381,0.018450377919230994,0.11399531743972525,0.09926464841143234,True,,True,,7.9294612655513275,4670,1.0,1.0,1.0,1.0,47863411332aeca4998eae525b25168eb4a9940d6be37cc46b44a61929f070af,77f6f2e178e7a0c3e2627e2fac8537d1b8b21dba1b18404460e90b6ae42a0b51
20271009-0.45-2m,20271009,0.45,2,retrodiction,gps,outage_window,0.0733428427577144,0.0319891958610657,0.017849913397045773,0.05799090105790419,0.04300844804871362,True,,True,,11.967523265238912,1500,1.0,1.0,1.0,1.0,47863411332aeca4998eae525b25168eb4a9940d6be37cc46b44a61929f070af,77f6f2e178e7a0c3e2627e2fac8537d1b8b21dba1b18404460e90b6ae42a0b51
20271009-0.45-2m,20271009,0.45,2,retrodiction,gps,after_return,0.03438567300093217,0.04399576090409656,0.02038606478713343,0.04565174933217419,0.03869597975239329,True,,True,,6.330005193482105,1970,1.0,1.0,1.0,1.0,47863411332aeca4998eae525b25168eb4a9940d6be37cc46b44a61929f070af,77f6f2e178e7a0c3e2627e2fac8537d1b8b21dba1b18404460e90b6ae42a0b51
20271009-0.45-2m,20271009,0.45,2,horizon_joint,gps,flight,0.05245722472460244,0.027235013356548765,0.016204834987199736,0.09995875030061839,0.08356956744379836,True,,True,,7.6147989307546915,4670,1.0,1.0,1.0,1.0,a49cf232772e4c9ddddd9e1435644b8856aeacd77badcfbfb3267e61c0fff404,77f6f2e178e7a0c3e2627e2fac8537d1b8b21dba1b18404460e90b6ae42a0b51
20271009-0.45-2m,20271009,0.45,2,horizon_joint,gps,outage_window,0.07383689870108669,0.02314530115804803,0.015656364608325996,0.042739205389327864,0.03279176883517274,True,,True,,11.761296051868403,1500,1.0,1.0,1.0,1.0,a49cf232772e4c9ddddd9e1435644b8856aeacd77badcfbfb3267e61c0fff404,77f6f2e178e7a0c3e2627e2fac8537d1b8b21dba1b18404460e90b6ae42a0b51
20271009-0.45-2m,20271009,0.45,2,horizon_joint,gps,after_return,0.03299616052388853,0.034135798638063417,0.0161413606679011,0.04545547648417262,0.03872206816614851,True,,True,,5.616656501399739,1970,1.0,1.0,1.0,1.0,a49cf232772e4c9ddddd9e1435644b8856aeacd77badcfbfb3267e61c0fff404,77f6f2e178e7a0c3e2627e2fac8537d1b8b21dba1b18404460e90b6ae42a0b51
20271009-0.45-2m,20271009,0.45,2,retrodiction_joint,gps,flight,0.05169943169891189,0.02696074619399252,0.01643471599732893,0.11434439026448029,0.09967592763888333,True,,True,,7.705549808714132,4670,1.0,1.0,1.0,1.0,f94f133e7835b91a78c5a7778bc043679d7e58f623dabed073a8183173ca678f,77f6f2e178e7a0c3e2627e2fac8537d1b8b21dba1b18404460e90b6ae42a0b51
20271009-0.45-2m,20271009,0.45,2,retrodiction_joint,gps,outage_window,0.07330798124244833,0.02539063554675691,0.01746908103443973,0.055697397573626364,0.04166033119418137,True,,True,,12.018835283534436,1500,1.0,1.0,1.0,1.0,f94f133e7835b91a78c5a7778bc043679d7e58f623dabed073a8183173ca678f,77f6f2e178e7a0c3e2627e2fac8537d1b8b21dba1b18404460e90b6ae42a0b51
20271009-0.45-2m,20271009,0.45,2,retrodiction_joint,gps,after_return,0.034347793708457454,0.033029028853882744,0.016086572866607838,0.04613684441343124,0.039093639445334935,True,,True,,5.811376631125086,1970,1.0,1.0,1.0,1.0,f94f133e7835b91a78c5a7778bc043679d7e58f623dabed073a8183173ca678f,77f6f2e178e7a0c3e2627e2fac8537d1b8b21dba1b18404460e90b6ae42a0b51
20271009-0.45-2m,20271009,0.45,2,px4,gps,flight,0.12781926801003377,0.02424638125489666,0.0648446853409788,2.0405223980217233,2.022959976227807,True,True,True,,337.2626792720285,4670,1.0,1.0,1.0,1.0,19f58f88e86d6c1356a1d77047d9ed47263ba10e5527330d4805e1e006af2026,77f6f2e178e7a0c3e2627e2fac8537d1b8b21dba1b18404460e90b6ae42a0b51
20271009-0.45-2m,20271009,0.45,2,px4,gps,outage_window,0.10576671067447606,0.019081363319894972,0.06348723906899083,2.020730604198293,2.0121910118568525,True,True,True,,310.06566263130196,1500,1.0,1.0,1.0,1.0,19f58f88e86d6c1356a1d77047d9ed47263ba10e5527330d4805e1e006af2026,77f6f2e178e7a0c3e2627e2fac8537d1b8b21dba1b18404460e90b6ae42a0b51
20271009-0.45-2m,20271009,0.45,2,px4,gps,after_return,0.12966535589947392,0.025256250818859217,0.06112036519252641,1.8995189123442606,1.8983077756207911,True,True,True,,457.8131676458452,1970,1.0,1.0,1.0,1.0,19f58f88e86d6c1356a1d77047d9ed47263ba10e5527330d4805e1e006af2026,77f6f2e178e7a0c3e2627e2fac8537d1b8b21dba1b18404460e90b6ae42a0b51
20271009-0.45-2m,20271009,0.45,2,ekf3,gps,flight,0.05478266362162465,0.05609564970536536,0.045711553889145884,0.1796628010778421,0.09245789236926864,True,True,True,,42.57584085025812,4670,1.0,1.0,1.0,1.0,7ff11e9dad11da74488ffdb5bd3c95af4654e875d49837345c93b8b848523dcf,77f6f2e178e7a0c3e2627e2fac8537d1b8b21dba1b18404460e90b6ae42a0b51
20271009-0.45-2m,20271009,0.45,2,ekf3,gps,outage_window,0.07467629745065898,0.05414586484672675,0.05177031255506767,0.16374537989554513,0.06083949507006449,True,True,True,,46.704042317259294,1500,1.0,1.0,1.0,1.0,7ff11e9dad11da74488ffdb5bd3c95af4654e875d49837345c93b8b848523dcf,77f6f2e178e7a0c3e2627e2fac8537d1b8b21dba1b18404460e90b6ae42a0b51
20271009-0.45-2m,20271009,0.45,2,ekf3,gps,after_return,0.036220610682673376,0.06638317343827456,0.04373942195814451,0.17205006305129483,0.03360743299005254,True,True,True,,40.36592855209213,1970,1.0,1.0,1.0,1.0,7ff11e9dad11da74488ffdb5bd3c95af4654e875d49837345c93b8b848523dcf,77f6f2e178e7a0c3e2627e2fac8537d1b8b21dba1b18404460e90b6ae42a0b51
20271009-0.45-2m,20271009,0.45,2,horizon,denied,flight,0.33285190908658224,0.03903274710298972,0.034493878910800836,0.3852872835502498,0.3664294831593132,True,,True,,6.494387373125378,4670,1.0,1.0,1.0,1.0,d8674135bcbe27e00a561da2a6d502d52b74abfee02577bc51d9eb0c11d6a5f3,53d213f7b000525d682eccee8a1a6a0f87bb16485f4bcf75407ea0245cb1d7cc
20271009-0.45-2m,20271009,0.45,2,horizon,denied,outage_window,0.3814453973917686,0.030581426013003694,0.03913578728366628,0.4202277156573978,0.41177617999735827,True,,True,,8.397927352480643,1500,1.0,1.0,1.0,1.0,d8674135bcbe27e00a561da2a6d502d52b74abfee02577bc51d9eb0c11d6a5f3,53d213f7b000525d682eccee8a1a6a0f87bb16485f4bcf75407ea0245cb1d7cc
20271009-0.45-2m,20271009,0.45,2,horizon,denied,after_return,0.37713912395996846,0.03855499026279475,0.032582347650186784,0.27617550122354345,0.2718932193356,True,,True,,5.531741357909268,1970,1.0,1.0,1.0,1.0,d8674135bcbe27e00a561da2a6d502d52b74abfee02577bc51d9eb0c11d6a5f3,53d213f7b000525d682eccee8a1a6a0f87bb16485f4bcf75407ea0245cb1d7cc
20271009-0.45-2m,20271009,0.45,2,retrodiction,denied,flight,0.33534582286173276,0.04299225502571186,0.033942570419997646,0.37782688548667187,0.35991881261583486,True,,True,,6.520472483343566,4670,1.0,1.0,1.0,1.0,94c125afa9aaedf608801dae3dbc8bf8ab59ffc990f3817658ded377c8353de7,53d213f7b000525d682eccee8a1a6a0f87bb16485f4bcf75407ea0245cb1d7cc
20271009-0.45-2m,20271009,0.45,2,retrodiction,denied,outage_window,0.38050689267788823,0.034857714979933604,0.03864813110027976,0.41815467204459505,0.4097909962329581,True,,True,,8.370988109340216,1500,1.0,1.0,1.0,1.0,94c125afa9aaedf608801dae3dbc8bf8ab59ffc990f3817658ded377c8353de7,53d213f7b000525d682eccee8a1a6a0f87bb16485f4bcf75407ea0245cb1d7cc
20271009-0.45-2m,20271009,0.45,2,retrodiction,denied,after_return,0.38385532391009713,0.04482944319125847,0.032369433526491166,0.2730560006371464,0.2688029973284327,True,,True,,5.598580243937096,1970,1.0,1.0,1.0,1.0,94c125afa9aaedf608801dae3dbc8bf8ab59ffc990f3817658ded377c8353de7,53d213f7b000525d682eccee8a1a6a0f87bb16485f4bcf75407ea0245cb1d7cc
20271009-0.45-2m,20271009,0.45,2,horizon_joint,denied,flight,0.3241967079082327,0.03257664650366372,0.03363494926408866,0.35580874202785595,0.33743797176265694,True,,True,,6.148086318818655,4670,1.0,1.0,1.0,1.0,bf713c8e4c3d7690007e49c70ba9a88dc6906f151ac7af0d7dfb598710f63931,53d213f7b000525d682eccee8a1a6a0f87bb16485f4bcf75407ea0245cb1d7cc
20271009-0.45-2m,20271009,0.45,2,horizon_joint,denied,outage_window,0.3757880095701465,0.02327129326957426,0.03734966345411773,0.3750083909095446,0.36891510179215664,True,,True,,8.101790868609312,1500,1.0,1.0,1.0,1.0,bf713c8e4c3d7690007e49c70ba9a88dc6906f151ac7af0d7dfb598710f63931,53d213f7b000525d682eccee8a1a6a0f87bb16485f4bcf75407ea0245cb1d7cc
20271009-0.45-2m,20271009,0.45,2,horizon_joint,denied,after_return,0.36329145170642424,0.025367375936662006,0.03207508278799872,0.2330294183836418,0.23042693937438885,True,,True,,5.340145233305598,1970,1.0,1.0,1.0,1.0,bf713c8e4c3d7690007e49c70ba9a88dc6906f151ac7af0d7dfb598710f63931,53d213f7b000525d682eccee8a1a6a0f87bb16485f4bcf75407ea0245cb1d7cc
20271009-0.45-2m,20271009,0.45,2,retrodiction_joint,denied,flight,0.3298698112596474,0.03724386081909247,0.033255737094354365,0.3550172380838259,0.33770078004579723,True,,True,,6.2236939711804204,4670,1.0,1.0,1.0,1.0,ef321d04f65b23b6dbd4b9c53ba9974cd4f9d4dd372cc3e38a5c9cc06d0516cd,53d213f7b000525d682eccee8a1a6a0f87bb16485f4bcf75407ea0245cb1d7cc
20271009-0.45-2m,20271009,0.45,2,retrodiction_joint,denied,outage_window,0.37389825515716885,0.026489873372381997,0.03696818763596236,0.38785070173763025,0.38143738245630493,True,,True,,8.174373785176382,1500,1.0,1.0,1.0,1.0,ef321d04f65b23b6dbd4b9c53ba9974cd4f9d4dd372cc3e38a5c9cc06d0516cd,53d213f7b000525d682eccee8a1a6a0f87bb16485f4bcf75407ea0245cb1d7cc
20271009-0.45-2m,20271009,0.45,2,retrodiction_joint,denied,after_return,0.3775530620005866,0.034951010859477584,0.032170067008509884,0.23558036065226665,0.2328417936023239,True,,True,,5.44933538323246,1970,1.0,1.0,1.0,1.0,ef321d04f65b23b6dbd4b9c53ba9974cd4f9d4dd372cc3e38a5c9cc06d0516cd,53d213f7b000525d682eccee8a1a6a0f87bb16485f4bcf75407ea0245cb1d7cc
20271009-0.45-2m,20271009,0.45,2,px4,denied,flight,0.39323872972507834,0.02906095566872956,0.04839722440791771,0.8118630056912618,0.7994826085509339,True,True,True,,26.42454029289809,4670,1.0,1.0,1.0,1.0,9444c4ef18231602b2e332e2554282981f09964b8d0844450da736abf2317d78,53d213f7b000525d682eccee8a1a6a0f87bb16485f4bcf75407ea0245cb1d7cc
20271009-0.45-2m,20271009,0.45,2,px4,denied,outage_window,0.43258711561738195,0.02659100951802132,0.05613847568163967,1.0072668848253459,0.9977039942449424,True,True,True,,29.03399630537739,1500,1.0,1.0,1.0,1.0,9444c4ef18231602b2e332e2554282981f09964b8d0844450da736abf2317d78,53d213f7b000525d682eccee8a1a6a0f87bb16485f4bcf75407ea0245cb1d7cc
20271009-0.45-2m,20271009,0.45,2,px4,denied,after_return,0.4493390225787568,0.028809798137959936,0.04544492143052426,0.15890991265697463,0.1448564010757225,True,True,True,,19.933201074887172,1970,1.0,1.0,1.0,1.0,9444c4ef18231602b2e332e2554282981f09964b8d0844450da736abf2317d78,53d213f7b000525d682eccee8a1a6a0f87bb16485f4bcf75407ea0245cb1d7cc
20271009-0.45-2m,20271009,0.45,2,ekf3,denied,flight,0.4867328254456464,0.07086697699985074,0.10197397057490752,0.17640641086766723,0.10224706958716391,True,True,True,,42.536501417988774,4670,1.0,1.0,1.0,1.0,0c463174fba9c44e477e9c7a36684ee43ba9cb49a5af0bdee80be23d31109fa1,53d213f7b000525d682eccee8a1a6a0f87bb16485f4bcf75407ea0245cb1d7cc
20271009-0.45-2m,20271009,0.45,2,ekf3,denied,outage_window,0.47494268085665653,0.07075207690708922,0.0860048141990322,0.14906206402960465,0.06701183531458638,True,True,True,,43.18522137642738,1500,1.0,1.0,1.0,1.0,0c463174fba9c44e477e9c7a36684ee43ba9cb49a5af0bdee80be23d31109fa1,53d213f7b000525d682eccee8a1a6a0f87bb16485f4bcf75407ea0245cb1d7cc
20271009-0.45-2m,20271009,0.45,2,ekf3,denied,after_return,0.5707790643953685,0.07587224377619603,0.10164186317017142,0.16249606286065152,0.03536008994708327,True,True,True,,41.57315229960983,1970,1.0,1.0,1.0,1.0,0c463174fba9c44e477e9c7a36684ee43ba9cb49a5af0bdee80be23d31109fa1,53d213f7b000525d682eccee8a1a6a0f87bb16485f4bcf75407ea0245cb1d7cc
20271009-0.45-2m,20271009,0.45,2,horizon,transition,flight,0.1347994892852608,0.031642624012240765,0.024997185210439404,0.13995973726347663,0.12781000524352873,True,,True,,7.916896831872024,4670,1.0,1.0,1.0,1.0,424b52225a65928b4a5018f3012ff7d36e40e13b68b907d90c3c733ed1969836,70b3325bf4f5e331d6d726ac00063143ad1012c5c6934946bf7d6bec4f3d8deb
20271009-0.45-2m,20271009,0.45,2,horizon,transition,outage_window,0.226107676850994,0.027446488860868368,0.032326142233133105,0.13168499540416675,0.12450718751115972,True,,True,,10.068508603425602,1500,1.0,1.0,1.0,1.0,424b52225a65928b4a5018f3012ff7d36e40e13b68b907d90c3c733ed1969836,70b3325bf4f5e331d6d726ac00063143ad1012c5c6934946bf7d6bec4f3d8deb
20271009-0.45-2m,20271009,0.45,2,horizon,transition,after_return,0.05350390145336145,0.03910414590787104,0.02262233746322081,0.1157168051680056,0.11392960515760023,True,,True,,7.570425532507407,1970,1.0,1.0,1.0,1.0,424b52225a65928b4a5018f3012ff7d36e40e13b68b907d90c3c733ed1969836,70b3325bf4f5e331d6d726ac00063143ad1012c5c6934946bf7d6bec4f3d8deb
20271009-0.45-2m,20271009,0.45,2,retrodiction,transition,flight,0.11870961125192017,0.03594293500666235,0.023981840173688256,0.1303731655705319,0.11728388533294147,True,,True,,7.162235594049204,4670,1.0,1.0,1.0,1.0,65b463bcd48919700b3ada25df702216dd336547cf5e0e30060ef3eeb1a974f5,70b3325bf4f5e331d6d726ac00063143ad1012c5c6934946bf7d6bec4f3d8deb
20271009-0.45-2m,20271009,0.45,2,retrodiction,transition,outage_window,0.19715221538292987,0.031721078833887174,0.03073217861894183,0.09382409552909526,0.08274811319870733,True,,True,,8.149625083277751,1500,1.0,1.0,1.0,1.0,65b463bcd48919700b3ada25df702216dd336547cf5e0e30060ef3eeb1a974f5,70b3325bf4f5e331d6d726ac00063143ad1012c5c6934946bf7d6bec4f3d8deb
20271009-0.45-2m,20271009,0.45,2,retrodiction,transition,after_return,0.05239489115119049,0.045024382399206406,0.022258865431303697,0.08619430054279868,0.08331968455381798,True,,True,,7.418281024460188,1970,1.0,1.0,1.0,1.0,65b463bcd48919700b3ada25df702216dd336547cf5e0e30060ef3eeb1a974f5,70b3325bf4f5e331d6d726ac00063143ad1012c5c6934946bf7d6bec4f3d8deb
20271009-0.45-2m,20271009,0.45,2,horizon_joint,transition,flight,0.13465626578058862,0.029397767536114262,0.022551248771669714,0.13862814072362337,0.12652253011812675,True,,True,,7.630465883934142,4670,1.0,1.0,1.0,1.0,91b81e9942c31b6eac6ced0623b716e74b8b5845c6b0b633c0eedad15b6bec35,70b3325bf4f5e331d6d726ac00063143ad1012c5c6934946bf7d6bec4f3d8deb
20271009-0.45-2m,20271009,0.45,2,horizon_joint,transition,outage_window,0.22586240623389067,0.018337978654170584,0.031058452251981433,0.1276345729114579,0.12145876230706316,True,,True,,9.879884439078314,1500,1.0,1.0,1.0,1.0,91b81e9942c31b6eac6ced0623b716e74b8b5845c6b0b633c0eedad15b6bec35,70b3325bf4f5e331d6d726ac00063143ad1012c5c6934946bf7d6bec4f3d8deb
20271009-0.45-2m,20271009,0.45,2,horizon_joint,transition,after_return,0.05345470362999,0.0400930248944666,0.01719779529013535,0.11368306397933946,0.11170315831570535,True,,True,,7.086342841771906,1970,1.0,1.0,1.0,1.0,91b81e9942c31b6eac6ced0623b716e74b8b5845c6b0b633c0eedad15b6bec35,70b3325bf4f5e331d6d726ac00063143ad1012c5c6934946bf7d6bec4f3d8deb
20271009-0.45-2m,20271009,0.45,2,retrodiction_joint,transition,flight,0.12175643822611207,0.03186515413906755,0.02061888428064032,0.1291202238704671,0.11619042569439592,True,,True,,6.802599077649907,4670,1.0,1.0,1.0,1.0,baa3ac054ce796ac2f5997a03e2bf0a6254e44beb4f1d290a28ef3baebe71bff,70b3325bf4f5e331d6d726ac00063143ad1012c5c6934946bf7d6bec4f3d8deb
20271009-0.45-2m,20271009,0.45,2,retrodiction_joint,transition,outage_window,0.2029217001232208,0.02260128769143861,0.02780336595676844,0.09166565312971676,0.08267028525032694,True,,True,,7.859477866032144,1500,1.0,1.0,1.0,1.0,baa3ac054ce796ac2f5997a03e2bf0a6254e44beb4f1d290a28ef3baebe71bff,70b3325bf4f5e331d6d726ac00063143ad1012c5c6934946bf7d6bec4f3d8deb
20271009-0.45-2m,20271009,0.45,2,retrodiction_joint,transition,after_return,0.05220185208077998,0.04332165879837396,0.016433755028085834,0.08136710800308114,0.07808229387334457,True,,True,,6.837902627157321,1970,1.0,1.0,1.0,1.0,baa3ac054ce796ac2f5997a03e2bf0a6254e44beb4f1d290a28ef3baebe71bff,70b3325bf4f5e331d6d726ac00063143ad1012c5c6934946bf7d6bec4f3d8deb
20271009-0.45-2m,20271009,0.45,2,px4,transition,flight,0.14694424620905833,0.02996465558215571,0.06698466848255304,2.0146736048311435,1.9970349876362383,True,True,True,,225.03412140118948,4670,1.0,1.0,1.0,1.0,7743eb59de1234add5bb4a4b5c23d091c78cec4dca8a889c7c24d056db80e984,70b3325bf4f5e331d6d726ac00063143ad1012c5c6934946bf7d6bec4f3d8deb
20271009-0.45-2m,20271009,0.45,2,px4,transition,outage_window,0.17307686282518545,0.027848235515992158,0.06705243195097742,2.031674300201387,2.024895792708593,True,True,True,,217.39910250811985,1500,1.0,1.0,1.0,1.0,7743eb59de1234add5bb4a4b5c23d091c78cec4dca8a889c7c24d056db80e984,70b3325bf4f5e331d6d726ac00063143ad1012c5c6934946bf7d6bec4f3d8deb
20271009-0.45-2m,20271009,0.45,2,px4,transition,after_return,0.12238833657634819,0.03254946560811299,0.06364038508794684,1.8237099220440325,1.8213904745635234,True,True,True,,262.3211108625198,1970,1.0,1.0,1.0,1.0,7743eb59de1234add5bb4a4b5c23d091c78cec4dca8a889c7c24d056db80e984,70b3325bf4f5e331d6d726ac00063143ad1012c5c6934946bf7d6bec4f3d8deb
20271009-0.45-2m,20271009,0.45,2,ekf3,transition,flight,0.16135277603741266,0.06389604572199864,0.06833922605030311,0.19406407766562062,0.10417670310412995,True,True,True,,42.779272537109776,4670,1.0,1.0,1.0,1.0,1dcf10b4dd0093222d2591e2da92e0ecdb5f4859116dfc0f8f6d7bcd1d4abcf3,70b3325bf4f5e331d6d726ac00063143ad1012c5c6934946bf7d6bec4f3d8deb
20271009-0.45-2m,20271009,0.45,2,ekf3,transition,outage_window,0.2648215376901612,0.07576176947071216,0.0947222256625093,0.16514642948365785,0.0668227441863398,True,True,True,,46.07161991914696,1500,1.0,1.0,1.0,1.0,1dcf10b4dd0093222d2591e2da92e0ecdb5f4859116dfc0f8f6d7bcd1d4abcf3,70b3325bf4f5e331d6d726ac00063143ad1012c5c6934946bf7d6bec4f3d8deb
20271009-0.45-2m,20271009,0.45,2,ekf3,transition,after_return,0.08222931565579343,0.06698807576290158,0.056919945032006876,0.20496110097836473,0.07752672405833948,True,True,True,,41.329715138267645,1970,1.0,1.0,1.0,1.0,1dcf10b4dd0093222d2591e2da92e0ecdb5f4859116dfc0f8f6d7bcd1d4abcf3,70b3325bf4f5e331d6d726ac00063143ad1012c5c6934946bf7d6bec4f3d8deb
20271009-0.45-4m,20271009,0.45,4,horizon,gps,flight,0.0515916814828092,0.030996757671925182,0.018111713681118385,0.0901012201320194,0.07728460698635935,True,,True,,7.513253109628342,4670,1.0,1.0,1.0,1.0,cc9cde7016e79d2f0656342837e98ecf65274ad1f1783d3e21e92afd8b877e20,77f6f2e178e7a0c3e2627e2fac8537d1b8b21dba1b18404460e90b6ae42a0b51
20271009-0.45-4m,20271009,0.45,4,horizon,gps,outage_window,0.07222171244700051,0.027823769844672677,0.016013911031690666,0.04580737588221847,0.037223782165104045,True,,True,,11.209638712293561,1500,1.0,1.0,1.0,1.0,cc9cde7016e79d2f0656342837e98ecf65274ad1f1783d3e21e92afd8b877e20,77f6f2e178e7a0c3e2627e2fac8537d1b8b21dba1b18404460e90b6ae42a0b51
20271009-0.45-4m,20271009,0.45,4,horizon,gps,after_return,0.032536095501549685,0.037764767361043755,0.0204652911794441,0.044427648387518115,0.03841095631962699,True,,True,,5.98059043409899,1970,1.0,1.0,1.0,1.0,cc9cde7016e79d2f0656342837e98ecf65274ad1f1783d3e21e92afd8b877e20,77f6f2e178e7a0c3e2627e2fac8537d1b8b21dba1b18404460e90b6ae42a0b51
20271009-0.45-4m,20271009,0.45,4,retrodiction,gps,flight,0.05035617572725816,0.03546272989023039,0.018085462566391767,0.10972116698246615,0.09841015515154639,True,,True,,7.504756472855993,4670,1.0,1.0,1.0,1.0,eef082ace0bd30efdcb091b2830c57ed8590f3885a6c629c181e7adc91e52025,77f6f2e178e7a0c3e2627e2fac8537d1b8b21dba1b18404460e90b6ae42a0b51
20271009-0.45-4m,20271009,0.45,4,retrodiction,gps,outage_window,0.07097830028867942,0.032021141799818326,0.01753987521079368,0.05724002580185046,0.044191506176648014,True,,True,,11.257596612246266,1500,1.0,1.0,1.0,1.0,eef082ace0bd30efdcb091b2830c57ed8590f3885a6c629c181e7adc91e52025,77f6f2e178e7a0c3e2627e2fac8537d1b8b21dba1b18404460e90b6ae42a0b51
20271009-0.45-4m,20271009,0.45,4,retrodiction,gps,after_return,0.033709332469118544,0.04400745435821005,0.020225803594751936,0.04573595926319682,0.03930789662166737,True,,True,,6.115591126510309,1970,1.0,1.0,1.0,1.0,eef082ace0bd30efdcb091b2830c57ed8590f3885a6c629c181e7adc91e52025,77f6f2e178e7a0c3e2627e2fac8537d1b8b21dba1b18404460e90b6ae42a0b51
20271009-0.45-4m,20271009,0.45,4,horizon_joint,gps,flight,0.0515524873568978,0.0272050872612056,0.016007972951623605,0.09067895016045933,0.07784917085756368,True,,True,,7.272925735951789,4670,1.0,1.0,1.0,1.0,9f4895dd0cbdbdb58b0fb6195a18364a95d3e60427df25571eaf8bb7a7100595,77f6f2e178e7a0c3e2627e2fac8537d1b8b21dba1b18404460e90b6ae42a0b51
20271009-0.45-4m,20271009,0.45,4,horizon_joint,gps,outage_window,0.07217420555566134,0.023468648241618928,0.015610888220014543,0.04381752112576197,0.03591458879187345,True,,True,,11.240246737816772,1500,1.0,1.0,1.0,1.0,9f4895dd0cbdbdb58b0fb6195a18364a95d3e60427df25571eaf8bb7a7100595,77f6f2e178e7a0c3e2627e2fac8537d1b8b21dba1b18404460e90b6ae42a0b51
20271009-0.45-4m,20271009,0.45,4,horizon_joint,gps,after_return,0.03250247823465227,0.03400451513727723,0.01603353944518508,0.04520042959728096,0.03890186909530416,True,,True,,5.438084120422196,1970,1.0,1.0,1.0,1.0,9f4895dd0cbdbdb58b0fb6195a18364a95d3e60427df25571eaf8bb7a7100595,77f6f2e178e7a0c3e2627e2fac8537d1b8b21dba1b18404460e90b6ae42a0b51
20271009-0.45-4m,20271009,0.45,4,retrodiction_joint,gps,flight,0.05032420196443713,0.026963177538630322,0.016024942002933005,0.11005634435896006,0.09877667947161986,True,,True,,7.2834950567809225,4670,1.0,1.0,1.0,1.0,22f3d35742f18d49e3d5e9a97befc5459bbec7828f7e951e3ce28caa423c4756,77f6f2e178e7a0c3e2627e2fac8537d1b8b21dba1b18404460e90b6ae42a0b51
20271009-0.45-4m,20271009,0.45,4,retrodiction_joint,gps,outage_window,0.07093115207418184,0.025592954453620805,0.017163049488104497,0.055665160373853446,0.04349569649684111,True,,True,,11.317918303221598,1500,1.0,1.0,1.0,1.0,22f3d35742f18d49e3d5e9a97befc5459bbec7828f7e951e3ce28caa423c4756,77f6f2e178e7a0c3e2627e2fac8537d1b8b21dba1b18404460e90b6ae42a0b51
20271009-0.45-4m,20271009,0.45,4,retrodiction_joint,gps,after_return,0.03367929284193535,0.033010151119023994,0.015886909337168034,0.0464831583292772,0.03991836595930085,True,,True,,5.596330693636344,1970,1.0,1.0,1.0,1.0,22f3d35742f18d49e3d5e9a97befc5459bbec7828f7e951e3ce28caa423c4756,77f6f2e178e7a0c3e2627e2fac8537d1b8b21dba1b18404460e90b6ae42a0b51
20271009-0.45-4m,20271009,0.45,4,px4,gps,flight,0.13100765771207581,0.041073920211378956,0.07529440151198888,1.5706823913677574,1.5585607487290583,True,True,True,,268.35086966715494,4670,1.0,1.0,1.0,1.0,98f6c12dc306de32b3255bea6f4d19b34d637ec4a15124da4e9c8d805ad94391,77f6f2e178e7a0c3e2627e2fac8537d1b8b21dba1b18404460e90b6ae42a0b51
20271009-0.45-4m,20271009,0.45,4,px4,gps,outage_window,0.11009337748330762,0.029266343131872503,0.06208217419537413,1.6895082656234437,1.6810727270506358,True,True,True,,225.63134046331731,1500,1.0,1.0,1.0,1.0,98f6c12dc306de32b3255bea6f4d19b34d637ec4a15124da4e9c8d805ad94391,77f6f2e178e7a0c3e2627e2fac8537d1b8b21dba1b18404460e90b6ae42a0b51
20271009-0.45-4m,20271009,0.45,4,px4,gps,after_return,0.13073451470756198,0.028559944734026704,0.06261571878784017,1.8205633769776741,1.8146107945906063,True,True,True,,394.3859419690577,1970,1.0,1.0,1.0,1.0,98f6c12dc306de32b3255bea6f4d19b34d637ec4a15124da4e9c8d805ad94391,77f6f2e178e7a0c3e2627e2fac8537d1b8b21dba1b18404460e90b6ae42a0b51
20271009-0.45-4m,20271009,0.45,4,ekf3,gps,flight,0.056984237968163244,0.053978613432345716,0.04895559841334238,0.44053359625093585,0.40999532614476386,True,True,True,,38.95818847077653,4670,1.0,1.0,1.0,1.0,1967648c1a1faa33c87a0f95e51a70534806844a070cd6b68a7f92c112b17626,77f6f2e178e7a0c3e2627e2fac8537d1b8b21dba1b18404460e90b6ae42a0b51
20271009-0.45-4m,20271009,0.45,4,ekf3,gps,outage_window,0.08330837030967418,0.05359747730381845,0.05176800254579496,0.34694179445250145,0.307117407982909,True,True,True,,41.61562836706264,1500,1.0,1.0,1.0,1.0,1967648c1a1faa33c87a0f95e51a70534806844a070cd6b68a7f92c112b17626,77f6f2e178e7a0c3e2627e2fac8537d1b8b21dba1b18404460e90b6ae42a0b51
20271009-0.45-4m,20271009,0.45,4,ekf3,gps,after_return,0.03509198016337668,0.06294875101070001,0.049110982557090704,0.4892460745653216,0.4545296176352219,True,True,True,,43.167985264725296,1970,1.0,1.0,1.0,1.0,1967648c1a1faa33c87a0f95e51a70534806844a070cd6b68a7f92c112b17626,77f6f2e178e7a0c3e2627e2fac8537d1b8b21dba1b18404460e90b6ae42a0b51
20271009-0.45-4m,20271009,0.45,4,horizon,denied,flight,0.5173805055328902,0.03952121734472844,0.04784571375101562,0.4144264808401225,0.3933213064009283,True,,True,,6.338272022021045,4670,1.0,1.0,1.0,1.0,bde3ed0e87b63391e05347701dd08b438e77eed75a5f85fc2a07339734db365d,53d213f7b000525d682eccee8a1a6a0f87bb16485f4bcf75407ea0245cb1d7cc
20271009-0.45-4m,20271009,0.45,4,horizon,denied,outage_window,0.5928576991980642,0.03086429597588176,0.05620670661568312,0.44125972607453334,0.43049893530717437,True,,True,,8.094732936564215,1500,1.0,1.0,1.0,1.0,bde3ed0e87b63391e05347701dd08b438e77eed75a5f85fc2a07339734db365d,53d213f7b000525d682eccee8a1a6a0f87bb16485f4bcf75407ea0245cb1d7cc
20271009-0.45-4m,20271009,0.45,4,horizon,denied,after_return,0.5928459460476584,0.03880035249058743,0.04749787740765215,0.31355287860727915,0.3078853603973903,True,,True,,5.693083508965261,1970,1.0,1.0,1.0,1.0,bde3ed0e87b63391e05347701dd08b438e77eed75a5f85fc2a07339734db365d,53d213f7b000525d682eccee8a1a6a0f87bb16485f4bcf75407ea0245cb1d7cc
20271009-0.45-4m,20271009,0.45,4,retrodiction,denied,flight,0.5196692220902184,0.04335456678584069,0.04725316828792985,0.40729976051590633,0.3871271961052123,True,,True,,6.351850188732933,4670,1.0,1.0,1.0,1.0,7365f5dc8d046d54c3ec1aac98c3b2006f0f02610ce67652bfbb70afd7b36775,53d213f7b000525d682eccee8a1a6a0f87bb16485f4bcf75407ea0245cb1d7cc
20271009-0.45-4m,20271009,0.45,4,retrodiction,denied,outage_window,0.5901996103209527,0.03505340484305853,0.05555340466238992,0.440325283588019,0.42970923629042823,True,,True,,8.073690787404031,1500,1.0,1.0,1.0,1.0,7365f5dc8d046d54c3ec1aac98c3b2006f0f02610ce67652bfbb70afd7b36775,53d213f7b000525d682eccee8a1a6a0f87bb16485f4bcf75407ea0245cb1d7cc
20271009-0.45-4m,20271009,0.45,4,retrodiction,denied,after_return,0.6002523100497305,0.04500015193312313,0.04729298286820392,0.3097203495962755,0.3041104744835544,True,,True,,5.728860118105076,1970,1.0,1.0,1.0,1.0,7365f5dc8d046d54c3ec1aac98c3b2006f0f02610ce67652bfbb70afd7b36775,53d213f7b000525d682eccee8a1a6a0f87bb16485f4bcf75407ea0245cb1d7cc
20271009-0.45-4m,20271009,0.45,4,horizon_joint,denied,flight,0.5003311643770892,0.033313705789334284,0.04676344715031332,0.38247052681054244,0.36201541754932487,True,,True,,5.989403089182327,4670,1.0,1.0,1.0,1.0,1f3ba13f7cfeb32968ad11bbcdcedb948785b764ff3bfc4b6f56e3779e24bcc3,53d213f7b000525d682eccee8a1a6a0f87bb16485f4bcf75407ea0245cb1d7cc
20271009-0.45-4m,20271009,0.45,4,horizon_joint,denied,outage_window,0.5772889364931424,0.022979837818173476,0.05427645534094637,0.4005548671081997,0.39272351523799576,True,,True,,7.894464342711928,1500,1.0,1.0,1.0,1.0,1f3ba13f7cfeb32968ad11bbcdcedb948785b764ff3bfc4b6f56e3779e24bcc3,53d213f7b000525d682eccee8a1a6a0f87bb16485f4bcf75407ea0245cb1d7cc
20271009-0.45-4m,20271009,0.45,4,horizon_joint,denied,after_return,0.569027158064777,0.02585404788387452,0.04646723539609456,0.25072612377992937,0.24769110067059144,True,,True,,5.403884297822245,1970,1.0,1.0,1.0,1.0,1f3ba13f7cfeb32968ad11bbcdcedb948785b764ff3bfc4b6f56e3779e24bcc3,53d213f7b000525d682eccee8a1a6a0f87bb16485f4bcf75407ea0245cb1d7cc
20271009-0.45-4m,20271009,0.45,4,retrodiction_joint,denied,flight,0.5035875053616469,0.03791351025059443,0.046277187054339114,0.37644702356762266,0.35693430271984566,True,,True,,6.013385159679071,4670,1.0,1.0,1.0,1.0,532000267111f1cd98f04c3963ec8cccf00c4b0473197e3306426d2c889e370b,53d213f7b000525d682eccee8a1a6a0f87bb16485f4bcf75407ea0245cb1d7cc
20271009-0.45-4m,20271009,0.45,4,retrodiction_joint,denied,outage_window,0.5738933877857133,0.026728885280131804,0.05363150719234717,0.40140065624278154,0.39361380140190405,True,,True,,7.892296860245369,1500,1.0,1.0,1.0,1.0,532000267111f1cd98f04c3963ec8cccf00c4b0473197e3306426d2c889e370b,53d213f7b000525d682eccee8a1a6a0f87bb16485f4bcf75407ea0245cb1d7cc
20271009-0.45-4m,20271009,0.45,4,retrodiction_joint,denied,after_return,0.5791779047360237,0.03552622254407671,0.046486971104828044,0.24818578122572668,0.24515566324726276,True,,True,,5.449111601830257,1970,1.0,1.0,1.0,1.0,532000267111f1cd98f04c3963ec8cccf00c4b0473197e3306426d2c889e370b,53d213f7b000525d682eccee8a1a6a0f87bb16485f4bcf75407ea0245cb1d7cc
20271009-0.45-4m,20271009,0.45,4,px4,denied,flight,0.5137286924752319,0.030827679456738064,0.061108846177111154,0.7173148293540864,0.6984205892477378,True,True,True,,26.655664404135205,4670,1.0,1.0,1.0,1.0,922da30870f3fb9096d98fa38ee4c9a2dad498746b33064da272978a930f3fbd,53d213f7b000525d682eccee8a1a6a0f87bb16485f4bcf75407ea0245cb1d7cc
20271009-0.45-4m,20271009,0.45,4,px4,denied,outage_window,0.631940083139239,0.027913426880416068,0.06726461989605642,0.9179134532401709,0.9047573669702327,True,True,True,,28.6069614794946,1500,1.0,1.0,1.0,1.0,922da30870f3fb9096d98fa38ee4c9a2dad498746b33064da272978a930f3fbd,53d213f7b000525d682eccee8a1a6a0f87bb16485f4bcf75407ea0245cb1d7cc
20271009-0.45-4m,20271009,0.45,4,px4,denied,after_return,0.536987891397915,0.03016484758361992,0.06474800351825175,0.19714140048480475,0.18033515813553835,True,True,True,,20.870232519946295,1970,1.0,1.0,1.0,1.0,922da30870f3fb9096d98fa38ee4c9a2dad498746b33064da272978a930f3fbd,53d213f7b000525d682eccee8a1a6a0f87bb16485f4bcf75407ea0245cb1d7cc
20271009-0.45-4m,20271009,0.45,4,ekf3,denied,flight,0.6106995901356862,0.07107008531966029,0.13070090566182863,0.29793085248114104,0.27564262310312526,True,True,True,,33.14192955567128,4670,1.0,1.0,1.0,1.0,7d1a8c35846de7ca9b1829f2d428f2f92d962050af58cc8861bf9ee27464ce05,53d213f7b000525d682eccee8a1a6a0f87bb16485f4bcf75407ea0245cb1d7cc
20271009-0.45-4m,20271009,0.45,4,ekf3,denied,outage_window,0.6431933378566297,0.06612364675363876,0.1228256787662281,0.36712976308371553,0.3484887711362088,True,True,True,,31.06765348409743,1500,1.0,1.0,1.0,1.0,7d1a8c35846de7ca9b1829f2d428f2f92d962050af58cc8861bf9ee27464ce05,53d213f7b000525d682eccee8a1a6a0f87bb16485f4bcf75407ea0245cb1d7cc
20271009-0.45-4m,20271009,0.45,4,ekf3,denied,after_return,0.7127778620408634,0.0789279236839272,0.11640830282535966,0.2009389596249343,0.1681509535821896,True,True,True,,37.78679770231678,1970,1.0,1.0,1.0,1.0,7d1a8c35846de7ca9b1829f2d428f2f92d962050af58cc8861bf9ee27464ce05,53d213f7b000525d682eccee8a1a6a0f87bb16485f4bcf75407ea0245cb1d7cc
20271009-0.45-4m,20271009,0.45,4,horizon,transition,flight,0.16089825816171077,0.03164898314004526,0.026401966320086,0.12649940286469707,0.11668132468740847,True,,True,,7.289398276250465,4670,1.0,1.0,1.0,1.0,c4209c85d6fbc525d04867e98ab695ee874821fcbcddc28ac46f83f20b2b4ea7,70b3325bf4f5e331d6d726ac00063143ad1012c5c6934946bf7d6bec4f3d8deb
20271009-0.45-4m,20271009,0.45,4,horizon,transition,outage_window,0.27142724189003825,0.027555906651482425,0.03587520643290943,0.12230862320732788,0.11572489858067768,True,,True,,8.989215613234105,1500,1.0,1.0,1.0,1.0,c4209c85d6fbc525d04867e98ab695ee874821fcbcddc28ac46f83f20b2b4ea7,70b3325bf4f5e331d6d726ac00063143ad1012c5c6934946bf7d6bec4f3d8deb
20271009-0.45-4m,20271009,0.45,4,horizon,transition,after_return,0.06319841394352711,0.03917054642303487,0.022559366538692147,0.10426065650915628,0.10221642242338967,True,,True,,7.140606970502291,1970,1.0,1.0,1.0,1.0,c4209c85d6fbc525d04867e98ab695ee874821fcbcddc28ac46f83f20b2b4ea7,70b3325bf4f5e331d6d726ac00063143ad1012c5c6934946bf7d6bec4f3d8deb
20271009-0.45-4m,20271009,0.45,4,retrodiction,transition,flight,0.13809706678019762,0.03595439913035649,0.025015847094600734,0.12101887591677535,0.11024196325666509,True,,True,,6.524540455659201,4670,1.0,1.0,1.0,1.0,33eb2993e1516865aef69ee9df148779741b300431ff4577c831ea810bdf3c5a,70b3325bf4f5e331d6d726ac00063143ad1012c5c6934946bf7d6bec4f3d8deb
20271009-0.45-4m,20271009,0.45,4,retrodiction,transition,outage_window,0.23131006897362177,0.03184500812336227,0.03364782603606841,0.08217444922406619,0.07088139560991015,True,,True,,7.0238268391803285,1500,1.0,1.0,1.0,1.0,33eb2993e1516865aef69ee9df148779741b300431ff4577c831ea810bdf3c5a,70b3325bf4f5e331d6d726ac00063143ad1012c5c6934946bf7d6bec4f3d8deb
20271009-0.45-4m,20271009,0.45,4,retrodiction,transition,after_return,0.0585684296803386,0.0450384291897367,0.022121832706113138,0.07499708057055085,0.07112554582425908,True,,True,,7.015614405337659,1970,1.0,1.0,1.0,1.0,33eb2993e1516865aef69ee9df148779741b300431ff4577c831ea810bdf3c5a,70b3325bf4f5e331d6d726ac00063143ad1012c5c6934946bf7d6bec4f3d8deb
20271009-0.45-4m,20271009,0.45,4,horizon_joint,transition,flight,0.1612859568713414,0.029468807164121376,0.024163001332914394,0.12560742212942655,0.11583135072924389,True,,True,,7.015174290005619,4670,1.0,1.0,1.0,1.0,7811a7de016de5c5eefbbfee210fa1ad0a7513bf24c66a75fd580109a6f023e7,70b3325bf4f5e331d6d726ac00063143ad1012c5c6934946bf7d6bec4f3d8deb
20271009-0.45-4m,20271009,0.45,4,horizon_joint,transition,outage_window,0.27211330046574156,0.018789683989523596,0.03489622528606751,0.11978293097386083,0.11405312021764982,True,,True,,8.840798635664054,1500,1.0,1.0,1.0,1.0,7811a7de016de5c5eefbbfee210fa1ad0a7513bf24c66a75fd580109a6f023e7,70b3325bf4f5e331d6d726ac00063143ad1012c5c6934946bf7d6bec4f3d8deb
20271009-0.45-4m,20271009,0.45,4,horizon_joint,transition,after_return,0.06331181670402276,0.040137105629370035,0.017087965362624483,0.10241416450692245,0.10014799360782987,True,,True,,6.654060212128014,1970,1.0,1.0,1.0,1.0,7811a7de016de5c5eefbbfee210fa1ad0a7513bf24c66a75fd580109a6f023e7,70b3325bf4f5e331d6d726ac00063143ad1012c5c6934946bf7d6bec4f3d8deb
20271009-0.45-4m,20271009,0.45,4,retrodiction_joint,transition,flight,0.13793562515373384,0.0319851905646427,0.02233832380326859,0.12212498704004576,0.11169105530455126,True,,True,,6.259774647130926,4670,1.0,1.0,1.0,1.0,4cecd4a6d3fb105c065f032328872013e096310bb82c946cd5474454322334e3,70b3325bf4f5e331d6d726ac00063143ad1012c5c6934946bf7d6bec4f3d8deb
20271009-0.45-4m,20271009,0.45,4,retrodiction_joint,transition,outage_window,0.23104525632366044,0.023106846762501295,0.031926039338615445,0.08509786736764528,0.07586744464468512,True,,True,,6.858853501633028,1500,1.0,1.0,1.0,1.0,4cecd4a6d3fb105c065f032328872013e096310bb82c946cd5474454322334e3,70b3325bf4f5e331d6d726ac00063143ad1012c5c6934946bf7d6bec4f3d8deb
20271009-0.45-4m,20271009,0.45,4,retrodiction_joint,transition,after_return,0.05846674462183016,0.043400880792369714,0.0165754153907602,0.07515757468976615,0.07137693898673338,True,,True,,6.5647687085182564,1970,1.0,1.0,1.0,1.0,4cecd4a6d3fb105c065f032328872013e096310bb82c946cd5474454322334e3,70b3325bf4f5e331d6d726ac00063143ad1012c5c6934946bf7d6bec4f3d8deb
20271009-0.45-4m,20271009,0.45,4,px4,transition,flight,0.28801109466104835,0.04376519717457697,0.08173088700270237,1.140574909774479,1.1287025162805104,True,True,True,,142.40508235287476,4670,1.0,1.0,1.0,1.0,840b706d147548a036c436c23d97858dd282a82fe4902df7b7253d6b0c665d22,70b3325bf4f5e331d6d726ac00063143ad1012c5c6934946bf7d6bec4f3d8deb
20271009-0.45-4m,20271009,0.45,4,px4,transition,outage_window,0.4542133626424922,0.03819489089006757,0.07896603933515013,1.0154198794915137,1.010447961897461,True,True,True,,134.38351951863953,1500,1.0,1.0,1.0,1.0,840b706d147548a036c436c23d97858dd282a82fe4902df7b7253d6b0c665d22,70b3325bf4f5e331d6d726ac00063143ad1012c5c6934946bf7d6bec4f3d8deb
20271009-0.45-4m,20271009,0.45,4,px4,transition,after_return,0.15869634710305577,0.02997168607952967,0.0671070174834267,1.3922688616049586,1.3888290175336246,True,True,True,,165.27840462978068,1970,1.0,1.0,1.0,1.0,840b706d147548a036c436c23d97858dd282a82fe4902df7b7253d6b0c665d22,70b3325bf4f5e331d6d726ac00063143ad1012c5c6934946bf7d6bec4f3d8deb
20271009-0.45-4m,20271009,0.45,4,ekf3,transition,flight,0.22389185336386208,0.06401650163120354,0.08878241057646909,0.3443035845964526,0.3095217323252331,True,True,True,,37.254234627593235,4670,1.0,1.0,1.0,1.0,c9b0b287fbe80cd41fe636b28acd2297dedbe503d0520f6d9b6ef79bf4ee7762,70b3325bf4f5e331d6d726ac00063143ad1012c5c6934946bf7d6bec4f3d8deb
20271009-0.45-4m,20271009,0.45,4,ekf3,transition,outage_window,0.3666528816361652,0.0758542782357506,0.13394869667939396,0.2879387361098254,0.24065825580754965,True,True,True,,38.048821052688226,1500,1.0,1.0,1.0,1.0,c9b0b287fbe80cd41fe636b28acd2297dedbe503d0520f6d9b6ef79bf4ee7762,70b3325bf4f5e331d6d726ac00063143ad1012c5c6934946bf7d6bec4f3d8deb
20271009-0.45-4m,20271009,0.45,4,ekf3,transition,after_return,0.12364216614721694,0.06764978080259827,0.06160290806778732,0.2980743524076492,0.25088440586783745,True,True,True,,41.84450634284492,1970,1.0,1.0,1.0,1.0,c9b0b287fbe80cd41fe636b28acd2297dedbe503d0520f6d9b6ef79bf4ee7762,70b3325bf4f5e331d6d726ac00063143ad1012c5c6934946bf7d6bec4f3d8deb
20271009-0.85-2m,20271009,0.85,2,horizon,gps,flight,0.052088779346419214,0.030940534949441267,0.018537426088944563,0.0973947086452482,0.07844986455443026,True,,True,,8.139711125040819,4670,1.0,1.0,1.0,1.0,2b34427cf3c17fae849fe54bd431ea6c41dd283ecfaf821a88d7d8740bb8b195,77f6f2e178e7a0c3e2627e2fac8537d1b8b21dba1b18404460e90b6ae42a0b51
20271009-0.85-2m,20271009,0.85,2,horizon,gps,outage_window,0.0740104148297063,0.027685395092827074,0.016774154393059227,0.047999118104378395,0.028595462622329513,True,,True,,11.899739214470106,1500,1.0,1.0,1.0,1.0,2b34427cf3c17fae849fe54bd431ea6c41dd283ecfaf821a88d7d8740bb8b195,77f6f2e178e7a0c3e2627e2fac8537d1b8b21dba1b18404460e90b6ae42a0b51
20271009-0.85-2m,20271009,0.85,2,horizon,gps,after_return,0.031978684973450563,0.0377953127397693,0.019994220069369167,0.04840238422041986,0.04025648284676831,True,,True,,6.6454913525391595,1970,1.0,1.0,1.0,1.0,2b34427cf3c17fae849fe54bd431ea6c41dd283ecfaf821a88d7d8740bb8b195,77f6f2e178e7a0c3e2627e2fac8537d1b8b21dba1b18404460e90b6ae42a0b51
20271009-0.85-2m,20271009,0.85,2,retrodiction,gps,flight,0.05283517978656684,0.03554732141097445,0.020789233492976282,0.14906623097012384,0.12881718637774714,True,,True,,8.918097158115167,4670,1.0,1.0,1.0,1.0,3d0a5309fc22ae29227695545e39aed5d857ac5facf4557d4318de776cbf124c,77f6f2e178e7a0c3e2627e2fac8537d1b8b21dba1b18404460e90b6ae42a0b51
20271009-0.85-2m,20271009,0.85,2,retrodiction,gps,outage_window,0.07270633433245867,0.03203529413970986,0.018862436924942556,0.05491775059924412,0.031818727150650324,True,,True,,12.52660187237785,1500,1.0,1.0,1.0,1.0,3d0a5309fc22ae29227695545e39aed5d857ac5facf4557d4318de776cbf124c,77f6f2e178e7a0c3e2627e2fac8537d1b8b21dba1b18404460e90b6ae42a0b51
20271009-0.85-2m,20271009,0.85,2,retrodiction,gps,after_return,0.036952483895093764,0.043933230906534795,0.021557310164368765,0.04505079138304745,0.037076494021545184,True,,True,,7.552053761262558,1970,1.0,1.0,1.0,1.0,3d0a5309fc22ae29227695545e39aed5d857ac5facf4557d4318de776cbf124c,77f6f2e178e7a0c3e2627e2fac8537d1b8b21dba1b18404460e90b6ae42a0b51
20271009-0.85-2m,20271009,0.85,2,horizon_joint,gps,flight,0.05201956144113069,0.026634114208670172,0.016541252690749256,0.09716303592291566,0.0786716156263223,True,,True,,7.852450573733973,4670,1.0,1.0,1.0,1.0,69699a59267d977a637751a207163a6cbc12140724762aaa146fc570ada5bae4,77f6f2e178e7a0c3e2627e2fac8537d1b8b21dba1b18404460e90b6ae42a0b51
20271009-0.85-2m,20271009,0.85,2,horizon_joint,gps,outage_window,0.07396775803398448,0.02305493762799633,0.01652054399851399,0.04505671485825899,0.02795570205441775,True,,True,,11.884475967912667,1500,1.0,1.0,1.0,1.0,69699a59267d977a637751a207163a6cbc12140724762aaa146fc570ada5bae4,77f6f2e178e7a0c3e2627e2fac8537d1b8b21dba1b18404460e90b6ae42a0b51
20271009-0.85-2m,20271009,0.85,2,horizon_joint,gps,after_return,0.031838303614266296,0.033324981421964425,0.015543825205885245,0.047383594829969455,0.0398181741430899,True,,True,,6.032184684233933,1970,1.0,1.0,1.0,1.0,69699a59267d977a637751a207163a6cbc12140724762aaa146fc570ada5bae4,77f6f2e178e7a0c3e2627e2fac8537d1b8b21dba1b18404460e90b6ae42a0b51
20271009-0.85-2m,20271009,0.85,2,retrodiction_joint,gps,flight,0.05276690714323579,0.02678286002443759,0.01900422494515912,0.1492906038471295,0.12932135243628398,True,,True,,8.634843464725265,4670,1.0,1.0,1.0,1.0,53c0f8795080d7df314d9c80da497996fcb727ebebeba4a76a305e8ab073cc2b,77f6f2e178e7a0c3e2627e2fac8537d1b8b21dba1b18404460e90b6ae42a0b51
20271009-0.85-2m,20271009,0.85,2,retrodiction_joint,gps,outage_window,0.0726657568820763,0.025337128600174737,0.018579702205783446,0.05164760221844293,0.031177299805538752,True,,True,,12.519613631888319,1500,1.0,1.0,1.0,1.0,53c0f8795080d7df314d9c80da497996fcb727ebebeba4a76a305e8ab073cc2b,77f6f2e178e7a0c3e2627e2fac8537d1b8b21dba1b18404460e90b6ae42a0b51
20271009-0.85-2m,20271009,0.85,2,retrodiction_joint,gps,after_return,0.03681706628953671,0.03272394854885225,0.01747223381934269,0.044089053843019574,0.03656230116149163,True,,True,,6.932401831019857,1970,1.0,1.0,1.0,1.0,53c0f8795080d7df314d9c80da497996fcb727ebebeba4a76a305e8ab073cc2b,77f6f2e178e7a0c3e2627e2fac8537d1b8b21dba1b18404460e90b6ae42a0b51
20271009-0.85-2m,20271009,0.85,2,px4,gps,flight,0.22540686605158294,0.0859375228373599,0.19144160838113353,3.5841783073009297,3.575775044757594,True,True,True,,2783.5146146158017,4670,1.0,1.0,1.0,1.0,3a6eb51fbb5c43eee600a156ea49e616f6faa7cec09a58088f98bbed945b63fe,77f6f2e178e7a0c3e2627e2fac8537d1b8b21dba1b18404460e90b6ae42a0b51
20271009-0.85-2m,20271009,0.85,2,px4,gps,outage_window,0.23483073483823141,0.08985711583710274,0.1945153477553374,3.6031080738471695,3.5998064889683334,True,True,True,,2668.888147521068,1500,1.0,1.0,1.0,1.0,3a6eb51fbb5c43eee600a156ea49e616f6faa7cec09a58088f98bbed945b63fe,77f6f2e178e7a0c3e2627e2fac8537d1b8b21dba1b18404460e90b6ae42a0b51
20271009-0.85-2m,20271009,0.85,2,px4,gps,after_return,0.22999961611296776,0.08488316751967134,0.18598375877857182,3.403209217413861,3.4029544078981306,True,True,True,,4021.124280949387,1970,1.0,1.0,1.0,1.0,3a6eb51fbb5c43eee600a156ea49e616f6faa7cec09a58088f98bbed945b63fe,77f6f2e178e7a0c3e2627e2fac8537d1b8b21dba1b18404460e90b6ae42a0b51
20271009-0.85-2m,20271009,0.85,2,ekf3,gps,flight,0.05442100724579928,0.05625536744763202,0.045440425250098726,0.15211997629210433,0.09947591311975992,True,True,True,,42.93024107474527,4670,1.0,1.0,1.0,1.0,a481349360a074f334be93268bb22efb7794b0bcd0364695dc27ecaa6bcb7560,77f6f2e178e7a0c3e2627e2fac8537d1b8b21dba1b18404460e90b6ae42a0b51
20271009-0.85-2m,20271009,0.85,2,ekf3,gps,outage_window,0.0755760926735736,0.053413466279581594,0.05213398588307447,0.14755932559465312,0.07801130562552426,True,True,True,,45.86276923878766,1500,1.0,1.0,1.0,1.0,a481349360a074f334be93268bb22efb7794b0bcd0364695dc27ecaa6bcb7560,77f6f2e178e7a0c3e2627e2fac8537d1b8b21dba1b18404460e90b6ae42a0b51
20271009-0.85-2m,20271009,0.85,2,ekf3,gps,after_return,0.036156413558918535,0.06713408697910299,0.0439322529562956,0.12860851685487193,0.09272591929263228,True,True,True,,41.4988990351292,1970,1.0,1.0,1.0,1.0,a481349360a074f334be93268bb22efb7794b0bcd0364695dc27ecaa6bcb7560,77f6f2e178e7a0c3e2627e2fac8537d1b8b21dba1b18404460e90b6ae42a0b51
20271009-0.85-2m,20271009,0.85,2,horizon,denied,flight,0.30654712186800653,0.03869606353194227,0.0383573852709238,0.3624350625018876,0.34592736137030705,True,,True,,6.0054803431321755,4670,1.0,1.0,1.0,1.0,cb98dc597b32a6d81771b7c672e588373b9339e7e9972bc416e28d21b9f0a27c,53d213f7b000525d682eccee8a1a6a0f87bb16485f4bcf75407ea0245cb1d7cc
20271009-0.85-2m,20271009,0.85,2,horizon,denied,outage_window,0.3563448745324817,0.03032867160123512,0.04481670311097671,0.41549754264247724,0.4069677485079202,True,,True,,7.642002181957524,1500,1.0,1.0,1.0,1.0,cb98dc597b32a6d81771b7c672e588373b9339e7e9972bc416e28d21b9f0a27c,53d213f7b000525d682eccee8a1a6a0f87bb16485f4bcf75407ea0245cb1d7cc
20271009-0.85-2m,20271009,0.85,2,horizon,denied,after_return,0.3431267336928166,0.03850946454808491,0.03531885351471523,0.2744580251338671,0.2704405909675562,True,,True,,5.365591982086591,1970,1.0,1.0,1.0,1.0,cb98dc597b32a6d81771b7c672e588373b9339e7e9972bc416e28d21b9f0a27c,53d213f7b000525d682eccee8a1a6a0f87bb16485f4bcf75407ea0245cb1d7cc
20271009-0.85-2m,20271009,0.85,2,retrodiction,denied,flight,0.3076006113597467,0.04282116978973948,0.037129860945568666,0.3605713561536691,0.3447262105618916,True,,True,,6.080412998266406,4670,1.0,1.0,1.0,1.0,8f0e0430d5e789f235a866a231b7144abc1c647f47a8c90cbaf8768332c32f33,53d213f7b000525d682eccee8a1a6a0f87bb16485f4bcf75407ea0245cb1d7cc
20271009-0.85-2m,20271009,0.85,2,retrodiction,denied,outage_window,0.35325783230175317,0.03461572613975833,0.04241192934719184,0.4191346015577313,0.41046375662833184,True,,True,,7.637641384105404,1500,1.0,1.0,1.0,1.0,8f0e0430d5e789f235a866a231b7144abc1c647f47a8c90cbaf8768332c32f33,53d213f7b000525d682eccee8a1a6a0f87bb16485f4bcf75407ea0245cb1d7cc
20271009-0.85-2m,20271009,0.85,2,retrodiction,denied,after_return,0.34807835493203554,0.04449537892663062,0.034736153215966854,0.2732387164533231,0.26901244134617674,True,,True,,5.479855528956525,1970,1.0,1.0,1.0,1.0,8f0e0430d5e789f235a866a231b7144abc1c647f47a8c90cbaf8768332c32f33,53d213f7b000525d682eccee8a1a6a0f87bb16485f4bcf75407ea0245cb1d7cc
20271009-0.85-2m,20271009,0.85,2,horizon_joint,denied,flight,0.2963870253038312,0.032621336310970465,0.03795101445187997,0.351604775640124,0.33535615375256456,True,,True,,5.973635202330221,4670,1.0,1.0,1.0,1.0,717f0ca1c57766da090edc9e6dd1f892d6199506c71b0a3d868cca9a222edfc6,53d213f7b000525d682eccee8a1a6a0f87bb16485f4bcf75407ea0245cb1d7cc
20271009-0.85-2m,20271009,0.85,2,horizon_joint,denied,outage_window,0.35388698704758526,0.024147150692996465,0.043919686884372665,0.41320814736213773,0.4050619326518072,True,,True,,7.74388218851575,1500,1.0,1.0,1.0,1.0,717f0ca1c57766da090edc9e6dd1f892d6199506c71b0a3d868cca9a222edfc6,53d213f7b000525d682eccee8a1a6a0f87bb16485f4bcf75407ea0245cb1d7cc
20271009-0.85-2m,20271009,0.85,2,horizon_joint,denied,after_return,0.32311733115739455,0.025455221263417142,0.034970768063039843,0.2403270633451174,0.23745810995490021,True,,True,,5.312839753433711,1970,1.0,1.0,1.0,1.0,717f0ca1c57766da090edc9e6dd1f892d6199506c71b0a3d868cca9a222edfc6,53d213f7b000525d682eccee8a1a6a0f87bb16485f4bcf75407ea0245cb1d7cc
20271009-0.85-2m,20271009,0.85,2,retrodiction_joint,denied,flight,0.29879767234268656,0.03744040613985115,0.03655145888903038,0.3420735248400118,0.3265868903448448,True,,True,,5.9878273959353745,4670,1.0,1.0,1.0,1.0,3122edf6a144099abf640a00d4ec2ec94a9ed8a3a922f257a8777fce71b3f9a2,53d213f7b000525d682eccee8a1a6a0f87bb16485f4bcf75407ea0245cb1d7cc
20271009-0.85-2m,20271009,0.85,2,retrodiction_joint,denied,outage_window,0.3439449708068969,0.026825004378349265,0.04137254024336311,0.40547753221554533,0.3975908812745677,True,,True,,7.648028187336291,1500,1.0,1.0,1.0,1.0,3122edf6a144099abf640a00d4ec2ec94a9ed8a3a922f257a8777fce71b3f9a2,53d213f7b000525d682eccee8a1a6a0f87bb16485f4bcf75407ea0245cb1d7cc
20271009-0.85-2m,20271009,0.85,2,retrodiction_joint,denied,after_return,0.33703259106832767,0.03459905965218865,0.034405373966452,0.23611350908490908,0.23313721804334633,True,,True,,5.376032321172052,1970,1.0,1.0,1.0,1.0,3122edf6a144099abf640a00d4ec2ec94a9ed8a3a922f257a8777fce71b3f9a2,53d213f7b000525d682eccee8a1a6a0f87bb16485f4bcf75407ea0245cb1d7cc
20271009-0.85-2m,20271009,0.85,2,px4,denied,flight,0.33352507421813465,0.08527468272211279,0.04613782698246935,0.6324523415812083,0.6139461956276492,True,True,True,,39.30584105843431,4670,1.0,1.0,1.0,1.0,ebe43cd81f9423041634d8fc3733823f88ab9e0bb2f385c9dfde1303cf256776,53d213f7b000525d682eccee8a1a6a0f87bb16485f4bcf75407ea0245cb1d7cc
20271009-0.85-2m,20271009,0.85,2,px4,denied,outage_window,0.3204282262168198,0.08636477890381103,0.054868939873392815,0.8401720582341363,0.8304890756348406,True,True,True,,45.75836253470847,1500,1.0,1.0,1.0,1.0,ebe43cd81f9423041634d8fc3733823f88ab9e0bb2f385c9dfde1303cf256776,53d213f7b000525d682eccee8a1a6a0f87bb16485f4bcf75407ea0245cb1d7cc
20271009-0.85-2m,20271009,0.85,2,px4,denied,after_return,0.38244985014032634,0.0831835367643518,0.03774657630440393,0.14195242465456728,0.1345554003512913,True,True,True,,29.570799899225687,1970,1.0,1.0,1.0,1.0,ebe43cd81f9423041634d8fc3733823f88ab9e0bb2f385c9dfde1303cf256776,53d213f7b000525d682eccee8a1a6a0f87bb16485f4bcf75407ea0245cb1d7cc
20271009-0.85-2m,20271009,0.85,2,ekf3,denied,flight,0.4396116691816163,0.0704163512944069,0.09893049861802568,0.1808255308859258,0.10309119449265067,True,True,True,,42.82754426477425,4670,1.0,1.0,1.0,1.0,0b16a95e3a132fb7392224114ca44636ff02e55b322a1155828e1b4354ad49d8,53d213f7b000525d682eccee8a1a6a0f87bb16485f4bcf75407ea0245cb1d7cc
20271009-0.85-2m,20271009,0.85,2,ekf3,denied,outage_window,0.4806062144599063,0.06771734484851967,0.08482929160139553,0.15503470227900054,0.0746958659628546,True,True,True,,43.70811154457308,1500,1.0,1.0,1.0,1.0,0b16a95e3a132fb7392224114ca44636ff02e55b322a1155828e1b4354ad49d8,53d213f7b000525d682eccee8a1a6a0f87bb16485f4bcf75407ea0245cb1d7cc
20271009-0.85-2m,20271009,0.85,2,ekf3,denied,after_return,0.46605144655872033,0.07654834595884834,0.10012993377248221,0.16571550179319722,0.022978739008521522,True,True,True,,41.70551181927781,1970,1.0,1.0,1.0,1.0,0b16a95e3a132fb7392224114ca44636ff02e55b322a1155828e1b4354ad49d8,53d213f7b000525d682eccee8a1a6a0f87bb16485f4bcf75407ea0245cb1d7cc
20271009-0.85-2m,20271009,0.85,2,horizon,transition,flight,0.12875824356501198,0.031540031642504254,0.02562827756073185,0.10244671451856363,0.0834652533226271,True,,True,,7.438838473681294,4670,1.0,1.0,1.0,1.0,b9cb908deb75f78ca897cde5c3afc7490a2bf11d610342d27fda3eb12c780b93,70b3325bf4f5e331d6d726ac00063143ad1012c5c6934946bf7d6bec4f3d8deb
20271009-0.85-2m,20271009,0.85,2,horizon,transition,outage_window,0.21466562387629373,0.027208886856214764,0.03365116602537408,0.04859133483581004,0.020232744007221266,True,,True,,8.99265337858759,1500,1.0,1.0,1.0,1.0,b9cb908deb75f78ca897cde5c3afc7490a2bf11d610342d27fda3eb12c780b93,70b3325bf4f5e331d6d726ac00063143ad1012c5c6934946bf7d6bec4f3d8deb
20271009-0.85-2m,20271009,0.85,2,horizon,transition,after_return,0.05454256366427166,0.039207095707593086,0.022229956982404195,0.06850220031446046,0.06210115474969666,True,,True,,7.197548952526364,1970,1.0,1.0,1.0,1.0,b9cb908deb75f78ca897cde5c3afc7490a2bf11d610342d27fda3eb12c780b93,70b3325bf4f5e331d6d726ac00063143ad1012c5c6934946bf7d6bec4f3d8deb
20271009-0.85-2m,20271009,0.85,2,retrodiction,transition,flight,0.1264460233627336,0.036041606932936926,0.027030999902512357,0.1515396224130621,0.1319040257045157,True,,True,,8.088415719275856,4670,1.0,1.0,1.0,1.0,ba8493e9c2da1d0d23224257bf814cac1bb670b389dce279a136ee8113da4b49,70b3325bf4f5e331d6d726ac00063143ad1012c5c6934946bf7d6bec4f3d8deb
20271009-0.85-2m,20271009,0.85,2,retrodiction,transition,outage_window,0.21004378435248802,0.03187161940750847,0.033007276055425715,0.05301695589699087,0.03330007080774089,True,,True,,9.002384040880175,1500,1.0,1.0,1.0,1.0,ba8493e9c2da1d0d23224257bf814cac1bb670b389dce279a136ee8113da4b49,70b3325bf4f5e331d6d726ac00063143ad1012c5c6934946bf7d6bec4f3d8deb
20271009-0.85-2m,20271009,0.85,2,retrodiction,transition,after_return,0.055517485780440974,0.04496639068974595,0.02477180041161468,0.06283578807075679,0.056648505789213266,True,,True,,8.268660069824449,1970,1.0,1.0,1.0,1.0,ba8493e9c2da1d0d23224257bf814cac1bb670b389dce279a136ee8113da4b49,70b3325bf4f5e331d6d726ac00063143ad1012c5c6934946bf7d6bec4f3d8deb
20271009-0.85-2m,20271009,0.85,2,horizon_joint,transition,flight,0.1287181193353532,0.02902462859974986,0.023138662947528123,0.10158354335629044,0.08324228623701543,True,,True,,7.112005804456427,4670,1.0,1.0,1.0,1.0,d4aecdd62a8a54365920a8abdd3f0f012b5d996330d26f6c03b97a6c5f03711f,70b3325bf4f5e331d6d726ac00063143ad1012c5c6934946bf7d6bec4f3d8deb
20271009-0.85-2m,20271009,0.85,2,horizon_joint,transition,outage_window,0.2146729469346617,0.018210493336958972,0.032379766292805874,0.04427368154574335,0.018997436639372523,True,,True,,8.766763873810314,1500,1.0,1.0,1.0,1.0,d4aecdd62a8a54365920a8abdd3f0f012b5d996330d26f6c03b97a6c5f03711f,70b3325bf4f5e331d6d726ac00063143ad1012c5c6934946bf7d6bec4f3d8deb
20271009-0.85-2m,20271009,0.85,2,horizon_joint,transition,after_return,0.0543260946765266,0.03972629640938838,0.016482967969094486,0.06619021809818999,0.0604987509561955,True,,True,,6.650809592166614,1970,1.0,1.0,1.0,1.0,d4aecdd62a8a54365920a8abdd3f0f012b5d996330d26f6c03b97a6c5f03711f,70b3325bf4f5e331d6d726ac00063143ad1012c5c6934946bf7d6bec4f3d8deb
20271009-0.85-2m,20271009,0.85,2,retrodiction_joint,transition,flight,0.12663877312757313,0.031955905440163086,0.02467608613642775,0.15124527946344254,0.1319884160049668,True,,True,,7.7640951025163965,4670,1.0,1.0,1.0,1.0,1e2ddafa2d5b9262b23bf806b4b5759af92658e6d6c138bea46ff71ca22a039c,70b3325bf4f5e331d6d726ac00063143ad1012c5c6934946bf7d6bec4f3d8deb
20271009-0.85-2m,20271009,0.85,2,retrodiction_joint,transition,outage_window,0.21048111799092542,0.02313717507254299,0.031801248914516037,0.047461749425062844,0.030785832556046187,True,,True,,8.750065704541129,1500,1.0,1.0,1.0,1.0,1e2ddafa2d5b9262b23bf806b4b5759af92658e6d6c138bea46ff71ca22a039c,70b3325bf4f5e331d6d726ac00063143ad1012c5c6934946bf7d6bec4f3d8deb
20271009-0.85-2m,20271009,0.85,2,retrodiction_joint,transition,after_return,0.05532096382075243,0.043270885650674135,0.019631305168448923,0.06043434997051174,0.054839620703012924,True,,True,,7.738456165794157,1970,1.0,1.0,1.0,1.0,1e2ddafa2d5b9262b23bf806b4b5759af92658e6d6c138bea46ff71ca22a039c,70b3325bf4f5e331d6d726ac00063143ad1012c5c6934946bf7d6bec4f3d8deb
20271009-0.85-2m,20271009,0.85,2,px4,transition,flight,0.28155843363588906,0.08538326821976008,0.19276453102301783,3.6624499643075294,3.6538035739260755,True,True,True,,1807.9864845905488,4670,1.0,1.0,1.0,1.0,2c58449852cf68a4b467c6f3b114e93ce6039c0c348a845cb44e5c048718bbd2,70b3325bf4f5e331d6d726ac00063143ad1012c5c6934946bf7d6bec4f3d8deb
20271009-0.85-2m,20271009,0.85,2,px4,transition,outage_window,0.3564774121228113,0.08890743284567569,0.19456053818145505,3.67935264780256,3.67706443449542,True,True,True,,1642.8845418766682,1500,1.0,1.0,1.0,1.0,2c58449852cf68a4b467c6f3b114e93ce6039c0c348a845cb44e5c048718bbd2,70b3325bf4f5e331d6d726ac00063143ad1012c5c6934946bf7d6bec4f3d8deb
20271009-0.85-2m,20271009,0.85,2,px4,transition,after_return,0.25614979238594954,0.08431679064530377,0.1891598963730328,3.5360499454452765,3.5340195698439487,True,True,True,,2489.8100711414404,1970,1.0,1.0,1.0,1.0,2c58449852cf68a4b467c6f3b114e93ce6039c0c348a845cb44e5c048718bbd2,70b3325bf4f5e331d6d726ac00063143ad1012c5c6934946bf7d6bec4f3d8deb
20271009-0.85-2m,20271009,0.85,2,ekf3,transition,flight,0.16080784546171611,0.067465236527321,0.07267945692073587,0.1489108389873623,0.0811099588007757,True,True,True,,41.706775780246296,4670,1.0,1.0,1.0,1.0,aac0a37d733d05a2fdb2fef828485cbfa42a42b796072d4f08c0449b682bc983,70b3325bf4f5e331d6d726ac00063143ad1012c5c6934946bf7d6bec4f3d8deb
20271009-0.85-2m,20271009,0.85,2,ekf3,transition,outage_window,0.2486113577938347,0.08433685070398744,0.1119201851124597,0.1466788280149252,0.050278906482051564,True,True,True,,44.81742478682773,1500,1.0,1.0,1.0,1.0,aac0a37d733d05a2fdb2fef828485cbfa42a42b796072d4f08c0449b682bc983,70b3325bf4f5e331d6d726ac00063143ad1012c5c6934946bf7d6bec4f3d8deb
20271009-0.85-2m,20271009,0.85,2,ekf3,transition,after_return,0.11346630516526729,0.06746304598522114,0.04570658986782869,0.12019709029762057,0.05869248576253673,True,True,True,,39.394550686210266,1970,1.0,1.0,1.0,1.0,aac0a37d733d05a2fdb2fef828485cbfa42a42b796072d4f08c0449b682bc983,70b3325bf4f5e331d6d726ac00063143ad1012c5c6934946bf7d6bec4f3d8deb
20271009-0.85-4m,20271009,0.85,4,horizon,gps,flight,0.051737897927866865,0.030957223357004165,0.018400642341625948,0.08904750513240303,0.07342313173678827,True,,True,,7.831413066908615,4670,1.0,1.0,1.0,1.0,60f3b9a4d3ff85b8ab8ef2f103ab968f1211ae3b591fecfd31a1894ab643acd4,77f6f2e178e7a0c3e2627e2fac8537d1b8b21dba1b18404460e90b6ae42a0b51
20271009-0.85-4m,20271009,0.85,4,horizon,gps,outage_window,0.073005500364207,0.027807082974201487,0.016718172159328408,0.04421597139108854,0.02639953954505908,True,,True,,11.438639508192802,1500,1.0,1.0,1.0,1.0,60f3b9a4d3ff85b8ab8ef2f103ab968f1211ae3b591fecfd31a1894ab643acd4,77f6f2e178e7a0c3e2627e2fac8537d1b8b21dba1b18404460e90b6ae42a0b51
20271009-0.85-4m,20271009,0.85,4,horizon,gps,after_return,0.03199077752358853,0.037835337239324446,0.0198608304468162,0.048211475742572146,0.040347032109054146,True,,True,,6.50702685840602,1970,1.0,1.0,1.0,1.0,60f3b9a4d3ff85b8ab8ef2f103ab968f1211ae3b591fecfd31a1894ab643acd4,77f6f2e178e7a0c3e2627e2fac8537d1b8b21dba1b18404460e90b6ae42a0b51
20271009-0.85-4m,20271009,0.85,4,retrodiction,gps,flight,0.05207206278501981,0.03553037665636709,0.02035350465955373,0.1308301215613091,0.11351105996844027,True,,True,,8.504642956593818,4670,1.0,1.0,1.0,1.0,d9c5b5eb0de9d5f7fbdf5740990c2abe2f95a14f452809062e70d077e0da66b1,77f6f2e178e7a0c3e2627e2fac8537d1b8b21dba1b18404460e90b6ae42a0b51
20271009-0.85-4m,20271009,0.85,4,retrodiction,gps,outage_window,0.07095242249763506,0.032064002280303094,0.018620791601588207,0.052367161529891695,0.029638548366553573,True,,True,,11.93118146394802,1500,1.0,1.0,1.0,1.0,d9c5b5eb0de9d5f7fbdf5740990c2abe2f95a14f452809062e70d077e0da66b1,77f6f2e178e7a0c3e2627e2fac8537d1b8b21dba1b18404460e90b6ae42a0b51
20271009-0.85-4m,20271009,0.85,4,retrodiction,gps,after_return,0.036787185067579824,0.043945239650442953,0.021340248163679597,0.04483383937789675,0.037225735012521556,True,,True,,7.327653751609631,1970,1.0,1.0,1.0,1.0,d9c5b5eb0de9d5f7fbdf5740990c2abe2f95a14f452809062e70d077e0da66b1,77f6f2e178e7a0c3e2627e2fac8537d1b8b21dba1b18404460e90b6ae42a0b51
20271009-0.85-4m,20271009,0.85,4,horizon_joint,gps,flight,0.051659751571175624,0.02661652529723742,0.016401679413735586,0.088671143361783,0.07352463853071081,True,,True,,7.546506498327522,4670,1.0,1.0,1.0,1.0,d004f46c14abd745f07efd5cea907fde6103ebf67ff11225398b99d66a8347c3,77f6f2e178e7a0c3e2627e2fac8537d1b8b21dba1b18404460e90b6ae42a0b51
20271009-0.85-4m,20271009,0.85,4,horizon_joint,gps,outage_window,0.07295373795849976,0.02340670127037449,0.01646627336332277,0.041406010590233425,0.02582057882975115,True,,True,,11.430006587501905,1500,1.0,1.0,1.0,1.0,d004f46c14abd745f07efd5cea907fde6103ebf67ff11225398b99d66a8347c3,77f6f2e178e7a0c3e2627e2fac8537d1b8b21dba1b18404460e90b6ae42a0b51
20271009-0.85-4m,20271009,0.85,4,horizon_joint,gps,after_return,0.031837009031978794,0.033153618259450165,0.015401635738333341,0.04721017034805725,0.039927164228176146,True,,True,,5.89495045014688,1970,1.0,1.0,1.0,1.0,d004f46c14abd745f07efd5cea907fde6103ebf67ff11225398b99d66a8347c3,77f6f2e178e7a0c3e2627e2fac8537d1b8b21dba1b18404460e90b6ae42a0b51
20271009-0.85-4m,20271009,0.85,4,retrodiction_joint,gps,flight,0.051994260988374966,0.02676356707439394,0.018541504526082785,0.13092544184338006,0.1139204560044228,True,,True,,8.2250875747382,4670,1.0,1.0,1.0,1.0,c4bfd8e6236488d9b81627dc4183b1a8264d933069c37ea9c81055de936d5774,77f6f2e178e7a0c3e2627e2fac8537d1b8b21dba1b18404460e90b6ae42a0b51
20271009-0.85-4m,20271009,0.85,4,retrodiction_joint,gps,outage_window,0.07090007509951639,0.025527358494403997,0.018341398140108756,0.04913021315467942,0.0290848118323811,True,,True,,11.925023739284521,1500,1.0,1.0,1.0,1.0,c4bfd8e6236488d9b81627dc4183b1a8264d933069c37ea9c81055de936d5774,77f6f2e178e7a0c3e2627e2fac8537d1b8b21dba1b18404460e90b6ae42a0b51
20271009-0.85-4m,20271009,0.85,4,retrodiction_joint,gps,after_return,0.03664136996538474,0.03265918307533126,0.017235987300127445,0.04398088070889662,0.03673873509582399,True,,True,,6.716305930080733,1970,1.0,1.0,1.0,1.0,c4bfd8e6236488d9b81627dc4183b1a8264d933069c37ea9c81055de936d5774,77f6f2e178e7a0c3e2627e2fac8537d1b8b21dba1b18404460e90b6ae42a0b51
20271009-0.85-4m,20271009,0.85,4,px4,gps,flight,0.22949714313103584,0.08117444061456898,0.19430998212236605,3.379329417601609,3.371853798280343,True,True,True,,2535.7480469719044,4670,1.0,1.0,1.0,1.0,bd3c975dedd4a9840d37f744ecccf69a0dbf13b36548ff818088b18e3e1f389d,77f6f2e178e7a0c3e2627e2fac8537d1b8b21dba1b18404460e90b6ae42a0b51
20271009-0.85-4m,20271009,0.85,4,px4,gps,outage_window,0.23412732961617522,0.08234399169477495,0.19463205017291632,3.525440573651,3.5174667493940315,True,True,True,,2360.378297217153,1500,1.0,1.0,1.0,1.0,bd3c975dedd4a9840d37f744ecccf69a0dbf13b36548ff818088b18e3e1f389d,77f6f2e178e7a0c3e2627e2fac8537d1b8b21dba1b18404460e90b6ae42a0b51
20271009-0.85-4m,20271009,0.85,4,px4,gps,after_return,0.23125521027767046,0.07760869282148354,0.18548559886247526,3.3880063600233683,3.3872653301971662,True,True,True,,3844.113683732866,1970,1.0,1.0,1.0,1.0,bd3c975dedd4a9840d37f744ecccf69a0dbf13b36548ff818088b18e3e1f389d,77f6f2e178e7a0c3e2627e2fac8537d1b8b21dba1b18404460e90b6ae42a0b51
20271009-0.85-4m,20271009,0.85,4,ekf3,gps,flight,0.0653310895747512,0.055779618941429146,0.05299642374737348,0.6582929887393849,0.6460616329255028,True,True,True,,127.458707445958,4670,1.0,1.0,1.0,1.0,b45a0fbf6ffeb2737f126dcd19942ceffa787fd525d10eda417c8c60702d6ac1,77f6f2e178e7a0c3e2627e2fac8537d1b8b21dba1b18404460e90b6ae42a0b51
20271009-0.85-4m,20271009,0.85,4,ekf3,gps,outage_window,0.08159707910230503,0.05321019614071473,0.05868028984415158,0.6479722117144767,0.6330040203983228,True,True,True,,116.7545335119673,1500,1.0,1.0,1.0,1.0,b45a0fbf6ffeb2737f126dcd19942ceffa787fd525d10eda417c8c60702d6ac1,77f6f2e178e7a0c3e2627e2fac8537d1b8b21dba1b18404460e90b6ae42a0b51
20271009-0.85-4m,20271009,0.85,4,ekf3,gps,after_return,0.050493543464228095,0.06695767778390466,0.048507530048070104,0.6539345754632974,0.6456055050172301,True,True,True,,177.8644588863796,1970,1.0,1.0,1.0,1.0,b45a0fbf6ffeb2737f126dcd19942ceffa787fd525d10eda417c8c60702d6ac1,77f6f2e178e7a0c3e2627e2fac8537d1b8b21dba1b18404460e90b6ae42a0b51
20271009-0.85-4m,20271009,0.85,4,horizon,denied,flight,0.5019409869345701,0.03896454709262288,0.05251201771231591,0.3996248288427202,0.38108619990254533,True,,True,,6.098282187889448,4670,1.0,1.0,1.0,1.0,427008c1289c541fc03538bcb2627da1c76b1286dc8796247fa09fd0ae1170eb,53d213f7b000525d682eccee8a1a6a0f87bb16485f4bcf75407ea0245cb1d7cc
20271009-0.85-4m,20271009,0.85,4,horizon,denied,outage_window,0.5898098906823298,0.03051633891743814,0.06531584110300033,0.46507005389735434,0.4526994594370351,True,,True,,7.871614643072587,1500,1.0,1.0,1.0,1.0,427008c1289c541fc03538bcb2627da1c76b1286dc8796247fa09fd0ae1170eb,53d213f7b000525d682eccee8a1a6a0f87bb16485f4bcf75407ea0245cb1d7cc
20271009-0.85-4m,20271009,0.85,4,horizon,denied,after_return,0.5652387281186553,0.03874549671329797,0.04932131543560194,0.3178307746017808,0.3120328436198367,True,,True,,5.6054135871295045,1970,1.0,1.0,1.0,1.0,427008c1289c541fc03538bcb2627da1c76b1286dc8796247fa09fd0ae1170eb,53d213f7b000525d682eccee8a1a6a0f87bb16485f4bcf75407ea0245cb1d7cc
20271009-0.85-4m,20271009,0.85,4,retrodiction,denied,flight,0.5035360729835531,0.04308340430978859,0.051344448533875445,0.39870962340799304,0.3807911959569495,True,,True,,6.147039858543864,4670,1.0,1.0,1.0,1.0,de62332c341f4d9e5b73f9175344959a01614918339ee14fc73bd408775c3209,53d213f7b000525d682eccee8a1a6a0f87bb16485f4bcf75407ea0245cb1d7cc
20271009-0.85-4m,20271009,0.85,4,retrodiction,denied,outage_window,0.5849892087256027,0.03474268235157488,0.06309830906304612,0.4698868548533273,0.4574782652370536,True,,True,,7.86593570724478,1500,1.0,1.0,1.0,1.0,de62332c341f4d9e5b73f9175344959a01614918339ee14fc73bd408775c3209,53d213f7b000525d682eccee8a1a6a0f87bb16485f4bcf75407ea0245cb1d7cc
20271009-0.85-4m,20271009,0.85,4,retrodiction,denied,after_return,0.5724516738885307,0.04480523355393419,0.04886950935110671,0.3171414842884725,0.31117958394010503,True,,True,,5.6791526485531385,1970,1.0,1.0,1.0,1.0,de62332c341f4d9e5b73f9175344959a01614918339ee14fc73bd408775c3209,53d213f7b000525d682eccee8a1a6a0f87bb16485f4bcf75407ea0245cb1d7cc
20271009-0.85-4m,20271009,0.85,4,horizon_joint,denied,flight,0.4815613263354761,0.032365615752790566,0.05117179526238604,0.36957765839083073,0.3517614908716754,True,,True,,5.96913403924863,4670,1.0,1.0,1.0,1.0,e722e4b3539fac2feb249aa65dcb78114d5842bd830ceb1ee268f2e219dccec7,53d213f7b000525d682eccee8a1a6a0f87bb16485f4bcf75407ea0245cb1d7cc
20271009-0.85-4m,20271009,0.85,4,horizon_joint,denied,outage_window,0.5756771593839859,0.0235776045073589,0.06265418133326706,0.4297453799221183,0.41965383395630357,True,,True,,7.820081850446482,1500,1.0,1.0,1.0,1.0,e722e4b3539fac2feb249aa65dcb78114d5842bd830ceb1ee268f2e219dccec7,53d213f7b000525d682eccee8a1a6a0f87bb16485f4bcf75407ea0245cb1d7cc
20271009-0.85-4m,20271009,0.85,4,horizon_joint,denied,after_return,0.5339396712410884,0.023651363280687517,0.04874548991152318,0.269780856797262,0.2657943241970954,True,,True,,5.44973231635383,1970,1.0,1.0,1.0,1.0,e722e4b3539fac2feb249aa65dcb78114d5842bd830ceb1ee268f2e219dccec7,53d213f7b000525d682eccee8a1a6a0f87bb16485f4bcf75407ea0245cb1d7cc
20271009-0.85-4m,20271009,0.85,4,retrodiction_joint,denied,flight,0.4838034908819172,0.03726882602512027,0.050181213082003094,0.36805247598114127,0.3508920795211414,True,,True,,6.00446041271697,4670,1.0,1.0,1.0,1.0,12e00de9c14ac2d369aa4fd167524e6d2c75974ca0bce06837896c198ef5bf9c,53d213f7b000525d682eccee8a1a6a0f87bb16485f4bcf75407ea0245cb1d7cc
20271009-0.85-4m,20271009,0.85,4,retrodiction_joint,denied,outage_window,0.5694734902884604,0.026786443424320884,0.060729231135892216,0.4332341215349245,0.42313123395789104,True,,True,,7.810492068088333,1500,1.0,1.0,1.0,1.0,12e00de9c14ac2d369aa4fd167524e6d2c75974ca0bce06837896c198ef5bf9c,53d213f7b000525d682eccee8a1a6a0f87bb16485f4bcf75407ea0245cb1d7cc
20271009-0.85-4m,20271009,0.85,4,retrodiction_joint,denied,after_return,0.5439185584714885,0.03375987986995849,0.04838151911340054,0.268424699829803,0.26432681895796006,True,,True,,5.506317714905417,1970,1.0,1.0,1.0,1.0,12e00de9c14ac2d369aa4fd167524e6d2c75974ca0bce06837896c198ef5bf9c,53d213f7b000525d682eccee8a1a6a0f87bb16485f4bcf75407ea0245cb1d7cc
20271009-0.85-4m,20271009,0.85,4,px4,denied,flight,0.5155385178769786,0.08393701327942726,0.05674201344039114,0.6345488496435214,0.6166467991874474,True,True,True,,41.065764514131175,4670,1.0,1.0,1.0,1.0,205a27f90099d5aabc3bd678213314f9a2bfdb06c31c8772f08085a228b26734,53d213f7b000525d682eccee8a1a6a0f87bb16485f4bcf75407ea0245cb1d7cc
20271009-0.85-4m,20271009,0.85,4,px4,denied,outage_window,0.578475453529579,0.08516672599048,0.0658570134419815,0.8183333118400437,0.8080595861314831,True,True,True,,47.28297446092517,1500,1.0,1.0,1.0,1.0,205a27f90099d5aabc3bd678213314f9a2bfdb06c31c8772f08085a228b26734,53d213f7b000525d682eccee8a1a6a0f87bb16485f4bcf75407ea0245cb1d7cc
20271009-0.85-4m,20271009,0.85,4,px4,denied,after_return,0.5711975915592828,0.08207190863423051,0.05831627694124701,0.1856050372598568,0.1772744471069108,True,True,True,,31.29187485121972,1970,1.0,1.0,1.0,1.0,205a27f90099d5aabc3bd678213314f9a2bfdb06c31c8772f08085a228b26734,53d213f7b000525d682eccee8a1a6a0f87bb16485f4bcf75407ea0245cb1d7cc
20271009-0.85-4m,20271009,0.85,4,ekf3,denied,flight,0.691098252248733,0.0702215992682936,0.14083405322980772,0.20625108989609578,0.15986848487365043,True,True,True,,33.73299634692069,4670,1.0,1.0,1.0,1.0,0d0a49f4f17942231784fa0b2a5afe88e8c266c9c23e6670af7035a295e97806,53d213f7b000525d682eccee8a1a6a0f87bb16485f4bcf75407ea0245cb1d7cc
20271009-0.85-4m,20271009,0.85,4,ekf3,denied,outage_window,0.7133846933826927,0.06935706068358626,0.12068680975608935,0.20035499114793132,0.1551378533223816,True,True,True,,31.709019419376283,1500,1.0,1.0,1.0,1.0,0d0a49f4f17942231784fa0b2a5afe88e8c266c9c23e6670af7035a295e97806,53d213f7b000525d682eccee8a1a6a0f87bb16485f4bcf75407ea0245cb1d7cc
20271009-0.85-4m,20271009,0.85,4,ekf3,denied,after_return,0.8124316355238045,0.07473176541084334,0.14803548529025679,0.19550895096186874,0.14096267270315047,True,True,True,,38.993723878720914,1970,1.0,1.0,1.0,1.0,0d0a49f4f17942231784fa0b2a5afe88e8c266c9c23e6670af7035a295e97806,53d213f7b000525d682eccee8a1a6a0f87bb16485f4bcf75407ea0245cb1d7cc
20271009-0.85-4m,20271009,0.85,4,horizon,transition,flight,0.15821153110170783,0.03157108399810731,0.028857898161884134,0.09524403737642327,0.07886736597007699,True,,True,,7.08290007769855,4670,1.0,1.0,1.0,1.0,21f23a1410254e843890fa7ac54dd56565fbdab007af3aadbec9241ea43dbc5a,70b3325bf4f5e331d6d726ac00063143ad1012c5c6934946bf7d6bec4f3d8deb
20271009-0.85-4m,20271009,0.85,4,horizon,transition,outage_window,0.2662486068040871,0.027367348695260762,0.040942720584306515,0.04767588540903462,0.015724601076656988,True,,True,,8.404540934878575,1500,1.0,1.0,1.0,1.0,21f23a1410254e843890fa7ac54dd56565fbdab007af3aadbec9241ea43dbc5a,70b3325bf4f5e331d6d726ac00063143ad1012c5c6934946bf7d6bec4f3d8deb
20271009-0.85-4m,20271009,0.85,4,horizon,transition,after_return,0.06401097479166945,0.0392552816662924,0.02241449592914596,0.06920523562475171,0.06273528072693997,True,,True,,7.042860462649846,1970,1.0,1.0,1.0,1.0,21f23a1410254e843890fa7ac54dd56565fbdab007af3aadbec9241ea43dbc5a,70b3325bf4f5e331d6d726ac00063143ad1012c5c6934946bf7d6bec4f3d8deb
20271009-0.85-4m,20271009,0.85,4,retrodiction,transition,flight,0.1526153258347809,0.036080938118527285,0.030080898855224796,0.13395850580792548,0.11687719826636438,True,,True,,7.644533051403325,4670,1.0,1.0,1.0,1.0,700d21442832d3e54acab09c4f2d6a1241a94e8ab877600990fcf3a29fc69d70,70b3325bf4f5e331d6d726ac00063143ad1012c5c6934946bf7d6bec4f3d8deb
20271009-0.85-4m,20271009,0.85,4,retrodiction,transition,outage_window,0.25669991651853136,0.032067135931201016,0.04069920948085687,0.05154527951652967,0.02909216175465917,True,,True,,8.30717339324234,1500,1.0,1.0,1.0,1.0,700d21442832d3e54acab09c4f2d6a1241a94e8ab877600990fcf3a29fc69d70,70b3325bf4f5e331d6d726ac00063143ad1012c5c6934946bf7d6bec4f3d8deb
20271009-0.85-4m,20271009,0.85,4,retrodiction,transition,after_return,0.06163345059026909,0.04499437435352209,0.02492315806893081,0.06355138464530781,0.056996504736414835,True,,True,,8.04811002004563,1970,1.0,1.0,1.0,1.0,700d21442832d3e54acab09c4f2d6a1241a94e8ab877600990fcf3a29fc69d70,70b3325bf4f5e331d6d726ac00063143ad1012c5c6934946bf7d6bec4f3d8deb
20271009-0.85-4m,20271009,0.85,4,horizon_joint,transition,flight,0.1574557185971232,0.029098016497654734,0.026489204316105793,0.09418406495070655,0.07858918055589689,True,,True,,6.763903193021227,4670,1.0,1.0,1.0,1.0,4c3906b9e7a4cea837aaaaf89c208446d1bb017c3d3b1426c9662ef08f51bb71,70b3325bf4f5e331d6d726ac00063143ad1012c5c6934946bf7d6bec4f3d8deb
20271009-0.85-4m,20271009,0.85,4,horizon_joint,transition,outage_window,0.2648960746898765,0.01873940964092425,0.03949290934953711,0.04342435363967336,0.015425642390633055,True,,True,,8.197596118313037,1500,1.0,1.0,1.0,1.0,4c3906b9e7a4cea837aaaaf89c208446d1bb017c3d3b1426c9662ef08f51bb71,70b3325bf4f5e331d6d726ac00063143ad1012c5c6934946bf7d6bec4f3d8deb
20271009-0.85-4m,20271009,0.85,4,horizon_joint,transition,after_return,0.06389373472079929,0.03970745655761769,0.016784879665522896,0.06699337570992403,0.061211814154478475,True,,True,,6.500969875529066,1970,1.0,1.0,1.0,1.0,4c3906b9e7a4cea837aaaaf89c208446d1bb017c3d3b1426c9662ef08f51bb71,70b3325bf4f5e331d6d726ac00063143ad1012c5c6934946bf7d6bec4f3d8deb
20271009-0.85-4m,20271009,0.85,4,retrodiction_joint,transition,flight,0.15233615507033657,0.03209812772518227,0.027816037993869964,0.13340479458711593,0.11683567787853288,True,,True,,7.3240195582104,4670,1.0,1.0,1.0,1.0,385d544854d30821afb366dedeeb7a1d23bc614feefe326a1930118051545b31,70b3325bf4f5e331d6d726ac00063143ad1012c5c6934946bf7d6bec4f3d8deb
20271009-0.85-4m,20271009,0.85,4,retrodiction_joint,transition,outage_window,0.25623536716074724,0.0237665183924426,0.03934900600968128,0.04569249918699554,0.026660760423793502,True,,True,,8.065812898266625,1500,1.0,1.0,1.0,1.0,385d544854d30821afb366dedeeb7a1d23bc614feefe326a1930118051545b31,70b3325bf4f5e331d6d726ac00063143ad1012c5c6934946bf7d6bec4f3d8deb
20271009-0.85-4m,20271009,0.85,4,retrodiction_joint,transition,after_return,0.061490933236377186,0.04332517671005952,0.019836658407074576,0.061123717108676916,0.05520247161860137,True,,True,,7.518757008426938,1970,1.0,1.0,1.0,1.0,385d544854d30821afb366dedeeb7a1d23bc614feefe326a1930118051545b31,70b3325bf4f5e331d6d726ac00063143ad1012c5c6934946bf7d6bec4f3d8deb
20271009-0.85-4m,20271009,0.85,4,px4,transition,flight,0.3212625100414412,0.08120236415663976,0.19585786377258682,3.4448846306765444,3.4379116543724324,True,True,True,,1551.3661618060983,4670,1.0,1.0,1.0,1.0,5a22ca3c086df2889004a466678f2cc682bfbf8cd8476b33e8274f6b4e12506d,70b3325bf4f5e331d6d726ac00063143ad1012c5c6934946bf7d6bec4f3d8deb
20271009-0.85-4m,20271009,0.85,4,px4,transition,outage_window,0.43944905043653887,0.08164210921441929,0.1972907069117599,3.566763787561779,3.56596181445801,True,True,True,,1341.3696425344456,1500,1.0,1.0,1.0,1.0,5a22ca3c086df2889004a466678f2cc682bfbf8cd8476b33e8274f6b4e12506d,70b3325bf4f5e331d6d726ac00063143ad1012c5c6934946bf7d6bec4f3d8deb
20271009-0.85-4m,20271009,0.85,4,px4,transition,after_return,0.26073760379723443,0.07823999261908769,0.18719822493077198,3.509406638886736,3.50405165578025,True,True,True,,2286.499099695921,1970,1.0,1.0,1.0,1.0,5a22ca3c086df2889004a466678f2cc682bfbf8cd8476b33e8274f6b4e12506d,70b3325bf4f5e331d6d726ac00063143ad1012c5c6934946bf7d6bec4f3d8deb
20271009-0.85-4m,20271009,0.85,4,ekf3,transition,flight,0.2490741156356183,0.06760335143169367,0.08885941668758744,0.6728946963821416,0.6603324729137182,True,True,True,,82.13638374838668,4670,1.0,1.0,1.0,1.0,612a826eddc75a728685266b39f4eb66b3cb52797bd4f93bde835b70e348b8bb,70b3325bf4f5e331d6d726ac00063143ad1012c5c6934946bf7d6bec4f3d8deb
20271009-0.85-4m,20271009,0.85,4,ekf3,transition,outage_window,0.4071837297365124,0.0849583331992807,0.13441818367216649,0.7422911232171049,0.7279032602968458,True,True,True,,79.92559354445619,1500,1.0,1.0,1.0,1.0,612a826eddc75a728685266b39f4eb66b3cb52797bd4f93bde835b70e348b8bb,70b3325bf4f5e331d6d726ac00063143ad1012c5c6934946bf7d6bec4f3d8deb
20271009-0.85-4m,20271009,0.85,4,ekf3,transition,after_return,0.13536329247979317,0.06783485391811035,0.05724692827169128,0.6114447453701446,0.6022165259905908,True,True,True,,98.46758491866821,1970,1.0,1.0,1.0,1.0,612a826eddc75a728685266b39f4eb66b3cb52797bd4f93bde835b70e348b8bb,70b3325bf4f5e331d6d726ac00063143ad1012c5c6934946bf7d6bec4f3d8deb
20271010-0.45-2m,20271010,0.45,2,horizon,gps,flight,0.03710766825436331,0.034221435453192846,0.017814966059403938,0.15916413119788078,0.14893720414717623,True,,True,,6.265778903168704,4670,1.0,1.0,1.0,1.0,7bba5ac4682e4d23021510495695f9436d8d962a6d301cd09a7249fe0ec57bfa,ff9c985bf32eb6524c490ae4147ab2f053e62dd59cf449540474e57165163b80
20271010-0.45-2m,20271010,0.45,2,horizon,gps,outage_window,0.03697723083741339,0.02764744157480989,0.01790178148955498,0.13287620185664617,0.12959151647834577,True,,True,,7.01355559553106,1500,1.0,1.0,1.0,1.0,7bba5ac4682e4d23021510495695f9436d8d962a6d301cd09a7249fe0ec57bfa,ff9c985bf32eb6524c490ae4147ab2f053e62dd59cf449540474e57165163b80
20271010-0.45-2m,20271010,0.45,2,horizon,gps,after_return,0.04397121104791136,0.043896300038707044,0.018457086393541468,0.0994302190231123,0.09162938721059737,True,,True,,6.487656127363683,1970,1.0,1.0,1.0,1.0,7bba5ac4682e4d23021510495695f9436d8d962a6d301cd09a7249fe0ec57bfa,ff9c985bf32eb6524c490ae4147ab2f053e62dd59cf449540474e57165163b80
20271010-0.45-2m,20271010,0.45,2,retrodiction,gps,flight,0.037844087048695844,0.03647019236313422,0.017507783663037152,0.13234005111768393,0.12444515345388708,True,,True,,6.442106178587977,4670,1.0,1.0,1.0,1.0,3f8ae235cf444a85e56d6818a6bdcfc361bd225b9f7ee27d102edaba02e53c89,ff9c985bf32eb6524c490ae4147ab2f053e62dd59cf449540474e57165163b80
20271010-0.45-2m,20271010,0.45,2,retrodiction,gps,outage_window,0.038373765139146775,0.027990149682168033,0.01880838487916329,0.1331282379272921,0.12812967286254115,True,,True,,7.857285069446484,1500,1.0,1.0,1.0,1.0,3f8ae235cf444a85e56d6818a6bdcfc361bd225b9f7ee27d102edaba02e53c89,ff9c985bf32eb6524c490ae4147ab2f053e62dd59cf449540474e57165163b80
20271010-0.45-2m,20271010,0.45,2,retrodiction,gps,after_return,0.0452876428266016,0.04848749364804842,0.018755708313049072,0.10160652740088934,0.09461615998535036,True,,True,,6.735106132109651,1970,1.0,1.0,1.0,1.0,3f8ae235cf444a85e56d6818a6bdcfc361bd225b9f7ee27d102edaba02e53c89,ff9c985bf32eb6524c490ae4147ab2f053e62dd59cf449540474e57165163b80
20271010-0.45-2m,20271010,0.45,2,horizon_joint,gps,flight,0.037310352430919055,0.02820145654582085,0.017215180807318174,0.15937882955365998,0.14832581544424944,True,,True,,6.763729986235773,4670,1.0,1.0,1.0,1.0,f6e17f82d57e23730d38068c8905e8bf07705af96cffd69c93c9542999bf4b1f,ff9c985bf32eb6524c490ae4147ab2f053e62dd59cf449540474e57165163b80
20271010-0.45-2m,20271010,0.45,2,horizon_joint,gps,outage_window,0.03721825858221845,0.022945143330482923,0.01671540348899305,0.13115830724927738,0.12724440151612953,True,,True,,6.9402882210091015,1500,1.0,1.0,1.0,1.0,f6e17f82d57e23730d38068c8905e8bf07705af96cffd69c93c9542999bf4b1f,ff9c985bf32eb6524c490ae4147ab2f053e62dd59cf449540474e57165163b80
20271010-0.45-2m,20271010,0.45,2,horizon_joint,gps,after_return,0.04423260821623841,0.033690810570006315,0.018114002990122578,0.10822427536026433,0.0984592700743882,True,,True,,7.3718822688245496,1970,1.0,1.0,1.0,1.0,f6e17f82d57e23730d38068c8905e8bf07705af96cffd69c93c9542999bf4b1f,ff9c985bf32eb6524c490ae4147ab2f053e62dd59cf449540474e57165163b80
20271010-0.45-2m,20271010,0.45,2,retrodiction_joint,gps,flight,0.038006954214018805,0.024557134852834048,0.01695325748847209,0.13385238501974053,0.12480406767277587,True,,True,,6.951136914302412,4670,1.0,1.0,1.0,1.0,514d0b133eae24550f99147b26ce8465af7a11ee2ac9e30135d364d82f3cc6dd,ff9c985bf32eb6524c490ae4147ab2f053e62dd59cf449540474e57165163b80
20271010-0.45-2m,20271010,0.45,2,retrodiction_joint,gps,outage_window,0.03857221782943458,0.021427150938053304,0.017719603719338974,0.13279725317219035,0.12691078465561337,True,,True,,7.8161263167514,1500,1.0,1.0,1.0,1.0,514d0b133eae24550f99147b26ce8465af7a11ee2ac9e30135d364d82f3cc6dd,ff9c985bf32eb6524c490ae4147ab2f053e62dd59cf449540474e57165163b80
20271010-0.45-2m,20271010,0.45,2,retrodiction_joint,gps,after_return,0.045484455134185094,0.0285747082293863,0.018515555666716983,0.11005570391651472,0.10095482003141239,True,,True,,7.6076315840804325,1970,1.0,1.0,1.0,1.0,514d0b133eae24550f99147b26ce8465af7a11ee2ac9e30135d364d82f3cc6dd,ff9c985bf32eb6524c490ae4147ab2f053e62dd59cf449540474e57165163b80
20271010-0.45-2m,20271010,0.45,2,px4,gps,flight,0.1225193206693377,0.026135924871790603,0.062037935562975634,2.012658607332532,1.9903621891915633,True,True,True,,313.3131212013705,4670,1.0,1.0,1.0,1.0,141aca0c0f91986933fe6455312af859d78872d75bc5cc330c4c5d85c0e075b9,ff9c985bf32eb6524c490ae4147ab2f053e62dd59cf449540474e57165163b80
20271010-0.45-2m,20271010,0.45,2,px4,gps,outage_window,0.10863398524428078,0.022001269461480327,0.06022797747880049,2.00555231079405,1.999084383052026,True,True,True,,291.54373048951925,1500,1.0,1.0,1.0,1.0,141aca0c0f91986933fe6455312af859d78872d75bc5cc330c4c5d85c0e075b9,ff9c985bf32eb6524c490ae4147ab2f053e62dd59cf449540474e57165163b80
20271010-0.45-2m,20271010,0.45,2,px4,gps,after_return,0.13498226124134405,0.02595001866416834,0.0608372910138472,1.8162166762733483,1.8150271188841407,True,True,True,,426.0259297400731,1970,1.0,1.0,1.0,1.0,141aca0c0f91986933fe6455312af859d78872d75bc5cc330c4c5d85c0e075b9,ff9c985bf32eb6524c490ae4147ab2f053e62dd59cf449540474e57165163b80
20271010-0.45-2m,20271010,0.45,2,ekf3,gps,flight,0.04462026698990334,0.057600358938400764,0.047185103324663996,0.19717444894220987,0.11853199317617596,True,True,True,,42.95694328938916,4670,1.0,1.0,1.0,1.0,44784f58c1d3c4fff2640f881a5e55fffc4f45e3a7fa050a7eff7c2dee9db2ba,ff9c985bf32eb6524c490ae4147ab2f053e62dd59cf449540474e57165163b80
20271010-0.45-2m,20271010,0.45,2,ekf3,gps,outage_window,0.044492274406773495,0.05369603920836868,0.055216967115861944,0.13846556633046372,0.03466790698284693,True,True,True,,41.724157938642925,1500,1.0,1.0,1.0,1.0,44784f58c1d3c4fff2640f881a5e55fffc4f45e3a7fa050a7eff7c2dee9db2ba,ff9c985bf32eb6524c490ae4147ab2f053e62dd59cf449540474e57165163b80
20271010-0.45-2m,20271010,0.45,2,ekf3,gps,after_return,0.05200996926571284,0.0671744032106018,0.04423453710061088,0.19701252095801286,0.08323559789047429,True,True,True,,45.221400168869486,1970,1.0,1.0,1.0,1.0,44784f58c1d3c4fff2640f881a5e55fffc4f45e3a7fa050a7eff7c2dee9db2ba,ff9c985bf32eb6524c490ae4147ab2f053e62dd59cf449540474e57165163b80
20271010-0.45-2m,20271010,0.45,2,horizon,denied,flight,0.2766722273656905,0.03775271659885061,0.03252502048363995,0.2798510929307278,0.2677457752014973,True,,True,,5.856625924918522,4670,1.0,1.0,1.0,1.0,e470c5d9d1e80c0ecd65270d072e3111d3a03d24c70f2816830365588d8ff52c,b44db1470e2c01d137d8c0281a9f597a8340e016d6c43864ead55f3f7e0b8da6
20271010-0.45-2m,20271010,0.45,2,horizon,denied,outage_window,0.11304697859714705,0.0278539325101892,0.025945044809639436,0.2833098556500735,0.2794916217080802,True,,True,,5.531888199605181,1500,1.0,1.0,1.0,1.0,e470c5d9d1e80c0ecd65270d072e3111d3a03d24c70f2816830365588d8ff52c,b44db1470e2c01d137d8c0281a9f597a8340e016d6c43864ead55f3f7e0b8da6
20271010-0.45-2m,20271010,0.45,2,horizon,denied,after_return,0.4091610300640091,0.04602996387813079,0.03978374875720604,0.17370144747305077,0.16697025036002683,True,,True,,7.512150598663044,1970,1.0,1.0,1.0,1.0,e470c5d9d1e80c0ecd65270d072e3111d3a03d24c70f2816830365588d8ff52c,b44db1470e2c01d137d8c0281a9f597a8340e016d6c43864ead55f3f7e0b8da6
20271010-0.45-2m,20271010,0.45,2,retrodiction,denied,flight,0.28897646714418446,0.04011172894502509,0.03193171468699984,0.27341040860533505,0.2629860081333166,True,,True,,5.837186249308731,4670,1.0,1.0,1.0,1.0,6b5e784aeb3263d24dbc598987e1d473bdf97dbb550e6ee07452c1a1eaf86637,b44db1470e2c01d137d8c0281a9f597a8340e016d6c43864ead55f3f7e0b8da6
20271010-0.45-2m,20271010,0.45,2,retrodiction,denied,outage_window,0.1183607206880582,0.028014400008852212,0.025796921152757488,0.2852127443676052,0.2815892250863653,True,,True,,5.53745774955971,1500,1.0,1.0,1.0,1.0,6b5e784aeb3263d24dbc598987e1d473bdf97dbb550e6ee07452c1a1eaf86637,b44db1470e2c01d137d8c0281a9f597a8340e016d6c43864ead55f3f7e0b8da6
20271010-0.45-2m,20271010,0.45,2,retrodiction,denied,after_return,0.42610448265297174,0.05071117273934952,0.039218088119432844,0.17279850816504905,0.16640206874318184,True,,True,,7.51055589525949,1970,1.0,1.0,1.0,1.0,6b5e784aeb3263d24dbc598987e1d473bdf97dbb550e6ee07452c1a1eaf86637,b44db1470e2c01d137d8c0281a9f597a8340e016d6c43864ead55f3f7e0b8da6
20271010-0.45-2m,20271010,0.45,2,horizon_joint,denied,flight,0.2646572676696781,0.03262444171673657,0.0334848149030605,0.3168156455671845,0.3046387930036267,True,,True,,6.31709615784427,4670,1.0,1.0,1.0,1.0,1cdb068b31fe193538637ff7847aeba65d593f69d809fe925e5a9fcf5c5dea16,b44db1470e2c01d137d8c0281a9f597a8340e016d6c43864ead55f3f7e0b8da6
20271010-0.45-2m,20271010,0.45,2,horizon_joint,denied,outage_window,0.11419985705658663,0.026979258881160116,0.027710660212565984,0.29292631171585193,0.28857541312218843,True,,True,,5.865246585645247,1500,1.0,1.0,1.0,1.0,1cdb068b31fe193538637ff7847aeba65d593f69d809fe925e5a9fcf5c5dea16,b44db1470e2c01d137d8c0281a9f597a8340e016d6c43864ead55f3f7e0b8da6
20271010-0.45-2m,20271010,0.45,2,horizon_joint,denied,after_return,0.3892429728275946,0.03667010868810931,0.0408554094238674,0.28274693322610844,0.27533857967936415,True,,True,,8.422451484812264,1970,1.0,1.0,1.0,1.0,1cdb068b31fe193538637ff7847aeba65d593f69d809fe925e5a9fcf5c5dea16,b44db1470e2c01d137d8c0281a9f597a8340e016d6c43864ead55f3f7e0b8da6
20271010-0.45-2m,20271010,0.45,2,retrodiction_joint,denied,flight,0.2784287476590871,0.03466882796863335,0.03275665624338479,0.31235419878164333,0.30154413584264855,True,,True,,6.30548129798197,4670,1.0,1.0,1.0,1.0,459c2ebbf95ebac2cb13f1c07699a2a837f26d59415f4210e2699dec2fdd45ee,b44db1470e2c01d137d8c0281a9f597a8340e016d6c43864ead55f3f7e0b8da6
20271010-0.45-2m,20271010,0.45,2,retrodiction_joint,denied,outage_window,0.12278920498416268,0.02758079664983559,0.027711254794588688,0.2958199608452059,0.2916653896694776,True,,True,,5.8724278320267596,1500,1.0,1.0,1.0,1.0,459c2ebbf95ebac2cb13f1c07699a2a837f26d59415f4210e2699dec2fdd45ee,b44db1470e2c01d137d8c0281a9f597a8340e016d6c43864ead55f3f7e0b8da6
20271010-0.45-2m,20271010,0.45,2,retrodiction_joint,denied,after_return,0.4074835194797242,0.04072288332650144,0.03990327220608359,0.2825607365099622,0.27519696371718333,True,,True,,8.437941889408446,1970,1.0,1.0,1.0,1.0,459c2ebbf95ebac2cb13f1c07699a2a837f26d59415f4210e2699dec2fdd45ee,b44db1470e2c01d137d8c0281a9f597a8340e016d6c43864ead55f3f7e0b8da6
20271010-0.45-2m,20271010,0.45,2,px4,denied,flight,0.25730253704154565,0.03230522486196462,0.0493968845400189,1.2432974041415323,1.2241821851820576,True,True,True,,20.066712187895394,4670,1.0,1.0,1.0,1.0,ccec92c2dc4fcd623ba738c9233583ca1812e3645e03410132d3458a868cc4e7,b44db1470e2c01d137d8c0281a9f597a8340e016d6c43864ead55f3f7e0b8da6
20271010-0.45-2m,20271010,0.45,2,px4,denied,outage_window,0.13847643013758562,0.024856948311790007,0.04805709160686284,1.4107646523637756,1.408357909534812,True,True,True,,13.472691252844387,1500,1.0,1.0,1.0,1.0,ccec92c2dc4fcd623ba738c9233583ca1812e3645e03410132d3458a868cc4e7,b44db1470e2c01d137d8c0281a9f597a8340e016d6c43864ead55f3f7e0b8da6
20271010-0.45-2m,20271010,0.45,2,px4,denied,after_return,0.34171141371324687,0.0329840890454088,0.04602830880865482,0.7794326326278397,0.7784603694413041,True,True,True,,16.48967732628549,1970,1.0,1.0,1.0,1.0,ccec92c2dc4fcd623ba738c9233583ca1812e3645e03410132d3458a868cc4e7,b44db1470e2c01d137d8c0281a9f597a8340e016d6c43864ead55f3f7e0b8da6
20271010-0.45-2m,20271010,0.45,2,ekf3,denied,flight,0.23084262321687582,0.07449109849128027,0.10967642536352605,0.23547683719392778,0.1523992131710481,True,True,True,,46.74894599458673,4670,1.0,1.0,1.0,1.0,c2113dbabb712d1d0c7df19af9ec2c6532ba8dd43a91dd1a119e7c8e100a2a2e,b44db1470e2c01d137d8c0281a9f597a8340e016d6c43864ead55f3f7e0b8da6
20271010-0.45-2m,20271010,0.45,2,ekf3,denied,outage_window,0.12037034860734136,0.07797035445176155,0.10421055838738177,0.17580369170802373,0.03909298518099491,True,True,True,,42.77293538543011,1500,1.0,1.0,1.0,1.0,c2113dbabb712d1d0c7df19af9ec2c6532ba8dd43a91dd1a119e7c8e100a2a2e,b44db1470e2c01d137d8c0281a9f597a8340e016d6c43864ead55f3f7e0b8da6
20271010-0.45-2m,20271010,0.45,2,ekf3,denied,after_return,0.32704015304138356,0.07827497428287518,0.09982790996596738,0.2636124510365879,0.17443884613287575,True,True,True,,52.045629434598716,1970,1.0,1.0,1.0,1.0,c2113dbabb712d1d0c7df19af9ec2c6532ba8dd43a91dd1a119e7c8e100a2a2e,b44db1470e2c01d137d8c0281a9f597a8340e016d6c43864ead55f3f7e0b8da6
20271010-0.45-2m,20271010,0.45,2,horizon,transition,flight,0.07749572264529414,0.034132638551591106,0.02406041897866469,0.15959502528192915,0.14959190785838106,True,,True,,5.793964932601886,4670,1.0,1.0,1.0,1.0,d9588f40ba3627ec7647444c914d8782742e7c6e97dc9dc0ec30543efca0d369,0462b1fcdc467888734921eb04a416a2a199dbc8b89b3a65abeef8fe84756546
20271010-0.45-2m,20271010,0.45,2,horizon,transition,outage_window,0.11613850279550293,0.026737075110170573,0.031578920409388235,0.15459481759943278,0.1519274541873308,True,,True,,5.539152852901251,1500,1.0,1.0,1.0,1.0,d9588f40ba3627ec7647444c914d8782742e7c6e97dc9dc0ec30543efca0d369,0462b1fcdc467888734921eb04a416a2a199dbc8b89b3a65abeef8fe84756546
20271010-0.45-2m,20271010,0.45,2,horizon,transition,after_return,0.06063653772520664,0.044161007605702594,0.02110314393198434,0.07387864979271418,0.0638079617385118,True,,True,,6.491835249900574,1970,1.0,1.0,1.0,1.0,d9588f40ba3627ec7647444c914d8782742e7c6e97dc9dc0ec30543efca0d369,0462b1fcdc467888734921eb04a416a2a199dbc8b89b3a65abeef8fe84756546
20271010-0.45-2m,20271010,0.45,2,retrodiction,transition,flight,0.07486800101751302,0.03623704030072476,0.021660637347730615,0.11847444314586768,0.11121715779762689,True,,True,,5.4624231824363,4670,1.0,1.0,1.0,1.0,09a8a9820a69c27070bf113c5006b5f5955337c527264d9c11a9b926ece8dff0,0462b1fcdc467888734921eb04a416a2a199dbc8b89b3a65abeef8fe84756546
20271010-0.45-2m,20271010,0.45,2,retrodiction,transition,outage_window,0.10992706567569971,0.026912859309211754,0.0275614742150668,0.11251962754798292,0.11003611766619223,True,,True,,4.919568975578469,1500,1.0,1.0,1.0,1.0,09a8a9820a69c27070bf113c5006b5f5955337c527264d9c11a9b926ece8dff0,0462b1fcdc467888734921eb04a416a2a199dbc8b89b3a65abeef8fe84756546
20271010-0.45-2m,20271010,0.45,2,retrodiction,transition,after_return,0.06215830606792842,0.04853748143640748,0.020696086851380906,0.07703552544936386,0.06959560420625006,True,,True,,6.649550065497311,1970,1.0,1.0,1.0,1.0,09a8a9820a69c27070bf113c5006b5f5955337c527264d9c11a9b926ece8dff0,0462b1fcdc467888734921eb04a416a2a199dbc8b89b3a65abeef8fe84756546
20271010-0.45-2m,20271010,0.45,2,horizon_joint,transition,flight,0.07683122594559616,0.030604029332985845,0.024037434535497556,0.15999494892150443,0.1490410008611872,True,,True,,6.272078044380917,4670,1.0,1.0,1.0,1.0,9081b8b88f9d959c7d2c1c2c45996ad005337fd3a1bcb582414dbc08f3727475,0462b1fcdc467888734921eb04a416a2a199dbc8b89b3a65abeef8fe84756546
20271010-0.45-2m,20271010,0.45,2,horizon_joint,transition,outage_window,0.11462294480599458,0.02963575600452476,0.03194500438995535,0.1519848106694319,0.14853269015067586,True,,True,,5.928123335955004,1500,1.0,1.0,1.0,1.0,9081b8b88f9d959c7d2c1c2c45996ad005337fd3a1bcb582414dbc08f3727475,0462b1fcdc467888734921eb04a416a2a199dbc8b89b3a65abeef8fe84756546
20271010-0.45-2m,20271010,0.45,2,horizon_joint,transition,after_return,0.060835023609071,0.03467170245464371,0.020760637725780854,0.08768661909286475,0.07568494529070913,True,,True,,6.977076562793568,1970,1.0,1.0,1.0,1.0,9081b8b88f9d959c7d2c1c2c45996ad005337fd3a1bcb582414dbc08f3727475,0462b1fcdc467888734921eb04a416a2a199dbc8b89b3a65abeef8fe84756546
20271010-0.45-2m,20271010,0.45,2,retrodiction_joint,transition,flight,0.07446802961656776,0.026208430303137187,0.021897839283554862,0.12067074744564588,0.11208373409716874,True,,True,,5.910328492610084,4670,1.0,1.0,1.0,1.0,89435234c66432445f9797b344592276f373475d6143ebf2bc3ad2fe98cb0a0c,0462b1fcdc467888734921eb04a416a2a199dbc8b89b3a65abeef8fe84756546
20271010-0.45-2m,20271010,0.45,2,retrodiction_joint,transition,outage_window,0.10904547832920006,0.027145953629250867,0.028539682939251968,0.11677469197499642,0.11290042606790258,True,,True,,5.312593602371997,1500,1.0,1.0,1.0,1.0,89435234c66432445f9797b344592276f373475d6143ebf2bc3ad2fe98cb0a0c,0462b1fcdc467888734921eb04a416a2a199dbc8b89b3a65abeef8fe84756546
20271010-0.45-2m,20271010,0.45,2,retrodiction_joint,transition,after_return,0.06220334110593566,0.028350092543501553,0.020423081378068173,0.08487471465862233,0.07487954356843494,True,,True,,7.046577646144356,1970,1.0,1.0,1.0,1.0,89435234c66432445f9797b344592276f373475d6143ebf2bc3ad2fe98cb0a0c,0462b1fcdc467888734921eb04a416a2a199dbc8b89b3a65abeef8fe84756546
20271010-0.45-2m,20271010,0.45,2,px4,transition,flight,0.1298637283602275,0.026975214622711643,0.06443249468220502,2.130809721268062,2.109463171829,True,True,True,,234.66378044894776,4670,1.0,1.0,1.0,1.0,c7dcbe6c0e041bf17af5f8a06cd281a33c00890ae51a4715a2cba63254c0e354,0462b1fcdc467888734921eb04a416a2a199dbc8b89b3a65abeef8fe84756546
20271010-0.45-2m,20271010,0.45,2,px4,transition,outage_window,0.14304204671104467,0.017533461063777463,0.06114438249488657,2.1228671295103654,2.11682570771587,True,True,True,,221.00984200400126,1500,1.0,1.0,1.0,1.0,c7dcbe6c0e041bf17af5f8a06cd281a33c00890ae51a4715a2cba63254c0e354,0462b1fcdc467888734921eb04a416a2a199dbc8b89b3a65abeef8fe84756546
20271010-0.45-2m,20271010,0.45,2,px4,transition,after_return,0.12657258409559652,0.03022524116171167,0.0658360693852368,2.0224706311267515,2.0206079778070776,True,True,True,,293.27426226522437,1970,1.0,1.0,1.0,1.0,c7dcbe6c0e041bf17af5f8a06cd281a33c00890ae51a4715a2cba63254c0e354,0462b1fcdc467888734921eb04a416a2a199dbc8b89b3a65abeef8fe84756546
20271010-0.45-2m,20271010,0.45,2,ekf3,transition,flight,0.08821927400556187,0.0589306843101175,0.0663403960776449,0.171061650838503,0.11323955615381297,True,True,True,,42.36070186287445,4670,1.0,1.0,1.0,1.0,88b5d18771a0583f24760457924d2a2c21046fc8673bad218b40597915741301,0462b1fcdc467888734921eb04a416a2a199dbc8b89b3a65abeef8fe84756546
20271010-0.45-2m,20271010,0.45,2,ekf3,transition,outage_window,0.12555172143565207,0.062125230837934656,0.09137525627739873,0.1365221581343322,0.030103491462560316,True,True,True,,41.59014200577213,1500,1.0,1.0,1.0,1.0,88b5d18771a0583f24760457924d2a2c21046fc8673bad218b40597915741301,0462b1fcdc467888734921eb04a416a2a199dbc8b89b3a65abeef8fe84756546
20271010-0.45-2m,20271010,0.45,2,ekf3,transition,after_return,0.077067189689083,0.0643158938997339,0.05546000486576927,0.12816523877636796,0.06515720264184421,True,True,True,,43.91001764982506,1970,1.0,1.0,1.0,1.0,88b5d18771a0583f24760457924d2a2c21046fc8673bad218b40597915741301,0462b1fcdc467888734921eb04a416a2a199dbc8b89b3a65abeef8fe84756546
20271010-0.45-4m,20271010,0.45,4,horizon,gps,flight,0.03731074852606534,0.03424413811215859,0.018424540258772496,0.1673370092071631,0.1571127349573242,True,,True,,6.370278262592721,4670,1.0,1.0,1.0,1.0,84fd477e0d791a5c762d34f63766bb86452e8218a2e6a12eb4d9d11885d7169a,ff9c985bf32eb6524c490ae4147ab2f053e62dd59cf449540474e57165163b80
20271010-0.45-4m,20271010,0.45,4,horizon,gps,outage_window,0.037948476083115766,0.027568086319289788,0.018543943688155293,0.13562675777182712,0.13253441977382693,True,,True,,7.162023789835573,1500,1.0,1.0,1.0,1.0,84fd477e0d791a5c762d34f63766bb86452e8218a2e6a12eb4d9d11885d7169a,ff9c985bf32eb6524c490ae4147ab2f053e62dd59cf449540474e57165163b80
20271010-0.45-4m,20271010,0.45,4,horizon,gps,after_return,0.04365724265498027,0.043962591435814116,0.019220461315025868,0.10475963989732294,0.09667955885934987,True,,True,,6.561466640830548,1970,1.0,1.0,1.0,1.0,84fd477e0d791a5c762d34f63766bb86452e8218a2e6a12eb4d9d11885d7169a,ff9c985bf32eb6524c490ae4147ab2f053e62dd59cf449540474e57165163b80
20271010-0.45-4m,20271010,0.45,4,retrodiction,gps,flight,0.03809204381220005,0.03647309485319685,0.018105561585190146,0.14905632217494422,0.14026864728994268,True,,True,,6.532180407744339,4670,1.0,1.0,1.0,1.0,de4df80d52514f84d1112b0b637158d649c6bce3e6d81f798f60a558387dbca5,ff9c985bf32eb6524c490ae4147ab2f053e62dd59cf449540474e57165163b80
20271010-0.45-4m,20271010,0.45,4,retrodiction,gps,outage_window,0.03938473914085619,0.027950723901566547,0.01942896397004853,0.13530252782687519,0.13087651094632885,True,,True,,7.9879754187561325,1500,1.0,1.0,1.0,1.0,de4df80d52514f84d1112b0b637158d649c6bce3e6d81f798f60a558387dbca5,ff9c985bf32eb6524c490ae4147ab2f053e62dd59cf449540474e57165163b80
20271010-0.45-4m,20271010,0.45,4,retrodiction,gps,after_return,0.04509866295858349,0.04850930750555604,0.0195869395030769,0.10741438052790235,0.10013614337082638,True,,True,,6.827949719049108,1970,1.0,1.0,1.0,1.0,de4df80d52514f84d1112b0b637158d649c6bce3e6d81f798f60a558387dbca5,ff9c985bf32eb6524c490ae4147ab2f053e62dd59cf449540474e57165163b80
20271010-0.45-4m,20271010,0.45,4,horizon_joint,gps,flight,0.0375367958079234,0.028250983950677325,0.017827495024439075,0.16684210975142677,0.15593213156440744,True,,True,,6.882976850061513,4670,1.0,1.0,1.0,1.0,8b766e9a6f9c9de141993b2d9ecf6dbdc584dd05581ec3248928208ced81c029,ff9c985bf32eb6524c490ae4147ab2f053e62dd59cf449540474e57165163b80
20271010-0.45-4m,20271010,0.45,4,horizon_joint,gps,outage_window,0.03818591346746845,0.02271221013065551,0.017370519665157437,0.13329933828103796,0.12975837335398402,True,,True,,7.075170004486578,1500,1.0,1.0,1.0,1.0,8b766e9a6f9c9de141993b2d9ecf6dbdc584dd05581ec3248928208ced81c029,ff9c985bf32eb6524c490ae4147ab2f053e62dd59cf449540474e57165163b80
20271010-0.45-4m,20271010,0.45,4,horizon_joint,gps,after_return,0.043968712644268444,0.033783301919944934,0.018852186385280603,0.11363815175101308,0.10357146512596936,True,,True,,7.503032550905779,1970,1.0,1.0,1.0,1.0,8b766e9a6f9c9de141993b2d9ecf6dbdc584dd05581ec3248928208ced81c029,ff9c985bf32eb6524c490ae4147ab2f053e62dd59cf449540474e57165163b80
20271010-0.45-4m,20271010,0.45,4,retrodiction_joint,gps,flight,0.03828199012232862,0.02467650124261296,0.017557935764318543,0.14978772411720992,0.14004631407464374,True,,True,,7.058321450118558,4670,1.0,1.0,1.0,1.0,c10ae327e2745623f6878c5f100aaf051011dea072b294aa8266501a6915bcc5,ff9c985bf32eb6524c490ae4147ab2f053e62dd59cf449540474e57165163b80
20271010-0.45-4m,20271010,0.45,4,retrodiction_joint,gps,outage_window,0.03958285462721229,0.021294106068736683,0.018355899530486018,0.13452401083268964,0.12930965135774963,True,,True,,7.9385630849787825,1500,1.0,1.0,1.0,1.0,c10ae327e2745623f6878c5f100aaf051011dea072b294aa8266501a6915bcc5,ff9c985bf32eb6524c490ae4147ab2f053e62dd59cf449540474e57165163b80
20271010-0.45-4m,20271010,0.45,4,retrodiction_joint,gps,after_return,0.04534723832312986,0.028811261058299488,0.019319674710880266,0.11592713533373293,0.10651816423969016,True,,True,,7.75865579340589,1970,1.0,1.0,1.0,1.0,c10ae327e2745623f6878c5f100aaf051011dea072b294aa8266501a6915bcc5,ff9c985bf32eb6524c490ae4147ab2f053e62dd59cf449540474e57165163b80
20271010-0.45-4m,20271010,0.45,4,px4,gps,flight,0.1256248755133043,0.05435622662416315,0.07308846328275599,1.8917279995568053,1.8774668222611888,True,True,True,,256.72465237195064,4670,1.0,1.0,1.0,1.0,09d365158a8ae4d513dc82351c1665e42a7c5dd3e6f2dfdb7f5e26d5f0871fd0,ff9c985bf32eb6524c490ae4147ab2f053e62dd59cf449540474e57165163b80
20271010-0.45-4m,20271010,0.45,4,px4,gps,outage_window,0.11220721918871886,0.04721132842845208,0.05967308295411657,1.8906033953039236,1.8861274136875599,True,True,True,,216.81204278203597,1500,1.0,1.0,1.0,1.0,09d365158a8ae4d513dc82351c1665e42a7c5dd3e6f2dfdb7f5e26d5f0871fd0,ff9c985bf32eb6524c490ae4147ab2f053e62dd59cf449540474e57165163b80
20271010-0.45-4m,20271010,0.45,4,px4,gps,after_return,0.13637274002408384,0.04037964776960618,0.06179176444454476,1.763356073010589,1.7618857241513401,True,True,True,,371.03425716450823,1970,1.0,1.0,1.0,1.0,09d365158a8ae4d513dc82351c1665e42a7c5dd3e6f2dfdb7f5e26d5f0871fd0,ff9c985bf32eb6524c490ae4147ab2f053e62dd59cf449540474e57165163b80
20271010-0.45-4m,20271010,0.45,4,ekf3,gps,flight,0.0479563108094192,0.05662804173592663,0.04864174444798083,0.2950203185443139,0.245141106500844,True,True,True,,40.832719131929046,4670,1.0,1.0,1.0,1.0,1f8ac26d369c3b16ef5877314a0425a5e4bcaacbc619d60d6bd54bf925c3ffe7,ff9c985bf32eb6524c490ae4147ab2f053e62dd59cf449540474e57165163b80
20271010-0.45-4m,20271010,0.45,4,ekf3,gps,outage_window,0.05486301226026344,0.05368653201688483,0.05778344818750658,0.19165942830169938,0.1149058990353087,True,True,True,,39.24371523332476,1500,1.0,1.0,1.0,1.0,1f8ac26d369c3b16ef5877314a0425a5e4bcaacbc619d60d6bd54bf925c3ffe7,ff9c985bf32eb6524c490ae4147ab2f053e62dd59cf449540474e57165163b80
20271010-0.45-4m,20271010,0.45,4,ekf3,gps,after_return,0.05045403584894794,0.06705162693870227,0.04381487274701322,0.20446366640596061,0.12099965415824296,True,True,True,,46.02644733327026,1970,1.0,1.0,1.0,1.0,1f8ac26d369c3b16ef5877314a0425a5e4bcaacbc619d60d6bd54bf925c3ffe7,ff9c985bf32eb6524c490ae4147ab2f053e62dd59cf449540474e57165163b80
20271010-0.45-4m,20271010,0.45,4,horizon,denied,flight,0.4168520901449793,0.03791811163543541,0.04875243147857515,0.29253532065833965,0.28075298174639973,True,,True,,6.035976315852139,4670,1.0,1.0,1.0,1.0,1b73a65c7a29189be25a99a2cc2016c40b28046335ccf8400878976c045f9ae5,b44db1470e2c01d137d8c0281a9f597a8340e016d6c43864ead55f3f7e0b8da6
20271010-0.45-4m,20271010,0.45,4,horizon,denied,outage_window,0.22007017785641977,0.027677401726339486,0.034466113670444325,0.2968393712558714,0.2933961896404488,True,,True,,5.457777000320568,1500,1.0,1.0,1.0,1.0,1b73a65c7a29189be25a99a2cc2016c40b28046335ccf8400878976c045f9ae5,b44db1470e2c01d137d8c0281a9f597a8340e016d6c43864ead55f3f7e0b8da6
20271010-0.45-4m,20271010,0.45,4,horizon,denied,after_return,0.6081454237218875,0.04620691336673764,0.06410656976944366,0.19505221166203437,0.18712396316509683,True,,True,,8.059245273646463,1970,1.0,1.0,1.0,1.0,1b73a65c7a29189be25a99a2cc2016c40b28046335ccf8400878976c045f9ae5,b44db1470e2c01d137d8c0281a9f597a8340e016d6c43864ead55f3f7e0b8da6
20271010-0.45-4m,20271010,0.45,4,retrodiction,denied,flight,0.418610342691766,0.04028793932225373,0.048152574132550724,0.2856960320513421,0.27617095469829256,True,,True,,5.9941423419196935,4670,1.0,1.0,1.0,1.0,8f688207f673d3046f5fd43dbdcef3d5752ff98257a4edb4eceb412e1b36c8b5,b44db1470e2c01d137d8c0281a9f597a8340e016d6c43864ead55f3f7e0b8da6
20271010-0.45-4m,20271010,0.45,4,retrodiction,denied,outage_window,0.2007491714680988,0.027986618538909446,0.034736272241357474,0.30158696367291477,0.2985090012751301,True,,True,,5.4359938133615175,1500,1.0,1.0,1.0,1.0,8f688207f673d3046f5fd43dbdcef3d5752ff98257a4edb4eceb412e1b36c8b5,b44db1470e2c01d137d8c0281a9f597a8340e016d6c43864ead55f3f7e0b8da6
20271010-0.45-4m,20271010,0.45,4,retrodiction,denied,after_return,0.6158044844471195,0.050844765195825564,0.06336207412981819,0.19545855694447256,0.18785520784730253,True,,True,,8.02609734989492,1970,1.0,1.0,1.0,1.0,8f688207f673d3046f5fd43dbdcef3d5752ff98257a4edb4eceb412e1b36c8b5,b44db1470e2c01d137d8c0281a9f597a8340e016d6c43864ead55f3f7e0b8da6
20271010-0.45-4m,20271010,0.45,4,horizon_joint,denied,flight,0.3936199652356247,0.0343213842111752,0.05088108215883548,0.3405953036341003,0.32751562626427927,True,,True,,6.689377848818078,4670,1.0,1.0,1.0,1.0,8f3464e4fc4083bf21992ba24fe7b2725b9975428cca5f1e594e31f0096e8830,b44db1470e2c01d137d8c0281a9f597a8340e016d6c43864ead55f3f7e0b8da6
20271010-0.45-4m,20271010,0.45,4,horizon_joint,denied,outage_window,0.21310732881736205,0.0267315255144099,0.03714560551760086,0.30711469383683515,0.30302201628023606,True,,True,,5.808761416383602,1500,1.0,1.0,1.0,1.0,8f3464e4fc4083bf21992ba24fe7b2725b9975428cca5f1e594e31f0096e8830,b44db1470e2c01d137d8c0281a9f597a8340e016d6c43864ead55f3f7e0b8da6
20271010-0.45-4m,20271010,0.45,4,horizon_joint,denied,after_return,0.5721027411211465,0.0400504766555763,0.0669188713493137,0.3273654463564515,0.316041097146774,True,,True,,9.4153237240747,1970,1.0,1.0,1.0,1.0,8f3464e4fc4083bf21992ba24fe7b2725b9975428cca5f1e594e31f0096e8830,b44db1470e2c01d137d8c0281a9f597a8340e016d6c43864ead55f3f7e0b8da6
20271010-0.45-4m,20271010,0.45,4,retrodiction_joint,denied,flight,0.3897242823892075,0.03462396112273627,0.04963326266799725,0.3372614815663622,0.32587556369579607,True,,True,,6.633106766867705,4670,1.0,1.0,1.0,1.0,c9fa8d8959468f0a170ca0688d2f76f417c62c58765cbbb9694e5afe0e5bb9b9,b44db1470e2c01d137d8c0281a9f597a8340e016d6c43864ead55f3f7e0b8da6
20271010-0.45-4m,20271010,0.45,4,retrodiction_joint,denied,outage_window,0.19275292554929566,0.027387607264716056,0.03748399595807624,0.3117151880746758,0.30793543196940015,True,,True,,5.788864137995622,1500,1.0,1.0,1.0,1.0,c9fa8d8959468f0a170ca0688d2f76f417c62c58765cbbb9694e5afe0e5bb9b9,b44db1470e2c01d137d8c0281a9f597a8340e016d6c43864ead55f3f7e0b8da6
20271010-0.45-4m,20271010,0.45,4,retrodiction_joint,denied,after_return,0.5709150450504613,0.04048714578407446,0.06493802826832219,0.33199872970467076,0.3205038997512688,True,,True,,9.347204454209862,1970,1.0,1.0,1.0,1.0,c9fa8d8959468f0a170ca0688d2f76f417c62c58765cbbb9694e5afe0e5bb9b9,b44db1470e2c01d137d8c0281a9f597a8340e016d6c43864ead55f3f7e0b8da6
20271010-0.45-4m,20271010,0.45,4,px4,denied,flight,0.42400279133051083,0.060302631711422666,0.05960300952791592,1.2021033257390399,1.1833508949975846,True,True,True,,26.3823799055952,4670,1.0,1.0,1.0,1.0,b5eb53a955b77af74f60e275ed52d4dd739ae53f6096c53ddd7a6d8a2b362faf,b44db1470e2c01d137d8c0281a9f597a8340e016d6c43864ead55f3f7e0b8da6
20271010-0.45-4m,20271010,0.45,4,px4,denied,outage_window,0.25207203366517195,0.0593429789655019,0.049990730749480274,1.26339656466076,1.2607379149439903,True,True,True,,20.48442384758522,1500,1.0,1.0,1.0,1.0,b5eb53a955b77af74f60e275ed52d4dd739ae53f6096c53ddd7a6d8a2b362faf,b44db1470e2c01d137d8c0281a9f597a8340e016d6c43864ead55f3f7e0b8da6
20271010-0.45-4m,20271010,0.45,4,px4,denied,after_return,0.5934745135137387,0.05154838127191233,0.07121858332413249,0.9839887353724847,0.9828748746365517,True,True,True,,17.323880141512536,1970,1.0,1.0,1.0,1.0,b5eb53a955b77af74f60e275ed52d4dd739ae53f6096c53ddd7a6d8a2b362faf,b44db1470e2c01d137d8c0281a9f597a8340e016d6c43864ead55f3f7e0b8da6
20271010-0.45-4m,20271010,0.45,4,ekf3,denied,flight,0.398468698527563,0.07746657199855206,0.1415609274387916,0.6900346894027509,0.667124322236055,True,True,True,,40.24273886767629,4670,1.0,1.0,1.0,1.0,d07abbb22f7db3a36b4e09b11bc46dddeddc1b96b6975193f6f57fe8296ae135,b44db1470e2c01d137d8c0281a9f597a8340e016d6c43864ead55f3f7e0b8da6
20271010-0.45-4m,20271010,0.45,4,ekf3,denied,outage_window,0.21142937260237207,0.08047592389445844,0.13817940254863498,0.8885202028480517,0.8704752613350616,True,True,True,,33.89662680504605,1500,1.0,1.0,1.0,1.0,d07abbb22f7db3a36b4e09b11bc46dddeddc1b96b6975193f6f57fe8296ae135,b44db1470e2c01d137d8c0281a9f597a8340e016d6c43864ead55f3f7e0b8da6
20271010-0.45-4m,20271010,0.45,4,ekf3,denied,after_return,0.5575874949054107,0.0822375688536843,0.14503151820093807,0.3786998572149331,0.33016837476533833,True,True,True,,50.99148172555072,1970,1.0,1.0,1.0,1.0,d07abbb22f7db3a36b4e09b11bc46dddeddc1b96b6975193f6f57fe8296ae135,b44db1470e2c01d137d8c0281a9f597a8340e016d6c43864ead55f3f7e0b8da6
20271010-0.45-4m,20271010,0.45,4,horizon,transition,flight,0.10897509015912586,0.03409638433165673,0.028157223375941606,0.17757453144243793,0.16708778253873677,True,,True,,6.055774813995508,4670,1.0,1.0,1.0,1.0,7bb825d41fbb501617f491eb0183abcccad2d361e0fc6f900d9af9359dd816d9,0462b1fcdc467888734921eb04a416a2a199dbc8b89b3a65abeef8fe84756546
20271010-0.45-4m,20271010,0.45,4,horizon,transition,outage_window,0.17588664238336124,0.02640026475740166,0.03926243723205984,0.1849370688391428,0.1803714715160359,True,,True,,6.140271941850187,1500,1.0,1.0,1.0,1.0,7bb825d41fbb501617f491eb0183abcccad2d361e0fc6f900d9af9359dd816d9,0462b1fcdc467888734921eb04a416a2a199dbc8b89b3a65abeef8fe84756546
20271010-0.45-4m,20271010,0.45,4,horizon,transition,after_return,0.0655648575788552,0.044235296445661494,0.02307013011880448,0.08549416996673798,0.07493858370982281,True,,True,,6.593901497190497,1970,1.0,1.0,1.0,1.0,7bb825d41fbb501617f491eb0183abcccad2d361e0fc6f900d9af9359dd816d9,0462b1fcdc467888734921eb04a416a2a199dbc8b89b3a65abeef8fe84756546
20271010-0.45-4m,20271010,0.45,4,retrodiction,transition,flight,0.10116210093412462,0.03621657731219292,0.025245068788720855,0.14362224228858642,0.13534034188039215,True,,True,,5.596294150473258,4670,1.0,1.0,1.0,1.0,143940f95bdce3983559fa3c823042b74ba4921710a6893c9f9e8453509e9a50,0462b1fcdc467888734921eb04a416a2a199dbc8b89b3a65abeef8fe84756546
20271010-0.45-4m,20271010,0.45,4,retrodiction,transition,outage_window,0.16028529892475568,0.026732729651445214,0.03447941480541692,0.1388553558051129,0.1362145538474668,True,,True,,5.228000379922306,1500,1.0,1.0,1.0,1.0,143940f95bdce3983559fa3c823042b74ba4921710a6893c9f9e8453509e9a50,0462b1fcdc467888734921eb04a416a2a199dbc8b89b3a65abeef8fe84756546
20271010-0.45-4m,20271010,0.45,4,retrodiction,transition,after_return,0.06688103807766174,0.04857638183487068,0.02235095961255086,0.08382105784522288,0.0756423237056657,True,,True,,6.710880549909408,1970,1.0,1.0,1.0,1.0,143940f95bdce3983559fa3c823042b74ba4921710a6893c9f9e8453509e9a50,0462b1fcdc467888734921eb04a416a2a199dbc8b89b3a65abeef8fe84756546
20271010-0.45-4m,20271010,0.45,4,horizon_joint,transition,flight,0.10780143951855332,0.030359144713946764,0.02807553394474732,0.17665086799110782,0.16539381928114263,True,,True,,6.581036164255572,4670,1.0,1.0,1.0,1.0,bb13e426c2ee8827daba1049d5eeae3d19ca395bd9501942f05ef75a617c7daa,0462b1fcdc467888734921eb04a416a2a199dbc8b89b3a65abeef8fe84756546
20271010-0.45-4m,20271010,0.45,4,horizon_joint,transition,outage_window,0.17338951447250162,0.028616593391703794,0.039381571305543685,0.1775314070414788,0.17280420222345344,True,,True,,6.51121856312878,1500,1.0,1.0,1.0,1.0,bb13e426c2ee8827daba1049d5eeae3d19ca395bd9501942f05ef75a617c7daa,0462b1fcdc467888734921eb04a416a2a199dbc8b89b3a65abeef8fe84756546
20271010-0.45-4m,20271010,0.45,4,horizon_joint,transition,after_return,0.06603548106877635,0.034690871608325326,0.02279049088827112,0.10213748236688676,0.08954009607279398,True,,True,,7.216669180003725,1970,1.0,1.0,1.0,1.0,bb13e426c2ee8827daba1049d5eeae3d19ca395bd9501942f05ef75a617c7daa,0462b1fcdc467888734921eb04a416a2a199dbc8b89b3a65abeef8fe84756546
20271010-0.45-4m,20271010,0.45,4,retrodiction_joint,transition,flight,0.10085086428040703,0.026066051816868753,0.025538027739686588,0.14535754279354365,0.13585369441395467,True,,True,,6.1044355081463975,4670,1.0,1.0,1.0,1.0,f7c3680ff60943df65cf981a03c93782e54ef7a2b356a85732c2df9fbfbc5137,0462b1fcdc467888734921eb04a416a2a199dbc8b89b3a65abeef8fe84756546
20271010-0.45-4m,20271010,0.45,4,retrodiction_joint,transition,outage_window,0.15947786169244543,0.02625607329606701,0.03538464684193771,0.13932294731546319,0.1355224160959866,True,,True,,5.632750537555628,1500,1.0,1.0,1.0,1.0,f7c3680ff60943df65cf981a03c93782e54ef7a2b356a85732c2df9fbfbc5137,0462b1fcdc467888734921eb04a416a2a199dbc8b89b3a65abeef8fe84756546
20271010-0.45-4m,20271010,0.45,4,retrodiction_joint,transition,after_return,0.06723557643395345,0.02859342024711119,0.0221744288913818,0.09663769386547541,0.08573910522722203,True,,True,,7.253108317327079,1970,1.0,1.0,1.0,1.0,f7c3680ff60943df65cf981a03c93782e54ef7a2b356a85732c2df9fbfbc5137,0462b1fcdc467888734921eb04a416a2a199dbc8b89b3a65abeef8fe84756546
20271010-0.45-4m,20271010,0.45,4,px4,transition,flight,0.23881338553265208,0.05535864784160986,0.07927863915742374,1.8473826145049121,1.8331678989471296,True,True,True,,164.75577676326031,4670,1.0,1.0,1.0,1.0,1a7fea6c34f6b5e79481d8b651a8f727301d7aaca1f109d4eb60669a524e9bf8,0462b1fcdc467888734921eb04a416a2a199dbc8b89b3a65abeef8fe84756546
20271010-0.45-4m,20271010,0.45,4,px4,transition,outage_window,0.35647803080271573,0.04915199893252054,0.07289344097579734,1.574052951288788,1.5688175867472116,True,True,True,,146.7042896624513,1500,1.0,1.0,1.0,1.0,1a7fea6c34f6b5e79481d8b651a8f727301d7aaca1f109d4eb60669a524e9bf8,0462b1fcdc467888734921eb04a416a2a199dbc8b89b3a65abeef8fe84756546
20271010-0.45-4m,20271010,0.45,4,px4,transition,after_return,0.17091345818833076,0.041819112818643735,0.06869959237215491,1.8845256654365277,1.883961994134053,True,True,True,,206.36981061723256,1970,1.0,1.0,1.0,1.0,1a7fea6c34f6b5e79481d8b651a8f727301d7aaca1f109d4eb60669a524e9bf8,0462b1fcdc467888734921eb04a416a2a199dbc8b89b3a65abeef8fe84756546
20271010-0.45-4m,20271010,0.45,4,ekf3,transition,flight,0.13404601735917954,0.05759232407003586,0.07492374212870595,0.38123586116350994,0.35391226069550313,True,True,True,,39.30245254315269,4670,1.0,1.0,1.0,1.0,c63725bf80ac281b447dccdfcc1e1f26ab5f226e964f159da5e880cb8ea5cb15,0462b1fcdc467888734921eb04a416a2a199dbc8b89b3a65abeef8fe84756546
20271010-0.45-4m,20271010,0.45,4,ekf3,transition,outage_window,0.20091275456389718,0.06075031105544509,0.10916638528104153,0.33849403533452316,0.3040306053057354,True,True,True,,35.87986113911904,1500,1.0,1.0,1.0,1.0,c63725bf80ac281b447dccdfcc1e1f26ab5f226e964f159da5e880cb8ea5cb15,0462b1fcdc467888734921eb04a416a2a199dbc8b89b3a65abeef8fe84756546
20271010-0.45-4m,20271010,0.45,4,ekf3,transition,after_return,0.10604303102706189,0.06435460869198474,0.05555617746229393,0.3474840845420921,0.3298143312191145,True,True,True,,44.960171278307314,1970,1.0,1.0,1.0,1.0,c63725bf80ac281b447dccdfcc1e1f26ab5f226e964f159da5e880cb8ea5cb15,0462b1fcdc467888734921eb04a416a2a199dbc8b89b3a65abeef8fe84756546
20271010-0.85-2m,20271010,0.85,2,horizon,gps,flight,0.037129368627239326,0.03418068732989842,0.016886126688771774,0.11371981034658735,0.10454424425101742,True,,True,,6.3896912492037705,4670,1.0,1.0,1.0,1.0,f25dd1f80c2ef7890071ae6a3de13566bf8b84338822e540e612865d9da0235e,ff9c985bf32eb6524c490ae4147ab2f053e62dd59cf449540474e57165163b80
20271010-0.85-2m,20271010,0.85,2,horizon,gps,outage_window,0.03689071797105782,0.02790693423848256,0.018439524989259833,0.10341135784087403,0.09894394299450465,True,,True,,7.708686214565659,1500,1.0,1.0,1.0,1.0,f25dd1f80c2ef7890071ae6a3de13566bf8b84338822e540e612865d9da0235e,ff9c985bf32eb6524c490ae4147ab2f053e62dd59cf449540474e57165163b80
20271010-0.85-2m,20271010,0.85,2,horizon,gps,after_return,0.044265932507363236,0.04395555155361761,0.017790340334592186,0.05731361716534519,0.05208040996319092,True,,True,,6.3724313772500665,1970,1.0,1.0,1.0,1.0,f25dd1f80c2ef7890071ae6a3de13566bf8b84338822e540e612865d9da0235e,ff9c985bf32eb6524c490ae4147ab2f053e62dd59cf449540474e57165163b80
20271010-0.85-2m,20271010,0.85,2,retrodiction,gps,flight,0.03972869638161531,0.036485154496427336,0.018232241092368633,0.1185203802913717,0.10887455912483976,True,,True,,7.2326558234593055,4670,1.0,1.0,1.0,1.0,02705ef71bf4ee1f36e04ccd88744df87d5df1a4c701cced153598a1b7d24e25,ff9c985bf32eb6524c490ae4147ab2f053e62dd59cf449540474e57165163b80
20271010-0.85-2m,20271010,0.85,2,retrodiction,gps,outage_window,0.04123865002361229,0.028287988492635727,0.01910535101060386,0.10333874583596464,0.09719069837214314,True,,True,,8.952683038033479,1500,1.0,1.0,1.0,1.0,02705ef71bf4ee1f36e04ccd88744df87d5df1a4c701cced153598a1b7d24e25,ff9c985bf32eb6524c490ae4147ab2f053e62dd59cf449540474e57165163b80
20271010-0.85-2m,20271010,0.85,2,retrodiction,gps,after_return,0.04588170971790895,0.0484299598599392,0.018354015844143992,0.05645287682927768,0.0520809181881051,True,,True,,7.21411634548537,1970,1.0,1.0,1.0,1.0,02705ef71bf4ee1f36e04ccd88744df87d5df1a4c701cced153598a1b7d24e25,ff9c985bf32eb6524c490ae4147ab2f053e62dd59cf449540474e57165163b80
20271010-0.85-2m,20271010,0.85,2,horizon_joint,gps,flight,0.037073981377167754,0.02771438417052089,0.01616456423293413,0.11384600724782996,0.10468714878487038,True,,True,,6.630007405632468,4670,1.0,1.0,1.0,1.0,3ccbd454a4e7c344ff40230c8670e5e68f079030d3bc7559ddca7da532f6f9d0,ff9c985bf32eb6524c490ae4147ab2f053e62dd59cf449540474e57165163b80
20271010-0.85-2m,20271010,0.85,2,horizon_joint,gps,outage_window,0.037012425788274024,0.02304223847206993,0.017413683180811684,0.1031451600405239,0.09902135098352816,True,,True,,7.587014556071077,1500,1.0,1.0,1.0,1.0,3ccbd454a4e7c344ff40230c8670e5e68f079030d3bc7559ddca7da532f6f9d0,ff9c985bf32eb6524c490ae4147ab2f053e62dd59cf449540474e57165163b80
20271010-0.85-2m,20271010,0.85,2,horizon_joint,gps,after_return,0.044089554221721255,0.033124542932235296,0.017102071551258768,0.057578363263888134,0.05174061302836716,True,,True,,6.707402665243006,1970,1.0,1.0,1.0,1.0,3ccbd454a4e7c344ff40230c8670e5e68f079030d3bc7559ddca7da532f6f9d0,ff9c985bf32eb6524c490ae4147ab2f053e62dd59cf449540474e57165163b80
20271010-0.85-2m,20271010,0.85,2,retrodiction_joint,gps,flight,0.039669221993550635,0.024311883338798752,0.017554608334949033,0.11868436363876092,0.1091086878887616,True,,True,,7.456195641035241,4670,1.0,1.0,1.0,1.0,0cb24ea0e85cdcaf5db1f6627b9914f45e66a9740b26014038817572e22744f6,ff9c985bf32eb6524c490ae4147ab2f053e62dd59cf449540474e57165163b80
20271010-0.85-2m,20271010,0.85,2,retrodiction_joint,gps,outage_window,0.041333236306322775,0.02150903666735249,0.018158073615995696,0.1030826584473601,0.09734131765854731,True,,True,,8.838253372462955,1500,1.0,1.0,1.0,1.0,0cb24ea0e85cdcaf5db1f6627b9914f45e66a9740b26014038817572e22744f6,ff9c985bf32eb6524c490ae4147ab2f053e62dd59cf449540474e57165163b80
20271010-0.85-2m,20271010,0.85,2,retrodiction_joint,gps,after_return,0.04570251340773429,0.028553445361023607,0.017694630222555567,0.05674390136433855,0.05177634566608707,True,,True,,7.513884874921822,1970,1.0,1.0,1.0,1.0,0cb24ea0e85cdcaf5db1f6627b9914f45e66a9740b26014038817572e22744f6,ff9c985bf32eb6524c490ae4147ab2f053e62dd59cf449540474e57165163b80
20271010-0.85-2m,20271010,0.85,2,px4,gps,flight,0.21341313506219659,0.025994193992030915,0.19087042122766829,3.540041770748248,3.5213127234496757,True,True,True,,2700.600792662648,4670,1.0,1.0,1.0,1.0,8fce126d44df7f549baa1044d445b8302580f2afeaf458047beba49e7ac49885,ff9c985bf32eb6524c490ae4147ab2f053e62dd59cf449540474e57165163b80
20271010-0.85-2m,20271010,0.85,2,px4,gps,outage_window,0.22353936529808432,0.014935756864819408,0.19465369514656447,3.54054218469337,3.5361152370042643,True,True,True,,2564.9513963151803,1500,1.0,1.0,1.0,1.0,8fce126d44df7f549baa1044d445b8302580f2afeaf458047beba49e7ac49885,ff9c985bf32eb6524c490ae4147ab2f053e62dd59cf449540474e57165163b80
20271010-0.85-2m,20271010,0.85,2,px4,gps,after_return,0.21547178018668453,0.032863772726521086,0.18004489528148993,3.365919856996283,3.3664656741616974,True,True,True,,3918.859751087045,1970,1.0,1.0,1.0,1.0,8fce126d44df7f549baa1044d445b8302580f2afeaf458047beba49e7ac49885,ff9c985bf32eb6524c490ae4147ab2f053e62dd59cf449540474e57165163b80
20271010-0.85-2m,20271010,0.85,2,ekf3,gps,flight,0.044864263991856945,0.05762212235211433,0.04782895633432364,0.18300429318702888,0.12641458586417947,True,True,True,,44.8167026480009,4670,1.0,1.0,1.0,1.0,cfc00c7ef63dcb262c285d90a705f5dc1740ab9b7a6c78f29972b7452b5ff27d,ff9c985bf32eb6524c490ae4147ab2f053e62dd59cf449540474e57165163b80
20271010-0.85-2m,20271010,0.85,2,ekf3,gps,outage_window,0.04524612382064829,0.05353053583392069,0.057873201306011174,0.17808681458060296,0.1261261732557822,True,True,True,,43.91533674234279,1500,1.0,1.0,1.0,1.0,cfc00c7ef63dcb262c285d90a705f5dc1740ab9b7a6c78f29972b7452b5ff27d,ff9c985bf32eb6524c490ae4147ab2f053e62dd59cf449540474e57165163b80
20271010-0.85-2m,20271010,0.85,2,ekf3,gps,after_return,0.050818318083984876,0.06730894691662752,0.04297304187869037,0.15973412768398285,0.09923524255617369,True,True,True,,47.3409045906348,1970,1.0,1.0,1.0,1.0,cfc00c7ef63dcb262c285d90a705f5dc1740ab9b7a6c78f29972b7452b5ff27d,ff9c985bf32eb6524c490ae4147ab2f053e62dd59cf449540474e57165163b80
20271010-0.85-2m,20271010,0.85,2,horizon,denied,flight,0.26942570484333567,0.03733199375745671,0.03736462260588986,0.30312171947735994,0.29173793629071904,True,,True,,5.849043553224995,4670,1.0,1.0,1.0,1.0,e1bdec5704ce58272133798ad33054f92516654cc92a0371a03904adbfff56d1,b44db1470e2c01d137d8c0281a9f597a8340e016d6c43864ead55f3f7e0b8da6
20271010-0.85-2m,20271010,0.85,2,horizon,denied,outage_window,0.11428129576922429,0.02812571869775235,0.035648644844676766,0.3134390076647787,0.3109791967236078,True,,True,,5.553123940884068,1500,1.0,1.0,1.0,1.0,e1bdec5704ce58272133798ad33054f92516654cc92a0371a03904adbfff56d1,b44db1470e2c01d137d8c0281a9f597a8340e016d6c43864ead55f3f7e0b8da6
20271010-0.85-2m,20271010,0.85,2,horizon,denied,after_return,0.395869945929087,0.04615245367818356,0.04081545194166401,0.18415734774060233,0.17760138267212477,True,,True,,7.444535194384305,1970,1.0,1.0,1.0,1.0,e1bdec5704ce58272133798ad33054f92516654cc92a0371a03904adbfff56d1,b44db1470e2c01d137d8c0281a9f597a8340e016d6c43864ead55f3f7e0b8da6
20271010-0.85-2m,20271010,0.85,2,retrodiction,denied,flight,0.280449772389709,0.03964375361926385,0.03602444799692295,0.2889608776082691,0.28084441530754267,True,,True,,5.791435122101603,4670,1.0,1.0,1.0,1.0,704ed4d213aab9886c20c69c59519b3799d3a4967f367d342144efdc03738098,b44db1470e2c01d137d8c0281a9f597a8340e016d6c43864ead55f3f7e0b8da6
20271010-0.85-2m,20271010,0.85,2,retrodiction,denied,outage_window,0.11079886309259723,0.02818859977096003,0.03385926840895692,0.32062596632214446,0.31851572774071485,True,,True,,5.484423251645758,1500,1.0,1.0,1.0,1.0,704ed4d213aab9886c20c69c59519b3799d3a4967f367d342144efdc03738098,b44db1470e2c01d137d8c0281a9f597a8340e016d6c43864ead55f3f7e0b8da6
20271010-0.85-2m,20271010,0.85,2,retrodiction,denied,after_return,0.4128427292540776,0.050711272305910424,0.039748609590746956,0.1842550484349215,0.1780301416723836,True,,True,,7.414672912575932,1970,1.0,1.0,1.0,1.0,704ed4d213aab9886c20c69c59519b3799d3a4967f367d342144efdc03738098,b44db1470e2c01d137d8c0281a9f597a8340e016d6c43864ead55f3f7e0b8da6
20271010-0.85-2m,20271010,0.85,2,horizon_joint,denied,flight,0.2602041330375783,0.03265015792221265,0.03807108400407053,0.3237865987274371,0.31231730368582994,True,,True,,6.191825646534043,4670,1.0,1.0,1.0,1.0,673603bb4aeab82db412bb6fe4ce6d6f2c365c7c184d91a3488dd2ba0d5d7f7f,b44db1470e2c01d137d8c0281a9f597a8340e016d6c43864ead55f3f7e0b8da6
20271010-0.85-2m,20271010,0.85,2,horizon_joint,denied,outage_window,0.11364555433532496,0.027356834619655365,0.03716385129841649,0.3190274416134168,0.3163663884034863,True,,True,,5.844761694264119,1500,1.0,1.0,1.0,1.0,673603bb4aeab82db412bb6fe4ce6d6f2c365c7c184d91a3488dd2ba0d5d7f7f,b44db1470e2c01d137d8c0281a9f597a8340e016d6c43864ead55f3f7e0b8da6
20271010-0.85-2m,20271010,0.85,2,horizon_joint,denied,after_return,0.3802770415613219,0.03766494812325362,0.041314716711406636,0.2452932468517198,0.2381178633255893,True,,True,,8.136587459516365,1970,1.0,1.0,1.0,1.0,673603bb4aeab82db412bb6fe4ce6d6f2c365c7c184d91a3488dd2ba0d5d7f7f,b44db1470e2c01d137d8c0281a9f597a8340e016d6c43864ead55f3f7e0b8da6
20271010-0.85-2m,20271010,0.85,2,retrodiction_joint,denied,flight,0.2766179640734484,0.034625375701028666,0.036604257093392864,0.3102610213394578,0.3016835158933379,True,,True,,6.151285649858665,4670,1.0,1.0,1.0,1.0,f8cb711dc8b58ff0c02ee1fd49a26433afa6072ce1cf7326783417b5492e81aa,b44db1470e2c01d137d8c0281a9f597a8340e016d6c43864ead55f3f7e0b8da6
20271010-0.85-2m,20271010,0.85,2,retrodiction_joint,denied,outage_window,0.11557749856731497,0.02782049982727855,0.03545635457425791,0.3239670518708382,0.3216142284247924,True,,True,,5.780820427939315,1500,1.0,1.0,1.0,1.0,f8cb711dc8b58ff0c02ee1fd49a26433afa6072ce1cf7326783417b5492e81aa,b44db1470e2c01d137d8c0281a9f597a8340e016d6c43864ead55f3f7e0b8da6
20271010-0.85-2m,20271010,0.85,2,retrodiction_joint,denied,after_return,0.40436236050947555,0.041538380509123445,0.03988036285117916,0.2443593115853096,0.23724333617309562,True,,True,,8.13818386099922,1970,1.0,1.0,1.0,1.0,f8cb711dc8b58ff0c02ee1fd49a26433afa6072ce1cf7326783417b5492e81aa,b44db1470e2c01d137d8c0281a9f597a8340e016d6c43864ead55f3f7e0b8da6
20271010-0.85-2m,20271010,0.85,2,px4,denied,flight,0.2782660905439881,0.03015692211845414,0.07832458997025815,1.2057164255360564,1.1830612774612335,True,True,True,,23.242507340177234,4670,1.0,1.0,1.0,1.0,ab5466e08d60eb59e5d0c8e2ec4714d60cb1f27b987b55d140f9ea8984a03594,b44db1470e2c01d137d8c0281a9f597a8340e016d6c43864ead55f3f7e0b8da6
20271010-0.85-2m,20271010,0.85,2,px4,denied,outage_window,0.36273862342848995,0.020108869153829447,0.08509087865496297,1.4382516692029543,1.4329130282454168,True,True,True,,18.28643875310639,1500,1.0,1.0,1.0,1.0,ab5466e08d60eb59e5d0c8e2ec4714d60cb1f27b987b55d140f9ea8984a03594,b44db1470e2c01d137d8c0281a9f597a8340e016d6c43864ead55f3f7e0b8da6
20271010-0.85-2m,20271010,0.85,2,px4,denied,after_return,0.219120185237671,0.03666321753673481,0.058118438412033645,0.6201679523073329,0.6197530046990987,True,True,True,,21.28781000998218,1970,1.0,1.0,1.0,1.0,ab5466e08d60eb59e5d0c8e2ec4714d60cb1f27b987b55d140f9ea8984a03594,b44db1470e2c01d137d8c0281a9f597a8340e016d6c43864ead55f3f7e0b8da6
20271010-0.85-2m,20271010,0.85,2,ekf3,denied,flight,0.22690320911271478,0.07773704519507241,0.1210663609544003,0.19158150927006157,0.1270664973202888,True,True,True,,46.17333728698271,4670,1.0,1.0,1.0,1.0,68d38eb5109da8d7f6ad7bd19a8b0fae0b7a33a766822dc9557e716ef55b7d7a,b44db1470e2c01d137d8c0281a9f597a8340e016d6c43864ead55f3f7e0b8da6
20271010-0.85-2m,20271010,0.85,2,ekf3,denied,outage_window,0.1429796769820975,0.06886366506850088,0.10598081198792635,0.17247225365493968,0.03723397373328924,True,True,True,,42.9066541608009,1500,1.0,1.0,1.0,1.0,68d38eb5109da8d7f6ad7bd19a8b0fae0b7a33a766822dc9557e716ef55b7d7a,b44db1470e2c01d137d8c0281a9f597a8340e016d6c43864ead55f3f7e0b8da6
20271010-0.85-2m,20271010,0.85,2,ekf3,denied,after_return,0.29715128394785306,0.08895668942754463,0.11244085232257123,0.1589617213008131,0.11618480210447191,True,True,True,,49.088504828813186,1970,1.0,1.0,1.0,1.0,68d38eb5109da8d7f6ad7bd19a8b0fae0b7a33a766822dc9557e716ef55b7d7a,b44db1470e2c01d137d8c0281a9f597a8340e016d6c43864ead55f3f7e0b8da6
20271010-0.85-2m,20271010,0.85,2,horizon,transition,flight,0.0676962594021422,0.034112415293245636,0.02282224820299017,0.1091917992223358,0.0981190562373336,True,,True,,5.759199726143119,4670,1.0,1.0,1.0,1.0,719f62154590a4203a182cfd819e96dc0b216777f6549e5748198a333130ca64,0462b1fcdc467888734921eb04a416a2a199dbc8b89b3a65abeef8fe84756546
20271010-0.85-2m,20271010,0.85,2,horizon,transition,outage_window,0.09595041095434087,0.02712274941554858,0.030044133266124474,0.06915065788632509,0.06332952391417897,True,,True,,4.942999802455926,1500,1.0,1.0,1.0,1.0,719f62154590a4203a182cfd819e96dc0b216777f6549e5748198a333130ca64,0462b1fcdc467888734921eb04a416a2a199dbc8b89b3a65abeef8fe84756546
20271010-0.85-2m,20271010,0.85,2,horizon,transition,after_return,0.05984502274711308,0.04420289259147418,0.02113925184513062,0.07344203174504009,0.06345084994376518,True,,True,,6.983667014545169,1970,1.0,1.0,1.0,1.0,719f62154590a4203a182cfd819e96dc0b216777f6549e5748198a333130ca64,0462b1fcdc467888734921eb04a416a2a199dbc8b89b3a65abeef8fe84756546
20271010-0.85-2m,20271010,0.85,2,retrodiction,transition,flight,0.07464731748782866,0.036205111438166515,0.023684672678222597,0.11019962073612394,0.09933949983167768,True,,True,,6.412462517913179,4670,1.0,1.0,1.0,1.0,3977b5924c2856914d6a28ab982f3ed4405781a4fe4e1f3045ce271723941fd0,0462b1fcdc467888734921eb04a416a2a199dbc8b89b3a65abeef8fe84756546
20271010-0.85-2m,20271010,0.85,2,retrodiction,transition,outage_window,0.10854350588849974,0.02701572119111548,0.029772842203609904,0.04977509698717477,0.041863853283983794,True,,True,,5.565951762680197,1500,1.0,1.0,1.0,1.0,3977b5924c2856914d6a28ab982f3ed4405781a4fe4e1f3045ce271723941fd0,0462b1fcdc467888734921eb04a416a2a199dbc8b89b3a65abeef8fe84756546
20271010-0.85-2m,20271010,0.85,2,retrodiction,transition,after_return,0.06242478147391837,0.04848483690694275,0.021946479354316324,0.07014365696304713,0.062161321591953214,True,,True,,7.848529632860752,1970,1.0,1.0,1.0,1.0,3977b5924c2856914d6a28ab982f3ed4405781a4fe4e1f3045ce271723941fd0,0462b1fcdc467888734921eb04a416a2a199dbc8b89b3a65abeef8fe84756546
20271010-0.85-2m,20271010,0.85,2,horizon_joint,transition,flight,0.06727016181491106,0.030430695443001306,0.022902617181892213,0.1109157201507531,0.09938500158006751,True,,True,,6.1389076713431034,4670,1.0,1.0,1.0,1.0,bca577a7e8b7ea6e1ef514ee8b6742e832f339092316e6daedb3a9bc5486e25c,0462b1fcdc467888734921eb04a416a2a199dbc8b89b3a65abeef8fe84756546
20271010-0.85-2m,20271010,0.85,2,horizon_joint,transition,outage_window,0.09521205907827175,0.029769711160272674,0.031052594574235832,0.0719384896074132,0.06578319163753768,True,,True,,5.326096570228706,1500,1.0,1.0,1.0,1.0,bca577a7e8b7ea6e1ef514ee8b6742e832f339092316e6daedb3a9bc5486e25c,0462b1fcdc467888734921eb04a416a2a199dbc8b89b3a65abeef8fe84756546
20271010-0.85-2m,20271010,0.85,2,horizon_joint,transition,after_return,0.05961188682334171,0.03465711401260548,0.020326796308023545,0.07690394128255461,0.06544472111754128,True,,True,,7.264733233584239,1970,1.0,1.0,1.0,1.0,bca577a7e8b7ea6e1ef514ee8b6742e832f339092316e6daedb3a9bc5486e25c,0462b1fcdc467888734921eb04a416a2a199dbc8b89b3a65abeef8fe84756546
20271010-0.85-2m,20271010,0.85,2,retrodiction_joint,transition,flight,0.07384641675943085,0.02587967162615233,0.02379238588268203,0.11179156224283557,0.10047451978085727,True,,True,,6.792144465614933,4670,1.0,1.0,1.0,1.0,bbb9fbeafcf8b1a5c17e0dc4a29253e3869f021cb022f37009f5eea63de95a8c,0462b1fcdc467888734921eb04a416a2a199dbc8b89b3a65abeef8fe84756546
20271010-0.85-2m,20271010,0.85,2,retrodiction_joint,transition,outage_window,0.10705921170556867,0.026267272594616597,0.030870426381563468,0.0527919723174725,0.04472327895325698,True,,True,,5.947056791890931,1500,1.0,1.0,1.0,1.0,bbb9fbeafcf8b1a5c17e0dc4a29253e3869f021cb022f37009f5eea63de95a8c,0462b1fcdc467888734921eb04a416a2a199dbc8b89b3a65abeef8fe84756546
20271010-0.85-2m,20271010,0.85,2,retrodiction_joint,transition,after_return,0.062123454754542146,0.028787900450611352,0.021211538531268462,0.07363936692474751,0.06389702201601645,True,,True,,8.141131515350851,1970,1.0,1.0,1.0,1.0,bbb9fbeafcf8b1a5c17e0dc4a29253e3869f021cb022f37009f5eea63de95a8c,0462b1fcdc467888734921eb04a416a2a199dbc8b89b3a65abeef8fe84756546
20271010-0.85-2m,20271010,0.85,2,px4,transition,flight,0.26774704034607866,0.027577066261440773,0.19214185771971282,3.6186775100421102,3.5997668466828383,True,True,True,,1736.4788757121134,4670,1.0,1.0,1.0,1.0,56db266642d41120056f10587febae2301389847dbf5264d30989fd4a737b1da,0462b1fcdc467888734921eb04a416a2a199dbc8b89b3a65abeef8fe84756546
20271010-0.85-2m,20271010,0.85,2,px4,transition,outage_window,0.358866887146504,0.018244661747800827,0.19581825595821595,3.6611680787702867,3.6560940854897432,True,True,True,,1583.587229645253,1500,1.0,1.0,1.0,1.0,56db266642d41120056f10587febae2301389847dbf5264d30989fd4a737b1da,0462b1fcdc467888734921eb04a416a2a199dbc8b89b3a65abeef8fe84756546
20271010-0.85-2m,20271010,0.85,2,px4,transition,after_return,0.2199783162103967,0.034604124442877054,0.18227542073413294,3.4644510840853164,3.464163640213,True,True,True,,2380.6385726106328,1970,1.0,1.0,1.0,1.0,56db266642d41120056f10587febae2301389847dbf5264d30989fd4a737b1da,0462b1fcdc467888734921eb04a416a2a199dbc8b89b3a65abeef8fe84756546
20271010-0.85-2m,20271010,0.85,2,ekf3,transition,flight,0.10612008003749294,0.058393562951854036,0.06729565847968037,0.16264211432532674,0.09313375842637456,True,True,True,,43.80631930092214,4670,1.0,1.0,1.0,1.0,331c9197bf1c68292274caa27d8da62bb7216b0f0e81041435b8fd0ee0932163,0462b1fcdc467888734921eb04a416a2a199dbc8b89b3a65abeef8fe84756546
20271010-0.85-2m,20271010,0.85,2,ekf3,transition,outage_window,0.1262912019676673,0.06274277509535792,0.09472130926141198,0.13580180348284854,0.03479344697752862,True,True,True,,42.123068925889896,1500,1.0,1.0,1.0,1.0,331c9197bf1c68292274caa27d8da62bb7216b0f0e81041435b8fd0ee0932163,0462b1fcdc467888734921eb04a416a2a199dbc8b89b3a65abeef8fe84756546
20271010-0.85-2m,20271010,0.85,2,ekf3,transition,after_return,0.11798956566333466,0.06266634233724619,0.05364697892940479,0.13761145301643365,0.06096996869479842,True,True,True,,46.3104028108488,1970,1.0,1.0,1.0,1.0,331c9197bf1c68292274caa27d8da62bb7216b0f0e81041435b8fd0ee0932163,0462b1fcdc467888734921eb04a416a2a199dbc8b89b3a65abeef8fe84756546
20271010-0.85-4m,20271010,0.85,4,horizon,gps,flight,0.03726298893629166,0.03419266340369959,0.017219779861447702,0.11183027793186794,0.10339668681197553,True,,True,,6.404349702199344,4670,1.0,1.0,1.0,1.0,8d9f82a558ff4f33b50fab644acf62a04ad683bae6f7c5fda18bb342afa23821,ff9c985bf32eb6524c490ae4147ab2f053e62dd59cf449540474e57165163b80
20271010-0.85-4m,20271010,0.85,4,horizon,gps,outage_window,0.03784327550097426,0.027837735070093905,0.01884679114935105,0.10364226497537167,0.09948300073015645,True,,True,,7.839996615903748,1500,1.0,1.0,1.0,1.0,8d9f82a558ff4f33b50fab644acf62a04ad683bae6f7c5fda18bb342afa23821,ff9c985bf32eb6524c490ae4147ab2f053e62dd59cf449540474e57165163b80
20271010-0.85-4m,20271010,0.85,4,horizon,gps,after_return,0.04396986530122331,0.044042706985975136,0.018364746036288473,0.05688045823431056,0.05141995779676255,True,,True,,6.346354409966719,1970,1.0,1.0,1.0,1.0,8d9f82a558ff4f33b50fab644acf62a04ad683bae6f7c5fda18bb342afa23821,ff9c985bf32eb6524c490ae4147ab2f053e62dd59cf449540474e57165163b80
20271010-0.85-4m,20271010,0.85,4,retrodiction,gps,flight,0.04009807938834971,0.03647640553166426,0.018572555053616133,0.11537007001196717,0.10659962766929099,True,,True,,7.234659785698835,4670,1.0,1.0,1.0,1.0,6731a55be8b50e3e54182e978d5efede6e77aee4d5f61d63b3468aee6ed1f5c2,ff9c985bf32eb6524c490ae4147ab2f053e62dd59cf449540474e57165163b80
20271010-0.85-4m,20271010,0.85,4,retrodiction,gps,outage_window,0.04245917548365064,0.02826083249607407,0.0196811737878137,0.10356134083600729,0.09775909549130542,True,,True,,9.097017469087692,1500,1.0,1.0,1.0,1.0,6731a55be8b50e3e54182e978d5efede6e77aee4d5f61d63b3468aee6ed1f5c2,ff9c985bf32eb6524c490ae4147ab2f053e62dd59cf449540474e57165163b80
20271010-0.85-4m,20271010,0.85,4,retrodiction,gps,after_return,0.04576249501779329,0.04845966749524188,0.019021366502172475,0.05663009147219249,0.052037219120893506,True,,True,,7.198907755461167,1970,1.0,1.0,1.0,1.0,6731a55be8b50e3e54182e978d5efede6e77aee4d5f61d63b3468aee6ed1f5c2,ff9c985bf32eb6524c490ae4147ab2f053e62dd59cf449540474e57165163b80
20271010-0.85-4m,20271010,0.85,4,horizon_joint,gps,flight,0.03723699702923601,0.02770488287821434,0.016505889547165992,0.11195995134091372,0.10350192099807104,True,,True,,6.655102208250683,4670,1.0,1.0,1.0,1.0,fb0271f21f8ee13d9f9ca61b89d603b0f1a7c42d4887c2ce3eeebf8720e289d4,ff9c985bf32eb6524c490ae4147ab2f053e62dd59cf449540474e57165163b80
20271010-0.85-4m,20271010,0.85,4,horizon_joint,gps,outage_window,0.03794875009294739,0.022889396493444722,0.017858578131451638,0.1033368394328193,0.09950967899214333,True,,True,,7.725616425452884,1500,1.0,1.0,1.0,1.0,fb0271f21f8ee13d9f9ca61b89d603b0f1a7c42d4887c2ce3eeebf8720e289d4,ff9c985bf32eb6524c490ae4147ab2f053e62dd59cf449540474e57165163b80
20271010-0.85-4m,20271010,0.85,4,horizon_joint,gps,after_return,0.04385628846091047,0.03319574059544246,0.017670773650201126,0.05725986724852263,0.05109248627258654,True,,True,,6.6989347247114805,1970,1.0,1.0,1.0,1.0,fb0271f21f8ee13d9f9ca61b89d603b0f1a7c42d4887c2ce3eeebf8720e289d4,ff9c985bf32eb6524c490ae4147ab2f053e62dd59cf449540474e57165163b80
20271010-0.85-4m,20271010,0.85,4,retrodiction_joint,gps,flight,0.04006169971415519,0.024361841347543777,0.01789568431635261,0.11551462853687283,0.10678440898862836,True,,True,,7.4645606076113795,4670,1.0,1.0,1.0,1.0,2d4f91e2a494a5f19a902249831d360aea97bfbfa7630fee9a5f986b6074debb,ff9c985bf32eb6524c490ae4147ab2f053e62dd59cf449540474e57165163b80
20271010-0.85-4m,20271010,0.85,4,retrodiction_joint,gps,outage_window,0.04253320499784911,0.021443835615505724,0.018764449757797192,0.10329356060000673,0.09786618858845635,True,,True,,8.986322259386192,1500,1.0,1.0,1.0,1.0,2d4f91e2a494a5f19a902249831d360aea97bfbfa7630fee9a5f986b6074debb,ff9c985bf32eb6524c490ae4147ab2f053e62dd59cf449540474e57165163b80
20271010-0.85-4m,20271010,0.85,4,retrodiction_joint,gps,after_return,0.04564076861683753,0.028737883074833753,0.01835514580082317,0.05700610295262763,0.05176748295594394,True,,True,,7.511351059086381,1970,1.0,1.0,1.0,1.0,2d4f91e2a494a5f19a902249831d360aea97bfbfa7630fee9a5f986b6074debb,ff9c985bf32eb6524c490ae4147ab2f053e62dd59cf449540474e57165163b80
20271010-0.85-4m,20271010,0.85,4,px4,gps,flight,0.21336749527942755,0.054027346078150136,0.19495521348281425,3.47982565009421,3.4667662293419803,True,True,True,,2506.040063521018,4670,1.0,1.0,1.0,1.0,131e2a68995e7612f97d77ff114c67242ed0f7eecca3d43481c7b24b1aefef54,ff9c985bf32eb6524c490ae4147ab2f053e62dd59cf449540474e57165163b80
20271010-0.85-4m,20271010,0.85,4,px4,gps,outage_window,0.22117299652873415,0.04444027633614955,0.19532773313545093,3.4886819486382077,3.481799279277886,True,True,True,,2316.0925755622425,1500,1.0,1.0,1.0,1.0,131e2a68995e7612f97d77ff114c67242ed0f7eecca3d43481c7b24b1aefef54,ff9c985bf32eb6524c490ae4147ab2f053e62dd59cf449540474e57165163b80
20271010-0.85-4m,20271010,0.85,4,px4,gps,after_return,0.21509137040821977,0.04225963296062061,0.17870262658806033,3.355284839995404,3.356370810961167,True,True,True,,3777.345593268051,1970,1.0,1.0,1.0,1.0,131e2a68995e7612f97d77ff114c67242ed0f7eecca3d43481c7b24b1aefef54,ff9c985bf32eb6524c490ae4147ab2f053e62dd59cf449540474e57165163b80
20271010-0.85-4m,20271010,0.85,4,ekf3,gps,flight,0.06401366199897288,0.05685031643740175,0.059253542733813364,0.709432575044147,0.6940139343859949,True,True,True,,143.0525212169515,4670,1.0,1.0,1.0,1.0,66025319743a7617d6e10ce992e2168865ac1ecf85159c32533650d068ec1417,ff9c985bf32eb6524c490ae4147ab2f053e62dd59cf449540474e57165163b80
20271010-0.85-4m,20271010,0.85,4,ekf3,gps,outage_window,0.0652640342474269,0.054304308975746424,0.0647509616743625,0.7260285478193909,0.7103402394373572,True,True,True,,134.89353699297234,1500,1.0,1.0,1.0,1.0,66025319743a7617d6e10ce992e2168865ac1ecf85159c32533650d068ec1417,ff9c985bf32eb6524c490ae4147ab2f053e62dd59cf449540474e57165163b80
20271010-0.85-4m,20271010,0.85,4,ekf3,gps,after_return,0.06989182068302201,0.06720566200162113,0.062328191385967485,0.6408039880639019,0.6283154378184989,True,True,True,,195.6979403357098,1970,1.0,1.0,1.0,1.0,66025319743a7617d6e10ce992e2168865ac1ecf85159c32533650d068ec1417,ff9c985bf32eb6524c490ae4147ab2f053e62dd59cf449540474e57165163b80
20271010-0.85-4m,20271010,0.85,4,horizon,denied,flight,0.4260924049141743,0.03748340993222845,0.05326311295335669,0.3320360040139365,0.3208349388177659,True,,True,,5.953650292018417,4670,1.0,1.0,1.0,1.0,46b1bdbe375f0fed572155776302141f61237a687c6efe51e2ffc638c2d7b4a3,b44db1470e2c01d137d8c0281a9f597a8340e016d6c43864ead55f3f7e0b8da6
20271010-0.85-4m,20271010,0.85,4,horizon,denied,outage_window,0.20698265314482495,0.02775162521023307,0.046013411685794404,0.34896836580948254,0.34676148217998953,True,,True,,5.393431531039354,1500,1.0,1.0,1.0,1.0,46b1bdbe375f0fed572155776302141f61237a687c6efe51e2ffc638c2d7b4a3,b44db1470e2c01d137d8c0281a9f597a8340e016d6c43864ead55f3f7e0b8da6
20271010-0.85-4m,20271010,0.85,4,horizon,denied,after_return,0.6252276174230359,0.04658477818438157,0.06500563682402168,0.2048387227177453,0.1973175622085154,True,,True,,7.888405361040344,1970,1.0,1.0,1.0,1.0,46b1bdbe375f0fed572155776302141f61237a687c6efe51e2ffc638c2d7b4a3,b44db1470e2c01d137d8c0281a9f597a8340e016d6c43864ead55f3f7e0b8da6
20271010-0.85-4m,20271010,0.85,4,retrodiction,denied,flight,0.4332418195803807,0.039796728295268424,0.052446464421442074,0.32475100189336265,0.31646129169457005,True,,True,,5.909643385041389,4670,1.0,1.0,1.0,1.0,d7d330278969e43afa33397578112d0b144bb234b5d82f49444797abea4b1d01,b44db1470e2c01d137d8c0281a9f597a8340e016d6c43864ead55f3f7e0b8da6
20271010-0.85-4m,20271010,0.85,4,retrodiction,denied,outage_window,0.186257661622291,0.02795423944962265,0.045057839313737365,0.3600611298034696,0.35801624925321685,True,,True,,5.361135124423558,1500,1.0,1.0,1.0,1.0,d7d330278969e43afa33397578112d0b144bb234b5d82f49444797abea4b1d01,b44db1470e2c01d137d8c0281a9f597a8340e016d6c43864ead55f3f7e0b8da6
20271010-0.85-4m,20271010,0.85,4,retrodiction,denied,after_return,0.6406447666968597,0.051070916659085294,0.06387193802444881,0.20747368897164542,0.2001990950735072,True,,True,,7.849150162418058,1970,1.0,1.0,1.0,1.0,d7d330278969e43afa33397578112d0b144bb234b5d82f49444797abea4b1d01,b44db1470e2c01d137d8c0281a9f597a8340e016d6c43864ead55f3f7e0b8da6
20271010-0.85-4m,20271010,0.85,4,horizon_joint,denied,flight,0.40498971523889515,0.032862240215676686,0.05351612500843724,0.35508380030622894,0.34314477482269584,True,,True,,6.322852330066909,4670,1.0,1.0,1.0,1.0,19927ac12fac77ed5ac07429814525b84272eb42fa379152efef203234095e0b,b44db1470e2c01d137d8c0281a9f597a8340e016d6c43864ead55f3f7e0b8da6
20271010-0.85-4m,20271010,0.85,4,horizon_joint,denied,outage_window,0.20144663900475376,0.027120071038384812,0.047468252286333314,0.3479918792906732,0.3455672544280468,True,,True,,5.680765424638162,1500,1.0,1.0,1.0,1.0,19927ac12fac77ed5ac07429814525b84272eb42fa379152efef203234095e0b,b44db1470e2c01d137d8c0281a9f597a8340e016d6c43864ead55f3f7e0b8da6
20271010-0.85-4m,20271010,0.85,4,horizon_joint,denied,after_return,0.5919991019245245,0.03815385602950013,0.064670965637354,0.2778386256365086,0.2682762217470501,True,,True,,8.646644163664144,1970,1.0,1.0,1.0,1.0,19927ac12fac77ed5ac07429814525b84272eb42fa379152efef203234095e0b,b44db1470e2c01d137d8c0281a9f597a8340e016d6c43864ead55f3f7e0b8da6
20271010-0.85-4m,20271010,0.85,4,retrodiction_joint,denied,flight,0.4173757611587461,0.03482152711143655,0.05255641353784331,0.34768028963018505,0.33829764058003015,True,,True,,6.293178295584721,4670,1.0,1.0,1.0,1.0,cfc040fd92923e411f33c4ad061cdb7d254b3b7ec116142b8fcdc63e8ff52ad8,b44db1470e2c01d137d8c0281a9f597a8340e016d6c43864ead55f3f7e0b8da6
20271010-0.85-4m,20271010,0.85,4,retrodiction_joint,denied,outage_window,0.18215615635134902,0.027584616037716333,0.04644244705943568,0.3555185534217607,0.3532890340632276,True,,True,,5.650779804209319,1500,1.0,1.0,1.0,1.0,cfc040fd92923e411f33c4ad061cdb7d254b3b7ec116142b8fcdc63e8ff52ad8,b44db1470e2c01d137d8c0281a9f597a8340e016d6c43864ead55f3f7e0b8da6
20271010-0.85-4m,20271010,0.85,4,retrodiction_joint,denied,after_return,0.6152618160134607,0.041986006348632914,0.06323960103436357,0.27877236914195164,0.2692480485225249,True,,True,,8.63428961605806,1970,1.0,1.0,1.0,1.0,cfc040fd92923e411f33c4ad061cdb7d254b3b7ec116142b8fcdc63e8ff52ad8,b44db1470e2c01d137d8c0281a9f597a8340e016d6c43864ead55f3f7e0b8da6
20271010-0.85-4m,20271010,0.85,4,px4,denied,flight,0.4146372989744356,0.03035980352332495,0.08512258735078773,1.2109548299844033,1.1838598729519336,True,True,True,,22.32770098381605,4670,1.0,1.0,1.0,1.0,4446c60b21768aa205ae7d51a742cd4b7283eb3fa0521fa4868a43c9efcb6e0e,b44db1470e2c01d137d8c0281a9f597a8340e016d6c43864ead55f3f7e0b8da6
20271010-0.85-4m,20271010,0.85,4,px4,denied,outage_window,0.26172355701114175,0.01703746098369218,0.08500177423980763,1.384206284102708,1.3739183832691657,True,True,True,,16.220941309894755,1500,1.0,1.0,1.0,1.0,4446c60b21768aa205ae7d51a742cd4b7283eb3fa0521fa4868a43c9efcb6e0e,b44db1470e2c01d137d8c0281a9f597a8340e016d6c43864ead55f3f7e0b8da6
20271010-0.85-4m,20271010,0.85,4,px4,denied,after_return,0.5763105837878892,0.0378317561542562,0.08073289701531534,0.7966793472436926,0.7946952508694171,True,True,True,,21.075673984015843,1970,1.0,1.0,1.0,1.0,4446c60b21768aa205ae7d51a742cd4b7283eb3fa0521fa4868a43c9efcb6e0e,b44db1470e2c01d137d8c0281a9f597a8340e016d6c43864ead55f3f7e0b8da6
20271010-0.85-4m,20271010,0.85,4,ekf3,denied,flight,0.3788733399947838,0.07768272474808217,0.15365134750983978,0.6309463325182609,0.6135038901823675,True,True,True,,39.22819825169373,4670,1.0,1.0,1.0,1.0,5cf96b69ca8325e0b719e0c999c90c14e6776bfa8d18aa3f2b42162e0e6171fa,b44db1470e2c01d137d8c0281a9f597a8340e016d6c43864ead55f3f7e0b8da6
20271010-0.85-4m,20271010,0.85,4,ekf3,denied,outage_window,0.2745434365642176,0.0711720688191653,0.14905511953679804,0.7640627103102715,0.745173560197292,True,True,True,,33.50431718742337,1500,1.0,1.0,1.0,1.0,5cf96b69ca8325e0b719e0c999c90c14e6776bfa8d18aa3f2b42162e0e6171fa,b44db1470e2c01d137d8c0281a9f597a8340e016d6c43864ead55f3f7e0b8da6
20271010-0.85-4m,20271010,0.85,4,ekf3,denied,after_return,0.48521242210032584,0.08649698451361897,0.14438302767088487,0.22040021831188772,0.18639972663314325,True,True,True,,47.56720357062184,1970,1.0,1.0,1.0,1.0,5cf96b69ca8325e0b719e0c999c90c14e6776bfa8d18aa3f2b42162e0e6171fa,b44db1470e2c01d137d8c0281a9f597a8340e016d6c43864ead55f3f7e0b8da6
20271010-0.85-4m,20271010,0.85,4,horizon,transition,flight,0.09048326200150311,0.034121932467640136,0.026084010134007723,0.10905679227116559,0.09852326807797054,True,,True,,5.908387030527705,4670,1.0,1.0,1.0,1.0,621a0f19537fb69a14fab07effe06d9c9106af096ce1fb9dd539cebfeb484ab8,0462b1fcdc467888734921eb04a416a2a199dbc8b89b3a65abeef8fe84756546
20271010-0.85-4m,20271010,0.85,4,horizon,transition,outage_window,0.14056223241430302,0.026962821404460758,0.03625867266166458,0.07562055694659364,0.06940013059190166,True,,True,,5.384355133524885,1500,1.0,1.0,1.0,1.0,621a0f19537fb69a14fab07effe06d9c9106af096ce1fb9dd539cebfeb484ab8,0462b1fcdc467888734921eb04a416a2a199dbc8b89b3a65abeef8fe84756546
20271010-0.85-4m,20271010,0.85,4,horizon,transition,after_return,0.0640040452731131,0.04432620587342087,0.02272967296652129,0.07488610128879718,0.06465044088228104,True,,True,,7.040423723094506,1970,1.0,1.0,1.0,1.0,621a0f19537fb69a14fab07effe06d9c9106af096ce1fb9dd539cebfeb484ab8,0462b1fcdc467888734921eb04a416a2a199dbc8b89b3a65abeef8fe84756546
20271010-0.85-4m,20271010,0.85,4,retrodiction,transition,flight,0.11051442167949052,0.03622362182982278,0.02773400502665,0.10798518518844742,0.09787593879090425,True,,True,,6.69170731442567,4670,1.0,1.0,1.0,1.0,7786f2ffec9eef39d882adc23841bb3b7a06c73bae200f7413df0d66c4e1c91a,0462b1fcdc467888734921eb04a416a2a199dbc8b89b3a65abeef8fe84756546
20271010-0.85-4m,20271010,0.85,4,retrodiction,transition,outage_window,0.17725062785038015,0.026993530039449595,0.03803311774525195,0.0549124651942929,0.047280403065419155,True,,True,,6.293013178213702,1500,1.0,1.0,1.0,1.0,7786f2ffec9eef39d882adc23841bb3b7a06c73bae200f7413df0d66c4e1c91a,0462b1fcdc467888734921eb04a416a2a199dbc8b89b3a65abeef8fe84756546
20271010-0.85-4m,20271010,0.85,4,retrodiction,transition,after_return,0.06845334754776031,0.048560194349310457,0.023685704002660044,0.07188237532755469,0.06367093471619198,True,,True,,8.046835874986701,1970,1.0,1.0,1.0,1.0,7786f2ffec9eef39d882adc23841bb3b7a06c73bae200f7413df0d66c4e1c91a,0462b1fcdc467888734921eb04a416a2a199dbc8b89b3a65abeef8fe84756546
20271010-0.85-4m,20271010,0.85,4,horizon_joint,transition,flight,0.08922162521239795,0.03035220391748392,0.026095032113033215,0.11081804457638819,0.09970088772984459,True,,True,,6.315499240082089,4670,1.0,1.0,1.0,1.0,b96a7ffc2fdea8b11a052dbfd6b4cebb715f45a1a13b2894f6fcf31f918e4924,0462b1fcdc467888734921eb04a416a2a199dbc8b89b3a65abeef8fe84756546
20271010-0.85-4m,20271010,0.85,4,horizon_joint,transition,outage_window,0.1379778285078064,0.02941333423420755,0.036955621325998375,0.07801105553889663,0.07138420954279126,True,,True,,5.789067517136078,1500,1.0,1.0,1.0,1.0,b96a7ffc2fdea8b11a052dbfd6b4cebb715f45a1a13b2894f6fcf31f918e4924,0462b1fcdc467888734921eb04a416a2a199dbc8b89b3a65abeef8fe84756546
20271010-0.85-4m,20271010,0.85,4,horizon_joint,transition,after_return,0.06409273255878803,0.03473456399142871,0.021990832965043578,0.07856641013116808,0.06662745784308922,True,,True,,7.368415689751009,1970,1.0,1.0,1.0,1.0,b96a7ffc2fdea8b11a052dbfd6b4cebb715f45a1a13b2894f6fcf31f918e4924,0462b1fcdc467888734921eb04a416a2a199dbc8b89b3a65abeef8fe84756546
20271010-0.85-4m,20271010,0.85,4,retrodiction_joint,transition,flight,0.10749581140668414,0.025938985962668814,0.027505975345362272,0.10971607848969457,0.09898818848768898,True,,True,,7.085180457677781,4670,1.0,1.0,1.0,1.0,473123d3d61a2e4343ebed2527cbaef2c76cbe8203514a66e58edc1bf2bcd36c,0462b1fcdc467888734921eb04a416a2a199dbc8b89b3a65abeef8fe84756546
20271010-0.85-4m,20271010,0.85,4,retrodiction_joint,transition,outage_window,0.17152417025665068,0.02615592908278606,0.03820010248071297,0.05809749720404617,0.0498141215321225,True,,True,,6.668436427802234,1500,1.0,1.0,1.0,1.0,473123d3d61a2e4343ebed2527cbaef2c76cbe8203514a66e58edc1bf2bcd36c,0462b1fcdc467888734921eb04a416a2a199dbc8b89b3a65abeef8fe84756546
20271010-0.85-4m,20271010,0.85,4,retrodiction_joint,transition,after_return,0.0681699845318062,0.029036936041494304,0.02298343809227002,0.07554938400425842,0.06542335371370075,True,,True,,8.37689595613513,1970,1.0,1.0,1.0,1.0,473123d3d61a2e4343ebed2527cbaef2c76cbe8203514a66e58edc1bf2bcd36c,0462b1fcdc467888734921eb04a416a2a199dbc8b89b3a65abeef8fe84756546
20271010-0.85-4m,20271010,0.85,4,px4,transition,flight,0.3150749698778716,0.055464269434814625,0.19399476722046458,3.5501386757754565,3.5373954434093577,True,True,True,,1537.758269360531,4670,1.0,1.0,1.0,1.0,12cfb3412790330aa1a60a1633718735c105a25e016f8b5a29d2f71c5ece0bc0,0462b1fcdc467888734921eb04a416a2a199dbc8b89b3a65abeef8fe84756546
20271010-0.85-4m,20271010,0.85,4,px4,transition,outage_window,0.45210636489784795,0.04690080204093885,0.19069702249722328,3.5938030226911857,3.591162853296718,True,True,True,,1340.2592503933379,1500,1.0,1.0,1.0,1.0,12cfb3412790330aa1a60a1633718735c105a25e016f8b5a29d2f71c5ece0bc0,0462b1fcdc467888734921eb04a416a2a199dbc8b89b3a65abeef8fe84756546
20271010-0.85-4m,20271010,0.85,4,px4,transition,after_return,0.23512934350409773,0.044583761927961076,0.18002822805652857,3.444242524192689,3.442231624123956,True,True,True,,2225.0529478943286,1970,1.0,1.0,1.0,1.0,12cfb3412790330aa1a60a1633718735c105a25e016f8b5a29d2f71c5ece0bc0,0462b1fcdc467888734921eb04a416a2a199dbc8b89b3a65abeef8fe84756546
20271010-0.85-4m,20271010,0.85,4,ekf3,transition,flight,0.15293490325220938,0.05751053650242854,0.08661641683072055,0.7282188321261575,0.7117183186848655,True,True,True,,97.08758531574516,4670,1.0,1.0,1.0,1.0,1a79a3abf1a358c0c4d4095bcd00502b17e2809f24ed8f90a58505b9dfd1d1f7,0462b1fcdc467888734921eb04a416a2a199dbc8b89b3a65abeef8fe84756546
20271010-0.85-4m,20271010,0.85,4,ekf3,transition,outage_window,0.18058027011907263,0.06265131554883745,0.12810291358852824,0.7002157190132785,0.6817651972001761,True,True,True,,87.303041245053,1500,1.0,1.0,1.0,1.0,1a79a3abf1a358c0c4d4095bcd00502b17e2809f24ed8f90a58505b9dfd1d1f7,0462b1fcdc467888734921eb04a416a2a199dbc8b89b3a65abeef8fe84756546
20271010-0.85-4m,20271010,0.85,4,ekf3,transition,after_return,0.17038172324086984,0.06286703590154133,0.0635917191251043,0.7090035488685643,0.6957490875302903,True,True,True,,122.97179463177342,1970,1.0,1.0,1.0,1.0,1a79a3abf1a358c0c4d4095bcd00502b17e2809f24ed8f90a58505b9dfd1d1f7,0462b1fcdc467888734921eb04a416a2a199dbc8b89b3a65abeef8fe84756546
