attitude_rmse_deg,attitude_valid_fraction,baro_active_fraction,baro_fused_accepted_hz,dataset,delay_profile,end_s,finite_fraction,flow_active_fraction,flow_fused_accepted_hz,frequency,gps_active_fraction,gps_fused_accepted_hz,horizontal_position_rmse_m,mag_active_fraction,mag_fused_accepted_hz,max_horizontal_error_m,max_output_gap_s,name,nonzero_step_status_rows,position_3d_rmse_m,position_valid_fraction,prediction_accepted_fraction,profile,row_coverage,rows,scenario,seed,start_s,terminal_horizontal_error_m,velocity_3d_rmse_m_s,vertical_position_rmse_m,window,yaw_rmse_deg
0.43402248228821266,1.0,,49.8936170212766,original,zero,60,1.0,,99.76595744680851,0.6,,10.0,0.03684485509251833,,50.0,0.07803792693836668,0.010000000000005116,retrodiction,0,0.053896032141642625,1.0,1.0,100/50/50 Hz,1.0,4700,gps,7,13,0.017844360603642723,0.04112024275943897,0.039334958164771214,flight,0.3725685355366014
0.37565512783414867,1.0,,49.714285714285715,original,zero,25,1.0,,99.85714285714286,0.6,,10.0,0.03129797281718385,,50.0,0.05237399488923282,0.010000000000001563,retrodiction,0,0.04331258309566733,1.0,1.0,100/50/50 Hz,1.0,700,gps,7,18,0.02674554059523467,0.039982647823800684,0.029940219637703207,before_outage,0.3363117146458071
0.33312583370850885,1.0,,49.93333333333333,original,zero,40,1.0,,99.93333333333334,0.6,,10.0,0.034652603713758945,,50.0,0.054905806313975195,0.010000000000005116,retrodiction,0,0.05041109747595719,1.0,1.0,100/50/50 Hz,1.0,1500,gps,7,25,0.00813040745541054,0.04076124661364719,0.03661250885404656,outage_window,0.2851489547726846
0.38701564400778843,1.0,,50.0,original,zero,60,1.0,,100.0,0.6,,10.0,0.04221329007059771,,50.0,0.07803792693836668,0.010000000000005116,retrodiction,0,0.06191903977342688,1.0,1.0,100/50/50 Hz,1.0,2000,gps,7,40,0.017844360603642723,0.04037381517495216,0.04529906873081164,after_return,0.34010322247372643
0.4307492118094883,1.0,,49.8936170212766,original,zero,60,1.0,,99.74468085106383,0.6,,10.0,0.03813970760635042,,50.0,0.08355978818039164,0.010000000000005116,horizon,0,0.06685729520582276,1.0,1.0,100/50/50 Hz,1.0,4700,gps,7,13,0.035025485721263516,0.04379513339772169,0.05491138885459579,flight,0.36822390575065744
0.36130929806288525,1.0,,49.714285714285715,original,zero,25,1.0,,99.85714285714286,0.6,,10.0,0.03345071179367397,,50.0,0.061601202370359986,0.010000000000001563,horizon,0,0.05195658502915899,1.0,1.0,100/50/50 Hz,1.0,700,gps,7,18,0.03213041981270085,0.04216421159742465,0.039755963180242396,before_outage,0.32804344708096395
0.33900579779273754,1.0,,49.93333333333333,original,zero,40,1.0,,99.93333333333334,0.6,,10.0,0.03547288228641303,,50.0,0.06618533954327131,0.010000000000005116,horizon,0,0.061832315646582287,1.0,1.0,100/50/50 Hz,1.0,1500,gps,7,25,0.016641599237493938,0.04311162488393088,0.050644939337636384,outage_window,0.27939499007459334
0.39085423175974465,1.0,,50.0,original,zero,60,1.0,,100.0,0.6,,10.0,0.04332671978769556,,50.0,0.08355978818039164,0.010000000000005116,horizon,0,0.07832937886936064,1.0,1.0,100/50/50 Hz,1.0,2000,gps,7,40,0.035025485721263516,0.042095525340623254,0.06525555107803743,after_return,0.3425428149622522
0.9869232187609708,1.0,,49.87234042553192,original,zero,60,1.0,,99.76595744680851,0.6,,0.0,0.48859079323775484,,50.0,0.6380588950595848,0.010000000000005116,retrodiction,0,0.49038486206893667,1.0,1.0,100/50/50 Hz,1.0,4700,denied,7,13,0.5667155912278304,0.058897519851775326,0.04190882615478015,flight,0.8947822619077483
0.9613764644017088,1.0,,49.714285714285715,original,zero,25,1.0,,99.85714285714286,0.6,,0.0,0.414901649226442,,50.0,0.4771885552537867,0.010000000000001563,retrodiction,0,0.4163382897076654,1.0,1.0,100/50/50 Hz,1.0,700,denied,7,18,0.4699184742778431,0.056726161741936725,0.03455709689604122,before_outage,0.8676698447201893
1.0883224501601747,1.0,,49.86666666666667,original,zero,40,1.0,,99.93333333333334,0.6,,0.0,0.5186855877663694,,50.0,0.6380588950595848,0.010000000000005116,retrodiction,0,0.5201694589851438,1.0,1.0,100/50/50 Hz,1.0,1500,denied,7,25,0.5440137640201617,0.05787829332718102,0.03926228603065647,outage_window,0.9955711988918782
0.9275879919434592,1.0,,50.0,original,zero,60,1.0,,100.0,0.6,,0.0,0.5183281550843645,,50.0,0.6100312678134086,0.010000000000005116,retrodiction,0,0.5205175443964694,1.0,1.0,100/50/50 Hz,1.0,2000,denied,7,40,0.5667155912278304,0.06076830591977781,0.04769106490076847,after_return,0.8342688107244849
0.9756514985755839,1.0,,49.87234042553192,original,zero,60,1.0,,99.74468085106383,0.6,,0.0,0.5183478012452801,,50.0,0.6739169264530239,0.010000000000005116,horizon,0,0.5225930545562757,1.0,1.0,100/50/50 Hz,1.0,4700,denied,7,13,0.5956759545619479,0.06013713433462621,0.06647599276913509,flight,0.884349132000634
0.9548278479529286,1.0,,49.714285714285715,original,zero,25,1.0,,99.85714285714286,0.6,,0.0,0.44253599306477553,,50.0,0.5088190898639623,0.010000000000001563,horizon,0,0.4457041994190218,1.0,1.0,100/50/50 Hz,1.0,700,denied,7,18,0.4976949123960093,0.058296293775700295,0.053048357391384714,before_outage,0.8612620503313317
1.0736341350757768,1.0,,49.86666666666667,original,zero,40,1.0,,99.93333333333334,0.6,,0.0,0.5503433361411388,,50.0,0.6739169264530239,0.010000000000005116,horizon,0,0.553499564242542,1.0,1.0,100/50/50 Hz,1.0,1500,denied,7,25,0.5737567474516213,0.05818514412612176,0.059025248679910304,outage_window,0.9817760311073904
0.9088313768847764,1.0,,50.0,original,zero,60,1.0,,100.0,0.6,,0.0,0.5491743748699495,,50.0,0.6494934672842536,0.010000000000005116,horizon,0,0.5548926164631354,1.0,1.0,100/50/50 Hz,1.0,2000,denied,7,40,0.5956759545619479,0.0621245517425841,0.07945641441384411,after_return,0.8166251775094466
0.4253916618719959,1.0,,49.87234042553192,original,zero,60,1.0,,99.76595744680851,0.6,,6.808510638297872,0.05239170986906214,,50.0,0.13731462634347905,0.010000000000005116,retrodiction,0,0.0660104145589034,1.0,1.0,100/50/50 Hz,1.0,4700,transition,7,13,0.016558413047984305,0.042795479026381936,0.0401557413981401,flight,0.36995674102021087
0.37565512783414867,1.0,,49.714285714285715,original,zero,25,1.0,,99.85714285714286,0.6,,10.0,0.03129797281718385,,50.0,0.05237399488923282,0.010000000000001563,retrodiction,0,0.04331258309566733,1.0,1.0,100/50/50 Hz,1.0,700,transition,7,18,0.02674554059523467,0.039982647823800684,0.029940219637703207,before_outage,0.3363117146458071
0.2705174849106641,1.0,,49.86666666666667,original,zero,40,1.0,,99.93333333333334,0.6,,0.0,0.05904468113648306,,50.0,0.10053097866363452,0.010000000000005116,retrodiction,0,0.07095571052253898,1.0,1.0,100/50/50 Hz,1.0,1500,transition,7,25,0.06566273956933048,0.04548309235280095,0.03935020311573233,outage_window,0.24695537052369534
0.4008677298132933,1.0,,50.0,original,zero,60,1.0,,100.0,0.6,,10.0,0.057689911526330115,,50.0,0.13731462634347905,0.010000000000005116,retrodiction,0,0.07333133298810121,1.0,1.0,100/50/50 Hz,1.0,2000,transition,7,40,0.016558413047984305,0.0406814510017215,0.04526984101911542,after_return,0.3554645135213428
0.41863259344901355,1.0,,49.87234042553192,original,zero,60,1.0,,99.74468085106383,0.6,,6.808510638297872,0.052509713665275196,,50.0,0.14305958203269528,0.010000000000005116,horizon,0,0.07808376277783319,1.0,1.0,100/50/50 Hz,1.0,4700,transition,7,13,0.03360656217069918,0.045302911473494786,0.0577910371972656,flight,0.3684323525980547
0.36130929806288525,1.0,,49.714285714285715,original,zero,25,1.0,,99.85714285714286,0.6,,10.0,0.03345071179367397,,50.0,0.061601202370359986,0.010000000000001563,horizon,0,0.05195658502915899,1.0,1.0,100/50/50 Hz,1.0,700,transition,7,18,0.03213041981270085,0.04216421159742465,0.039755963180242396,before_outage,0.32804344708096395
0.2759783737087884,1.0,,49.86666666666667,original,zero,40,1.0,,99.93333333333334,0.6,,0.13333333333333333,0.057161545942419074,,50.0,0.10482042899514872,0.010000000000005116,horizon,0,0.08271809463973498,1.0,1.0,100/50/50 Hz,1.0,1500,transition,7,25,0.06789802872819758,0.047039510480700035,0.05978997279060148,outage_window,0.2531344807963482
0.39705457931622407,1.0,,50.0,original,zero,60,1.0,,100.0,0.6,,9.9,0.05857946613180109,,50.0,0.14305958203269528,0.010000000000005116,horizon,0,0.08772154500048832,1.0,1.0,100/50/50 Hz,1.0,2000,transition,7,40,0.03360656217069918,0.04268670670050249,0.06529560172772639,after_return,0.35802905266303897
0.3770080200377617,1.0,,49.851063829787236,original,nominal,60,1.0,,99.63829787234043,0.6,,10.0,0.04181806161213411,,50.0,0.11538141567081694,0.010000000000005116,retrodiction,0,0.05756331967514895,1.0,1.0,100/50/50 Hz,1.0,4700,gps,7,13,0.033761934728024724,0.03199886209545199,0.03955736966770093,flight,0.3434450351102453
0.3626516095211068,1.0,,49.57142857142857,original,nominal,25,1.0,,99.85714285714286,0.6,,10.0,0.03744489191110823,,50.0,0.08703080737845889,0.010000000000001563,retrodiction,0,0.048087781740670986,1.0,1.0,100/50/50 Hz,1.0,700,gps,7,18,0.04005006923312799,0.03223663117317404,0.03017142393894978,before_outage,0.3366377622632177
0.2855416067801445,1.0,,49.93333333333333,original,nominal,40,1.0,,99.93333333333334,0.6,,10.0,0.031191488744311532,,50.0,0.05551908696732536,0.010000000000005116,retrodiction,0,0.048326018400570214,1.0,1.0,100/50/50 Hz,1.0,1500,gps,7,25,0.010608582446637656,0.031105972398952263,0.036911991064771055,outage_window,0.2591685187732006
0.4211286577701299,1.0,,49.95,original,nominal,60,1.0,,100.0,0.6,,10.0,0.052062591874194784,,50.0,0.11538141567081694,0.010000000000005116,retrodiction,0,0.06915477997929086,1.0,1.0,100/50/50 Hz,1.0,2000,gps,7,40,0.033761934728024724,0.03079059333118995,0.04551780004926815,after_return,0.39636884141596546
0.43102434062112466,1.0,,49.8936170212766,original,nominal,60,1.0,,99.74468085106383,0.6,,10.0,0.03813614631343293,,50.0,0.08354501387873484,0.010000000000005116,horizon,0,0.06361811536007593,1.0,1.0,100/50/50 Hz,1.0,4700,gps,7,13,0.03503507723712728,0.043794404285233575,0.050920515966831725,flight,0.3681719647501008
0.36149469814075746,1.0,,49.714285714285715,original,nominal,25,1.0,,99.85714285714286,0.6,,10.0,0.033460616654456356,,50.0,0.061617466271823726,0.010000000000001563,horizon,0,0.049204513925267944,1.0,1.0,100/50/50 Hz,1.0,700,gps,7,18,0.032132983207197915,0.042164449375932465,0.03607591057375275,before_outage,0.3281493515770751
0.33957653791606035,1.0,,49.93333333333333,original,nominal,40,1.0,,99.93333333333334,0.6,,10.0,0.035465595984095516,,50.0,0.0661771924386155,0.010000000000005116,horizon,0,0.058559565675254985,1.0,1.0,100/50/50 Hz,1.0,1500,gps,7,25,0.016634845411929458,0.04311093416433454,0.0465984359562358,outage_window,0.2794398825418265
0.391160505514742,1.0,,50.0,original,nominal,60,1.0,,100.0,0.6,,10.0,0.043320722686219636,,50.0,0.08354501387873484,0.010000000000005116,horizon,0,0.07460335501744315,1.0,1.0,100/50/50 Hz,1.0,2000,gps,7,40,0.03503507723712728,0.04209457023596064,0.06073693740881504,after_return,0.34246504287832036
0.6689031498144234,1.0,,49.851063829787236,original,nominal,60,1.0,,99.76595744680851,0.6,,0.0,0.26658029175194303,,50.0,0.39680179921483505,0.010000000000005116,retrodiction,0,0.26992228410313546,1.0,1.0,100/50/50 Hz,1.0,4700,denied,7,13,0.1814355186324442,0.05251713605318128,0.04234368317592041,flight,0.6090291907890343
0.5899882219152942,1.0,,49.57142857142857,original,nominal,25,1.0,,99.85714285714286,0.6,,0.0,0.243454482092477,,50.0,0.2988529781067312,0.010000000000001563,retrodiction,0,0.24587003290666684,1.0,1.0,100/50/50 Hz,1.0,700,denied,7,18,0.2919726990581335,0.04993631422973348,0.03438005570980423,before_outage,0.5190624277833293
0.7953582115744323,1.0,,49.86666666666667,original,nominal,40,1.0,,99.93333333333334,0.6,,0.0,0.3036105162452546,,50.0,0.39680179921483505,0.010000000000005116,retrodiction,0,0.30616174233456145,1.0,1.0,100/50/50 Hz,1.0,1500,denied,7,25,0.2990391656847643,0.051240428995534076,0.03944194334239141,outage_window,0.7263491657241145
0.6142870463576032,1.0,,50.0,original,nominal,60,1.0,,100.0,0.6,,0.0,0.25773491001006127,,50.0,0.33830908320106623,0.010000000000005116,retrodiction,0,0.2622409558017064,1.0,1.0,100/50/50 Hz,1.0,2000,denied,7,40,0.1814355186324442,0.05376883139241096,0.04840490741544873,after_return,0.5635929614991587
0.9723738094945079,1.0,,49.87234042553192,original,nominal,60,1.0,,99.74468085106383,0.6,,0.0,0.5163083029533353,,50.0,0.6716904429190239,0.010000000000005116,horizon,0,0.5200641755197253,1.0,1.0,100/50/50 Hz,1.0,4700,denied,7,13,0.5937071548348509,0.06007354311728117,0.062389766472222385,flight,0.881317235074699
0.9512614053296061,1.0,,49.714285714285715,original,nominal,25,1.0,,99.85714285714286,0.6,,0.0,0.44039101177054824,,50.0,0.506775780664619,0.010000000000001563,horizon,0,0.4431717662052798,1.0,1.0,100/50/50 Hz,1.0,700,denied,7,18,0.4956531305629777,0.058220396834643785,0.04956784354014228,before_outage,0.857967171479467
1.070408382279286,1.0,,49.86666666666667,original,nominal,40,1.0,,99.93333333333334,0.6,,0.0,0.5482119650974648,,50.0,0.6716904429190239,0.010000000000005116,horizon,0,0.5509729997010067,1.0,1.0,100/50/50 Hz,1.0,1500,denied,7,25,0.5714456158690282,0.05811981797077693,0.05508981506142034,outage_window,0.9788174466828635
0.9057571229350125,1.0,,50.0,original,nominal,60,1.0,,100.0,0.6,,0.0,0.5471784151190513,,50.0,0.6473990741428265,0.010000000000005116,horizon,0,0.5522520274009621,1.0,1.0,100/50/50 Hz,1.0,2000,denied,7,40,0.5937071548348509,0.06207024181253766,0.07468657038769566,after_return,0.8137594425123366
0.4025862711500175,1.0,,49.829787234042556,original,nominal,60,1.0,,99.63829787234043,0.6,,6.808510638297872,0.048452407064167966,,50.0,0.14870838356122199,0.010000000000005116,retrodiction,0,0.06303994367686332,1.0,1.0,100/50/50 Hz,1.0,4700,transition,7,13,0.034288295073578126,0.03717329254106619,0.040328634349185016,flight,0.37054712325004
0.3626516095211068,1.0,,49.57142857142857,original,nominal,25,1.0,,99.85714285714286,0.6,,10.0,0.03744489191110823,,50.0,0.08703080737845889,0.010000000000001563,retrodiction,0,0.048087781740670986,1.0,1.0,100/50/50 Hz,1.0,700,transition,7,18,0.04005006923312799,0.03223663117317404,0.03017142393894978,before_outage,0.3366377622632177
0.3605989716758789,1.0,,49.86666666666667,original,nominal,40,1.0,,99.93333333333334,0.6,,0.06666666666666667,0.036747910642790746,,50.0,0.06205458177718403,0.010000000000005116,retrodiction,0,0.05396800791519184,1.0,1.0,100/50/50 Hz,1.0,1500,transition,7,25,0.028676673047743483,0.04529389935963623,0.039523878121000174,outage_window,0.33770247427264827
0.43340130029718205,1.0,,49.95,original,nominal,60,1.0,,100.0,0.6,,9.95,0.061925514612779696,,50.0,0.14870838356122199,0.010000000000005116,retrodiction,0,0.07682251775329696,1.0,1.0,100/50/50 Hz,1.0,2000,transition,7,40,0.034288295073578126,0.031244536632157087,0.04546350045803814,after_return,0.409177678639501
0.41861020539670474,1.0,,49.87234042553192,original,nominal,60,1.0,,99.74468085106383,0.6,,6.808510638297872,0.05248722379746988,,50.0,0.1430607254899544,0.010000000000005116,horizon,0,0.07515391571760172,1.0,1.0,100/50/50 Hz,1.0,4700,transition,7,13,0.033614581068198666,0.04530267515157598,0.05378849677879736,flight,0.3682871990291453
0.36149469814075746,1.0,,49.714285714285715,original,nominal,25,1.0,,99.85714285714286,0.6,,10.0,0.033460616654456356,,50.0,0.061617466271823726,0.010000000000001563,horizon,0,0.049204513925267944,1.0,1.0,100/50/50 Hz,1.0,700,transition,7,18,0.032132983207197915,0.042164449375932465,0.03607591057375275,before_outage,0.3281493515770751
0.2756342386351459,1.0,,49.86666666666667,original,nominal,40,1.0,,99.93333333333334,0.6,,0.13333333333333333,0.0571016267831407,,50.0,0.1047160633214347,0.010000000000005116,horizon,0,0.07979050521654367,1.0,1.0,100/50/50 Hz,1.0,1500,transition,7,25,0.0678541947529809,0.047040761516515255,0.05573086166057538,outage_window,0.252748223994126
0.3971441314292456,1.0,,50.0,original,nominal,60,1.0,,100.0,0.6,,9.9,0.05857363414406039,,50.0,0.1430607254899544,0.010000000000005116,horizon,0,0.08440777946566384,1.0,1.0,100/50/50 Hz,1.0,2000,transition,7,40,0.033614581068198666,0.04268537615272231,0.06077666178297312,after_return,0.35796016057879326
0.5577087165454081,1.0,,49.851063829787236,original,stress,60,1.0,,99.70212765957447,0.6,,10.0,0.049333036223132516,,50.0,0.1343011638131447,0.010000000000005116,retrodiction,0,0.06338754508380004,1.0,1.0,100/50/50 Hz,1.0,4700,gps,7,13,0.04903294129107153,0.03671566435978285,0.03980241712205275,flight,0.4993143946005044
0.39208163038841615,1.0,,49.57142857142857,original,stress,25,1.0,,99.85714285714286,0.6,,10.0,0.04205844371576314,,50.0,0.09377290474019712,0.010000000000001563,retrodiction,0,0.051602399400899994,1.0,1.0,100/50/50 Hz,1.0,700,gps,7,18,0.06533475464618387,0.035475088735224494,0.02989807579323439,before_outage,0.3521527066328629
0.4097667658264954,1.0,,49.93333333333333,original,stress,40,1.0,,100.0,0.6,,10.0,0.034624255223425715,,50.0,0.06781350906195599,0.010000000000005116,retrodiction,0,0.0507487883018405,1.0,1.0,100/50/50 Hz,1.0,1500,gps,7,25,0.006305877020537432,0.03377448296223454,0.037102566815896985,outage_window,0.32885499373028343
0.5377261334468472,1.0,,49.95,original,stress,60,1.0,,100.0,0.6,,10.0,0.06241843144242551,,50.0,0.1343011638131447,0.010000000000005116,retrodiction,0,0.07742864375555095,1.0,1.0,100/50/50 Hz,1.0,2000,gps,7,40,0.04903294129107153,0.033045741777583924,0.04581631030638811,after_return,0.47186107377659375
0.43095768958431036,1.0,,49.8936170212766,original,stress,60,1.0,,99.74468085106383,0.6,,10.0,0.03813783890452573,,50.0,0.08354694328735245,0.010000000000005116,horizon,0,0.06697582661453655,1.0,1.0,100/50/50 Hz,1.0,4700,gps,7,13,0.03503229472136903,0.04379487703148639,0.0550569395661701,flight,0.36812016722028595
0.36153753198006156,1.0,,49.714285714285715,original,stress,25,1.0,,99.85714285714286,0.6,,10.0,0.033463549306047724,,50.0,0.061619568274622706,0.010000000000001563,horizon,0,0.05207962601634338,1.0,1.0,100/50/50 Hz,1.0,700,gps,7,18,0.03213769803832803,0.04216496260614591,0.03990586816301462,before_outage,0.3281507924647933
0.3394772630306608,1.0,,49.93333333333333,original,stress,40,1.0,,99.93333333333334,0.6,,10.0,0.035468529459132134,,50.0,0.06617928987628585,0.010000000000005116,horizon,0,0.06195147033210454,1.0,1.0,100/50/50 Hz,1.0,1500,gps,7,25,0.01663482284935924,0.043110805141131026,0.05079338632456301,outage_window,0.27941469085674764
0.391168245425061,1.0,,50.0,original,stress,60,1.0,,100.0,0.6,,10.0,0.04332055511711985,,50.0,0.08354694328735245,0.010000000000005116,horizon,0,0.0784557571024302,1.0,1.0,100/50/50 Hz,1.0,2000,gps,7,40,0.03503229472136903,0.04209496212476881,0.06541127828486544,after_return,0.3424845537123665
1.0048800165614764,1.0,,49.87234042553192,original,stress,60,1.0,,99.7872340425532,0.6,,0.0,0.2724656452944085,,50.0,0.4091257157564044,0.010000000000005116,retrodiction,0,0.2758229397745098,1.0,1.0,100/50/50 Hz,1.0,4700,denied,7,13,0.2746689096971238,0.059939652979320406,0.042904151782250745,flight,0.913621433433249
0.9782922652358002,1.0,,49.714285714285715,original,stress,25,1.0,,99.85714285714286,0.6,,0.0,0.24038314214415177,,50.0,0.3146325836926611,0.010000000000001563,retrodiction,0,0.24297899949697288,1.0,1.0,100/50/50 Hz,1.0,700,denied,7,18,0.30461345656702093,0.060966448156390136,0.03542229763093396,before_outage,0.8741035139309755
1.1587181390895192,1.0,,49.86666666666667,original,stress,40,1.0,,100.0,0.6,,0.0,0.30221541962972337,,50.0,0.4091257157564044,0.010000000000005116,retrodiction,0,0.30480636143311773,1.0,1.0,100/50/50 Hz,1.0,1500,denied,7,25,0.3204704255597062,0.060036091481225136,0.039658014424913235,outage_window,1.051661119326776
0.8910108344634992,1.0,,50.0,original,stress,60,1.0,,100.0,0.6,,0.0,0.26925950218584344,,50.0,0.34237477315578085,0.010000000000005116,retrodiction,0,0.27367968240995355,1.0,1.0,100/50/50 Hz,1.0,2000,denied,7,40,0.2746689096971238,0.05768293873824506,0.048988662429635926,after_return,0.8116713584363604
0.9743394788504566,1.0,,49.87234042553192,original,stress,60,1.0,,99.74468085106383,0.6,,0.0,0.5184044386495508,,50.0,0.6742089043244276,0.010000000000005116,horizon,0,0.5226690824184466,1.0,1.0,100/50/50 Hz,1.0,4700,denied,7,13,0.597726275569279,0.06012367178827329,0.06663188204294514,flight,0.8830765209803492
0.9537473093151396,1.0,,49.714285714285715,original,stress,25,1.0,,99.85714285714286,0.6,,0.0,0.4418027627313579,,50.0,0.5063185279021382,0.010000000000001563,horizon,0,0.44499331148596377,1.0,1.0,100/50/50 Hz,1.0,700,denied,7,18,0.49536531411879897,0.05826272005201899,0.0531917861157478,before_outage,0.8604117778118766
1.0724450642593144,1.0,,49.86666666666667,original,stress,40,1.0,,99.93333333333334,0.6,,0.0,0.5494703698996627,,50.0,0.6742089043244276,0.010000000000005116,horizon,0,0.5526479658841362,1.0,1.0,100/50/50 Hz,1.0,1500,denied,7,25,0.5730063155893275,0.058167485869426105,0.05917843186669633,outage_window,0.9806450264212485
0.9074572253404265,1.0,,50.0,original,stress,60,1.0,,100.0,0.6,,0.0,0.5501096334762274,,50.0,0.6512625626417228,0.010000000000005116,horizon,0,0.5558434476081674,1.0,1.0,100/50/50 Hz,1.0,2000,denied,7,40,0.597726275569279,0.062138726637309794,0.07963246452034639,after_return,0.815195030745282
0.6871800611902864,1.0,,49.829787234042556,original,stress,60,1.0,,99.70212765957447,0.6,,6.808510638297872,0.06123704203806437,,50.0,0.17127842271449056,0.010000000000005116,retrodiction,0,0.07347319515156565,1.0,1.0,100/50/50 Hz,1.0,4700,transition,7,13,0.05726165571401834,0.043292730619395356,0.04059969320337763,flight,0.615331811795201
0.39208163038841615,1.0,,49.57142857142857,original,stress,25,1.0,,99.85714285714286,0.6,,10.0,0.04205844371576314,,50.0,0.09377290474019712,0.010000000000001563,retrodiction,0,0.051602399400899994,1.0,1.0,100/50/50 Hz,1.0,700,transition,7,18,0.06533475464618387,0.035475088735224494,0.02989807579323439,before_outage,0.3521527066328629
0.7671984223534711,1.0,,49.86666666666667,original,stress,40,1.0,,100.0,0.6,,0.06666666666666667,0.060665808593690966,,50.0,0.1025167557325142,0.010000000000005116,retrodiction,0,0.07256724345628346,1.0,1.0,100/50/50 Hz,1.0,1500,transition,7,25,0.05190870483377421,0.05181575291375408,0.03982040294267707,outage_window,0.6872610764674593
0.5936353074879135,1.0,,49.95,original,stress,60,1.0,,100.0,0.6,,9.95,0.07161052806732252,,50.0,0.17127842271449056,0.010000000000005116,retrodiction,0,0.08497673385838579,1.0,1.0,100/50/50 Hz,1.0,2000,transition,7,40,0.05726165571401834,0.03421289007280458,0.04574907176280351,after_return,0.5034028371872344
0.41861190763326167,1.0,,49.87234042553192,original,stress,60,1.0,,99.74468085106383,0.6,,6.808510638297872,0.05249162525508527,,50.0,0.1430720661274209,0.010000000000005116,horizon,0,0.07818217471354948,1.0,1.0,100/50/50 Hz,1.0,4700,transition,7,13,0.033613991798884184,0.04530787853599889,0.05794032896885958,flight,0.36827830729508976
0.36153753198006156,1.0,,49.714285714285715,original,stress,25,1.0,,99.85714285714286,0.6,,10.0,0.033463549306047724,,50.0,0.061619568274622706,0.010000000000001563,horizon,0,0.05207962601634338,1.0,1.0,100/50/50 Hz,1.0,700,transition,7,18,0.03213769803832803,0.04216496260614591,0.03990586816301462,before_outage,0.3281507924647933
0.275818387684604,1.0,,49.86666666666667,original,stress,40,1.0,,99.93333333333334,0.6,,0.13333333333333333,0.05711053099238614,,50.0,0.10477448953623539,0.010000000000005116,horizon,0,0.08279777244974515,1.0,1.0,100/50/50 Hz,1.0,1500,transition,7,25,0.06786416881910583,0.047054629507818566,0.05994879792295655,outage_window,0.2529398541258217
0.39716640810561193,1.0,,50.0,original,stress,60,1.0,,100.0,0.6,,9.9,0.05857501078673524,,50.0,0.1430720661274209,0.010000000000005116,horizon,0,0.08783458916924908,1.0,1.0,100/50/50 Hz,1.0,2000,transition,7,40,0.033613991798884184,0.04268603958233488,0.06545138016775978,after_return,0.35796625041437935
0.5928580687422043,1.0,,49.8936170212766,original,zero,60,1.0,,99.65957446808511,0.6,,10.0,0.0417053552222807,,50.0,0.09105607881354412,0.010000000000005116,retrodiction,0,0.06607669950936676,1.0,1.0,100/50/50 Hz,1.0,4700,gps,19,13,0.06894170630408579,0.04331186887355736,0.05125225423173631,flight,0.4956592509747238
0.4157890260645898,1.0,,50.0,original,zero,25,1.0,,100.0,0.6,,10.0,0.027488835826881986,,50.0,0.04942280516282339,0.010000000000001563,retrodiction,0,0.04665030524916186,1.0,1.0,100/50/50 Hz,1.0,700,gps,19,18,0.04214508034121907,0.042428761770527644,0.03769104515296317,before_outage,0.2769504090461676
0.4972834288174254,1.0,,49.8,original,zero,40,1.0,,100.0,0.6,,10.0,0.04136098531556024,,50.0,0.06796722712351998,0.010000000000005116,retrodiction,0,0.06359559262642356,1.0,1.0,100/50/50 Hz,1.0,1500,gps,19,25,0.037945874413843984,0.0421000740329951,0.04830805621459043,outage_window,0.3712162220238231
0.38301744860229625,1.0,,49.95,original,zero,60,1.0,,100.0,0.6,,10.0,0.04765067613094503,,50.0,0.09105607881354412,0.010000000000005116,retrodiction,0,0.07704741796133449,1.0,1.0,100/50/50 Hz,1.0,2000,gps,19,40,0.06894170630408579,0.04412541148353742,0.06054517056522637,after_return,0.2850818366702341
0.6670788272557036,1.0,,49.8936170212766,original,zero,60,1.0,,99.57446808510639,0.6,,10.0,0.043647277960763224,,50.0,0.1058671577635652,0.010000000000005116,horizon,0,0.09970502834774252,1.0,1.0,100/50/50 Hz,1.0,4700,gps,19,13,0.08222775676968179,0.046798130569170156,0.08964378285436202,flight,0.551306396935464
0.4422235009610974,1.0,,49.857142857142854,original,zero,25,1.0,,100.0,0.6,,10.0,0.028727253317175544,,50.0,0.05654889959714408,0.010000000000001563,horizon,0,0.07990849638481394,1.0,1.0,100/50/50 Hz,1.0,700,gps,19,18,0.036522437692173046,0.04602290402701425,0.07456616331374874,before_outage,0.26115596215464437
0.5357204318027095,1.0,,49.8,original,zero,40,1.0,,100.0,0.6,,10.0,0.04325308278191911,,50.0,0.07820217690590903,0.010000000000005116,horizon,0,0.09433597960700077,1.0,1.0,100/50/50 Hz,1.0,1500,gps,19,25,0.047573011805948334,0.04508530335855774,0.08383583886544535,outage_window,0.3776404414880941
0.4012986469077741,1.0,,49.95,original,zero,60,1.0,,100.0,0.6,,10.0,0.04909993687839988,,50.0,0.1058671577635652,0.010000000000005116,horizon,0,0.11495656896821317,1.0,1.0,100/50/50 Hz,1.0,2000,gps,19,40,0.08222775676968179,0.046462683090672946,0.10394329678955108,after_return,0.28567767989772086
2.6299189616118746,1.0,,49.91489361702128,original,zero,60,1.0,,99.63829787234043,0.6,,0.0,0.25606388438291294,,50.0,0.4228718475435828,0.010000000000005116,retrodiction,0,0.26169490739883555,1.0,1.0,100/50/50 Hz,1.0,4700,denied,19,13,0.354736287483762,0.1038173926113972,0.053995478266418595,flight,2.429793233991126
2.5281526062254205,1.0,,50.0,original,zero,25,1.0,,100.0,0.6,,0.0,0.20098710053982222,,50.0,0.30360782658910956,0.010000000000001563,retrodiction,0,0.2050063191363526,1.0,1.0,100/50/50 Hz,1.0,700,denied,19,18,0.18842454257322128,0.10097922233752901,0.040395250988593194,before_outage,2.3270950666626544
2.6844449751170254,1.0,,49.86666666666667,original,zero,40,1.0,,100.0,0.6,,0.0,0.281985857442381,,50.0,0.3850962990049996,0.010000000000005116,retrodiction,0,0.2863722631442677,1.0,1.0,100/50/50 Hz,1.0,1500,denied,19,25,0.290802503697548,0.1014697307158502,0.04993044462905226,outage_window,2.466991697157723
2.543137283756558,1.0,,49.95,original,zero,60,1.0,,100.0,0.6,,0.0,0.26973292237938024,,50.0,0.4228718475435828,0.010000000000005116,retrodiction,0,0.2772547569755584,1.0,1.0,100/50/50 Hz,1.0,2000,denied,19,40,0.354736287483762,0.1063821534650968,0.06414320579964136,after_return,2.350931568186499
2.684025203529156,1.0,,49.91489361702128,original,zero,60,1.0,,99.57446808510639,0.6,,0.0,0.19761313044424472,,50.0,0.36526343610759904,0.010000000000005116,horizon,0,0.22190771438200382,1.0,1.0,100/50/50 Hz,1.0,4700,denied,19,13,0.2915356176058087,0.10635488639558473,0.10095585361072881,flight,2.4786906615016875
2.5819818634516203,1.0,,49.857142857142854,original,zero,25,1.0,,100.0,0.6,,0.0,0.18346020805116112,,50.0,0.2839408536149985,0.010000000000001563,horizon,0,0.2015279326250945,1.0,1.0,100/50/50 Hz,1.0,700,denied,19,18,0.11995020110664065,0.1031656145500134,0.08340179668310091,before_outage,2.3780718514828196
2.733376492981785,1.0,,49.86666666666667,original,zero,40,1.0,,100.0,0.6,,0.0,0.22362759480167138,,50.0,0.36526343610759904,0.010000000000005116,horizon,0,0.24101934717262044,1.0,1.0,100/50/50 Hz,1.0,1500,denied,19,25,0.23774993668176853,0.10345490086182667,0.08989451904724562,outage_window,2.510256487557799
2.5869465790343744,1.0,,49.95,original,zero,60,1.0,,100.0,0.6,,0.0,0.19605857523689835,,50.0,0.31871785740936864,0.010000000000005116,horizon,0,0.2298387882231639,1.0,1.0,100/50/50 Hz,1.0,2000,denied,19,40,0.2915356176058087,0.10934389681920464,0.119945419453891,after_return,2.39054349398051
0.6580629977582212,1.0,,49.91489361702128,original,zero,60,1.0,,99.65957446808511,0.6,,6.808510638297872,0.049689709989720526,,50.0,0.14264534639605794,0.010000000000005116,retrodiction,0,0.07179595155942652,1.0,1.0,100/50/50 Hz,1.0,4700,transition,19,13,0.06877447025555952,0.04534750109012495,0.05182269176201664,flight,0.5655064121718596
0.4157890260645898,1.0,,50.0,original,zero,25,1.0,,100.0,0.6,,10.0,0.027488835826881986,,50.0,0.04942280516282339,0.010000000000001563,retrodiction,0,0.04665030524916186,1.0,1.0,100/50/50 Hz,1.0,700,transition,19,18,0.04214508034121907,0.042428761770527644,0.03769104515296317,before_outage,0.2769504090461676
0.6982454560199638,1.0,,49.86666666666667,original,zero,40,1.0,,100.0,0.6,,0.0,0.062482211088796306,,50.0,0.10054326857717642,0.010000000000005116,retrodiction,0,0.08016466729942508,1.0,1.0,100/50/50 Hz,1.0,1500,transition,19,25,0.05473547441565791,0.048096351426474296,0.05022297462997002,outage_window,0.6025914396498802
0.39773238514025944,1.0,,49.95,original,zero,60,1.0,,100.0,0.6,,10.0,0.04837853042880626,,50.0,0.14264534639605794,0.010000000000005116,retrodiction,0,0.07747816203652175,1.0,1.0,100/50/50 Hz,1.0,2000,transition,19,40,0.06877447025555952,0.04433444307084395,0.06051762872177483,after_return,0.29405109304690646
0.7628210627585732,1.0,,49.91489361702128,original,zero,60,1.0,,99.57446808510639,0.6,,6.808510638297872,0.0520016804578831,,50.0,0.15480748984094372,0.010000000000005116,horizon,0,0.10558332546005837,1.0,1.0,100/50/50 Hz,1.0,4700,transition,19,13,0.08205320450777669,0.04894053454079352,0.09188941095012436,flight,0.6517287716599955
0.4422235009610974,1.0,,49.857142857142854,original,zero,25,1.0,,100.0,0.6,,10.0,0.028727253317175544,,50.0,0.05654889959714408,0.010000000000001563,horizon,0,0.07990849638481394,1.0,1.0,100/50/50 Hz,1.0,700,transition,19,18,0.036522437692173046,0.04602290402701425,0.07456616331374874,before_outage,0.26115596215464437
0.823722564503364,1.0,,49.86666666666667,original,zero,40,1.0,,100.0,0.6,,0.13333333333333333,0.06541676274294457,,50.0,0.10891022451668207,0.010000000000005116,horizon,0,0.11231657000113558,1.0,1.0,100/50/50 Hz,1.0,1500,transition,19,25,0.060336040055600774,0.051403409999023195,0.09129983049849154,outage_window,0.7103140700748981
0.43487699476986236,1.0,,49.95,original,zero,60,1.0,,100.0,0.6,,9.9,0.04982240762280233,,50.0,0.15480748984094372,0.010000000000005116,horizon,0,0.11516972069724761,1.0,1.0,100/50/50 Hz,1.0,2000,transition,19,40,0.08205320450777669,0.046728706819328614,0.10383540949093115,after_return,0.3067063407561813
0.8166257327731614,1.0,,49.91489361702128,original,nominal,60,1.0,,99.57446808510639,0.6,,10.0,0.04591833104793829,,50.0,0.11059565463621164,0.010000000000005116,retrodiction,0,0.06911368041936493,1.0,1.0,100/50/50 Hz,1.0,4700,gps,19,13,0.047434798956073214,0.03579177779746576,0.051654696735941176,flight,0.7069254624475966
0.8446274068651153,1.0,,50.0,original,nominal,25,1.0,,100.0,0.6,,10.0,0.04740269204455171,,50.0,0.0703560960382304,0.010000000000001563,retrodiction,0,0.06125643905187985,1.0,1.0,100/50/50 Hz,1.0,700,gps,19,18,0.031577125885613906,0.04110003461489778,0.03879866121718718,before_outage,0.6561106893281257
0.56422662968572,1.0,,49.86666666666667,original,nominal,40,1.0,,100.0,0.6,,10.0,0.03507340725342241,,50.0,0.06704896314520188,0.010000000000005116,retrodiction,0,0.05996491251897904,1.0,1.0,100/50/50 Hz,1.0,1500,gps,19,25,0.037787647427139,0.035931472926911595,0.04863791563219363,outage_window,0.42494256512802386
0.38644646174172076,1.0,,49.95,original,nominal,60,1.0,,100.0,0.6,,10.0,0.04817410899920539,,50.0,0.09115317525159432,0.010000000000005116,retrodiction,0,0.07760151091479396,1.0,1.0,100/50/50 Hz,1.0,2000,gps,19,40,0.047434798956073214,0.03159075905464259,0.060837897057603535,after_return,0.30845062724569744
0.6665823571510474,1.0,,49.8936170212766,original,nominal,60,1.0,,99.57446808510639,0.6,,10.0,0.043641293490722106,,50.0,0.105857050501121,0.010000000000005116,horizon,0,0.10033525930291455,1.0,1.0,100/50/50 Hz,1.0,4700,gps,19,13,0.08221679445603178,0.04679670964323855,0.09034711817119437,flight,0.5510919271236873
0.4416809513734809,1.0,,49.857142857142854,original,nominal,25,1.0,,100.0,0.6,,10.0,0.02872184647168859,,50.0,0.056536880417529224,0.010000000000001563,horizon,0,0.08057498031230413,1.0,1.0,100/50/50 Hz,1.0,700,gps,19,18,0.036521442682726155,0.04602050402981077,0.0752820230040675,before_outage,0.26120807453806655
0.5353570025266363,1.0,,49.8,original,nominal,40,1.0,,100.0,0.6,,10.0,0.04324870291205817,,50.0,0.07819833847351552,0.010000000000005116,horizon,0,0.09496218987830461,1.0,1.0,100/50/50 Hz,1.0,1500,gps,19,25,0.04756885116946306,0.04508524375857318,0.08454210313747648,outage_window,0.3776484723735636
0.4010218607064836,1.0,,49.95,original,nominal,60,1.0,,100.0,0.6,,10.0,0.0490959037717299,,50.0,0.105857050501121,0.010000000000005116,horizon,0,0.11560707503213456,1.0,1.0,100/50/50 Hz,1.0,2000,gps,19,40,0.08221679445603178,0.04646262809973298,0.10466416784326253,after_return,0.28567239309043696
3.412899673470269,1.0,,49.91489361702128,original,nominal,60,1.0,,99.63829787234043,0.6,,0.0,0.5190675801564884,,50.0,0.7405512141699131,0.010000000000005116,retrodiction,0,0.5219494892098112,1.0,1.0,100/50/50 Hz,1.0,4700,denied,19,13,0.6692159722456684,0.12917383141394084,0.054773319388826916,flight,3.1537755937592884
3.338438232528724,1.0,,50.0,original,nominal,25,1.0,,100.0,0.6,,0.0,0.4152859079172565,,50.0,0.5708601957352021,0.010000000000001563,retrodiction,0,0.41736984086933515,1.0,1.0,100/50/50 Hz,1.0,700,denied,19,18,0.5664637455968233,0.12775992677350126,0.04165571692618077,before_outage,3.08268474110822
3.372401042755268,1.0,,49.86666666666667,original,nominal,40,1.0,,100.0,0.6,,0.0,0.5380049933077707,,50.0,0.7341935422718939,0.010000000000005116,retrodiction,0,0.540319339683416,1.0,1.0,100/50/50 Hz,1.0,1500,denied,19,25,0.4720553363612848,0.12410747071074751,0.049956140882060296,outage_window,3.115866026830161
3.3312765162699454,1.0,,49.95,original,nominal,60,1.0,,100.0,0.6,,0.0,0.5380305834147185,,50.0,0.7405512141699131,0.010000000000005116,retrodiction,0,0.542009141194118,1.0,1.0,100/50/50 Hz,1.0,2000,denied,19,40,0.6692159722456684,0.1315538717624055,0.06555150988652358,after_return,3.0712182254952562
2.683765029738379,1.0,,49.91489361702128,original,nominal,60,1.0,,99.57446808510639,0.6,,0.0,0.19675970809805277,,50.0,0.3661358660688395,0.010000000000005116,horizon,0,0.22147409028295403,1.0,1.0,100/50/50 Hz,1.0,4700,denied,19,13,0.28824057728781904,0.10634634180196928,0.10166803792653395,flight,2.4783718213576105
2.5810166905237306,1.0,,49.857142857142854,original,nominal,25,1.0,,100.0,0.6,,0.0,0.18483164009948433,,50.0,0.285565009632696,0.010000000000001563,horizon,0,0.20306927540275,1.0,1.0,100/50/50 Hz,1.0,700,denied,19,18,0.11591478778818999,0.10312809150137554,0.08410942533826177,before_outage,2.376965097445897
2.7329860891137736,1.0,,49.86666666666667,original,nominal,40,1.0,,100.0,0.6,,0.0,0.22272140206489355,,50.0,0.3661358660688395,0.010000000000005116,horizon,0,0.24044541477092404,1.0,1.0,100/50/50 Hz,1.0,1500,denied,19,25,0.237832921748098,0.10344035545984533,0.09060449517882505,outage_window,2.5098388822865556
2.5870864648924417,1.0,,49.95,original,nominal,60,1.0,,100.0,0.6,,0.0,0.19434609971012762,,50.0,0.31470935584894705,0.010000000000005116,horizon,0,0.22877061447377253,1.0,1.0,100/50/50 Hz,1.0,2000,denied,19,40,0.28824057728781904,0.10935199035835036,0.1206879760960826,after_return,2.3905806277633084
0.9822154911636048,1.0,,49.91489361702128,original,nominal,60,1.0,,99.57446808510639,0.6,,6.808510638297872,0.061296918963360654,,50.0,0.17675469662004775,0.010000000000005116,retrodiction,0,0.0805235839237063,1.0,1.0,100/50/50 Hz,1.0,4700,transition,19,13,0.0474209990904487,0.043713893972585474,0.05221815099673071,flight,0.8756754106867722
0.8446274068651153,1.0,,50.0,original,nominal,25,1.0,,100.0,0.6,,10.0,0.04740269204455171,,50.0,0.0703560960382304,0.010000000000001563,retrodiction,0,0.06125643905187985,1.0,1.0,100/50/50 Hz,1.0,700,transition,19,18,0.031577125885613906,0.04110003461489778,0.03879866121718718,before_outage,0.6561106893281257
1.0915924104622703,1.0,,49.86666666666667,original,nominal,40,1.0,,100.0,0.6,,0.06666666666666667,0.07609994038215286,,50.0,0.12505255349788297,0.010000000000005116,retrodiction,0,0.09132884084142659,1.0,1.0,100/50/50 Hz,1.0,1500,transition,19,25,0.08681348410194616,0.05653235472688128,0.05049511108287029,outage_window,0.9890442189694941
0.44092845075072107,1.0,,49.95,original,nominal,60,1.0,,100.0,0.6,,9.95,0.05267520293004279,,50.0,0.17675469662004775,0.010000000000005116,retrodiction,0,0.08046977397902567,1.0,1.0,100/50/50 Hz,1.0,2000,transition,19,40,0.0474209990904487,0.032396044743977295,0.060833440807785064,after_return,0.3528704339155705
0.7623452557129411,1.0,,49.91489361702128,original,nominal,60,1.0,,99.57446808510639,0.6,,6.808510638297872,0.05199480782512667,,50.0,0.1548024865877497,0.010000000000005116,horizon,0,0.10619537725514909,1.0,1.0,100/50/50 Hz,1.0,4700,transition,19,13,0.08204598328589673,0.04893981968918661,0.09259588602951853,flight,0.65158185335942
0.4416809513734809,1.0,,49.857142857142854,original,nominal,25,1.0,,100.0,0.6,,10.0,0.02872184647168859,,50.0,0.056536880417529224,0.010000000000001563,horizon,0,0.08057498031230413,1.0,1.0,100/50/50 Hz,1.0,700,transition,19,18,0.036521442682726155,0.04602050402981077,0.0752820230040675,before_outage,0.26120807453806655
0.8235702356531183,1.0,,49.86666666666667,original,nominal,40,1.0,,100.0,0.6,,0.13333333333333333,0.06540611684177923,,50.0,0.10889595477873067,0.010000000000005116,horizon,0,0.11289166064901301,1.0,1.0,100/50/50 Hz,1.0,1500,transition,19,25,0.06034144992547304,0.051405188668340006,0.09201394961510694,outage_window,0.7104065953050586
0.4343303013731942,1.0,,49.95,original,nominal,60,1.0,,100.0,0.6,,9.9,0.049821527788609675,,50.0,0.1548024865877497,0.010000000000005116,horizon,0,0.11581949010457103,1.0,1.0,100/50/50 Hz,1.0,2000,transition,19,40,0.08204598328589673,0.04672872621595486,0.10455605987646828,after_return,0.3067203180291801
0.7478966417893949,1.0,,49.91489361702128,original,stress,60,1.0,,99.44680851063829,0.6,,10.0,0.05376414932468967,,50.0,0.12819396416898157,0.010000000000005116,retrodiction,0,0.0747391628429989,1.0,1.0,100/50/50 Hz,1.0,4700,gps,19,13,0.04317678245676403,0.03945972087718323,0.05191684418244988,flight,0.6340010733528014
0.7770467790673303,1.0,,50.0,original,stress,25,1.0,,100.0,0.6,,10.0,0.042841748394956476,,50.0,0.06591558321951015,0.010000000000001563,retrodiction,0,0.05886175519223868,1.0,1.0,100/50/50 Hz,1.0,700,gps,19,18,0.027468146242368492,0.044221324997867274,0.04036447471198258,before_outage,0.6432471256375337
0.6489576498321515,1.0,,49.86666666666667,original,stress,40,1.0,,100.0,0.6,,10.0,0.04220024459739404,,50.0,0.08638927717555495,0.010000000000005116,retrodiction,0,0.06450393308544447,1.0,1.0,100/50/50 Hz,1.0,1500,gps,19,25,0.056890527546493784,0.0397459466310785,0.04878418534127235,outage_window,0.5452157960339669
0.4657306760563043,1.0,,49.95,original,stress,60,1.0,,100.0,0.6,,10.0,0.056398661094079164,,50.0,0.1272338976612974,0.010000000000005116,retrodiction,0,0.08309845236405428,1.0,1.0,100/50/50 Hz,1.0,2000,gps,19,40,0.04317678245676403,0.031729472268127806,0.061029040727314396,after_return,0.3499633882093665
0.6674812954509478,1.0,,49.8936170212766,original,stress,60,1.0,,99.57446808510639,0.6,,10.0,0.04364326352232076,,50.0,0.10585875733271363,0.010000000000005116,horizon,0,0.0837599748568893,1.0,1.0,100/50/50 Hz,1.0,4700,gps,19,13,0.08221827652204688,0.046798840308899414,0.07149125077341978,flight,0.5518470268978345
0.4421076173855033,1.0,,49.857142857142854,original,stress,25,1.0,,100.0,0.6,,10.0,0.028725481667999334,,50.0,0.056560890476756484,0.010000000000001563,horizon,0,0.06307262056457748,1.0,1.0,100/50/50 Hz,1.0,700,gps,19,18,0.03650931093228678,0.0460229023206124,0.0561515998687891,before_outage,0.2612087340878424
0.5357243328060276,1.0,,49.8,original,stress,40,1.0,,100.0,0.6,,10.0,0.043246745690334425,,50.0,0.07820168245324748,0.010000000000005116,horizon,0,0.07862239208103687,1.0,1.0,100/50/50 Hz,1.0,1500,gps,19,25,0.0475739039034909,0.04508533756605393,0.06565972527919858,outage_window,0.37769128901095694
0.40129039501344227,1.0,,49.95,original,stress,60,1.0,,100.0,0.6,,10.0,0.049094368741100874,,50.0,0.10585875733271363,0.010000000000005116,horizon,0,0.0982280363129165,1.0,1.0,100/50/50 Hz,1.0,2000,gps,19,40,0.08221827652204688,0.046462592999297676,0.0850793163806836,after_return,0.2856879756200394
2.3692352487994404,1.0,,49.91489361702128,original,stress,60,1.0,,99.61702127659575,0.6,,0.0,0.3106429612562877,,50.0,0.44670671675974555,0.010000000000005116,retrodiction,0,0.3155531138254208,1.0,1.0,100/50/50 Hz,1.0,4700,denied,19,13,0.39649703483594073,0.09677625714217476,0.055450142171535585,flight,2.1885983961375337
2.341951951587182,1.0,,50.0,original,stress,25,1.0,,100.0,0.6,,0.0,0.2097423788759623,,50.0,0.29644343055470096,0.010000000000001563,retrodiction,0,0.21407898003566345,1.0,1.0,100/50/50 Hz,1.0,700,denied,19,18,0.21868751022976557,0.09749513452272443,0.04287125139953667,before_outage,2.1658785223271715
2.2650286199682204,1.0,,49.86666666666667,original,stress,40,1.0,,100.0,0.6,,0.0,0.345628389154084,,50.0,0.43255153816122016,0.010000000000005116,retrodiction,0,0.34925045485239814,1.0,1.0,100/50/50 Hz,1.0,1500,denied,19,25,0.36260317838450795,0.09045911078416839,0.05016868371165503,outage_window,2.0933053355289704
2.348053516066635,1.0,,49.95,original,stress,60,1.0,,100.0,0.6,,0.0,0.328776523845291,,50.0,0.44670671675974555,0.010000000000005116,retrodiction,0,0.33545286998127005,1.0,1.0,100/50/50 Hz,1.0,2000,denied,19,40,0.39649703483594073,0.0989401346797388,0.0665929827149803,after_return,2.1645715409339563
2.687388266017857,1.0,,49.91489361702128,original,stress,60,1.0,,99.57446808510639,0.6,,0.0,0.19845923557234973,,50.0,0.3668550702645413,0.010000000000005116,horizon,0,0.21500243416416465,1.0,1.0,100/50/50 Hz,1.0,4700,denied,19,13,0.31487647450277806,0.10645750704442918,0.08270416260717799,flight,2.4814125100043936
2.5822216520771266,1.0,,49.857142857142854,original,stress,25,1.0,,100.0,0.6,,0.0,0.13647032562411487,,50.0,0.21805986276055483,0.010000000000001563,horizon,0,0.15127749929745482,1.0,1.0,100/50/50 Hz,1.0,700,denied,19,18,0.2166509751745821,0.10313944592572294,0.0652742829737677,before_outage,2.377277017134701
2.7362496586346983,1.0,,49.86666666666667,original,stress,40,1.0,,100.0,0.6,,0.0,0.21692948641091508,,50.0,0.3086581531951471,0.010000000000005116,horizon,0,0.22852340420140538,1.0,1.0,100/50/50 Hz,1.0,1500,denied,19,25,0.18295779583628888,0.10353320841637009,0.07186476322437522,outage_window,2.5126278166546463
2.5918776711408142,1.0,,49.95,original,stress,60,1.0,,100.0,0.6,,0.0,0.21512245018960782,,50.0,0.3668550702645413,0.010000000000005116,horizon,0,0.23749165330903593,1.0,1.0,100/50/50 Hz,1.0,2000,denied,19,40,0.31487647450277806,0.10951541707545803,0.10062115491226999,after_return,2.394646698502351
0.8629411619360595,1.0,,49.91489361702128,original,stress,60,1.0,,99.44680851063829,0.6,,6.808510638297872,0.06161123417358957,,50.0,0.18918598735471584,0.010000000000005116,retrodiction,0,0.08094272856496254,1.0,1.0,100/50/50 Hz,1.0,4700,transition,19,13,0.044526275412320446,0.045443927491612184,0.05249553439244439,flight,0.7550146286241539
0.7770467790673303,1.0,,50.0,original,stress,25,1.0,,100.0,0.6,,10.0,0.042841748394956476,,50.0,0.06591558321951015,0.010000000000001563,retrodiction,0,0.05886175519223868,1.0,1.0,100/50/50 Hz,1.0,700,transition,19,18,0.027468146242368492,0.044221324997867274,0.04036447471198258,before_outage,0.6432471256375337
0.9892624599314505,1.0,,49.86666666666667,original,stress,40,1.0,,100.0,0.6,,0.06666666666666667,0.06456329611240624,,50.0,0.10682015046392411,0.010000000000005116,retrodiction,0,0.08207264957856115,1.0,1.0,100/50/50 Hz,1.0,1500,transition,19,25,0.09291286472485828,0.05593169793478382,0.050670510200184905,outage_window,0.9018487644710489
0.4840267256971413,1.0,,49.95,original,stress,60,1.0,,100.0,0.6,,9.95,0.05931051381067799,,50.0,0.18918598735471584,0.010000000000005116,retrodiction,0,0.08510916902542026,1.0,1.0,100/50/50 Hz,1.0,2000,transition,19,40,0.044526275412320446,0.03223800210130826,0.06103960684433451,after_return,0.36115375892207324
0.7635754930464036,1.0,,49.91489361702128,original,stress,60,1.0,,99.57446808510639,0.6,,6.808510638297872,0.052027548758100235,,50.0,0.15482926864485913,0.010000000000005116,horizon,0,0.09022157889406557,1.0,1.0,100/50/50 Hz,1.0,4700,transition,19,13,0.08204958322118346,0.048949846954099194,0.07370934451181614,flight,0.6526834623747495
0.4421076173855033,1.0,,49.857142857142854,original,stress,25,1.0,,100.0,0.6,,10.0,0.028725481667999334,,50.0,0.056560890476756484,0.010000000000001563,horizon,0,0.06307262056457748,1.0,1.0,100/50/50 Hz,1.0,700,transition,19,18,0.03650931093228678,0.0460229023206124,0.0561515998687891,before_outage,0.2612087340878424
0.8250555804462592,1.0,,49.86666666666667,original,stress,40,1.0,,100.0,0.6,,0.13333333333333333,0.06548142112049135,,50.0,0.10901709426251824,0.010000000000005116,horizon,0,0.0981362688081033,1.0,1.0,100/50/50 Hz,1.0,1500,transition,19,25,0.06039559985238463,0.05142823380835124,0.0730952169681244,outage_window,0.7117228065561491
0.4346378550254071,1.0,,49.95,original,stress,60,1.0,,100.0,0.6,,9.9,0.049820820528479096,,50.0,0.15482926864485913,0.010000000000005116,horizon,0,0.0985072680941835,1.0,1.0,100/50/50 Hz,1.0,2000,transition,19,40,0.08204958322118346,0.04672940849573439,0.08497980765598626,after_return,0.30679953551199585
0.5850384344668617,1.0,,49.851063829787236,original,zero,60,1.0,,99.74468085106383,0.6,,10.0,0.02921349105905272,,50.0,0.07644746664866886,0.010000000000005116,retrodiction,0,0.059349664539400854,1.0,1.0,100/50/50 Hz,1.0,4700,gps,41,13,0.01292631951476128,0.04364877854432182,0.051661926223110013,flight,0.410590613007168
0.5662871259509056,1.0,,49.714285714285715,original,zero,25,1.0,,100.0,0.6,,10.0,0.019411206872760992,,50.0,0.04051150722684469,0.010000000000001563,retrodiction,0,0.0435377183744093,1.0,1.0,100/50/50 Hz,1.0,700,gps,41,18,0.013738809523686396,0.03962763189467314,0.03897098881209269,before_outage,0.3292030865964105
0.5771132985604046,1.0,,49.93333333333333,original,zero,40,1.0,,100.0,0.6,,10.0,0.04040246541321387,,50.0,0.07644746664866886,0.010000000000005116,retrodiction,0,0.06635918378555627,1.0,1.0,100/50/50 Hz,1.0,1500,gps,41,25,0.02259703371128492,0.04533359310183086,0.05264201802001222,outage_window,0.40206790211312887
0.433507295997133,1.0,,49.9,original,zero,60,1.0,,100.0,0.6,,10.0,0.02391524116020151,,50.0,0.05133331295089175,0.010000000000005116,retrodiction,0,0.06399102545701904,1.0,1.0,100/50/50 Hz,1.0,2000,gps,41,40,0.01292631951476128,0.043333715988661245,0.05935412857830752,after_return,0.27138794497440305
0.6346136500919823,1.0,,49.851063829787236,original,zero,60,1.0,,99.68085106382979,0.6,,10.0,0.03153278718882589,,50.0,0.08293677238214921,0.010000000000005116,horizon,0,0.08213848705269323,1.0,1.0,100/50/50 Hz,1.0,4700,gps,41,13,0.0243458703591173,0.04687401647665162,0.07584467276882188,flight,0.4482982576689933
0.5788003309265278,1.0,,49.714285714285715,original,zero,25,1.0,,100.0,0.6,,10.0,0.02046058649135498,,50.0,0.05140157900733402,0.010000000000001563,horizon,0,0.060489585228329756,1.0,1.0,100/50/50 Hz,1.0,700,gps,41,18,0.01354362111782679,0.04292521628796442,0.056924110195286766,before_outage,0.34415980755938114
0.5957758686309264,1.0,,49.93333333333333,original,zero,40,1.0,,100.0,0.6,,10.0,0.043116569770320204,,50.0,0.08293677238214921,0.010000000000005116,horizon,0,0.08689784791086708,1.0,1.0,100/50/50 Hz,1.0,1500,gps,41,25,0.021082374178492024,0.04835217726798969,0.0754466525618022,outage_window,0.4061371278379253
0.4638461851930073,1.0,,49.9,original,zero,60,1.0,,100.0,0.6,,10.0,0.02539433177907925,,50.0,0.05670835724279699,0.010000000000005116,horizon,0,0.09130601049889886,1.0,1.0,100/50/50 Hz,1.0,2000,gps,41,40,0.0243458703591173,0.04552256102019579,0.08770356587231261,after_return,0.2789734084543215
1.7083775839311988,1.0,,49.87234042553192,original,zero,60,1.0,,99.7872340425532,0.6,,0.0,0.29457785524429764,,50.0,0.4548252057779169,0.010000000000005116,retrodiction,0,0.299574102392425,1.0,1.0,100/50/50 Hz,1.0,4700,denied,41,13,0.2342336982012013,0.07719153087437892,0.05448421811769664,flight,1.5698780297699502
1.6850036326816513,1.0,,49.714285714285715,original,zero,25,1.0,,100.0,0.6,,0.0,0.2916393154390838,,50.0,0.3419589147698975,0.010000000000001563,retrodiction,0,0.29443608046063663,1.0,1.0,100/50/50 Hz,1.0,700,denied,41,18,0.2253714324175605,0.07856995813672456,0.04048598729492804,before_outage,1.562134580904387
1.58799396907801,1.0,,50.0,original,zero,40,1.0,,100.0,0.6,,0.0,0.28551295214916206,,50.0,0.3962544393621816,0.010000000000005116,retrodiction,0,0.29087734330366577,1.0,1.0,100/50/50 Hz,1.0,1500,denied,41,25,0.3962544393621816,0.07068116563578514,0.055605602257946224,outage_window,1.4576629408861286
1.642391473778423,1.0,,49.9,original,zero,60,1.0,,100.0,0.6,,0.0,0.2966400578094226,,50.0,0.4548252057779169,0.010000000000005116,retrodiction,0,0.30316057776405475,1.0,1.0,100/50/50 Hz,1.0,2000,denied,41,40,0.2342336982012013,0.07881307424589487,0.0625380845010294,after_return,1.49157354546049
1.7602660577139286,1.0,,49.87234042553192,original,zero,60,1.0,,99.72340425531915,0.6,,0.0,0.12505066853130578,,50.0,0.26103135120102,0.010000000000005116,horizon,0,0.1519529718845624,1.0,1.0,100/50/50 Hz,1.0,4700,denied,41,13,0.0658887232053607,0.08033373309295115,0.08632517572773364,flight,1.6158891953309344
1.7363954343630479,1.0,,49.714285714285715,original,zero,25,1.0,,100.0,0.6,,0.0,0.10591282472287587,,50.0,0.15525349766273527,0.010000000000001563,horizon,0,0.12357147989457966,1.0,1.0,100/50/50 Hz,1.0,700,denied,41,18,0.08372244216804109,0.0802917230090422,0.0636583396151508,before_outage,1.6068759556427579
1.6343395233791136,1.0,,50.0,original,zero,40,1.0,,100.0,0.6,,0.0,0.13807870895509822,,50.0,0.24670271614361935,0.010000000000005116,horizon,0,0.16128774097788093,1.0,1.0,100/50/50 Hz,1.0,1500,denied,41,25,0.19890732386833987,0.07360276167479234,0.08335469706645988,outage_window,1.4991779824481954
1.6915732182327254,1.0,,49.9,original,zero,60,1.0,,100.0,0.6,,0.0,0.12384085027664035,,50.0,0.26103135120102,0.010000000000005116,horizon,0,0.16008082539441057,1.0,1.0,100/50/50 Hz,1.0,2000,denied,41,40,0.0658887232053607,0.08157316997607555,0.10143625812161305,after_return,1.5343920640759598
0.5994000362125882,1.0,,49.87234042553192,original,zero,60,1.0,,99.74468085106383,0.6,,6.808510638297872,0.0353067039993454,,50.0,0.15621297717974883,0.010000000000005116,retrodiction,0,0.06343981914413467,1.0,1.0,100/50/50 Hz,1.0,4700,transition,41,13,0.012154370876489623,0.04502495670368961,0.052707184574241145,flight,0.42440407750968595
0.5662871259509056,1.0,,49.714285714285715,original,zero,25,1.0,,100.0,0.6,,10.0,0.019411206872760992,,50.0,0.04051150722684469,0.010000000000001563,retrodiction,0,0.0435377183744093,1.0,1.0,100/50/50 Hz,1.0,700,transition,41,18,0.013738809523686396,0.03962763189467314,0.03897098881209269,before_outage,0.3292030865964105
0.6454261986602279,1.0,,50.0,original,zero,40,1.0,,100.0,0.6,,0.0,0.030047452735383895,,50.0,0.052673772817105516,0.010000000000005116,retrodiction,0,0.06337833447314986,1.0,1.0,100/50/50 Hz,1.0,1500,transition,41,25,0.049655747436494126,0.049332300148531655,0.05580290193802942,outage_window,0.4433758578523361
0.40653004901945705,1.0,,49.9,original,zero,60,1.0,,100.0,0.6,,10.0,0.04519888308266367,,50.0,0.15621297717974883,0.010000000000005116,retrodiction,0,0.07459981948737898,1.0,1.0,100/50/50 Hz,1.0,2000,transition,41,40,0.012154370876489623,0.043366779639490455,0.059348075247890125,after_return,0.27306418655780346
0.6501107180578521,1.0,,49.87234042553192,original,zero,60,1.0,,99.68085106382979,0.6,,6.808510638297872,0.03722830182260116,,50.0,0.15711552376537422,0.010000000000005116,horizon,0,0.08705706365116607,1.0,1.0,100/50/50 Hz,1.0,4700,transition,41,13,0.02420655392911663,0.04817574639062874,0.0786955263974293,flight,0.46926342678501953
0.5788003309265278,1.0,,49.714285714285715,original,zero,25,1.0,,100.0,0.6,,10.0,0.02046058649135498,,50.0,0.05140157900733402,0.010000000000001563,horizon,0,0.060489585228329756,1.0,1.0,100/50/50 Hz,1.0,700,transition,41,18,0.01354362111782679,0.04292521628796442,0.056924110195286766,before_outage,0.34415980755938114
0.6734759861707637,1.0,,50.0,original,zero,40,1.0,,100.0,0.6,,0.13333333333333333,0.03238420178543535,,50.0,0.06396887692868376,0.010000000000005116,horizon,0,0.09015892722427118,1.0,1.0,100/50/50 Hz,1.0,1500,transition,41,25,0.0541643974137122,0.05201018084526247,0.08414211569096437,outage_window,0.46563655188791697
0.4335605526195486,1.0,,49.9,original,zero,60,1.0,,100.0,0.6,,9.9,0.04661468263924691,,50.0,0.15711552376537422,0.010000000000005116,horizon,0,0.09929457896789863,1.0,1.0,100/50/50 Hz,1.0,2000,transition,41,40,0.02420655392911663,0.04569160310431124,0.08767259990929063,after_return,0.2900520696003834
0.7363639981786896,1.0,,49.8936170212766,original,nominal,60,1.0,,99.72340425531915,0.6,,10.0,0.04880550329884919,,50.0,0.13242488795752608,0.010000000000005116,retrodiction,0,0.07124441839045237,1.0,1.0,100/50/50 Hz,1.0,4700,gps,41,13,0.03487521204630114,0.037702585960586454,0.05190173407064401,flight,0.6710937732884296
0.5430949641117867,1.0,,49.714285714285715,original,nominal,25,1.0,,100.0,0.6,,10.0,0.04046021024799221,,50.0,0.07714360053302743,0.010000000000001563,retrodiction,0,0.05662912923963488,1.0,1.0,100/50/50 Hz,1.0,700,gps,41,18,0.024593632467413185,0.036886575789715145,0.0396210760218288,before_outage,0.4614602939123616
0.654673569229715,1.0,,50.0,original,nominal,40,1.0,,100.0,0.6,,10.0,0.05960132380472208,,50.0,0.13242488795752608,0.010000000000005116,retrodiction,0,0.08026922718737035,1.0,1.0,100/50/50 Hz,1.0,1500,gps,41,25,0.05956397656989162,0.03760857555166979,0.05376644896199064,outage_window,0.5878794005144142
0.4094819939680411,1.0,,49.95,original,nominal,60,1.0,,100.0,0.6,,10.0,0.041039821284530584,,50.0,0.09623765470795648,0.010000000000005116,retrodiction,0,0.07172355319818775,1.0,1.0,100/50/50 Hz,1.0,2000,gps,41,40,0.03487521204630114,0.032166274431065685,0.058821774474314,after_return,0.35134398341247436
0.6350007436100349,1.0,,49.851063829787236,original,nominal,60,1.0,,99.68085106382979,0.6,,10.0,0.03153437153266171,,50.0,0.08293739572214227,0.010000000000005116,horizon,0,0.0727020813826454,1.0,1.0,100/50/50 Hz,1.0,4700,gps,41,13,0.02434727033753959,0.04687403222235131,0.06550706869803327,flight,0.4485973203011659
0.5789615054897194,1.0,,49.714285714285715,original,nominal,25,1.0,,100.0,0.6,,10.0,0.020469040059320476,,50.0,0.051412999112782666,0.010000000000001563,horizon,0,0.05176577794529315,1.0,1.0,100/50/50 Hz,1.0,700,gps,41,18,0.013538721718384229,0.04292525759919059,0.0475469679930417,before_outage,0.3441131240094725
0.5960416377607989,1.0,,49.93333333333333,original,nominal,40,1.0,,100.0,0.6,,10.0,0.043117925391678455,,50.0,0.08293739572214227,0.010000000000005116,horizon,0,0.07790273335837486,1.0,1.0,100/50/50 Hz,1.0,1500,gps,41,25,0.021087065197568644,0.04835275388706683,0.0648820497104068,outage_window,0.4061920307155505
0.46399396806533877,1.0,,49.9,original,nominal,60,1.0,,100.0,0.6,,10.0,0.025395245266194987,,50.0,0.05671370963394055,0.010000000000005116,horizon,0,0.08086950101491466,1.0,1.0,100/50/50 Hz,1.0,2000,gps,41,40,0.02434727033753959,0.0455226991047877,0.07677862796554186,after_return,0.2789989233439618
1.6768650328016514,1.0,,49.87234042553192,original,nominal,60,1.0,,99.76595744680851,0.6,,0.0,0.3580737423909888,,50.0,0.5375748405397949,0.010000000000005116,retrodiction,0,0.3622871518515148,1.0,1.0,100/50/50 Hz,1.0,4700,denied,41,13,0.3118639686004739,0.07627815814296227,0.05509242603837942,flight,1.5359335619369812
1.688087307163019,1.0,,49.714285714285715,original,nominal,25,1.0,,100.0,0.6,,0.0,0.3766786524438119,,50.0,0.4550524081615879,0.010000000000001563,retrodiction,0,0.3788748953024966,1.0,1.0,100/50/50 Hz,1.0,700,denied,41,18,0.36404860338264233,0.07827904938063511,0.04073547696531535,before_outage,1.5468770009987654
1.5883779213313585,1.0,,50.0,original,nominal,40,1.0,,100.0,0.6,,0.0,0.4202358431767395,,50.0,0.5375748405397949,0.010000000000005116,retrodiction,0,0.42396782038105446,1.0,1.0,100/50/50 Hz,1.0,1500,denied,41,25,0.44173758052734385,0.07086000681869428,0.056129749938841754,outage_window,1.4552451232505996
1.5910528878084107,1.0,,49.9,original,nominal,60,1.0,,100.0,0.6,,0.0,0.3173133888283932,,50.0,0.45547561880126564,0.010000000000005116,retrodiction,0,0.3235767914314331,1.0,1.0,100/50/50 Hz,1.0,2000,denied,41,40,0.3118639686004739,0.07660783058571745,0.06335734545656184,after_return,1.4517882750622886
1.7743067049126042,1.0,,49.87234042553192,original,nominal,60,1.0,,99.72340425531915,0.6,,0.0,0.19335898755501538,,50.0,0.37572429513333894,0.010000000000005116,horizon,0,0.20772461603311415,1.0,1.0,100/50/50 Hz,1.0,4700,denied,41,13,0.21292779456300323,0.08075456131223085,0.07590664027477514,flight,1.6292181037195537
1.7550602898003,1.0,,49.714285714285715,original,nominal,25,1.0,,100.0,0.6,,0.0,0.16982789097396264,,50.0,0.2732954924739274,0.010000000000001563,horizon,0,0.17837009434833687,1.0,1.0,100/50/50 Hz,1.0,700,denied,41,18,0.10916077384438008,0.08086780704556568,0.05453785845786811,before_outage,1.625489735562632
1.649437765260822,1.0,,50.0,original,nominal,40,1.0,,100.0,0.6,,0.0,0.23640770000637312,,50.0,0.37572429513333894,0.010000000000005116,horizon,0,0.2473911501802613,1.0,1.0,100/50/50 Hz,1.0,1500,denied,41,25,0.26521301975624234,0.07398812538017172,0.07289568276111613,outage_window,1.513608258024577
1.70258242137076,1.0,,49.9,original,nominal,60,1.0,,100.0,0.6,,0.0,0.18140997500019002,,50.0,0.31614968358978535,0.010000000000005116,horizon,0,0.20260158165001554,1.0,1.0,100/50/50 Hz,1.0,2000,denied,41,40,0.21292779456300323,0.08194338572248984,0.09020987671823053,after_return,1.5447251239910957
0.7930854692448744,1.0,,49.8936170212766,original,nominal,60,1.0,,99.72340425531915,0.6,,6.808510638297872,0.05163923147143962,,50.0,0.15389067181266664,0.010000000000005116,retrodiction,0,0.07379000835224231,1.0,1.0,100/50/50 Hz,1.0,4700,transition,41,13,0.034774423350416264,0.04323950478719838,0.0527101043981424,flight,0.7260894713534654
0.5430949641117867,1.0,,49.714285714285715,original,nominal,25,1.0,,100.0,0.6,,10.0,0.04046021024799221,,50.0,0.07714360053302743,0.010000000000001563,retrodiction,0,0.05662912923963488,1.0,1.0,100/50/50 Hz,1.0,700,transition,41,18,0.024593632467413185,0.036886575789715145,0.0396210760218288,before_outage,0.4614602939123616
0.832615366150122,1.0,,50.0,original,nominal,40,1.0,,100.0,0.6,,0.06666666666666667,0.05738763645329947,,50.0,0.09004431941217536,0.010000000000005116,retrodiction,0,0.08031445308470112,1.0,1.0,100/50/50 Hz,1.0,1500,transition,41,25,0.06507877179868396,0.052917558823198825,0.05618781501890415,outage_window,0.7639884633923124
0.4160000238403154,1.0,,49.95,original,nominal,60,1.0,,100.0,0.6,,9.95,0.05047164939658669,,50.0,0.15389067181266664,0.010000000000005116,retrodiction,0,0.07750120581349954,1.0,1.0,100/50/50 Hz,1.0,2000,transition,41,40,0.034774423350416264,0.032380100379502855,0.05881368471482164,after_return,0.35419947370751326
0.6506990059793181,1.0,,49.87234042553192,original,nominal,60,1.0,,99.68085106382979,0.6,,6.808510638297872,0.03724396420056859,,50.0,0.15711540855453157,0.010000000000005116,horizon,0,0.07787063008164775,1.0,1.0,100/50/50 Hz,1.0,4700,transition,41,13,0.024207087813268063,0.04817891029322026,0.068386564177034,flight,0.46984205810043733
0.5789615054897194,1.0,,49.714285714285715,original,nominal,25,1.0,,100.0,0.6,,10.0,0.020469040059320476,,50.0,0.051412999112782666,0.010000000000001563,horizon,0,0.05176577794529315,1.0,1.0,100/50/50 Hz,1.0,700,transition,41,18,0.013538721718384229,0.04292525759919059,0.0475469679930417,before_outage,0.3441131240094725
0.6743973956973367,1.0,,50.0,original,nominal,40,1.0,,100.0,0.6,,0.13333333333333333,0.03243652296356988,,50.0,0.06401563377186226,0.010000000000005116,horizon,0,0.08047292569708334,1.0,1.0,100/50/50 Hz,1.0,1500,transition,41,25,0.054198980077358176,0.05201966630605435,0.07364620661162462,outage_window,0.46659150521565906
0.4336604484620424,1.0,,49.9,original,nominal,60,1.0,,100.0,0.6,,9.9,0.04661571992942448,,50.0,0.15711540855453157,0.010000000000005116,horizon,0,0.08979673650146239,1.0,1.0,100/50/50 Hz,1.0,2000,transition,41,40,0.024207087813268063,0.04569190140275264,0.07674912730301578,after_return,0.2900980143244963
0.8917253933420163,1.0,,49.8936170212766,original,stress,60,1.0,,99.68085106382979,0.6,,10.0,0.056830782128177014,,50.0,0.14521190207424867,0.010000000000005116,retrodiction,0,0.07721229708915227,1.0,1.0,100/50/50 Hz,1.0,4700,gps,41,13,0.016435439546816775,0.042774530942704565,0.05226854718167693,flight,0.8023916361847456
0.5636659859151094,1.0,,49.714285714285715,original,stress,25,1.0,,100.0,0.6,,10.0,0.039378899371803354,,50.0,0.0727466224555697,0.010000000000001563,retrodiction,0,0.05610196276315813,1.0,1.0,100/50/50 Hz,1.0,700,gps,41,18,0.028938429061705087,0.040385574884989346,0.039959135502963115,before_outage,0.4161698526824952
0.7746353311471509,1.0,,50.0,original,stress,40,1.0,,100.0,0.6,,10.0,0.06683676832219292,,50.0,0.14521190207424867,0.010000000000005116,retrodiction,0,0.0861627753881662,1.0,1.0,100/50/50 Hz,1.0,1500,gps,41,25,0.0550469107446895,0.04201052840752832,0.054377111571295225,outage_window,0.6868720913569165
0.5214370164160196,1.0,,49.95,original,stress,60,1.0,,100.0,0.6,,10.0,0.04965003907443001,,50.0,0.12823709708234987,0.010000000000005116,retrodiction,0,0.07715021276766332,1.0,1.0,100/50/50 Hz,1.0,2000,gps,41,40,0.016435439546816775,0.03463572420784803,0.05905107069311524,after_return,0.44823412632840814
0.6334620154104922,1.0,,49.851063829787236,original,stress,60,1.0,,99.68085106382979,0.6,,10.0,0.031535508605575455,,50.0,0.08294153461964206,0.010000000000005116,horizon,0,0.07018769325877676,1.0,1.0,100/50/50 Hz,1.0,4700,gps,41,13,0.024343001102393565,0.04687422979661257,0.06270425808488458,flight,0.4475646468484268
0.5779935302031031,1.0,,49.714285714285715,original,stress,25,1.0,,100.0,0.6,,10.0,0.020456174029977646,,50.0,0.051395777406302086,0.010000000000001563,horizon,0,0.04958218976336301,1.0,1.0,100/50/50 Hz,1.0,700,gps,41,18,0.013557190433158705,0.04292448791967255,0.045165678183609816,before_outage,0.3442364935729775
0.5950206642031718,1.0,,49.93333333333333,original,stress,40,1.0,,100.0,0.6,,10.0,0.043119575335432474,,50.0,0.08294153461964206,0.010000000000005116,horizon,0,0.07552333728893189,1.0,1.0,100/50/50 Hz,1.0,1500,gps,41,25,0.021082090069147127,0.04835092935145498,0.06200384422073952,outage_window,0.40603967683372066
0.4632751649397264,1.0,,49.9,original,stress,60,1.0,,100.0,0.6,,10.0,0.02539570180561087,,50.0,0.056715062258660215,0.010000000000005116,horizon,0,0.0779989461299953,1.0,1.0,100/50/50 Hz,1.0,2000,gps,41,40,0.024343001102393565,0.04552270684062191,0.07374885712463891,after_return,0.27891357963835645
2.0693322734383393,1.0,,49.87234042553192,original,stress,60,1.0,,99.72340425531915,0.6,,0.0,0.1883449264231083,,50.0,0.3349085954229611,0.010000000000005116,retrodiction,0,0.19647638048328306,1.0,1.0,100/50/50 Hz,1.0,4700,denied,41,13,0.09685276734858161,0.08850336879965753,0.055938866439048815,flight,1.8995220747363841
2.184582572909415,1.0,,49.714285714285715,original,stress,25,1.0,,100.0,0.6,,0.0,0.15712126179968208,,50.0,0.21536286803701157,0.010000000000001563,retrodiction,0,0.1625075034528257,1.0,1.0,100/50/50 Hz,1.0,700,denied,41,18,0.1817118657982125,0.09443877172770536,0.04149214105039555,before_outage,1.9996754655807834
2.03376894862165,1.0,,50.0,original,stress,40,1.0,,100.0,0.6,,0.0,0.16768005500627367,,50.0,0.23872489838801805,0.010000000000005116,retrodiction,0,0.17695579402326886,1.0,1.0,100/50/50 Hz,1.0,1500,denied,41,25,0.2373545992896283,0.08507815375309939,0.0565398283646015,outage_window,1.8683531481904372
1.9123205152028573,1.0,,49.9,original,stress,60,1.0,,100.0,0.6,,0.0,0.22078190484329382,,50.0,0.3349085954229611,0.010000000000005116,retrodiction,0,0.23005130224105816,1.0,1.0,100/50/50 Hz,1.0,2000,denied,41,40,0.09685276734858161,0.08543821387533322,0.06464481538819204,after_return,1.7499502448725026
1.752579520469859,1.0,,49.87234042553192,original,stress,60,1.0,,99.72340425531915,0.6,,0.0,0.14842848654055527,,50.0,0.2990135743348128,0.010000000000005116,horizon,0,0.16544281212766926,1.0,1.0,100/50/50 Hz,1.0,4700,denied,41,13,0.06814138983135248,0.08012212745317761,0.07307741421254224,flight,1.6086496644358441
1.7269854838097152,1.0,,49.714285714285715,original,stress,25,1.0,,100.0,0.6,,0.0,0.13633388763226123,,50.0,0.17943835511225312,0.010000000000001563,horizon,0,0.14597332274531566,1.0,1.0,100/50/50 Hz,1.0,700,denied,41,18,0.09152740090942331,0.0799981455529688,0.0521659087564096,before_outage,1.5976824015575026
1.6262078001772209,1.0,,50.0,original,stress,40,1.0,,100.0,0.6,,0.0,0.1519129071758527,,50.0,0.25598052992699194,0.010000000000005116,horizon,0,0.16730603217129797,1.0,1.0,100/50/50 Hz,1.0,1500,denied,41,25,0.23170862008119278,0.07339407595143475,0.07009833831328784,outage_window,1.4914742171323319
1.6851336916713917,1.0,,49.9,original,stress,60,1.0,,100.0,0.6,,0.0,0.1494739488508494,,50.0,0.2990135743348128,0.010000000000005116,horizon,0,0.17298610924417207,1.0,1.0,100/50/50 Hz,1.0,2000,denied,41,40,0.06814138983135248,0.08140630365848743,0.08707314515032917,after_return,1.5283769837052081
0.9366562178555835,1.0,,49.8936170212766,original,stress,60,1.0,,99.68085106382979,0.6,,6.808510638297872,0.0615070681494311,,50.0,0.1652548352638108,0.010000000000005116,retrodiction,0,0.08129142982157575,1.0,1.0,100/50/50 Hz,1.0,4700,transition,41,13,0.014971787623175923,0.04797753149898821,0.053152395337345,flight,0.8495865761612108
0.5636659859151094,1.0,,49.714285714285715,original,stress,25,1.0,,100.0,0.6,,10.0,0.039378899371803354,,50.0,0.0727466224555697,0.010000000000001563,retrodiction,0,0.05610196276315813,1.0,1.0,100/50/50 Hz,1.0,700,transition,41,18,0.028938429061705087,0.040385574884989346,0.039959135502963115,before_outage,0.4161698526824952
0.9123737382568818,1.0,,50.0,original,stress,40,1.0,,100.0,0.6,,0.06666666666666667,0.06763930325359307,,50.0,0.10790071079607638,0.010000000000005116,retrodiction,0,0.08837057615834787,1.0,1.0,100/50/50 Hz,1.0,1500,transition,41,25,0.1051035589626184,0.05672519821605413,0.05687076037760384,outage_window,0.8322775477613049
0.5391439834433871,1.0,,49.95,original,stress,60,1.0,,100.0,0.6,,9.95,0.06070116896547361,,50.0,0.1652548352638108,0.010000000000005116,retrodiction,0,0.08475001398026077,1.0,1.0,100/50/50 Hz,1.0,2000,transition,41,40,0.014971787623175923,0.03492299820231336,0.05914332553956887,after_return,0.4673993224081589
0.6485204960226327,1.0,,49.87234042553192,original,stress,60,1.0,,99.68085106382979,0.6,,6.808510638297872,0.03720305906397435,,50.0,0.1571349274418142,0.010000000000005116,horizon,0,0.07541183892409617,1.0,1.0,100/50/50 Hz,1.0,4700,transition,41,13,0.024205120288258972,0.0481668124597713,0.06559632494428527,flight,0.4679331954197115
0.5779935302031031,1.0,,49.714285714285715,original,stress,25,1.0,,100.0,0.6,,10.0,0.020456174029977646,,50.0,0.051395777406302086,0.010000000000001563,horizon,0,0.04958218976336301,1.0,1.0,100/50/50 Hz,1.0,700,transition,41,18,0.013557190433158705,0.04292448791967255,0.045165678183609816,before_outage,0.3442364935729775
0.6712557949596987,1.0,,50.0,original,stress,40,1.0,,100.0,0.6,,0.13333333333333333,0.03228519394782611,,50.0,0.0638744881333106,0.010000000000005116,horizon,0,0.07781426912296233,1.0,1.0,100/50/50 Hz,1.0,1500,transition,41,25,0.05408526381511121,0.05198257583835822,0.07080061250365043,outage_window,0.46360485590176403
0.43311532013547527,1.0,,49.9,original,stress,60,1.0,,100.0,0.6,,9.9,0.046617336351418535,,50.0,0.1571349274418142,0.010000000000005116,horizon,0,0.08722304186425167,1.0,1.0,100/50/50 Hz,1.0,2000,transition,41,40,0.024205120288258972,0.0456916701392357,0.0737203023837512,after_return,0.2899450875512896
0.48971215585391326,1.0,,24.914893617021278,original,zero,60,1.0,,24.97872340425532,0.6,,10.0,0.03846273862032831,,25.0,0.09069278107102877,0.010000000000005116,retrodiction,0,0.06639319175498164,1.0,1.0,25/25/25 Hz,1.0,4700,gps,7,13,0.01011422335487941,0.04441262325365574,0.05411722137395885,flight,0.4028213307026483
0.511256034923649,1.0,,24.714285714285715,original,zero,25,1.0,,25.0,0.6,,10.0,0.03291397225860366,,25.0,0.05525495194667284,0.010000000000001563,retrodiction,0,0.055647959003341005,1.0,1.0,25/25/25 Hz,1.0,700,gps,7,18,0.02323283817697395,0.04320619037489918,0.044870544585478234,before_outage,0.43812805110813885
0.3363823296858587,1.0,,25.0,original,zero,40,1.0,,25.0,0.6,,10.0,0.028987847391996644,,25.0,0.04458452504087861,0.010000000000005116,retrodiction,0,0.06075389382741702,1.0,1.0,25/25/25 Hz,1.0,1500,gps,7,25,0.007989699908597348,0.04366716521286316,0.05339232453051068,outage_window,0.25868931617221713
0.43630151029065095,1.0,,25.0,original,zero,60,1.0,,25.0,0.6,,10.0,0.04783937284691683,,25.0,0.09069278107102877,0.010000000000005116,retrodiction,0,0.07777780823048766,1.0,1.0,25/25/25 Hz,1.0,2000,gps,7,40,0.01011422335487941,0.04403404014546082,0.06132521389079855,after_return,0.3436070082296755
0.4800216138055245,1.0,,24.893617021276597,original,zero,60,1.0,,24.97872340425532,0.6,,10.0,0.04012728264490214,,25.0,0.09837196187399161,0.010000000000005116,horizon,0,0.06624110247035443,1.0,1.0,25/25/25 Hz,1.0,4700,gps,7,13,0.026216517199346236,0.047703064818173255,0.05270374601509964,flight,0.39143298460321063
0.5003378834997104,1.0,,24.714285714285715,original,zero,25,1.0,,25.0,0.6,,10.0,0.0360196572444272,,25.0,0.06284334539594348,0.010000000000001563,horizon,0,0.05341482413081128,1.0,1.0,25/25/25 Hz,1.0,700,gps,7,18,0.027290604079773795,0.04664892004589586,0.03944271452270346,before_outage,0.43518412739104784
0.33848278666707887,1.0,,24.933333333333334,original,zero,40,1.0,,25.0,0.6,,10.0,0.030711653007528632,,25.0,0.056506577849326126,0.010000000000005116,horizon,0,0.05879023605300163,1.0,1.0,25/25/25 Hz,1.0,1500,gps,7,25,0.016182144385057377,0.046433306931426506,0.05013069144459121,outage_window,0.2573505092632284
0.43558659696385554,1.0,,25.0,original,zero,60,1.0,,25.0,0.6,,10.0,0.04888937279579409,,25.0,0.09837196187399161,0.010000000000005116,horizon,0,0.07904092382575467,1.0,1.0,25/25/25 Hz,1.0,2000,gps,7,40,0.026216517199346236,0.046549223434733604,0.06210714022447517,after_return,0.34300055496087317
0.5935712509609294,1.0,,24.893617021276597,original,zero,60,1.0,,24.97872340425532,0.6,,0.0,0.4934014447106677,,25.0,0.6762961724766605,0.010000000000005116,retrodiction,0,0.4969891683169946,1.0,1.0,25/25/25 Hz,1.0,4700,denied,7,13,0.6006439080202798,0.05461540529242514,0.05960912498807425,flight,0.5423024167367331
0.575657274689416,1.0,,24.714285714285715,original,zero,25,1.0,,25.0,0.6,,0.0,0.37357630678008796,,25.0,0.4478411000671556,0.010000000000001563,retrodiction,0,0.3772577414335425,1.0,1.0,25/25/25 Hz,1.0,700,denied,7,18,0.44749719888737965,0.05707389057092621,0.0525751508232474,before_outage,0.5308644028816879
0.5139299480024294,1.0,,24.933333333333334,original,zero,40,1.0,,25.0,0.6,,0.0,0.46714045331860893,,25.0,0.5350133082213493,0.010000000000005116,retrodiction,0,0.4707436845902534,1.0,1.0,25/25/25 Hz,1.0,1500,denied,7,25,0.5344788953439101,0.05577539720627932,0.058132722754851915,outage_window,0.4658359229247095
0.6719459989893752,1.0,,25.0,original,zero,60,1.0,,25.0,0.6,,0.0,0.580224697216829,,25.0,0.6762961724766605,0.010000000000005116,retrodiction,0,0.5840760977974374,1.0,1.0,25/25/25 Hz,1.0,2000,denied,7,40,0.6006439080202798,0.05188683729246193,0.06696408558265196,after_return,0.6174586644698977
0.6052143696740209,1.0,,24.893617021276597,original,zero,60,1.0,,24.97872340425532,0.6,,0.0,0.49731265257781027,,25.0,0.6885371234851474,0.010000000000005116,horizon,0,0.5013632564294296,1.0,1.0,25/25/25 Hz,1.0,4700,denied,7,13,0.5769196369025156,0.05761100669922945,0.0636022050210855,flight,0.5518681378408882
0.5889731384421795,1.0,,24.714285714285715,original,zero,25,1.0,,25.0,0.6,,0.0,0.37132190490863815,,25.0,0.4424379525114474,0.010000000000001563,horizon,0,0.37504710994882584,1.0,1.0,25/25/25 Hz,1.0,700,denied,7,18,0.43832081803320744,0.060333422311057885,0.052729286131967784,before_outage,0.5423318794408333
0.5268676387403054,1.0,,24.933333333333334,original,zero,40,1.0,,25.0,0.6,,0.0,0.47507588809292745,,25.0,0.536271934836161,0.010000000000005116,horizon,0,0.4788681372069642,1.0,1.0,25/25/25 Hz,1.0,1500,denied,7,25,0.5352390920568162,0.05856126547031095,0.06014643285170125,outage_window,0.47679343819581615
0.6794262482780156,1.0,,25.0,original,zero,60,1.0,,25.0,0.6,,0.0,0.5836429174068223,,25.0,0.6885371234851474,0.010000000000005116,horizon,0,0.5882938998438293,1.0,1.0,25/25/25 Hz,1.0,2000,denied,7,40,0.5769196369025156,0.055048303353155026,0.0738285686866184,after_return,0.6234060290402673
0.4942230171338118,1.0,,24.893617021276597,original,zero,60,1.0,,24.97872340425532,0.6,,6.808510638297872,0.04822252507185358,,25.0,0.12252218437670614,0.010000000000005116,retrodiction,0,0.07369440986800345,1.0,1.0,25/25/25 Hz,1.0,4700,transition,7,13,0.009539606369269593,0.047727649492746604,0.05572660156054501,flight,0.4045388688096649
0.511256034923649,1.0,,24.714285714285715,original,zero,25,1.0,,25.0,0.6,,10.0,0.03291397225860366,,25.0,0.05525495194667284,0.010000000000001563,retrodiction,0,0.055647959003341005,1.0,1.0,25/25/25 Hz,1.0,700,transition,7,18,0.02323283817697395,0.04320619037489918,0.044870544585478234,before_outage,0.43812805110813885
0.337911429394775,1.0,,24.933333333333334,original,zero,40,1.0,,25.0,0.6,,0.0,0.040146251399311314,,25.0,0.06929967096527412,0.010000000000005116,retrodiction,0,0.07098483032677977,1.0,1.0,25/25/25 Hz,1.0,1500,transition,7,25,0.048320764221616505,0.053275511335686886,0.0585416487221278,outage_window,0.2572596141833848
0.44723141606129335,1.0,,25.0,original,zero,60,1.0,,25.0,0.6,,10.0,0.06081287402059872,,25.0,0.12252218437670614,0.010000000000005116,retrodiction,0,0.08626780035409445,1.0,1.0,25/25/25 Hz,1.0,2000,transition,7,40,0.009539606369269593,0.04425159929394732,0.061187643616082234,after_return,0.3491098609306415
0.4864548641573896,1.0,,24.893617021276597,original,zero,60,1.0,,24.97872340425532,0.6,,6.808510638297872,0.04951087363553131,,25.0,0.12487676493750989,0.010000000000005116,horizon,0,0.07486705222132395,1.0,1.0,25/25/25 Hz,1.0,4700,transition,7,13,0.02563392188857335,0.05111389473228232,0.05615824872765263,flight,0.3952344898615186
0.5003378834997104,1.0,,24.714285714285715,original,zero,25,1.0,,25.0,0.6,,10.0,0.0360196572444272,,25.0,0.06284334539594348,0.010000000000001563,horizon,0,0.05341482413081128,1.0,1.0,25/25/25 Hz,1.0,700,transition,7,18,0.027290604079773795,0.04664892004589586,0.03944271452270346,before_outage,0.43518412739104784
0.3514499044523011,1.0,,24.933333333333334,original,zero,40,1.0,,25.0,0.6,,0.13333333333333333,0.040465589299749694,,25.0,0.07564003391502848,0.010000000000005116,horizon,0,0.07312915969569073,1.0,1.0,25/25/25 Hz,1.0,1500,transition,7,25,0.04904712077636554,0.056311006190779576,0.06091313553267324,outage_window,0.26462471902423523
0.44456403327963806,1.0,,25.0,original,zero,60,1.0,,25.0,0.6,,9.9,0.06201715389346732,,25.0,0.12487676493750989,0.010000000000005116,horizon,0,0.08768798027118015,1.0,1.0,25/25/25 Hz,1.0,2000,transition,7,40,0.02563392188857335,0.046880001717639515,0.06199237458746735,after_return,0.34904066525076094
0.37567508253519916,1.0,,24.914893617021278,original,nominal,60,1.0,,24.97872340425532,0.6,,10.0,0.045631788727858544,,25.0,0.12624754461687074,0.010000000000005116,retrodiction,0,0.07130768555060255,1.0,1.0,25/25/25 Hz,1.0,4700,gps,7,13,0.037668141479299054,0.03817820155570551,0.05479530888752881,flight,0.3413003826035033
0.3686987807011018,1.0,,24.857142857142858,original,nominal,25,1.0,,25.0,0.6,,10.0,0.032889034584427636,,25.0,0.07626220220486665,0.010000000000001563,retrodiction,0,0.056385747213436956,1.0,1.0,25/25/25 Hz,1.0,700,gps,7,18,0.04307962864917664,0.03696669834206624,0.04580026083901637,before_outage,0.3456985220968528
0.27909872371091365,1.0,,24.933333333333334,original,nominal,40,1.0,,25.0,0.6,,10.0,0.030204090218167664,,25.0,0.05918689358172529,0.010000000000005116,retrodiction,0,0.06251190031529587,1.0,1.0,25/25/25 Hz,1.0,1500,gps,7,25,0.0044866105079579225,0.03749395259806433,0.054730709981894776,outage_window,0.24909274960962952
0.4215297094625562,1.0,,25.0,original,nominal,60,1.0,,25.0,0.6,,10.0,0.06084170537359357,,25.0,0.12624754461687074,0.010000000000005116,retrodiction,0,0.08653029698767446,1.0,1.0,25/25/25 Hz,1.0,2000,gps,7,40,0.037668141479299054,0.03748689124884501,0.06152868586283946,after_return,0.3907621438129952
0.48061813006192927,1.0,,24.893617021276597,original,nominal,60,1.0,,24.97872340425532,0.6,,10.0,0.04012335634925985,,25.0,0.09836089523143102,0.010000000000005116,horizon,0,0.06709766805431423,1.0,1.0,25/25/25 Hz,1.0,4700,gps,7,13,0.026229214356626854,0.04770232369348223,0.053779302092880045,flight,0.39129211015791465
0.5010950207835131,1.0,,24.714285714285715,original,nominal,25,1.0,,25.0,0.6,,10.0,0.03602287726568111,,25.0,0.0628476667598392,0.010000000000001563,horizon,0,0.054215140794318446,1.0,1.0,25/25/25 Hz,1.0,700,gps,7,18,0.027287915607895008,0.04665046375324736,0.040517080408754125,before_outage,0.4353001990313787
0.3395713022662933,1.0,,24.933333333333334,original,nominal,40,1.0,,25.0,0.6,,10.0,0.030702737583410498,,25.0,0.05649282424399713,0.010000000000005116,horizon,0,0.05965872469567345,1.0,1.0,25/25/25 Hz,1.0,1500,gps,7,25,0.016180641763744518,0.04643353548692672,0.051151787233667506,outage_window,0.25745932100096575
0.4362788447671689,1.0,,25.0,original,nominal,60,1.0,,25.0,0.6,,10.0,0.04888244727534625,,25.0,0.09836089523143102,0.010000000000005116,horizon,0,0.07995801264464109,1.0,1.0,25/25/25 Hz,1.0,2000,gps,7,40,0.026229214356626854,0.046547982980228705,0.06327550975261739,after_return,0.34288724745636406
0.6859788965626374,1.0,,24.893617021276597,original,nominal,60,1.0,,24.97872340425532,0.6,,0.0,0.2501604821483779,,25.0,0.3630721471335042,0.010000000000005116,retrodiction,0,0.25723469082870726,1.0,1.0,25/25/25 Hz,1.0,4700,denied,7,13,0.3518149562864706,0.05717629482622558,0.059911762927089024,flight,0.6278331617305493
0.6285453290114398,1.0,,24.714285714285715,original,nominal,25,1.0,,25.0,0.6,,0.0,0.2359602194305868,,25.0,0.2872394900001245,0.010000000000001563,retrodiction,0,0.241791343342599,1.0,1.0,25/25/25 Hz,1.0,700,denied,7,18,0.16613237632216504,0.05966246982471735,0.05278094885172031,before_outage,0.5876060382806814
0.6248246417086447,1.0,,24.933333333333334,original,nominal,40,1.0,,25.0,0.6,,0.0,0.25117848346871985,,25.0,0.3366077780697568,0.010000000000005116,retrodiction,0,0.25785518388950557,1.0,1.0,25/25/25 Hz,1.0,1500,denied,7,25,0.2750098381522261,0.058348729381657645,0.05829807287590875,outage_window,0.5582196705855725
0.77799300277019,1.0,,25.0,original,nominal,60,1.0,,25.0,0.6,,0.0,0.25661797829929905,,25.0,0.3630721471335042,0.010000000000005116,retrodiction,0,0.2653131134047106,1.0,1.0,25/25/25 Hz,1.0,2000,denied,7,40,0.3518149562864706,0.05463037480541903,0.06736661901922412,after_return,0.7196667952800889
0.6053656046635163,1.0,,24.893617021276597,original,nominal,60,1.0,,24.97872340425532,0.6,,0.0,0.43435628924662684,,25.0,0.6263691251823488,0.010000000000005116,horizon,0,0.4391404999544154,1.0,1.0,25/25/25 Hz,1.0,4700,denied,7,13,0.5137032417939555,0.057600401721773005,0.0646451289125064,flight,0.5519862242823744
0.5883550712355784,1.0,,24.714285714285715,original,nominal,25,1.0,,25.0,0.6,,0.0,0.3074082663989152,,25.0,0.3769675804278587,0.010000000000001563,horizon,0,0.3120664640541626,1.0,1.0,25/25/25 Hz,1.0,700,denied,7,18,0.3727354678279069,0.060297678823649885,0.053718113675756886,before_outage,0.5414996146389333
0.5268304059366137,1.0,,24.933333333333334,original,nominal,40,1.0,,25.0,0.6,,0.0,0.40965226516209724,,25.0,0.47061919832479393,0.010000000000005116,horizon,0,0.41417485424448713,1.0,1.0,25/25/25 Hz,1.0,1500,denied,7,25,0.4694429386768658,0.05854584900874503,0.06103958990691976,outage_window,0.47670117586476246
0.679919065631764,1.0,,25.0,original,nominal,60,1.0,,25.0,0.6,,0.0,0.5197122039394116,,25.0,0.6263691251823488,0.010000000000005116,horizon,0,0.5251001425136033,1.0,1.0,25/25/25 Hz,1.0,2000,denied,7,40,0.5137032417939555,0.055049725729420816,0.07502922593393821,after_return,0.6239182153850819
0.3752263711062586,1.0,,24.914893617021278,original,nominal,60,1.0,,24.97872340425532,0.6,,6.808510638297872,0.048816074632854964,,25.0,0.1524265879110909,0.010000000000005116,retrodiction,0,0.07428900735282609,1.0,1.0,25/25/25 Hz,1.0,4700,transition,7,13,0.03862591492650186,0.04429165056822614,0.055998638116545166,flight,0.34200058387534643
0.3686987807011018,1.0,,24.857142857142858,original,nominal,25,1.0,,25.0,0.6,,10.0,0.032889034584427636,,25.0,0.07626220220486665,0.010000000000001563,retrodiction,0,0.056385747213436956,1.0,1.0,25/25/25 Hz,1.0,700,transition,7,18,0.04307962864917664,0.03696669834206624,0.04580026083901637,before_outage,0.3456985220968528
0.2354777669580086,1.0,,24.933333333333334,original,nominal,40,1.0,,25.0,0.6,,0.06666666666666667,0.023690532435499623,,25.0,0.04470079481153081,0.010000000000005116,retrodiction,0,0.06315736150668098,1.0,1.0,25/25/25 Hz,1.0,1500,transition,7,25,0.012847183610174678,0.05428173795530639,0.05854580245763251,outage_window,0.20254617800674726
0.4401479644877743,1.0,,25.0,original,nominal,60,1.0,,25.0,0.6,,9.95,0.06835025652491997,,25.0,0.1524265879110909,0.010000000000005116,retrodiction,0,0.09190605105846932,1.0,1.0,25/25/25 Hz,1.0,2000,transition,7,40,0.03862591492650186,0.037875399333283676,0.06144074099601667,after_return,0.4118083159470188
0.4868985104808955,1.0,,24.893617021276597,original,nominal,60,1.0,,24.97872340425532,0.6,,6.808510638297872,0.049495589319489115,,25.0,0.12488156709017122,0.010000000000005116,horizon,0,0.07563660317843696,1.0,1.0,25/25/25 Hz,1.0,4700,transition,7,13,0.025648609188600263,0.05110787018751749,0.05719337704917254,flight,0.3948948504270665
0.5010950207835131,1.0,,24.714285714285715,original,nominal,25,1.0,,25.0,0.6,,10.0,0.03602287726568111,,25.0,0.0628476667598392,0.010000000000001563,horizon,0,0.054215140794318446,1.0,1.0,25/25/25 Hz,1.0,700,transition,7,18,0.027287915607895008,0.04665046375324736,0.040517080408754125,before_outage,0.4353001990313787
0.35181445418757473,1.0,,24.933333333333334,original,nominal,40,1.0,,25.0,0.6,,0.13333333333333333,0.04041456131780861,,25.0,0.07557422312584144,0.010000000000005116,horizon,0,0.07386610468582266,1.0,1.0,25/25/25 Hz,1.0,1500,transition,7,25,0.048948539575534016,0.05629591347663686,0.06182931873266922,outage_window,0.263764477359216
0.44527536455332745,1.0,,25.0,original,nominal,60,1.0,,25.0,0.6,,9.9,0.06201063857002408,,25.0,0.12488156709017122,0.010000000000005116,horizon,0,0.08851374015953797,1.0,1.0,25/25/25 Hz,1.0,2000,transition,7,40,0.025648609188600263,0.04687887151187288,0.06316140357186537,after_return,0.3489456558694091
0.4773262689176163,1.0,,24.914893617021278,original,stress,60,1.0,,24.97872340425532,0.6,,10.0,0.051450909168492896,,25.0,0.14209528332178212,0.010000000000005116,retrodiction,0,0.07544340936864481,1.0,1.0,25/25/25 Hz,1.0,4700,gps,7,13,0.04678980786326839,0.042831679110987585,0.05517709636162833,flight,0.4310606218495285
0.44834139003804896,1.0,,24.857142857142858,original,stress,25,1.0,,25.142857142857142,0.6,,10.0,0.040053387882526395,,25.0,0.0881969405159134,0.010000000000001563,retrodiction,0,0.06071825498066147,1.0,1.0,25/25/25 Hz,1.0,700,gps,7,18,0.06352774239869607,0.04353244186208096,0.045633678429735515,before_outage,0.41966816810629665
0.3306899768360208,1.0,,24.933333333333334,original,stress,40,1.0,,24.933333333333334,0.6,,10.0,0.03345606004947904,,25.0,0.06552460183206152,0.010000000000005116,retrodiction,0,0.0644864278026024,1.0,1.0,25/25/25 Hz,1.0,1500,gps,7,25,0.008394483393553637,0.041397478996683834,0.05512886192101106,outage_window,0.29142185852314234
0.5424141832613684,1.0,,25.0,original,stress,60,1.0,,25.0,0.6,,10.0,0.0677371827842403,,25.0,0.14209528332178212,0.010000000000005116,retrodiction,0,0.09174068257439398,1.0,1.0,25/25/25 Hz,1.0,2000,gps,7,40,0.04678980786326839,0.04045526456375751,0.06187105064301183,after_return,0.49527542630015664
0.47921850007127165,1.0,,24.914893617021278,original,stress,60,1.0,,24.97872340425532,0.6,,10.0,0.04012982675509099,,25.0,0.0983802341238718,0.010000000000005116,horizon,0,0.06966623840410764,1.0,1.0,25/25/25 Hz,1.0,4700,gps,7,13,0.026205866722672076,0.04770250953585289,0.05694718410935123,flight,0.39140299930916617
0.4997713461585894,1.0,,24.714285714285715,original,stress,25,1.0,,25.0,0.6,,10.0,0.03601243341916426,,25.0,0.06282983491316353,0.010000000000001563,horizon,0,0.0567765687585807,1.0,1.0,25/25/25 Hz,1.0,700,gps,7,18,0.02728682599659583,0.04664817877101525,0.0438940018593441,before_outage,0.4350784858195027
0.33717533259578597,1.0,,25.0,original,stress,40,1.0,,25.0,0.6,,10.0,0.030713703533851517,,25.0,0.05650871727028689,0.010000000000005116,horizon,0,0.061908457291838526,1.0,1.0,25/25/25 Hz,1.0,1500,gps,7,25,0.01618455171939947,0.04643080437813294,0.05375244645120882,outage_window,0.25725654300592066
0.4347214655354204,1.0,,25.0,original,stress,60,1.0,,25.0,0.6,,10.0,0.04889568161456797,,25.0,0.0983802341238718,0.010000000000005116,horizon,0,0.08284285533888541,1.0,1.0,25/25/25 Hz,1.0,2000,gps,7,40,0.026205866722672076,0.04655032517247283,0.06687414298625662,after_return,0.34310792402577206
0.5392054290016678,1.0,,24.893617021276597,original,stress,60,1.0,,24.97872340425532,0.6,,0.0,0.5465738781236014,,25.0,0.7276434360623059,0.010000000000005116,retrodiction,0,0.5498924787958451,1.0,1.0,25/25/25 Hz,1.0,4700,denied,7,13,0.6481045804847616,0.05759494364849724,0.06032191964091923,flight,0.4879741063522943
0.5593035619658766,1.0,,24.714285714285715,original,stress,25,1.0,,25.142857142857142,0.6,,0.0,0.38102025938346706,,25.0,0.4374294517822538,0.010000000000001563,retrodiction,0,0.38476844680158484,1.0,1.0,25/25/25 Hz,1.0,700,denied,7,18,0.43672350216962164,0.06091368031159214,0.05357536368014216,before_outage,0.5130066302753947
0.49855884690767327,1.0,,24.933333333333334,original,stress,40,1.0,,24.933333333333334,0.6,,0.0,0.5318852726327223,,25.0,0.6080177777092676,0.010000000000005116,retrodiction,0,0.5351289693920328,1.0,1.0,25/25/25 Hz,1.0,1500,denied,7,25,0.605138566601767,0.06038776986577664,0.058830864679976724,outage_window,0.44500532013558414
0.567590441702697,1.0,,25.0,original,stress,60,1.0,,25.0,0.6,,0.0,0.6401753057426312,,25.0,0.7276434360623059,0.010000000000005116,retrodiction,0,0.6437121822140892,1.0,1.0,25/25/25 Hz,1.0,2000,denied,7,40,0.6481045804847616,0.05331066364035318,0.06738658210766811,after_return,0.5188292489797393
0.6013258192467685,1.0,,24.893617021276597,original,stress,60,1.0,,24.97872340425532,0.6,,0.0,0.48389869672804653,,25.0,0.6778459125718733,0.010000000000005116,horizon,0,0.48863991654358246,1.0,1.0,25/25/25 Hz,1.0,4700,denied,7,13,0.5654832125977767,0.057536735058720305,0.0679044869255142,flight,0.5482631011753224
0.5846799128703055,1.0,,24.714285714285715,original,stress,25,1.0,,25.0,0.6,,0.0,0.359129724062889,,25.0,0.42804860169334835,0.010000000000001563,horizon,0,0.36360276621733845,1.0,1.0,25/25/25 Hz,1.0,700,denied,7,18,0.42350341904785904,0.060239815071057724,0.05685783055493487,before_outage,0.5383103847470254
0.5228200425451338,1.0,,24.933333333333334,original,stress,40,1.0,,25.0,0.6,,0.0,0.4593287163061741,,25.0,0.5189289461843907,0.010000000000005116,horizon,0,0.46374933176062644,1.0,1.0,25/25/25 Hz,1.0,1500,denied,7,25,0.5187748733834512,0.05848641317346449,0.06387936352962377,outage_window,0.4730153930834367
0.6758421474270403,1.0,,25.0,original,stress,60,1.0,,25.0,0.6,,0.0,0.5709436785768934,,25.0,0.6778459125718733,0.010000000000005116,horizon,0,0.5763452807002053,1.0,1.0,25/25/25 Hz,1.0,2000,denied,7,40,0.5654832125977767,0.05498131351932763,0.07872228705063974,after_return,0.6201045702482552
0.48664221464558954,1.0,,24.914893617021278,original,stress,60,1.0,,24.97872340425532,0.6,,6.808510638297872,0.05488306849224171,,25.0,0.16456004511810873,0.010000000000005116,retrodiction,0,0.078767187719965,1.0,1.0,25/25/25 Hz,1.0,4700,transition,7,13,0.050324824613025655,0.04915722905443066,0.056498837635725836,flight,0.4444956851503784
0.44834139003804896,1.0,,24.857142857142858,original,stress,25,1.0,,25.142857142857142,0.6,,10.0,0.040053387882526395,,25.0,0.0881969405159134,0.010000000000001563,retrodiction,0,0.06071825498066147,1.0,1.0,25/25/25 Hz,1.0,700,transition,7,18,0.06352774239869607,0.04353244186208096,0.045633678429735515,before_outage,0.41966816810629665
0.35075762360567736,1.0,,24.933333333333334,original,stress,40,1.0,,24.933333333333334,0.6,,0.06666666666666667,0.03168320231400985,,25.0,0.06724229132954064,0.010000000000005116,retrodiction,0,0.06714261359741813,1.0,1.0,25/25/25 Hz,1.0,1500,transition,7,25,0.018358303415474425,0.058970119361622476,0.05919717266746544,outage_window,0.31748719977419215
0.5523228334762674,1.0,,25.0,original,stress,60,1.0,,25.0,0.6,,9.95,0.07438133182888376,,25.0,0.16456004511810873,0.010000000000005116,retrodiction,0,0.09674011463967708,1.0,1.0,25/25/25 Hz,1.0,2000,transition,7,40,0.050324824613025655,0.04100310555827055,0.06185521203471336,after_return,0.5109183828744814
0.48589915741963235,1.0,,24.893617021276597,original,stress,60,1.0,,24.97872340425532,0.6,,6.808510638297872,0.04951671239129632,,25.0,0.12490141488171934,0.010000000000005116,horizon,0,0.0781255490132724,1.0,1.0,25/25/25 Hz,1.0,4700,transition,7,13,0.025627680123687095,0.05110134216621098,0.0604292694195691,flight,0.3951837638514959
0.4997713461585894,1.0,,24.714285714285715,original,stress,25,1.0,,25.0,0.6,,10.0,0.03601243341916426,,25.0,0.06282983491316353,0.010000000000001563,horizon,0,0.0567765687585807,1.0,1.0,25/25/25 Hz,1.0,700,transition,7,18,0.02728682599659583,0.04664817877101525,0.0438940018593441,before_outage,0.4350784858195027
0.3506441866590329,1.0,,24.933333333333334,original,stress,40,1.0,,25.0,0.6,,0.13333333333333333,0.04048082735926376,,25.0,0.07567486886524118,0.010000000000005116,horizon,0,0.07634452455900564,1.0,1.0,25/25/25 Hz,1.0,1500,transition,7,25,0.04906293978975209,0.056275589578769554,0.0647285798272301,outage_window,0.2645387963169121
0.4440569275701402,1.0,,25.0,original,stress,60,1.0,,25.0,0.6,,9.9,0.0620225167691851,,25.0,0.12490141488171934,0.010000000000005116,horizon,0,0.09112670170765895,1.0,1.0,25/25/25 Hz,1.0,2000,transition,7,40,0.025627680123687095,0.046880301917588955,0.06676288772763508,after_return,0.34908713326146534
0.473170598413243,1.0,,24.97872340425532,original,zero,60,1.0,,25.0,0.6,,10.0,0.04372955784145647,,25.0,0.0869847242577615,0.010000000000005116,retrodiction,0,0.07465040509423429,1.0,1.0,25/25/25 Hz,1.0,4700,gps,19,13,0.06492253846968776,0.04714122037951855,0.06050131198349334,flight,0.3810329546276209
0.43847026015038054,1.0,,24.857142857142858,original,zero,25,1.0,,25.0,0.6,,10.0,0.02965711157309458,,25.0,0.05647493968031132,0.010000000000001563,retrodiction,0,0.055177749658989306,1.0,1.0,25/25/25 Hz,1.0,700,gps,19,18,0.04578098443723465,0.047321031834341484,0.046529988078347,before_outage,0.3031994682311184
0.43054324767867763,1.0,,25.0,original,zero,40,1.0,,25.0,0.6,,10.0,0.04490373533801264,,25.0,0.06724921404426218,0.010000000000005116,retrodiction,0,0.07409709158326594,1.0,1.0,25/25/25 Hz,1.0,1500,gps,19,25,0.03457550379727636,0.04550359777214222,0.0589409325833297,outage_window,0.36401226081999555
0.38959214764076144,1.0,,25.0,original,zero,60,1.0,,25.0,0.6,,10.0,0.050036130641611595,,25.0,0.0869847242577615,0.010000000000005116,retrodiction,0,0.08546075066902288,1.0,1.0,25/25/25 Hz,1.0,2000,gps,19,40,0.06492253846968776,0.047999828267265045,0.06928149489819393,after_return,0.33540662437875546
0.462153104080497,1.0,,24.97872340425532,original,zero,60,1.0,,25.0,0.6,,10.0,0.04567723990536753,,25.0,0.10201695221638266,0.010000000000005116,horizon,0,0.08037128157937308,1.0,1.0,25/25/25 Hz,1.0,4700,gps,19,13,0.07995934137889772,0.05082934519257175,0.0661296654863638,flight,0.3695458679220403
0.4158505384285804,1.0,,24.857142857142858,original,zero,25,1.0,,25.0,0.6,,10.0,0.031024144388558942,,25.0,0.06410308348077079,0.010000000000001563,horizon,0,0.058874104543083415,1.0,1.0,25/25/25 Hz,1.0,700,gps,19,18,0.03688806077619696,0.050793623087039844,0.05003661310188532,before_outage,0.295233332131102
0.4326457338005838,1.0,,25.0,original,zero,40,1.0,,25.0,0.6,,10.0,0.047134009524921756,,25.0,0.08007240875051588,0.010000000000005116,horizon,0,0.07823137857516188,1.0,1.0,25/25/25 Hz,1.0,1500,gps,19,25,0.041638850002151666,0.049469867998760714,0.06243823940402934,outage_window,0.36632711223560044
0.3757924666756634,1.0,,25.0,original,zero,60,1.0,,25.0,0.6,,10.0,0.05178656083354589,,25.0,0.10201695221638266,0.010000000000005116,horizon,0,0.09349060376269522,1.0,1.0,25/25/25 Hz,1.0,2000,gps,19,40,0.07995934137889772,0.05125671777158548,0.07783729895716276,after_return,0.3293196275069007
0.3503740520801824,1.0,,25.0,original,zero,60,1.0,,25.0,0.6,,0.0,0.33563216249543354,,25.0,0.41260882359221046,0.010000000000005116,retrodiction,0,0.3418890235313139,1.0,1.0,25/25/25 Hz,1.0,4700,denied,19,13,0.404548533295628,0.054627760212357435,0.065108800555948,flight,0.30132856635313154
0.2363694062301386,1.0,,25.0,original,zero,25,1.0,,25.0,0.6,,0.0,0.34653425244752445,,25.0,0.3837465610714289,0.010000000000001563,retrodiction,0,0.349540328266063,1.0,1.0,25/25/25 Hz,1.0,700,denied,19,18,0.3244062574028663,0.05113809397503785,0.045743337930047444,before_outage,0.1796245717037191
0.4670180916220435,1.0,,25.0,original,zero,40,1.0,,25.0,0.6,,0.0,0.31327301836344873,,25.0,0.38737291911466565,0.010000000000005116,retrodiction,0,0.319682072665607,1.0,1.0,25/25/25 Hz,1.0,1500,denied,19,25,0.3801793964317931,0.056228565549952314,0.06369178557108245,outage_window,0.43004941398978075
0.27184871174237907,1.0,,25.0,original,zero,60,1.0,,25.0,0.6,,0.0,0.36353154469467885,,25.0,0.41260882359221046,0.010000000000005116,retrodiction,0,0.37107479962928847,1.0,1.0,25/25/25 Hz,1.0,2000,denied,19,40,0.404548533295628,0.04978622415291384,0.07444006268010019,after_return,0.20342869570458758
0.34534958889675277,1.0,,25.0,original,zero,60,1.0,,25.0,0.6,,0.0,0.31914798751187506,,25.0,0.403059103223679,0.010000000000005116,horizon,0,0.3280561017882599,1.0,1.0,25/25/25 Hz,1.0,4700,denied,19,13,0.3684208872099766,0.05767650436324337,0.07593002033207415,flight,0.29537203313645766
0.24202788307816395,1.0,,25.0,original,zero,25,1.0,,25.0,0.6,,0.0,0.32999228313033807,,25.0,0.3702072009173704,0.010000000000001563,horizon,0,0.33415824368982683,1.0,1.0,25/25/25 Hz,1.0,700,denied,19,18,0.31506311285308436,0.05529554403509866,0.05260061691935297,before_outage,0.18411763251909763
0.45746565561281877,1.0,,25.0,original,zero,40,1.0,,25.0,0.6,,0.0,0.29627208796482074,,25.0,0.3833795717717501,0.010000000000005116,horizon,0,0.30499093348106643,1.0,1.0,25/25/25 Hz,1.0,1500,denied,19,25,0.36247751354862756,0.05895575881888744,0.0724038631470572,outage_window,0.4202930194086545
0.2681892714047244,1.0,,25.0,original,zero,60,1.0,,25.0,0.6,,0.0,0.3474237138971005,,25.0,0.403059103223679,0.010000000000005116,horizon,0,0.3585060644190762,1.0,1.0,25/25/25 Hz,1.0,2000,denied,19,40,0.3684208872099766,0.05257869163741474,0.08844976680127806,after_return,0.19853440465736832
0.48792781217446485,1.0,,24.97872340425532,original,zero,60,1.0,,25.0,0.6,,6.808510638297872,0.049955892116737226,,25.0,0.1444061412025548,0.010000000000005116,retrodiction,0,0.07958466742071339,1.0,1.0,25/25/25 Hz,1.0,4700,transition,19,13,0.06496492123402198,0.05020042822438409,0.06195262812251366,flight,0.38960743297407796
0.43847026015038054,1.0,,24.857142857142858,original,zero,25,1.0,,25.0,0.6,,10.0,0.02965711157309458,,25.0,0.05647493968031132,0.010000000000001563,retrodiction,0,0.055177749658989306,1.0,1.0,25/25/25 Hz,1.0,700,transition,19,18,0.04578098443723465,0.047321031834341484,0.046529988078347,before_outage,0.3031994682311184
0.4320946723436196,1.0,,25.0,original,zero,40,1.0,,25.0,0.6,,0.0,0.060840041308004585,,25.0,0.0971201627046849,0.010000000000005116,retrodiction,0,0.08806084867894987,1.0,1.0,25/25/25 Hz,1.0,1500,transition,19,25,0.05904585625413914,0.05457892394602184,0.06366476610887065,outage_window,0.3760749048585949
0.4290788618852653,1.0,,25.0,original,zero,60,1.0,,25.0,0.6,,10.0,0.05109339748434617,,25.0,0.1444061412025548,0.010000000000005116,retrodiction,0,0.08598677026941552,1.0,1.0,25/25/25 Hz,1.0,2000,transition,19,40,0.06496492123402198,0.04819310069253917,0.06916060580179911,after_return,0.34832523601204196
0.46006922053778054,1.0,,24.97872340425532,original,zero,60,1.0,,25.0,0.6,,6.808510638297872,0.05031370963249697,,25.0,0.15705205868927985,0.010000000000005116,horizon,0,0.08543828662258177,1.0,1.0,25/25/25 Hz,1.0,4700,transition,19,13,0.07996970061273566,0.053248012256374225,0.06905238188519797,flight,0.35801636879544424
0.4158505384285804,1.0,,24.857142857142858,original,zero,25,1.0,,25.0,0.6,,10.0,0.031024144388558942,,25.0,0.06410308348077079,0.010000000000001563,horizon,0,0.058874104543083415,1.0,1.0,25/25/25 Hz,1.0,700,transition,19,18,0.03688806077619696,0.050793623087039844,0.05003661310188532,before_outage,0.295233332131102
0.3712901067147292,1.0,,25.0,original,zero,40,1.0,,25.0,0.6,,0.13333333333333333,0.05894256935768083,,25.0,0.10472000498095672,0.010000000000005116,horizon,0,0.09306236022442053,1.0,1.0,25/25/25 Hz,1.0,1500,transition,19,25,0.05941592828224443,0.056683620973162735,0.07201650094287278,outage_window,0.31250574772401307
0.4167711956339388,1.0,,25.0,original,zero,60,1.0,,25.0,0.6,,9.9,0.05280414870831209,,25.0,0.15705205868927985,0.010000000000005116,horizon,0,0.09385906124248905,1.0,1.0,25/25/25 Hz,1.0,2000,transition,19,40,0.07996970061273566,0.051424597728093095,0.07759668328293273,after_return,0.3407937704154839
0.43963358547980064,1.0,,24.97872340425532,original,nominal,60,1.0,,24.97872340425532,0.6,,10.0,0.044046421113037804,,25.0,0.10289794637859971,0.010000000000005116,retrodiction,0,0.07550460785365856,1.0,1.0,25/25/25 Hz,1.0,4700,gps,19,13,0.044067943416504135,0.041826087559140745,0.06132583953169899,flight,0.37448848177270233
0.4913524115538965,1.0,,24.857142857142858,original,nominal,25,1.0,,25.0,0.6,,10.0,0.044443900807442385,,25.0,0.07055672284385943,0.010000000000001563,retrodiction,0,0.0649013053436126,1.0,1.0,25/25/25 Hz,1.0,700,gps,19,18,0.038210400512409065,0.04537120644081005,0.04729607929123786,before_outage,0.4446063306881955
0.3246424732041914,1.0,,25.0,original,nominal,40,1.0,,25.0,0.6,,10.0,0.03491240450845735,,25.0,0.06514862557909908,0.010000000000005116,retrodiction,0,0.06930659034062737,1.0,1.0,25/25/25 Hz,1.0,1500,gps,19,25,0.041533743512024934,0.04003867062081431,0.05987092346107073,outage_window,0.28069164246241995
0.4181612306449832,1.0,,25.0,original,nominal,60,1.0,,25.0,0.6,,10.0,0.05066098762386623,,25.0,0.10289794637859971,0.010000000000005116,retrodiction,0,0.08635365097840536,1.0,1.0,25/25/25 Hz,1.0,2000,gps,19,40,0.044067943416504135,0.03950779059212911,0.06993151914748258,after_return,0.36221382835646876
0.4625136122289779,1.0,,24.97872340425532,original,nominal,60,1.0,,25.0,0.6,,10.0,0.04567798077107117,,25.0,0.10201780797213923,0.010000000000005116,horizon,0,0.08482962796491025,1.0,1.0,25/25/25 Hz,1.0,4700,gps,19,13,0.07996056607210017,0.05082950232699353,0.07148138116560657,flight,0.36971742994764933
0.41626601448070244,1.0,,24.857142857142858,original,nominal,25,1.0,,25.0,0.6,,10.0,0.031025106178220036,,25.0,0.06410290415119582,0.010000000000001563,horizon,0,0.06384311322974376,1.0,1.0,25/25/25 Hz,1.0,700,gps,19,18,0.036890037348059054,0.050793871018420256,0.0557977230135429,before_outage,0.2952063277960837
0.4327971370236531,1.0,,25.0,original,nominal,40,1.0,,25.0,0.6,,10.0,0.047136269600279654,,25.0,0.08007242817236393,0.010000000000005116,horizon,0,0.08261979187783501,1.0,1.0,25/25/25 Hz,1.0,1500,gps,19,25,0.041639066107478945,0.049470050177304256,0.06785427103806012,outage_window,0.3663191102672087
0.3758600880769347,1.0,,25.0,original,nominal,60,1.0,,25.0,0.6,,10.0,0.05178713480218211,,25.0,0.10201780797213923,0.010000000000005116,horizon,0,0.09822225022769737,1.0,1.0,25/25/25 Hz,1.0,2000,gps,19,40,0.07996056607210017,0.051256748667822614,0.08346078785137973,after_return,0.3293214705956478
0.4109431384679865,1.0,,25.0,original,nominal,60,1.0,,25.0,0.6,,0.0,0.2991171357552976,,25.0,0.4751670471432457,0.010000000000005116,retrodiction,0,0.3062055835409203,1.0,1.0,25/25/25 Hz,1.0,4700,denied,19,13,0.26528149453399036,0.05635043515418878,0.06550418680651182,flight,0.36314675248848055
0.31105048082754133,1.0,,25.0,original,nominal,25,1.0,,25.0,0.6,,0.0,0.41772328368532413,,25.0,0.4751670471432457,0.010000000000001563,retrodiction,0,0.420250816924703,1.0,1.0,25/25/25 Hz,1.0,700,denied,19,18,0.37100695603014155,0.053084505232267466,0.04602181431702186,before_outage,0.24321039795881683
0.5309705783960561,1.0,,25.0,original,nominal,40,1.0,,25.0,0.6,,0.0,0.30158730572833176,,25.0,0.4115790332981033,0.010000000000005116,retrodiction,0,0.30831260041669434,1.0,1.0,25/25/25 Hz,1.0,1500,denied,19,25,0.22174976903426286,0.058055743118573186,0.06404495764094151,outage_window,0.49572397870398455
0.32291188078388633,1.0,,25.0,original,nominal,60,1.0,,25.0,0.6,,0.0,0.23460596499520844,,25.0,0.2936851119719365,0.010000000000005116,retrodiction,0,0.24626068469154727,1.0,1.0,25/25/25 Hz,1.0,2000,denied,19,40,0.26528149453399036,0.05140285463847003,0.07486231370600757,after_return,0.2603190796752912
0.3491910469090277,1.0,,25.0,original,nominal,60,1.0,,25.0,0.6,,0.0,0.3754934820152019,,25.0,0.4605014521583774,0.010000000000005116,horizon,0,0.38417571277079055,1.0,1.0,25/25/25 Hz,1.0,4700,denied,19,13,0.42545626074080733,0.057695475796191144,0.08121344252674072,flight,0.2998750138680484
0.24421896207302524,1.0,,25.0,original,nominal,25,1.0,,25.0,0.6,,0.0,0.3869813831167978,,25.0,0.4273482985240878,0.010000000000001563,horizon,0,0.39127583475336514,1.0,1.0,25/25/25 Hz,1.0,700,denied,19,18,0.3717889961564964,0.055285835445066545,0.057811659576186156,before_outage,0.18741409178626944
0.46240735387049475,1.0,,25.0,original,nominal,40,1.0,,25.0,0.6,,0.0,0.3527114459409373,,25.0,0.44066545184205375,0.010000000000005116,horizon,0,0.3611508248233153,1.0,1.0,25/25/25 Hz,1.0,1500,denied,19,25,0.41982686455378887,0.05898114905091886,0.07761800160281275,outage_window,0.4256942399525248
0.271368475322524,1.0,,25.0,original,nominal,60,1.0,,25.0,0.6,,0.0,0.40405037254194354,,25.0,0.4605014521583774,0.010000000000005116,horizon,0,0.41487812866598883,1.0,1.0,25/25/25 Hz,1.0,2000,denied,19,40,0.42545626074080733,0.05259126916888932,0.09416558869411602,after_return,0.2027303913081115
0.4358485809595301,1.0,,24.97872340425532,original,nominal,60,1.0,,24.97872340425532,0.6,,6.808510638297872,0.05153882773975077,,25.0,0.15641969898602956,0.010000000000005116,retrodiction,0,0.08105032491174796,1.0,1.0,25/25/25 Hz,1.0,4700,transition,19,13,0.0432976916668569,0.04714812727411243,0.06255321257547217,flight,0.36243828657327715
0.4913524115538965,1.0,,24.857142857142858,original,nominal,25,1.0,,25.0,0.6,,10.0,0.044443900807442385,,25.0,0.07055672284385943,0.010000000000001563,retrodiction,0,0.0649013053436126,1.0,1.0,25/25/25 Hz,1.0,700,transition,19,18,0.038210400512409065,0.04537120644081005,0.04729607929123786,before_outage,0.4446063306881955
0.21668166183284457,1.0,,25.0,original,nominal,40,1.0,,25.0,0.6,,0.06666666666666667,0.05255481571855665,,25.0,0.07798029637340262,0.010000000000005116,retrodiction,0,0.08268885764659087,1.0,1.0,25/25/25 Hz,1.0,1500,transition,19,25,0.0686521547348011,0.05505941350763663,0.06383916136421844,outage_window,0.1543949158103063
0.4592417175516404,1.0,,25.0,original,nominal,60,1.0,,25.0,0.6,,9.95,0.05560728831773819,,25.0,0.15641969898602956,0.010000000000005116,retrodiction,0,0.08928444573579093,1.0,1.0,25/25/25 Hz,1.0,2000,transition,19,40,0.0432976916668569,0.04002892368106118,0.06985371669636008,after_return,0.38928537313659123
0.46066945210957244,1.0,,24.97872340425532,original,nominal,60,1.0,,25.0,0.6,,6.808510638297872,0.05032542688973563,,25.0,0.1570573943692611,0.010000000000005116,horizon,0,0.08978255521119947,1.0,1.0,25/25/25 Hz,1.0,4700,transition,19,13,0.07997362364340736,0.05324466925345144,0.07435226041364147,flight,0.3583862908387365
0.41626601448070244,1.0,,24.857142857142858,original,nominal,25,1.0,,25.0,0.6,,10.0,0.031025106178220036,,25.0,0.06410290415119582,0.010000000000001563,horizon,0,0.06384311322974376,1.0,1.0,25/25/25 Hz,1.0,700,transition,19,18,0.036890037348059054,0.050793871018420256,0.0557977230135429,before_outage,0.2952063277960837
0.37217944576723627,1.0,,25.0,original,nominal,40,1.0,,25.0,0.6,,0.13333333333333333,0.058972947005491064,,25.0,0.10480492792274725,0.010000000000005116,horizon,0,0.09720370233702741,1.0,1.0,25/25/25 Hz,1.0,1500,transition,19,25,0.05942619893019031,0.05667297360469978,0.07727063652845738,outage_window,0.3131690517313523
0.41697338454092503,1.0,,25.0,original,nominal,60,1.0,,25.0,0.6,,9.9,0.05280552023359303,,25.0,0.1570573943692611,0.010000000000005116,horizon,0,0.09855501265412814,1.0,1.0,25/25/25 Hz,1.0,2000,transition,19,40,0.07997362364340736,0.05142506196097279,0.08321458737574172,after_return,0.3408088657895905
0.4926083921027884,1.0,,24.97872340425532,original,stress,60,1.0,,24.95744680851064,0.6,,10.0,0.04759111275660973,,25.0,0.11300508617401855,0.010000000000005116,retrodiction,0,0.07779226631663479,1.0,1.0,25/25/25 Hz,1.0,4700,gps,19,13,0.04313558750244317,0.045502062659856575,0.06153635255087752,flight,0.42053778936387803
0.49848211293854255,1.0,,24.857142857142858,original,stress,25,1.0,,25.142857142857142,0.6,,10.0,0.04210651316453129,,25.0,0.06940138214124533,0.010000000000001563,retrodiction,0,0.06393185266874903,1.0,1.0,25/25/25 Hz,1.0,700,gps,19,18,0.027476017312260622,0.04805465186853338,0.048107414551020994,before_outage,0.4316025235355231
0.4280289055283027,1.0,,25.0,original,stress,40,1.0,,24.933333333333334,0.6,,10.0,0.037848337651443784,,25.0,0.08022516505690502,0.010000000000005116,retrodiction,0,0.07089752239998563,1.0,1.0,25/25/25 Hz,1.0,1500,gps,19,25,0.06335201132321824,0.04450716213110534,0.05994966238002319,outage_window,0.37160928835398105
0.45836172527963137,1.0,,25.0,original,stress,60,1.0,,25.0,0.6,,10.0,0.05483154095615319,,25.0,0.11300508617401855,0.010000000000005116,retrodiction,0,0.08878673178904098,1.0,1.0,25/25/25 Hz,1.0,2000,gps,19,40,0.04313558750244317,0.04056127126563255,0.06983255586152345,after_return,0.4028404425743515
0.4625308195073821,1.0,,24.97872340425532,original,stress,60,1.0,,25.0,0.6,,10.0,0.045678330522807245,,25.0,0.10201809604602849,0.010000000000005116,horizon,0,0.08162237833214117,1.0,1.0,25/25/25 Hz,1.0,4700,gps,19,13,0.07996121738560881,0.05082949621850534,0.0676439410830295,flight,0.3697072439425607
0.41631382683631074,1.0,,24.857142857142858,original,stress,25,1.0,,25.0,0.6,,10.0,0.031025338915676496,,25.0,0.06410304322418521,0.010000000000001563,horizon,0,0.060268529414884066,1.0,1.0,25/25/25 Hz,1.0,700,gps,19,18,0.03689025120659782,0.0507938637721699,0.051669371807678825,before_outage,0.29520204365682967
0.4328223894130441,1.0,,25.0,original,stress,40,1.0,,25.0,0.6,,10.0,0.047136308453925836,,25.0,0.08007281096466744,0.010000000000005116,horizon,0,0.07946157979939411,1.0,1.0,25/25/25 Hz,1.0,1500,gps,19,25,0.04163857551211867,0.0494699478792917,0.06397117389537134,outage_window,0.3663202911954388
0.37587286860027813,1.0,,25.0,original,stress,60,1.0,,25.0,0.6,,10.0,0.051787667195224915,,25.0,0.10201809604602849,0.010000000000005116,horizon,0,0.0948242312482447,1.0,1.0,25/25/25 Hz,1.0,2000,gps,19,40,0.07996121738560881,0.05125675100239534,0.07943344609355187,after_return,0.3293223118520921
0.3952151865461509,1.0,,25.0,original,stress,60,1.0,,24.95744680851064,0.6,,0.0,0.19720144948553076,,25.0,0.29452273379099386,0.010000000000005116,retrodiction,0,0.2079550938906867,1.0,1.0,25/25/25 Hz,1.0,4700,denied,19,13,0.21615983640076702,0.05880716541567487,0.06600688900326977,flight,0.337923903108341
0.30639991604919553,1.0,,25.0,original,stress,25,1.0,,25.142857142857142,0.6,,0.0,0.25079261541660763,,25.0,0.29452273379099386,0.010000000000001563,retrodiction,0,0.25524963471412493,1.0,1.0,25/25/25 Hz,1.0,700,denied,19,18,0.22274907286424117,0.05573710092088078,0.047491473699936414,before_outage,0.24576851063066432
0.48808259846257607,1.0,,25.0,original,stress,40,1.0,,24.933333333333334,0.6,,0.0,0.18306359749339346,,25.0,0.2423443986914213,0.010000000000005116,retrodiction,0,0.1940984622592095,1.0,1.0,25/25/25 Hz,1.0,1500,denied,19,25,0.22930978121905488,0.06132439340771056,0.06451303995446657,outage_window,0.4430667451481122
0.3045823483803741,1.0,,25.0,original,stress,60,1.0,,25.0,0.6,,0.0,0.19331994509383685,,25.0,0.2520711754575286,0.010000000000005116,retrodiction,0,0.2073357020941879,1.0,1.0,25/25/25 Hz,1.0,2000,denied,19,40,0.21615983640076702,0.053127357301439054,0.07493658780466143,after_return,0.23037182278772375
0.3489670131217792,1.0,,25.0,original,stress,60,1.0,,25.0,0.6,,0.0,0.37719161074264057,,25.0,0.46220553486180044,0.010000000000005116,horizon,0,0.385054450603686,1.0,1.0,25/25/25 Hz,1.0,4700,denied,19,13,0.42717118848967583,0.057678693203689416,0.07741717325683485,flight,0.29975991142945224
0.24377977355367256,1.0,,25.0,original,stress,25,1.0,,25.0,0.6,,0.0,0.3886748183895464,,25.0,0.42898668124618444,0.010000000000001563,horizon,0,0.3924175147793987,1.0,1.0,25/25/25 Hz,1.0,700,denied,19,18,0.37359008065936783,0.05526390664502365,0.05406839608766581,before_outage,0.18704489133433544
0.46220917312895177,1.0,,25.0,original,stress,40,1.0,,25.0,0.6,,0.0,0.35445804643450274,,25.0,0.44233389454271793,0.010000000000005116,horizon,0,0.36207374252076346,1.0,1.0,25/25/25 Hz,1.0,1500,denied,19,25,0.42150695208669975,0.05896270226371894,0.07387075429984459,outage_window,0.4255945935948839
0.27119498031103245,1.0,,25.0,original,stress,60,1.0,,25.0,0.6,,0.0,0.4057335891110929,,25.0,0.46220553486180044,0.010000000000005116,horizon,0,0.41560980575700596,1.0,1.0,25/25/25 Hz,1.0,2000,denied,19,40,0.42717118848967583,0.05258192629435444,0.09006533910671216,after_return,0.20268865004637293
0.48233799890952966,1.0,,24.97872340425532,original,stress,60,1.0,,24.95744680851064,0.6,,6.808510638297872,0.053532832282881866,,25.0,0.18018490610050766,0.010000000000005116,retrodiction,0,0.08254673111592785,1.0,1.0,25/25/25 Hz,1.0,4700,transition,19,13,0.04257463360817947,0.0512445542937003,0.06283469332859141,flight,0.4088885705151269
0.49848211293854255,1.0,,24.857142857142858,original,stress,25,1.0,,25.142857142857142,0.6,,10.0,0.04210651316453129,,25.0,0.06940138214124533,0.010000000000001563,retrodiction,0,0.06393185266874903,1.0,1.0,25/25/25 Hz,1.0,700,transition,19,18,0.027476017312260622,0.04805465186853338,0.048107414551020994,before_outage,0.4316025235355231
0.35464435501629954,1.0,,25.0,original,stress,40,1.0,,24.933333333333334,0.6,,0.06666666666666667,0.05129428682955445,,25.0,0.0873204353524199,0.010000000000005116,retrodiction,0,0.0821168796922372,1.0,1.0,25/25/25 Hz,1.0,1500,transition,19,25,0.08159254456956593,0.060291310948693104,0.06412548689122569,outage_window,0.29261713489306423
0.4792095791405222,1.0,,25.0,original,stress,60,1.0,,25.0,0.6,,9.95,0.05932571334640611,,25.0,0.18018490610050766,0.010000000000005116,retrodiction,0,0.09158060758730538,1.0,1.0,25/25/25 Hz,1.0,2000,transition,19,40,0.04257463360817947,0.04135435050694227,0.06976723745426694,after_return,0.4229962544241183
0.4606955605855434,1.0,,24.97872340425532,original,stress,60,1.0,,25.0,0.6,,6.808510638297872,0.05032604693168433,,25.0,0.157064012282556,0.010000000000005116,horizon,0,0.08666016934193739,1.0,1.0,25/25/25 Hz,1.0,4700,transition,19,13,0.07997256735272563,0.0532383063826175,0.0705497976652178,flight,0.35837055410167296
0.41631382683631074,1.0,,24.857142857142858,original,stress,25,1.0,,25.0,0.6,,10.0,0.031025338915676496,,25.0,0.06410304322418521,0.010000000000001563,horizon,0,0.060268529414884066,1.0,1.0,25/25/25 Hz,1.0,700,transition,19,18,0.03689025120659782,0.0507938637721699,0.051669371807678825,before_outage,0.29520204365682967
0.3722066261975071,1.0,,25.0,original,stress,40,1.0,,25.0,0.6,,0.13333333333333333,0.05897443917050239,,25.0,0.10480594709001233,0.010000000000005116,horizon,0,0.09423288097015117,1.0,1.0,25/25/25 Hz,1.0,1500,transition,19,25,0.05942936588823749,0.056654298380708464,0.07349728825242054,outage_window,0.3131521776984144
0.41700929819849547,1.0,,25.0,original,stress,60,1.0,,25.0,0.6,,9.9,0.05280549621866955,,25.0,0.157064012282556,0.010000000000005116,horizon,0,0.09518208789793205,1.0,1.0,25/25/25 Hz,1.0,2000,transition,19,40,0.07997256735272563,0.051424956990797,0.07919096808165522,after_return,0.3408093388936181
0.47071559320508083,1.0,,24.914893617021278,original,zero,60,1.0,,25.0,0.6,,10.0,0.03178104796040424,,25.0,0.07759148686319498,0.010000000000005116,retrodiction,0,0.062254325614585486,1.0,1.0,25/25/25 Hz,1.0,4700,gps,41,13,0.008388902025965888,0.047811307426559375,0.053530982134324036,flight,0.40282201307700377
0.3762644171376011,1.0,,24.857142857142858,original,zero,25,1.0,,25.0,0.6,,10.0,0.023590101724435857,,25.0,0.0444370529270919,0.010000000000001563,retrodiction,0,0.047211792363171225,1.0,1.0,25/25/25 Hz,1.0,700,gps,41,18,0.00931343783462069,0.0431833556725722,0.040895726412107675,before_outage,0.3162372987004399
0.4847809661569322,1.0,,25.0,original,zero,40,1.0,,25.0,0.6,,10.0,0.043523413662316025,,25.0,0.07759148686319498,0.010000000000005116,retrodiction,0,0.07071509963273057,1.0,1.0,25/25/25 Hz,1.0,1500,gps,41,25,0.03059561432212704,0.04875676263763991,0.055734529505917015,outage_window,0.42148194508242465
0.29797416262892046,1.0,,24.9,original,zero,60,1.0,,25.0,0.6,,10.0,0.02567504242671238,,25.0,0.048827024351850545,0.010000000000005116,retrodiction,0,0.06544390624908818,1.0,1.0,25/25/25 Hz,1.0,2000,gps,41,40,0.008388902025965888,0.047485131898023725,0.06019715160641709,after_return,0.24289446050418367
0.47075791076669826,1.0,,24.914893617021278,original,zero,60,1.0,,25.0,0.6,,10.0,0.03396684662769048,,25.0,0.08350645301131304,0.010000000000005116,horizon,0,0.08249895661665137,1.0,1.0,25/25/25 Hz,1.0,4700,gps,41,13,0.02064834880459193,0.0518940821732727,0.07518198702486571,flight,0.39898597436019256
0.3758913075120268,1.0,,24.857142857142858,original,zero,25,1.0,,25.0,0.6,,10.0,0.02473602915044943,,25.0,0.05753791417421924,0.010000000000001563,horizon,0,0.06182379933840414,1.0,1.0,25/25/25 Hz,1.0,700,gps,41,18,0.018566350990763064,0.047047467633866136,0.05665960665680072,before_outage,0.32248548140629163
0.4887343836007188,1.0,,25.0,original,zero,40,1.0,,25.0,0.6,,10.0,0.0458849049776154,,25.0,0.08350645301131304,0.010000000000005116,horizon,0,0.08931275658033863,1.0,1.0,25/25/25 Hz,1.0,1500,gps,41,25,0.03661702808419091,0.05265178625018345,0.07662469564816572,outage_window,0.4199629629710431
0.31047982589866124,1.0,,24.9,original,zero,60,1.0,,25.0,0.6,,10.0,0.027432169418084365,,25.0,0.05367683250305669,0.010000000000005116,horizon,0,0.09032580983580389,1.0,1.0,25/25/25 Hz,1.0,2000,gps,41,40,0.02064834880459193,0.05052477801186018,0.08605944459216154,after_return,0.24762353730115833
0.2393469918579218,1.0,,24.872340425531913,original,zero,60,1.0,,25.0,0.6,,0.0,0.32455362754767897,,25.0,0.45687843463057354,0.010000000000005116,retrodiction,0,0.3297865729438556,1.0,1.0,25/25/25 Hz,1.0,4700,denied,41,13,0.2818822897839291,0.05613358302877322,0.058516036602759364,flight,0.20114675298362872
0.3542349020379456,1.0,,24.857142857142858,original,zero,25,1.0,,25.0,0.6,,0.0,0.35924513657655716,,25.0,0.38828074194101664,0.010000000000001563,retrodiction,0,0.36189657594853986,1.0,1.0,25/25/25 Hz,1.0,700,denied,41,18,0.37311010521684845,0.059809454930676666,0.04372714865353152,before_outage,0.3167374296490122
0.20731691464860433,1.0,,24.933333333333334,original,zero,40,1.0,,25.0,0.6,,0.0,0.30914028081140466,,25.0,0.3835699224796352,0.010000000000005116,retrodiction,0,0.3151968248081894,1.0,1.0,25/25/25 Hz,1.0,1500,denied,41,25,0.34858566926764767,0.05865204016010827,0.06149248042655531,outage_window,0.16458240951781614
0.21613156866616987,1.0,,24.9,original,zero,60,1.0,,25.0,0.6,,0.0,0.2966303289581229,,25.0,0.3745319178764024,0.010000000000005116,retrodiction,0,0.303627385746691,1.0,1.0,25/25/25 Hz,1.0,2000,denied,41,40,0.2818822897839291,0.049503969520428806,0.06480769489470885,after_return,0.18107204369896482
0.20427171226415636,1.0,,24.872340425531913,original,zero,60,1.0,,25.0,0.6,,0.0,0.1190306606919205,,25.0,0.24617523699775423,0.010000000000005116,horizon,0,0.14652023779754028,1.0,1.0,25/25/25 Hz,1.0,4700,denied,41,13,0.09305483923219136,0.05908051639843469,0.08543934631943674,flight,0.16512243481969632
0.2852115441811253,1.0,,24.857142857142858,original,zero,25,1.0,,25.0,0.6,,0.0,0.1465698370486774,,25.0,0.17867788244378932,0.010000000000001563,horizon,0,0.15973506543568927,1.0,1.0,25/25/25 Hz,1.0,700,denied,41,18,0.14733026013126616,0.06124174041224901,0.0635025511083459,before_outage,0.2504212542656924
0.17678680389052862,1.0,,24.933333333333334,original,zero,40,1.0,,25.0,0.6,,0.0,0.09829160434994202,,25.0,0.18185339219345098,0.010000000000005116,horizon,0,0.1310410714599536,1.0,1.0,25/25/25 Hz,1.0,1500,denied,41,25,0.11631983024375554,0.061931569467179384,0.08666327321124634,outage_window,0.13593061025596354
0.1781818522888391,1.0,,24.9,original,zero,60,1.0,,25.0,0.6,,0.0,0.0920447839379386,,25.0,0.14929439744612477,0.010000000000005116,horizon,0,0.13323546287276317,1.0,1.0,25/25/25 Hz,1.0,2000,denied,41,40,0.09305483923219136,0.05220506279450968,0.09632988278170826,after_return,0.14044428506448683
0.41067577579618214,1.0,,24.893617021276597,original,zero,60,1.0,,25.0,0.6,,6.808510638297872,0.0347630968994891,,25.0,0.14325627869611401,0.010000000000005116,retrodiction,0,0.06555658377608282,1.0,1.0,25/25/25 Hz,1.0,4700,transition,41,13,0.007732349655770095,0.05126302275203839,0.05558050710768386,flight,0.34399661404789983
0.3762644171376011,1.0,,24.857142857142858,original,zero,25,1.0,,25.0,0.6,,10.0,0.023590101724435857,,25.0,0.0444370529270919,0.010000000000001563,retrodiction,0,0.047211792363171225,1.0,1.0,25/25/25 Hz,1.0,700,transition,41,18,0.00931343783462069,0.0431833556725722,0.040895726412107675,before_outage,0.3162372987004399
0.26301342602930083,1.0,,24.933333333333334,original,zero,40,1.0,,25.0,0.6,,0.0,0.03191119504147602,,25.0,0.058987066756150786,0.010000000000005116,retrodiction,0,0.0694611589427346,1.0,1.0,25/25/25 Hz,1.0,1500,transition,41,25,0.05275329582319305,0.05862870531324538,0.06169706826659363,outage_window,0.18195718477219702
0.2980056008353611,1.0,,24.9,original,zero,60,1.0,,25.0,0.6,,10.0,0.0422197730508475,,25.0,0.14325627869611401,0.010000000000005116,retrodiction,0,0.07352949241493914,1.0,1.0,25/25/25 Hz,1.0,2000,transition,41,40,0.007732349655770095,0.04757525476065559,0.060200307460456744,after_return,0.25330160846858474
0.40790993828710936,1.0,,24.893617021276597,original,zero,60,1.0,,25.0,0.6,,6.808510638297872,0.036666879775459696,,25.0,0.14839956366232201,0.010000000000005116,horizon,0,0.08679185945903366,1.0,1.0,25/25/25 Hz,1.0,4700,transition,41,13,0.02065559522064484,0.055124785476414834,0.07866617313616213,flight,0.3401857342819694
0.3758913075120268,1.0,,24.857142857142858,original,zero,25,1.0,,25.0,0.6,,10.0,0.02473602915044943,,25.0,0.05753791417421924,0.010000000000001563,horizon,0,0.06182379933840414,1.0,1.0,25/25/25 Hz,1.0,700,transition,41,18,0.018566350990763064,0.047047467633866136,0.05665960665680072,before_outage,0.32248548140629163
0.2731508499582211,1.0,,24.933333333333334,original,zero,40,1.0,,25.0,0.6,,0.13333333333333333,0.03408329633493339,,25.0,0.07380869023435682,0.010000000000005116,horizon,0,0.09337982457307614,1.0,1.0,25/25/25 Hz,1.0,1500,transition,41,25,0.05918604294925987,0.06199071474699749,0.08693745193093476,outage_window,0.1897118971649145
0.29968699901712753,1.0,,24.9,original,zero,60,1.0,,25.0,0.6,,9.9,0.043686559454785286,,25.0,0.14839956366232201,0.010000000000005116,horizon,0,0.09648494582305212,1.0,1.0,25/25/25 Hz,1.0,2000,transition,41,40,0.02065559522064484,0.050618950948928994,0.0860280727058372,after_return,0.2538936140448843
0.470060937484947,1.0,,24.93617021276596,original,nominal,60,1.0,,25.0,0.6,,10.0,0.04889354818703494,,25.0,0.12645489925919493,0.010000000000005116,retrodiction,0,0.07283556407815175,1.0,1.0,25/25/25 Hz,1.0,4700,gps,41,13,0.030759993812789457,0.041934049050813924,0.05398555677461003,flight,0.4324527852576998
0.3239056093060653,1.0,,24.857142857142858,original,nominal,25,1.0,,25.0,0.6,,10.0,0.04372520912216158,,25.0,0.08001715587646785,0.010000000000001563,retrodiction,0,0.06063337505344474,1.0,1.0,25/25/25 Hz,1.0,700,gps,41,18,0.004794296448292319,0.041262670100519636,0.042006097862035845,before_outage,0.28646408297904735
0.4976157361179313,1.0,,25.0,original,nominal,40,1.0,,25.0,0.6,,10.0,0.05674504176382632,,25.0,0.12645489925919493,0.010000000000005116,retrodiction,0,0.08026630974490712,1.0,1.0,25/25/25 Hz,1.0,1500,gps,41,25,0.07206253140304567,0.041279453532351365,0.056768659622074724,outage_window,0.46440258668469425
0.44975903718378524,1.0,,24.95,original,nominal,60,1.0,,25.0,0.6,,10.0,0.046140848563643685,,25.0,0.10450477994491894,0.010000000000005116,retrodiction,0,0.07559720454183268,1.0,1.0,25/25/25 Hz,1.0,2000,gps,41,40,0.030759993812789457,0.040016925551505204,0.05988288092908179,after_return,0.41772761231773786
0.47074633167656876,1.0,,24.914893617021278,original,nominal,60,1.0,,25.0,0.6,,10.0,0.03396624990264927,,25.0,0.08350603393104648,0.010000000000005116,horizon,0,0.0779099828339904,1.0,1.0,25/25/25 Hz,1.0,4700,gps,41,13,0.020649502160895384,0.05189381154630377,0.07011604162203865,flight,0.3989489537200484
0.375903404030673,1.0,,24.857142857142858,original,nominal,25,1.0,,25.0,0.6,,10.0,0.024735013654080804,,25.0,0.057535700078612605,0.010000000000001563,horizon,0,0.05742892163226766,1.0,1.0,25/25/25 Hz,1.0,700,gps,41,18,0.01856666449330179,0.047047052775638386,0.051829143726069574,before_outage,0.3224736674154923
0.4887913324030367,1.0,,25.0,original,nominal,40,1.0,,25.0,0.6,,10.0,0.04588403267163662,,25.0,0.08350603393104648,0.010000000000005116,horizon,0,0.0848018372944238,1.0,1.0,25/25/25 Hz,1.0,1500,gps,41,25,0.03661710231832386,0.0526517224574257,0.07131624747768288,outage_window,0.41997854402851864
0.3105130228807199,1.0,,24.9,original,nominal,60,1.0,,25.0,0.6,,10.0,0.027432142997664912,,25.0,0.05367600152539539,0.010000000000005116,horizon,0,0.08525341858943448,1.0,1.0,25/25/25 Hz,1.0,2000,gps,41,40,0.020649502160895384,0.050524767495446106,0.08071940851951899,after_return,0.2476317456368781
0.25066833173880265,1.0,,24.872340425531913,original,nominal,60,1.0,,25.0,0.6,,0.0,0.229383866377248,,25.0,0.314507745879562,0.010000000000005116,retrodiction,0,0.23687041467706854,1.0,1.0,25/25/25 Hz,1.0,4700,denied,41,13,0.10861325764492949,0.05786388791206204,0.059081597770466884,flight,0.20945303124349865
0.3460824237761453,1.0,,24.857142857142858,original,nominal,25,1.0,,25.0,0.6,,0.0,0.26440678399900147,,25.0,0.293845937360744,0.010000000000001563,retrodiction,0,0.2680487083946534,1.0,1.0,25/25/25 Hz,1.0,700,denied,41,18,0.2402529077955287,0.061680804588302246,0.04403592450882928,before_outage,0.3022091163790549
0.24468258317810063,1.0,,24.933333333333334,original,nominal,40,1.0,,25.0,0.6,,0.0,0.2587044429701593,,25.0,0.314507745879562,0.010000000000005116,retrodiction,0,0.266054171599168,1.0,1.0,25/25/25 Hz,1.0,1500,denied,41,25,0.22512526451648499,0.0609477846591494,0.06210340902735624,outage_window,0.1941927665660826
0.22411972269222036,1.0,,24.9,original,nominal,60,1.0,,25.0,0.6,,0.0,0.18224849818869643,,25.0,0.25039540392451437,0.010000000000005116,retrodiction,0,0.1935933452166457,1.0,1.0,25/25/25 Hz,1.0,2000,denied,41,40,0.10861325764492949,0.05082414243859367,0.06529830181663285,after_return,0.1928259426104739
0.20527973362909485,1.0,,24.872340425531913,original,nominal,60,1.0,,25.0,0.6,,0.0,0.12163332325472301,,25.0,0.24917539410618647,0.010000000000005116,horizon,0,0.1458232636945622,1.0,1.0,25/25/25 Hz,1.0,4700,denied,41,13,0.0961015719057601,0.05906022102631923,0.08043481154665487,flight,0.1662304409439068
0.28787809050481,1.0,,24.857142857142858,original,nominal,25,1.0,,25.0,0.6,,0.0,0.14959052757804003,,25.0,0.1816010131497335,0.010000000000001563,horizon,0,0.16083224997227116,1.0,1.0,25/25/25 Hz,1.0,700,denied,41,18,0.15057497865738456,0.06123301221556046,0.059073570148305464,before_outage,0.2530647181406659
0.1777663400547806,1.0,,24.933333333333334,original,nominal,40,1.0,,25.0,0.6,,0.0,0.10063939188628969,,25.0,0.18504572719440787,0.010000000000005116,horizon,0,0.12956328608224926,1.0,1.0,25/25/25 Hz,1.0,1500,denied,41,25,0.11852191684774681,0.06190452278049645,0.08159876164004314,outage_window,0.13690141229245148
0.17933336442585834,1.0,,24.9,original,nominal,60,1.0,,25.0,0.6,,0.0,0.09493527443854628,,25.0,0.15179543558033776,0.010000000000005116,horizon,0,0.13143624657969202,1.0,1.0,25/25/25 Hz,1.0,2000,denied,41,40,0.0961015719057601,0.05219824812167727,0.09089983818596986,after_return,0.14175028498719008
0.4399861809574429,1.0,,24.914893617021278,original,nominal,60,1.0,,25.0,0.6,,6.808510638297872,0.04521249341499756,,25.0,0.14648814669603838,0.010000000000005116,retrodiction,0,0.07186238921260289,1.0,1.0,25/25/25 Hz,1.0,4700,transition,41,13,0.030214298051631297,0.04914647237254073,0.055857259354021534,flight,0.3963101402451424
0.3239056093060653,1.0,,24.857142857142858,original,nominal,25,1.0,,25.0,0.6,,10.0,0.04372520912216158,,25.0,0.08001715587646785,0.010000000000001563,retrodiction,0,0.06063337505344474,1.0,1.0,25/25/25 Hz,1.0,700,transition,41,18,0.004794296448292319,0.041262670100519636,0.042006097862035845,before_outage,0.28646408297904735
0.30919005138066197,1.0,,24.933333333333334,original,nominal,40,1.0,,25.0,0.6,,0.06666666666666667,0.03568488251477842,,25.0,0.0669596503337958,0.010000000000005116,retrodiction,0,0.0716998274162964,1.0,1.0,25/25/25 Hz,1.0,1500,transition,41,25,0.05820948409076557,0.06098238740356317,0.06218886083080434,outage_window,0.27133756972453404
0.5019782806916292,1.0,,24.95,original,nominal,60,1.0,,25.0,0.6,,9.95,0.0526769142027366,,25.0,0.14648814669603838,0.010000000000005116,retrodiction,0,0.07975199175902895,1.0,1.0,25/25/25 Hz,1.0,2000,transition,41,40,0.030214298051631297,0.040422173545035384,0.05987923596381093,after_return,0.4589547521451329
0.4079129141920056,1.0,,24.893617021276597,original,nominal,60,1.0,,25.0,0.6,,6.808510638297872,0.03666465320599267,,25.0,0.14840669743136886,0.010000000000005116,horizon,0,0.08229290258994688,1.0,1.0,25/25/25 Hz,1.0,4700,transition,41,13,0.02065718035956177,0.05511525645674868,0.0736737743159856,flight,0.3401711112925566
0.375903404030673,1.0,,24.857142857142858,original,nominal,25,1.0,,25.0,0.6,,10.0,0.024735013654080804,,25.0,0.057535700078612605,0.010000000000001563,horizon,0,0.05742892163226766,1.0,1.0,25/25/25 Hz,1.0,700,transition,41,18,0.01856666449330179,0.047047052775638386,0.051829143726069574,before_outage,0.3224736674154923
0.2733697015086756,1.0,,24.933333333333334,original,nominal,40,1.0,,25.0,0.6,,0.13333333333333333,0.03407411883859275,,25.0,0.07381692077989191,0.010000000000005116,horizon,0,0.08863957652773183,1.0,1.0,25/25/25 Hz,1.0,1500,transition,41,25,0.059196210134521046,0.06196494832516043,0.08182865605879817,outage_window,0.18991285753862747
0.29969364942068494,1.0,,24.9,original,nominal,60,1.0,,25.0,0.6,,9.9,0.043687923794334026,,25.0,0.14840669743136886,0.010000000000005116,horizon,0,0.09175508548466242,1.0,1.0,25/25/25 Hz,1.0,2000,transition,41,40,0.02065718035956177,0.05061881956511439,0.08068680825784455,after_return,0.2538989366917735
0.5084839422228398,1.0,,24.914893617021278,original,stress,60,1.0,,25.0,0.6,,10.0,0.05347306969265727,,25.0,0.14637386618357073,0.010000000000005116,retrodiction,0,0.07673373861746906,1.0,1.0,25/25/25 Hz,1.0,4700,gps,41,13,0.02831433286247227,0.0474885495826656,0.05503360300632951,flight,0.46091134977507836
0.31992695077791994,1.0,,24.714285714285715,original,stress,25,1.0,,25.0,0.6,,10.0,0.04393357126808705,,25.0,0.08531851097349497,0.010000000000001563,retrodiction,0,0.061747755194045524,1.0,1.0,25/25/25 Hz,1.0,700,gps,41,18,0.01627355167880642,0.050329565098067054,0.043389245062984125,before_outage,0.28031098981176583
0.5503540052958202,1.0,,25.0,original,stress,40,1.0,,24.933333333333334,0.6,,10.0,0.06271769555203852,,25.0,0.14637386618357073,0.010000000000005116,retrodiction,0,0.08560620276189734,1.0,1.0,25/25/25 Hz,1.0,1500,gps,41,25,0.06931853006570123,0.047273467715311164,0.05826587865940827,outage_window,0.500897726364549
0.48373650260175877,1.0,,24.95,original,stress,60,1.0,,25.05,0.6,,10.0,0.05000273534459015,,25.0,0.11601541979404405,0.010000000000005116,retrodiction,0,0.0783194505854085,1.0,1.0,25/25/25 Hz,1.0,2000,gps,41,40,0.02831433286247227,0.04157639844201646,0.0602798705876109,after_return,0.4409944338766599
0.47074425363516464,1.0,,24.914893617021278,original,stress,60,1.0,,25.0,0.6,,10.0,0.03396597361948868,,25.0,0.08350519726472043,0.010000000000005116,horizon,0,0.0746448163595173,1.0,1.0,25/25/25 Hz,1.0,4700,gps,41,13,0.020651927742780067,0.0518938418346836,0.06646925037508893,flight,0.3989594445681008
0.37588974688097543,1.0,,24.857142857142858,original,stress,25,1.0,,25.0,0.6,,10.0,0.024733537273370323,,25.0,0.0575327493706062,0.010000000000001563,horizon,0,0.05439230059591792,1.0,1.0,25/25/25 Hz,1.0,700,gps,41,18,0.018570168622348504,0.047046883015304825,0.048443518638343085,before_outage,0.3224793171076694
0.48877115316581027,1.0,,25.0,original,stress,40,1.0,,25.0,0.6,,10.0,0.04588397513575354,,25.0,0.08350519726472043,0.010000000000005116,horizon,0,0.08158871640463607,1.0,1.0,25/25/25 Hz,1.0,1500,gps,41,25,0.03661932907408806,0.0526515686730425,0.06746391235540439,outage_window,0.4199743678070741
0.3104946764300456,1.0,,24.9,original,stress,60,1.0,,25.0,0.6,,10.0,0.02743152206707474,,25.0,0.0536750011906618,0.010000000000005116,horizon,0,0.08157388614034265,1.0,1.0,25/25/25 Hz,1.0,2000,gps,41,40,0.020651927742780067,0.05052482349764786,0.07682324190712847,after_return,0.247629239748835
0.23412290771719754,1.0,,24.893617021276597,original,stress,60,1.0,,25.0,0.6,,0.0,0.15130403913515073,,25.0,0.264644921201136,0.010000000000005116,retrodiction,0,0.1627754652254325,1.0,1.0,25/25/25 Hz,1.0,4700,denied,41,13,0.09298547594422285,0.06112455890254017,0.06002449350677404,flight,0.18652645414485516
0.3304200399410956,1.0,,24.857142857142858,original,stress,25,1.0,,25.0,0.6,,0.0,0.18264465969010438,,25.0,0.21026385938851624,0.010000000000001563,retrodiction,0,0.18825229712324837,1.0,1.0,25/25/25 Hz,1.0,700,denied,41,18,0.17696424549592996,0.06630008168271946,0.04560543453214477,before_outage,0.286537914890251
0.20944461344859192,1.0,,25.0,original,stress,40,1.0,,24.933333333333334,0.6,,0.0,0.14187724748045005,,25.0,0.21132391588210928,0.010000000000005116,retrodiction,0,0.15517945946491457,1.0,1.0,25/25/25 Hz,1.0,1500,denied,41,25,0.1799526020479411,0.0659934884433903,0.06286104745543294,outage_window,0.1487878438751589
0.22136856144765113,1.0,,24.9,original,stress,60,1.0,,25.05,0.6,,0.0,0.11714427581179959,,25.0,0.19895617281203132,0.010000000000005116,retrodiction,0,0.13445638323350448,1.0,1.0,25/25/25 Hz,1.0,2000,denied,41,40,0.09298547594422285,0.05290686288128246,0.06599801236979831,after_return,0.180630731140258
0.20591478011066047,1.0,,24.872340425531913,original,stress,60,1.0,,25.0,0.6,,0.0,0.1355898706261674,,25.0,0.26508450819427476,0.010000000000005116,horizon,0,0.15585584444526615,1.0,1.0,25/25/25 Hz,1.0,4700,denied,41,13,0.10481496866940103,0.05904020202604814,0.07685330982674844,flight,0.1669411681171233
0.2895850202628986,1.0,,24.857142857142858,original,stress,25,1.0,,25.0,0.6,,0.0,0.1646276923892784,,25.0,0.19581242892570772,0.010000000000001563,horizon,0,0.1739034419203861,1.0,1.0,25/25/25 Hz,1.0,700,denied,41,18,0.1641540698503869,0.06121810879190718,0.05603686295946827,before_outage,0.2547302567442629
0.17832163653055372,1.0,,24.933333333333334,original,stress,40,1.0,,25.0,0.6,,0.0,0.11588054056774233,,25.0,0.19824941717542421,0.010000000000005116,horizon,0,0.1396674045493783,1.0,1.0,25/25/25 Hz,1.0,1500,denied,41,25,0.1391651016368847,0.06187859649419192,0.07796591698484356,outage_window,0.13747546245225323
0.1801244848813237,1.0,,24.9,original,stress,60,1.0,,25.0,0.6,,0.0,0.1070569362351501,,25.0,0.17136940829784625,0.010000000000005116,horizon,0,0.13791914273710995,1.0,1.0,25/25/25 Hz,1.0,2000,denied,41,40,0.10481496866940103,0.0521913967506747,0.086951149142966,after_return,0.14268666142938544
0.48208229087746074,1.0,,24.914893617021278,original,stress,60,1.0,,25.0,0.6,,6.808510638297872,0.04997282016737892,,25.0,0.15163372285294383,0.010000000000005116,retrodiction,0,0.0755395221972481,1.0,1.0,25/25/25 Hz,1.0,4700,transition,41,13,0.027407407010603204,0.05443565293441744,0.056647477069215954,flight,0.42988671665182027
0.31992695077791994,1.0,,24.714285714285715,original,stress,25,1.0,,25.0,0.6,,10.0,0.04393357126808705,,25.0,0.08531851097349497,0.010000000000001563,retrodiction,0,0.061747755194045524,1.0,1.0,25/25/25 Hz,1.0,700,transition,41,18,0.01627355167880642,0.050329565098067054,0.043389245062984125,before_outage,0.28031098981176583
0.319396996248436,1.0,,25.0,original,stress,40,1.0,,24.933333333333334,0.6,,0.06666666666666667,0.042626534199812986,,25.0,0.07642390408949895,0.010000000000005116,retrodiction,0,0.07601580086236609,1.0,1.0,25/25/25 Hz,1.0,1500,transition,41,25,0.06971614786060461,0.0662938495327528,0.06293949922631313,outage_window,0.2721713727516025
0.5685057152262647,1.0,,24.95,original,stress,60,1.0,,25.05,0.6,,9.95,0.05689232265331252,,25.0,0.15163372285294383,0.010000000000005116,retrodiction,0,0.0828800961095208,1.0,1.0,25/25/25 Hz,1.0,2000,transition,41,40,0.027407407010603204,0.04210118564086734,0.06026917914021053,after_return,0.5120017991121931
0.4079057506907741,1.0,,24.893617021276597,original,stress,60,1.0,,25.0,0.6,,6.808510638297872,0.03666151336993314,,25.0,0.14841716285386305,0.010000000000005116,horizon,0,0.07910164306280226,1.0,1.0,25/25/25 Hz,1.0,4700,transition,41,13,0.02065590712334975,0.055105858740906365,0.0700928196940399,flight,0.3401754986742322
0.37588974688097543,1.0,,24.857142857142858,original,stress,25,1.0,,25.0,0.6,,10.0,0.024733537273370323,,25.0,0.0575327493706062,0.010000000000001563,horizon,0,0.05439230059591792,1.0,1.0,25/25/25 Hz,1.0,700,transition,41,18,0.018570168622348504,0.047046883015304825,0.048443518638343085,before_outage,0.3224793171076694
0.27329893532020216,1.0,,24.933333333333334,original,stress,40,1.0,,25.0,0.6,,0.13333333333333333,0.03406113765850526,,25.0,0.07379351395854447,0.010000000000005116,horizon,0,0.08525730810287892,1.0,1.0,25/25/25 Hz,1.0,1500,transition,41,25,0.0591717251820328,0.06193854868120034,0.07815783701176472,outage_window,0.18986291248007273
0.29968312198735275,1.0,,24.9,original,stress,60,1.0,,25.0,0.6,,9.9,0.043689393180763876,,25.0,0.14841716285386305,0.010000000000005116,horizon,0,0.08834874962658905,1.0,1.0,25/25/25 Hz,1.0,2000,transition,41,40,0.02065590712334975,0.050618870825611735,0.07679022388350186,after_return,0.2538944021349216
0.2246225024264301,1.0,1.0,,original,zero,60,1.0,1.0,,0.6,1.0,,0.034516098226853954,1.0,,0.07787809147960056,0.010000000000005116,px4,,0.3003383658456188,1.0,,100/50/50 Hz,1.0,4700,gps,7,13,0.017389228813790656,0.014060839324095293,0.2983484086802055,flight,0.20485070016988363
0.1436713735241017,1.0,1.0,,original,zero,25,1.0,1.0,,0.6,1.0,,0.02301196042818542,1.0,,0.04765258218404001,0.010000000000001563,px4,,0.2916896378074161,1.0,,100/50/50 Hz,1.0,700,gps,7,18,0.028258553250286613,0.011308015584260579,0.29078049192040584,before_outage,0.10688943912022864
0.1731465924512702,1.0,1.0,,original,zero,40,1.0,1.0,,0.6,1.0,,0.030003588206891012,1.0,,0.052907825332490326,0.010000000000005116,px4,,0.3045327386667516,1.0,,100/50/50 Hz,1.0,1500,gps,7,25,0.006662220340021253,0.015511011596142356,0.3030511072650673,outage_window,0.14166706977542645
0.18963389943939976,1.0,1.0,,original,zero,60,1.0,1.0,,0.6,1.0,,0.043249333018085784,1.0,,0.07787809147960056,0.010000000000005116,px4,,0.306030602737026,1.0,,100/50/50 Hz,1.0,2000,gps,7,40,0.017389228813790656,0.013136790024493267,0.30295911441162837,after_return,0.17663697333104367
0.5880045455168409,1.0,,,original,zero,60,1.0,,,0.6,0.6302127659574468,,0.09533772860478497,,,0.20365669848474294,0.010000000000005116,ekf3,,0.10894809623688717,1.0,,100/50/50 Hz,1.0,4700,gps,7,13,0.0321672019705418,0.048454840934817056,0.05272954748641788,flight,0.5620975310019006
0.3440610839867129,1.0,,,original,zero,25,1.0,,,0.6,0.0,,0.17269427134205634,,,0.20365669848474294,0.010000000000001563,ekf3,,0.1830562156358948,1.0,,100/50/50 Hz,1.0,700,gps,7,18,0.18842393423604378,0.07392150971023152,0.06071463356202876,before_outage,0.29182568551933646
0.46579907442659735,1.0,,,original,zero,40,1.0,,,0.6,0.6413333333333333,,0.07665417720796673,,,0.18863694043993234,0.010000000000005116,ekf3,,0.08737557757613794,1.0,,100/50/50 Hz,1.0,1500,gps,7,25,0.024546397649329546,0.050193392374785054,0.04193600688350445,outage_window,0.4173802589275279
0.7144154997285963,1.0,,,original,zero,60,1.0,,,0.6,1.0,,0.05702007501869693,,,0.1037708889580204,0.010000000000005116,ekf3,,0.08428299443029909,1.0,,100/50/50 Hz,1.0,2000,gps,7,40,0.0321672019705418,0.02681480236743804,0.062067174859179786,after_return,0.7007912236589785
0.30626513959019036,1.0,1.0,,original,zero,60,1.0,1.0,,0.6,0.0,,0.08919664219799435,1.0,,0.1524002691081275,0.010000000000005116,px4,,0.14620840919914083,1.0,,100/50/50 Hz,1.0,4700,denied,7,13,0.14055031095679124,0.0161090953487343,0.11584842658036572,flight,0.286904208627987
0.30721896348095656,1.0,1.0,,original,zero,25,1.0,1.0,,0.6,0.0,,0.03884123142347116,1.0,,0.06733403255349989,0.010000000000001563,px4,,0.11357737856091076,1.0,,100/50/50 Hz,1.0,700,denied,7,18,0.05955224482900056,0.019545177724060718,0.10672946951183064,before_outage,0.2819226917988726
0.17237357323763491,1.0,1.0,,original,zero,40,1.0,1.0,,0.6,0.0,,0.05377526245703112,1.0,,0.07372092573829071,0.010000000000005116,px4,,0.12318623538133937,1.0,,100/50/50 Hz,1.0,1500,denied,7,25,0.0681307136366998,0.011506563807850046,0.11082901125203712,outage_window,0.13796688209759267
0.1048514722542802,1.0,1.0,,original,zero,60,1.0,1.0,,0.6,0.0,,0.12352988990455183,1.0,,0.1524002691081275,0.010000000000005116,px4,,0.17509750020252843,1.0,,100/50/50 Hz,1.0,2000,denied,7,40,0.14055031095679124,0.010671713030300362,0.12409472542112235,after_return,0.06869116606497211
0.3190140842167779,1.0,,,original,zero,60,1.0,,,0.6,0.0,,0.2543518003332721,,,0.4706326828785474,0.010000000000005116,ekf3,,0.26173976758062467,1.0,,100/50/50 Hz,1.0,4700,denied,7,13,0.24538804402155748,0.0697903531827234,0.061748421845280406,flight,0.2651881037173967
0.3648343261356281,1.0,,,original,zero,25,1.0,,,0.6,0.0,,0.18454924869989728,,,0.2328637779688365,0.010000000000001563,ekf3,,0.19881290011676653,1.0,,100/50/50 Hz,1.0,700,denied,7,18,0.2259291282069331,0.07616687337893231,0.07394690025378249,before_outage,0.32099785147218574
0.2560078368022474,1.0,,,original,zero,40,1.0,,,0.6,0.0,,0.18993083627040824,,,0.2999898536668337,0.010000000000005116,ekf3,,0.19503732817004532,1.0,,100/50/50 Hz,1.0,1500,denied,7,25,0.08619222051087339,0.07335339678728865,0.04433775832553257,outage_window,0.14688919363588235
0.2090308821855287,1.0,,,original,zero,60,1.0,,,0.6,0.0,,0.33008932785874673,,,0.4706326828785474,0.010000000000005116,ekf3,,0.3378324388232119,1.0,,100/50/50 Hz,1.0,2000,denied,7,40,0.24538804402155748,0.06605397533419109,0.07191517471994349,after_return,0.1439964650084863
0.29986340275557205,1.0,1.0,,original,zero,60,1.0,1.0,,0.6,0.8004255319148936,,0.03918909413545717,1.0,,0.09116769919399761,0.010000000000005116,px4,,0.2761747753159996,1.0,,100/50/50 Hz,1.0,4700,transition,7,13,0.018603998947737913,0.015880964541816672,0.27338017744833865,flight,0.2819268261709037
0.1436713735241017,1.0,1.0,,original,zero,25,1.0,1.0,,0.6,1.0,,0.02301196042818542,1.0,,0.04765258218404001,0.010000000000001563,px4,,0.2916896378074161,1.0,,100/50/50 Hz,1.0,700,transition,7,18,0.028258553250286613,0.011308015584260579,0.29078049192040584,before_outage,0.10688943912022864
0.26751919779219174,1.0,1.0,,original,zero,40,1.0,1.0,,0.6,0.46066666666666667,,0.03834918571268586,1.0,,0.05309046896526243,0.010000000000005116,px4,,0.30238507352197225,1.0,,100/50/50 Hz,1.0,1500,transition,7,25,0.03217550272158164,0.016727704021012552,0.29994344907675935,outage_window,0.24631807962252986
0.31226349821327976,1.0,1.0,,original,zero,60,1.0,1.0,,0.6,0.9355,,0.04745595640573687,1.0,,0.09116769919399761,0.010000000000005116,px4,,0.24878775575093387,1.0,,100/50/50 Hz,1.0,2000,transition,7,40,0.018603998947737913,0.016468961934420632,0.24421973633022195,after_return,0.2981909087706776
0.5716666100457252,1.0,,,original,zero,60,1.0,,,0.6,0.4238297872340426,,0.13090718246476604,,,0.30301703450226886,0.010000000000005116,ekf3,,0.13943044516679806,1.0,,100/50/50 Hz,1.0,4700,transition,7,13,0.031959629145045444,0.0551116314305115,0.04800165224810423,flight,0.5426051996724942
0.3440610839867129,1.0,,,original,zero,25,1.0,,,0.6,0.0,,0.17269427134205634,,,0.20365669848474294,0.010000000000001563,ekf3,,0.1830562156358948,1.0,,100/50/50 Hz,1.0,700,transition,7,18,0.18842393423604378,0.07392150971023152,0.06071463356202876,before_outage,0.29182568551933646
0.2520845874849629,1.0,,,original,zero,40,1.0,,,0.6,0.0,,0.16630436328718248,,,0.27098892420002824,0.010000000000005116,ekf3,,0.17089870926474304,1.0,,100/50/50 Hz,1.0,1500,transition,7,25,0.08235204506011397,0.0674895954893449,0.03936022840380883,outage_window,0.14473354253638154
0.7621886405131107,1.0,,,original,zero,60,1.0,,,0.6,0.996,,0.07633307805926887,,,0.30301703450226886,0.010000000000005116,ekf3,,0.093364577897629,1.0,,100/50/50 Hz,1.0,2000,transition,7,40,0.031959629145045444,0.028505608325963473,0.05376063243675617,after_return,0.7452845808433954
0.22557254387430012,1.0,1.0,,original,nominal,60,1.0,1.0,,0.6,1.0,,0.03452116899386432,1.0,,0.07784554037721259,0.010000000000005116,px4,,0.299273582405967,1.0,,100/50/50 Hz,1.0,4700,gps,7,13,0.017389228813790656,0.014114129766437812,0.2972759089085394,flight,0.20504705195103143
0.14768524294518914,1.0,1.0,,original,nominal,25,1.0,1.0,,0.6,1.0,,0.02292271031708852,1.0,,0.04727639541317266,0.010000000000001563,px4,,0.29032584412485213,1.0,,100/50/50 Hz,1.0,700,gps,7,18,0.028448965591446076,0.011265723122188603,0.2894194967836942,before_outage,0.10969166262877456
0.17526166273452568,1.0,1.0,,original,nominal,40,1.0,1.0,,0.6,1.0,,0.03007181041476419,1.0,,0.053032553731485,0.010000000000005116,px4,,0.3035450746065097,1.0,,100/50/50 Hz,1.0,1500,gps,7,25,0.006662220340021253,0.0156222724549651,0.3020518143237183,outage_window,0.14287922747173223
0.189920301727365,1.0,1.0,,original,nominal,60,1.0,1.0,,0.6,1.0,,0.04322623453691928,1.0,,0.07784554037721259,0.010000000000005116,px4,,0.3049868411224749,1.0,,100/50/50 Hz,1.0,2000,gps,7,40,0.017389228813790656,0.013165229829053243,0.3019080421347285,after_return,0.1766072559734831
0.6599292945348825,1.0,,,original,nominal,60,1.0,,,0.6,0.6251063829787235,,0.11718082293735008,,,0.4439712122565648,0.010000000000005116,ekf3,,0.13408228393350222,1.0,,100/50/50 Hz,1.0,4700,gps,7,13,0.03401492974525246,0.06435810712273318,0.06516681364429075,flight,0.6388227377808858
0.28049482321100033,1.0,,,original,nominal,25,1.0,,,0.6,0.0,,0.21717824410222822,,,0.2684994906495788,0.010000000000001563,ekf3,,0.23118433636982325,1.0,,100/50/50 Hz,1.0,700,gps,7,18,0.22856786140653462,0.08469597021546163,0.07924523753152975,before_outage,0.21976985094907284
0.6196237756112748,1.0,,,original,nominal,40,1.0,,,0.6,0.6253333333333333,,0.10842392665987806,,,0.4439712122565648,0.010000000000005116,ekf3,,0.11584833682742257,1.0,,100/50/50 Hz,1.0,1500,gps,7,25,0.03174002148176649,0.0779147995679966,0.04080550542921057,outage_window,0.5813849499188929
0.8189415379081316,1.0,,,original,nominal,60,1.0,,,0.6,1.0,,0.059841383533135686,,,0.09788360677180018,0.010000000000005116,ekf3,,0.08739761975111131,1.0,,100/50/50 Hz,1.0,2000,gps,7,40,0.03401492974525246,0.033101093898051305,0.06369735280998733,after_return,0.809640456957206
0.31151328634947734,1.0,1.0,,original,nominal,60,1.0,1.0,,0.6,0.0,,0.0968829488887192,1.0,,0.16250328821336676,0.010000000000005116,px4,,0.15071083707759222,1.0,,100/50/50 Hz,1.0,4700,denied,7,13,0.15015169520740226,0.016323084920749437,0.11544457816309248,flight,0.2919590799277039
0.3142731224542593,1.0,1.0,,original,nominal,25,1.0,1.0,,0.6,0.0,,0.044521365321203384,1.0,,0.06478161029477304,0.010000000000001563,px4,,0.1150406955555439,1.0,,100/50/50 Hz,1.0,700,denied,7,18,0.06477363367554129,0.01970975921917882,0.10607643312177915,before_outage,0.2886714386214603
0.17437150174603808,1.0,1.0,,original,nominal,40,1.0,1.0,,0.6,0.0,,0.06203357765152589,1.0,,0.08351148630934999,0.010000000000005116,px4,,0.12667590663529074,1.0,,100/50/50 Hz,1.0,1500,denied,7,25,0.07810158712007995,0.011632477175825547,0.11044736558933854,outage_window,0.13916563978388136
0.10494403288505759,1.0,1.0,,original,nominal,60,1.0,1.0,,0.6,0.0,,0.13322395922424382,1.0,,0.16250328821336676,0.010000000000005116,px4,,0.18180658960006915,1.0,,100/50/50 Hz,1.0,2000,denied,7,40,0.15015169520740226,0.01073091404744236,0.12371342979088809,after_return,0.06793181451866695
0.32642844382787806,1.0,,,original,nominal,60,1.0,,,0.6,0.0,,0.22038511840681654,,,0.4047882781568253,0.010000000000005116,ekf3,,0.23010233428035487,1.0,,100/50/50 Hz,1.0,4700,denied,7,13,0.07386053468398417,0.08074275033796341,0.06616255607276396,flight,0.2776703717334929
0.28049466574526855,1.0,,,original,nominal,25,1.0,,,0.6,0.0,,0.21717824240726835,,,0.2684994906495788,0.010000000000001563,ekf3,,0.23118433477755104,1.0,,100/50/50 Hz,1.0,700,denied,7,18,0.22856786140653462,0.08469597021546163,0.07924523753152975,before_outage,0.2197698537806013
0.37274776938854065,1.0,,,original,nominal,40,1.0,,,0.6,0.0,,0.17366220076117891,,,0.28639587684037143,0.010000000000005116,ekf3,,0.1775715315956249,1.0,,100/50/50 Hz,1.0,1500,denied,7,25,0.0687438608278364,0.08662614496790035,0.03705521366825456,outage_window,0.3051055750303016
0.2852623806803148,1.0,,,original,nominal,60,1.0,,,0.6,0.0,,0.26767288188254285,,,0.4047882781568253,0.010000000000005116,ekf3,,0.27610221801047835,1.0,,100/50/50 Hz,1.0,2000,denied,7,40,0.07386053468398417,0.07488393185039606,0.06770275544614118,after_return,0.24773345755358311
0.3010880136912924,1.0,1.0,,original,nominal,60,1.0,1.0,,0.6,0.8029787234042554,,0.03917671563996586,1.0,,0.09100577245140991,0.010000000000005116,px4,,0.2754039415716842,1.0,,100/50/50 Hz,1.0,4700,transition,7,13,0.018603998947737913,0.015875029766320017,0.27260322078963944,flight,0.2825715627464712
0.14768524294518914,1.0,1.0,,original,nominal,25,1.0,1.0,,0.6,1.0,,0.02292271031708852,1.0,,0.04727639541317266,0.010000000000001563,px4,,0.29032584412485213,1.0,,100/50/50 Hz,1.0,700,transition,7,18,0.028448965591446076,0.011265723122188603,0.2894194967836942,before_outage,0.10969166262877456
0.2711804723267718,1.0,1.0,,original,nominal,40,1.0,1.0,,0.6,0.4686666666666667,,0.03843744084169491,1.0,,0.05324779035539651,0.010000000000005116,px4,,0.3014063161221985,1.0,,100/50/50 Hz,1.0,1500,transition,7,25,0.031788537275246796,0.016909273436664245,0.2989453638039832,outage_window,0.24947913939169403
0.31211371017443845,1.0,1.0,,original,nominal,60,1.0,1.0,,0.6,0.9355,,0.047381001495826774,1.0,,0.09100577245140991,0.010000000000005116,px4,,0.24849867933096126,1.0,,100/50/50 Hz,1.0,2000,transition,7,40,0.018603998947737913,0.01631014312381567,0.24393981701740367,after_return,0.2977527910280879
0.6200622761903098,1.0,,,original,nominal,60,1.0,,,0.6,0.4208510638297872,,0.14249672704621852,,,0.28639587684037143,0.010000000000005116,ekf3,,0.1551508928062715,1.0,,100/50/50 Hz,1.0,4700,transition,7,13,0.03386176958213587,0.06884962686696491,0.06137167359375704,flight,0.5953123201708377
0.28049482321100033,1.0,,,original,nominal,25,1.0,,,0.6,0.0,,0.21717824410222822,,,0.2684994906495788,0.010000000000001563,ekf3,,0.23118433636982325,1.0,,100/50/50 Hz,1.0,700,transition,7,18,0.22856786140653462,0.08469597021546163,0.07924523753152975,before_outage,0.21976985094907284
0.3727481711405872,1.0,,,original,nominal,40,1.0,,,0.6,0.0,,0.17366216229133302,,,0.28639587684037143,0.010000000000005116,ekf3,,0.17757149397271313,1.0,,100/50/50 Hz,1.0,1500,transition,7,25,0.0687438608278364,0.0866261531370108,0.03705521366825456,outage_window,0.3051060564368281
0.8570241298872955,1.0,,,original,nominal,60,1.0,,,0.6,0.989,,0.07230301668656107,,,0.14915717125424516,0.010000000000005116,ekf3,,0.09151795330413114,1.0,,100/50/50 Hz,1.0,2000,transition,7,40,0.03386176958213587,0.0377712688257049,0.05610534337298007,after_return,0.844403378514851
0.22375304256656975,1.0,1.0,,original,stress,60,1.0,1.0,,0.6,1.0,,0.034486843125599104,1.0,,0.0778284989897468,0.010000000000005116,px4,,0.3212141334128641,1.0,,100/50/50 Hz,1.0,4700,gps,7,13,0.017389228813790656,0.013991435957409953,0.3193574441834848,flight,0.20455697805015002
0.14238080288348923,1.0,1.0,,original,stress,25,1.0,1.0,,0.6,1.0,,0.022947264427558612,1.0,,0.04778056939948148,0.010000000000001563,px4,,0.3124035261682272,1.0,,100/50/50 Hz,1.0,700,gps,7,18,0.028168479112072712,0.011039621182767856,0.31155960299376734,before_outage,0.10599876219055722
0.1727816180536065,1.0,1.0,,original,stress,40,1.0,1.0,,0.6,1.0,,0.03004104381807469,1.0,,0.05295480201983666,0.010000000000005116,px4,,0.3254733806110537,1.0,,100/50/50 Hz,1.0,1500,gps,7,25,0.006649829636181477,0.015556219090581287,0.32408402795063557,outage_window,0.14193182066489893
0.1889320676218502,1.0,1.0,,original,stress,60,1.0,1.0,,0.6,1.0,,0.043245521400789896,1.0,,0.0778284989897468,0.010000000000005116,px4,,0.3268573985357442,1.0,,100/50/50 Hz,1.0,2000,gps,7,40,0.017389228813790656,0.013075285067075433,0.3239839253054511,after_return,0.17647949219121198
0.5679442265333202,1.0,,,original,stress,60,1.0,,,0.6,0.6059574468085106,,0.0918553030911716,,,0.43814412466631963,0.010000000000005116,ekf3,,0.10485263144219506,1.0,,100/50/50 Hz,1.0,4700,gps,7,13,0.026193160780006178,0.04765403781327186,0.050563599697626284,flight,0.5461795843345331
0.20195211064984236,1.0,,,original,stress,25,1.0,,,0.6,0.0,,0.1480003858902731,,,0.17836045017860763,0.010000000000001563,ekf3,,0.16171111931275484,1.0,,100/50/50 Hz,1.0,700,gps,7,18,0.12496563410536862,0.06635729071259361,0.06516419174450248,before_outage,0.10769680245172501
0.4635071548562666,1.0,,,original,stress,40,1.0,,,0.6,0.5653333333333334,,0.0948718620567411,,,0.43814412466631963,0.010000000000005116,ekf3,,0.09817118126065975,1.0,,100/50/50 Hz,1.0,1500,gps,7,25,0.028354395099755,0.05655439413503211,0.025237088183861466,outage_window,0.42845628417454323
0.7285639210629767,1.0,,,original,stress,60,1.0,,,0.6,1.0,,0.059699835312163,,,0.10802081326631476,0.010000000000005116,ekf3,,0.08375657619733141,1.0,,100/50/50 Hz,1.0,2000,gps,7,40,0.026193160780006178,0.028732202741793646,0.05874601024750532,after_return,0.7160088178749782
0.3045414662813999,1.0,1.0,,original,stress,60,1.0,1.0,,0.6,0.0,,0.09289262021403359,1.0,,0.15597897015942788,0.010000000000005116,px4,,0.1568239350167524,1.0,,100/50/50 Hz,1.0,4700,denied,7,13,0.14464846323397254,0.016057475434012043,0.126351524343436,flight,0.2857286931865476
0.3061348377294584,1.0,1.0,,original,stress,25,1.0,1.0,,0.6,0.0,,0.04213848229092668,1.0,,0.07066261584881393,0.010000000000001563,px4,,0.1242508721631745,1.0,,100/50/50 Hz,1.0,700,denied,7,18,0.06705131770395875,0.019414293410712342,0.11688724286048836,before_outage,0.28142447946223553
0.17171123872406588,1.0,1.0,,original,stress,40,1.0,1.0,,0.6,0.0,,0.05853156611172279,1.0,,0.07781959339284616,0.010000000000005116,px4,,0.13481587490263083,1.0,,100/50/50 Hz,1.0,1500,denied,7,25,0.07189245035259301,0.01152685097998651,0.12144700858510611,outage_window,0.13791485359655614
0.10327378730949736,1.0,1.0,,original,stress,60,1.0,1.0,,0.6,0.0,,0.12730482769107074,1.0,,0.15597897015942788,0.010000000000005116,px4,,0.18526941283725865,1.0,,100/50/50 Hz,1.0,2000,denied,7,40,0.14464846323397254,0.010613244116410684,0.13460399763606345,after_return,0.06778493203866384
0.2453189132821243,1.0,,,original,stress,60,1.0,,,0.6,0.0,,0.18703878295582396,,,0.38089375540292214,0.010000000000005116,ekf3,,0.19509037940264246,1.0,,100/50/50 Hz,1.0,4700,denied,7,13,0.14186623671850634,0.06220971592998704,0.05546845775637857,flight,0.17849688189709947
0.20195200733933136,1.0,,,original,stress,25,1.0,,,0.6,0.0,,0.1480003858902731,,,0.17836045017860763,0.010000000000001563,ekf3,,0.16171111931275484,1.0,,100/50/50 Hz,1.0,700,denied,7,18,0.12496563410536862,0.06635729071259361,0.06516419174450248,before_outage,0.10769661326779668
0.20974772747439735,1.0,,,original,stress,40,1.0,,,0.6,0.0,,0.13911962224045177,,,0.21353306798837726,0.010000000000005116,ekf3,,0.14155079158730502,1.0,,100/50/50 Hz,1.0,1500,denied,7,25,0.03988420980386814,0.06747458978825262,0.0261219698083178,outage_window,0.06849316549138791
0.20578553140411868,1.0,,,original,stress,60,1.0,,,0.6,0.0,,0.24120992649590148,,,0.38089375540292214,0.010000000000005116,ekf3,,0.25064198968879536,1.0,,100/50/50 Hz,1.0,2000,denied,7,40,0.14186623671850634,0.05973027934880627,0.06811151411472219,after_return,0.14377549623100394
0.2992057944920385,1.0,1.0,,original,stress,60,1.0,1.0,,0.6,0.8040425531914893,,0.03909756432539411,1.0,,0.0910864789005688,0.010000000000005116,px4,,0.2971870154840841,1.0,,100/50/50 Hz,1.0,4700,transition,7,13,0.018648387828869604,0.015764206474902603,0.29460397593406457,flight,0.28176478577563646
0.14238080288348923,1.0,1.0,,original,stress,25,1.0,1.0,,0.6,1.0,,0.022947264427558612,1.0,,0.04778056939948148,0.010000000000001563,px4,,0.3124035261682272,1.0,,100/50/50 Hz,1.0,700,transition,7,18,0.028168479112072712,0.011039621182767856,0.31155960299376734,before_outage,0.10599876219055722
0.2674909965133546,1.0,1.0,,original,stress,40,1.0,1.0,,0.6,0.472,,0.038264575746651396,1.0,,0.05300588438950232,0.010000000000005116,px4,,0.3234099774629597,1.0,,100/50/50 Hz,1.0,1500,transition,7,25,0.03177206737038873,0.016799931847507037,0.3211383436550685,outage_window,0.24675071130353848
0.3116885832149908,1.0,1.0,,original,stress,60,1.0,1.0,,0.6,0.9355,,0.047394002037100605,1.0,,0.0910864789005688,0.010000000000005116,px4,,0.27004204528290976,1.0,,100/50/50 Hz,1.0,2000,transition,7,40,0.018648387828869604,0.01627095837859384,0.2658505497295132,after_return,0.29803770701998594
0.5349649264157594,1.0,,,original,stress,60,1.0,,,0.6,0.4208510638297872,,0.11146521919641678,,,0.21353306798837726,0.010000000000005116,ekf3,,0.12130452152819739,1.0,,100/50/50 Hz,1.0,4700,transition,7,13,0.025769220372064965,0.053163152192092715,0.047856993769768534,flight,0.5065515366353478
0.20195211064984236,1.0,,,original,stress,25,1.0,,,0.6,0.0,,0.1480003858902731,,,0.17836045017860763,0.010000000000001563,ekf3,,0.16171111931275484,1.0,,100/50/50 Hz,1.0,700,transition,7,18,0.12496563410536862,0.06635729071259361,0.06516419174450248,before_outage,0.10769680245172501
0.20974772747439735,1.0,,,original,stress,40,1.0,,,0.6,0.0,,0.13911962224045177,,,0.21353306798837726,0.010000000000005116,ekf3,,0.14155079158730502,1.0,,100/50/50 Hz,1.0,1500,transition,7,25,0.03988420980386814,0.06747458978825262,0.0261219698083178,outage_window,0.06849316549138791
0.7572727467968281,1.0,,,original,stress,60,1.0,,,0.6,0.989,,0.071892643770384,,,0.15136224380733893,0.010000000000005116,ekf3,,0.08921633478962994,1.0,,100/50/50 Hz,1.0,2000,transition,7,40,0.025769220372064965,0.03339079901896276,0.05282993625776961,after_return,0.7408067809779059
0.2852071305193677,1.0,1.0,,original,zero,60,1.0,1.0,,0.6,1.0,,0.03938867631020554,1.0,,0.10020665110256127,0.010000000000005116,px4,,0.14575746064848427,1.0,,100/50/50 Hz,1.0,4700,gps,19,13,0.04506938092544975,0.016625179488045087,0.14033449153085745,flight,0.2737750110675721
0.36941248986187264,1.0,1.0,,original,zero,25,1.0,1.0,,0.6,1.0,,0.039913591750156976,1.0,,0.0743183037313527,0.010000000000001563,px4,,0.13585287729587417,1.0,,100/50/50 Hz,1.0,700,gps,19,18,0.011146432555455391,0.023385715425927482,0.1298572657311467,before_outage,0.35539204747052644
0.24580706907922145,1.0,1.0,,original,zero,40,1.0,1.0,,0.6,1.0,,0.03770254957375357,1.0,,0.06241804017878465,0.010000000000005116,px4,,0.14152061124505452,1.0,,100/50/50 Hz,1.0,1500,gps,19,25,0.013267804815151612,0.016917631960433503,0.13640601586005108,outage_window,0.23124332809863193
0.19052472602585035,1.0,1.0,,original,zero,60,1.0,1.0,,0.6,1.0,,0.03416122399038003,1.0,,0.06708756043280562,0.010000000000005116,px4,,0.15512347572248386,1.0,,100/50/50 Hz,1.0,2000,gps,19,40,0.04506938092544975,0.011708208205919725,0.15131524541731786,after_return,0.1820050572120588
0.5719370965800622,1.0,,,original,zero,60,1.0,,,0.6,0.6302127659574468,,0.09632575997476517,,,0.2456593830828462,0.010000000000005116,ekf3,,0.10665681514617019,1.0,,100/50/50 Hz,1.0,4700,gps,19,13,0.05605020155595542,0.04931769630430613,0.0457932766070331,flight,0.5513604963203221
0.34427222142045977,1.0,,,original,zero,25,1.0,,,0.6,0.0,,0.18853409047864117,,,0.2456593830828462,0.010000000000001563,ekf3,,0.19635642206684803,1.0,,100/50/50 Hz,1.0,700,gps,19,18,0.18463297115201502,0.07092118872646332,0.054870221562207264,before_outage,0.2880671685805369
0.5089794177175945,1.0,,,original,zero,40,1.0,,,0.6,0.6413333333333333,,0.07839480403480507,,,0.2050864360809489,0.010000000000005116,ekf3,,0.08437038611378297,1.0,,100/50/50 Hz,1.0,1500,gps,19,25,0.013336803166764053,0.05481368485138721,0.031186804153893886,outage_window,0.47950563617997366
0.7170031359424576,1.0,,,original,zero,60,1.0,,,0.6,1.0,,0.04796095411438697,,,0.09467684692426635,0.010000000000005116,ekf3,,0.0712511723381611,1.0,,100/50/50 Hz,1.0,2000,gps,19,40,0.05605020155595542,0.028790402887431774,0.05269228064906662,after_return,0.7052707422324773
0.22392032040314727,1.0,1.0,,original,zero,60,1.0,1.0,,0.6,0.0,,0.08511584795258462,1.0,,0.14344906378491826,0.010000000000005116,px4,,0.15237467227059118,1.0,,100/50/50 Hz,1.0,4700,denied,19,13,0.11759387979495814,0.015210052245806597,0.12638565257529263,flight,0.21127671149287347
0.2266822200451427,1.0,1.0,,original,zero,25,1.0,1.0,,0.6,0.0,,0.03856759341805958,1.0,,0.06467272549343892,0.010000000000001563,px4,,0.11897400909520425,1.0,,100/50/50 Hz,1.0,700,denied,19,18,0.06467272549343892,0.01908579840448081,0.11254934730208342,before_outage,0.20994154988241207
0.30220123327450676,1.0,1.0,,original,zero,40,1.0,1.0,,0.6,0.0,,0.06588081679767532,1.0,,0.08944096190494454,0.010000000000005116,px4,,0.1404213379635393,1.0,,100/50/50 Hz,1.0,1500,denied,19,25,0.06230976788997098,0.01714953788231855,0.12400754063177638,outage_window,0.291958446265322
0.139308614151114,1.0,1.0,,original,zero,60,1.0,1.0,,0.6,0.0,,0.1147167199024661,1.0,,0.14344906378491826,0.010000000000005116,px4,,0.1793809123126928,1.0,,100/50/50 Hz,1.0,2000,denied,19,40,0.11759387979495814,0.01313850683021713,0.13790426344733916,after_return,0.12780094535390374
0.29792480376190544,1.0,,,original,zero,60,1.0,,,0.6,0.0,,0.184308914832675,,,0.33502120176618905,0.010000000000005116,ekf3,,0.19459706208395894,1.0,,100/50/50 Hz,1.0,4700,denied,19,13,0.1319957240936634,0.06926455831857903,0.06243589099956785,flight,0.2530292361343403
0.3423784212544656,1.0,,,original,zero,25,1.0,,,0.6,0.0,,0.20666920578286052,,,0.275139343820712,0.010000000000001563,ekf3,,0.21805609177864188,1.0,,100/50/50 Hz,1.0,700,denied,19,18,0.21987371465998565,0.07442576085178713,0.06954350108282688,before_outage,0.2923125266972879
0.37116693475009693,1.0,,,original,zero,40,1.0,,,0.6,0.0,,0.14348587711674526,,,0.21961502622724302,0.010000000000005116,ekf3,,0.14758868714085685,1.0,,100/50/50 Hz,1.0,1500,denied,19,25,0.035823927637809755,0.07246860460123244,0.03455754100048208,outage_window,0.31919556443788577
0.21866766995029502,1.0,,,original,zero,60,1.0,,,0.6,0.0,,0.21519467742821316,,,0.33502120176618905,0.010000000000005116,ekf3,,0.22789861221260807,1.0,,100/50/50 Hz,1.0,2000,denied,19,40,0.1319957240936634,0.06707654799749466,0.07502685022710202,after_return,0.17683432387354628
0.2915857489283414,1.0,1.0,,original,zero,60,1.0,1.0,,0.6,0.8004255319148936,,0.041647812693927734,1.0,,0.10020665110256127,0.010000000000005116,px4,,0.14532657836053,1.0,,100/50/50 Hz,1.0,4700,transition,19,13,0.045476626449605,0.01672695050105203,0.13923100974923217,flight,0.27862555468006206
0.36941248986187264,1.0,1.0,,original,zero,25,1.0,1.0,,0.6,1.0,,0.039913591750156976,1.0,,0.0743183037313527,0.010000000000001563,px4,,0.13585287729587417,1.0,,100/50/50 Hz,1.0,700,transition,19,18,0.011146432555455391,0.023385715425927482,0.1298572657311467,before_outage,0.35539204747052644
0.25977150313821956,1.0,1.0,,original,zero,40,1.0,1.0,,0.6,0.46066666666666667,,0.0354950374424751,1.0,,0.05694804997403625,0.010000000000005116,px4,,0.1415501015664043,1.0,,100/50/50 Hz,1.0,1500,transition,19,25,0.022685955684940733,0.015656079991233543,0.13702749202410686,outage_window,0.24420676114592751
0.19912449672973295,1.0,1.0,,original,zero,60,1.0,1.0,,0.6,0.9355,,0.041453564083176186,1.0,,0.08200929141118661,0.010000000000005116,px4,,0.15415021208947216,1.0,,100/50/50 Hz,1.0,2000,transition,19,40,0.045476626449605,0.013261929360573224,0.14847184888736062,after_return,0.1865474013093574
0.5309264607213785,1.0,,,original,zero,60,1.0,,,0.6,0.4238297872340426,,0.1119321582041184,,,0.2695566799822053,0.010000000000005116,ekf3,,0.12149991320057155,1.0,,100/50/50 Hz,1.0,4700,transition,19,13,0.05611923923984025,0.05386737723288881,0.0472590823812167,flight,0.5066470010909784
0.34427222142045977,1.0,,,original,zero,25,1.0,,,0.6,0.0,,0.18853409047864117,,,0.2456593830828462,0.010000000000001563,ekf3,,0.19635642206684803,1.0,,100/50/50 Hz,1.0,700,transition,19,18,0.18463297115201502,0.07092118872646332,0.054870221562207264,before_outage,0.2880671685805369
0.38246999516114427,1.0,,,original,zero,40,1.0,,,0.6,0.0,,0.12040516607396165,,,0.18437083852444927,0.010000000000005116,ekf3,,0.12387871562122749,1.0,,100/50/50 Hz,1.0,1500,transition,19,25,0.030887995254419185,0.06635791734269914,0.029129575463206915,outage_window,0.33725906979768816
0.701703349560404,1.0,,,original,zero,60,1.0,,,0.6,0.996,,0.0606166288595149,,,0.2695566799822053,0.010000000000005116,ekf3,,0.08285196306842811,1.0,,100/50/50 Hz,1.0,2000,transition,19,40,0.05611923923984025,0.029715172335090436,0.056480723171715846,after_return,0.688019876226523
0.28583990861167996,1.0,1.0,,original,nominal,60,1.0,1.0,,0.6,1.0,,0.03939746278600224,1.0,,0.10049347973675712,0.010000000000005116,px4,,0.16867407709906865,1.0,,100/50/50 Hz,1.0,4700,gps,19,13,0.04506938092544975,0.016666041837030108,0.16400848822926245,flight,0.2729104580137353
0.3708499320144448,1.0,1.0,,original,nominal,25,1.0,1.0,,0.6,1.0,,0.0398428367120777,1.0,,0.07462427602455601,0.010000000000001563,px4,,0.15851787421955518,1.0,,100/50/50 Hz,1.0,700,gps,19,18,0.010992010700905146,0.023364076089232976,0.1534290220584796,before_outage,0.3550947622422569
0.24759753866608095,1.0,1.0,,original,nominal,40,1.0,1.0,,0.6,1.0,,0.037701102812322786,1.0,,0.06241804017878465,0.010000000000005116,px4,,0.164599396105409,1.0,,100/50/50 Hz,1.0,1500,gps,19,25,0.013240984450720434,0.016964508691706178,0.16022355646096487,outage_window,0.23139056316379267
0.19168496665209483,1.0,1.0,,original,nominal,60,1.0,1.0,,0.6,1.0,,0.03414832671252184,1.0,,0.06708756043280562,0.010000000000005116,px4,,0.17828542953295287,1.0,,100/50/50 Hz,1.0,2000,gps,19,40,0.04506938092544975,0.011790047430544645,0.17498453122057497,after_return,0.1821247328290992
0.6663931351613819,1.0,,,original,nominal,60,1.0,,,0.6,0.6251063829787235,,0.11697894188379213,,,0.4686820532152577,0.010000000000005116,ekf3,,0.13158970423918437,1.0,,100/50/50 Hz,1.0,4700,gps,19,13,0.078226748492464,0.06258858419888633,0.060264230000095405,flight,0.6448324968829814
0.3383556431995193,1.0,,,original,nominal,25,1.0,,,0.6,0.0,,0.17819585933723234,,,0.2619864966540803,0.010000000000001563,ekf3,,0.19449234714821148,1.0,,100/50/50 Hz,1.0,700,gps,19,18,0.18422883092184247,0.0855050517066367,0.07793271979268859,before_outage,0.28198850584526197
0.6444926355321285,1.0,,,original,nominal,40,1.0,,,0.6,0.6253333333333333,,0.13477042715063917,,,0.4686820532152577,0.010000000000005116,ekf3,,0.1433444617266362,1.0,,100/50/50 Hz,1.0,1500,gps,19,25,0.02239197327336274,0.07628035524123541,0.048832025079176604,outage_window,0.6113062264837962
0.8225853631651826,1.0,,,original,nominal,60,1.0,,,0.6,1.0,,0.05103533403739158,,,0.09758308974276954,0.010000000000005116,ekf3,,0.07917488430877646,1.0,,100/50/50 Hz,1.0,2000,gps,19,40,0.078226748492464,0.0346703056583885,0.06053145450920537,after_return,0.8108067633823145
0.23035355745261055,1.0,1.0,,original,nominal,60,1.0,1.0,,0.6,0.0,,0.08403564512977922,1.0,,0.14226178526029848,0.010000000000005116,px4,,0.160621849578867,1.0,,100/50/50 Hz,1.0,4700,denied,19,13,0.11620765593405105,0.015494133038528304,0.13688458243994464,flight,0.2162068919694446
0.23998387776054264,1.0,1.0,,original,nominal,25,1.0,1.0,,0.6,0.0,,0.03746855253557689,1.0,,0.06378022694909222,0.010000000000001563,px4,,0.12851562676176162,1.0,,100/50/50 Hz,1.0,700,denied,19,18,0.06378022694909222,0.019569705719217567,0.12293239561993875,before_outage,0.2217360744985564
0.31015858537078655,1.0,1.0,,original,nominal,40,1.0,1.0,,0.6,0.0,,0.06487702413992263,1.0,,0.08823350321337332,0.010000000000005116,px4,,0.14935477551650447,1.0,,100/50/50 Hz,1.0,1500,denied,19,25,0.06076593557114143,0.01739761231366095,0.1345281409532345,outage_window,0.2988818522619073
0.14259581917657696,1.0,1.0,,original,nominal,60,1.0,1.0,,0.6,0.0,,0.11337500914315961,1.0,,0.14226178526029848,0.010000000000005116,px4,,0.18686006692699625,1.0,,100/50/50 Hz,1.0,2000,denied,19,40,0.11620765593405105,0.013309669032434109,0.14853549041811523,after_return,0.12973964808377253
0.35905461786868687,1.0,,,original,nominal,60,1.0,,,0.6,0.0,,0.18933879456103697,,,0.31391756387381714,0.010000000000005116,ekf3,,0.2010543362375622,1.0,,100/50/50 Hz,1.0,4700,denied,19,13,0.08905201430853407,0.07948194735708462,0.06762889171131037,flight,0.3142269643455217
0.33835496382246166,1.0,,,original,nominal,25,1.0,,,0.6,0.0,,0.17819585933723234,,,0.2619864966540803,0.010000000000001563,ekf3,,0.19449234714821148,1.0,,100/50/50 Hz,1.0,700,denied,19,18,0.18422883092184247,0.0855049344207337,0.07793271979268859,before_outage,0.2819877019579376
0.47182312366384066,1.0,,,original,nominal,40,1.0,,,0.6,0.0,,0.17874410660725298,,,0.2455388779177232,0.010000000000005116,ekf3,,0.18502922632246963,1.0,,100/50/50 Hz,1.0,1500,denied,19,25,0.10877241384736802,0.08843116052237723,0.047815885923682994,outage_window,0.41962745443548793
0.2838786190161492,1.0,,,original,nominal,60,1.0,,,0.6,0.0,,0.21060107875475095,,,0.31391756387381714,0.010000000000005116,ekf3,,0.22428546020120166,1.0,,100/50/50 Hz,1.0,2000,denied,19,40,0.08905201430853407,0.07308296172363642,0.07714371837680628,after_return,0.24596439738832063
0.29232377798706555,1.0,1.0,,original,nominal,60,1.0,1.0,,0.6,0.8029787234042554,,0.04164450247027579,1.0,,0.10049347973675712,0.010000000000005116,px4,,0.16827581551411086,1.0,,100/50/50 Hz,1.0,4700,transition,19,13,0.045476626449605,0.016773243659280963,0.16304136131958133,flight,0.2777975423565556
0.3708499320144448,1.0,1.0,,original,nominal,25,1.0,1.0,,0.6,1.0,,0.0398428367120777,1.0,,0.07462427602455601,0.010000000000001563,px4,,0.15851787421955518,1.0,,100/50/50 Hz,1.0,700,transition,19,18,0.010992010700905146,0.023364076089232976,0.1534290220584796,before_outage,0.3550947622422569
0.2616736876480436,1.0,1.0,,original,nominal,40,1.0,1.0,,0.6,0.4686666666666667,,0.03544715840910583,1.0,,0.05681187682306084,0.010000000000005116,px4,,0.1648896196491163,1.0,,100/50/50 Hz,1.0,1500,transition,19,25,0.022565394177553186,0.015687891307278757,0.1610344237383734,outage_window,0.24444236326174662
0.20044008351765819,1.0,1.0,,original,nominal,60,1.0,1.0,,0.6,0.9355,,0.04144523984737613,1.0,,0.08204008556917121,0.010000000000005116,px4,,0.17719655446836335,1.0,,100/50/50 Hz,1.0,2000,transition,19,40,0.045476626449605,0.013367604591882245,0.1722814877154627,after_return,0.18664471270183428
0.5993535876090893,1.0,,,original,nominal,60,1.0,,,0.6,0.4208510638297872,,0.1367895758348651,,,0.37806518712744225,0.010000000000005116,ekf3,,0.15000398462832226,1.0,,100/50/50 Hz,1.0,4700,transition,19,13,0.07828582283719093,0.06927369810062688,0.06156141118664868,flight,0.5724011881346374
0.3383556431995193,1.0,,,original,nominal,25,1.0,,,0.6,0.0,,0.17819585933723234,,,0.2619864966540803,0.010000000000001563,ekf3,,0.19449234714821148,1.0,,100/50/50 Hz,1.0,700,transition,19,18,0.18422883092184247,0.0855050517066367,0.07793271979268859,before_outage,0.28198850584526197
0.4718233150078978,1.0,,,original,nominal,40,1.0,,,0.6,0.0,,0.1787440520778326,,,0.2455388779177232,0.010000000000005116,ekf3,,0.18502917364531893,1.0,,100/50/50 Hz,1.0,1500,transition,19,25,0.10877241384736802,0.08843119981968872,0.047815885923682994,outage_window,0.4196276710656885
0.7885444574099176,1.0,,,original,nominal,60,1.0,,,0.6,0.989,,0.06386720583626913,,,0.37806518712744225,0.010000000000005116,ekf3,,0.09048813787636681,1.0,,100/50/50 Hz,1.0,2000,transition,19,40,0.07828582283719093,0.04210166861173708,0.06410213034681453,after_return,0.7735785996843878
0.2873056128918385,1.0,1.0,,original,stress,60,1.0,1.0,,0.6,1.0,,0.039400356448718504,1.0,,0.10035568692982971,0.010000000000005116,px4,,0.15489369937831513,1.0,,100/50/50 Hz,1.0,4700,gps,19,13,0.04506938092544975,0.016699283711532387,0.14979876507773282,flight,0.2750409486668975
0.3736288823877128,1.0,1.0,,original,stress,25,1.0,1.0,,0.6,1.0,,0.04006390021894569,1.0,,0.07449797018704023,0.010000000000001563,px4,,0.1447884207864496,1.0,,100/50/50 Hz,1.0,700,gps,19,18,0.011097376259675858,0.02344106961223325,0.139135080741991,before_outage,0.3586452003068636
0.24725296601578417,1.0,1.0,,original,stress,40,1.0,1.0,,0.6,1.0,,0.03772391739320272,1.0,,0.06241804017878465,0.010000000000005116,px4,,0.15075746474003648,1.0,,100/50/50 Hz,1.0,1500,gps,19,25,0.013267804815151612,0.016962758842858285,0.14596136211804192,outage_window,0.23167452697339302
0.1912789574671971,1.0,1.0,,original,stress,60,1.0,1.0,,0.6,1.0,,0.0341518642718482,1.0,,0.06708756043280562,0.010000000000005116,px4,,0.1643906229651428,1.0,,100/50/50 Hz,1.0,2000,gps,19,40,0.04506938092544975,0.011737909474565492,0.16080400208211548,after_return,0.18215352877582436
0.5189496074214599,1.0,,,original,stress,60,1.0,,,0.6,0.6038297872340426,,0.11482469064914937,,,0.27538027999775033,0.010000000000005116,ekf3,,0.12920826593819398,1.0,,100/50/50 Hz,1.0,4700,gps,19,13,0.06814237812928484,0.05225467812729773,0.05924581338864555,flight,0.4942668171670694
0.28738472296187645,1.0,,,original,stress,25,1.0,,,0.6,0.0,,0.2305825911499773,,,0.27538027999775033,0.010000000000001563,ekf3,,0.2406961786123337,1.0,,100/50/50 Hz,1.0,700,gps,19,18,0.21256868450808278,0.0748919977405355,0.06903853313290235,before_outage,0.2274030499025993
0.427795181435454,1.0,,,original,stress,40,1.0,,,0.6,0.5586666666666666,,0.11027373269779948,,,0.24381184049453075,0.010000000000005116,ekf3,,0.12199421411050225,1.0,,100/50/50 Hz,1.0,1500,gps,19,25,0.02198239222107058,0.06517893429084665,0.05217558963091201,outage_window,0.386752898711766
0.6765790100929501,1.0,,,original,stress,60,1.0,,,0.6,1.0,,0.04776803770026063,,,0.09550401433913114,0.010000000000005116,ekf3,,0.07798843975701476,1.0,,100/50/50 Hz,1.0,2000,gps,19,40,0.06814237812928484,0.02869415934762815,0.06164747610405473,after_return,0.6617105006330911
0.22807549611258357,1.0,1.0,,original,stress,60,1.0,1.0,,0.6,0.0,,0.08459619138096275,1.0,,0.1427137307449228,0.010000000000005116,px4,,0.1551549996831151,1.0,,100/50/50 Hz,1.0,4700,denied,19,13,0.11668673718341606,0.015390062641351494,0.13006367029460214,flight,0.21439726330687456
0.2350932169750252,1.0,1.0,,original,stress,25,1.0,1.0,,0.6,0.0,,0.03947287365979599,1.0,,0.0629430581168506,0.010000000000001563,px4,,0.1225893780485053,1.0,,100/50/50 Hz,1.0,700,denied,19,18,0.0629430581168506,0.019345797498252413,0.11606053530531875,before_outage,0.217185836701189
0.30741116081669806,1.0,1.0,,original,stress,40,1.0,1.0,,0.6,0.0,,0.06443194078261685,1.0,,0.0880358770381486,0.010000000000005116,px4,,0.14304221405939804,1.0,,100/50/50 Hz,1.0,1500,denied,19,25,0.061871646862442654,0.017327398565663628,0.12770904435473632,outage_window,0.29642862904114803
0.14165934805244568,1.0,1.0,,original,stress,60,1.0,1.0,,0.6,0.0,,0.11439124269942351,1.0,,0.1427137307449228,0.010000000000005116,px4,,0.18206816592064917,1.0,,100/50/50 Hz,1.0,2000,denied,19,40,0.11668673718341606,0.01325100536124556,0.14164554576615046,after_return,0.12933117287062462
0.24398145124052256,1.0,,,original,stress,60,1.0,,,0.6,0.0,,0.24602926711054746,,,0.4309190689951894,0.010000000000005116,ekf3,,0.2558022188246831,1.0,,100/50/50 Hz,1.0,4700,denied,19,13,0.2162233888789317,0.060475383197020005,0.07003124217574579,flight,0.18433186351865785
0.2873848107177812,1.0,,,original,stress,25,1.0,,,0.6,0.0,,0.2305827188542561,,,0.27538027999775033,0.010000000000001563,ekf3,,0.24069630095072872,1.0,,100/50/50 Hz,1.0,700,denied,19,18,0.21256868450808278,0.07489190321325602,0.06903853313290235,before_outage,0.2274030460982513
0.3091686917147225,1.0,,,original,stress,40,1.0,,,0.6,0.0,,0.18030315631415103,,,0.26411347039901506,0.010000000000005116,ekf3,,0.18767787622282986,1.0,,100/50/50 Hz,1.0,1500,denied,19,25,0.1438782363357051,0.061743336912936604,0.05209373327634205,outage_window,0.23938125543322294
0.17418278300046744,1.0,,,original,stress,60,1.0,,,0.6,0.0,,0.31350030820773833,,,0.4309190689951894,0.010000000000005116,ekf3,,0.32460111029746486,1.0,,100/50/50 Hz,1.0,2000,denied,19,40,0.2162233888789317,0.05769049732330926,0.08416316034940703,after_return,0.1131866666737302
0.29389373823861725,1.0,1.0,,original,stress,60,1.0,1.0,,0.6,0.8042553191489362,,0.04164575290538697,1.0,,0.10035568692982971,0.010000000000005116,px4,,0.15455632721211124,1.0,,100/50/50 Hz,1.0,4700,transition,19,13,0.045476626449605,0.016820528733798207,0.14883981169781374,flight,0.2800825426264506
0.3736288823877128,1.0,1.0,,original,stress,25,1.0,1.0,,0.6,1.0,,0.04006390021894569,1.0,,0.07449797018704023,0.010000000000001563,px4,,0.1447884207864496,1.0,,100/50/50 Hz,1.0,700,transition,19,18,0.011097376259675858,0.02344106961223325,0.139135080741991,before_outage,0.3586452003068636
0.26205011591108646,1.0,1.0,,original,stress,40,1.0,1.0,,0.6,0.4726666666666667,,0.03547597346563955,1.0,,0.056887102430428625,0.010000000000005116,px4,,0.15089695356193333,1.0,,100/50/50 Hz,1.0,1500,transition,19,25,0.022488600177758892,0.01572612989640655,0.14666746708434525,outage_window,0.2455033802565107
0.19983404952849507,1.0,1.0,,original,stress,60,1.0,1.0,,0.6,0.9355,,0.041441721619271205,1.0,,0.08193190288387933,0.010000000000005116,px4,,0.16354626031695066,1.0,,100/50/50 Hz,1.0,2000,transition,19,40,0.045476626449605,0.01332843568539043,0.15820860587493535,after_return,0.18656835907761643
0.47575093355167963,1.0,,,original,stress,60,1.0,,,0.6,0.4208510638297872,,0.14265754562765065,,,0.37806518712744225,0.010000000000005116,ekf3,,0.15502089880685543,1.0,,100/50/50 Hz,1.0,4700,transition,19,13,0.06805045650952868,0.05330801736463486,0.0606655070231848,flight,0.4464154799307867
0.28738472296187645,1.0,,,original,stress,25,1.0,,,0.6,0.0,,0.2305825911499773,,,0.27538027999775033,0.010000000000001563,ekf3,,0.2406961786123337,1.0,,100/50/50 Hz,1.0,700,transition,19,18,0.21256868450808278,0.0748919977405355,0.06903853313290235,before_outage,0.2274030499025993
0.3091691933082972,1.0,,,original,stress,40,1.0,,,0.6,0.0,,0.18030297665582876,,,0.26411347039901506,0.010000000000005116,ekf3,,0.1876777036241093,1.0,,100/50/50 Hz,1.0,1500,transition,19,25,0.1438782363357051,0.061743336912936604,0.05209373327634205,outage_window,0.23938186336091682
0.6498827611545642,1.0,,,original,stress,60,1.0,,,0.6,0.989,,0.06213959662046948,,,0.37806518712744225,0.010000000000005116,ekf3,,0.0898231587796525,1.0,,100/50/50 Hz,1.0,2000,transition,19,40,0.06805045650952868,0.03757258935453287,0.06486039149588907,after_return,0.63347143113401
0.28868109728996777,1.0,1.0,,original,zero,60,1.0,1.0,,0.6,1.0,,0.04356860843213579,1.0,,0.10464918249221214,0.010000000000005116,px4,,0.1750394836253171,1.0,,100/50/50 Hz,1.0,4700,gps,41,13,0.019759411142808915,0.01915265379248248,0.16953051992813825,flight,0.2753374617455504
0.2771442653791006,1.0,1.0,,original,zero,25,1.0,1.0,,0.6,1.0,,0.037778336892499265,1.0,,0.06657287806759812,0.010000000000001563,px4,,0.15429640588761742,1.0,,100/50/50 Hz,1.0,700,gps,41,18,0.012492210539344477,0.020172402770959077,0.14960006059983133,before_outage,0.2634924327219929
0.275202833253197,1.0,1.0,,original,zero,40,1.0,1.0,,0.6,1.0,,0.05155952941385046,1.0,,0.10464918249221214,0.010000000000005116,px4,,0.19567309914232217,1.0,,100/50/50 Hz,1.0,1500,gps,41,25,0.01912761810532609,0.02027223189293833,0.18875798434657892,outage_window,0.26313125396308684
0.1428272941168354,1.0,1.0,,original,zero,60,1.0,1.0,,0.6,1.0,,0.038167888845132926,1.0,,0.06616921262383424,0.010000000000005116,px4,,0.17483378442172595,1.0,,100/50/50 Hz,1.0,2000,gps,41,40,0.019759411142808915,0.015611904108903625,0.17061671792742975,after_return,0.12348626201999846
0.45278707518213995,1.0,,,original,zero,60,1.0,,,0.6,0.6280851063829788,,0.09762844993863758,,,0.29066094533986064,0.010000000000005116,ekf3,,0.11344364403352504,1.0,,100/50/50 Hz,1.0,4700,gps,41,13,0.020617070021903418,0.04948581475628541,0.057776691962971354,flight,0.4299174174321725
0.2911773527154464,1.0,,,original,zero,25,1.0,,,0.6,0.0,,0.1417646772461806,,,0.16837495310841796,0.010000000000001563,ekf3,,0.16425656507992797,1.0,,100/50/50 Hz,1.0,700,gps,41,18,0.16508169955682195,0.06778582943954642,0.08296382016965502,before_outage,0.24364802416633824
0.4875690684203236,1.0,,,original,zero,40,1.0,,,0.6,0.6346666666666667,,0.11003336544425461,,,0.29066094533986064,0.010000000000005116,ekf3,,0.11933260623563405,1.0,,100/50/50 Hz,1.0,1500,gps,41,25,0.030935550832416964,0.05064232885090159,0.046183648621563024,outage_window,0.4561493665142239
0.48237605464561734,1.0,,,original,zero,60,1.0,,,0.6,1.0,,0.0534919085085939,,,0.11111328548611364,0.010000000000005116,ekf3,,0.07723998790064497,1.0,,100/50/50 Hz,1.0,2000,gps,41,40,0.020617070021903418,0.03164101628562244,0.05571921979891679,after_return,0.46987841702382954
0.17623596780830134,1.0,1.0,,original,zero,60,1.0,1.0,,0.6,0.0,,0.10151640397070925,1.0,,0.1784181847971796,0.010000000000005116,px4,,0.15073469446351515,1.0,,100/50/50 Hz,1.0,4700,denied,41,13,0.1670478460517817,0.012907493684851817,0.11142426952807466,flight,0.1528618602031457
0.16899316735506478,1.0,1.0,,original,zero,25,1.0,1.0,,0.6,0.0,,0.035762885780065055,1.0,,0.05616360140557963,0.010000000000001563,px4,,0.10054760808889651,1.0,,100/50/50 Hz,1.0,700,denied,41,18,0.05382835980887981,0.015762854203037118,0.09397253584468361,before_outage,0.14016615750473432
0.1340298123387576,1.0,1.0,,original,zero,40,1.0,1.0,,0.6,0.0,,0.0754006198406132,1.0,,0.09271769260383894,0.010000000000005116,px4,,0.14049173534542703,1.0,,100/50/50 Hz,1.0,1500,denied,41,25,0.0834444446869292,0.008954044883038718,0.11854397592463665,outage_window,0.10395013664300291
0.0775858065463201,1.0,1.0,,original,zero,60,1.0,1.0,,0.6,0.0,,0.13891073708450377,1.0,,0.1784181847971796,0.010000000000005116,px4,,0.18287236901221948,1.0,,100/50/50 Hz,1.0,2000,denied,41,40,0.1670478460517817,0.012099326184820342,0.11893742249931788,after_return,0.03804870033402837
0.2877577294907971,1.0,,,original,zero,60,1.0,,,0.6,0.0,,0.19362142963614676,,,0.33571481559787686,0.010000000000005116,ekf3,,0.20355838253400424,1.0,,100/50/50 Hz,1.0,4700,denied,41,13,0.24293761505256983,0.06758505924768855,0.06282322091006373,flight,0.2489461755249273
0.309322123146294,1.0,,,original,zero,25,1.0,,,0.6,0.0,,0.15734353884759397,,,0.1987475460780574,0.010000000000001563,ekf3,,0.18571181934830036,1.0,,100/50/50 Hz,1.0,700,denied,41,18,0.19850659620129724,0.07162012906848726,0.09865034530386313,before_outage,0.27390739335155123
0.3155195551558388,1.0,,,original,zero,40,1.0,,,0.6,0.0,,0.18317059487426005,,,0.2606926491587524,0.010000000000005116,ekf3,,0.18942462258091905,1.0,,100/50/50 Hz,1.0,1500,denied,41,25,0.11544530450506456,0.06856038804075412,0.048272360759893794,outage_window,0.26421039415387365
0.20493017983817205,1.0,,,original,zero,60,1.0,,,0.6,0.0,,0.22360634432510862,,,0.33571481559787686,0.010000000000005116,ekf3,,0.22970392406843865,1.0,,100/50/50 Hz,1.0,2000,denied,41,40,0.24293761505256983,0.06348629074221183,0.052574666047441515,after_return,0.16496577378287286
0.27925852950899926,1.0,1.0,,original,zero,60,1.0,1.0,,0.6,0.8004255319148936,,0.03547427971869018,1.0,,0.08080134802746618,0.010000000000005116,px4,,0.16024263474467323,1.0,,100/50/50 Hz,1.0,4700,transition,41,13,0.019703087258360306,0.017645893361913374,0.15626668700767568,flight,0.2639395849380314
0.2771442653791006,1.0,1.0,,original,zero,25,1.0,1.0,,0.6,1.0,,0.037778336892499265,1.0,,0.06657287806759812,0.010000000000001563,px4,,0.15429640588761742,1.0,,100/50/50 Hz,1.0,700,transition,41,18,0.012492210539344477,0.020172402770959077,0.14960006059983133,before_outage,0.2634924327219929
0.18871310893054108,1.0,1.0,,original,zero,40,1.0,1.0,,0.6,0.46066666666666667,,0.0308536934504432,1.0,,0.04678476782934202,0.010000000000005116,px4,,0.18385191518088614,1.0,,100/50/50 Hz,1.0,1500,transition,41,25,0.020415730035076195,0.014093303602279046,0.18124452078930783,outage_window,0.16911468544670574
0.19472211168182232,1.0,1.0,,original,zero,60,1.0,1.0,,0.6,0.9355,,0.03511532164551465,1.0,,0.06855671291195407,0.010000000000005116,px4,,0.14924157988094905,1.0,,100/50/50 Hz,1.0,2000,transition,41,40,0.019703087258360306,0.016513288190224452,0.1450515885852125,after_return,0.17687008094908507
0.40911015187401123,1.0,,,original,zero,60,1.0,,,0.6,0.4238297872340426,,0.12084603162648816,,,0.39017780107905403,0.010000000000005116,ekf3,,0.13172846992886136,1.0,,100/50/50 Hz,1.0,4700,transition,41,13,0.02055720208277562,0.053689663870646005,0.05242734429597555,flight,0.3840378462955445
0.2911773527154464,1.0,,,original,zero,25,1.0,,,0.6,0.0,,0.1417646772461806,,,0.16837495310841796,0.010000000000001563,ekf3,,0.16425656507992797,1.0,,100/50/50 Hz,1.0,700,transition,41,18,0.16508169955682195,0.06778582943954642,0.08296382016965502,before_outage,0.24364802416633824
0.325982666930439,1.0,,,original,zero,40,1.0,,,0.6,0.0,,0.1546272155650512,,,0.22382463895176635,0.010000000000005116,ekf3,,0.1601878624825681,1.0,,100/50/50 Hz,1.0,1500,transition,41,25,0.0898673730578401,0.06268791791063456,0.04183987922226035,outage_window,0.2806753205072389
0.4927626571181601,1.0,,,original,zero,60,1.0,,,0.6,0.996,,0.07700625949777225,,,0.39017780107905403,0.010000000000005116,ekf3,,0.0890841713316021,1.0,,100/50/50 Hz,1.0,2000,transition,41,40,0.02055720208277562,0.03156868647327257,0.04478867691727453,after_return,0.4795807807450143
0.28646282928320693,1.0,1.0,,original,nominal,60,1.0,1.0,,0.6,1.0,,0.043522614587416374,1.0,,0.10450948411033494,0.010000000000005116,px4,,0.17403578553892254,1.0,,100/50/50 Hz,1.0,4700,gps,41,13,0.019759411142808915,0.019077065699441415,0.1685058950530368,flight,0.27418338694943006
0.27330668979125083,1.0,1.0,,original,nominal,25,1.0,1.0,,0.6,1.0,,0.03773241400535887,1.0,,0.06657287806759812,0.010000000000001563,px4,,0.15338644711378402,1.0,,100/50/50 Hz,1.0,700,gps,41,18,0.012435590796070345,0.02009163676975999,0.14867302072507255,before_outage,0.26102500576879895
0.27351893318395837,1.0,1.0,,original,nominal,40,1.0,1.0,,0.6,1.0,,0.051490329853976814,1.0,,0.10450948411033494,0.010000000000005116,px4,,0.1946319415758789,1.0,,100/50/50 Hz,1.0,1500,gps,41,25,0.01912761810532609,0.020192096162484928,0.18769746565450743,outage_window,0.26243142802890934
0.14162940704711033,1.0,1.0,,original,nominal,60,1.0,1.0,,0.6,1.0,,0.03816067121196119,1.0,,0.0662048266048966,0.010000000000005116,px4,,0.17380277443373288,1.0,,100/50/50 Hz,1.0,2000,gps,41,40,0.019759411142808915,0.015568004005497807,0.16956169252963837,after_return,0.12345491507583484
0.6013022082483775,1.0,,,original,nominal,60,1.0,,,0.6,0.6251063829787235,,0.11025172472922089,,,0.3686293494957007,0.010000000000005116,ekf3,,0.12342898719508025,1.0,,100/50/50 Hz,1.0,4700,gps,41,13,0.02217886803915998,0.06011376446553309,0.055491189158598714,flight,0.57068421003129
0.40687256911582087,1.0,,,original,nominal,25,1.0,,,0.6,0.0,,0.1956134529337163,,,0.23464227531010184,0.010000000000001563,ekf3,,0.20275317129123094,1.0,,100/50/50 Hz,1.0,700,gps,41,18,0.2151841752436663,0.08324887239371818,0.053331280689666534,before_outage,0.34312838250933175
0.7046496157499071,1.0,,,original,nominal,40,1.0,,,0.6,0.6253333333333333,,0.1045927337490313,,,0.3686293494957007,0.010000000000005116,ekf3,,0.11886770292961168,1.0,,100/50/50 Hz,1.0,1500,gps,41,25,0.030361839010030506,0.06692404478495881,0.05647911867820413,outage_window,0.6632955558206609
0.6384157405104065,1.0,,,original,nominal,60,1.0,,,0.6,1.0,,0.06064457737503658,,,0.1194090409944004,0.010000000000005116,ekf3,,0.08478698402465322,1.0,,100/50/50 Hz,1.0,2000,gps,41,40,0.02217886803915998,0.04098298913406513,0.059254264783220455,after_return,0.622735803306404
0.16826689705859874,1.0,1.0,,original,nominal,60,1.0,1.0,,0.6,0.0,,0.10144762302916255,1.0,,0.1785706078438367,0.010000000000005116,px4,,0.14971900422098172,1.0,,100/50/50 Hz,1.0,4700,denied,41,13,0.16718957899028672,0.01262592297897117,0.11010976344836669,flight,0.1458646659397064
0.15723396626651995,1.0,1.0,,original,nominal,25,1.0,1.0,,0.6,0.0,,0.03529510162394979,1.0,,0.05611114041931636,0.010000000000001563,px4,,0.09925798323858573,1.0,,100/50/50 Hz,1.0,700,denied,41,18,0.05370286097896232,0.01539595142206897,0.09277070139837482,before_outage,0.12895968432739088
0.1351534463835399,1.0,1.0,,original,nominal,40,1.0,1.0,,0.6,0.0,,0.07549666246463911,1.0,,0.09253951267578676,0.010000000000005116,px4,,0.13940978968071246,1.0,,100/50/50 Hz,1.0,1500,denied,41,25,0.08346746414506805,0.008872997270115812,0.11719788144638467,outage_window,0.10807969839167479
0.07560365865722311,1.0,1.0,,original,nominal,60,1.0,1.0,,0.6,0.0,,0.13876194352342677,1.0,,0.1785706078438367,0.010000000000005116,px4,,0.18187140143886332,1.0,,100/50/50 Hz,1.0,2000,denied,41,40,0.16718957899028672,0.0119777535806514,0.11756840430548293,after_return,0.03804366617621918
0.398870070758369,1.0,,,original,nominal,60,1.0,,,0.6,0.0,,0.23389983104411172,,,0.46887163364010914,0.010000000000005116,ekf3,,0.23945779987673355,1.0,,100/50/50 Hz,1.0,4700,denied,41,13,0.15758814815502883,0.07964464976697319,0.051292367456979085,flight,0.34786316322747063
0.4068730770660807,1.0,,,original,nominal,25,1.0,,,0.6,0.0,,0.19561347209761779,,,0.23464227531010184,0.010000000000001563,ekf3,,0.20275318978029785,1.0,,100/50/50 Hz,1.0,700,denied,41,18,0.2151841752436663,0.08324887239371818,0.053331280689666534,before_outage,0.3431291268120173
0.5209119137015559,1.0,,,original,nominal,40,1.0,,,0.6,0.0,,0.16367374196797677,,,0.278179230079011,0.010000000000005116,ekf3,,0.17298354494903026,1.0,,100/50/50 Hz,1.0,1500,denied,41,25,0.016124290764775027,0.08421622624167113,0.05598404248831388,outage_window,0.46469968954281726
0.31727512825420473,1.0,,,original,nominal,60,1.0,,,0.6,0.0,,0.30297168005706837,,,0.46887163364010914,0.010000000000005116,ekf3,,0.30706840795920803,1.0,,100/50/50 Hz,1.0,2000,denied,41,40,0.15758814815502883,0.07831998286726496,0.04999168180807683,after_return,0.27355567834645605
0.27677243860724465,1.0,1.0,,original,nominal,60,1.0,1.0,,0.6,0.8029787234042554,,0.03542789952939609,1.0,,0.08073811121579286,0.010000000000005116,px4,,0.1594131200642351,1.0,,100/50/50 Hz,1.0,4700,transition,41,13,0.019703087258360306,0.017570490302547506,0.15542653178768823,flight,0.2626349763280257
0.27330668979125083,1.0,1.0,,original,nominal,25,1.0,1.0,,0.6,1.0,,0.03773241400535887,1.0,,0.06657287806759812,0.010000000000001563,px4,,0.15338644711378402,1.0,,100/50/50 Hz,1.0,700,transition,41,18,0.012435590796070345,0.02009163676975999,0.14867302072507255,before_outage,0.26102500576879895
0.18601386669242156,1.0,1.0,,original,nominal,40,1.0,1.0,,0.6,0.4686666666666667,,0.030761707384904084,1.0,,0.04664617453549309,0.010000000000005116,px4,,0.1828065428068845,1.0,,100/50/50 Hz,1.0,1500,transition,41,25,0.020514377022447353,0.013991789861765339,0.18019974875612574,outage_window,0.1678933235124791
0.1933681620486902,1.0,1.0,,original,nominal,60,1.0,1.0,,0.6,0.9355,,0.03511584964719661,1.0,,0.06855671291195407,0.010000000000005116,px4,,0.1486490232507353,1.0,,100/50/50 Hz,1.0,2000,transition,41,40,0.019703087258360306,0.016479585917180628,0.1444417156397456,after_return,0.17659018495358578
0.5441518104544619,1.0,,,original,nominal,60,1.0,,,0.6,0.4208510638297872,,0.1408603866635441,,,0.6854418769200508,0.010000000000005116,ekf3,,0.14937621872350418,1.0,,100/50/50 Hz,1.0,4700,transition,41,13,0.021966432270536317,0.06847568648100176,0.04971525107176872,flight,0.5095687258009459
0.40687256911582087,1.0,,,original,nominal,25,1.0,,,0.6,0.0,,0.1956134529337163,,,0.23464227531010184,0.010000000000001563,ekf3,,0.20275317129123094,1.0,,100/50/50 Hz,1.0,700,transition,41,18,0.2151841752436663,0.08324887239371818,0.053331280689666534,before_outage,0.34312838250933175
0.52091158845588,1.0,,,original,nominal,40,1.0,,,0.6,0.0,,0.16367363344383717,,,0.278179230079011,0.010000000000005116,ekf3,,0.17298344226555587,1.0,,100/50/50 Hz,1.0,1500,transition,41,25,0.016124290764775027,0.08421617136038047,0.05598404248831388,outage_window,0.4646993213824642
0.6500945293477388,1.0,,,original,nominal,60,1.0,,,0.6,0.989,,0.09926371175102607,,,0.6854418769200508,0.010000000000005116,ekf3,,0.10944448780359288,1.0,,100/50/50 Hz,1.0,2000,transition,41,40,0.021966432270536317,0.04739517639105979,0.04609567702073591,after_return,0.6329803362319881
0.28787556089499344,1.0,1.0,,original,stress,60,1.0,1.0,,0.6,1.0,,0.04359011338829162,1.0,,0.1045683519395822,0.010000000000005116,px4,,0.21237316993828181,1.0,,100/50/50 Hz,1.0,4700,gps,41,13,0.019759411142808915,0.01912166411060403,0.20785154636044978,flight,0.27587568852770267
0.2773758535552226,1.0,1.0,,original,stress,25,1.0,1.0,,0.6,1.0,,0.03809764919029507,1.0,,0.0669962945434375,0.010000000000001563,px4,,0.19211010249527855,1.0,,100/50/50 Hz,1.0,700,gps,41,18,0.012518331555734756,0.020151552271682683,0.18829461119989502,before_outage,0.2655357946663958
0.2739678222273605,1.0,1.0,,original,stress,40,1.0,1.0,,0.6,1.0,,0.051521230312905404,1.0,,0.1045683519395822,0.010000000000005116,px4,,0.23296207091641286,1.0,,100/50/50 Hz,1.0,1500,gps,41,25,0.01912761810532609,0.020215299979967728,0.22719350631721044,outage_window,0.2630880365372357
0.1413654059982994,1.0,1.0,,original,stress,60,1.0,1.0,,0.6,1.0,,0.03815116759694295,1.0,,0.06615747620685375,0.010000000000005116,px4,,0.21256747534777934,1.0,,100/50/50 Hz,1.0,2000,gps,41,40,0.019759411142808915,0.01556876151198793,0.20911580520543815,after_return,0.12339585926113927
0.4572995072444803,1.0,,,original,stress,60,1.0,,,0.6,0.6038297872340426,,0.0908627507730317,,,0.19258882216398815,0.010000000000005116,ekf3,,0.11131201427337034,1.0,,100/50/50 Hz,1.0,4700,gps,41,13,0.01643741593219819,0.05263990965216853,0.0642987172776637,flight,0.4336282522693621
0.20384381740738622,1.0,,,original,stress,25,1.0,,,0.6,0.0,,0.16309409759812427,,,0.19258882216398815,0.010000000000001563,ekf3,,0.17900989701267733,1.0,,100/50/50 Hz,1.0,700,gps,41,18,0.16751682744837576,0.073330796418188,0.07378928483962192,before_outage,0.12815478387818705
0.5104090112453967,1.0,,,original,stress,40,1.0,,,0.6,0.5586666666666666,,0.08278467189217285,,,0.1673693706451293,0.010000000000005116,ekf3,,0.10767445419857664,1.0,,100/50/50 Hz,1.0,1500,gps,41,25,0.0227207436250451,0.059966843948037994,0.06885118870917674,outage_window,0.47920883145754734
0.5259787993312577,1.0,,,original,stress,60,1.0,,,0.6,1.0,,0.056634085598157316,,,0.11154401958765131,0.010000000000005116,ekf3,,0.08178307056805466,1.0,,100/50/50 Hz,1.0,2000,gps,41,40,0.01643741593219819,0.03462405639815226,0.0590004320323165,after_return,0.5125986469825771
0.16826928263628316,1.0,1.0,,original,stress,60,1.0,1.0,,0.6,0.0,,0.1028476422102447,1.0,,0.17962330307907928,0.010000000000005116,px4,,0.1630261783558024,1.0,,100/50/50 Hz,1.0,4700,denied,41,13,0.16836966307479273,0.012621794766545902,0.1264907005320604,flight,0.1463148753422527
0.1573089451304281,1.0,1.0,,original,stress,25,1.0,1.0,,0.6,0.0,,0.037306885322374896,1.0,,0.05738257127155797,0.010000000000001563,px4,,0.11522442900511609,1.0,,100/50/50 Hz,1.0,700,denied,41,18,0.05516462450036022,0.015369561276271699,0.109017729508086,before_outage,0.12977373277752313
0.1337163468626375,1.0,1.0,,original,stress,40,1.0,1.0,,0.6,0.0,,0.07714638523162241,1.0,,0.09441007610017317,0.010000000000005116,px4,,0.15444162561241673,1.0,,100/50/50 Hz,1.0,1500,denied,41,25,0.08527684851217372,0.008874895362231898,0.13379331436024744,outage_window,0.10667097018533275
0.07495928714762481,1.0,1.0,,original,stress,60,1.0,1.0,,0.6,0.0,,0.14045724982303293,1.0,,0.17962330307907928,0.010000000000005116,px4,,0.19418713809921184,1.0,,100/50/50 Hz,1.0,2000,denied,41,40,0.16836966307479273,0.011976748680674188,0.1340910346567305,after_return,0.037690425231910546
0.24571301723521252,1.0,,,original,stress,60,1.0,,,0.6,0.0,,0.17677065097226952,,,0.35232669825763785,0.010000000000005116,ekf3,,0.18524235791337954,1.0,,100/50/50 Hz,1.0,4700,denied,41,13,0.10904670762491872,0.06338146821354977,0.05537931130077977,flight,0.19005515823733177
0.20384381740738622,1.0,,,original,stress,25,1.0,,,0.6,0.0,,0.16309409759812427,,,0.19258882216398815,0.010000000000001563,ekf3,,0.17900989701267733,1.0,,100/50/50 Hz,1.0,700,denied,41,18,0.16751682744837576,0.073330796418188,0.07378928483962192,before_outage,0.12815478387818705
0.2934527782975545,1.0,,,original,stress,40,1.0,,,0.6,0.0,,0.13247488744995525,,,0.20262290234318095,0.010000000000005116,ekf3,,0.14532954278080665,1.0,,100/50/50 Hz,1.0,1500,denied,41,25,0.004901190524455352,0.0661391517507515,0.059758515711152004,outage_window,0.22308339906809305
0.24062029892231465,1.0,,,original,stress,60,1.0,,,0.6,0.0,,0.22184676095310665,,,0.35232669825763785,0.010000000000005116,ekf3,,0.2259769170631922,1.0,,100/50/50 Hz,1.0,2000,denied,41,40,0.10904670762491872,0.059529320621281696,0.04300676342158289,after_return,0.20166600732112283
0.2784288691718684,1.0,1.0,,original,stress,60,1.0,1.0,,0.6,0.8042553191489362,,0.03550039074010415,1.0,,0.08068950405798554,0.010000000000005116,px4,,0.19793371109131194,1.0,,100/50/50 Hz,1.0,4700,transition,41,13,0.019703087258360306,0.01762554311719735,0.19472410288323033,flight,0.26461157492923393
0.2773758535552226,1.0,1.0,,original,stress,25,1.0,1.0,,0.6,1.0,,0.03809764919029507,1.0,,0.0669962945434375,0.010000000000001563,px4,,0.19211010249527855,1.0,,100/50/50 Hz,1.0,700,transition,41,18,0.012518331555734756,0.020151552271682683,0.18829461119989502,before_outage,0.2655357946663958
0.18713396951223513,1.0,1.0,,original,stress,40,1.0,1.0,,0.6,0.4726666666666667,,0.030771380608915846,1.0,,0.04665347458785065,0.010000000000005116,px4,,0.222167290786263,1.0,,100/50/50 Hz,1.0,1500,transition,41,25,0.02023434174800624,0.01405843796227886,0.22002596944617506,outage_window,0.1693913178206005
0.1934988601804914,1.0,1.0,,original,stress,60,1.0,1.0,,0.6,0.9355,,0.03510845340381754,1.0,,0.06855671291195407,0.010000000000005116,px4,,0.18694080803517868,1.0,,100/50/50 Hz,1.0,2000,transition,41,40,0.019703087258360306,0.016475782569994223,0.18361443899769295,after_return,0.17694886846109842
0.3804545362380824,1.0,,,original,stress,60,1.0,,,0.6,0.4208510638297872,,0.11936099077992961,,,0.6854418769200508,0.010000000000005116,ekf3,,0.13124540213915423,1.0,,100/50/50 Hz,1.0,4700,transition,41,13,0.016421256194435213,0.057169042482036164,0.05457388993558976,flight,0.3485480224532922
0.20384381740738622,1.0,,,original,stress,25,1.0,,,0.6,0.0,,0.16309409759812427,,,0.19258882216398815,0.010000000000001563,ekf3,,0.17900989701267733,1.0,,100/50/50 Hz,1.0,700,transition,41,18,0.16751682744837576,0.073330796418188,0.07378928483962192,before_outage,0.12815478387818705
0.2934529526785348,1.0,,,original,stress,40,1.0,,,0.6,0.0,,0.13247488744995525,,,0.20262290234318095,0.010000000000005116,ekf3,,0.14532954278080665,1.0,,100/50/50 Hz,1.0,1500,transition,41,25,0.004901190524455352,0.06613913998879567,0.059758515711152004,outage_window,0.22308363347087756
0.5061317562275928,1.0,,,original,stress,60,1.0,,,0.6,0.989,,0.09625001211233158,,,0.6854418769200508,0.010000000000005116,ekf3,,0.10442956327891052,1.0,,100/50/50 Hz,1.0,2000,transition,41,40,0.016421256194435213,0.0422350578101637,0.04051504479819811,after_return,0.4911988272715369
0.21823715890319206,1.0,1.0,,original,zero,60,1.0,1.0,,0.6,1.0,,0.04977582218279522,1.0,,0.12098503177833847,0.010000000000005116,px4,,0.591313065438901,1.0,,25/25/25 Hz,1.0,4700,gps,7,13,0.028438679180001255,0.018040379732365372,0.589214314901443,flight,0.19539887158505997
0.1786395305955621,1.0,1.0,,original,zero,25,1.0,1.0,,0.6,1.0,,0.04148249536362268,1.0,,0.07216889451238552,0.010000000000001563,px4,,0.582238934710675,1.0,,25/25/25 Hz,1.0,700,gps,7,18,0.039040728557511284,0.016157062486967796,0.5807593130303023,before_outage,0.15105735500573605
0.23359972216534236,1.0,1.0,,original,zero,40,1.0,1.0,,0.6,1.0,,0.04080513283018098,1.0,,0.07869307658195787,0.010000000000005116,px4,,0.6042823904277884,1.0,,25/25/25 Hz,1.0,1500,gps,7,25,0.008497988253272552,0.018699132260290185,0.6029031004364079,outage_window,0.2100862715110094
0.1508423879545553,1.0,1.0,,original,zero,60,1.0,1.0,,0.6,1.0,,0.061942770437603364,1.0,,0.12098503177833847,0.010000000000005116,px4,,0.5904744496192511,1.0,,25/25/25 Hz,1.0,2000,gps,7,40,0.028438679180001255,0.016964606331301056,0.5872164582534042,after_return,0.13275033593227797
0.5189802431099102,1.0,,,original,zero,60,1.0,,,0.6,0.5642553191489361,,0.11189366291443788,,,0.30732021087374456,0.010000000000005116,ekf3,,0.12860537342951178,1.0,,25/25/25 Hz,1.0,4700,gps,7,13,0.03219069837197124,0.05145368103472422,0.06339676864426393,flight,0.4970102053026512
0.2925884642605962,1.0,,,original,zero,25,1.0,,,0.6,0.0,,0.19226785413833983,,,0.24652157936303357,0.010000000000001563,ekf3,,0.21506277599965135,1.0,,25/25/25 Hz,1.0,700,gps,7,18,0.17967790827361313,0.07116543381614078,0.09635906748051419,before_outage,0.24023004718075383
0.45435700794859996,1.0,,,original,zero,40,1.0,,,0.6,0.43466666666666665,,0.1158498383429246,,,0.30732021087374456,0.010000000000005116,ekf3,,0.1265774764485442,1.0,,25/25/25 Hz,1.0,1500,gps,7,25,0.021951617730751098,0.057250948823986486,0.05099678911460995,outage_window,0.419118191924964
0.6272053907464188,1.0,,,original,zero,60,1.0,,,0.6,1.0,,0.05979597275767732,,,0.11514644839298112,0.010000000000005116,ekf3,,0.0824154862452251,1.0,,25/25/25 Hz,1.0,2000,gps,7,40,0.03219069837197124,0.02460726029098605,0.056716435140089685,after_return,0.6155179106412595
0.3567129939862372,1.0,1.0,,original,zero,60,1.0,1.0,,0.6,0.0,,0.10736539014390516,1.0,,0.1639704991639097,0.010000000000005116,px4,,0.2495721340486004,1.0,,25/25/25 Hz,1.0,4700,denied,7,13,0.13287948496030177,0.01830023883735745,0.22529741031094788,flight,0.3380123164673739
0.4328717584083797,1.0,1.0,,original,zero,25,1.0,1.0,,0.6,0.0,,0.06122629381048911,1.0,,0.09155708983747805,0.010000000000001563,px4,,0.22418540179176744,1.0,,25/25/25 Hz,1.0,700,denied,7,18,0.09149724361850826,0.025682718491734997,0.21566278149640902,before_outage,0.4145415614984354
0.27986191915114306,1.0,1.0,,original,zero,40,1.0,1.0,,0.6,0.0,,0.09401304098321155,1.0,,0.12073187723319372,0.010000000000005116,px4,,0.2384359395373022,1.0,,25/25/25 Hz,1.0,1500,denied,7,25,0.1027319113062759,0.015100819980118542,0.21911924924142334,outage_window,0.2556769124753811
0.1465191156315695,1.0,1.0,,original,zero,60,1.0,1.0,,0.6,0.0,,0.13597479579224075,1.0,,0.1639704991639097,0.010000000000005116,px4,,0.2711481167484117,1.0,,25/25/25 Hz,1.0,2000,denied,7,40,0.13287948496030177,0.011880561883421311,0.23458933506335863,after_return,0.12154591269819132
0.30393355651666165,1.0,,,original,zero,60,1.0,,,0.6,0.0,,0.18943810001617553,,,0.3186950774685036,0.010000000000005116,ekf3,,0.20380704126636637,1.0,,25/25/25 Hz,1.0,4700,denied,7,13,0.11599883152138141,0.0710649834057748,0.07516991640285249,flight,0.2563053305481168
0.30603085187791573,1.0,,,original,zero,25,1.0,,,0.6,0.0,,0.19989498136092412,,,0.26253017760235625,0.010000000000001563,ekf3,,0.23021194672766515,1.0,,25/25/25 Hz,1.0,700,denied,7,18,0.2115203714946928,0.07356416810734014,0.11419079141006575,before_outage,0.26381995445242934
0.30902844663751045,1.0,,,original,zero,40,1.0,,,0.6,0.0,,0.1678177568503746,,,0.27696628314192223,0.010000000000005116,ekf3,,0.17621511081901606,1.0,,25/25/25 Hz,1.0,1500,denied,7,25,0.005170819432063652,0.07410238675150588,0.053749100147506355,outage_window,0.23366184835815382
0.1930901287331147,1.0,,,original,zero,60,1.0,,,0.6,0.0,,0.21242847679482646,,,0.3186950774685036,0.010000000000005116,ekf3,,0.22178456720062859,1.0,,25/25/25 Hz,1.0,2000,denied,7,40,0.11599883152138141,0.0636507900436875,0.06373803020960092,after_return,0.13918553290584612
0.2737027638768565,1.0,1.0,,original,zero,60,1.0,1.0,,0.6,0.8004255319148936,,0.05427002994207783,1.0,,0.12309542161399871,0.010000000000005116,px4,,0.5405483831166364,1.0,,25/25/25 Hz,1.0,4700,transition,7,13,0.02586756547680174,0.019041680507214186,0.5378171792905987,flight,0.25082332919739203
0.1786395305955621,1.0,1.0,,original,zero,25,1.0,1.0,,0.6,1.0,,0.04148249536362268,1.0,,0.07216889451238552,0.010000000000001563,px4,,0.582238934710675,1.0,,25/25/25 Hz,1.0,700,transition,7,18,0.039040728557511284,0.016157062486967796,0.5807593130303023,before_outage,0.15105735500573605
0.31511371274400357,1.0,1.0,,original,zero,40,1.0,1.0,,0.6,0.46066666666666667,,0.05609721468765772,1.0,,0.08576359695166981,0.010000000000005116,px4,,0.5960385070219917,1.0,,25/25/25 Hz,1.0,1500,transition,7,25,0.050029590633200616,0.01658163924439445,0.5933927909549388,outage_window,0.2960213599538507
0.23093085856208684,1.0,1.0,,original,zero,60,1.0,1.0,,0.6,0.9355,,0.06184170498238317,1.0,,0.12309542161399871,0.010000000000005116,px4,,0.4701636690108097,1.0,,25/25/25 Hz,1.0,2000,transition,7,40,0.02586756547680174,0.02076256615156298,0.4660788336564729,after_return,0.2076599714699838
0.5463582807159953,1.0,,,original,zero,60,1.0,,,0.6,0.4238297872340426,,0.12991517380541678,,,0.3033346472966469,0.010000000000005116,ekf3,,0.14227977805157238,1.0,,25/25/25 Hz,1.0,4700,transition,7,13,0.03161911115475618,0.05609124487081566,0.058013643718637854,flight,0.5201951838647364
0.2925884642605962,1.0,,,original,zero,25,1.0,,,0.6,0.0,,0.19226785413833983,,,0.24652157936303357,0.010000000000001563,ekf3,,0.21506277599965135,1.0,,25/25/25 Hz,1.0,700,transition,7,18,0.17967790827361313,0.07116543381614078,0.09635906748051419,before_outage,0.24023004718075383
0.34697515165095466,1.0,,,original,zero,40,1.0,,,0.6,0.0,,0.15366938856221096,,,0.26445921919823157,0.010000000000005116,ekf3,,0.16045560730126293,1.0,,25/25/25 Hz,1.0,1500,transition,7,25,0.03547916930790492,0.06829762152233838,0.04617056349378176,outage_window,0.2863281360687661
0.7255791941504274,1.0,,,original,zero,60,1.0,,,0.6,0.996,,0.07855872821537788,,,0.3033346472966469,0.010000000000005116,ekf3,,0.09057625538085358,1.0,,25/25/25 Hz,1.0,2000,transition,7,40,0.03161911115475618,0.027155127779544843,0.045084190798992944,after_return,0.7103109328843992
0.2194426936016412,1.0,1.0,,original,nominal,60,1.0,1.0,,0.6,1.0,,0.04974926417478649,1.0,,0.12104006574669689,0.010000000000005116,px4,,0.6020123188536306,1.0,,25/25/25 Hz,1.0,4700,gps,7,13,0.028401197365762885,0.018108920149743746,0.599953200479498,flight,0.19565912776973687
0.1800050874395951,1.0,1.0,,original,nominal,25,1.0,1.0,,0.6,1.0,,0.041453827221538606,1.0,,0.07208876134770151,0.010000000000001563,px4,,0.5929783350925066,1.0,,25/25/25 Hz,1.0,700,gps,7,18,0.03917438063971518,0.01626467177568282,0.5915275869287652,before_outage,0.15121955773327814
0.2338210322425858,1.0,1.0,,original,nominal,40,1.0,1.0,,0.6,1.0,,0.040784595678648616,1.0,,0.07875925272522664,0.010000000000005116,px4,,0.6149796833569856,1.0,,25/25/25 Hz,1.0,1500,gps,7,25,0.008597303064493782,0.01869865989410321,0.6136258042954089,outage_window,0.20936386370346777
0.15146467283165793,1.0,1.0,,original,nominal,60,1.0,1.0,,0.6,1.0,,0.061924927975747106,1.0,,0.12104006574669689,0.010000000000005116,px4,,0.6011458189950839,1.0,,25/25/25 Hz,1.0,2000,gps,7,40,0.028401197365762885,0.017011861290161818,0.5979478229665769,after_return,0.13258493610120603
0.49024344526069424,1.0,,,original,nominal,60,1.0,,,0.6,0.5612765957446808,,0.13997337316359137,,,0.5803679327964889,0.010000000000005116,ekf3,,0.1542241290638833,1.0,,25/25/25 Hz,1.0,4700,gps,7,13,0.02663640689546644,0.05663696327595532,0.06474980147243185,flight,0.4654418641248023
0.26447888676545267,1.0,,,original,nominal,25,1.0,,,0.6,0.0,,0.22367460874266945,,,0.3028577317410051,0.010000000000001563,ekf3,,0.23611848402059982,1.0,,25/25/25 Hz,1.0,700,gps,7,18,0.2734473339054322,0.07958949905845661,0.07564131080302615,before_outage,0.2071784485068251
0.3919889186474038,1.0,,,original,nominal,40,1.0,,,0.6,0.42533333333333334,,0.16432050343496418,,,0.5803679327964889,0.010000000000005116,ekf3,,0.17237327825329174,1.0,,25/25/25 Hz,1.0,1500,gps,7,25,0.0156292476700901,0.06761530738403788,0.05207032942729157,outage_window,0.3444306176785331
0.6132499789354764,1.0,,,original,nominal,60,1.0,,,0.6,1.0,,0.06040231369999048,,,0.11494874756401645,0.010000000000005116,ekf3,,0.08743769416168326,1.0,,25/25/25 Hz,1.0,2000,gps,7,40,0.02663640689546644,0.026137121246315436,0.06322112669037148,after_return,0.6008461912281593
0.36343702618835505,1.0,1.0,,original,nominal,60,1.0,1.0,,0.6,0.0,,0.10968128979287341,1.0,,0.16649439976564123,0.010000000000005116,px4,,0.2561422921586566,1.0,,25/25/25 Hz,1.0,4700,denied,7,13,0.1355745306005,0.018549004874362073,0.23147113967331287,flight,0.344409178899255
0.44412858433193164,1.0,1.0,,original,nominal,25,1.0,1.0,,0.6,0.0,,0.06267392312399221,1.0,,0.09463320717413078,0.010000000000001563,px4,,0.23053124364438174,1.0,,25/25/25 Hz,1.0,700,denied,7,18,0.0945988857908179,0.026226073656164032,0.22184822211699876,before_outage,0.42570235556340663
0.28353870801281666,1.0,1.0,,original,nominal,40,1.0,1.0,,0.6,0.0,,0.09651672300713009,1.0,,0.12316454896385964,0.010000000000005116,px4,,0.24505497363949122,1.0,,25/25/25 Hz,1.0,1500,denied,7,25,0.10549950163994376,0.015167765864993698,0.22524755777902827,outage_window,0.25904580169588154
0.1473340253851564,1.0,1.0,,original,nominal,60,1.0,1.0,,0.6,0.0,,0.13851292991063247,1.0,,0.16649439976564123,0.010000000000005116,px4,,0.2778203947934871,1.0,,25/25/25 Hz,1.0,2000,denied,7,40,0.1355745306005,0.011981468226782817,0.2408284451861558,after_return,0.12149175871587461
0.2597115933219269,1.0,,,original,nominal,60,1.0,,,0.6,0.0,,0.26857133892981494,,,0.4791229701144245,0.010000000000005116,ekf3,,0.2761229459632077,1.0,,25/25/25 Hz,1.0,4700,denied,7,13,0.17354476171980104,0.06898842065861054,0.06413514787421166,flight,0.20009915700656442
0.26447888676545267,1.0,,,original,nominal,25,1.0,,,0.6,0.0,,0.22367460874266945,,,0.3028577317410051,0.010000000000001563,ekf3,,0.23611848402059982,1.0,,25/25/25 Hz,1.0,700,denied,7,18,0.2734473339054322,0.07958949905845661,0.07564131080302615,before_outage,0.2071784485068251
0.25914763552290415,1.0,,,original,nominal,40,1.0,,,0.6,0.0,,0.22952598311224265,,,0.35312051901034414,0.010000000000005116,ekf3,,0.23415404703664955,1.0,,25/25/25 Hz,1.0,1500,denied,7,25,0.11931010104779527,0.07194409997198783,0.046324300534384764,outage_window,0.15952012593869971
0.1861742919214003,1.0,,,original,nominal,60,1.0,,,0.6,0.0,,0.328408392263133,,,0.4791229701144245,0.010000000000005116,ekf3,,0.33479374352555613,1.0,,25/25/25 Hz,1.0,2000,denied,7,40,0.17354476171980104,0.062261137671745945,0.0650751764884276,after_return,0.12611030171352183
0.274556524485376,1.0,1.0,,original,nominal,60,1.0,1.0,,0.6,0.8029787234042554,,0.05433656220949898,1.0,,0.12318884232206917,0.010000000000005116,px4,,0.5516842127153931,1.0,,25/25/25 Hz,1.0,4700,transition,7,13,0.0258301274097255,0.019020746019682885,0.5490018292926322,flight,0.2508472056528222
0.1800050874395951,1.0,1.0,,original,nominal,25,1.0,1.0,,0.6,1.0,,0.041453827221538606,1.0,,0.07208876134770151,0.010000000000001563,px4,,0.5929783350925066,1.0,,25/25/25 Hz,1.0,700,transition,7,18,0.03917438063971518,0.01626467177568282,0.5915275869287652,before_outage,0.15121955773327814
0.31455439959218245,1.0,1.0,,original,nominal,40,1.0,1.0,,0.6,0.4686666666666667,,0.05629108666405008,1.0,,0.08593271994143688,0.010000000000005116,px4,,0.6066341616526962,1.0,,25/25/25 Hz,1.0,1500,transition,7,25,0.05060542959283755,0.016522711604197125,0.6040168206649961,outage_window,0.29465525822805533
0.23177347934924436,1.0,1.0,,original,nominal,60,1.0,1.0,,0.6,0.9355,,0.06186905665155189,1.0,,0.12318884232206917,0.010000000000005116,px4,,0.482258903320742,1.0,,25/25/25 Hz,1.0,2000,transition,7,40,0.0258301274097255,0.020650531318370635,0.4782738437978517,after_return,0.20795597313714745
0.5132692528337124,1.0,,,original,nominal,60,1.0,,,0.6,0.4208510638297872,,0.16886198336217817,,,0.35312051901034414,0.010000000000005116,ekf3,,0.17873576823208917,1.0,,25/25/25 Hz,1.0,4700,transition,7,13,0.026054679541288848,0.05977856244536632,0.05858417380578625,flight,0.4846631808130384
0.26447888676545267,1.0,,,original,nominal,25,1.0,,,0.6,0.0,,0.22367460874266945,,,0.3028577317410051,0.010000000000001563,ekf3,,0.23611848402059982,1.0,,25/25/25 Hz,1.0,700,transition,7,18,0.2734473339054322,0.07958949905845661,0.07564131080302615,before_outage,0.2071784485068251
0.25914763552290415,1.0,,,original,nominal,40,1.0,,,0.6,0.0,,0.22952598311224265,,,0.35312051901034414,0.010000000000005116,ekf3,,0.23415404703664955,1.0,,25/25/25 Hz,1.0,1500,transition,7,25,0.11931010104779527,0.07194409997198783,0.046324300534384764,outage_window,0.15952012593869971
0.7037397390650141,1.0,,,original,nominal,60,1.0,,,0.6,0.989,,0.07317113252796581,,,0.14804687969480554,0.010000000000005116,ekf3,,0.08937530735849322,1.0,,25/25/25 Hz,1.0,2000,transition,7,40,0.026054679541288848,0.033007937990477826,0.051321836775392204,after_return,0.6883471615186627
0.2180678205963675,1.0,1.0,,original,stress,60,1.0,1.0,,0.6,1.0,,0.04977049095092551,1.0,,0.12104856377468315,0.010000000000005116,px4,,0.6076027161730567,1.0,,25/25/25 Hz,1.0,4700,gps,7,13,0.028401197365762885,0.018062770891046732,0.6055608631107032,flight,0.194959341637424
0.17852646940545452,1.0,1.0,,original,stress,25,1.0,1.0,,0.6,1.0,,0.0414730181360671,1.0,,0.07207898823998476,0.010000000000001563,px4,,0.5987240207162603,1.0,,25/25/25 Hz,1.0,700,gps,7,18,0.03920810209242198,0.016262667266635146,0.5972858961580546,before_outage,0.15074111237770232
0.23292933041453984,1.0,1.0,,original,stress,40,1.0,1.0,,0.6,1.0,,0.04076947832377421,1.0,,0.07869711806119328,0.010000000000005116,px4,,0.6205269975072776,1.0,,25/25/25 Hz,1.0,1500,gps,7,25,0.008597303064493782,0.018664077192230826,0.619186243607369,outage_window,0.20911172456662186
0.15098444407955872,1.0,1.0,,original,stress,60,1.0,1.0,,0.6,1.0,,0.061936770729335226,1.0,,0.12104856377468315,0.010000000000005116,px4,,0.6066749840086484,1.0,,25/25/25 Hz,1.0,2000,gps,7,40,0.028401197365762885,0.016988939128547587,0.6035050725996557,after_return,0.13255741504391386
0.48899263236664314,1.0,,,original,stress,60,1.0,,,0.6,0.563404255319149,,0.13778748663529178,,,0.6958226330102175,0.010000000000005116,ekf3,,0.1531147717383735,1.0,,25/25/25 Hz,1.0,4700,gps,7,13,0.025018884719220525,0.05903818608048961,0.0667738111180088,flight,0.46453642631963765
0.17552029429061053,1.0,,,original,stress,25,1.0,,,0.6,0.0,,0.23960919538936654,,,0.3142798599051629,0.010000000000001563,ekf3,,0.2508755702409285,1.0,,25/25/25 Hz,1.0,700,gps,7,18,0.2567821444994197,0.07421267077791124,0.07433697080572646,before_outage,0.1015442318341459
0.38847031219453365,1.0,,,original,stress,40,1.0,,,0.6,0.432,,0.1525096501244627,,,0.6958226330102175,0.010000000000005116,ekf3,,0.16128649352757146,1.0,,25/25/25 Hz,1.0,1500,gps,7,25,0.014800987379935533,0.0739459067334918,0.05247989723059044,outage_window,0.333743093025958
0.6312189024893958,1.0,,,original,stress,60,1.0,,,0.6,1.0,,0.06058779464801486,,,0.11314977544715857,0.010000000000005116,ekf3,,0.08762708342921163,1.0,,25/25/25 Hz,1.0,2000,gps,7,40,0.025018884719220525,0.02610261729152899,0.06330580455218937,after_return,0.6205260541679785
0.3448138914732346,1.0,1.0,,original,stress,60,1.0,1.0,,0.6,0.0,,0.10970262669754025,1.0,,0.16669196906488737,0.010000000000005116,px4,,0.2590087426338321,1.0,,25/25/25 Hz,1.0,4700,denied,7,13,0.13575988269102704,0.017991577442699448,0.23462920205383386,flight,0.3254756031805739
0.416802522165492,1.0,1.0,,original,stress,25,1.0,1.0,,0.6,0.0,,0.06279852777390557,1.0,,0.09368813691639907,0.010000000000001563,px4,,0.23366432729917744,1.0,,25/25/25 Hz,1.0,700,denied,7,18,0.09364425316492303,0.025425505183009667,0.22506746268976138,before_outage,0.39790842642975716
0.27168070584028026,1.0,1.0,,original,stress,40,1.0,1.0,,0.6,0.0,,0.096578862977251,1.0,,0.12327419644927004,0.010000000000005116,px4,,0.2479884446302377,1.0,,25/25/25 Hz,1.0,1500,denied,7,25,0.10583503830597292,0.014805050912711741,0.22840926403310755,outage_window,0.24681239461966922
0.14529154760092244,1.0,1.0,,original,stress,60,1.0,1.0,,0.6,0.0,,0.13876167301014564,1.0,,0.16669196906488737,0.010000000000005116,px4,,0.2806640167255919,1.0,,25/25/25 Hz,1.0,2000,denied,7,40,0.13575988269102704,0.011886730993711035,0.2439620634196406,after_return,0.11983904527224812
0.2238260957129985,1.0,,,original,stress,60,1.0,,,0.6,0.0,,0.25865934396482054,,,0.4602298169935582,0.010000000000005116,ekf3,,0.2667881011717989,1.0,,25/25/25 Hz,1.0,4700,denied,7,13,0.2102127051983134,0.07023246533525755,0.06535468389138352,flight,0.15358075729402731
0.17552011246651675,1.0,,,original,stress,25,1.0,,,0.6,0.0,,0.23960919538936654,,,0.3142798599051629,0.010000000000001563,ekf3,,0.2508755702409285,1.0,,25/25/25 Hz,1.0,700,denied,7,18,0.2567821444994197,0.07421267077791124,0.07433697080572646,before_outage,0.10154343642839178
0.23895003224121672,1.0,,,original,stress,40,1.0,,,0.6,0.0,,0.2035342162390821,,,0.31248346656293563,0.010000000000005116,ekf3,,0.2082406312259708,1.0,,25/25/25 Hz,1.0,1500,denied,7,25,0.10225738952354024,0.07668208583524605,0.044022531882359224,outage_window,0.11218615766387872
0.15687451036557865,1.0,,,original,stress,60,1.0,,,0.6,0.0,,0.3203996179252199,,,0.4602298169935582,0.010000000000005116,ekf3,,0.32685626120915434,1.0,,25/25/25 Hz,1.0,2000,denied,7,40,0.2102127051983134,0.06142396452679314,0.06464596139744538,after_return,0.08640134095031897
0.2732937445398161,1.0,1.0,,original,stress,60,1.0,1.0,,0.6,0.8040425531914893,,0.054343192778556364,1.0,,0.12316335575095404,0.010000000000005116,px4,,0.5574493312355674,1.0,,25/25/25 Hz,1.0,4700,transition,7,13,0.0258301274097255,0.018969243536751473,0.5547941729088491,flight,0.2502267312352238
0.17852646940545452,1.0,1.0,,original,stress,25,1.0,1.0,,0.6,1.0,,0.0414730181360671,1.0,,0.07207898823998476,0.010000000000001563,px4,,0.5987240207162603,1.0,,25/25/25 Hz,1.0,700,transition,7,18,0.03920810209242198,0.016262667266635146,0.5972858961580546,before_outage,0.15074111237770232
0.3136729414354652,1.0,1.0,,original,stress,40,1.0,1.0,,0.6,0.472,,0.056246496155375,1.0,,0.08591252577635267,0.010000000000005116,px4,,0.6121773973807946,1.0,,25/25/25 Hz,1.0,1500,transition,7,25,0.050541262238349906,0.01649189938554931,0.6095879735806528,outage_window,0.29429950969677204
0.2312243024350496,1.0,1.0,,original,stress,60,1.0,1.0,,0.6,0.9355,,0.061877419532916644,1.0,,0.12316335575095404,0.010000000000005116,px4,,0.48832408691016493,1.0,,25/25/25 Hz,1.0,2000,transition,7,40,0.0258301274097255,0.02061028434557811,0.48438785988977234,after_return,0.20791378442324826
0.5029838757589677,1.0,,,original,stress,60,1.0,,,0.6,0.4208510638297872,,0.15970311776437768,,,0.3142798599051629,0.010000000000005116,ekf3,,0.17051820731508419,1.0,,25/25/25 Hz,1.0,4700,transition,7,13,0.02447146800443426,0.06149914964306463,0.059760967213452504,flight,0.47440550305145934
0.17552029429061053,1.0,,,original,stress,25,1.0,,,0.6,0.0,,0.23960919538936654,,,0.3142798599051629,0.010000000000001563,ekf3,,0.2508755702409285,1.0,,25/25/25 Hz,1.0,700,transition,7,18,0.2567821444994197,0.07421267077791124,0.07433697080572646,before_outage,0.1015442318341459
0.2389495097372485,1.0,,,original,stress,40,1.0,,,0.6,0.0,,0.20353429208976412,,,0.31248346656293563,0.010000000000005116,ekf3,,0.20824072644373567,1.0,,25/25/25 Hz,1.0,1500,transition,7,25,0.10225738952354024,0.07668208583524605,0.04402263160390726,outage_window,0.11218521555597316
0.7081046204456575,1.0,,,original,stress,60,1.0,,,0.6,0.989,,0.07325913988837579,,,0.15020342980081486,0.010000000000005116,ekf3,,0.08888937384291,1.0,,25/25/25 Hz,1.0,2000,transition,7,40,0.02447146800443426,0.03270071917566517,0.05034301545398327,after_return,0.693489749342586
0.31209412219541066,1.0,1.0,,original,zero,60,1.0,1.0,,0.6,1.0,,0.04851086618271557,1.0,,0.09706491990044733,0.010000000000005116,px4,,0.3780455330279731,1.0,,25/25/25 Hz,1.0,4700,gps,19,13,0.03535443929370382,0.019392699098841334,0.3749201527053553,flight,0.29695481665233986
0.4469972304453811,1.0,1.0,,original,zero,25,1.0,1.0,,0.6,1.0,,0.048644566209014556,1.0,,0.07248332423456756,0.010000000000001563,px4,,0.3630866983356322,1.0,,25/25/25 Hz,1.0,700,gps,19,18,0.018643828363277024,0.02538240911070576,0.35981336368540723,before_outage,0.4298262775311206
0.2943980745462188,1.0,1.0,,original,zero,40,1.0,1.0,,0.6,1.0,,0.04845099719767633,1.0,,0.0917303362452924,0.010000000000005116,px4,,0.37282331711713,1.0,,25/25/25 Hz,1.0,1500,gps,19,25,0.0320598106206671,0.020074794313677546,0.36966163806482655,outage_window,0.2779103906617664
0.1448073193499532,1.0,1.0,,original,zero,60,1.0,1.0,,0.6,1.0,,0.045539087749207015,1.0,,0.09026316672594277,0.010000000000005116,px4,,0.39065827866381747,1.0,,25/25/25 Hz,1.0,2000,gps,19,40,0.03535443929370382,0.01521548242862002,0.38799495122429994,after_return,0.12777276935690327
0.5594705066316172,1.0,,,original,zero,60,1.0,,,0.6,0.5642553191489361,,0.10737425687958767,,,0.22845119943789807,0.010000000000005116,ekf3,,0.12142180141817165,1.0,,25/25/25 Hz,1.0,4700,gps,19,13,0.051253937368518784,0.05180385407317136,0.05669235238716266,flight,0.5456073416921382
0.27476254202145084,1.0,,,original,zero,25,1.0,,,0.6,0.0,,0.20263319865021434,,,0.22845119943789807,0.010000000000001563,ekf3,,0.2108607633915669,1.0,,25/25/25 Hz,1.0,700,gps,19,18,0.16826805809863266,0.06954969146873133,0.058327080698909864,before_outage,0.2533868756748731
0.518911382938005,1.0,,,original,zero,40,1.0,,,0.6,0.43466666666666665,,0.10184297380712572,,,0.21219474240085043,0.010000000000005116,ekf3,,0.11315081941320132,1.0,,25/25/25 Hz,1.0,1500,gps,19,25,0.020201135944124725,0.05843255634688982,0.049306354762849794,outage_window,0.4970753106045091
0.6786496668829084,1.0,,,original,zero,60,1.0,,,0.6,1.0,,0.050192109314503616,,,0.10130766123937011,0.010000000000005116,ekf3,,0.07308917041832587,1.0,,25/25/25 Hz,1.0,2000,gps,19,40,0.051253937368518784,0.027026034565548418,0.05312983149794473,after_return,0.6691816520024367
0.2832554566936966,1.0,1.0,,original,zero,60,1.0,1.0,,0.6,0.0,,0.10637639675816711,1.0,,0.17094780562510406,0.010000000000005116,px4,,0.23057339620877018,1.0,,25/25/25 Hz,1.0,4700,denied,19,13,0.16593646393919537,0.016850715203833213,0.20456821173387507,flight,0.26914036536074465
0.4063853571457384,1.0,1.0,,original,zero,25,1.0,1.0,,0.6,0.0,,0.06619369808566526,1.0,,0.09616954603168519,0.010000000000001563,px4,,0.19353939229303677,1.0,,25/25/25 Hz,1.0,700,denied,19,18,0.060379953821468976,0.01884190936847347,0.1818677835761512,before_outage,0.3944974531462335
0.11076206844763739,1.0,1.0,,original,zero,40,1.0,1.0,,0.6,0.0,,0.07673065966722598,1.0,,0.10191536933318053,0.010000000000005116,px4,,0.22142541315340286,1.0,,25/25/25 Hz,1.0,1500,denied,19,25,0.09536867081982314,0.011341712620448172,0.20770560766909374,outage_window,0.04404771633571088
0.14651207570280356,1.0,1.0,,original,zero,60,1.0,1.0,,0.6,0.0,,0.1418177641506135,1.0,,0.17094780562510406,0.010000000000005116,px4,,0.25807263995928365,1.0,,25/25/25 Hz,1.0,2000,denied,19,40,0.16593646393919537,0.015601289589601027,0.215613564663439,after_return,0.1279574563334851
0.2709002771660899,1.0,,,original,zero,60,1.0,,,0.6,0.0,,0.19644494492348252,,,0.32955178780319744,0.010000000000005116,ekf3,,0.20885155607677652,1.0,,25/25/25 Hz,1.0,4700,denied,19,13,0.1296399709677481,0.06948312007119058,0.07091090247416712,flight,0.23546147884981025
0.29972817718999706,1.0,,,original,zero,25,1.0,,,0.6,0.0,,0.20324241743327418,,,0.2430760806203004,0.010000000000001563,ekf3,,0.2175181961547286,1.0,,25/25/25 Hz,1.0,700,denied,19,18,0.20038187746974748,0.07102842428169061,0.07750280907351496,before_outage,0.27983057359636776
0.33383436059111776,1.0,,,original,zero,40,1.0,,,0.6,0.0,,0.16344946030205473,,,0.24161100041059969,0.010000000000005116,ekf3,,0.17125925800678038,1.0,,25/25/25 Hz,1.0,1500,denied,19,25,0.04172021909418809,0.07345617300706227,0.05112736429740927,outage_window,0.28306327764918393
0.14833531350128668,1.0,,,original,zero,60,1.0,,,0.6,0.0,,0.23071475830932298,,,0.32955178780319744,0.010000000000005116,ekf3,,0.2405909346935776,1.0,,25/25/25 Hz,1.0,2000,denied,19,40,0.1296399709677481,0.06385439712187924,0.06822534833183337,after_return,0.10010889414701525
0.31651837925060716,1.0,1.0,,original,zero,60,1.0,1.0,,0.6,0.8004255319148936,,0.05309979787286149,1.0,,0.1251768562604563,0.010000000000005116,px4,,0.37513177321240915,1.0,,25/25/25 Hz,1.0,4700,transition,19,13,0.03620106027566875,0.01842045136268186,0.37135462665671426,flight,0.2985415950359185
0.4469972304453811,1.0,1.0,,original,zero,25,1.0,1.0,,0.6,1.0,,0.048644566209014556,1.0,,0.07248332423456756,0.010000000000001563,px4,,0.3630866983356322,1.0,,25/25/25 Hz,1.0,700,transition,19,18,0.018643828363277024,0.02538240911070576,0.35981336368540723,before_outage,0.4298262775311206
0.2831351699674257,1.0,1.0,,original,zero,40,1.0,1.0,,0.6,0.46066666666666667,,0.05129590527934324,1.0,,0.0817627389497715,0.010000000000005116,px4,,0.3771597864481786,1.0,,25/25/25 Hz,1.0,1500,transition,19,25,0.04857146844654956,0.015457025592594974,0.3736552349629379,outage_window,0.26321454960538376
0.17995380753804527,1.0,1.0,,original,zero,60,1.0,1.0,,0.6,0.9355,,0.0543759944065274,1.0,,0.1251768562604563,0.010000000000005116,px4,,0.3808115332891824,1.0,,25/25/25 Hz,1.0,2000,transition,19,40,0.03620106027566875,0.016376030902425513,0.37690937255308393,after_return,0.156558804074921
0.45448842171477016,1.0,,,original,zero,60,1.0,,,0.6,0.4238297872340426,,0.12286133711405746,,,0.26961216070713323,0.010000000000005116,ekf3,,0.1349303235245196,1.0,,25/25/25 Hz,1.0,4700,transition,19,13,0.05107892977979114,0.05585034042084505,0.05577888533287002,flight,0.4331183656873141
0.27476254202145084,1.0,,,original,zero,25,1.0,,,0.6,0.0,,0.20263319865021434,,,0.22845119943789807,0.010000000000001563,ekf3,,0.2108607633915669,1.0,,25/25/25 Hz,1.0,700,transition,19,18,0.16826805809863266,0.06954969146873133,0.058327080698909864,before_outage,0.2533868756748731
0.2993157849855381,1.0,,,original,zero,40,1.0,,,0.6,0.0,,0.14046486470577882,,,0.21509047271958662,0.010000000000005116,ekf3,,0.14737616278358165,1.0,,25/25/25 Hz,1.0,1500,transition,19,25,0.014035610348147298,0.0691900340233448,0.04460218761451057,outage_window,0.24532800340812644
0.5875142603070708,1.0,,,original,zero,60,1.0,,,0.6,0.996,,0.062288031637009494,,,0.26961216070713323,0.010000000000005116,ekf3,,0.08241639934025931,1.0,,25/25/25 Hz,1.0,2000,transition,19,40,0.05107892977979114,0.02691548913971261,0.05396910222525478,after_return,0.5738051551738633
0.31242596258127303,1.0,1.0,,original,nominal,60,1.0,1.0,,0.6,1.0,,0.04850106653650092,1.0,,0.09708654114294994,0.010000000000005116,px4,,0.37061813324418913,1.0,,25/25/25 Hz,1.0,4700,gps,19,13,0.03533623274403609,0.019443973201325904,0.3674308740895755,flight,0.29661316447712377
0.44757077556906455,1.0,1.0,,original,nominal,25,1.0,1.0,,0.6,1.0,,0.04854639482587702,1.0,,0.07229523189630628,0.010000000000001563,px4,,0.35546837177394097,1.0,,25/25/25 Hz,1.0,700,gps,19,18,0.018571113099416874,0.02545273776780867,0.3521377725848603,before_outage,0.42970088658686834
0.293972885559164,1.0,1.0,,original,nominal,40,1.0,1.0,,0.6,1.0,,0.048436636046014205,1.0,,0.0917303362452924,0.010000000000005116,px4,,0.36542850567019247,1.0,,25/25/25 Hz,1.0,1500,gps,19,25,0.032053660057032286,0.02008271009913643,0.36220420351632565,outage_window,0.2768041779186251
0.14606419819600255,1.0,1.0,,original,nominal,60,1.0,1.0,,0.6,1.0,,0.045510400814362174,1.0,,0.09026316672594277,0.010000000000005116,px4,,0.38328454371508075,1.0,,25/25/25 Hz,1.0,2000,gps,19,40,0.03533623274403609,0.01525639584019679,0.3805730480060218,after_return,0.1284348611652196
0.5695911642177167,1.0,,,original,nominal,60,1.0,,,0.6,0.5612765957446808,,0.11544744395838091,,,0.5354237438782973,0.010000000000005116,ekf3,,0.13034919711093196,1.0,,25/25/25 Hz,1.0,4700,gps,19,13,0.06610667102331545,0.05390984107572575,0.060521077906305426,flight,0.5439127369857716
0.27650039493545264,1.0,,,original,nominal,25,1.0,,,0.6,0.0,,0.2124083859594741,,,0.25749178843924836,0.010000000000001563,ekf3,,0.22855485746044876,1.0,,25/25/25 Hz,1.0,700,gps,19,18,0.21498227421219837,0.07745843735857179,0.08438009506309616,before_outage,0.20348185281145015
0.5336304744977013,1.0,,,original,nominal,40,1.0,,,0.6,0.42533333333333334,,0.12524422288703527,,,0.5354237438782973,0.010000000000005116,ekf3,,0.1376303391210578,1.0,,25/25/25 Hz,1.0,1500,gps,19,25,0.0226169881915566,0.06576158856656494,0.057061325606754004,outage_window,0.4954111643994096
0.7125300089223076,1.0,,,original,nominal,60,1.0,,,0.6,1.0,,0.04919393698649305,,,0.09784187936095133,0.010000000000005116,ekf3,,0.07358641067636774,1.0,,25/25/25 Hz,1.0,2000,gps,19,40,0.06610667102331545,0.029894985243881626,0.05472582936785883,after_return,0.6980441049290012
0.26697272929278915,1.0,1.0,,original,nominal,60,1.0,1.0,,0.6,0.0,,0.10683462663633927,1.0,,0.17252111600067194,0.010000000000005116,px4,,0.22737671557808442,1.0,,25/25/25 Hz,1.0,4700,denied,19,13,0.16729168076296458,0.016619364104108404,0.20071505508693435,flight,0.2512017841610544
0.37460275578695285,1.0,1.0,,original,nominal,25,1.0,1.0,,0.6,0.0,,0.06451600686403954,1.0,,0.09084632461070954,0.010000000000001563,px4,,0.1892766457373743,1.0,,25/25/25 Hz,1.0,700,denied,19,18,0.0617791588400019,0.018522923777912575,0.17794193850779164,before_outage,0.3610432220304622
0.1134413824132521,1.0,1.0,,original,nominal,40,1.0,1.0,,0.6,0.0,,0.07755875466158269,1.0,,0.10274418442402965,0.010000000000005116,px4,,0.2180834315741468,1.0,,25/25/25 Hz,1.0,1500,denied,19,25,0.09609177727587474,0.011454370965561532,0.2038259617970684,outage_window,0.04663250722194385
0.14833122328200535,1.0,1.0,,original,nominal,60,1.0,1.0,,0.6,0.0,,0.14286991817505432,1.0,,0.17252111600067194,0.010000000000005116,px4,,0.25548052126376697,1.0,,25/25/25 Hz,1.0,2000,denied,19,40,0.16729168076296458,0.01570954250750231,0.21179821346238822,after_return,0.12907624486447478
0.25669952796610734,1.0,,,original,nominal,60,1.0,,,0.6,0.0,,0.182069352526623,,,0.3256664515446185,0.010000000000005116,ekf3,,0.19432293456035885,1.0,,25/25/25 Hz,1.0,4700,denied,19,13,0.10650460310516972,0.06880533416696782,0.06791283948330958,flight,0.18514892326200522
0.27650039493545264,1.0,,,original,nominal,25,1.0,,,0.6,0.0,,0.2124083859594741,,,0.25749178843924836,0.010000000000001563,ekf3,,0.22855485746044876,1.0,,25/25/25 Hz,1.0,700,denied,19,18,0.21498227421219837,0.07745843735857179,0.08438009506309616,before_outage,0.20348185281145015
0.3304663593991931,1.0,,,original,nominal,40,1.0,,,0.6,0.0,,0.13738578455346992,,,0.21472640202783794,0.010000000000005116,ekf3,,0.14791009795606402,1.0,,25/25/25 Hz,1.0,1500,denied,19,25,0.04814336362466778,0.07288799223988059,0.054795467695786665,outage_window,0.2463151754119392
0.17831549383253056,1.0,,,original,nominal,60,1.0,,,0.6,0.0,,0.2158892334590687,,,0.3256664515446185,0.010000000000005116,ekf3,,0.22808802144905435,1.0,,25/25/25 Hz,1.0,2000,denied,19,40,0.10650460310516972,0.06669503457568932,0.0735933720181376,after_return,0.10567947592135103
0.3166331949130222,1.0,1.0,,original,nominal,60,1.0,1.0,,0.6,0.8029787234042554,,0.05309881666308844,1.0,,0.1252151450502914,0.010000000000005116,px4,,0.3678104366921245,1.0,,25/25/25 Hz,1.0,4700,transition,19,13,0.03618224332253462,0.0184664952749161,0.3639574604382098,flight,0.29791445260763894
0.44757077556906455,1.0,1.0,,original,nominal,25,1.0,1.0,,0.6,1.0,,0.04854639482587702,1.0,,0.07229523189630628,0.010000000000001563,px4,,0.35546837177394097,1.0,,25/25/25 Hz,1.0,700,transition,19,18,0.018571113099416874,0.02545273776780867,0.3521377725848603,before_outage,0.42970088658686834
0.28248044374277487,1.0,1.0,,original,nominal,40,1.0,1.0,,0.6,0.4686666666666667,,0.05129316486748698,1.0,,0.08171926459229818,0.010000000000005116,px4,,0.3697391293927414,1.0,,25/25/25 Hz,1.0,1500,transition,19,25,0.048761641177357866,0.01543956220017072,0.3661639455789977,outage_window,0.2617363187930426
0.18034105915147047,1.0,1.0,,original,nominal,60,1.0,1.0,,0.6,0.9355,,0.05436260987582524,1.0,,0.1252151450502914,0.010000000000005116,px4,,0.37370851247079745,1.0,,25/25/25 Hz,1.0,2000,transition,19,40,0.03618224332253462,0.01641267402516695,0.36973336195240075,after_return,0.15620366316020584
0.47733644459900404,1.0,,,original,nominal,60,1.0,,,0.6,0.4208510638297872,,0.12221113017865683,,,0.37806518712744225,0.010000000000005116,ekf3,,0.13621887410956376,1.0,,25/25/25 Hz,1.0,4700,transition,19,13,0.06582001916048974,0.05869974538642956,0.06016661303524222,flight,0.4413671902125908
0.27650039493545264,1.0,,,original,nominal,25,1.0,,,0.6,0.0,,0.2124083859594741,,,0.25749178843924836,0.010000000000001563,ekf3,,0.22855485746044876,1.0,,25/25/25 Hz,1.0,700,transition,19,18,0.21498227421219837,0.07745843735857179,0.08438009506309616,before_outage,0.20348185281145015
0.3304663593991931,1.0,,,original,nominal,40,1.0,,,0.6,0.0,,0.13738578455346992,,,0.21472640202783794,0.010000000000005116,ekf3,,0.14791009795606402,1.0,,25/25/25 Hz,1.0,1500,transition,19,25,0.04814336362466778,0.07288799223988059,0.054795467695786665,outage_window,0.2463151754119392
0.6421772998939383,1.0,,,original,nominal,60,1.0,,,0.6,0.989,,0.06169272621009973,,,0.37806518712744225,0.010000000000005116,ekf3,,0.08300882864029781,1.0,,25/25/25 Hz,1.0,2000,transition,19,40,0.06582001916048974,0.03768580593234984,0.05553803349957577,after_return,0.6232187438909739
0.3122174452132097,1.0,1.0,,original,stress,60,1.0,1.0,,0.6,1.0,,0.04850429590060742,1.0,,0.09699366520967063,0.010000000000005116,px4,,0.39953788741611784,1.0,,25/25/25 Hz,1.0,4700,gps,19,13,0.03535443929370382,0.019399945795729696,0.3965827237287584,flight,0.2969909150979085
0.44698608519523525,1.0,1.0,,original,stress,25,1.0,1.0,,0.6,1.0,,0.048619233600737596,1.0,,0.07245428228086806,0.010000000000001563,px4,,0.3846389566491263,1.0,,25/25/25 Hz,1.0,700,gps,19,18,0.018616530475126913,0.025410982592777586,0.38155379318807114,before_outage,0.42976903393107724
0.2943611191407656,1.0,1.0,,original,stress,40,1.0,1.0,,0.6,1.0,,0.048445679658208764,1.0,,0.09172779328097296,0.010000000000005116,px4,,0.3942967806497727,1.0,,25/25/25 Hz,1.0,1500,gps,19,25,0.0320598106206671,0.020070496324986063,0.3913092988330703,outage_window,0.27777860589442194
0.14506030462577613,1.0,1.0,,original,stress,60,1.0,1.0,,0.6,1.0,,0.04553240184249756,1.0,,0.09026316672594277,0.010000000000005116,px4,,0.4120953743032747,1.0,,25/25/25 Hz,1.0,2000,gps,19,40,0.03535443929370382,0.01522432339313372,0.4095722132965191,after_return,0.12785114827122132
0.5584000403468499,1.0,,,original,stress,60,1.0,,,0.6,0.563404255319149,,0.11283870261006809,,,0.48063846308841746,0.010000000000005116,ekf3,,0.12873174499346343,1.0,,25/25/25 Hz,1.0,4700,gps,19,13,0.06532154783306392,0.054831794337829295,0.06196199934103732,flight,0.5393784894124378
0.23119444259756178,1.0,,,original,stress,25,1.0,,,0.6,0.0,,0.1997949043219841,,,0.2436443272416052,0.010000000000001563,ekf3,,0.2191465910074205,1.0,,25/25/25 Hz,1.0,700,gps,19,18,0.09414634753916273,0.0734981591934485,0.09004012748293318,before_outage,0.17447071500112923
0.5234472796709161,1.0,,,original,stress,40,1.0,,,0.6,0.432,,0.1246687442327089,,,0.48063846308841746,0.010000000000005116,ekf3,,0.13637059432013654,1.0,,25/25/25 Hz,1.0,1500,gps,19,25,0.023603537276624727,0.0678008359007712,0.05526882671693571,outage_window,0.49447878334162465
0.7051296058632195,1.0,,,original,stress,60,1.0,,,0.6,1.0,,0.04982454187725528,,,0.09818650737730183,0.010000000000005116,ekf3,,0.07234814885868444,1.0,,25/25/25 Hz,1.0,2000,gps,19,40,0.06532154783306392,0.029580007711787308,0.0524573128362481,after_return,0.6940707758277078
0.28220846309064745,1.0,1.0,,original,stress,60,1.0,1.0,,0.6,0.0,,0.10684920203341275,1.0,,0.17173764820336443,0.010000000000005116,px4,,0.24109483935785112,1.0,,25/25/25 Hz,1.0,4700,denied,19,13,0.1666401353167313,0.01685776089453212,0.2161248934986689,flight,0.26799487532295785
0.4043484982295081,1.0,1.0,,original,stress,25,1.0,1.0,,0.6,0.0,,0.06645820869061897,1.0,,0.09595387617699674,0.010000000000001563,px4,,0.20449881304263848,1.0,,25/25/25 Hz,1.0,700,denied,19,18,0.060961749361367605,0.018875224037881336,0.19339873586319567,before_outage,0.3924064520979863
0.11085253177258074,1.0,1.0,,original,stress,40,1.0,1.0,,0.6,0.0,,0.07730122113389835,1.0,,0.10249215907772923,0.010000000000005116,px4,,0.2325088924156096,1.0,,25/25/25 Hz,1.0,1500,denied,19,25,0.0959283169399747,0.011332983442391191,0.21928270853749884,outage_window,0.044059658227362644
0.14658580671400256,1.0,1.0,,original,stress,60,1.0,1.0,,0.6,0.0,,0.14242107673510382,1.0,,0.17173764820336443,0.010000000000005116,px4,,0.26816393760763224,1.0,,25/25/25 Hz,1.0,2000,denied,19,40,0.1666401353167313,0.015618680780837729,0.22721825264455264,after_return,0.12783490718772314
0.2259998638534121,1.0,,,original,stress,60,1.0,,,0.6,0.0,,0.151558417766312,,,0.2436443272416052,0.010000000000005116,ekf3,,0.16658481073856932,1.0,,25/25/25 Hz,1.0,4700,denied,19,13,0.11717474397799249,0.0682542639747441,0.06914148662689433,flight,0.16717344625723854
0.23119444259756178,1.0,,,original,stress,25,1.0,,,0.6,0.0,,0.1997949043219841,,,0.2436443272416052,0.010000000000001563,ekf3,,0.2191465910074205,1.0,,25/25/25 Hz,1.0,700,denied,19,18,0.09414634753916273,0.0734981591934485,0.09004012748293318,before_outage,0.17447071500112923
0.3024713219390465,1.0,,,original,stress,40,1.0,,,0.6,0.0,,0.13942661872972645,,,0.196248093869007,0.010000000000005116,ekf3,,0.14945353968286548,1.0,,25/25/25 Hz,1.0,1500,denied,19,25,0.12735465724770723,0.07487417804885654,0.05381987098956419,outage_window,0.23266031131871082
0.14615885214364735,1.0,,,original,stress,60,1.0,,,0.6,0.0,,0.15367893837898267,,,0.220585705572992,0.010000000000005116,ekf3,,0.16940922479691345,1.0,,25/25/25 Hz,1.0,2000,denied,19,40,0.11717474397799249,0.06325001449010799,0.07129003678635606,after_return,0.08068408566713361
0.31660184460220414,1.0,1.0,,original,stress,60,1.0,1.0,,0.6,0.8042553191489362,,0.053106508057962944,1.0,,0.125239033191752,0.010000000000005116,px4,,0.3967934530560597,1.0,,25/25/25 Hz,1.0,4700,transition,19,13,0.03618224332253462,0.018432501605467604,0.3932235282762731,flight,0.29854822747416265
0.44698608519523525,1.0,1.0,,original,stress,25,1.0,1.0,,0.6,1.0,,0.048619233600737596,1.0,,0.07245428228086806,0.010000000000001563,px4,,0.3846389566491263,1.0,,25/25/25 Hz,1.0,700,transition,19,18,0.018616530475126913,0.025410982592777586,0.38155379318807114,before_outage,0.42976903393107724
0.2830692906155696,1.0,1.0,,original,stress,40,1.0,1.0,,0.6,0.4726666666666667,,0.051323866755114196,1.0,,0.0817627389497715,0.010000000000005116,px4,,0.3986321420316982,1.0,,25/25/25 Hz,1.0,1500,transition,19,25,0.04863230657415801,0.015449060580358977,0.3953143627065469,outage_window,0.2630440198508396
0.18003225793146918,1.0,1.0,,original,stress,60,1.0,1.0,,0.6,0.9355,,0.05437622709724314,1.0,,0.125239033191752,0.010000000000005116,px4,,0.4026269943528528,1.0,,25/25/25 Hz,1.0,2000,transition,19,40,0.03618224332253462,0.016397612595360277,0.39893824397803884,after_return,0.15653114505067997
0.4532472869920313,1.0,,,original,stress,60,1.0,,,0.6,0.4208510638297872,,0.12093683284579217,,,0.37806518712744225,0.010000000000005116,ekf3,,0.13595760971496834,1.0,,25/25/25 Hz,1.0,4700,transition,19,13,0.06512830093730403,0.059593126323875395,0.06211887072892248,flight,0.4251558511305042
0.23119444259756178,1.0,,,original,stress,25,1.0,,,0.6,0.0,,0.1997949043219841,,,0.2436443272416052,0.010000000000001563,ekf3,,0.2191465910074205,1.0,,25/25/25 Hz,1.0,700,transition,19,18,0.09414634753916273,0.0734981591934485,0.09004012748293318,before_outage,0.17447071500112923
0.3024713219390465,1.0,,,original,stress,40,1.0,,,0.6,0.0,,0.13942661872972645,,,0.196248093869007,0.010000000000005116,ekf3,,0.14945353968286548,1.0,,25/25/25 Hz,1.0,1500,transition,19,25,0.12735465724770723,0.07487417804885654,0.05381987098956419,outage_window,0.23266031131871082
0.6197594268053186,1.0,,,original,stress,60,1.0,,,0.6,0.989,,0.06331082393404375,,,0.37806518712744225,0.010000000000005116,ekf3,,0.08321250358093721,1.0,,25/25/25 Hz,1.0,2000,transition,19,40,0.06512830093730403,0.037395190809103654,0.05400055856192601,after_return,0.6046607997297726
0.3145767488188996,1.0,1.0,,original,zero,60,1.0,1.0,,0.6,1.0,,0.055806382771015364,1.0,,0.13603083249392953,0.010000000000005116,px4,,0.5150070721517005,1.0,,25/25/25 Hz,1.0,4700,gps,41,13,0.022909174709280264,0.02267795793846603,0.511974542343935,flight,0.3031914279664877
0.2535333165148248,1.0,1.0,,original,zero,25,1.0,1.0,,0.6,1.0,,0.04761290879970381,1.0,,0.08178245469542994,0.010000000000001563,px4,,0.491228424215846,1.0,,25/25/25 Hz,1.0,700,gps,41,18,0.022042175340805163,0.02067469944382588,0.4889155097490918,before_outage,0.24023872818828138
0.33900863520328467,1.0,1.0,,original,zero,40,1.0,1.0,,0.6,1.0,,0.06397934482529102,1.0,,0.13603083249392953,0.010000000000005116,px4,,0.5404208454621293,1.0,,25/25/25 Hz,1.0,1500,gps,41,25,0.02798232641421885,0.02590666606974614,0.5366202881421175,outage_window,0.3287529101549263
0.1868000010150488,1.0,1.0,,original,zero,60,1.0,1.0,,0.6,1.0,,0.05463494679871891,1.0,,0.10666239418895573,0.010000000000005116,px4,,0.5135334790408893,1.0,,25/25/25 Hz,1.0,2000,gps,41,40,0.022909174709280264,0.0209136422047135,0.5106188957374577,after_return,0.1723226877242829
0.4261026552957245,1.0,,,original,zero,60,1.0,,,0.6,0.5642553191489361,,0.11216115457113551,,,0.4180375241003359,0.010000000000005116,ekf3,,0.12460455195635226,1.0,,25/25/25 Hz,1.0,4700,gps,41,13,0.01576249528223449,0.05250218738823228,0.05427863091045255,flight,0.3954336633096841
0.32861512465588,1.0,,,original,zero,25,1.0,,,0.6,0.0,,0.18253663622163727,,,0.24170967631224355,0.010000000000001563,ekf3,,0.18601698288127672,1.0,,25/25/25 Hz,1.0,700,gps,41,18,0.19870352542569755,0.078304809653097,0.03581472263110321,before_outage,0.2828710444120228
0.40806674887581956,1.0,,,original,zero,40,1.0,,,0.6,0.43466666666666665,,0.12306077943805832,,,0.4180375241003359,0.010000000000005116,ekf3,,0.14068054761018822,1.0,,25/25/25 Hz,1.0,1500,gps,41,25,0.028428172956506223,0.0595720249897942,0.06816935557858823,outage_window,0.3579708630503236
0.4712976941636915,1.0,,,original,zero,60,1.0,,,0.6,1.0,,0.05508468303041651,,,0.1101898559922402,0.010000000000005116,ekf3,,0.07718090991016792,1.0,,25/25/25 Hz,1.0,2000,gps,41,40,0.01576249528223449,0.030924778013906414,0.05406080419305655,after_return,0.4553353431588013
0.3814863865703827,1.0,1.0,,original,zero,60,1.0,1.0,,0.6,0.0,,0.08554380871418812,1.0,,0.16505324550512088,0.010000000000005116,px4,,0.27104450393257,1.0,,25/25/25 Hz,1.0,4700,denied,41,13,0.15021394950789188,0.02031826352345501,0.25719132936925254,flight,0.37150521441426954
0.5525631306514781,1.0,1.0,,original,zero,25,1.0,1.0,,0.6,0.0,,0.053838280786184675,1.0,,0.07531364004860744,0.010000000000001563,px4,,0.2418039606671212,1.0,,25/25/25 Hz,1.0,700,denied,41,18,0.07531364004860744,0.028279554975555933,0.23573416153857427,before_outage,0.5451027195577187
0.2837868091787217,1.0,1.0,,original,zero,40,1.0,1.0,,0.6,0.0,,0.056314889100356404,1.0,,0.07668815355137412,0.010000000000005116,px4,,0.27512250755953027,1.0,,25/25/25 Hz,1.0,1500,denied,41,25,0.028785774249815498,0.017033770272981492,0.26929728448586027,outage_window,0.2701520338152423
0.20359532280759832,1.0,1.0,,original,zero,60,1.0,1.0,,0.6,0.0,,0.11496854210084634,1.0,,0.16505324550512088,0.010000000000005116,px4,,0.2873971276351772,1.0,,25/25/25 Hz,1.0,2000,denied,41,40,0.15021394950789188,0.01530217072605104,0.26339958864841884,after_return,0.1948366931322524
0.2696976971939186,1.0,,,original,zero,60,1.0,,,0.6,0.0,,0.20963327790381395,,,0.3768643675538402,0.010000000000005116,ekf3,,0.2178020900790439,1.0,,25/25/25 Hz,1.0,4700,denied,41,13,0.24207680443402813,0.07002897893435363,0.059090094246855455,flight,0.20746395869855136
0.3442605888084601,1.0,,,original,zero,25,1.0,,,0.6,0.0,,0.1943644158768476,,,0.24025745768649778,0.010000000000001563,ekf3,,0.20130937875179558,1.0,,25/25/25 Hz,1.0,700,denied,41,18,0.2391817046859914,0.08003765921062399,0.05242079562812561,before_outage,0.3086445574369327
0.2858200444280903,1.0,,,original,zero,40,1.0,,,0.6,0.0,,0.17739257682140794,,,0.23993156737185392,0.010000000000005116,ekf3,,0.19245133697813702,1.0,,25/25/25 Hz,1.0,1500,denied,41,25,0.10155727960869682,0.07306516891610357,0.07462835113636997,outage_window,0.17839271674865176
0.16865668664108296,1.0,,,original,zero,60,1.0,,,0.6,0.0,,0.25058585027854124,,,0.3768643675538402,0.010000000000005116,ekf3,,0.25568525273237697,1.0,,25/25/25 Hz,1.0,2000,denied,41,40,0.24207680443402813,0.06731209843972394,0.0508102362226353,after_return,0.10015360890913831
0.3037465951620552,1.0,1.0,,original,zero,60,1.0,1.0,,0.6,0.8004255319148936,,0.04511230337094195,1.0,,0.11018910182677759,0.010000000000005116,px4,,0.4859810520429005,1.0,,25/25/25 Hz,1.0,4700,transition,41,13,0.0208330948173148,0.02017726935925597,0.4838826955257777,flight,0.29030378838106
0.2535333165148248,1.0,1.0,,original,zero,25,1.0,1.0,,0.6,1.0,,0.04761290879970381,1.0,,0.08178245469542994,0.010000000000001563,px4,,0.491228424215846,1.0,,25/25/25 Hz,1.0,700,transition,41,18,0.022042175340805163,0.02067469944382588,0.4889155097490918,before_outage,0.24023872818828138
0.24890820715564604,1.0,1.0,,original,zero,40,1.0,1.0,,0.6,0.46066666666666667,,0.03788234435698806,1.0,,0.06319774493081914,0.010000000000005116,px4,,0.5311773286903408,1.0,,25/25/25 Hz,1.0,1500,transition,41,25,0.03156040649871703,0.01741342830295512,0.5298247658430333,outage_window,0.23292075685215471
0.24266447660372398,1.0,1.0,,original,zero,60,1.0,1.0,,0.6,0.9355,,0.04942160038300989,1.0,,0.11018910182677759,0.010000000000005116,px4,,0.45040769035037764,1.0,,25/25/25 Hz,1.0,2000,transition,41,40,0.0208330948173148,0.021482144199763326,0.44768805316017063,after_return,0.2282330786351378
0.3980827965169758,1.0,,,original,zero,60,1.0,,,0.6,0.4238297872340426,,0.12759574117138223,,,0.39017780107905403,0.010000000000005116,ekf3,,0.13622334053558005,1.0,,25/25/25 Hz,1.0,4700,transition,41,13,0.015836706612755064,0.05548289432476866,0.047708755397707046,flight,0.35964938275710784
0.32861512465588,1.0,,,original,zero,25,1.0,,,0.6,0.0,,0.18253663622163727,,,0.24170967631224355,0.010000000000001563,ekf3,,0.18601698288127672,1.0,,25/25/25 Hz,1.0,700,transition,41,18,0.19870352542569755,0.078304809653097,0.03581472263110321,before_outage,0.2828710444120228
0.3014064810409492,1.0,,,original,zero,40,1.0,,,0.6,0.0,,0.15053196768621663,,,0.19905158084741903,0.010000000000005116,ekf3,,0.16459127982819796,1.0,,25/25/25 Hz,1.0,1500,transition,41,25,0.09414836699822811,0.06782454007582164,0.06656137092939117,outage_window,0.20796503892437643
0.4739262644592758,1.0,,,original,zero,60,1.0,,,0.6,0.996,,0.07806198210514553,,,0.39017780107905403,0.010000000000005116,ekf3,,0.08720162206165698,1.0,,25/25/25 Hz,1.0,2000,transition,41,40,0.015836706612755064,0.030401221386987958,0.038864506172084576,after_return,0.4555252928158303
0.3192404210627522,1.0,1.0,,original,nominal,60,1.0,1.0,,0.6,1.0,,0.0559563695682122,1.0,,0.13593680317770132,0.010000000000005116,px4,,0.5815664269319287,1.0,,25/25/25 Hz,1.0,4700,gps,41,13,0.022811844884715854,0.02266852232540909,0.5788682005768809,flight,0.31065760573912754
0.2570896773124769,1.0,1.0,,original,nominal,25,1.0,1.0,,0.6,1.0,,0.04864945673747649,1.0,,0.08330802067403813,0.010000000000001563,px4,,0.558388295213134,1.0,,25/25/25 Hz,1.0,700,gps,41,18,0.021682090832177443,0.02048497218227122,0.5562649715649715,before_outage,0.2476475067035532
0.34060668530554855,1.0,1.0,,original,nominal,40,1.0,1.0,,0.6,1.0,,0.06400357320235679,1.0,,0.13593680317770132,0.010000000000005116,px4,,0.606836529397936,1.0,,25/25/25 Hz,1.0,1500,gps,41,25,0.027704866804622624,0.025857212983944947,0.6034518340589101,outage_window,0.3330352576807415
0.1870738372864522,1.0,1.0,,original,nominal,60,1.0,1.0,,0.6,1.0,,0.054670139255694236,1.0,,0.10730199045629367,0.010000000000005116,px4,,0.5796613827257951,1.0,,25/25/25 Hz,1.0,2000,gps,41,40,0.022811844884715854,0.02092776456042735,0.5770775463465406,after_return,0.17563786134947654
0.39468311816332624,1.0,,,original,nominal,60,1.0,,,0.6,0.5612765957446808,,0.13061158026681952,,,0.7355321971593333,0.010000000000005116,ekf3,,0.1447848622834252,1.0,,25/25/25 Hz,1.0,4700,gps,41,13,0.01769850337984753,0.05464321122299384,0.06247616702899234,flight,0.3505244838526912
0.3254547169216074,1.0,,,original,nominal,25,1.0,,,0.6,0.0,,0.21933922417657248,,,0.25959022559938655,0.010000000000001563,ekf3,,0.2345019632073365,1.0,,25/25/25 Hz,1.0,700,gps,41,18,0.2044719709870986,0.07840505056688012,0.0829546592164315,before_outage,0.2259414535829246
0.3750805488811306,1.0,,,original,nominal,40,1.0,,,0.6,0.42533333333333334,,0.15239286017716974,,,0.7355321971593333,0.010000000000005116,ekf3,,0.16172566194942103,1.0,,25/25/25 Hz,1.0,1500,gps,41,25,0.019531216401059873,0.06221305531336247,0.05414430625652156,outage_window,0.309599929395162
0.443767379811158,1.0,,,original,nominal,60,1.0,,,0.6,1.0,,0.05851025589813473,,,0.11586833123128283,0.010000000000005116,ekf3,,0.08421603285755754,1.0,,25/25/25 Hz,1.0,2000,gps,41,40,0.01769850337984753,0.03309260497113427,0.06057136406751956,after_return,0.4235564154125115
0.4258313925251007,1.0,1.0,,original,nominal,60,1.0,1.0,,0.6,0.0,,0.09142816694026504,1.0,,0.17185854216486915,0.010000000000005116,px4,,0.30613343537522714,1.0,,25/25/25 Hz,1.0,4700,denied,41,13,0.1567253374247387,0.021563784618044677,0.29216189098611306,flight,0.41778918729397474
0.6241324936342679,1.0,1.0,,original,nominal,25,1.0,1.0,,0.6,0.0,,0.05639080157306756,1.0,,0.08500760225056728,0.010000000000001563,px4,,0.2767596694804664,1.0,,25/25/25 Hz,1.0,700,denied,41,18,0.08500760225056728,0.03117581138304485,0.2709538561247725,before_outage,0.6184413814465681
0.3121293511022899,1.0,1.0,,original,nominal,40,1.0,1.0,,0.6,0.0,,0.06305349032017907,1.0,,0.08631749844072488,0.010000000000005116,px4,,0.31084517755728397,1.0,,25/25/25 Hz,1.0,1500,denied,41,25,0.03606385869655828,0.017594314296242673,0.3043829524941607,outage_window,0.3014280303575298
0.20409027252612752,1.0,1.0,,original,nominal,60,1.0,1.0,,0.6,0.0,,0.12115123545260399,1.0,,0.17185854216486915,0.010000000000005116,px4,,0.32195896314649197,1.0,,25/25/25 Hz,1.0,2000,denied,41,40,0.1567253374247387,0.015222737317935737,0.2982950755521651,after_return,0.19684422833212234
0.2644956725387384,1.0,,,original,nominal,60,1.0,,,0.6,0.0,,0.19174339717548147,,,0.35729990523683564,0.010000000000005116,ekf3,,0.20064207674948978,1.0,,25/25/25 Hz,1.0,4700,denied,41,13,0.10732826093344916,0.06865110603061637,0.05909071502320563,flight,0.17468421722064303
0.3254547169216074,1.0,,,original,nominal,25,1.0,,,0.6,0.0,,0.21933922417657248,,,0.25959022559938655,0.010000000000001563,ekf3,,0.2345019632073365,1.0,,25/25/25 Hz,1.0,700,denied,41,18,0.2044719709870986,0.07840505056688012,0.0829546592164315,before_outage,0.2259414535829246
0.29453654160786474,1.0,,,original,nominal,40,1.0,,,0.6,0.0,,0.14558056425332194,,,0.22758715681002684,0.010000000000005116,ekf3,,0.1551594408610562,1.0,,25/25/25 Hz,1.0,1500,denied,41,25,0.06942829610405919,0.07133951229345739,0.053672631759584886,outage_window,0.1713717531812548
0.18897151440532375,1.0,,,original,nominal,60,1.0,,,0.6,0.0,,0.22639634324822702,,,0.35729990523683564,0.010000000000005116,ekf3,,0.23236861227620442,1.0,,25/25/25 Hz,1.0,2000,denied,41,40,0.10732826093344916,0.06511255388815196,0.05234374590149237,after_return,0.11060626802543481
0.3103819657707358,1.0,1.0,,original,nominal,60,1.0,1.0,,0.6,0.8029787234042554,,0.045570660451835936,1.0,,0.11093844069310799,0.010000000000005116,px4,,0.5528718716342597,1.0,,25/25/25 Hz,1.0,4700,transition,41,13,0.020723609219504665,0.02024292458289931,0.5509905819071255,flight,0.29998811531869235
0.2570896773124769,1.0,1.0,,original,nominal,25,1.0,1.0,,0.6,1.0,,0.04864945673747649,1.0,,0.08330802067403813,0.010000000000001563,px4,,0.558388295213134,1.0,,25/25/25 Hz,1.0,700,transition,41,18,0.021682090832177443,0.02048497218227122,0.5562649715649715,before_outage,0.2476475067035532
0.25401085124509093,1.0,1.0,,original,nominal,40,1.0,1.0,,0.6,0.4686666666666667,,0.03866633433964603,1.0,,0.06394895964426303,0.010000000000005116,px4,,0.5981150992831866,1.0,,25/25/25 Hz,1.0,1500,transition,41,25,0.03428457115977669,0.01751425300359555,0.5968639598595905,outage_window,0.241830788687057
0.24598392141288578,1.0,1.0,,original,nominal,60,1.0,1.0,,0.6,0.9355,,0.04961796178684931,1.0,,0.11093844069310799,0.010000000000005116,px4,,0.5170989449205781,1.0,,25/25/25 Hz,1.0,2000,transition,41,40,0.020723609219504665,0.021558159654867824,0.5147129070715963,after_return,0.23422322224413172
0.3747335713168283,1.0,,,original,nominal,60,1.0,,,0.6,0.4208510638297872,,0.1378082095452369,,,0.6854418769200508,0.010000000000005116,ekf3,,0.14892100180117118,1.0,,25/25/25 Hz,1.0,4700,transition,41,13,0.018097985997079156,0.06033900462359984,0.05644787116801224,flight,0.320433851345376
0.3254547169216074,1.0,,,original,nominal,25,1.0,,,0.6,0.0,,0.21933922417657248,,,0.25959022559938655,0.010000000000001563,ekf3,,0.2345019632073365,1.0,,25/25/25 Hz,1.0,700,transition,41,18,0.2044719709870986,0.07840505056688012,0.0829546592164315,before_outage,0.2259414535829246
0.29453654160786474,1.0,,,original,nominal,40,1.0,,,0.6,0.0,,0.14558056425332194,,,0.22758715681002684,0.010000000000005116,ekf3,,0.1551594408610562,1.0,,25/25/25 Hz,1.0,1500,transition,41,25,0.06942829610405919,0.07133951229345739,0.053672631759584886,outage_window,0.1713717531812548
0.44867400376552025,1.0,,,original,nominal,60,1.0,,,0.6,0.989,,0.09739301331046449,,,0.6854418769200508,0.010000000000005116,ekf3,,0.10727391685163878,1.0,,25/25/25 Hz,1.0,2000,transition,41,40,0.018097985997079156,0.04147317573114202,0.0449699254502384,after_return,0.4264005725609575
0.31461654804011707,1.0,1.0,,original,stress,60,1.0,1.0,,0.6,1.0,,0.055772638014174876,1.0,,0.13605524519416887,0.010000000000005116,px4,,0.5289907540875409,1.0,,25/25/25 Hz,1.0,4700,gps,41,13,0.022923571441396857,0.022698602575701218,0.5260424229651492,flight,0.3023263679737571
0.25409330694622123,1.0,1.0,,original,stress,25,1.0,1.0,,0.6,1.0,,0.047383673364947344,1.0,,0.08148153701832914,0.010000000000001563,px4,,0.5051473771904191,1.0,,25/25/25 Hz,1.0,700,gps,41,18,0.022042175340805163,0.020740075268870655,0.5029201330040423,before_outage,0.2393900400888946
0.3384103347121444,1.0,1.0,,original,stress,40,1.0,1.0,,0.6,1.0,,0.06397661542761676,1.0,,0.13605524519416887,0.010000000000005116,px4,,0.5543803704995506,1.0,,25/25/25 Hz,1.0,1500,gps,41,25,0.028040188927156127,0.02592840050975863,0.5506764820415394,outage_window,0.3273311591710828
0.18676060867545932,1.0,1.0,,original,stress,60,1.0,1.0,,0.6,1.0,,0.05462437653456121,1.0,,0.10647227319959102,0.010000000000005116,px4,,0.5275374894436492,1.0,,25/25/25 Hz,1.0,2000,gps,41,40,0.022923571441396857,0.02092428496289893,0.5247018012707014,after_return,0.17138615884240765
0.39147896355346756,1.0,,,original,stress,60,1.0,,,0.6,0.563404255319149,,0.12034020321342138,,,0.5235863175110117,0.010000000000005116,ekf3,,0.13549725617942865,1.0,,25/25/25 Hz,1.0,4700,gps,41,13,0.020043142138958248,0.057440135027433316,0.062271517748535364,flight,0.35679274429261687
0.21499299269627142,1.0,,,original,stress,25,1.0,,,0.6,0.0,,0.21486174840963382,,,0.2323106046812185,0.010000000000001563,ekf3,,0.22716916217640654,1.0,,25/25/25 Hz,1.0,700,gps,41,18,0.19481692730872477,0.07990735081794113,0.07375809999102279,before_outage,0.12355485759525835
0.3546088004786587,1.0,,,original,stress,40,1.0,,,0.6,0.432,,0.13043754865868773,,,0.5235863175110117,0.010000000000005116,ekf3,,0.14209007673568974,1.0,,25/25/25 Hz,1.0,1500,gps,41,25,0.018231855701355,0.06897541943837084,0.05635277993734353,outage_window,0.29358551872927574
0.4873444266345146,1.0,,,original,stress,60,1.0,,,0.6,1.0,,0.058958204924193486,,,0.1184108712468174,0.010000000000005116,ekf3,,0.08605888032552593,1.0,,25/25/25 Hz,1.0,2000,gps,41,40,0.020043142138958248,0.03453697741576685,0.062690198237045,after_return,0.4716512936928115
0.386701680578481,1.0,1.0,,original,stress,60,1.0,1.0,,0.6,0.0,,0.08606141370945708,1.0,,0.16573350259790184,0.010000000000005116,px4,,0.2794859220250632,1.0,,25/25/25 Hz,1.0,4700,denied,41,13,0.15084156191993045,0.020520973725041778,0.265905648079407,flight,0.37603253453861346
0.5618696585502467,1.0,1.0,,original,stress,25,1.0,1.0,,0.6,0.0,,0.05408894502547514,1.0,,0.07590665782927869,0.010000000000001563,px4,,0.25033731312559476,1.0,,25/25/25 Hz,1.0,700,denied,41,18,0.07590665782927869,0.028638056251430455,0.24442413213300604,before_outage,0.5537865796441349
0.28689430422682827,1.0,1.0,,original,stress,40,1.0,1.0,,0.6,0.0,,0.05675902831202091,1.0,,0.07733134096005585,0.010000000000005116,px4,,0.2837599877881097,1.0,,25/25/25 Hz,1.0,1500,denied,41,25,0.029449844713017904,0.017144097389184723,0.2780254365603682,outage_window,0.2724022210391415
0.2041823416138169,1.0,1.0,,original,stress,60,1.0,1.0,,0.6,0.0,,0.11553387396837589,1.0,,0.16573350259790184,0.010000000000005116,px4,,0.29567103164679165,1.0,,25/25/25 Hz,1.0,2000,denied,41,40,0.15084156191993045,0.01540107646005523,0.272164073530908,after_return,0.1947050684902435
0.21340558897360098,1.0,,,original,stress,60,1.0,,,0.6,0.0,,0.17346500886349722,,,0.31831140004119857,0.010000000000005116,ekf3,,0.1828211665004675,1.0,,25/25/25 Hz,1.0,4700,denied,41,13,0.08221214012360026,0.0695028868869504,0.05773620718906374,flight,0.12061164950188238
0.21499299269627142,1.0,,,original,stress,25,1.0,,,0.6,0.0,,0.21486174840963382,,,0.2323106046812185,0.010000000000001563,ekf3,,0.22716916217640654,1.0,,25/25/25 Hz,1.0,700,denied,41,18,0.19481692730872477,0.07990735081794113,0.07375809999102279,before_outage,0.12355485759525835
0.24739989948632243,1.0,,,original,stress,40,1.0,,,0.6,0.0,,0.12945233474126216,,,0.19495710647539521,0.010000000000005116,ekf3,,0.13983016685714542,1.0,,25/25/25 Hz,1.0,1500,denied,41,25,0.11195446646039174,0.07131837891499579,0.052863679339725626,outage_window,0.10968531343812363
0.18105965807066726,1.0,,,original,stress,60,1.0,,,0.6,0.0,,0.20086740784235055,,,0.31831140004119857,0.010000000000005116,ekf3,,0.20804936190314355,1.0,,25/25/25 Hz,1.0,2000,denied,41,40,0.08221214012360026,0.06741504953512198,0.05419244832077621,after_return,0.11447483285271007
0.30352835960659047,1.0,1.0,,original,stress,60,1.0,1.0,,0.6,0.8042553191489362,,0.04504616647134543,1.0,,0.110053067052872,0.010000000000005116,px4,,0.5004196520056615,1.0,,25/25/25 Hz,1.0,4700,transition,41,13,0.020938183148123325,0.02016851757151021,0.4983880726900507,flight,0.2890993115856395
0.25409330694622123,1.0,1.0,,original,stress,25,1.0,1.0,,0.6,1.0,,0.047383673364947344,1.0,,0.08148153701832914,0.010000000000001563,px4,,0.5051473771904191,1.0,,25/25/25 Hz,1.0,700,transition,41,18,0.022042175340805163,0.020740075268870655,0.5029201330040423,before_outage,0.2393900400888946
0.24793161703861763,1.0,1.0,,original,stress,40,1.0,1.0,,0.6,0.4726666666666667,,0.037809166422771864,1.0,,0.06316131814130375,0.010000000000005116,px4,,0.5451780308632194,1.0,,25/25/25 Hz,1.0,1500,transition,41,25,0.031110149720826787,0.01743054446214097,0.5438653806506831,outage_window,0.2306866121990957
0.24199374771165513,1.0,1.0,,original,stress,60,1.0,1.0,,0.6,0.9355,,0.049397040560494196,1.0,,0.110053067052872,0.010000000000005116,px4,,0.4655834180261371,1.0,,25/25/25 Hz,1.0,2000,transition,41,40,0.020938183148123325,0.0214311509211415,0.4629555610690573,after_return,0.22679642318542223
0.36030678143982,1.0,,,original,stress,60,1.0,,,0.6,0.4208510638297872,,0.1304941387410028,,,0.6854418769200508,0.010000000000005116,ekf3,,0.14149937279146202,1.0,,25/25/25 Hz,1.0,4700,transition,41,13,0.020340663785886923,0.06049771222463573,0.05471153675981922,flight,0.31591128826700005
0.21499299269627142,1.0,,,original,stress,25,1.0,,,0.6,0.0,,0.21486174840963382,,,0.2323106046812185,0.010000000000001563,ekf3,,0.22716916217640654,1.0,,25/25/25 Hz,1.0,700,transition,41,18,0.19481692730872477,0.07990735081794113,0.07375809999102279,before_outage,0.12355485759525835
0.24739989948632243,1.0,,,original,stress,40,1.0,,,0.6,0.0,,0.12945233474126216,,,0.19495710647539521,0.010000000000005116,ekf3,,0.13983016685714542,1.0,,25/25/25 Hz,1.0,1500,transition,41,25,0.11195446646039174,0.07131837891499579,0.052863679339725626,outage_window,0.10968531343812363
0.48045636996984,1.0,,,original,stress,60,1.0,,,0.6,0.989,,0.09825197838110465,,,0.6854418769200508,0.010000000000005116,ekf3,,0.10858635688152106,1.0,,25/25/25 Hz,1.0,2000,transition,41,40,0.020340663785886923,0.042352040871607356,0.04623359865941651,after_return,0.4620048719388033
0.3815575473569376,1.0,,49.8936170212766,held-out,zero,60,1.0,,99.87234042553192,0.85,,10.0,0.030913751270038946,,50.0,0.059841741503446684,0.010000000000005116,retrodiction,0,0.06717724337514343,1.0,1.0,100/50/50 Hz,1.0,4700,gps,101,13,0.0454737048036817,0.04325945808638807,0.059641613072563826,flight,0.266001329723774
0.3120356603411392,1.0,,49.857142857142854,held-out,zero,25,1.0,,100.0,0.85,,10.0,0.03521591091380909,,50.0,0.05030929635180263,0.010000000000001563,retrodiction,0,0.056099350688949674,1.0,1.0,100/50/50 Hz,1.0,700,gps,101,18,0.038169599827525866,0.04348775020001607,0.043668945100980176,before_outage,0.22372004067264809
0.35170532749306466,1.0,,49.93333333333333,held-out,zero,40,1.0,,100.0,0.85,,10.0,0.029009974818588788,,50.0,0.04558938265036447,0.010000000000005116,retrodiction,0,0.06888636510817957,1.0,1.0,100/50/50 Hz,1.0,1500,gps,101,25,0.03076667039611207,0.04264015070842004,0.06248001807651998,outage_window,0.22128692779728035
0.39341142530173734,1.0,,49.95,held-out,zero,60,1.0,,100.0,0.85,,10.0,0.03215616662276129,,50.0,0.059841741503446684,0.010000000000005116,retrodiction,0,0.07246299290157053,1.0,1.0,100/50/50 Hz,1.0,2000,gps,101,40,0.0454737048036817,0.0432121444810786,0.06493740284598912,after_return,0.26379591242596595
0.3948231530561152,1.0,,49.8936170212766,held-out,zero,60,1.0,,99.85106382978724,0.85,,10.0,0.0327383942499693,,50.0,0.07362740159417201,0.010000000000005116,horizon,0,0.09833777470408558,1.0,1.0,100/50/50 Hz,1.0,4700,gps,101,13,0.03531111186207989,0.0462110697502276,0.09272818059082724,flight,0.2530384023548484
0.3322226895379589,1.0,,49.857142857142854,held-out,zero,25,1.0,,100.0,0.85,,10.0,0.03790283263674278,,50.0,0.06441145610577563,0.010000000000001563,horizon,0,0.08040521840584713,1.0,1.0,100/50/50 Hz,1.0,700,gps,101,18,0.05209828150632652,0.04557077334289545,0.0709110317581337,before_outage,0.21971501959065232
0.3963074464316943,1.0,,49.93333333333333,held-out,zero,40,1.0,,100.0,0.85,,10.0,0.030725543729264147,,50.0,0.057712074212045106,0.010000000000005116,horizon,0,0.09721074107949704,1.0,1.0,100/50/50 Hz,1.0,1500,gps,101,25,0.018696713343743603,0.04559373310446586,0.09222726898139233,outage_window,0.2276337429267449
0.40318311645213145,1.0,,49.95,held-out,zero,60,1.0,,100.0,0.85,,10.0,0.0330975176413641,,50.0,0.07362740159417201,0.010000000000005116,horizon,0,0.10808596822917102,1.0,1.0,100/50/50 Hz,1.0,2000,gps,101,40,0.03531111186207989,0.04609420268926036,0.10289378433130428,after_return,0.2635191958371837
0.48228275750396943,1.0,,49.87234042553192,held-out,zero,60,1.0,,99.87234042553192,0.85,,0.0,0.27953220839021753,,50.0,0.41793973185344996,0.010000000000005116,retrodiction,0,0.28654124841543255,1.0,1.0,100/50/50 Hz,1.0,4700,denied,101,13,0.25093778960005375,0.050026885650808886,0.0629891380792168,flight,0.4316606789558026
0.39132872428076215,1.0,,49.857142857142854,held-out,zero,25,1.0,,100.0,0.85,,0.0,0.3450042889174015,,50.0,0.3819391484554222,0.010000000000001563,retrodiction,0,0.348144121958626,1.0,1.0,100/50/50 Hz,1.0,700,denied,101,18,0.36517048070275865,0.04901203477785443,0.046651583927459564,before_outage,0.35604060972179263
0.3312530629832277,1.0,,49.86666666666667,held-out,zero,40,1.0,,100.0,0.85,,0.0,0.3105941425991895,,50.0,0.41793973185344996,0.010000000000005116,retrodiction,0,0.31761701091651856,1.0,1.0,100/50/50 Hz,1.0,1500,denied,101,25,0.25036211375238704,0.04598834802638823,0.0664217148726092,outage_window,0.24004197753483208
0.5569311946596135,1.0,,50.0,held-out,zero,60,1.0,,100.0,0.85,,0.0,0.20265003776529705,,50.0,0.26456693216032634,0.010000000000005116,retrodiction,0,0.21377715198264585,1.0,1.0,100/50/50 Hz,1.0,2000,denied,101,40,0.25093778960005375,0.05329521038543534,0.06807079332235624,after_return,0.5090427559102063
0.48447548083621167,1.0,,49.87234042553192,held-out,zero,60,1.0,,99.85106382978724,0.85,,0.0,0.21625139429595844,,50.0,0.3595971851075348,0.010000000000005116,horizon,0,0.239637953743505,1.0,1.0,100/50/50 Hz,1.0,4700,denied,101,13,0.20368599564639908,0.05185838541577939,0.10325542765118052,flight,0.4305120068145423
0.3902942882799877,1.0,,49.857142857142854,held-out,zero,25,1.0,,100.0,0.85,,0.0,0.24255051098848396,,50.0,0.29447638289623196,0.010000000000001563,horizon,0,0.25548898561169076,1.0,1.0,100/50/50 Hz,1.0,700,denied,101,18,0.28039609428382567,0.05058126001988956,0.08027372788226567,before_outage,0.3514262209562347
0.32831367945495926,1.0,,49.86666666666667,held-out,zero,40,1.0,,100.0,0.85,,0.0,0.24506840463827603,,50.0,0.3595971851075348,0.010000000000005116,horizon,0,0.26594215804559784,1.0,1.0,100/50/50 Hz,1.0,1500,denied,101,25,0.1745685865026623,0.04801233996496886,0.10327975829754808,outage_window,0.23300996503362034
0.5620947538505565,1.0,,50.0,held-out,zero,60,1.0,,100.0,0.85,,0.0,0.1747899090116169,,50.0,0.23666260375710652,0.010000000000005116,horizon,0,0.20908037569837837,1.0,1.0,100/50/50 Hz,1.0,2000,denied,101,40,0.20368599564639908,0.05480435085871316,0.1147305156001913,after_return,0.5095053867661797
0.37347350436430665,1.0,,49.87234042553192,held-out,zero,60,1.0,,99.87234042553192,0.85,,6.808510638297872,0.03603059919021806,,50.0,0.0730879985595557,0.010000000000005116,retrodiction,0,0.0708261027753586,1.0,1.0,100/50/50 Hz,1.0,4700,transition,101,13,0.046127781470307216,0.04450206322728571,0.06097649347362897,flight,0.29051948120851945
0.3120356603411392,1.0,,49.857142857142854,held-out,zero,25,1.0,,100.0,0.85,,10.0,0.03521591091380909,,50.0,0.05030929635180263,0.010000000000001563,retrodiction,0,0.056099350688949674,1.0,1.0,100/50/50 Hz,1.0,700,transition,101,18,0.038169599827525866,0.04348775020001607,0.043668945100980176,before_outage,0.22372004067264809
0.3434722571542935,1.0,,49.86666666666667,held-out,zero,40,1.0,,100.0,0.85,,0.0,0.0399475567274452,,50.0,0.06331522234257869,0.010000000000005116,retrodiction,0,0.07748731285267393,1.0,1.0,100/50/50 Hz,1.0,1500,transition,101,25,0.04296233036747899,0.046173326285452704,0.06639635806756057,outage_window,0.28363488456177
0.38042270021308733,1.0,,49.95,held-out,zero,60,1.0,,100.0,0.85,,10.0,0.03568369525035962,,50.0,0.0730879985595557,0.010000000000005116,retrodiction,0,0.07409470203662782,1.0,1.0,100/50/50 Hz,1.0,2000,transition,101,40,0.046127781470307216,0.0434536371440165,0.06493611293553166,after_return,0.2793619078416762
0.4026474973974784,1.0,,49.87234042553192,held-out,zero,60,1.0,,99.85106382978724,0.85,,6.808510638297872,0.039574483163317006,,50.0,0.08210917931667291,0.010000000000005116,horizon,0,0.10419933442775081,1.0,1.0,100/50/50 Hz,1.0,4700,transition,101,13,0.035896858120343315,0.04775764699039703,0.09639170907055541,flight,0.3047074722147504
0.3322226895379589,1.0,,49.857142857142854,held-out,zero,25,1.0,,100.0,0.85,,10.0,0.03790283263674278,,50.0,0.06441145610577563,0.010000000000001563,horizon,0,0.08040521840584713,1.0,1.0,100/50/50 Hz,1.0,700,transition,101,18,0.05209828150632652,0.04557077334289545,0.0709110317581337,before_outage,0.21971501959065232
0.435875648571614,1.0,,49.86666666666667,held-out,zero,40,1.0,,100.0,0.85,,0.13333333333333333,0.04630184494631543,,50.0,0.08210917931667291,0.010000000000005116,horizon,0,0.11313407749104452,1.0,1.0,100/50/50 Hz,1.0,1500,transition,101,25,0.04493838047566157,0.05039993400436343,0.1032252810328799,outage_window,0.3647909350984675
0.39054307494074775,1.0,,49.95,held-out,zero,60,1.0,,100.0,0.85,,9.9,0.03684137454067958,,50.0,0.07931109193669397,0.010000000000005116,horizon,0,0.10936367745287082,1.0,1.0,100/50/50 Hz,1.0,2000,transition,101,40,0.035896858120343315,0.04604538086859552,0.10297148667455923,after_return,0.2760863675115729
0.41164633129638356,1.0,,49.8936170212766,held-out,nominal,60,1.0,,99.82978723404256,0.85,,10.0,0.04089827366845834,,50.0,0.0926323359032813,0.010000000000005116,retrodiction,0,0.07274934044274053,1.0,1.0,100/50/50 Hz,1.0,4700,gps,101,13,0.034700535756338635,0.03482706187660167,0.06016475501316074,flight,0.2995077371992328
0.3945660879990123,1.0,,49.857142857142854,held-out,nominal,25,1.0,,100.0,0.85,,10.0,0.040137709425895604,,50.0,0.07639179440554641,0.010000000000001563,retrodiction,0,0.05992205695985056,1.0,1.0,100/50/50 Hz,1.0,700,gps,101,18,0.004909689623595697,0.03530422861252727,0.0444928892334713,before_outage,0.27706346861225317
0.4178210953632774,1.0,,49.93333333333333,held-out,nominal,40,1.0,,100.0,0.85,,10.0,0.041204045429494546,,50.0,0.08147585351816501,0.010000000000005116,retrodiction,0,0.07485108651818541,1.0,1.0,100/50/50 Hz,1.0,1500,gps,101,25,0.03991764651552896,0.03399957399074208,0.06248929342853082,outage_window,0.2986862229876486
0.3670335225130092,1.0,,49.95,held-out,nominal,60,1.0,,100.0,0.85,,10.0,0.039877841417065046,,50.0,0.08956578461176652,0.010000000000005116,retrodiction,0,0.07676919656233275,1.0,1.0,100/50/50 Hz,1.0,2000,gps,101,40,0.034700535756338635,0.03326349774337606,0.06559929347745672,after_return,0.2690801217058893
0.3949003433212297,1.0,,49.8936170212766,held-out,nominal,60,1.0,,99.85106382978724,0.85,,10.0,0.03273908903825215,,50.0,0.07362425088743799,0.010000000000005116,horizon,0,0.09789354622018268,1.0,1.0,100/50/50 Hz,1.0,4700,gps,101,13,0.03530924960133699,0.0462108520094043,0.09225669862133828,flight,0.2530488987197382
0.33219934525627953,1.0,,49.857142857142854,held-out,nominal,25,1.0,,100.0,0.85,,10.0,0.03790527493447192,,50.0,0.06441398463056354,0.010000000000001563,horizon,0,0.07999619651535171,1.0,1.0,100/50/50 Hz,1.0,700,gps,101,18,0.05210161325584853,0.045570701996393334,0.07044559311315977,before_outage,0.21970839195436626
0.3963973316481301,1.0,,49.93333333333333,held-out,nominal,40,1.0,,100.0,0.85,,10.0,0.03072661802052697,,50.0,0.05771537045371954,0.010000000000005116,horizon,0,0.09676378595824779,1.0,1.0,100/50/50 Hz,1.0,1500,gps,101,25,0.01869645722991715,0.045593467521749795,0.09175568221093569,outage_window,0.2276262370323134
0.4032542120932531,1.0,,49.95,held-out,nominal,60,1.0,,100.0,0.85,,10.0,0.033096914153946236,,50.0,0.07362425088743799,0.010000000000005116,horizon,0,0.1076280136956256,1.0,1.0,100/50/50 Hz,1.0,2000,gps,101,40,0.03530924960133699,0.046094009515327335,0.10241280977276274,after_return,0.26352141543317875
0.50204930775682,1.0,,49.87234042553192,held-out,nominal,60,1.0,,99.8936170212766,0.85,,0.0,0.49918733536549836,,50.0,0.5654427835874207,0.010000000000005116,retrodiction,0,0.5032061414015113,1.0,1.0,100/50/50 Hz,1.0,4700,denied,101,13,0.5468909113610475,0.050273209305453787,0.06346987438849473,flight,0.44058311554774765
0.4213186389558119,1.0,,49.857142857142854,held-out,nominal,25,1.0,,100.0,0.85,,0.0,0.4792163165243707,,50.0,0.5370908420867825,0.010000000000001563,retrodiction,0,0.4815202125708263,1.0,1.0,100/50/50 Hz,1.0,700,denied,101,18,0.5057974611484188,0.05014820892556329,0.04704717941670802,before_outage,0.3710799221814573
0.3250746005310939,1.0,,49.86666666666667,held-out,nominal,40,1.0,,100.0,0.85,,0.0,0.4944500872981641,,50.0,0.5504647290249899,0.010000000000005116,retrodiction,0,0.4989465099319369,1.0,1.0,100/50/50 Hz,1.0,1500,denied,101,25,0.49223705852167216,0.04619787629563741,0.06683360639751737,outage_window,0.2560389844299469
0.5905015860222083,1.0,,50.0,held-out,nominal,60,1.0,,100.0,0.85,,0.0,0.5143381686734378,,50.0,0.5654427835874207,0.010000000000005116,retrodiction,0,0.5189197137334752,1.0,1.0,100/50/50 Hz,1.0,2000,denied,101,40,0.5468909113610475,0.05257341705241983,0.06880347045670132,after_return,0.5250387105210313
0.4838426370081908,1.0,,49.87234042553192,held-out,nominal,60,1.0,,99.85106382978724,0.85,,0.0,0.21515128665814381,,50.0,0.358537943852847,0.010000000000005116,horizon,0,0.2384409640226382,1.0,1.0,100/50/50 Hz,1.0,4700,denied,101,13,0.20231304874365708,0.05184495711184091,0.10278140480354545,flight,0.4297640370697499
0.3889277119487641,1.0,,49.857142857142854,held-out,nominal,25,1.0,,100.0,0.85,,0.0,0.24168575583636456,,50.0,0.2934538846821128,0.010000000000001563,horizon,0,0.254522947387474,1.0,1.0,100/50/50 Hz,1.0,700,denied,101,18,0.27941585729607876,0.05054241252086733,0.07981181724915193,before_outage,0.34995990070883193
0.32779809620872846,1.0,,49.86666666666667,held-out,nominal,40,1.0,,100.0,0.85,,0.0,0.2439902775535563,,50.0,0.358537943852847,0.010000000000005116,horizon,0,0.264765265747762,1.0,1.0,100/50/50 Hz,1.0,1500,denied,101,25,0.1733595847822474,0.04800210470545232,0.10280754060778614,outage_window,0.23218834622730933
0.5616775833636731,1.0,,50.0,held-out,nominal,60,1.0,,100.0,0.85,,0.0,0.1734273475912621,,50.0,0.23518648636720899,0.010000000000005116,horizon,0,0.2076729917873123,1.0,1.0,100/50/50 Hz,1.0,2000,denied,101,40,0.20231304874365708,0.05480029855484557,0.1142410899166873,after_return,0.508963090883493
0.46954553251424064,1.0,,49.87234042553192,held-out,nominal,60,1.0,,99.82978723404256,0.85,,6.808510638297872,0.04023290258792901,,50.0,0.10740060808111264,0.010000000000005116,retrodiction,0,0.07357019657838393,1.0,1.0,100/50/50 Hz,1.0,4700,transition,101,13,0.03425859371030117,0.04053897825387072,0.06159454013086119,flight,0.3587892603053625
0.3945660879990123,1.0,,49.857142857142854,held-out,nominal,25,1.0,,100.0,0.85,,10.0,0.040137709425895604,,50.0,0.07639179440554641,0.010000000000001563,retrodiction,0,0.05992205695985056,1.0,1.0,100/50/50 Hz,1.0,700,transition,101,18,0.004909689623595697,0.03530422861252727,0.0444928892334713,before_outage,0.27706346861225317
0.5420386349905254,1.0,,49.86666666666667,held-out,nominal,40,1.0,,100.0,0.85,,0.06666666666666667,0.03345324240498745,,50.0,0.06198856532668253,0.010000000000005116,retrodiction,0,0.07459301067085392,1.0,1.0,100/50/50 Hz,1.0,1500,transition,101,25,0.015514907834340229,0.04978050461743369,0.0666708168056705,outage_window,0.4545826890218263
0.40643297468348766,1.0,,49.95,held-out,nominal,60,1.0,,100.0,0.85,,9.95,0.04355885891620747,,50.0,0.10740060808111264,0.010000000000005116,retrodiction,0,0.07876983944185509,1.0,1.0,100/50/50 Hz,1.0,2000,transition,101,40,0.03425859371030117,0.0335634204939547,0.06563012582353901,after_return,0.27575085720793757
0.40266395554599205,1.0,,49.87234042553192,held-out,nominal,60,1.0,,99.85106382978724,0.85,,6.808510638297872,0.03957608299904682,,50.0,0.08210350892973996,0.010000000000005116,horizon,0,0.1037638890286424,1.0,1.0,100/50/50 Hz,1.0,4700,transition,101,13,0.03589749285047248,0.04775643962383503,0.09592016639268809,flight,0.3046575434735144
0.33219934525627953,1.0,,49.857142857142854,held-out,nominal,25,1.0,,100.0,0.85,,10.0,0.03790527493447192,,50.0,0.06441398463056354,0.010000000000001563,horizon,0,0.07999619651535171,1.0,1.0,100/50/50 Hz,1.0,700,transition,101,18,0.05210161325584853,0.045570701996393334,0.07044559311315977,before_outage,0.21970839195436626
0.43579474609583213,1.0,,49.86666666666667,held-out,nominal,40,1.0,,100.0,0.85,,0.13333333333333333,0.04630451863906381,,50.0,0.08210350892973996,0.010000000000005116,horizon,0,0.11270364274651955,1.0,1.0,100/50/50 Hz,1.0,1500,transition,101,25,0.044965963025539984,0.050396839280962155,0.10275214178760315,outage_window,0.364631598471421
0.39060907604843437,1.0,,49.95,held-out,nominal,60,1.0,,100.0,0.85,,9.9,0.036841571763563986,,50.0,0.07931106103085028,0.010000000000005116,horizon,0,0.10891076469426822,1.0,1.0,100/50/50 Hz,1.0,2000,transition,101,40,0.03589749285047248,0.04604510147145652,0.10249025932390077,after_return,0.2760896147276459
0.47041944183024786,1.0,,49.87234042553192,held-out,stress,60,1.0,,99.7872340425532,0.85,,10.0,0.051201411819208544,,50.0,0.11594500643323533,0.010000000000005116,retrodiction,0,0.07932029200755777,1.0,1.0,100/50/50 Hz,1.0,4700,gps,101,13,0.04511300018984779,0.03870221355037785,0.06058154959956081,flight,0.38101169998590234
0.48693838168383885,1.0,,49.857142857142854,held-out,stress,25,1.0,,100.0,0.85,,10.0,0.05557869520846089,,50.0,0.1013977641984166,0.010000000000001563,retrodiction,0,0.07156956026759478,1.0,1.0,100/50/50 Hz,1.0,700,gps,101,18,0.031104792813815195,0.04164031507961561,0.04509113655500255,before_outage,0.411242602615342
0.47532098489557656,1.0,,49.86666666666667,held-out,stress,40,1.0,,100.0,0.85,,10.0,0.05276468277049549,,50.0,0.09483912829869941,0.010000000000005116,retrodiction,0,0.08236340417408199,1.0,1.0,100/50/50 Hz,1.0,1500,gps,101,25,0.054990337454418996,0.038675269998779675,0.06324253789398528,outage_window,0.39227799910793354
0.32553714412176443,1.0,,50.0,held-out,stress,60,1.0,,100.0,0.85,,10.0,0.0462495779622026,,50.0,0.11594500643323533,0.010000000000005116,retrodiction,0,0.08024782835260787,1.0,1.0,100/50/50 Hz,1.0,2000,gps,101,40,0.04511300018984779,0.03411814452375271,0.06557964999622794,after_return,0.25234925527034036
0.392816430062185,1.0,,49.8936170212766,held-out,stress,60,1.0,,99.85106382978724,0.85,,10.0,0.03272798122868065,,50.0,0.07365308639457722,0.010000000000005116,horizon,0,0.07663979959330405,1.0,1.0,100/50/50 Hz,1.0,4700,gps,101,13,0.035300904427901,0.04621746703311245,0.0693003472314312,flight,0.25226795425770876
0.3337289332941798,1.0,,49.857142857142854,held-out,stress,25,1.0,,100.0,0.85,,10.0,0.037880656204769256,,50.0,0.064380401183308,0.010000000000001563,horizon,0,0.061376517398807666,1.0,1.0,100/50/50 Hz,1.0,700,gps,101,18,0.05206111236654702,0.04557098109022614,0.04829216058018336,before_outage,0.21985561552390667
0.3944445717590699,1.0,,49.93333333333333,held-out,stress,40,1.0,,100.0,0.85,,10.0,0.030702447231150773,,50.0,0.05767459318573345,0.010000000000005116,horizon,0,0.0753164967763099,1.0,1.0,100/50/50 Hz,1.0,1500,gps,101,25,0.018696927962689416,0.04560699675132777,0.0687745186873329,outage_window,0.22791450713526307
0.4015692930938691,1.0,,49.95,held-out,stress,60,1.0,,100.0,0.85,,10.0,0.03309882437284991,,50.0,0.07365308639457722,0.010000000000005116,horizon,0,0.08542540194585951,1.0,1.0,100/50/50 Hz,1.0,2000,gps,101,40,0.035300904427901,0.04610109622213303,0.07875256899141066,after_return,0.2634612556544834
0.8109724127578638,1.0,,49.87234042553192,held-out,stress,60,1.0,,99.87234042553192,0.85,,0.0,0.3060691123782789,,50.0,0.4454822078275479,0.010000000000005116,retrodiction,0,0.3126902336504201,1.0,1.0,100/50/50 Hz,1.0,4700,denied,101,13,0.29530576507809536,0.05992519572761441,0.06400687985151918,flight,0.7233207237660898
0.8883763427753361,1.0,,49.857142857142854,held-out,stress,25,1.0,,100.0,0.85,,0.0,0.3195938272461696,,50.0,0.37981436230147303,0.010000000000001563,retrodiction,0,0.32312572602287226,1.0,1.0,100/50/50 Hz,1.0,700,denied,101,18,0.35886936655546753,0.06574233214421582,0.04764473112479311,before_outage,0.80274333327362
0.6661166850596654,1.0,,49.86666666666667,held-out,stress,40,1.0,,100.0,0.85,,0.0,0.33458842837027863,,50.0,0.4454822078275479,0.010000000000005116,retrodiction,0,0.34128482092432494,1.0,1.0,100/50/50 Hz,1.0,1500,denied,101,25,0.2830430170105804,0.05567017158364299,0.06727490315158739,outage_window,0.5717211743461906
0.836379323668699,1.0,,50.0,held-out,stress,60,1.0,,100.0,0.85,,0.0,0.27268189909101576,,50.0,0.33904697162713227,0.010000000000005116,retrodiction,0,0.28142439898154326,1.0,1.0,100/50/50 Hz,1.0,2000,denied,101,40,0.29530576507809536,0.058943963052422256,0.06960082075837859,after_return,0.7625235645091363
0.4766058424550339,1.0,,49.87234042553192,held-out,stress,60,1.0,,99.85106382978724,0.85,,0.0,0.248646384417847,,50.0,0.40338315986282275,0.010000000000005116,horizon,0,0.2610556187475788,1.0,1.0,100/50/50 Hz,1.0,4700,denied,101,13,0.22473940085495867,0.051700472830275374,0.07952994150389822,flight,0.4236308083023932
0.3818571806586207,1.0,,49.857142857142854,held-out,stress,25,1.0,,100.0,0.85,,0.0,0.3030255122232849,,50.0,0.35015220801589575,0.010000000000001563,horizon,0,0.30850798095748083,1.0,1.0,100/50/50 Hz,1.0,700,denied,101,18,0.3362660888276027,0.05040681779404641,0.05790261873419174,before_outage,0.3440019890487119
0.3220499206332156,1.0,,49.86666666666667,held-out,stress,40,1.0,,100.0,0.85,,0.0,0.2820437046710076,,50.0,0.40338315986282275,0.010000000000005116,horizon,0,0.2930804762362824,1.0,1.0,100/50/50 Hz,1.0,1500,denied,101,25,0.2112016191231697,0.04793670108271313,0.07967128846918166,outage_window,0.22806271022767707
0.5536612306481797,1.0,,50.0,held-out,stress,60,1.0,,100.0,0.85,,0.0,0.1775304045735502,,50.0,0.24023459468333141,0.010000000000005116,horizon,0,0.19900665775626775,1.0,1.0,100/50/50 Hz,1.0,2000,denied,101,40,0.22473940085495867,0.05461076149663625,0.08992555411712441,after_return,0.5020409201858299
0.4304498553075593,1.0,,49.851063829787236,held-out,stress,60,1.0,,99.7872340425532,0.85,,6.808510638297872,0.04468846523352124,,50.0,0.12579606085935224,0.010000000000005116,retrodiction,0,0.07666383308378341,1.0,1.0,100/50/50 Hz,1.0,4700,transition,101,13,0.04857280270684612,0.04173781515974789,0.062291928675957425,flight,0.33673443311965534
0.48693838168383885,1.0,,49.857142857142854,held-out,stress,25,1.0,,100.0,0.85,,10.0,0.05557869520846089,,50.0,0.1013977641984166,0.010000000000001563,retrodiction,0,0.07156956026759478,1.0,1.0,100/50/50 Hz,1.0,700,transition,101,18,0.031104792813815195,0.04164031507961561,0.04509113655500255,before_outage,0.411242602615342
0.3387368597384481,1.0,,49.86666666666667,held-out,stress,40,1.0,,100.0,0.85,,0.06666666666666667,0.02565306937117135,,50.0,0.051307235540002404,0.010000000000005116,retrodiction,0,0.07179912188664797,1.0,1.0,100/50/50 Hz,1.0,1500,transition,101,25,0.03859268655644511,0.04762041461956255,0.06705992794159267,outage_window,0.25092696897788286
0.32364739889131006,1.0,,49.95,held-out,stress,60,1.0,,100.0,0.85,,9.95,0.04760159687641824,,50.0,0.12579606085935224,0.010000000000005116,retrodiction,0,0.0817766320435828,1.0,1.0,100/50/50 Hz,1.0,2000,transition,101,40,0.04857280270684612,0.03404312516327364,0.06649440219451938,after_return,0.23913551204410968
0.40304015311382224,1.0,,49.87234042553192,held-out,stress,60,1.0,,99.85106382978724,0.85,,6.808510638297872,0.03966221056722323,,50.0,0.08292977858910941,0.010000000000005116,horizon,0,0.0830148402855946,1.0,1.0,100/50/50 Hz,1.0,4700,transition,101,13,0.035891077125146234,0.04781279210232522,0.07292717436294942,flight,0.3066292150513832
0.3337289332941798,1.0,,49.857142857142854,held-out,stress,25,1.0,,100.0,0.85,,10.0,0.037880656204769256,,50.0,0.064380401183308,0.010000000000001563,horizon,0,0.061376517398807666,1.0,1.0,100/50/50 Hz,1.0,700,transition,101,18,0.05206111236654702,0.04557098109022614,0.04829216058018336,before_outage,0.21985561552390667
0.4408191484709431,1.0,,49.86666666666667,held-out,stress,40,1.0,,100.0,0.85,,0.13333333333333333,0.046543985669695975,,50.0,0.08292977858910941,0.010000000000005116,horizon,0,0.09219059802694388,1.0,1.0,100/50/50 Hz,1.0,1500,transition,101,25,0.0446265875914873,0.050556389472371725,0.0795786639906997,outage_window,0.37169948498629773
0.389008607486163,1.0,,49.95,held-out,stress,60,1.0,,100.0,0.85,,9.9,0.0368427112670055,,50.0,0.07929471425457096,0.010000000000005116,horizon,0,0.08700253950397488,1.0,1.0,100/50/50 Hz,1.0,2000,transition,101,40,0.035891077125146234,0.04605289404300581,0.07881660045089978,after_return,0.2759506360316215
0.4535350238074195,1.0,,49.91489361702128,held-out,zero,60,1.0,,99.68085106382979,0.85,,10.0,0.050206713299112554,,50.0,0.08769868222642281,0.010000000000005116,retrodiction,0,0.06276226091803011,1.0,1.0,100/50/50 Hz,1.0,4700,gps,307,13,0.025815396281360915,0.042922188798228754,0.03766148344454324,flight,0.3322185332992935
0.3530284196081999,1.0,,49.857142857142854,held-out,zero,25,1.0,,100.0,0.85,,10.0,0.0648846886985325,,50.0,0.08769868222642281,0.010000000000001563,retrodiction,0,0.0716555925842182,1.0,1.0,100/50/50 Hz,1.0,700,gps,307,18,0.08769868222642281,0.0443305249755898,0.030405610026605225,before_outage,0.2918605125264739
0.40030593036053913,1.0,,49.86666666666667,held-out,zero,40,1.0,,100.0,0.85,,10.0,0.05699064067264432,,50.0,0.08534016214858173,0.010000000000005116,retrodiction,0,0.06786012007631095,1.0,1.0,100/50/50 Hz,1.0,1500,gps,307,25,0.03582570202401622,0.042308599003923864,0.03683833292228192,outage_window,0.2294812102482476
0.4445819307634617,1.0,,50.0,held-out,zero,60,1.0,,99.95,0.85,,10.0,0.03748529333544329,,50.0,0.061845437635226146,0.010000000000005116,retrodiction,0,0.055900327796242814,1.0,1.0,100/50/50 Hz,1.0,2000,gps,307,40,0.025815396281360915,0.04301760856709504,0.04146925887067633,after_return,0.3015159340582379
0.4752203322457849,1.0,,49.91489361702128,held-out,zero,60,1.0,,99.57446808510639,0.85,,10.0,0.051528656562310426,,50.0,0.0971619485159697,0.010000000000005116,horizon,0,0.06482170260998574,1.0,1.0,100/50/50 Hz,1.0,4700,gps,307,13,0.0216824150018166,0.046087841130543476,0.039327479987165403,flight,0.33183535018019567
0.36262968909854026,1.0,,49.857142857142854,held-out,zero,25,1.0,,99.85714285714286,0.85,,10.0,0.06472799058861886,,50.0,0.09077481434224385,0.010000000000001563,horizon,0,0.07187313332160894,1.0,1.0,100/50/50 Hz,1.0,700,gps,307,18,0.08326338036701247,0.047336319399449114,0.031241551303119387,before_outage,0.2937160841106905
0.43625355709980196,1.0,,49.86666666666667,held-out,zero,40,1.0,,100.0,0.85,,10.0,0.05947403374786544,,50.0,0.0971619485159697,0.010000000000005116,horizon,0,0.07028882121275805,1.0,1.0,100/50/50 Hz,1.0,1500,gps,307,25,0.032707553954865645,0.045805152664642676,0.037461416113607204,outage_window,0.22823880988986972
0.46837239029107053,1.0,,50.0,held-out,zero,60,1.0,,99.95,0.85,,10.0,0.03868936611361919,,50.0,0.07296456668509205,0.010000000000005116,horizon,0,0.05759427892860896,1.0,1.0,100/50/50 Hz,1.0,2000,gps,307,40,0.0216824150018166,0.04554189146597605,0.04266419945378965,after_return,0.30142011216136816
0.7574077802048479,1.0,,49.95744680851064,held-out,zero,60,1.0,,99.68085106382979,0.85,,0.0,0.5575594716485409,,50.0,0.6979671579802769,0.010000000000005116,retrodiction,0,0.5589580839934736,1.0,1.0,100/50/50 Hz,1.0,4700,denied,307,13,0.5776385713086841,0.057205428110410246,0.03951677158694706,flight,0.7065179341547274
0.808278513737796,1.0,,49.857142857142854,held-out,zero,25,1.0,,99.85714285714286,0.85,,0.0,0.44952233365663896,,50.0,0.5306449071716308,0.010000000000001563,retrodiction,0,0.45077999757765796,1.0,1.0,100/50/50 Hz,1.0,700,denied,307,18,0.4844784275143373,0.05863144766922403,0.033649335208926365,before_outage,0.7560906279300748
0.6084795012788111,1.0,,49.93333333333333,held-out,zero,40,1.0,,100.0,0.85,,0.0,0.5347165888416612,,50.0,0.6340525902892098,0.010000000000005116,retrodiction,0,0.5360630984561475,1.0,1.0,100/50/50 Hz,1.0,1500,denied,307,25,0.6266620042023874,0.05337686147321539,0.037971241011364176,outage_window,0.5618431910620656
0.4950501295680322,1.0,,50.0,held-out,zero,60,1.0,,99.95,0.85,,0.0,0.6317582690270872,,50.0,0.6979671579802769,0.010000000000005116,retrodiction,0,0.6333053022156792,1.0,1.0,100/50/50 Hz,1.0,2000,denied,307,40,0.5776385713086841,0.053619765459405805,0.044239070180002414,after_return,0.43926167982661934
0.8571633551819322,1.0,,49.93617021276596,held-out,zero,60,1.0,,99.59574468085107,0.85,,0.0,0.42635861063843106,,50.0,0.5468237681177002,0.010000000000005116,horizon,0,0.429023437101472,1.0,1.0,100/50/50 Hz,1.0,4700,denied,307,13,0.42124459030663836,0.06342605858176412,0.04774353062800652,flight,0.8002779515608287
0.9351047170522784,1.0,,49.857142857142854,held-out,zero,25,1.0,,99.85714285714286,0.85,,0.0,0.35456571128448233,,50.0,0.4359645223100881,0.010000000000001563,horizon,0,0.3568831419741586,1.0,1.0,100/50/50 Hz,1.0,700,denied,307,18,0.38457904138165167,0.06610572838049794,0.04060459834398751,before_outage,0.8756415234436307
0.7113166641675343,1.0,,49.93333333333333,held-out,zero,40,1.0,,100.0,0.85,,0.0,0.39938225161258123,,50.0,0.5047291146905121,0.010000000000005116,horizon,0,0.4017741871493468,1.0,1.0,100/50/50 Hz,1.0,1500,denied,307,25,0.48015190038393424,0.059522661479193155,0.043775730221016516,outage_window,0.6601789379620638
0.5859848474948668,1.0,,50.0,held-out,zero,60,1.0,,99.95,0.85,,0.0,0.47854821759577254,,50.0,0.5468237681177002,0.010000000000005116,horizon,0,0.4815801625538591,1.0,1.0,100/50/50 Hz,1.0,2000,denied,307,40,0.42124459030663836,0.058258427331236574,0.053954206520997534,after_return,0.5262028790885283
0.412922778448041,1.0,,49.93617021276596,held-out,zero,60,1.0,,99.68085106382979,0.85,,6.808510638297872,0.06668107647482481,,50.0,0.11411436075129727,0.010000000000005116,retrodiction,0,0.07673852744598464,1.0,1.0,100/50/50 Hz,1.0,4700,transition,307,13,0.02572897881609869,0.042951075354712015,0.03797941066863338,flight,0.3285328950716637
0.3530284196081999,1.0,,49.857142857142854,held-out,zero,25,1.0,,100.0,0.85,,10.0,0.0648846886985325,,50.0,0.08769868222642281,0.010000000000001563,retrodiction,0,0.0716555925842182,1.0,1.0,100/50/50 Hz,1.0,700,transition,307,18,0.08769868222642281,0.0443305249755898,0.030405610026605225,before_outage,0.2918605125264739
0.26617762930139177,1.0,,49.93333333333333,held-out,zero,40,1.0,,100.0,0.85,,0.0,0.09372315568501303,,50.0,0.11411436075129727,0.010000000000005116,retrodiction,0,0.1010749574607317,1.0,1.0,100/50/50 Hz,1.0,1500,transition,307,25,0.10881575133357091,0.04229370967301162,0.037843323243757686,outage_window,0.19370097419020826
0.42662061741000473,1.0,,50.0,held-out,zero,60,1.0,,99.95,0.85,,10.0,0.042170565444504406,,50.0,0.10836380153387226,0.010000000000005116,retrodiction,0,0.05914624898311128,1.0,1.0,100/50/50 Hz,1.0,2000,transition,307,40,0.02572897881609869,0.04309627327813008,0.04147194447892409,after_return,0.3107170644367274
0.43175676542050107,1.0,,49.93617021276596,held-out,zero,60,1.0,,99.57446808510639,0.85,,6.808510638297872,0.06737775476115844,,50.0,0.12235097965487132,0.010000000000005116,horizon,0,0.07896394321860704,1.0,1.0,100/50/50 Hz,1.0,4700,transition,307,13,0.02185071004773321,0.04548309876827377,0.041176965550858494,flight,0.3254180427571928
0.36262968909854026,1.0,,49.857142857142854,held-out,zero,25,1.0,,99.85714285714286,0.85,,10.0,0.06472799058861886,,50.0,0.09077481434224385,0.010000000000001563,horizon,0,0.07187313332160894,1.0,1.0,100/50/50 Hz,1.0,700,transition,307,18,0.08326338036701247,0.047336319399449114,0.031241551303119387,before_outage,0.2937160841106905
0.28126343634255563,1.0,,49.93333333333333,held-out,zero,40,1.0,,100.0,0.85,,0.13333333333333333,0.09385556884702226,,50.0,0.12235097965487132,0.010000000000005116,horizon,0,0.10332592056611346,1.0,1.0,100/50/50 Hz,1.0,1500,transition,307,25,0.11246768286796968,0.044279932602915434,0.04321316995126204,outage_window,0.1712633550885505
0.4584110053234846,1.0,,50.0,held-out,zero,60,1.0,,99.95,0.85,,9.9,0.044404969098870956,,50.0,0.11829675851176812,0.010000000000005116,horizon,0,0.06159476989825057,1.0,1.0,100/50/50 Hz,1.0,2000,transition,307,40,0.02185071004773321,0.045243541201870886,0.0426862319506741,after_return,0.3130712762959196
0.6074923387723784,1.0,,49.93617021276596,held-out,nominal,60,1.0,,99.57446808510639,0.85,,10.0,0.05744088003192735,,50.0,0.1164172757849898,0.010000000000005116,retrodiction,0,0.06900906406765324,1.0,1.0,100/50/50 Hz,1.0,4700,gps,307,13,0.030465734958555594,0.036161438695482884,0.03824651911810012,flight,0.5357883235215155
0.3771805893626263,1.0,,49.857142857142854,held-out,nominal,25,1.0,,99.85714285714286,0.85,,10.0,0.06414124680263512,,50.0,0.09671785919596974,0.010000000000001563,retrodiction,0,0.07089809568485046,1.0,1.0,100/50/50 Hz,1.0,700,gps,307,18,0.08433078254390472,0.032260570403791655,0.03020662891389341,before_outage,0.2489752901190973
0.3349951600842766,1.0,,49.86666666666667,held-out,nominal,40,1.0,,100.0,0.85,,10.0,0.06764287253696956,,50.0,0.11417586186621866,0.010000000000005116,retrodiction,0,0.07720239479345649,1.0,1.0,100/50/50 Hz,1.0,1500,gps,307,25,0.027107964421295653,0.034087350667906,0.03721090642260692,outage_window,0.2594193977942943
0.47328267886242054,1.0,,50.0,held-out,nominal,60,1.0,,99.95,0.85,,10.0,0.044880188721815706,,50.0,0.08476057016106321,0.010000000000005116,retrodiction,0,0.06195750549942937,1.0,1.0,100/50/50 Hz,1.0,2000,gps,307,40,0.030465734958555594,0.03593361934452632,0.042714179706580195,after_return,0.3954120116372287
0.47612332833434207,1.0,,49.91489361702128,held-out,nominal,60,1.0,,99.57446808510639,0.85,,10.0,0.05153039983345513,,50.0,0.09716141393288498,0.010000000000005116,horizon,0,0.06531966392624032,1.0,1.0,100/50/50 Hz,1.0,4700,gps,307,13,0.021676075634305694,0.04608892185708404,0.04014070737345357,flight,0.3338133457078842
0.3622800382654793,1.0,,49.857142857142854,held-out,nominal,25,1.0,,99.85714285714286,0.85,,10.0,0.06472500252890503,,50.0,0.09076051902212816,0.010000000000001563,horizon,0,0.07184879025898579,1.0,1.0,100/50/50 Hz,1.0,700,gps,307,18,0.08326338316073136,0.0473376119385131,0.03119170898352586,before_outage,0.29380885984668637
0.43511842839532183,1.0,,49.86666666666667,held-out,nominal,40,1.0,,100.0,0.85,,10.0,0.0594793266461917,,50.0,0.09716141393288498,0.010000000000005116,horizon,0,0.07085779916154397,1.0,1.0,100/50/50 Hz,1.0,1500,gps,307,25,0.0327134389309519,0.04580572486960139,0.0385102246647995,outage_window,0.2281614621089924
0.4679005299307165,1.0,,50.0,held-out,nominal,60,1.0,,99.95,0.85,,10.0,0.03868572530213263,,50.0,0.07294809511543508,0.010000000000005116,horizon,0,0.058764821414799065,1.0,1.0,100/50/50 Hz,1.0,2000,gps,307,40,0.021676075634305694,0.04554351696473332,0.04423481540326762,after_return,0.30141355465103714
0.8021062850825307,1.0,,49.93617021276596,held-out,nominal,60,1.0,,99.70212765957447,0.85,,0.0,0.27442539707976105,,50.0,0.3712065770250259,0.010000000000005116,retrodiction,0,0.2773426086288261,1.0,1.0,100/50/50 Hz,1.0,4700,denied,307,13,0.35992578478975745,0.05888380511970929,0.040120119624169795,flight,0.7354214417122583
0.914603153307995,1.0,,49.857142857142854,held-out,nominal,25,1.0,,99.85714285714286,0.85,,0.0,0.20975729966920043,,50.0,0.2512893141079439,0.010000000000001563,retrodiction,0,0.21252574603912291,1.0,1.0,100/50/50 Hz,1.0,700,denied,307,18,0.22629916024235394,0.06287158303985314,0.03419163589199879,before_outage,0.8320898507133729
0.7142559407703964,1.0,,49.93333333333333,held-out,nominal,40,1.0,,100.0,0.85,,0.0,0.2561599092588526,,50.0,0.3562974738684678,0.010000000000005116,retrodiction,0,0.259002360674351,1.0,1.0,100/50/50 Hz,1.0,1500,denied,307,25,0.3251982120539144,0.056147397003771596,0.03826648302866359,outage_window,0.6609241920559762
0.5795781411882742,1.0,,50.0,held-out,nominal,60,1.0,,100.0,0.85,,0.0,0.3145059240394558,,50.0,0.3712065770250259,0.010000000000005116,retrodiction,0,0.3176838092578842,1.0,1.0,100/50/50 Hz,1.0,2000,denied,307,40,0.35992578478975745,0.05494238859555366,0.044822164257070224,after_return,0.5073542746482316
0.8571026422450668,1.0,,49.93617021276596,held-out,nominal,60,1.0,,99.59574468085107,0.85,,0.0,0.417166108828482,,50.0,0.5373183538159326,0.010000000000005116,horizon,0,0.4200261449044833,1.0,1.0,100/50/50 Hz,1.0,4700,denied,307,13,0.41228131565115667,0.06342555760278516,0.048932607208538356,flight,0.8001805144838976
0.9354378031394734,1.0,,49.857142857142854,held-out,nominal,25,1.0,,99.85714285714286,0.85,,0.0,0.3449831470192181,,50.0,0.4261283186114882,0.010000000000001563,horizon,0,0.3474105226153071,1.0,1.0,100/50/50 Hz,1.0,700,denied,307,18,0.3747186977684591,0.0661085952731523,0.04099633516007644,before_outage,0.8760505227376114
0.7112366604435805,1.0,,49.93333333333333,held-out,nominal,40,1.0,,100.0,0.85,,0.0,0.38979592646122174,,50.0,0.4950690275165891,0.010000000000005116,horizon,0,0.3923749274699431,1.0,1.0,100/50/50 Hz,1.0,1500,denied,307,25,0.47056662107178365,0.059520704120969006,0.044913465923717116,outage_window,0.6600659886575317
0.5858574387141443,1.0,,50.0,held-out,nominal,60,1.0,,99.95,0.85,,0.0,0.46952990295549707,,50.0,0.5373183538159326,0.010000000000005116,horizon,0,0.47284574271777124,1.0,1.0,100/50/50 Hz,1.0,2000,denied,307,40,0.41228131565115667,0.05826208780745103,0.05589961213570529,after_return,0.5259628296309532
0.679124829254751,1.0,,49.95744680851064,held-out,nominal,60,1.0,,99.57446808510639,0.85,,6.808510638297872,0.07502841323715567,,50.0,0.15732131085060347,0.010000000000005116,retrodiction,0,0.0843553606924218,1.0,1.0,100/50/50 Hz,1.0,4700,transition,307,13,0.030244436621100462,0.042895461821349935,0.038555986366103835,flight,0.6076039423115853
0.3771805893626263,1.0,,49.857142857142854,held-out,nominal,25,1.0,,99.85714285714286,0.85,,10.0,0.06414124680263512,,50.0,0.09671785919596974,0.010000000000001563,retrodiction,0,0.07089809568485046,1.0,1.0,100/50/50 Hz,1.0,700,transition,307,18,0.08433078254390472,0.032260570403791655,0.03020662891389341,before_outage,0.2489752901190973
0.6306298404135816,1.0,,49.93333333333333,held-out,nominal,40,1.0,,100.0,0.85,,0.06666666666666667,0.10534106248983924,,50.0,0.15732131085060347,0.010000000000005116,retrodiction,0,0.11202801079757113,1.0,1.0,100/50/50 Hz,1.0,1500,transition,307,25,0.13154743542293512,0.05294328193615381,0.038125264022331705,outage_window,0.5552403846184835
0.47589574137355933,1.0,,50.0,held-out,nominal,60,1.0,,99.95,0.85,,9.95,0.05097444879182621,,50.0,0.13156754933212086,0.010000000000005116,retrodiction,0,0.06653635772026703,1.0,1.0,100/50/50 Hz,1.0,2000,transition,307,40,0.030244436621100462,0.03621483288149975,0.04276321397005639,after_return,0.4105753373503787
0.4326682057833467,1.0,,49.93617021276596,held-out,nominal,60,1.0,,99.57446808510639,0.85,,6.808510638297872,0.06741824838200454,,50.0,0.12264012349047645,0.010000000000005116,horizon,0,0.07944562650113457,1.0,1.0,100/50/50 Hz,1.0,4700,transition,307,13,0.021844921043118207,0.04548485951864859,0.04202841128641573,flight,0.3272216538158801
0.3622800382654793,1.0,,49.857142857142854,held-out,nominal,25,1.0,,99.85714285714286,0.85,,10.0,0.06472500252890503,,50.0,0.09076051902212816,0.010000000000001563,horizon,0,0.07184879025898579,1.0,1.0,100/50/50 Hz,1.0,700,transition,307,18,0.08326338316073136,0.0473376119385131,0.03119170898352586,before_outage,0.29380885984668637
0.27940971511671325,1.0,,49.93333333333333,held-out,nominal,40,1.0,,100.0,0.85,,0.13333333333333333,0.09394082329995838,,50.0,0.12264012349047645,0.010000000000005116,horizon,0,0.10387082568896078,1.0,1.0,100/50/50 Hz,1.0,1500,transition,307,25,0.11268552043905829,0.04428573700135355,0.04432008739874587,outage_window,0.17013293984928493
0.45778731708341913,1.0,,50.0,held-out,nominal,60,1.0,,99.95,0.85,,9.9,0.04441158528727969,,50.0,0.1185088139882337,0.010000000000005116,horizon,0,0.06271119530068384,1.0,1.0,100/50/50 Hz,1.0,2000,transition,307,40,0.021844921043118207,0.045242923688781994,0.04427533295539619,after_return,0.31296119702786285
0.5124162334966955,1.0,,49.91489361702128,held-out,stress,60,1.0,,99.55319148936171,0.85,,10.0,0.05956969935309796,,50.0,0.12056395340836694,0.010000000000005116,retrodiction,0,0.07091866783182746,1.0,1.0,100/50/50 Hz,1.0,4700,gps,307,13,0.026442456420446413,0.0395354590713032,0.03848257223760644,flight,0.4454331257168583
0.4572205965257408,1.0,,49.857142857142854,held-out,stress,25,1.0,,100.0,0.85,,10.0,0.06899446755924729,,50.0,0.10814683153680014,0.010000000000001563,retrodiction,0,0.07540226993997025,1.0,1.0,100/50/50 Hz,1.0,700,gps,307,18,0.10057993872518843,0.03832288459822112,0.030418181377526735,before_outage,0.393525995258117
0.38826654169669933,1.0,,49.86666666666667,held-out,stress,40,1.0,,100.0,0.85,,10.0,0.06879869344652488,,50.0,0.12056395340836694,0.010000000000005116,retrodiction,0,0.07838423726091262,1.0,1.0,100/50/50 Hz,1.0,1500,gps,307,25,0.022821361579661685,0.03862236240414115,0.03756099613996063,outage_window,0.32817092325416247
0.5290834008053927,1.0,,49.95,held-out,stress,60,1.0,,99.9,0.85,,10.0,0.04912107584357756,,50.0,0.10437968909039086,0.010000000000005116,retrodiction,0,0.0651854050959618,1.0,1.0,100/50/50 Hz,1.0,2000,gps,307,40,0.026442456420446413,0.039014420732203424,0.0428515687635137,after_return,0.4505860839295476
0.47631545628462274,1.0,,49.91489361702128,held-out,stress,60,1.0,,99.57446808510639,0.85,,10.0,0.051534557980761224,,50.0,0.09716085680927868,0.010000000000005116,horizon,0,0.06658294657136342,1.0,1.0,100/50/50 Hz,1.0,4700,gps,307,13,0.021670780040861967,0.0460886619701932,0.04216014833764933,flight,0.3347857464226541
0.36185293979348954,1.0,,49.857142857142854,held-out,stress,25,1.0,,99.85714285714286,0.85,,10.0,0.06473009982107618,,50.0,0.09076798550572757,0.010000000000001563,horizon,0,0.07219507023798913,1.0,1.0,100/50/50 Hz,1.0,700,gps,307,18,0.08326444113659638,0.04733731039686035,0.03197096094617266,before_outage,0.2938317991523587
0.43417619365112736,1.0,,49.86666666666667,held-out,stress,40,1.0,,100.0,0.85,,10.0,0.05948025455527057,,50.0,0.09716085680927868,0.010000000000005116,horizon,0,0.07220337773559357,1.0,1.0,100/50/50 Hz,1.0,1500,gps,307,25,0.0327173729651712,0.04580506508781253,0.040931981071883436,outage_window,0.22812134570553638
0.4673930944832185,1.0,,50.0,held-out,stress,60,1.0,,99.95,0.85,,10.0,0.03868487810150694,,50.0,0.072942223960948,0.010000000000005116,horizon,0,0.06118465990651143,1.0,1.0,100/50/50 Hz,1.0,2000,gps,307,40,0.021670780040861967,0.045544035970143545,0.047402983177718,after_return,0.30140821597388084
0.6657814243432228,1.0,,49.91489361702128,held-out,stress,60,1.0,,99.68085106382979,0.85,,0.0,0.3693684644256302,,50.0,0.4953877603337332,0.010000000000005116,retrodiction,0,0.3715808689667904,1.0,1.0,100/50/50 Hz,1.0,4700,denied,307,13,0.3259969901344401,0.05588202293979682,0.04048801884467816,flight,0.6051416244047185
0.7217679824888692,1.0,,49.857142857142854,held-out,stress,25,1.0,,99.85714285714286,0.85,,0.0,0.35121118624725345,,50.0,0.42072754667212,0.010000000000001563,retrodiction,0,0.3529371636991036,1.0,1.0,100/50/50 Hz,1.0,700,denied,307,18,0.3566591407296277,0.06083643069471363,0.034861786740856084,before_outage,0.6602225124779943
0.5682362668198496,1.0,,49.93333333333333,held-out,stress,40,1.0,,100.0,0.85,,0.0,0.38583113846386613,,50.0,0.4953877603337332,0.010000000000005116,retrodiction,0,0.38773525530657293,1.0,1.0,100/50/50 Hz,1.0,1500,denied,307,25,0.467313561620949,0.052989463404275385,0.03837917142579141,outage_window,0.5020494462151409
0.4731772402132694,1.0,,49.95,held-out,stress,60,1.0,,100.0,0.85,,0.0,0.3597751093927342,,50.0,0.46852642160351815,0.010000000000005116,retrodiction,0,0.3625972227082183,1.0,1.0,100/50/50 Hz,1.0,2000,denied,307,40,0.3259969901344401,0.05164234474684308,0.04515104181698783,after_return,0.4049517448909903
0.8562784403253104,1.0,,49.93617021276596,held-out,stress,60,1.0,,99.59574468085107,0.85,,0.0,0.4734073430033535,,50.0,0.6047798993044883,0.010000000000005116,horizon,0,0.476198483516012,1.0,1.0,100/50/50 Hz,1.0,4700,denied,307,13,0.47940633967710433,0.06340375345106233,0.05148284465192971,flight,0.7993713114019246
0.9348351883963927,1.0,,49.857142857142854,held-out,stress,25,1.0,,99.85714285714286,0.85,,0.0,0.3863154259899302,,50.0,0.47376600788469675,0.010000000000001563,horizon,0,0.3886288352876318,1.0,1.0,100/50/50 Hz,1.0,700,denied,307,18,0.4256211050803204,0.06606594440703592,0.04234103516967894,before_outage,0.8755757746527991
0.710387418687476,1.0,,49.93333333333333,held-out,stress,40,1.0,,100.0,0.85,,0.0,0.44741478333291285,,50.0,0.5548008928208169,0.010000000000005116,horizon,0,0.44992108718970003,1.0,1.0,100/50/50 Hz,1.0,1500,denied,307,25,0.5315860111102793,0.059496501453094035,0.047423584355511104,outage_window,0.6592319038997209
0.5850411189387366,1.0,,50.0,held-out,stress,60,1.0,,99.95,0.85,,0.0,0.5349632013124046,,50.0,0.6047798993044883,0.010000000000005116,horizon,0,0.5382729017466178,1.0,1.0,100/50/50 Hz,1.0,2000,denied,307,40,0.47940633967710433,0.05826468812293412,0.059599412717810156,after_return,0.5250798688734352
0.5642218194044439,1.0,,49.93617021276596,held-out,stress,60,1.0,,99.55319148936171,0.85,,6.808510638297872,0.069473865185078,,50.0,0.1311705177609988,0.010000000000005116,retrodiction,0,0.07954841707572548,1.0,1.0,100/50/50 Hz,1.0,4700,transition,307,13,0.026807109575053785,0.044457647197669446,0.03874703492525819,flight,0.49453637029883274
0.4572205965257408,1.0,,49.857142857142854,held-out,stress,25,1.0,,100.0,0.85,,10.0,0.06899446755924729,,50.0,0.10814683153680014,0.010000000000001563,retrodiction,0,0.07540226993997025,1.0,1.0,100/50/50 Hz,1.0,700,transition,307,18,0.10057993872518843,0.03832288459822112,0.030418181377526735,before_outage,0.393525995258117
0.5447213982954452,1.0,,49.93333333333333,held-out,stress,40,1.0,,100.0,0.85,,0.06666666666666667,0.08816236217785257,,50.0,0.1311705177609988,0.010000000000005116,retrodiction,0,0.09611046391422864,1.0,1.0,100/50/50 Hz,1.0,1500,transition,307,25,0.11958172419341194,0.05181555462221006,0.03827034320501187,outage_window,0.47555619393225573
0.5491126089606405,1.0,,49.95,held-out,stress,60,1.0,,99.9,0.85,,9.95,0.05600745937674233,,50.0,0.11934793262103391,0.010000000000005116,retrodiction,0,0.07057440484410124,1.0,1.0,100/50/50 Hz,1.0,2000,transition,307,40,0.026807109575053785,0.03998514227935042,0.04294078612766258,after_return,0.4718582544995359
0.4329066765984676,1.0,,49.93617021276596,held-out,stress,60,1.0,,99.57446808510639,0.85,,6.808510638297872,0.06744852680192516,,50.0,0.12280817802457783,0.010000000000005116,horizon,0,0.08058225587749121,1.0,1.0,100/50/50 Hz,1.0,4700,transition,307,13,0.02184171872972855,0.04548603916949807,0.04409304020540487,flight,0.32813013797715845
0.36185293979348954,1.0,,49.857142857142854,held-out,stress,25,1.0,,99.85714285714286,0.85,,10.0,0.06473009982107618,,50.0,0.09076798550572757,0.010000000000001563,horizon,0,0.07219507023798913,1.0,1.0,100/50/50 Hz,1.0,700,transition,307,18,0.08326444113659638,0.04733731039686035,0.03197096094617266,before_outage,0.2938317991523587
0.27820435865316934,1.0,,49.93333333333333,held-out,stress,40,1.0,,100.0,0.85,,0.13333333333333333,0.09399893238407503,,50.0,0.12280817802457783,0.010000000000005116,horizon,0,0.10499921895183466,1.0,1.0,100/50/50 Hz,1.0,1500,transition,307,25,0.11281562404587925,0.044290706518568736,0.0467871423699867,outage_window,0.16970646791850044
0.457208329536972,1.0,,50.0,held-out,stress,60,1.0,,99.95,0.85,,9.9,0.04441626533896297,,50.0,0.11863699116353113,0.010000000000005116,horizon,0,0.06501098162656523,1.0,1.0,100/50/50 Hz,1.0,2000,transition,307,40,0.02184171872972855,0.04524270586000893,0.04747234042459291,after_return,0.3129021490467502
0.5232079481918335,1.0,,49.91489361702128,held-out,zero,60,1.0,,99.7872340425532,0.85,,10.0,0.03667033024822308,,50.0,0.07015412084132906,0.010000000000005116,retrodiction,0,0.06057151966634832,1.0,1.0,100/50/50 Hz,1.0,4700,gps,911,13,0.06350775170082294,0.04395924785659313,0.048209914687510874,flight,0.40274347965235135
0.4291495911454576,1.0,,49.714285714285715,held-out,zero,25,1.0,,100.0,0.85,,10.0,0.03975116194442246,,50.0,0.06187718791997374,0.010000000000001563,retrodiction,0,0.055880956284603385,1.0,1.0,100/50/50 Hz,1.0,700,gps,911,18,0.036130350306397975,0.04738068855489819,0.039275009858051664,before_outage,0.28882448833726315
0.36668010550832203,1.0,,49.93333333333333,held-out,zero,40,1.0,,100.0,0.85,,10.0,0.034811815431412665,,50.0,0.06521588394622184,0.010000000000005116,retrodiction,0,0.06180845775762233,1.0,1.0,100/50/50 Hz,1.0,1500,gps,911,25,0.033550863824368324,0.04244093597447558,0.05107272223746296,outage_window,0.28342702752047505
0.40863534516942585,1.0,,49.95,held-out,zero,60,1.0,,100.0,0.85,,10.0,0.037607117751603254,,50.0,0.07015412084132906,0.010000000000005116,retrodiction,0,0.06479413215333181,1.0,1.0,100/50/50 Hz,1.0,2000,gps,911,40,0.06350775170082294,0.044033110138522874,0.05276347463843216,after_return,0.26455415776208024
0.48750819822880936,1.0,,49.91489361702128,held-out,zero,60,1.0,,99.74468085106383,0.85,,10.0,0.03881641662386286,,50.0,0.08934974374744967,0.010000000000005116,horizon,0,0.05586379127691989,1.0,1.0,100/50/50 Hz,1.0,4700,gps,911,13,0.06591032859017627,0.04718349975109077,0.04017522839155957,flight,0.3450812194938583
0.43121272141944794,1.0,,49.714285714285715,held-out,zero,25,1.0,,100.0,0.85,,10.0,0.04258170967512417,,50.0,0.06616937080988662,0.010000000000001563,horizon,0,0.05317643421008742,1.0,1.0,100/50/50 Hz,1.0,700,gps,911,18,0.03442367464939999,0.050327667386955564,0.03185170570696635,before_outage,0.28867723123805766
0.36171703940475125,1.0,,49.93333333333333,held-out,zero,40,1.0,,100.0,0.85,,10.0,0.036675681878817694,,50.0,0.07624788174445267,0.010000000000005116,horizon,0,0.054463430486252906,1.0,1.0,100/50/50 Hz,1.0,1500,gps,911,25,0.021777529440768398,0.04501427370317909,0.04026362650152947,outage_window,0.2844680829469927
0.45671095557375174,1.0,,49.95,held-out,zero,60,1.0,,100.0,0.85,,10.0,0.039373613799106914,,50.0,0.08934974374744967,0.010000000000005116,horizon,0,0.05986682154398796,1.0,1.0,100/50/50 Hz,1.0,2000,gps,911,40,0.06591032859017627,0.047425341603718286,0.04509717128799188,after_return,0.2673818993535536
1.183727172860325,1.0,,49.95744680851064,held-out,zero,60,1.0,,99.7872340425532,0.85,,0.0,0.4332451548712925,,50.0,0.581585610703766,0.010000000000005116,retrodiction,0,0.4362202775665365,1.0,1.0,100/50/50 Hz,1.0,4700,denied,911,13,0.4509748885896602,0.07358854399068086,0.050860262885438115,flight,1.1025203663595038
1.0452801189809298,1.0,,49.857142857142854,held-out,zero,25,1.0,,100.0,0.85,,0.0,0.43059629571179897,,50.0,0.5027668431962582,0.010000000000001563,retrodiction,0,0.4325085209697961,1.0,1.0,100/50/50 Hz,1.0,700,denied,911,18,0.4579170985999169,0.06602525051139503,0.04062574098718073,before_outage,0.972082000353547
1.2834048827561724,1.0,,49.93333333333333,held-out,zero,40,1.0,,100.0,0.85,,0.0,0.42270275782323397,,50.0,0.5438659074002669,0.010000000000005116,retrodiction,0,0.42609193221860336,1.0,1.0,100/50/50 Hz,1.0,1500,denied,911,25,0.4958788510913021,0.07982853756345548,0.053635000050482946,outage_window,1.1835487762742416
1.0766317514679988,1.0,,50.0,held-out,zero,60,1.0,,100.0,0.85,,0.0,0.43642830881199657,,50.0,0.5383394937512201,0.010000000000005116,retrodiction,0,0.43998157384670333,1.0,1.0,100/50/50 Hz,1.0,2000,denied,911,40,0.4509748885896602,0.07032281497683208,0.05580427037532751,after_return,1.0085678520600385
1.183158121424369,1.0,,49.95744680851064,held-out,zero,60,1.0,,99.74468085106383,0.85,,0.0,0.4681919954697295,,50.0,0.6295051563894624,0.010000000000005116,horizon,0,0.4707409472011234,1.0,1.0,100/50/50 Hz,1.0,4700,denied,911,13,0.46773467168157845,0.07627074168634713,0.04892131181687203,flight,1.1035210460610978
1.0540930404802675,1.0,,49.857142857142854,held-out,zero,25,1.0,,100.0,0.85,,0.0,0.4658905047375581,,50.0,0.55586155288238,0.010000000000001563,horizon,0,0.46753727989452026,1.0,1.0,100/50/50 Hz,1.0,700,denied,911,18,0.4938545653275324,0.06964366425090374,0.03920644955297875,before_outage,0.9846502954627057
1.2685885792794254,1.0,,49.93333333333333,held-out,zero,40,1.0,,100.0,0.85,,0.0,0.4572805924280994,,50.0,0.5824385391139422,0.010000000000005116,horizon,0,0.46001577194711685,1.0,1.0,100/50/50 Hz,1.0,1500,denied,911,25,0.5229726597295359,0.08320298486136389,0.05008962196611472,outage_window,1.170435703804118
1.0723400235064866,1.0,,50.0,held-out,zero,60,1.0,,100.0,0.85,,0.0,0.47147857030293966,,50.0,0.5756464003413925,0.010000000000005116,horizon,0,0.4746103570795906,1.0,1.0,100/50/50 Hz,1.0,2000,denied,911,40,0.46773467168157845,0.07207262491374115,0.05443297522928955,after_return,1.006351947879088
0.5790035721496967,1.0,,49.91489361702128,held-out,zero,60,1.0,,99.7872340425532,0.85,,6.808510638297872,0.03893180191503853,,50.0,0.11104458800055007,0.010000000000005116,retrodiction,0,0.062592122903535,1.0,1.0,100/50/50 Hz,1.0,4700,transition,911,13,0.06422651847530977,0.047235973701813816,0.04901110740658113,flight,0.4679605349968711
0.4291495911454576,1.0,,49.714285714285715,held-out,zero,25,1.0,,100.0,0.85,,10.0,0.03975116194442246,,50.0,0.06187718791997374,0.010000000000001563,retrodiction,0,0.055880956284603385,1.0,1.0,100/50/50 Hz,1.0,700,transition,911,18,0.036130350306397975,0.04738068855489819,0.039275009858051664,before_outage,0.28882448833726315
0.5976396566692649,1.0,,49.93333333333333,held-out,zero,40,1.0,,100.0,0.85,,0.0,0.03660595723065926,,50.0,0.08202463956189647,0.010000000000005116,retrodiction,0,0.0647371777822146,1.0,1.0,100/50/50 Hz,1.0,1500,transition,911,25,0.03391380171394296,0.0522030789493311,0.0533938768252803,outage_window,0.5042702605187533
0.38008599367309664,1.0,,49.95,held-out,zero,60,1.0,,100.0,0.85,,10.0,0.04147263537377138,,50.0,0.11104458800055007,0.010000000000005116,retrodiction,0,0.06712040984566231,1.0,1.0,100/50/50 Hz,1.0,2000,transition,911,40,0.06422651847530977,0.04413841379237992,0.05277470921761566,after_return,0.27012007995826187
0.5105569000853717,1.0,,49.91489361702128,held-out,zero,60,1.0,,99.74468085106383,0.85,,6.808510638297872,0.03929309612324392,,50.0,0.11826857560871544,0.010000000000005116,horizon,0,0.05828985666757757,1.0,1.0,100/50/50 Hz,1.0,4700,transition,911,13,0.06666651669323918,0.049418873070185845,0.0430553131143678,flight,0.3891120335948367
0.43121272141944794,1.0,,49.714285714285715,held-out,zero,25,1.0,,100.0,0.85,,10.0,0.04258170967512417,,50.0,0.06616937080988662,0.010000000000001563,horizon,0,0.05317643421008742,1.0,1.0,100/50/50 Hz,1.0,700,transition,911,18,0.03442367464939999,0.050327667386955564,0.03185170570696635,before_outage,0.28867723123805766
0.505467948972346,1.0,,49.93333333333333,held-out,zero,40,1.0,,100.0,0.85,,0.13333333333333333,0.032019931623009194,,50.0,0.08028279911502083,0.010000000000005116,horizon,0,0.05824840269241744,1.0,1.0,100/50/50 Hz,1.0,1500,transition,911,25,0.017982060761116803,0.05206806752214719,0.048657994153847306,outage_window,0.42089291180593824
0.41127918776385763,1.0,,49.95,held-out,zero,60,1.0,,100.0,0.85,,9.9,0.043331878643439375,,50.0,0.11826857560871544,0.010000000000005116,horizon,0,0.06256913663243811,1.0,1.0,100/50/50 Hz,1.0,2000,transition,911,40,0.06666651669323918,0.04736062155715182,0.045135852181596735,after_return,0.2743907122397129
0.3389273619029189,1.0,,49.95744680851064,held-out,nominal,60,1.0,,99.72340425531915,0.85,,10.0,0.04570143384328786,,50.0,0.1263115823293052,0.010000000000005116,retrodiction,0,0.06655387761756659,1.0,1.0,100/50/50 Hz,1.0,4700,gps,911,13,0.02539468139218851,0.034086840347324884,0.048381789658936906,flight,0.2659264840146822
0.32418815589382627,1.0,,49.857142857142854,held-out,nominal,25,1.0,,100.0,0.85,,10.0,0.0426190944935412,,50.0,0.0893911392151436,0.010000000000001563,retrodiction,0,0.05784320956530896,1.0,1.0,100/50/50 Hz,1.0,700,gps,911,18,0.06483241244324014,0.037619342309254136,0.039108179161996985,before_outage,0.2380158088223335
0.2821776194918732,1.0,,49.93333333333333,held-out,nominal,40,1.0,,100.0,0.85,,10.0,0.0428269936659393,,50.0,0.0920368494225225,0.010000000000005116,retrodiction,0,0.06697492167818672,1.0,1.0,100/50/50 Hz,1.0,1500,gps,911,25,0.04529115445371257,0.032181127971216396,0.051492608667039204,outage_window,0.2230599478697493
0.33158664697772494,1.0,,50.0,held-out,nominal,60,1.0,,100.0,0.85,,10.0,0.04775570441455825,,50.0,0.1263115823293052,0.010000000000005116,retrodiction,0,0.07116384812242016,1.0,1.0,100/50/50 Hz,1.0,2000,gps,911,40,0.02539468139218851,0.032384617784809555,0.052760647981807664,after_return,0.28881345370198885
0.4883389176010725,1.0,,49.91489361702128,held-out,nominal,60,1.0,,99.74468085106383,0.85,,10.0,0.03880868409513578,,50.0,0.0893399124206756,0.010000000000005116,horizon,0,0.056001356364192866,1.0,1.0,100/50/50 Hz,1.0,4700,gps,911,13,0.06591056141967712,0.04718504070703301,0.040373728505468505,flight,0.34592110303059265
0.43322416771408156,1.0,,49.714285714285715,held-out,nominal,25,1.0,,100.0,0.85,,10.0,0.04257191649084191,,50.0,0.06615703809653081,0.010000000000001563,horizon,0,0.053197595294761424,1.0,1.0,100/50/50 Hz,1.0,700,gps,911,18,0.03442384287570382,0.0503289676667592,0.03190009516352584,before_outage,0.28878802990844415
0.36232430343192046,1.0,,49.93333333333333,held-out,nominal,40,1.0,,100.0,0.85,,10.0,0.03667546220749231,,50.0,0.07624023145140668,0.010000000000005116,horizon,0,0.054616645781761126,1.0,1.0,100/50/50 Hz,1.0,1500,gps,911,25,0.02177654780422176,0.04501349601217618,0.04047083478651225,outage_window,0.284419021087093
0.45531521018420673,1.0,,49.95,held-out,nominal,60,1.0,,100.0,0.85,,10.0,0.03936300727048609,,50.0,0.0893399124206756,0.010000000000005116,horizon,0,0.060082742342942745,1.0,1.0,100/50/50 Hz,1.0,2000,gps,911,40,0.06591056141967712,0.047424052180853736,0.045392615986216356,after_return,0.2673417740416326
0.9617997354817642,1.0,,49.93617021276596,held-out,nominal,60,1.0,,99.76595744680851,0.85,,0.0,0.4692093802940579,,50.0,0.6116982389894564,0.010000000000005116,retrodiction,0,0.4720233696748117,1.0,1.0,100/50/50 Hz,1.0,4700,denied,911,13,0.5416352348955392,0.06531216393766706,0.051464735141941005,flight,0.8912645062674731
0.7948717275790693,1.0,,49.714285714285715,held-out,nominal,25,1.0,,100.0,0.85,,0.0,0.41200033874087627,,50.0,0.46638616595256005,0.010000000000001563,retrodiction,0,0.4140796381251694,1.0,1.0,100/50/50 Hz,1.0,700,denied,911,18,0.43176376919960097,0.058229230875184876,0.041444753434837285,before_outage,0.7153373855708997
1.0549962562391446,1.0,,49.93333333333333,held-out,nominal,40,1.0,,100.0,0.85,,0.0,0.4536682469735045,,50.0,0.5335626260516836,0.010000000000005116,retrodiction,0,0.45689525401262004,1.0,1.0,100/50/50 Hz,1.0,1500,denied,911,25,0.47827887564243954,0.07053218777631536,0.054206962903707676,outage_window,0.9765476400521104
0.927870907944912,1.0,,50.0,held-out,nominal,60,1.0,,100.0,0.85,,0.0,0.5060462518249539,,50.0,0.6116982389894564,0.010000000000005116,retrodiction,0,0.5091879112949518,1.0,1.0,100/50/50 Hz,1.0,2000,denied,911,40,0.5416352348955392,0.06429080893861797,0.05647583574265322,after_return,0.8604161839261156
1.1820953497185736,1.0,,49.95744680851064,held-out,nominal,60,1.0,,99.74468085106383,0.85,,0.0,0.46715998159501176,,50.0,0.6282960142986185,0.010000000000005116,horizon,0,0.4697398126210646,1.0,1.0,100/50/50 Hz,1.0,4700,denied,911,13,0.4665973408387697,0.07623436536187016,0.04916343313298198,flight,1.1025387308785732
1.0534826982032353,1.0,,49.857142857142854,held-out,nominal,25,1.0,,100.0,0.85,,0.0,0.4648345379087872,,50.0,0.5547257208083657,0.010000000000001563,horizon,0,0.4664872581406855,1.0,1.0,100/50/50 Hz,1.0,700,denied,911,18,0.4927699343370112,0.06961923105481631,0.03923282267105925,before_outage,0.9842054550597306
1.2676211562181647,1.0,,49.93333333333333,held-out,nominal,40,1.0,,100.0,0.85,,0.0,0.4562700162646404,,50.0,0.581353263167057,0.010000000000005116,horizon,0,0.45903824157824424,1.0,1.0,100/50/50 Hz,1.0,1500,denied,911,25,0.5219181171774461,0.08316731961245179,0.05033666148158062,outage_window,1.1695434222022971
1.071123488638243,1.0,,50.0,held-out,nominal,60,1.0,,100.0,0.85,,0.0,0.47044251895608635,,50.0,0.574553096534432,0.010000000000005116,horizon,0,0.47362034747704257,1.0,1.0,100/50/50 Hz,1.0,2000,denied,911,40,0.4665973408387697,0.07203303387395679,0.05477289386664613,after_return,1.0052246661860962
0.40775122441006223,1.0,,49.95744680851064,held-out,nominal,60,1.0,,99.72340425531915,0.85,,6.808510638297872,0.04854337431332798,,50.0,0.12523721588785136,0.010000000000005116,retrodiction,0,0.0691397382120319,1.0,1.0,100/50/50 Hz,1.0,4700,transition,911,13,0.025797651205774357,0.040107315907221455,0.04923255234399729,flight,0.328605074515682
0.32418815589382627,1.0,,49.857142857142854,held-out,nominal,25,1.0,,100.0,0.85,,10.0,0.0426190944935412,,50.0,0.0893911392151436,0.010000000000001563,retrodiction,0,0.05784320956530896,1.0,1.0,100/50/50 Hz,1.0,700,transition,911,18,0.06483241244324014,0.037619342309254136,0.039108179161996985,before_outage,0.2380158088223335
0.4779676212137716,1.0,,49.93333333333333,held-out,nominal,40,1.0,,100.0,0.85,,0.06666666666666667,0.05025111816579383,,50.0,0.07994842621101148,0.010000000000005116,retrodiction,0,0.07373638094600704,1.0,1.0,100/50/50 Hz,1.0,1500,transition,911,25,0.03691761373622442,0.04931394321407519,0.05396182908410441,outage_window,0.40535863165089897
0.3450984514791526,1.0,,50.0,held-out,nominal,60,1.0,,100.0,0.85,,9.95,0.04890561626350236,,50.0,0.12523721588785136,0.010000000000005116,retrodiction,0,0.07193964270693075,1.0,1.0,100/50/50 Hz,1.0,2000,transition,911,40,0.025797651205774357,0.03242361972519024,0.05275938675428201,after_return,0.2916584326479405
0.5128009542656862,1.0,,49.91489361702128,held-out,nominal,60,1.0,,99.74468085106383,0.85,,6.808510638297872,0.03932735047237704,,50.0,0.11824402508469739,0.010000000000005116,horizon,0,0.05847146210667657,1.0,1.0,100/50/50 Hz,1.0,4700,transition,911,13,0.0666673811877134,0.04944995003309394,0.043269751394193846,flight,0.3908465532573395
0.43322416771408156,1.0,,49.714285714285715,held-out,nominal,25,1.0,,100.0,0.85,,10.0,0.04257191649084191,,50.0,0.06615703809653081,0.010000000000001563,horizon,0,0.053197595294761424,1.0,1.0,100/50/50 Hz,1.0,700,transition,911,18,0.03442384287570382,0.0503289676667592,0.03190009516352584,before_outage,0.28878802990844415
0.509465999216923,1.0,,49.93333333333333,held-out,nominal,40,1.0,,100.0,0.85,,0.13333333333333333,0.032176207428740645,,50.0,0.08057466326156286,0.010000000000005116,horizon,0,0.058544155463229344,1.0,1.0,100/50/50 Hz,1.0,1500,transition,911,25,0.01835956944672121,0.05215290312886729,0.04890919969091113,outage_window,0.4236489488185173
0.41067715494267676,1.0,,49.95,held-out,nominal,60,1.0,,100.0,0.85,,9.9,0.04332458423296043,,50.0,0.11824402508469739,0.010000000000005116,horizon,0,0.06277811514634413,1.0,1.0,100/50/50 Hz,1.0,2000,transition,911,40,0.0666673811877134,0.0473613890180532,0.04543206073213891,after_return,0.27444041031883687
0.43512802618623814,1.0,,49.95744680851064,held-out,stress,60,1.0,,99.65957446808511,0.85,,10.0,0.049279353850152585,,50.0,0.1461526788968374,0.010000000000005116,retrodiction,0,0.06937287775529011,1.0,1.0,100/50/50 Hz,1.0,4700,gps,911,13,0.03601881025715881,0.03766249612228178,0.048827670968026704,flight,0.3638727316358418
0.4022364823331655,1.0,,49.857142857142854,held-out,stress,25,1.0,,100.0,0.85,,10.0,0.048939488523596454,,50.0,0.12539901700230724,0.010000000000001563,retrodiction,0,0.06286704537437772,1.0,1.0,100/50/50 Hz,1.0,700,gps,911,18,0.08449674879122708,0.04033354426528221,0.0394612703438807,before_outage,0.28815032733355955
0.3600530213533188,1.0,,49.93333333333333,held-out,stress,40,1.0,,100.0,0.85,,10.0,0.04662777488578123,,50.0,0.09564509431539643,0.010000000000005116,retrodiction,0,0.06973314118502011,1.0,1.0,100/50/50 Hz,1.0,1500,gps,911,25,0.032030540055263214,0.036900354197596116,0.051851341243316515,outage_window,0.3236581774046115
0.41026516473115754,1.0,,50.0,held-out,stress,60,1.0,,100.0,0.85,,10.0,0.05253063782512826,,50.0,0.1461526788968374,0.010000000000005116,retrodiction,0,0.0748333792096152,1.0,1.0,100/50/50 Hz,1.0,2000,gps,911,40,0.03601881025715881,0.03584184431841585,0.05329696739604678,after_return,0.3448007807166308
0.4888942273745199,1.0,,49.91489361702128,held-out,stress,60,1.0,,99.74468085106383,0.85,,10.0,0.03880425873940285,,50.0,0.0893363753410703,0.010000000000005116,horizon,0,0.06087882148222732,1.0,1.0,100/50/50 Hz,1.0,4700,gps,911,13,0.06591107975976156,0.047186311011196705,0.04690906531524989,flight,0.34648303803864267
0.4341021127861962,1.0,,49.714285714285715,held-out,stress,25,1.0,,100.0,0.85,,10.0,0.04256444362076743,,50.0,0.06614840236020092,0.010000000000001563,horizon,0,0.05553695181134066,1.0,1.0,100/50/50 Hz,1.0,700,gps,911,18,0.034422261793909795,0.05033059698965901,0.03567381610859266,before_outage,0.288840105127497
0.3625561753551404,1.0,,49.93333333333333,held-out,stress,40,1.0,,100.0,0.85,,10.0,0.036675038767084826,,50.0,0.07623928017859241,0.010000000000005116,horizon,0,0.059743171653960765,1.0,1.0,100/50/50 Hz,1.0,1500,gps,911,25,0.02177709921418411,0.0450131066423679,0.04716129865374199,outage_window,0.28438699199982953
0.45484174371791364,1.0,,49.95,held-out,stress,60,1.0,,100.0,0.85,,10.0,0.039359968374328286,,50.0,0.0893363753410703,0.010000000000005116,horizon,0,0.06666554812167547,1.0,1.0,100/50/50 Hz,1.0,2000,gps,911,40,0.06591107975976156,0.04742392923861452,0.05380602378856205,after_return,0.2673279188326506
0.9354523950735065,1.0,,49.93617021276596,held-out,stress,60,1.0,,99.74468085106383,0.85,,0.0,0.49548834523937085,,50.0,0.6766966233933656,0.010000000000005116,retrodiction,0,0.49823041059913187,1.0,1.0,100/50/50 Hz,1.0,4700,denied,911,13,0.4570671129949806,0.06580745683629664,0.052200017028058536,flight,0.8639625001352458
0.7584790267979012,1.0,,49.714285714285715,held-out,stress,25,1.0,,100.0,0.85,,0.0,0.479507764674101,,50.0,0.5439974835188032,0.010000000000001563,retrodiction,0,0.4812780285819824,1.0,1.0,100/50/50 Hz,1.0,700,denied,911,18,0.4692197874727874,0.06022147622101096,0.04124129499671933,before_outage,0.6614365451995409
1.01798380771262,1.0,,49.93333333333333,held-out,stress,40,1.0,,100.0,0.85,,0.0,0.5126269255976903,,50.0,0.6766966233933656,0.010000000000005116,retrodiction,0,0.5155619853497756,1.0,1.0,100/50/50 Hz,1.0,1500,denied,911,25,0.6016044010333836,0.07010885619947077,0.054934469052337835,outage_window,0.9453886096756395
0.9545113114501698,1.0,,50.0,held-out,stress,60,1.0,,100.0,0.85,,0.0,0.4830749416961149,,50.0,0.6067614715447087,0.010000000000005116,retrodiction,0,0.48648570220851833,1.0,1.0,100/50/50 Hz,1.0,2000,denied,911,40,0.4570671129949806,0.06620399339668609,0.05750599237132054,after_return,0.88329612663155
1.1907975853887702,1.0,,49.95744680851064,held-out,stress,60,1.0,,99.74468085106383,0.85,,0.0,0.507731105810389,,50.0,0.6718252746948623,0.010000000000005116,horizon,0,0.5108557047989868,1.0,1.0,100/50/50 Hz,1.0,4700,denied,911,13,0.51042169542886,0.07656946500431301,0.05641520467240175,flight,1.110586121279472
1.060497262021427,1.0,,49.857142857142854,held-out,stress,25,1.0,,100.0,0.85,,0.0,0.507890246457707,,50.0,0.6004315539782087,0.010000000000001563,horizon,0,0.5096406979600743,1.0,1.0,100/50/50 Hz,1.0,700,denied,911,18,0.5370641028929243,0.0698487463062243,0.04220353741526183,before_outage,0.9901921326720189
1.2760051556105456,1.0,,49.93333333333333,held-out,stress,40,1.0,,100.0,0.85,,0.0,0.49524406051366426,,50.0,0.6205786352468406,0.010000000000005116,horizon,0,0.49859232405252213,1.0,1.0,100/50/50 Hz,1.0,1500,denied,911,25,0.5633306470718792,0.08351767217600058,0.05768557991416328,outage_window,1.1772689856564758
1.0802185608659094,1.0,,50.0,held-out,stress,60,1.0,,100.0,0.85,,0.0,0.5114624853516554,,50.0,0.6154451392844622,0.010000000000005116,horizon,0,0.5154407220587206,1.0,1.0,100/50/50 Hz,1.0,2000,denied,911,40,0.51042169542886,0.07239023139772999,0.0639160702352938,after_return,1.0136532925757753
0.4699812358236757,1.0,,49.95744680851064,held-out,stress,60,1.0,,99.65957446808511,0.85,,6.808510638297872,0.05336927823279588,,50.0,0.146188607697145,0.010000000000005116,retrodiction,0,0.07300597970987477,1.0,1.0,100/50/50 Hz,1.0,4700,transition,911,13,0.03870243294732946,0.04289182607132374,0.04981559208028212,flight,0.40296427677025237
0.4022364823331655,1.0,,49.857142857142854,held-out,stress,25,1.0,,100.0,0.85,,10.0,0.048939488523596454,,50.0,0.12539901700230724,0.010000000000001563,retrodiction,0,0.06286704537437772,1.0,1.0,100/50/50 Hz,1.0,700,transition,911,18,0.08449674879122708,0.04033354426528221,0.0394612703438807,before_outage,0.28815032733355955
0.4450198025715426,1.0,,49.93333333333333,held-out,stress,40,1.0,,100.0,0.85,,0.06666666666666667,0.05557937122427701,,50.0,0.08812460808688886,0.010000000000005116,retrodiction,0,0.07801237208774113,1.0,1.0,100/50/50 Hz,1.0,1500,transition,911,25,0.03540100076475574,0.05088747424395222,0.054743617829571496,outage_window,0.4034642692773987
0.43720382343537995,1.0,,50.0,held-out,stress,60,1.0,,100.0,0.85,,9.95,0.05531608410464397,,50.0,0.146188607697145,0.010000000000005116,retrodiction,0,0.07679987602254786,1.0,1.0,100/50/50 Hz,1.0,2000,transition,911,40,0.03870243294732946,0.0367918426743435,0.053276184138944076,after_return,0.3818527989673206
0.514016210558775,1.0,,49.91489361702128,held-out,stress,60,1.0,,99.74468085106383,0.85,,6.808510638297872,0.039349220341753255,,50.0,0.11825309282533338,0.010000000000005116,horizon,0,0.06366054379876762,1.0,1.0,100/50/50 Hz,1.0,4700,transition,911,13,0.06666830253599486,0.04946980235682433,0.05004301844664213,flight,0.3919085880493357
0.4341021127861962,1.0,,49.714285714285715,held-out,stress,25,1.0,,100.0,0.85,,10.0,0.04256444362076743,,50.0,0.06614840236020092,0.010000000000001563,horizon,0,0.05553695181134066,1.0,1.0,100/50/50 Hz,1.0,700,transition,911,18,0.034422261793909795,0.05033059698965901,0.03567381610859266,before_outage,0.288840105127497
0.5114442640417739,1.0,,49.93333333333333,held-out,stress,40,1.0,,100.0,0.85,,0.13333333333333333,0.032270955600378244,,50.0,0.08076592261545909,0.010000000000005116,horizon,0,0.06488476191361674,1.0,1.0,100/50/50 Hz,1.0,1500,transition,911,25,0.01852829148146756,0.052206563123196076,0.05629047657663901,outage_window,0.4252166771790515
0.41047935836977606,1.0,,49.95,held-out,stress,60,1.0,,100.0,0.85,,9.9,0.04332468172447699,,50.0,0.11825309282533338,0.010000000000005116,horizon,0,0.06912181796546321,1.0,1.0,100/50/50 Hz,1.0,2000,transition,911,40,0.06666830253599486,0.0473623949242733,0.053859053763721125,after_return,0.2744769711162029
0.3490740174820836,1.0,,25.0,held-out,zero,60,1.0,,25.0,0.85,,10.0,0.034335689149125694,,25.0,0.0675798493860685,0.010000000000005116,retrodiction,0,0.07878625355247881,1.0,1.0,25/25/25 Hz,1.0,4700,gps,101,13,0.04842749031648869,0.047150189077996785,0.07091074812389227,flight,0.25861889551353673
0.3256214087114953,1.0,,25.0,held-out,zero,25,1.0,,25.0,0.85,,10.0,0.04873148236786891,,25.0,0.0675798493860685,0.010000000000001563,retrodiction,0,0.07313306225654206,1.0,1.0,25/25/25 Hz,1.0,700,gps,101,18,0.04422716404338945,0.04925328388486995,0.05453152685602466,before_outage,0.25783518948109657
0.3130043877559618,1.0,,25.0,held-out,zero,40,1.0,,25.0,0.85,,10.0,0.027878294764225885,,25.0,0.0449292170763436,0.010000000000005116,retrodiction,0,0.07724618410989184,1.0,1.0,25/25/25 Hz,1.0,1500,gps,101,25,0.02394245557691033,0.04650969941414799,0.07204008356865114,outage_window,0.2367951449937705
0.37184350846776754,1.0,,25.0,held-out,zero,60,1.0,,25.0,0.85,,10.0,0.03365339170180776,,25.0,0.06282880670798824,0.010000000000005116,retrodiction,0,0.0847372536096526,1.0,1.0,25/25/25 Hz,1.0,2000,gps,101,40,0.04842749031648869,0.046663987832026334,0.07776793282755612,after_return,0.26850602505773624
0.3533593759594775,1.0,,25.0,held-out,zero,60,1.0,,25.0,0.85,,10.0,0.03607364809773437,,25.0,0.08013678268916892,0.010000000000005116,horizon,0,0.09453246349828243,1.0,1.0,25/25/25 Hz,1.0,4700,gps,101,13,0.03546458019128676,0.05056762577016919,0.08737893663792737,flight,0.26177651666895646
0.3255454238105744,1.0,,25.0,held-out,zero,25,1.0,,25.0,0.85,,10.0,0.049638377577027035,,25.0,0.08013678268916892,0.010000000000001563,horizon,0,0.08118118818061033,1.0,1.0,25/25/25 Hz,1.0,700,gps,101,18,0.053653431297760984,0.05207876718184898,0.0642371916099713,before_outage,0.25342389218315375
0.3237186898766448,1.0,,25.0,held-out,zero,40,1.0,,25.0,0.85,,10.0,0.029790920184091525,,25.0,0.05419078326413057,0.010000000000005116,horizon,0,0.09072128203333577,1.0,1.0,25/25/25 Hz,1.0,1500,gps,101,25,0.022636995579895857,0.04950193653993602,0.08569044338989698,outage_window,0.23905982972379006
0.3669631252904942,1.0,,25.0,held-out,zero,60,1.0,,25.0,0.85,,10.0,0.035492254730812446,,25.0,0.07534997431161113,0.010000000000005116,horizon,0,0.10495833479938155,1.0,1.0,25/25/25 Hz,1.0,2000,gps,101,40,0.03546458019128676,0.05013104805773687,0.09877525954398797,after_return,0.2663115341403946
0.5885186876882098,1.0,,24.97872340425532,held-out,zero,60,1.0,,25.0,0.85,,0.0,0.26088237580167967,,25.0,0.43959223006621584,0.010000000000005116,retrodiction,0,0.27225106557517476,1.0,1.0,25/25/25 Hz,1.0,4700,denied,101,13,0.2849279769796387,0.06484731080228756,0.07785260883804258,flight,0.5228317933284307
0.8641495457026186,1.0,,25.0,held-out,zero,25,1.0,,25.0,0.85,,0.0,0.30882525336123423,,25.0,0.43959223006621584,0.010000000000001563,retrodiction,0,0.31510874286630103,1.0,1.0,25/25/25 Hz,1.0,700,denied,101,18,0.2887002597621939,0.0826072831068781,0.06261375820975885,before_outage,0.7732362909064272
0.4860497292775286,1.0,,25.0,held-out,zero,40,1.0,,25.0,0.85,,0.0,0.22276974644896524,,25.0,0.30613856508648096,0.010000000000005116,retrodiction,0,0.2361504141476729,1.0,1.0,25/25/25 Hz,1.0,1500,denied,101,25,0.2366988747946467,0.05879636762211171,0.07836235173334942,outage_window,0.3967479026550944
0.48585464904724474,1.0,,25.0,held-out,zero,60,1.0,,25.0,0.85,,0.0,0.2650052588049366,,25.0,0.3358368286759132,0.010000000000005116,retrodiction,0,0.27804681186011326,1.0,1.0,25/25/25 Hz,1.0,2000,denied,101,40,0.2849279769796387,0.05441927348239831,0.08415605974201627,after_return,0.44743819634877147
0.6028392220009465,1.0,,24.97872340425532,held-out,zero,60,1.0,,25.0,0.85,,0.0,0.251884885880948,,25.0,0.4093303261827022,0.010000000000005116,horizon,0,0.27097656765701084,1.0,1.0,25/25/25 Hz,1.0,4700,denied,101,13,0.29664644846954263,0.06782609923347019,0.09991148324350102,flight,0.53343159799976
0.8774205489187681,1.0,,25.0,held-out,zero,25,1.0,,25.0,0.85,,0.0,0.28145391135982206,,25.0,0.4093303261827022,0.010000000000001563,horizon,0,0.29283811191219533,1.0,1.0,25/25/25 Hz,1.0,700,denied,101,18,0.2324024714953477,0.0861801578517732,0.08085700692306648,before_outage,0.7833063388494536
0.5151902889056081,1.0,,25.0,held-out,zero,40,1.0,,25.0,0.85,,0.0,0.21205055061406247,,25.0,0.2862729724518657,0.010000000000005116,horizon,0,0.23334111576210403,1.0,1.0,25/25/25 Hz,1.0,1500,denied,101,25,0.23551120603777334,0.06252955596222609,0.09737884929170489,outage_window,0.420886142624696
0.5033792142529466,1.0,,25.0,held-out,zero,60,1.0,,25.0,0.85,,0.0,0.2719562867950488,,25.0,0.3459753700519833,0.010000000000005116,horizon,0,0.2934058930383212,1.0,1.0,25/25/25 Hz,1.0,2000,denied,101,40,0.29664644846954263,0.05687515202526033,0.11012173328759388,after_return,0.4618742914588495
0.34237497455432064,1.0,,25.0,held-out,zero,60,1.0,,25.0,0.85,,6.808510638297872,0.03590504011805908,,25.0,0.07180138153753725,0.010000000000005116,retrodiction,0,0.08129063676929774,1.0,1.0,25/25/25 Hz,1.0,4700,transition,101,13,0.04885774826966887,0.050062399100138925,0.07293144534752119,flight,0.2728717231938783
0.3256214087114953,1.0,,25.0,held-out,zero,25,1.0,,25.0,0.85,,10.0,0.04873148236786891,,25.0,0.0675798493860685,0.010000000000001563,retrodiction,0,0.07313306225654206,1.0,1.0,25/25/25 Hz,1.0,700,transition,101,18,0.04422716404338945,0.04925328388486995,0.05453152685602466,before_outage,0.25783518948109657
0.3089661538791584,1.0,,25.0,held-out,zero,40,1.0,,25.0,0.85,,0.0,0.02823659913894248,,25.0,0.049237603914871024,0.010000000000005116,retrodiction,0,0.08304063868664148,1.0,1.0,25/25/25 Hz,1.0,1500,transition,101,25,0.01025480820158605,0.05503703941672071,0.07809252296188164,outage_window,0.2700752651274613
0.35953585696742135,1.0,,25.0,held-out,zero,60,1.0,,25.0,0.85,,10.0,0.03710144406773287,,25.0,0.07180138153753725,0.010000000000005116,retrodiction,0,0.0861737879289564,1.0,1.0,25/25/25 Hz,1.0,2000,transition,101,40,0.04885774826966887,0.04683351628007762,0.07777791829377821,after_return,0.2779312473644947
0.34344195023450114,1.0,,25.0,held-out,zero,60,1.0,,25.0,0.85,,6.808510638297872,0.03687800257469487,,25.0,0.08013678268916892,0.010000000000005116,horizon,0,0.09821961729391054,1.0,1.0,25/25/25 Hz,1.0,4700,transition,101,13,0.035696006275730184,0.05330899285014554,0.09103354407833988,flight,0.27121674210234115
0.3255454238105744,1.0,,25.0,held-out,zero,25,1.0,,25.0,0.85,,10.0,0.049638377577027035,,25.0,0.08013678268916892,0.010000000000001563,horizon,0,0.08118118818061033,1.0,1.0,25/25/25 Hz,1.0,700,transition,101,18,0.053653431297760984,0.05207876718184898,0.0642371916099713,before_outage,0.25342389218315375
0.2978729489753832,1.0,,25.0,held-out,zero,40,1.0,,25.0,0.85,,0.13333333333333333,0.028491283085556676,,25.0,0.05978514743520456,0.010000000000005116,horizon,0,0.1007122771971154,1.0,1.0,25/25/25 Hz,1.0,1500,transition,101,25,0.01463607198160991,0.05778775375928284,0.09659818614429197,outage_window,0.25677684396776307
0.36120830620535505,1.0,,25.0,held-out,zero,60,1.0,,25.0,0.85,,9.9,0.03813666280718764,,25.0,0.07660548097616948,0.010000000000005116,horizon,0,0.10607522637892793,1.0,1.0,25/25/25 Hz,1.0,2000,transition,101,40,0.035696006275730184,0.050155559732945935,0.0989825671584228,after_return,0.2759664453768785
0.38472955742810544,1.0,,25.0,held-out,nominal,60,1.0,,25.0,0.85,,10.0,0.043940908545268664,,25.0,0.09584937175796496,0.010000000000005116,retrodiction,0,0.08404531865027662,1.0,1.0,25/25/25 Hz,1.0,4700,gps,101,13,0.03330386318394405,0.042758521415492405,0.07164364691473256,flight,0.29442096084702846
0.34075166269099694,1.0,,25.0,held-out,nominal,25,1.0,,25.0,0.85,,10.0,0.05396226834945732,,25.0,0.09394927153637021,0.010000000000001563,retrodiction,0,0.07812015349094499,1.0,1.0,25/25/25 Hz,1.0,700,gps,101,18,0.02994823969391889,0.048423475283410344,0.05648744972142008,before_outage,0.2689680829373438
0.37842044717946716,1.0,,25.0,held-out,nominal,40,1.0,,25.0,0.85,,10.0,0.04079471116907171,,25.0,0.07800564253221969,0.010000000000005116,retrodiction,0,0.08308123705108843,1.0,1.0,25/25/25 Hz,1.0,1500,gps,101,25,0.031110461616037817,0.04015071967320931,0.07237598697476369,outage_window,0.2694529479959852
0.2931277412142451,1.0,,25.0,held-out,nominal,60,1.0,,25.0,0.85,,10.0,0.03962369451416588,,25.0,0.08495707766748037,0.010000000000005116,retrodiction,0,0.08753159866105473,1.0,1.0,25/25/25 Hz,1.0,2000,gps,101,40,0.03330386318394405,0.03910042095135495,0.07804962265897267,after_return,0.22904170364903256
0.35337653125530527,1.0,,25.0,held-out,nominal,60,1.0,,25.0,0.85,,10.0,0.03607240739379966,,25.0,0.08012898111682061,0.010000000000005116,horizon,0,0.08966824370733079,1.0,1.0,25/25/25 Hz,1.0,4700,gps,101,13,0.0354664980421709,0.05056824898983517,0.08209248049835634,flight,0.2620637272492628
0.32533274302026194,1.0,,25.0,held-out,nominal,25,1.0,,25.0,0.85,,10.0,0.0496345457420172,,25.0,0.08012898111682061,0.010000000000001563,horizon,0,0.07744743319337691,1.0,1.0,25/25/25 Hz,1.0,700,gps,101,18,0.05365584727841434,0.052079946182316005,0.059451802136068016,before_outage,0.25346363471127487
0.3234051245229422,1.0,,25.0,held-out,nominal,40,1.0,,25.0,0.85,,10.0,0.02978998930950823,,25.0,0.054193163617152824,0.010000000000005116,horizon,0,0.0856531320058437,1.0,1.0,25/25/25 Hz,1.0,1500,gps,101,25,0.022639411449483993,0.049500183596364294,0.08030576292738816,outage_window,0.23901179431911398
0.3667433457080855,1.0,,25.0,held-out,nominal,60,1.0,,25.0,0.85,,10.0,0.03549326583834892,,25.0,0.07535535475687759,0.010000000000005116,horizon,0,0.09980657664499507,1.0,1.0,25/25/25 Hz,1.0,2000,gps,101,40,0.0354664980421709,0.05013111206422808,0.09328226423989486,after_return,0.2662946524350461
0.5900445233379008,1.0,,24.97872340425532,held-out,nominal,60,1.0,,25.0,0.85,,0.0,0.1432312529228467,,25.0,0.24028812375746875,0.010000000000005116,retrodiction,0,0.16323438374929405,1.0,1.0,25/25/25 Hz,1.0,4700,denied,101,13,0.23492850045232538,0.06628062460125046,0.07829605497190338,flight,0.5177238292871345
0.8913565564860215,1.0,,25.0,held-out,nominal,25,1.0,,25.0,0.85,,0.0,0.1342741621130654,,25.0,0.18533008898214273,0.010000000000001563,retrodiction,0,0.14849231981967026,1.0,1.0,25/25/25 Hz,1.0,700,denied,101,18,0.1115345576197287,0.08668746927818305,0.06340676962487107,before_outage,0.8161238810531937
0.4754683358245141,1.0,,25.0,held-out,nominal,40,1.0,,25.0,0.85,,0.0,0.13478956407089093,,25.0,0.17290361483247457,0.010000000000005116,retrodiction,0,0.15611902442529904,1.0,1.0,25/25/25 Hz,1.0,1500,denied,101,25,0.13310051178740323,0.05956117716315515,0.07877133492004762,outage_window,0.3861365370283053
0.4901475762258852,1.0,,25.0,held-out,nominal,60,1.0,,25.0,0.85,,0.0,0.15983053310399215,,25.0,0.24028812375746875,0.010000000000005116,retrodiction,0,0.18078386890793965,1.0,1.0,25/25/25 Hz,1.0,2000,denied,101,40,0.23492850045232538,0.055063820824666154,0.08448081406459562,after_return,0.4395172803985888
0.6034284644451524,1.0,,24.97872340425532,held-out,nominal,60,1.0,,25.0,0.85,,0.0,0.23473865237002847,,25.0,0.39767657294546227,0.010000000000005116,horizon,0,0.2531036079892259,1.0,1.0,25/25/25 Hz,1.0,4700,denied,101,13,0.2763206907608933,0.0678161208306578,0.09465305837988881,flight,0.5340432828426791
0.8782038930527902,1.0,,25.0,held-out,nominal,25,1.0,,25.0,0.85,,0.0,0.26872323385860925,,25.0,0.39767657294546227,0.010000000000001563,horizon,0,0.2794452668408074,1.0,1.0,25/25/25 Hz,1.0,700,denied,101,18,0.21996334772622497,0.08614848363685595,0.07666472946734523,before_outage,0.784111045650167
0.5157623129150061,1.0,,25.0,held-out,nominal,40,1.0,,25.0,0.85,,0.0,0.19466515869479786,,25.0,0.2737826966626185,0.010000000000005116,horizon,0,0.21527854584145834,1.0,1.0,25/25/25 Hz,1.0,1500,denied,101,25,0.21592605185122526,0.06252785217855335,0.09192566719878649,outage_window,0.421506633550603
0.5037790985627689,1.0,,25.0,held-out,nominal,60,1.0,,25.0,0.85,,0.0,0.25185118881856366,,25.0,0.325455036381143,0.010000000000005116,horizon,0,0.2726716606050631,1.0,1.0,25/25/25 Hz,1.0,2000,denied,101,40,0.2763206907608933,0.05687581674837978,0.10450269464372153,after_return,0.462294947894991
0.35788099951396746,1.0,,25.0,held-out,nominal,60,1.0,,25.0,0.85,,6.808510638297872,0.041962875293629034,,25.0,0.10433928129799365,0.010000000000005116,retrodiction,0,0.08475454157466225,1.0,1.0,25/25/25 Hz,1.0,4700,transition,101,13,0.033124439830729796,0.04789137409085242,0.07363728277593146,flight,0.2758641236968954
0.34075166269099694,1.0,,25.0,held-out,nominal,25,1.0,,25.0,0.85,,10.0,0.05396226834945732,,25.0,0.09394927153637021,0.010000000000001563,retrodiction,0,0.07812015349094499,1.0,1.0,25/25/25 Hz,1.0,700,transition,101,18,0.02994823969391889,0.048423475283410344,0.05648744972142008,before_outage,0.2689680829373438
0.28565067495516067,1.0,,25.0,held-out,nominal,40,1.0,,25.0,0.85,,0.06666666666666667,0.027740143367686106,,25.0,0.055994907470140944,0.010000000000005116,retrodiction,0,0.08311161492399766,1.0,1.0,25/25/25 Hz,1.0,1500,transition,101,25,0.024228320565392127,0.05520765282390385,0.07834554857306884,outage_window,0.20193824887307368
0.2920168055828719,1.0,,25.0,held-out,nominal,60,1.0,,25.0,0.85,,9.95,0.042915540016139085,,25.0,0.10433928129799365,0.010000000000005116,retrodiction,0,0.0891029104005252,1.0,1.0,25/25/25 Hz,1.0,2000,transition,101,40,0.033124439830729796,0.039311918694126397,0.07808703520410534,after_return,0.22684832518376685
0.343229195051893,1.0,,25.0,held-out,nominal,60,1.0,,25.0,0.85,,6.808510638297872,0.036860517328663855,,25.0,0.08012898111682061,0.010000000000005116,horizon,0,0.09331269334459437,1.0,1.0,25/25/25 Hz,1.0,4700,transition,101,13,0.03569648152106734,0.05329942177989073,0.08572374817683591,flight,0.2710746502486788
0.32533274302026194,1.0,,25.0,held-out,nominal,25,1.0,,25.0,0.85,,10.0,0.0496345457420172,,25.0,0.08012898111682061,0.010000000000001563,horizon,0,0.07744743319337691,1.0,1.0,25/25/25 Hz,1.0,700,transition,101,18,0.05365584727841434,0.052079946182316005,0.059451802136068016,before_outage,0.25346363471127487
0.2964806935919166,1.0,,25.0,held-out,nominal,40,1.0,,25.0,0.85,,0.13333333333333333,0.028423794132645324,,25.0,0.05977971518202764,0.010000000000005116,horizon,0,0.0954790508534594,1.0,1.0,25/25/25 Hz,1.0,1500,transition,101,25,0.014573141168762072,0.057756653159888975,0.09115007997244151,outage_window,0.25533759284283214
0.36111882933894895,1.0,,25.0,held-out,nominal,60,1.0,,25.0,0.85,,9.9,0.03813786169273567,,25.0,0.07660603081180971,0.010000000000005116,horizon,0,0.10096356990125628,1.0,1.0,25/25/25 Hz,1.0,2000,transition,101,40,0.03569648152106734,0.05015581319930565,0.09348339934294018,after_return,0.2759518388834791
0.4400833031443134,1.0,,24.97872340425532,held-out,stress,60,1.0,,24.97872340425532,0.85,,10.0,0.05130498140150506,,25.0,0.12879617597538637,0.010000000000005116,retrodiction,0,0.08924516320842739,1.0,1.0,25/25/25 Hz,1.0,4700,gps,101,13,0.041766328105694514,0.051235978004959534,0.07302395524408455,flight,0.35927496621694466
0.503043935398723,1.0,,25.0,held-out,stress,25,1.0,,25.0,0.85,,10.0,0.06253149017929167,,25.0,0.11488351440377922,0.010000000000001563,retrodiction,0,0.08516510767470778,1.0,1.0,25/25/25 Hz,1.0,700,gps,101,18,0.0313985890992621,0.06365886169925604,0.0578178891105661,before_outage,0.43768065508570686
0.4571453815052815,1.0,,25.0,held-out,stress,40,1.0,,25.0,0.85,,10.0,0.048308148571966136,,25.0,0.0960248618473992,0.010000000000005116,retrodiction,0,0.0877939829465183,1.0,1.0,25/25/25 Hz,1.0,1500,gps,101,25,0.03649035824549099,0.046393543019597416,0.0733082957322184,outage_window,0.3802584138238246
0.33584565509083597,1.0,,25.0,held-out,stress,60,1.0,,25.0,0.85,,10.0,0.04427670586578954,,25.0,0.10555893961698068,0.010000000000005116,retrodiction,0,0.09068452780835956,1.0,1.0,25/25/25 Hz,1.0,2000,gps,101,40,0.041766328105694514,0.04142235053093462,0.0791407410977399,after_return,0.27447289660744395
0.3533991462398988,1.0,,25.0,held-out,stress,60,1.0,,25.0,0.85,,10.0,0.036073504468274765,,25.0,0.0801261905991968,0.010000000000005116,horizon,0,0.08173091472842077,1.0,1.0,25/25/25 Hz,1.0,4700,gps,101,13,0.035469512713200986,0.0505678661812076,0.07333924391294029,flight,0.26253547440483105
0.32445565977940144,1.0,,25.0,held-out,stress,25,1.0,,25.0,0.85,,10.0,0.04963571969987636,,25.0,0.0801261905991968,0.010000000000001563,horizon,0,0.07183180366491716,1.0,1.0,25/25/25 Hz,1.0,700,gps,101,18,0.053665482286334845,0.052081039151703916,0.051924015133948495,before_outage,0.2534695227505264
0.32306461013523236,1.0,,25.0,held-out,stress,40,1.0,,25.0,0.85,,10.0,0.0297914443467304,,25.0,0.054202762860283284,0.010000000000005116,horizon,0,0.07733054408859581,1.0,1.0,25/25/25 Hz,1.0,1500,gps,101,25,0.022636148534126488,0.04949645274835472,0.07136163459992999,outage_window,0.23890425721711328
0.3663983478247743,1.0,,25.0,held-out,stress,60,1.0,,25.0,0.85,,10.0,0.03549404306270413,,25.0,0.0753581082569051,0.010000000000005116,horizon,0,0.09125256676007039,1.0,1.0,25/25/25 Hz,1.0,2000,gps,101,40,0.035469512713200986,0.05012987524485278,0.08406666311543481,after_return,0.26627636284643036
0.49218279261464887,1.0,,24.95744680851064,held-out,stress,60,1.0,,24.97872340425532,0.85,,0.0,0.18144491051983333,,25.0,0.29470060774894874,0.010000000000005116,retrodiction,0,0.19827310456507885,1.0,1.0,25/25/25 Hz,1.0,4700,denied,101,13,0.22976279721000487,0.06878378685794358,0.07993727816434808,flight,0.4207146607906648
0.7028702638893317,1.0,,24.857142857142858,held-out,stress,25,1.0,,25.0,0.85,,0.0,0.11938762397495406,,25.0,0.21794444589817114,0.010000000000001563,retrodiction,0,0.1383739574636091,1.0,1.0,25/25/25 Hz,1.0,700,denied,101,18,0.02689007607893918,0.0933020077363958,0.06995675339633531,before_outage,0.625475697746908
0.4156047403796696,1.0,,25.0,held-out,stress,40,1.0,,25.0,0.85,,0.0,0.14664682982202518,,25.0,0.22125931610112962,0.010000000000005116,retrodiction,0,0.1668255660698013,1.0,1.0,25/25/25 Hz,1.0,1500,denied,101,25,0.1834514012128852,0.06250247961699563,0.07953286614764762,outage_window,0.31409041964520584
0.44382815231842315,1.0,,25.0,held-out,stress,60,1.0,,25.0,0.85,,0.0,0.2333797438417221,,25.0,0.29470060774894874,0.010000000000005116,retrodiction,0,0.24843058512379565,1.0,1.0,25/25/25 Hz,1.0,2000,denied,101,40,0.22976279721000487,0.05619439366775881,0.08515662504657902,after_return,0.4032252683722667
0.6017483267788651,1.0,,24.97872340425532,held-out,stress,60,1.0,,25.0,0.85,,0.0,0.23793276030879795,,25.0,0.4145297734189249,0.010000000000005116,horizon,0,0.2530024568117857,1.0,1.0,25/25/25 Hz,1.0,4700,denied,101,13,0.27140283537403176,0.06776234814190044,0.08601304973453504,flight,0.5326081585282688
0.8764879241879059,1.0,,25.0,held-out,stress,25,1.0,,25.0,0.85,,0.0,0.28339263965617556,,25.0,0.4145297734189249,0.010000000000001563,horizon,0,0.2919762812868493,1.0,1.0,25/25/25 Hz,1.0,700,denied,101,18,0.23659688591114203,0.08606529723780099,0.0702763162295977,before_outage,0.7827278513587799
0.5141827132578817,1.0,,25.0,held-out,stress,40,1.0,,25.0,0.85,,0.0,0.19910857604709722,,25.0,0.2899245396610112,0.010000000000005116,horizon,0,0.2156788442776008,1.0,1.0,25/25/25 Hz,1.0,1500,denied,101,25,0.21582163736415652,0.06248424468076453,0.08290439562181783,outage_window,0.42019848432111545
0.5020630461959965,1.0,,25.0,held-out,stress,60,1.0,,25.0,0.85,,0.0,0.24667260164125024,,25.0,0.3199358580943567,0.010000000000005116,horizon,0,0.2643734249088258,1.0,1.0,25/25/25 Hz,1.0,2000,denied,101,40,0.27140283537403176,0.05682902077269702,0.09511012247684068,after_return,0.46078300290622837
0.4103410817956215,1.0,,24.97872340425532,held-out,stress,60,1.0,,24.97872340425532,0.85,,6.808510638297872,0.049437784208928776,,25.0,0.12879617597538637,0.010000000000005116,retrodiction,0,0.08978769057256684,1.0,1.0,25/25/25 Hz,1.0,4700,transition,101,13,0.041551549000739554,0.05568536099428233,0.07495155015652713,flight,0.3271455581802238
0.503043935398723,1.0,,25.0,held-out,stress,25,1.0,,25.0,0.85,,10.0,0.06253149017929167,,25.0,0.11488351440377922,0.010000000000001563,retrodiction,0,0.08516510767470778,1.0,1.0,25/25/25 Hz,1.0,700,transition,101,18,0.0313985890992621,0.06365886169925604,0.0578178891105661,before_outage,0.43768065508570686
0.3440588898543684,1.0,,25.0,held-out,stress,40,1.0,,25.0,0.85,,0.06666666666666667,0.03696043689012744,,25.0,0.06638497894886439,0.010000000000005116,retrodiction,0,0.08731018759870168,1.0,1.0,25/25/25 Hz,1.0,1500,transition,101,25,0.03620430985352397,0.060111221859188935,0.07910116916589405,outage_window,0.284531455038851
0.3482909558871635,1.0,,25.0,held-out,stress,60,1.0,,25.0,0.85,,9.95,0.047371707203770715,,25.0,0.11939555876001276,0.010000000000005116,retrodiction,0,0.09227933432490139,1.0,1.0,25/25/25 Hz,1.0,2000,transition,101,40,0.041551549000739554,0.04168977540349494,0.07919215175790556,after_return,0.26690173330117906
0.3425399361781571,1.0,,25.0,held-out,stress,60,1.0,,25.0,0.85,,6.808510638297872,0.036832478721657624,,25.0,0.0801261905991968,0.010000000000005116,horizon,0,0.08530543093295577,1.0,1.0,25/25/25 Hz,1.0,4700,transition,101,13,0.035700780989169505,0.05328259564063502,0.07694403848171685,flight,0.27071092167651106
0.32445565977940144,1.0,,25.0,held-out,stress,25,1.0,,25.0,0.85,,10.0,0.04963571969987636,,25.0,0.0801261905991968,0.010000000000001563,horizon,0,0.07183180366491716,1.0,1.0,25/25/25 Hz,1.0,700,transition,101,18,0.053665482286334845,0.052081039151703916,0.051924015133948495,before_outage,0.2534695227505264
0.29341927094554965,1.0,,25.0,held-out,stress,40,1.0,,25.0,0.85,,0.13333333333333333,0.028309093312603728,,25.0,0.05978365305852766,0.010000000000005116,horizon,0,0.08688338277267724,1.0,1.0,25/25/25 Hz,1.0,1500,transition,101,25,0.014372324740244012,0.05770603281096607,0.08214205645004174,outage_window,0.25248736600878724
0.3608252834766053,1.0,,25.0,held-out,stress,60,1.0,,25.0,0.85,,9.9,0.038137324011682655,,25.0,0.07660728584437436,0.010000000000005116,horizon,0,0.09248580035712207,1.0,1.0,25/25/25 Hz,1.0,2000,transition,101,40,0.035700780989169505,0.0501544089285945,0.08425655929911555,after_return,0.2759384393635152
0.4683610662483676,1.0,,24.95744680851064,held-out,zero,60,1.0,,24.95744680851064,0.85,,10.0,0.05012968893832999,,25.0,0.08774116984454082,0.010000000000005116,retrodiction,0,0.06987670114758374,1.0,1.0,25/25/25 Hz,1.0,4700,gps,307,13,0.03138707613860807,0.04627899030948888,0.04868025934827184,flight,0.2936179283030406
0.4272538002683724,1.0,,25.0,held-out,zero,25,1.0,,25.0,0.85,,10.0,0.0609855865211004,,25.0,0.08721808619000934,0.010000000000001563,retrodiction,0,0.07313257590857312,1.0,1.0,25/25/25 Hz,1.0,700,gps,307,18,0.08672069950168487,0.04676591794301758,0.04036250606318426,before_outage,0.305541685566373
0.4472405663737629,1.0,,24.933333333333334,held-out,zero,40,1.0,,25.0,0.85,,10.0,0.05897618119529879,,25.0,0.08774116984454082,0.010000000000005116,retrodiction,0,0.07581975954860688,1.0,1.0,25/25/25 Hz,1.0,1500,gps,307,25,0.02733228828260259,0.04548672246281083,0.04764919715617305,outage_window,0.27772758266134956
0.45105998675587533,1.0,,24.95,held-out,zero,60,1.0,,24.95,0.85,,10.0,0.039548386065762706,,25.0,0.07436524756666514,0.010000000000005116,retrodiction,0,0.06755403192163907,1.0,1.0,25/25/25 Hz,1.0,2000,gps,307,40,0.03138707613860807,0.04695432736499458,0.054767439126393494,after_return,0.2725537501368251
0.4826977054117576,1.0,,24.95744680851064,held-out,zero,60,1.0,,24.95744680851064,0.85,,10.0,0.051837507614686716,,25.0,0.10251448806696682,0.010000000000005116,horizon,0,0.07233660329984316,1.0,1.0,25/25/25 Hz,1.0,4700,gps,307,13,0.018768644045683222,0.050102798603549055,0.050452522050499896,flight,0.2963112819275908
0.43567867311346525,1.0,,25.0,held-out,zero,25,1.0,,25.0,0.85,,10.0,0.06108688234225012,,25.0,0.09064698030140027,0.010000000000001563,horizon,0,0.07225242626836698,1.0,1.0,25/25/25 Hz,1.0,700,gps,307,18,0.08241068684300468,0.050271055573718776,0.03858504771760555,before_outage,0.3068080830434605
0.47350773540331076,1.0,,24.933333333333334,held-out,zero,40,1.0,,25.0,0.85,,10.0,0.06192204832240419,,25.0,0.10251448806696682,0.010000000000005116,horizon,0,0.07873813371378369,1.0,1.0,25/25/25 Hz,1.0,1500,gps,307,25,0.02815373437461693,0.049499416654817587,0.048634901380464626,outage_window,0.2752763813489305
0.4552574606201927,1.0,,24.95,held-out,zero,60,1.0,,24.95,0.85,,10.0,0.0411533466927366,,25.0,0.08290009424674732,0.010000000000005116,horizon,0,0.0715009580608165,1.0,1.0,25/25/25 Hz,1.0,2000,gps,307,40,0.018768644045683222,0.0499487201567525,0.058470411830275876,after_return,0.2743879978444549
0.5230954502507233,1.0,,24.95744680851064,held-out,zero,60,1.0,,24.97872340425532,0.85,,0.0,0.09559255096081459,,25.0,0.2026279786436818,0.010000000000005116,retrodiction,0,0.10980709243712092,1.0,1.0,25/25/25 Hz,1.0,4700,denied,307,13,0.045132016881661186,0.059681165137531744,0.05403389445800186,flight,0.44984273668381447
0.5446970264608214,1.0,,25.0,held-out,zero,25,1.0,,25.0,0.85,,0.0,0.05592696368542562,,25.0,0.08422669760293626,0.010000000000001563,retrodiction,0,0.0742050567215364,1.0,1.0,25/25/25 Hz,1.0,700,denied,307,18,0.01158955901015288,0.06773360861996577,0.048770535941032256,before_outage,0.4902305826138263
0.5918528587501011,1.0,,24.933333333333334,held-out,zero,40,1.0,,25.0,0.85,,0.0,0.10398500721743537,,25.0,0.17007952834350157,0.010000000000005116,retrodiction,0,0.11547300996889326,1.0,1.0,25/25/25 Hz,1.0,1500,denied,307,25,0.09232631791022272,0.05784318501169764,0.050210898271849706,outage_window,0.5118685817273025
0.4976750967823994,1.0,,24.95,held-out,zero,60,1.0,,25.0,0.85,,0.0,0.08566424686425182,,25.0,0.12694429838809648,0.010000000000005116,retrodiction,0,0.10468980630316778,1.0,1.0,25/25/25 Hz,1.0,2000,denied,307,40,0.045132016881661186,0.05312786373079539,0.060179667272055516,after_return,0.42370532934013033
0.537925245928827,1.0,,24.95744680851064,held-out,zero,60,1.0,,24.97872340425532,0.85,,0.0,0.08043289348222478,,25.0,0.20955053172981478,0.010000000000005116,horizon,0,0.10205339760870533,1.0,1.0,25/25/25 Hz,1.0,4700,denied,307,13,0.0115784828978066,0.06297260351239803,0.06281278221474977,flight,0.4620685897304068
0.564061056903301,1.0,,25.0,held-out,zero,25,1.0,,25.0,0.85,,0.0,0.04271458643519535,,25.0,0.09074237727095946,0.010000000000001563,horizon,0,0.07064624803859444,1.0,1.0,25/25/25 Hz,1.0,700,denied,307,18,0.04546066569621261,0.07029407972214798,0.056270387128585085,before_outage,0.5079118594260564
0.6051773104647643,1.0,,24.933333333333334,held-out,zero,40,1.0,,25.0,0.85,,0.0,0.07066066669974565,,25.0,0.13318816191113203,0.010000000000005116,horizon,0,0.09018659732420851,1.0,1.0,25/25/25 Hz,1.0,1500,denied,307,25,0.07089372969493395,0.061254870333606895,0.056041881824813754,outage_window,0.523011572278594
0.5108712218442271,1.0,,24.95,held-out,zero,60,1.0,,25.0,0.85,,0.0,0.07177956766818694,,25.0,0.11520691881340094,0.010000000000005116,horizon,0,0.10108087604114278,1.0,1.0,25/25/25 Hz,1.0,2000,denied,307,40,0.0115784828978066,0.05625276663590394,0.07116907451002188,after_return,0.43417474054965693
0.4481940157548479,1.0,,24.95744680851064,held-out,zero,60,1.0,,24.95744680851064,0.85,,6.808510638297872,0.07785125635920934,,25.0,0.14804626307842828,0.010000000000005116,retrodiction,0,0.09224971430978827,1.0,1.0,25/25/25 Hz,1.0,4700,transition,307,13,0.03129133936249737,0.04844600502314183,0.04948930867904929,flight,0.28498164884981403
0.4272538002683724,1.0,,25.0,held-out,zero,25,1.0,,25.0,0.85,,10.0,0.0609855865211004,,25.0,0.08721808619000934,0.010000000000001563,retrodiction,0,0.07313257590857312,1.0,1.0,25/25/25 Hz,1.0,700,transition,307,18,0.08672069950168487,0.04676591794301758,0.04036250606318426,before_outage,0.305541685566373
0.36228542504801114,1.0,,24.933333333333334,held-out,zero,40,1.0,,25.0,0.85,,0.0,0.11802960814703466,,25.0,0.14804626307842828,0.010000000000005116,retrodiction,0,0.12825726792388792,1.0,1.0,25/25/25 Hz,1.0,1500,transition,307,25,0.1441600762882821,0.05197680257217487,0.05018902644958779,outage_window,0.22179930431810235
0.45999701983164015,1.0,,24.95,held-out,zero,60,1.0,,24.95,0.85,,10.0,0.04540795250582456,,25.0,0.1097929182657546,0.010000000000005116,retrodiction,0,0.07114514533176534,1.0,1.0,25/25/25 Hz,1.0,2000,transition,307,40,0.03129133936249737,0.047039184433633086,0.05476996944956966,after_return,0.2889567075554458
0.45839664803662034,1.0,,24.95744680851064,held-out,zero,60,1.0,,24.95744680851064,0.85,,6.808510638297872,0.0786280564362642,,25.0,0.1574787837994128,0.010000000000005116,horizon,0,0.09474364104519299,1.0,1.0,25/25/25 Hz,1.0,4700,transition,307,13,0.01902909337262463,0.05178429891247492,0.05285817117112577,flight,0.2798654813609662
0.43567867311346525,1.0,,25.0,held-out,zero,25,1.0,,25.0,0.85,,10.0,0.06108688234225012,,25.0,0.09064698030140027,0.010000000000001563,horizon,0,0.07225242626836698,1.0,1.0,25/25/25 Hz,1.0,700,transition,307,18,0.08241068684300468,0.050271055573718776,0.03858504771760555,before_outage,0.3068080830434605
0.358911054528334,1.0,,24.933333333333334,held-out,zero,40,1.0,,25.0,0.85,,0.13333333333333333,0.11759536480590901,,25.0,0.1574787837994128,0.010000000000005116,horizon,0,0.13018720281225019,1.0,1.0,25/25/25 Hz,1.0,1500,transition,307,25,0.15232460063664632,0.05481946862678205,0.055857299901115334,outage_window,0.17615583628289078
0.4744050450341067,1.0,,24.95,held-out,zero,60,1.0,,24.95,0.85,,9.9,0.04910879937532517,,25.0,0.15297744965881063,0.010000000000005116,horizon,0,0.0764754457308092,1.0,1.0,25/25/25 Hz,1.0,2000,transition,307,40,0.01902909337262463,0.04981212416430875,0.05862439444156336,after_return,0.29424575075219744
0.3882247590317495,1.0,,24.95744680851064,held-out,nominal,60,1.0,,24.97872340425532,0.85,,10.0,0.057238801142743885,,25.0,0.11341896384109057,0.010000000000005116,retrodiction,0,0.07601481714115994,1.0,1.0,25/25/25 Hz,1.0,4700,gps,307,13,0.032887909559129305,0.04176140324449398,0.05001971679993206,flight,0.3388843368158457
0.3795855557485684,1.0,,25.0,held-out,nominal,25,1.0,,25.0,0.85,,10.0,0.06697991626102154,,25.0,0.0942123303447651,0.010000000000001563,retrodiction,0,0.07871695501470871,1.0,1.0,25/25/25 Hz,1.0,700,gps,307,18,0.09211719789075531,0.0395473081374137,0.041352748692852534,before_outage,0.3573277033673682
0.29322548388613595,1.0,,24.933333333333334,held-out,nominal,40,1.0,,25.0,0.85,,10.0,0.0682919959568117,,25.0,0.11341896384109057,0.010000000000005116,retrodiction,0,0.08375535231577595,1.0,1.0,25/25/25 Hz,1.0,1500,gps,307,25,0.029192340413332088,0.03919129847018262,0.04848878560837105,outage_window,0.25801725834659583
0.42380464183392,1.0,,24.95,held-out,nominal,60,1.0,,25.0,0.85,,10.0,0.045069950291051646,,25.0,0.08318146790670777,0.010000000000005116,retrodiction,0,0.07210015596183639,1.0,1.0,25/25/25 Hz,1.0,2000,gps,307,40,0.032887909559129305,0.04092879021256616,0.056277278456613955,after_return,0.37355186213642566
0.48222803610726966,1.0,,24.95744680851064,held-out,nominal,60,1.0,,24.95744680851064,0.85,,10.0,0.05183984652088404,,25.0,0.1025057415412896,0.010000000000005116,horizon,0,0.07420788330608533,1.0,1.0,25/25/25 Hz,1.0,4700,gps,307,13,0.018768692135532606,0.0501012446993705,0.05309840164694944,flight,0.29647135074647396
0.4349520510752692,1.0,,25.0,held-out,nominal,25,1.0,,25.0,0.85,,10.0,0.06109374464261921,,25.0,0.09064568631625816,0.010000000000001563,horizon,0,0.07340889027875594,1.0,1.0,25/25/25 Hz,1.0,700,gps,307,18,0.08240939587241061,0.05026887345863419,0.040699134358126894,before_outage,0.30673613094921315
0.47280975843389417,1.0,,24.933333333333334,held-out,nominal,40,1.0,,25.0,0.85,,10.0,0.06191962430054655,,25.0,0.1025057415412896,0.010000000000005116,horizon,0,0.08042257673980743,1.0,1.0,25/25/25 Hz,1.0,1500,gps,307,25,0.028157987742180642,0.049497049566753853,0.05132008355360871,outage_window,0.27526551722894277
0.45466179623767045,1.0,,24.95,held-out,nominal,60,1.0,,24.95,0.85,,10.0,0.04115640360390912,,25.0,0.08290674310713772,0.010000000000005116,horizon,0,0.07401516977079058,1.0,1.0,25/25/25 Hz,1.0,2000,gps,307,40,0.018768692135532606,0.049947689855727055,0.06151744304334411,after_return,0.27438781832515413
0.40019683445091514,1.0,,24.95744680851064,held-out,nominal,60,1.0,,24.97872340425532,0.85,,0.0,0.1003468857233115,,25.0,0.16695877747982424,0.010000000000005116,retrodiction,0,0.114253696517727,1.0,1.0,25/25/25 Hz,1.0,4700,denied,307,13,0.11768014726505223,0.05897643894043924,0.05462975099336921,flight,0.34882801114840634
0.4485140642719072,1.0,,25.0,held-out,nominal,25,1.0,,25.0,0.85,,0.0,0.0725333571412058,,25.0,0.11702914607193511,0.010000000000001563,retrodiction,0,0.08799482377541472,1.0,1.0,25/25/25 Hz,1.0,700,denied,307,18,0.116954530301512,0.06808176207306928,0.04981968599953819,before_outage,0.412450439493437
0.43192280073692574,1.0,,24.933333333333334,held-out,nominal,40,1.0,,25.0,0.85,,0.0,0.11749232996345202,,25.0,0.1504791222067701,0.010000000000005116,retrodiction,0,0.1280168657960985,1.0,1.0,25/25/25 Hz,1.0,1500,denied,307,25,0.05313432753827793,0.05673323670304941,0.05083178462355621,outage_window,0.38153988772667685
0.36249552599418433,1.0,,24.95,held-out,nominal,60,1.0,,25.0,0.85,,0.0,0.10334027698600053,,25.0,0.16695877747982424,0.010000000000005116,retrodiction,0,0.11973618547892616,1.0,1.0,25/25/25 Hz,1.0,2000,denied,307,40,0.11768014726505223,0.05116862841743077,0.06047760962125156,after_return,0.31950649146130694
0.5375394650002692,1.0,,24.95744680851064,held-out,nominal,60,1.0,,24.97872340425532,0.85,,0.0,0.11559098260981628,,25.0,0.21256691666757768,0.010000000000005116,horizon,0,0.1327491422163495,1.0,1.0,25/25/25 Hz,1.0,4700,denied,307,13,0.0763652316936786,0.06294002675618941,0.06527679142293794,flight,0.46116922292160256
0.561293462527252,1.0,,25.0,held-out,nominal,25,1.0,,25.0,0.85,,0.0,0.08443829270841484,,25.0,0.12835971836074125,0.010000000000001563,horizon,0,0.10251462503848198,1.0,1.0,25/25/25 Hz,1.0,700,denied,307,18,0.0389404150005341,0.07016697555409834,0.05813280546531894,before_outage,0.5046966651361207
0.6043179549554062,1.0,,24.933333333333334,held-out,nominal,40,1.0,,25.0,0.85,,0.0,0.1355840962451574,,25.0,0.21256691666757768,0.010000000000005116,horizon,0,0.14758044222074013,1.0,1.0,25/25/25 Hz,1.0,1500,denied,307,25,0.12549915493643743,0.061225165661414956,0.05828327179777316,outage_window,0.5216617108385309
0.5119080111651633,1.0,,24.95,held-out,nominal,60,1.0,,25.0,0.85,,0.0,0.10185628442556177,,25.0,0.15930349658836604,0.010000000000005116,horizon,0,0.1260243798560407,1.0,1.0,25/25/25 Hz,1.0,2000,denied,307,40,0.0763652316936786,0.05625755714860067,0.0742121394457719,after_return,0.4344967559721597
0.3881870935708246,1.0,,24.95744680851064,held-out,nominal,60,1.0,,24.97872340425532,0.85,,6.808510638297872,0.07732512900753961,,25.0,0.14826495265772172,0.010000000000005116,retrodiction,0,0.09253759960152685,1.0,1.0,25/25/25 Hz,1.0,4700,transition,307,13,0.03246716544747127,0.047029534647156285,0.050833372541863285,flight,0.34188764296755497
0.3795855557485684,1.0,,25.0,held-out,nominal,25,1.0,,25.0,0.85,,10.0,0.06697991626102154,,25.0,0.0942123303447651,0.010000000000001563,retrodiction,0,0.07871695501470871,1.0,1.0,25/25/25 Hz,1.0,700,transition,307,18,0.09211719789075531,0.0395473081374137,0.041352748692852534,before_outage,0.3573277033673682
0.26055075323064686,1.0,,24.933333333333334,held-out,nominal,40,1.0,,25.0,0.85,,0.06666666666666667,0.11140518943717771,,25.0,0.14826495265772172,0.010000000000005116,retrodiction,0,0.12247466004196773,1.0,1.0,25/25/25 Hz,1.0,1500,transition,307,25,0.13502322470414413,0.05438775319129284,0.05088149092609332,outage_window,0.21390344547186754
0.4394456943630041,1.0,,24.95,held-out,nominal,60,1.0,,25.0,0.85,,9.95,0.05072094778669578,,25.0,0.1349137032289849,0.010000000000005116,retrodiction,0,0.07585686558808828,1.0,1.0,25/25/25 Hz,1.0,2000,transition,307,40,0.03246716544747127,0.04132620202027996,0.05640611236797457,after_return,0.3999492362867159
0.45800002811608975,1.0,,24.95744680851064,held-out,nominal,60,1.0,,24.95744680851064,0.85,,6.808510638297872,0.07862360085231038,,25.0,0.15744601338345815,0.010000000000005116,horizon,0,0.09616938220138749,1.0,1.0,25/25/25 Hz,1.0,4700,transition,307,13,0.019029248375514334,0.05177709581355055,0.05537941370232375,flight,0.28017789559584444
0.4349520510752692,1.0,,25.0,held-out,nominal,25,1.0,,25.0,0.85,,10.0,0.06109374464261921,,25.0,0.09064568631625816,0.010000000000001563,horizon,0,0.07340889027875594,1.0,1.0,25/25/25 Hz,1.0,700,transition,307,18,0.08240939587241061,0.05026887345863419,0.040699134358126894,before_outage,0.30673613094921315
0.35843799034889184,1.0,,24.933333333333334,held-out,nominal,40,1.0,,25.0,0.85,,0.13333333333333333,0.11758298350551269,,25.0,0.15744601338345815,0.010000000000005116,horizon,0,0.13117969445116315,1.0,1.0,25/25/25 Hz,1.0,1500,transition,307,25,0.15229679671512533,0.05479973514219891,0.05815801085184097,outage_window,0.1768084219282688
0.4738018049152842,1.0,,24.95,held-out,nominal,60,1.0,,24.95,0.85,,9.9,0.04910873777486613,,25.0,0.15294964429137792,0.010000000000005116,horizon,0,0.07884220708103999,1.0,1.0,25/25/25 Hz,1.0,2000,transition,307,40,0.019029248375514334,0.04981168855421765,0.06168002506135215,after_return,0.2942641835847229
0.4506892848393528,1.0,,24.95744680851064,held-out,stress,60,1.0,,24.95744680851064,0.85,,10.0,0.060871387202809206,,25.0,0.12370429014363074,0.010000000000005116,retrodiction,0,0.07948824950011577,1.0,1.0,25/25/25 Hz,1.0,4700,gps,307,13,0.03423679254022753,0.048072907715479334,0.05111805971081384,flight,0.3802939985369478
0.45848811154674707,1.0,,25.0,held-out,stress,25,1.0,,24.857142857142858,0.85,,10.0,0.06837226878725476,,25.0,0.1025536109020373,0.010000000000001563,retrodiction,0,0.08080448510058753,1.0,1.0,25/25/25 Hz,1.0,700,gps,307,18,0.10100044568392506,0.047838810534790874,0.04306504003544476,before_outage,0.4085566789629207
0.30819091530936754,1.0,,24.933333333333334,held-out,stress,40,1.0,,25.0,0.85,,10.0,0.07064045670149967,,25.0,0.12370429014363074,0.010000000000005116,retrodiction,0,0.0861793166699015,1.0,1.0,25/25/25 Hz,1.0,1500,gps,307,25,0.03510685157868513,0.04382386749566689,0.0493639595119224,outage_window,0.2534291621767507
0.5096750403252934,1.0,,24.95,held-out,stress,60,1.0,,25.0,0.85,,10.0,0.05148560216043157,,25.0,0.09680218372918362,0.010000000000005116,retrodiction,0,0.07678996844549556,1.0,1.0,25/25/25 Hz,1.0,2000,gps,307,40,0.03423679254022753,0.04446397034818291,0.05697308157400272,after_return,0.4409271657933819
0.4822364588041214,1.0,,24.95744680851064,held-out,stress,60,1.0,,24.95744680851064,0.85,,10.0,0.051839994516978766,,25.0,0.10250739932438807,0.010000000000005116,horizon,0,0.07318748926819202,1.0,1.0,25/25/25 Hz,1.0,4700,gps,307,13,0.018767781615749723,0.050101360182942804,0.051662593371426216,flight,0.2964454509532669
0.4349887885421768,1.0,,25.0,held-out,stress,25,1.0,,25.0,0.85,,10.0,0.061093271777329504,,25.0,0.09064550281178312,0.010000000000001563,horizon,0,0.0727754448008542,1.0,1.0,25/25/25 Hz,1.0,700,gps,307,18,0.08240967648897343,0.05026899475305088,0.03954589118357976,before_outage,0.3067402575504291
0.4728402176225278,1.0,,24.933333333333334,held-out,stress,40,1.0,,25.0,0.85,,10.0,0.06192094302574214,,25.0,0.10250739932438807,0.010000000000005116,horizon,0,0.07950064539406598,1.0,1.0,25/25/25 Hz,1.0,1500,gps,307,25,0.028158383866434912,0.04949709348567464,0.04986130195728769,outage_window,0.275264952476017
0.4546947788620826,1.0,,24.95,held-out,stress,60,1.0,,24.95,0.85,,10.0,0.04115593170289782,,25.0,0.08290580191985254,0.010000000000005116,horizon,0,0.07264893482967884,1.0,1.0,25/25/25 Hz,1.0,2000,gps,307,40,0.018767781615749723,0.049947908347906876,0.059866994392180184,after_return,0.27438754759808165
0.33100547204010744,1.0,,24.95744680851064,held-out,stress,60,1.0,,24.95744680851064,0.85,,0.0,0.2193767696218582,,25.0,0.3200478225981395,0.010000000000005116,retrodiction,0,0.2263880710560959,1.0,1.0,25/25/25 Hz,1.0,4700,denied,307,13,0.22913476801760269,0.06138633891979935,0.05590520250189678,flight,0.2601955694454303
0.252091864295457,1.0,,25.0,held-out,stress,25,1.0,,24.857142857142858,0.85,,0.0,0.1876598611428329,,25.0,0.21792677313350875,0.010000000000001563,retrodiction,0,0.19486099539560492,1.0,1.0,25/25/25 Hz,1.0,700,denied,307,18,0.2071173723897071,0.0704176604015347,0.05248413133908799,before_outage,0.2145221672094051
0.3772934053040297,1.0,,24.933333333333334,held-out,stress,40,1.0,,25.0,0.85,,0.0,0.2646823111892165,,25.0,0.3200478225981395,0.010000000000005116,retrodiction,0,0.26970752415922333,1.0,1.0,25/25/25 Hz,1.0,1500,denied,307,25,0.23120843431932608,0.06028796688827599,0.051821064555186404,outage_window,0.30587032331762765
0.31645290490411554,1.0,,24.95,held-out,stress,60,1.0,,25.0,0.85,,0.0,0.21302121314030056,,25.0,0.27500447042581677,0.010000000000005116,retrodiction,0,0.2216399579757136,1.0,1.0,25/25/25 Hz,1.0,2000,denied,307,40,0.22913476801760269,0.0525130731015332,0.06120648432732202,after_return,0.25949130507439166
0.5379329444420506,1.0,,24.95744680851064,held-out,stress,60,1.0,,24.97872340425532,0.85,,0.0,0.08529970966339309,,25.0,0.1771268783439586,0.010000000000005116,horizon,0,0.10659748621124915,1.0,1.0,25/25/25 Hz,1.0,4700,denied,307,13,0.05448042033901168,0.06292788184984703,0.06392952055113739,flight,0.46162289336630025
0.5620585284283255,1.0,,25.0,held-out,stress,25,1.0,,25.0,0.85,,0.0,0.05304792553671081,,25.0,0.09497519995307319,0.010000000000001563,horizon,0,0.07793156157635249,1.0,1.0,25/25/25 Hz,1.0,700,denied,307,18,0.018328397064025937,0.07015610116664876,0.05708980544703587,before_outage,0.5054995383603055
0.6047991804175594,1.0,,24.933333333333334,held-out,stress,40,1.0,,25.0,0.85,,0.0,0.10358846746521984,,25.0,0.1771268783439586,0.010000000000005116,horizon,0,0.11826129983204148,1.0,1.0,25/25/25 Hz,1.0,1500,denied,307,25,0.08689039341135547,0.06121704583911006,0.05705404846433866,outage_window,0.5221978489338149
0.5120765760938886,1.0,,24.95,held-out,stress,60,1.0,,25.0,0.85,,0.0,0.06828224451759239,,25.0,0.12551468626112497,0.010000000000005116,horizon,0,0.09963838273841287,1.0,1.0,25/25/25 Hz,1.0,2000,denied,307,40,0.05448042033901168,0.05625742863094019,0.07256267910135468,after_return,0.43475581748345304
0.4898276354135921,1.0,,24.95744680851064,held-out,stress,60,1.0,,24.95744680851064,0.85,,6.808510638297872,0.07918001988301404,,25.0,0.15396036361013607,0.010000000000005116,retrodiction,0,0.09472483755964371,1.0,1.0,25/25/25 Hz,1.0,4700,transition,307,13,0.03213360994858036,0.05392417984451433,0.05199345441520873,flight,0.4179928322237366
0.45848811154674707,1.0,,25.0,held-out,stress,25,1.0,,24.857142857142858,0.85,,10.0,0.06837226878725476,,25.0,0.1025536109020373,0.010000000000001563,retrodiction,0,0.08080448510058753,1.0,1.0,25/25/25 Hz,1.0,700,transition,307,18,0.10100044568392506,0.047838810534790874,0.04306504003544476,before_outage,0.4085566789629207
0.40572471144058236,1.0,,24.933333333333334,held-out,stress,40,1.0,,25.0,0.85,,0.06666666666666667,0.11003478778424514,,25.0,0.15396036361013607,0.010000000000005116,retrodiction,0,0.1216722025470484,1.0,1.0,25/25/25 Hz,1.0,1500,transition,307,25,0.14411508812395588,0.06082228617045011,0.0519275490460132,outage_window,0.3465367945784994
0.5422634332661852,1.0,,24.95,held-out,stress,60,1.0,,25.0,0.85,,9.95,0.057778316749669066,,25.0,0.14224041290014133,0.010000000000005116,retrodiction,0,0.08125042901176247,1.0,1.0,25/25/25 Hz,1.0,2000,transition,307,40,0.03213360994858036,0.04522654299674336,0.05712528624147421,after_return,0.47248570562098274
0.4580025349063029,1.0,,24.95744680851064,held-out,stress,60,1.0,,24.95744680851064,0.85,,6.808510638297872,0.07862417418102034,,25.0,0.15744661251674313,0.010000000000005116,horizon,0,0.09538621664273667,1.0,1.0,25/25/25 Hz,1.0,4700,transition,307,13,0.019029901767701096,0.051771603093913876,0.05400712508334125,flight,0.2801262295831445
0.4349887885421768,1.0,,25.0,held-out,stress,25,1.0,,25.0,0.85,,10.0,0.061093271777329504,,25.0,0.09064550281178312,0.010000000000001563,horizon,0,0.0727754448008542,1.0,1.0,25/25/25 Hz,1.0,700,transition,307,18,0.08240967648897343,0.05026899475305088,0.03954589118357976,before_outage,0.3067402575504291
0.3584239774391162,1.0,,24.933333333333334,held-out,stress,40,1.0,,25.0,0.85,,0.13333333333333333,0.11758385107294965,,25.0,0.15744661251674313,0.010000000000005116,horizon,0,0.13062589175815237,1.0,1.0,25/25/25 Hz,1.0,1500,transition,307,25,0.1522944512578059,0.05478334369955311,0.056896059305253606,outage_window,0.1766988520961823
0.47384975072012214,1.0,,24.95,held-out,stress,60,1.0,,24.95,0.85,,9.9,0.04910982135551736,,25.0,0.1529472937788591,0.010000000000005116,horizon,0,0.0775549842776769,1.0,1.0,25/25/25 Hz,1.0,2000,transition,307,40,0.019029901767701096,0.04981177354223237,0.060025003396417094,after_return,0.29425862176246526
0.4691606760593874,1.0,,25.0,held-out,zero,60,1.0,,25.0,0.85,,10.0,0.04038561790941358,,25.0,0.07095866515438677,0.010000000000005116,retrodiction,0,0.06457511138083831,1.0,1.0,25/25/25 Hz,1.0,4700,gps,911,13,0.06382175617941765,0.04791232993597604,0.050387963601663095,flight,0.28337638061406556
0.3002554989835881,1.0,,25.0,held-out,zero,25,1.0,,25.0,0.85,,10.0,0.04417544915663088,,25.0,0.06407821988776646,0.010000000000001563,retrodiction,0,0.05770517991322639,1.0,1.0,25/25/25 Hz,1.0,700,gps,911,18,0.05414037606113111,0.05135274049932119,0.037127045137308544,before_outage,0.2333246101746475
0.38922415615536615,1.0,,25.0,held-out,zero,40,1.0,,25.0,0.85,,10.0,0.041111887123522387,,25.0,0.06390446915437113,0.010000000000005116,retrodiction,0,0.06687083597051102,1.0,1.0,25/25/25 Hz,1.0,1500,gps,911,25,0.029877702130085323,0.04628387144201535,0.05274013121464284,outage_window,0.3028975053551128
0.5618712758015043,1.0,,25.0,held-out,zero,60,1.0,,25.0,0.85,,10.0,0.03896745778951784,,25.0,0.07095866515438677,0.010000000000005116,retrodiction,0,0.06762280727778668,1.0,1.0,25/25/25 Hz,1.0,2000,gps,911,40,0.06382175617941765,0.04796127061539494,0.05526645725529025,after_return,0.2539005541602273
0.49971536983737297,1.0,,25.0,held-out,zero,60,1.0,,25.0,0.85,,10.0,0.041706105723491295,,25.0,0.09232164091625009,0.010000000000005116,horizon,0,0.062010032921671406,1.0,1.0,25/25/25 Hz,1.0,4700,gps,911,13,0.06895348303857593,0.05175514766282425,0.045889486032507906,flight,0.29006915224944063
0.31334806272600213,1.0,,25.0,held-out,zero,25,1.0,,25.0,0.85,,10.0,0.0443471651081762,,25.0,0.0774235169326167,0.010000000000001563,horizon,0,0.05322491750590108,1.0,1.0,25/25/25 Hz,1.0,700,gps,911,18,0.055521354325321355,0.05452416381767175,0.0294316290812815,before_outage,0.2411941595507988
0.3906299516001111,1.0,,25.0,held-out,zero,40,1.0,,25.0,0.85,,10.0,0.04191176071387808,,25.0,0.07621113394577235,0.010000000000005116,horizon,0,0.06131523490919945,1.0,1.0,25/25/25 Hz,1.0,1500,gps,911,25,0.01116838445239393,0.04970466365244518,0.04475446732822251,outage_window,0.2989939480679885
0.6088204735422132,1.0,,25.0,held-out,zero,60,1.0,,25.0,0.85,,10.0,0.041588030095891786,,25.0,0.09232164091625009,0.010000000000005116,horizon,0,0.06752876111379609,1.0,1.0,25/25/25 Hz,1.0,2000,gps,911,40,0.06895348303857593,0.05226030616337723,0.05320309511962005,after_return,0.24931191012710405
0.6577322856887289,1.0,,25.0,held-out,zero,60,1.0,,25.0,0.85,,0.0,0.11703265365338548,,25.0,0.19301902350412717,0.010000000000005116,retrodiction,0,0.1293561396293549,1.0,1.0,25/25/25 Hz,1.0,4700,denied,911,13,0.17230869042266456,0.059657912533444116,0.05510325615293416,flight,0.5798851178637567
0.8649511154016447,1.0,,25.0,held-out,zero,25,1.0,,25.0,0.85,,0.0,0.11076700747920037,,25.0,0.14903883230897916,0.010000000000001563,retrodiction,0,0.11787336896361388,1.0,1.0,25/25/25 Hz,1.0,700,denied,911,18,0.10173147400526357,0.06770596760746446,0.04030882242059446,before_outage,0.8034031291140935
0.7265934014600138,1.0,,25.0,held-out,zero,40,1.0,,25.0,0.85,,0.0,0.12692085773753717,,25.0,0.19166698474300348,0.010000000000005116,retrodiction,0,0.13889916934430485,1.0,1.0,25/25/25 Hz,1.0,1500,denied,911,25,0.027434012358563055,0.05811940573601133,0.056427609516137844,outage_window,0.6200612743123781
0.4696694721037558,1.0,,25.0,held-out,zero,60,1.0,,25.0,0.85,,0.0,0.11200378261190465,,25.0,0.19301902350412717,0.010000000000005116,retrodiction,0,0.12725165400718777,1.0,1.0,25/25/25 Hz,1.0,2000,denied,911,40,0.17230869042266456,0.05137821697779504,0.06039980238535744,after_return,0.39550584560990826
0.6673417788494497,1.0,,25.0,held-out,zero,60,1.0,,25.0,0.85,,0.0,0.0987976277065975,,25.0,0.17616228244550583,0.010000000000005116,horizon,0,0.11352212778739225,1.0,1.0,25/25/25 Hz,1.0,4700,denied,911,13,0.15176353263792075,0.06281220280809778,0.055913345964318496,flight,0.5867819074122255
0.8687449531117744,1.0,,25.0,held-out,zero,25,1.0,,25.0,0.85,,0.0,0.09820060452822578,,25.0,0.13627452738047302,0.010000000000001563,horizon,0,0.10547984935985666,1.0,1.0,25/25/25 Hz,1.0,700,denied,911,18,0.07362603681437867,0.0688559098169423,0.038505063190041086,before_outage,0.8060641528219108
0.7345678632314767,1.0,,25.0,held-out,zero,40,1.0,,25.0,0.85,,0.0,0.1059064773191259,,25.0,0.16954782116648404,0.010000000000005116,horizon,0,0.11892176009489368,1.0,1.0,25/25/25 Hz,1.0,1500,denied,911,25,0.02471798919452489,0.06208653379417346,0.05409439052176224,outage_window,0.6254762554951138
0.47748920227079783,1.0,,25.0,held-out,zero,60,1.0,,25.0,0.85,,0.0,0.08874741593551677,,25.0,0.17616228244550583,0.010000000000005116,horizon,0,0.10865473729661658,1.0,1.0,25/25/25 Hz,1.0,2000,denied,911,40,0.15176353263792075,0.05428951910284914,0.06268770295492683,after_return,0.40053111840405614
0.4028243146055632,1.0,,25.0,held-out,zero,60,1.0,,25.0,0.85,,6.808510638297872,0.042244915783805764,,25.0,0.10459960312638197,0.010000000000005116,retrodiction,0,0.06674776888085247,1.0,1.0,25/25/25 Hz,1.0,4700,transition,911,13,0.06424258712485058,0.048806576056362155,0.05167815535592246,flight,0.2448959394219065
0.3002554989835881,1.0,,25.0,held-out,zero,25,1.0,,25.0,0.85,,10.0,0.04417544915663088,,25.0,0.06407821988776646,0.010000000000001563,retrodiction,0,0.05770517991322639,1.0,1.0,25/25/25 Hz,1.0,700,transition,911,18,0.05414037606113111,0.05135274049932119,0.037127045137308544,before_outage,0.2333246101746475
0.23376495220625246,1.0,,25.0,held-out,zero,40,1.0,,25.0,0.85,,0.0,0.04166111190655818,,25.0,0.06147293334849494,0.010000000000005116,retrodiction,0,0.07016437703765002,1.0,1.0,25/25/25 Hz,1.0,1500,transition,911,25,0.033103424114038674,0.04902988981646334,0.05645698858237786,outage_window,0.15184660426912044
0.5023964984280533,1.0,,25.0,held-out,zero,60,1.0,,25.0,0.85,,10.0,0.0429582210123231,,25.0,0.10459960312638197,0.010000000000005116,retrodiction,0,0.07003461211119295,1.0,1.0,25/25/25 Hz,1.0,2000,transition,911,40,0.06424258712485058,0.04803369821687005,0.05531218799705591,after_return,0.26117324705030676
0.4329033854077835,1.0,,25.0,held-out,zero,60,1.0,,25.0,0.85,,6.808510638297872,0.04389238104067395,,25.0,0.11165895385147726,0.010000000000005116,horizon,0,0.06571869335950363,1.0,1.0,25/25/25 Hz,1.0,4700,transition,911,13,0.06936611391497456,0.05248882753941656,0.048912222843178504,flight,0.2555708019441657
0.31334806272600213,1.0,,25.0,held-out,zero,25,1.0,,25.0,0.85,,10.0,0.0443471651081762,,25.0,0.0774235169326167,0.010000000000001563,horizon,0,0.05322491750590108,1.0,1.0,25/25/25 Hz,1.0,700,transition,911,18,0.055521354325321355,0.05452416381767175,0.0294316290812815,before_outage,0.2411941595507988
0.2513678776203491,1.0,,25.0,held-out,zero,40,1.0,,25.0,0.85,,0.13333333333333333,0.04270314918518071,,25.0,0.0716623098247421,0.010000000000005116,horizon,0,0.06856787446959416,1.0,1.0,25/25/25 Hz,1.0,1500,transition,911,25,0.06071337174160731,0.05219592948872895,0.053646942680326375,outage_window,0.15874258065115
0.5397111013983737,1.0,,25.0,held-out,zero,60,1.0,,25.0,0.85,,9.9,0.046033956676485896,,25.0,0.11165895385147726,0.010000000000005116,horizon,0,0.07047579625891102,1.0,1.0,25/25/25 Hz,1.0,2000,transition,911,40,0.06936611391497456,0.052158177801981155,0.05336396434894017,after_return,0.25703971507256046
0.4017933690278051,1.0,,25.0,held-out,nominal,60,1.0,,25.0,0.85,,10.0,0.04636876440883418,,25.0,0.1128889993173246,0.010000000000005116,retrodiction,0,0.06881216565520525,1.0,1.0,25/25/25 Hz,1.0,4700,gps,911,13,0.01460238475407692,0.04231361516066962,0.05084340497407153,flight,0.3325803938341815
0.27212513970312274,1.0,,25.0,held-out,nominal,25,1.0,,25.0,0.85,,10.0,0.04774214007421525,,25.0,0.10472451381974687,0.010000000000001563,retrodiction,0,0.06014035120742114,1.0,1.0,25/25/25 Hz,1.0,700,gps,911,18,0.07899686556880904,0.04369493338293529,0.03657252936954146,before_outage,0.22892470238589674
0.34960195067011407,1.0,,25.0,held-out,nominal,40,1.0,,25.0,0.85,,10.0,0.04709581435369138,,25.0,0.10025576390242688,0.010000000000005116,retrodiction,0,0.07118535554953949,1.0,1.0,25/25/25 Hz,1.0,1500,gps,911,25,0.043620955610964414,0.041135884842231026,0.05337920114686046,outage_window,0.28814836968173546
0.328771651834451,1.0,,25.0,held-out,nominal,60,1.0,,25.0,0.85,,10.0,0.043852046405927644,,25.0,0.1128889993173246,0.010000000000005116,retrodiction,0,0.07076395027995204,1.0,1.0,25/25/25 Hz,1.0,2000,gps,911,40,0.01460238475407692,0.03999624805471038,0.05553858735362192,after_return,0.23583388290586635
0.49912820274634095,1.0,,25.0,held-out,nominal,60,1.0,,25.0,0.85,,10.0,0.04170488140032129,,25.0,0.09232023192460287,0.010000000000005116,horizon,0,0.06052211608607465,1.0,1.0,25/25/25 Hz,1.0,4700,gps,911,13,0.0689541845535822,0.0517544356709195,0.04385919975240577,flight,0.28986317912810844
0.3130509074989694,1.0,,25.0,held-out,nominal,25,1.0,,25.0,0.85,,10.0,0.044345543556307584,,25.0,0.07742124893713685,0.010000000000001563,horizon,0,0.05251154516405383,1.0,1.0,25/25/25 Hz,1.0,700,gps,911,18,0.05552490328640415,0.05452367253983607,0.028123569158485063,before_outage,0.24122304672050143
0.39023709727960776,1.0,,25.0,held-out,nominal,40,1.0,,25.0,0.85,,10.0,0.04191288924126824,,25.0,0.07621077182957534,0.010000000000005116,horizon,0,0.059759554419981875,1.0,1.0,25/25/25 Hz,1.0,1500,gps,911,25,0.011169417498693083,0.04970276142806098,0.04259711328158231,outage_window,0.29896715566018595
0.6081684947238891,1.0,,25.0,held-out,nominal,60,1.0,,25.0,0.85,,10.0,0.041585738397966664,,25.0,0.09232023192460287,0.010000000000005116,horizon,0,0.06560566571198155,1.0,1.0,25/25/25 Hz,1.0,2000,gps,911,40,0.0689541845535822,0.052259233342152815,0.050741794759430345,after_return,0.2492994202523396
0.7428730873008104,1.0,,25.0,held-out,nominal,60,1.0,,25.0,0.85,,0.0,0.07851022308795737,,25.0,0.1950298097435338,0.010000000000005116,retrodiction,0,0.0962127756253916,1.0,1.0,25/25/25 Hz,1.0,4700,denied,911,13,0.08217870209057367,0.06311019190133148,0.05561513341008104,flight,0.6622000369182018
1.0697112708396603,1.0,,25.0,held-out,nominal,25,1.0,,25.0,0.85,,0.0,0.09826526597584911,,25.0,0.1446651083901391,0.010000000000001563,retrodiction,0,0.10615340554083774,1.0,1.0,25/25/25 Hz,1.0,700,denied,911,18,0.12849648852708992,0.07435048621843277,0.04015573446736088,before_outage,0.9915566904641993
0.7449518741135144,1.0,,25.0,held-out,nominal,40,1.0,,25.0,0.85,,0.0,0.05469798810097821,,25.0,0.12746929859919473,0.010000000000005116,retrodiction,0,0.07899495720233754,1.0,1.0,25/25/25 Hz,1.0,1500,denied,911,25,0.021154502567566996,0.06060641732047168,0.05699415199039622,outage_window,0.6517099468559223
0.45887449837459815,1.0,,25.0,held-out,nominal,60,1.0,,25.0,0.85,,0.0,0.06567362448226653,,25.0,0.10698893087083117,0.010000000000005116,retrodiction,0,0.08953123769060174,1.0,1.0,25/25/25 Hz,1.0,2000,denied,911,40,0.08217870209057367,0.05229065052274517,0.060850781176360155,after_return,0.39238130951705585
0.6705384566974439,1.0,,25.0,held-out,nominal,60,1.0,,25.0,0.85,,0.0,0.09879827636380457,,25.0,0.18262548690569377,0.010000000000005116,horizon,0,0.11258735517225414,1.0,1.0,25/25/25 Hz,1.0,4700,denied,911,13,0.1619690163977783,0.06287398418158448,0.053989009365097596,flight,0.5897786057707398
0.8725670603533534,1.0,,25.0,held-out,nominal,25,1.0,,25.0,0.85,,0.0,0.0869815606197285,,25.0,0.12862586303668488,0.010000000000001563,horizon,0,0.09485629318804113,1.0,1.0,25/25/25 Hz,1.0,700,denied,911,18,0.09616622290820934,0.06894660466015429,0.03784077786637207,before_outage,0.8096307172399249
0.7378453117079282,1.0,,25.0,held-out,nominal,40,1.0,,25.0,0.85,,0.0,0.10497331031657971,,25.0,0.17043121657704255,0.010000000000005116,horizon,0,0.1171600710776908,1.0,1.0,25/25/25 Hz,1.0,1500,denied,911,25,0.05131124029742456,0.06216375930808573,0.052029668229853436,outage_window,0.6285525275318528
0.4801586468725058,1.0,,25.0,held-out,nominal,60,1.0,,25.0,0.85,,0.0,0.09999812518149635,,25.0,0.18262548690569377,0.010000000000005116,horizon,0,0.11674800135170595,1.0,1.0,25/25/25 Hz,1.0,2000,denied,911,40,0.1619690163977783,0.05433935839987141,0.06025338811887444,after_return,0.4030505271157346
0.3595645778286494,1.0,,25.0,held-out,nominal,60,1.0,,25.0,0.85,,6.808510638297872,0.053353132770307496,,25.0,0.11222687065256173,0.010000000000005116,retrodiction,0,0.07456389599874552,1.0,1.0,25/25/25 Hz,1.0,4700,transition,911,13,0.01501897995143456,0.04564779665334788,0.052088557381690645,flight,0.30017005092662524
0.27212513970312274,1.0,,25.0,held-out,nominal,25,1.0,,25.0,0.85,,10.0,0.04774214007421525,,25.0,0.10472451381974687,0.010000000000001563,retrodiction,0,0.06014035120742114,1.0,1.0,25/25/25 Hz,1.0,700,transition,911,18,0.07899686556880904,0.04369493338293529,0.03657252936954146,before_outage,0.22892470238589674
0.18792692106751643,1.0,,25.0,held-out,nominal,40,1.0,,25.0,0.85,,0.06666666666666667,0.06428580467559088,,25.0,0.09065612134498083,0.010000000000005116,retrodiction,0,0.08593347007148573,1.0,1.0,25/25/25 Hz,1.0,1500,transition,911,25,0.04181338820899546,0.05097944858287111,0.057025403073882014,outage_window,0.11804883153049513
0.3125926513668752,1.0,,25.0,held-out,nominal,60,1.0,,25.0,0.85,,9.95,0.04608445777693499,,25.0,0.11222687065256173,0.010000000000005116,retrodiction,0,0.07216359108367643,1.0,1.0,25/25/25 Hz,1.0,2000,transition,911,40,0.01501897995143456,0.04011045839999888,0.05553203246323656,after_return,0.24340314126830367
0.4322045769365175,1.0,,25.0,held-out,nominal,60,1.0,,25.0,0.85,,6.808510638297872,0.043885472006173216,,25.0,0.11164985074560174,0.010000000000005116,horizon,0,0.06424098010144624,1.0,1.0,25/25/25 Hz,1.0,4700,transition,911,13,0.06936650637784954,0.052481909143101746,0.04691448466294603,flight,0.25517205374770874
0.3130509074989694,1.0,,25.0,held-out,nominal,25,1.0,,25.0,0.85,,10.0,0.044345543556307584,,25.0,0.07742124893713685,0.010000000000001563,horizon,0,0.05251154516405383,1.0,1.0,25/25/25 Hz,1.0,700,transition,911,18,0.05552490328640415,0.05452367253983607,0.028123569158485063,before_outage,0.24122304672050143
0.25012094027406623,1.0,,25.0,held-out,nominal,40,1.0,,25.0,0.85,,0.13333333333333333,0.04268756103308448,,25.0,0.07167054702407556,0.010000000000005116,horizon,0,0.0669651966973642,1.0,1.0,25/25/25 Hz,1.0,1500,transition,911,25,0.06060406225459307,0.05217459610577646,0.0515956364604931,outage_window,0.15786618831416407
0.5391577758967557,1.0,,25.0,held-out,nominal,60,1.0,,25.0,0.85,,9.9,0.046030627029057046,,25.0,0.11164985074560174,0.010000000000005116,horizon,0,0.06862652096053987,1.0,1.0,25/25/25 Hz,1.0,2000,transition,911,40,0.06936650637784954,0.05215705171364794,0.0508997127148991,after_return,0.25702410361708383
0.4415728873796179,1.0,,25.0,held-out,stress,60,1.0,,24.97872340425532,0.85,,10.0,0.05246467065907351,,25.0,0.1365533283475989,0.010000000000005116,retrodiction,0,0.07351252905308105,1.0,1.0,25/25/25 Hz,1.0,4700,gps,911,13,0.014196448483474894,0.04753230011493394,0.05149320596365152,flight,0.3723538613511351
0.3511319184989611,1.0,,25.0,held-out,stress,25,1.0,,25.0,0.85,,10.0,0.05146389427358587,,25.0,0.1200820264261945,0.010000000000001563,retrodiction,0,0.06310226434773605,1.0,1.0,25/25/25 Hz,1.0,700,gps,911,18,0.08624059362500267,0.04684270658664572,0.036515248212339126,before_outage,0.2852749641536371
0.4055833731612581,1.0,,25.0,held-out,stress,40,1.0,,25.0,0.85,,10.0,0.0512325957669733,,25.0,0.11222858995311764,0.010000000000005116,retrodiction,0,0.07444499470561916,1.0,1.0,25/25/25 Hz,1.0,1500,gps,911,25,0.036129873169754974,0.04585097872865723,0.05401183544092512,outage_window,0.3495334830432074
0.37357861446125334,1.0,,25.0,held-out,stress,60,1.0,,24.95,0.85,,10.0,0.05185910622754593,,25.0,0.1365533283475989,0.010000000000005116,retrodiction,0,0.07618140476867563,1.0,1.0,25/25/25 Hz,1.0,2000,gps,911,40,0.014196448483474894,0.04227336126407375,0.05580537190816761,after_return,0.29533421440877267
0.4999100901026916,1.0,,25.0,held-out,stress,60,1.0,,25.0,0.85,,10.0,0.04170669142807059,,25.0,0.09232272932437449,0.010000000000005116,horizon,0,0.06389676379558112,1.0,1.0,25/25/25 Hz,1.0,4700,gps,911,13,0.06895502668700672,0.05175548591814638,0.04840814305126762,flight,0.29007875205923467
0.31349778980524495,1.0,,25.0,held-out,stress,25,1.0,,25.0,0.85,,10.0,0.04434925714470777,,25.0,0.07742513345917484,0.010000000000001563,horizon,0,0.05432259037244823,1.0,1.0,25/25/25 Hz,1.0,700,gps,911,18,0.05552251840397085,0.05452489301938146,0.0313701644159764,before_outage,0.2411873586710366
0.3907772291841011,1.0,,25.0,held-out,stress,40,1.0,,25.0,0.85,,10.0,0.041911801926404584,,25.0,0.07620986060035567,0.010000000000005116,horizon,0,0.06328032198014957,1.0,1.0,25/25/25 Hz,1.0,1500,gps,911,25,0.011168980114170194,0.04970529504103417,0.047410969291855135,outage_window,0.2989980770627496
0.6090907122947031,1.0,,25.0,held-out,stress,60,1.0,,25.0,0.85,,10.0,0.041588654088172895,,25.0,0.09232272932437449,0.010000000000005116,horizon,0,0.06985223880663533,1.0,1.0,25/25/25 Hz,1.0,2000,gps,911,40,0.06895502668700672,0.052260825246641454,0.05612235844503961,after_return,0.249316058760543
0.7403014890713355,1.0,,25.0,held-out,stress,60,1.0,,24.97872340425532,0.85,,0.0,0.10794381175697602,,25.0,0.2569717731011776,0.010000000000005116,retrodiction,0,0.12181042059181747,1.0,1.0,25/25/25 Hz,1.0,4700,denied,911,13,0.046603373956741724,0.06548068805960063,0.05644388424027883,flight,0.661027264649862
1.1581242158524427,1.0,,25.0,held-out,stress,25,1.0,,25.0,0.85,,0.0,0.12645910757520545,,25.0,0.18254642583591824,0.010000000000001563,retrodiction,0,0.13278387654775434,1.0,1.0,25/25/25 Hz,1.0,700,denied,911,18,0.11136355917163251,0.0788153866856024,0.0404926163927682,before_outage,1.0773881641022534
0.7089945684427896,1.0,,25.0,held-out,stress,40,1.0,,25.0,0.85,,0.0,0.06782912758336172,,25.0,0.1480356796554149,0.010000000000005116,retrodiction,0,0.08927394751948803,1.0,1.0,25/25/25 Hz,1.0,1500,denied,911,25,0.1408480281815474,0.0633334047602026,0.058043493666321805,outage_window,0.6196500633140702
0.470069852801075,1.0,,25.0,held-out,stress,60,1.0,,24.95,0.85,,0.0,0.09529429565301653,,25.0,0.18230514307616633,0.010000000000005116,retrodiction,0,0.1132436423939185,1.0,1.0,25/25/25 Hz,1.0,2000,denied,911,40,0.046603373956741724,0.05417681153339354,0.06118104084303545,after_return,0.40065187418009995
0.6690483768175247,1.0,,25.0,held-out,stress,60,1.0,,25.0,0.85,,0.0,0.09853786601924157,,25.0,0.17410910930010617,0.010000000000005116,horizon,0,0.11449310731782017,1.0,1.0,25/25/25 Hz,1.0,4700,denied,911,13,0.149124574250454,0.06282330246943288,0.058300605345604134,flight,0.5883586599257554
0.8706453278073106,1.0,,25.0,held-out,stress,25,1.0,,25.0,0.85,,0.0,0.09982590313665457,,25.0,0.13694295682539687,0.010000000000001563,horizon,0,0.10742479060628114,1.0,1.0,25/25/25 Hz,1.0,700,denied,911,18,0.06932776882100644,0.06887148489328536,0.039684690999863007,before_outage,0.8077989323705201
0.7363395980834242,1.0,,25.0,held-out,stress,40,1.0,,25.0,0.85,,0.0,0.10559551800671062,,25.0,0.1687982317868577,0.010000000000005116,horizon,0,0.11982381226550563,1.0,1.0,25/25/25 Hz,1.0,1500,denied,911,25,0.020203957279312144,0.06211184597467157,0.05663331672022745,outage_window,0.6271090119972328
0.4790517473082813,1.0,,25.0,held-out,stress,60,1.0,,25.0,0.85,,0.0,0.08646145342064676,,25.0,0.17410910930010617,0.010000000000005116,horizon,0,0.10852621636798687,1.0,1.0,25/25/25 Hz,1.0,2000,denied,911,40,0.149124574250454,0.054310587643365736,0.06559235253854244,after_return,0.4019877626353667
0.3928690193243804,1.0,,24.97872340425532,held-out,stress,60,1.0,,24.97872340425532,0.85,,6.808510638297872,0.05904780509271335,,25.0,0.1363183855645684,0.010000000000005116,retrodiction,0,0.07911757558029561,1.0,1.0,25/25/25 Hz,1.0,4700,transition,911,13,0.014077867030918179,0.05031291522837052,0.05265878349750139,flight,0.33113685626102224
0.3511319184989611,1.0,,25.0,held-out,stress,25,1.0,,25.0,0.85,,10.0,0.05146389427358587,,25.0,0.1200820264261945,0.010000000000001563,retrodiction,0,0.06310226434773605,1.0,1.0,25/25/25 Hz,1.0,700,transition,911,18,0.08624059362500267,0.04684270658664572,0.036515248212339126,before_outage,0.2852749641536371
0.21612332972257692,1.0,,24.933333333333334,held-out,stress,40,1.0,,25.0,0.85,,0.06666666666666667,0.06868969719333091,,25.0,0.10409614785384382,0.010000000000005116,retrodiction,0,0.08949097357792624,1.0,1.0,25/25/25 Hz,1.0,1500,transition,911,25,0.03268848057916202,0.05407942181090322,0.057361658373983576,outage_window,0.1422357625460337
0.3638641592030709,1.0,,25.0,held-out,stress,60,1.0,,24.95,0.85,,9.95,0.053332766471678374,,25.0,0.1363183855645684,0.010000000000005116,retrodiction,0,0.07722755897505393,1.0,1.0,25/25/25 Hz,1.0,2000,transition,911,40,0.014077867030918179,0.042540540564407404,0.055854381079042066,after_return,0.3090941551825703
0.4331045328439795,1.0,,25.0,held-out,stress,60,1.0,,25.0,0.85,,6.808510638297872,0.04389601602944273,,25.0,0.11166417849921928,0.010000000000005116,horizon,0,0.0675858283798578,1.0,1.0,25/25/25 Hz,1.0,4700,transition,911,13,0.0693651777637372,0.052480909719764456,0.051390504711809344,flight,0.255602063865967
0.31349778980524495,1.0,,25.0,held-out,stress,25,1.0,,25.0,0.85,,10.0,0.04434925714470777,,25.0,0.07742513345917484,0.010000000000001563,horizon,0,0.05432259037244823,1.0,1.0,25/25/25 Hz,1.0,700,transition,911,18,0.05552251840397085,0.05452489301938146,0.0313701644159764,before_outage,0.2411873586710366
0.2516458666702534,1.0,,25.0,held-out,stress,40,1.0,,25.0,0.85,,0.13333333333333333,0.04271272130615087,,25.0,0.0716727157437491,0.010000000000005116,horizon,0,0.0705708912186453,1.0,1.0,25/25/25 Hz,1.0,1500,transition,911,25,0.06074768570149825,0.05217054666867479,0.05617716730146648,outage_window,0.15885239745233318
0.5399542351092149,1.0,,25.0,held-out,stress,60,1.0,,25.0,0.85,,9.9,0.0460347863014103,,25.0,0.11166417849921928,0.010000000000005116,horizon,0,0.07271388369946365,1.0,1.0,25/25/25 Hz,1.0,2000,transition,911,40,0.0693651777637372,0.052158683252492684,0.05628594258642749,after_return,0.2570440493988219
0.27315961924071275,1.0,1.0,,held-out,zero,60,1.0,1.0,,0.85,1.0,,0.037149137265274704,1.0,,0.09844419237695624,0.010000000000005116,px4,,0.17817049061071402,1.0,,100/50/50 Hz,1.0,4700,gps,101,13,0.059357971813810625,0.01681037884694111,0.17425459914994587,flight,0.2589149246445733
0.21878090638442874,1.0,1.0,,held-out,zero,25,1.0,1.0,,0.85,1.0,,0.0348957586042801,1.0,,0.05671775485362955,0.010000000000001563,px4,,0.19959919588020275,1.0,,100/50/50 Hz,1.0,700,gps,101,18,0.021584058209777095,0.016671871275232685,0.19652512568996197,before_outage,0.18849128540882856
0.17236814162871428,1.0,1.0,,held-out,zero,40,1.0,1.0,,0.85,1.0,,0.03515919194386445,1.0,,0.07322190600431927,0.010000000000005116,px4,,0.17954200852365446,1.0,,100/50/50 Hz,1.0,1500,gps,101,25,0.03784740063204146,0.01246065663867496,0.17606579465234723,outage_window,0.14530496555343161
0.11289998644107958,1.0,1.0,,held-out,zero,60,1.0,1.0,,0.85,1.0,,0.0369871573119203,1.0,,0.06549686818362359,0.010000000000005116,px4,,0.16628684981056976,1.0,,100/50/50 Hz,1.0,2000,gps,101,40,0.059357971813810625,0.013489606356081065,0.16212114795394908,after_return,0.08911623677826004
0.4092170617621147,1.0,,,held-out,zero,60,1.0,,,0.85,0.6323404255319149,,0.12438668859571045,,,0.3308033067364653,0.010000000000005116,ekf3,,0.13517577659744448,1.0,,100/50/50 Hz,1.0,4700,gps,101,13,0.08542032823275633,0.0675868461777448,0.05291920519920886,flight,0.38308888350477116
0.30571128336913744,1.0,,,held-out,zero,25,1.0,,,0.85,0.0,,0.20110102412997716,,,0.2547575163688996,0.010000000000001563,ekf3,,0.20361241729706522,1.0,,100/50/50 Hz,1.0,700,gps,101,18,0.12985232355364754,0.09042112696078927,0.031880943703544454,before_outage,0.23832996182040503
0.4852172652461432,1.0,,,held-out,zero,40,1.0,,,0.85,0.648,,0.13920147577464584,,,0.3308033067364653,0.010000000000005116,ekf3,,0.14757841562315036,1.0,,100/50/50 Hz,1.0,1500,gps,101,25,0.02876783958101402,0.0770738580743549,0.049013650139527465,outage_window,0.4497024511921316
0.40842917903608295,1.0,,,held-out,zero,60,1.0,,,0.85,1.0,,0.06053963092304954,,,0.11060273475530251,0.010000000000005116,ekf3,,0.07910358985089777,1.0,,100/50/50 Hz,1.0,2000,gps,101,40,0.08542032823275633,0.03841620052946178,0.05091493901597055,after_return,0.3974494050078982
0.27603655319675574,1.0,1.0,,held-out,zero,60,1.0,1.0,,0.85,0.0,,0.09816932391116462,1.0,,0.1600685783609775,0.010000000000005116,px4,,0.157063031357753,1.0,,100/50/50 Hz,1.0,4700,denied,101,13,0.14831003003231988,0.020258170348807326,0.12260334278522489,flight,0.25594610441176174
0.3479819037353923,1.0,1.0,,held-out,zero,25,1.0,1.0,,0.85,0.0,,0.058057445474931135,1.0,,0.09241011153288718,0.010000000000001563,px4,,0.11359484467672014,1.0,,100/50/50 Hz,1.0,700,denied,101,18,0.03843733008515736,0.02680463183607158,0.09763770666117456,before_outage,0.3244201554596389
0.2692421965420486,1.0,1.0,,held-out,zero,40,1.0,1.0,,0.85,0.0,,0.08892872917121193,1.0,,0.13381498725895158,0.010000000000005116,px4,,0.15317682922621956,1.0,,100/50/50 Hz,1.0,1500,denied,101,25,0.07401804670056586,0.02157468617678413,0.12471897265368917,outage_window,0.2472791590597411
0.14720481523057813,1.0,1.0,,held-out,zero,60,1.0,1.0,,0.85,0.0,,0.12314078066929018,1.0,,0.1600685783609775,0.010000000000005116,px4,,0.17985874515900072,1.0,,100/50/50 Hz,1.0,2000,denied,101,40,0.14831003003231988,0.016030765398828806,0.13109354044470733,after_return,0.12249419006258312
0.26529116951917564,1.0,,,held-out,zero,60,1.0,,,0.85,0.0,,0.21572244472653682,,,0.31590259024239864,0.010000000000005116,ekf3,,0.2245845501836505,1.0,,100/50/50 Hz,1.0,4700,denied,101,13,0.30078468650143103,0.09642688616396301,0.062466367129831564,flight,0.21390129778706804
0.3648912331129858,1.0,,,held-out,zero,25,1.0,,,0.85,0.0,,0.2164576546672092,,,0.270224375898101,0.010000000000001563,ekf3,,0.22073926851384826,1.0,,100/50/50 Hz,1.0,700,denied,101,18,0.14557884754322337,0.09453925988795742,0.04326555673974391,before_outage,0.3079805063168214
0.2949029676057744,1.0,,,held-out,zero,40,1.0,,,0.85,0.0,,0.22229584561605886,,,0.30446645877662165,0.010000000000005116,ekf3,,0.22851159978906688,1.0,,100/50/50 Hz,1.0,1500,denied,101,25,0.0808728240321739,0.10294893907046625,0.052934943657285585,outage_window,0.22986813397048805
0.1952946314190623,1.0,,,held-out,zero,60,1.0,,,0.85,0.0,,0.22515626222010376,,,0.31590259024239864,0.010000000000005116,ekf3,,0.23201142896833363,1.0,,100/50/50 Hz,1.0,2000,denied,101,40,0.30078468650143103,0.09254102571145939,0.055981789494441846,after_return,0.14674050272978148
0.28664449694016764,1.0,1.0,,held-out,zero,60,1.0,1.0,,0.85,0.8004255319148936,,0.04055883210505237,1.0,,0.10228264602412979,0.010000000000005116,px4,,0.1838455731191728,1.0,,100/50/50 Hz,1.0,4700,transition,101,13,0.059021757034987854,0.017035210779822344,0.17931585510989062,flight,0.2727113758056389
0.21878090638442874,1.0,1.0,,held-out,zero,25,1.0,1.0,,0.85,1.0,,0.0348957586042801,1.0,,0.05671775485362955,0.010000000000001563,px4,,0.19959919588020275,1.0,,100/50/50 Hz,1.0,700,transition,101,18,0.021584058209777095,0.016671871275232685,0.19652512568996197,before_outage,0.18849128540882856
0.17848186631829363,1.0,1.0,,held-out,zero,40,1.0,1.0,,0.85,0.46066666666666667,,0.03557867590042688,1.0,,0.052188576897201536,0.010000000000005116,px4,,0.17668613029764613,1.0,,100/50/50 Hz,1.0,1500,transition,101,25,0.05213905746454017,0.012456954473537203,0.17306688435610426,outage_window,0.15093531512392383
0.16993395267272618,1.0,1.0,,held-out,zero,60,1.0,1.0,,0.85,0.9355,,0.04436723838158542,1.0,,0.10228264602412979,0.010000000000005116,px4,,0.18232479667276383,1.0,,100/50/50 Hz,1.0,2000,transition,101,40,0.059021757034987854,0.0141393477364883,0.17684422422051632,after_return,0.15468341438708516
0.38679803144615893,1.0,,,held-out,zero,60,1.0,,,0.85,0.4238297872340426,,0.14979302791753377,,,0.27575262133602557,0.010000000000005116,ekf3,,0.1601367729511042,1.0,,100/50/50 Hz,1.0,4700,transition,101,13,0.08586550506565381,0.07806799781510414,0.056620092180165525,flight,0.35555334975155906
0.30571128336913744,1.0,,,held-out,zero,25,1.0,,,0.85,0.0,,0.20110102412997716,,,0.2547575163688996,0.010000000000001563,ekf3,,0.20361241729706522,1.0,,100/50/50 Hz,1.0,700,transition,101,18,0.12985232355364754,0.09042112696078927,0.031880943703544454,before_outage,0.23832996182040503
0.2928772643403889,1.0,,,held-out,zero,40,1.0,,,0.85,0.0,,0.20194047594832637,,,0.27575262133602557,0.010000000000005116,ekf3,,0.20835424772784591,1.0,,100/50/50 Hz,1.0,1500,transition,101,25,0.04903819722411235,0.09993430945988868,0.05129850602113086,outage_window,0.23028855496917497
0.48695029303992454,1.0,,,held-out,zero,60,1.0,,,0.85,0.996,,0.06310895365404666,,,0.11290406500522382,0.010000000000005116,ekf3,,0.08576621972728313,1.0,,100/50/50 Hz,1.0,2000,transition,101,40,0.08586550506565381,0.045039107418689425,0.05807843330359385,after_return,0.4712421908565812
0.2711869274755558,1.0,1.0,,held-out,nominal,60,1.0,1.0,,0.85,1.0,,0.0371828458221614,1.0,,0.09844939748836104,0.010000000000005116,px4,,0.18116524765885303,1.0,,100/50/50 Hz,1.0,4700,gps,101,13,0.059357971813810625,0.01673885014131471,0.1773084401145612,flight,0.2574766567685539
0.21703409091403628,1.0,1.0,,held-out,nominal,25,1.0,1.0,,0.85,1.0,,0.03499001686687015,1.0,,0.05674499540622432,0.010000000000001563,px4,,0.20262663825400806,1.0,,100/50/50 Hz,1.0,700,gps,101,18,0.021638403555409746,0.016637333589393774,0.1995826977715673,before_outage,0.18798301884742818
0.17153463211073286,1.0,1.0,,held-out,nominal,40,1.0,1.0,,0.85,1.0,,0.03518173380841359,1.0,,0.0732209353291978,0.010000000000005116,px4,,0.18256066212533595,1.0,,100/50/50 Hz,1.0,1500,gps,101,25,0.03784740063204146,0.01246949183375211,0.1791386082391928,outage_window,0.14555733218508132
0.11208635517107353,1.0,1.0,,held-out,nominal,60,1.0,1.0,,0.85,1.0,,0.036987027712066536,1.0,,0.06549686818362359,0.010000000000005116,px4,,0.1692736957064322,1.0,,100/50/50 Hz,1.0,2000,gps,101,40,0.059357971813810625,0.013461382268205818,0.16518336429295968,after_return,0.08913880270496705
0.4828898004412964,1.0,,,held-out,nominal,60,1.0,,,0.85,0.6272340425531915,,0.15789358297930464,,,0.36684384531762,0.010000000000005116,ekf3,,0.16504502564055257,1.0,,100/50/50 Hz,1.0,4700,gps,101,13,0.09811700971786606,0.09038245432794076,0.048057017621239234,flight,0.4346909606635755
0.44672680212040505,1.0,,,held-out,nominal,25,1.0,,,0.85,0.0,,0.26023003623216207,,,0.3124448924308129,0.010000000000001563,ekf3,,0.2636059941063954,1.0,,100/50/50 Hz,1.0,700,gps,101,18,0.18138827679294808,0.12573301857432181,0.04205292345876291,before_outage,0.33389757997881914
0.5749964527519263,1.0,,,held-out,nominal,40,1.0,,,0.85,0.632,,0.1823334441717919,,,0.36684384531762,0.010000000000005116,ekf3,,0.19071386360255677,1.0,,100/50/50 Hz,1.0,1500,gps,101,25,0.04038194560673063,0.11288932989829581,0.055913262350417964,outage_window,0.5124786051032761
0.46730091280968006,1.0,,,held-out,nominal,60,1.0,,,0.85,1.0,,0.06791803260293361,,,0.11853345390264154,0.010000000000005116,ekf3,,0.07874984036588997,1.0,,100/50/50 Hz,1.0,2000,gps,101,40,0.09811700971786606,0.04727597561083143,0.03985822631527901,after_return,0.4474031869813692
0.26742460090109443,1.0,1.0,,held-out,nominal,60,1.0,1.0,,0.85,0.0,,0.09654873289109482,1.0,,0.15854737860341847,0.010000000000005116,px4,,0.15418598617692034,1.0,,100/50/50 Hz,1.0,4700,denied,101,13,0.14654413760123922,0.019915999281435236,0.12021505941633724,flight,0.2484166375162645
0.3350226491964247,1.0,1.0,,held-out,nominal,25,1.0,1.0,,0.85,0.0,,0.05604367865299318,1.0,,0.08929500035277672,0.010000000000001563,px4,,0.11058008723074857,1.0,,100/50/50 Hz,1.0,700,denied,101,18,0.036135174269724374,0.026122371345719674,0.09532608129468031,before_outage,0.31252779989929047
0.2636453687432648,1.0,1.0,,held-out,nominal,40,1.0,1.0,,0.85,0.0,,0.08702247268258169,1.0,,0.1317005048042419,0.010000000000005116,px4,,0.15010195740839738,1.0,,100/50/50 Hz,1.0,1500,denied,101,25,0.07208663982460799,0.02132084658895274,0.12230162249962861,outage_window,0.24293670055951483
0.1445272659744925,1.0,1.0,,held-out,nominal,60,1.0,1.0,,0.85,0.0,,0.12168478830758982,1.0,,0.15854737860341847,0.010000000000005116,px4,,0.17706323243669675,1.0,,100/50/50 Hz,1.0,2000,denied,101,40,0.14654413760123922,0.01593171169635049,0.12862426122419032,after_return,0.12117409155463997
0.28788904094817047,1.0,,,held-out,nominal,60,1.0,,,0.85,0.0,,0.30912518462596394,,,0.5816702468502287,0.010000000000005116,ekf3,,0.3132953695115286,1.0,,100/50/50 Hz,1.0,4700,denied,101,13,0.40878312520538845,0.11466021407330354,0.05094711755662875,flight,0.19006796317958755
0.44672662777474653,1.0,,,held-out,nominal,25,1.0,,,0.85,0.0,,0.26023003623216207,,,0.3124448924308129,0.010000000000001563,ekf3,,0.2636059941063954,1.0,,100/50/50 Hz,1.0,700,denied,101,18,0.18138827679294808,0.12573301857432181,0.04205292345876291,before_outage,0.3338973409422443
0.29510777090130047,1.0,,,held-out,nominal,40,1.0,,,0.85,0.0,,0.27251215970371795,,,0.4379770281117266,0.010000000000005116,ekf3,,0.2797512375898476,1.0,,100/50/50 Hz,1.0,1500,denied,101,25,0.03314302883858003,0.12365875370808088,0.06322877309158123,outage_window,0.16811128308316572
0.2186519175442322,1.0,,,held-out,nominal,60,1.0,,,0.85,0.0,,0.3739326223224057,,,0.5816702468502287,0.010000000000005116,ekf3,,0.37607579747560316,1.0,,100/50/50 Hz,1.0,2000,denied,101,40,0.40878312520538845,0.10964783651982604,0.04009238593548655,after_return,0.1296067665751803
0.284737856853068,1.0,1.0,,held-out,nominal,60,1.0,1.0,,0.85,0.8029787234042554,,0.04056746784736696,1.0,,0.10222547519044474,0.010000000000005116,px4,,0.18683902016614226,1.0,,100/50/50 Hz,1.0,4700,transition,101,13,0.059021757034987854,0.016965567136846407,0.18238174253224188,flight,0.2713367029416269
0.21703409091403628,1.0,1.0,,held-out,nominal,25,1.0,1.0,,0.85,1.0,,0.03499001686687015,1.0,,0.05674499540622432,0.010000000000001563,px4,,0.20262663825400806,1.0,,100/50/50 Hz,1.0,700,transition,101,18,0.021638403555409746,0.016637333589393774,0.1995826977715673,before_outage,0.18798301884742818
0.1776046448108528,1.0,1.0,,held-out,nominal,40,1.0,1.0,,0.85,0.4686666666666667,,0.03553152879820755,1.0,,0.052149583190571835,0.010000000000005116,px4,,0.17964977717303515,1.0,,100/50/50 Hz,1.0,1500,transition,101,25,0.05211338205625462,0.012445905900727068,0.1761009735906742,outage_window,0.15117962605901247
0.16934326156400598,1.0,1.0,,held-out,nominal,60,1.0,1.0,,0.85,0.9355,,0.04436106521386496,1.0,,0.10222547519044474,0.010000000000005116,px4,,0.18534045460955773,1.0,,100/50/50 Hz,1.0,2000,transition,101,40,0.059021757034987854,0.014128225584547766,0.1799532717345499,after_return,0.15465609163469984
0.4445528947819906,1.0,,,held-out,nominal,60,1.0,,,0.85,0.4208510638297872,,0.19802464165449885,,,0.4478745254744513,0.010000000000005116,ekf3,,0.20494203170117822,1.0,,100/50/50 Hz,1.0,4700,transition,101,13,0.09878763244029017,0.10210841951777587,0.052796568595071175,flight,0.3906108715783001
0.44672680212040505,1.0,,,held-out,nominal,25,1.0,,,0.85,0.0,,0.26023003623216207,,,0.3124448924308129,0.010000000000001563,ekf3,,0.2636059941063954,1.0,,100/50/50 Hz,1.0,700,transition,101,18,0.18138827679294808,0.12573301857432181,0.04205292345876291,before_outage,0.33389757997881914
0.29510766509361375,1.0,,,held-out,nominal,40,1.0,,,0.85,0.0,,0.27251215970371795,,,0.4379770281117266,0.010000000000005116,ekf3,,0.2797512375898476,1.0,,100/50/50 Hz,1.0,1500,transition,101,25,0.03314302883858003,0.12365875370808088,0.06322877309158123,outage_window,0.16811108298054897
0.5634398972487571,1.0,,,held-out,nominal,60,1.0,,,0.85,0.989,,0.08611472886764726,,,0.4478745254744513,0.010000000000005116,ekf3,,0.09733466894148456,1.0,,100/50/50 Hz,1.0,2000,transition,101,40,0.09878763244029017,0.07502456244072297,0.04536839483605299,after_return,0.538941380018577
0.26897450287187086,1.0,1.0,,held-out,stress,60,1.0,1.0,,0.85,1.0,,0.037228652668644675,1.0,,0.09848481118515492,0.010000000000005116,px4,,0.1606783195535114,1.0,,100/50/50 Hz,1.0,4700,gps,101,13,0.059357971813810625,0.01664672309689889,0.15630594932700975,flight,0.25582680530081237
0.215351432132459,1.0,1.0,,held-out,stress,25,1.0,1.0,,0.85,1.0,,0.03515735920394413,1.0,,0.05670387020534351,0.010000000000001563,px4,,0.18186859024404373,1.0,,100/50/50 Hz,1.0,700,gps,101,18,0.02173317270110482,0.016598978851744328,0.17843806827905506,before_outage,0.18758943211486684
0.1703993837130022,1.0,1.0,,held-out,stress,40,1.0,1.0,,0.85,1.0,,0.03520104954371333,1.0,,0.07321936018871353,0.010000000000005116,px4,,0.16197659182707994,1.0,,100/50/50 Hz,1.0,1500,gps,101,25,0.037892102119303446,0.01246444723194904,0.15810535225265937,outage_window,0.14551223542599323
0.11109131288633269,1.0,1.0,,held-out,stress,60,1.0,1.0,,0.85,1.0,,0.036986032271047804,1.0,,0.06549686818362359,0.010000000000005116,px4,,0.14893061390878887,1.0,,100/50/50 Hz,1.0,2000,gps,101,40,0.059357971813810625,0.013431865237955391,0.14426489932098435,after_return,0.08906440363048868
0.427931899238732,1.0,,,held-out,stress,60,1.0,,,0.85,0.6102127659574468,,0.14510512790216293,,,0.5237601489411781,0.010000000000005116,ekf3,,0.15352470061348136,1.0,,100/50/50 Hz,1.0,4700,gps,101,13,0.08694188498685725,0.07530436318198723,0.050143150628535665,flight,0.38426006270803914
0.32298757475906015,1.0,,,held-out,stress,25,1.0,,,0.85,0.0,,0.23491927804808313,,,0.2870011538303298,0.010000000000001563,ekf3,,0.2385189687845836,1.0,,100/50/50 Hz,1.0,700,gps,101,18,0.20225007730522895,0.10357907809800551,0.04128233607038937,before_outage,0.20519154295747638
0.5408681468356368,1.0,,,held-out,stress,40,1.0,,,0.85,0.5786666666666667,,0.17477314186332665,,,0.5237601489411781,0.010000000000005116,ekf3,,0.18348433821476925,1.0,,100/50/50 Hz,1.0,1500,gps,101,25,0.0344891336608645,0.09701949005264121,0.05586457959506483,outage_window,0.4831814182933333
0.3715979217360985,1.0,,,held-out,stress,60,1.0,,,0.85,1.0,,0.06297773253309709,,,0.1167834110929356,0.010000000000005116,ekf3,,0.07616202771073204,1.0,,100/50/50 Hz,1.0,2000,gps,101,40,0.08694188498685725,0.037856652000127285,0.04283059268793744,after_return,0.35294050972043356
0.2625272997472904,1.0,1.0,,held-out,stress,60,1.0,1.0,,0.85,0.0,,0.09192220592164307,1.0,,0.1531468105620731,0.010000000000005116,px4,,0.15757664570547153,1.0,,100/50/50 Hz,1.0,4700,denied,101,13,0.1411406640269732,0.019720702454047716,0.12798713736265355,flight,0.24432104968629412
0.3272920450063825,1.0,1.0,,held-out,stress,25,1.0,1.0,,0.85,0.0,,0.052045678487620234,1.0,,0.08397017274549717,0.010000000000001563,px4,,0.11561456734071011,1.0,,100/50/50 Hz,1.0,700,denied,101,18,0.03180481390541938,0.025680983437772403,0.10323747155051241,before_outage,0.30551234742690686
0.2605706475157203,1.0,1.0,,held-out,stress,40,1.0,1.0,,0.85,0.0,,0.08227460095795941,1.0,,0.12635718619052955,0.010000000000005116,px4,,0.1539196621996216,1.0,,100/50/50 Hz,1.0,1500,denied,101,25,0.06685250906022334,0.021189345283539655,0.13008517382413018,outage_window,0.24079844410611745
0.1428692947375634,1.0,1.0,,held-out,stress,60,1.0,1.0,,0.85,0.0,,0.11646518872413135,1.0,,0.1531468105620731,0.010000000000005116,px4,,0.17934559383858073,1.0,,100/50/50 Hz,1.0,2000,denied,101,40,0.1411406640269732,0.01586717775944958,0.13638439003333788,after_return,0.12053071650537846
0.37313156799270114,1.0,,,held-out,stress,60,1.0,,,0.85,0.0,,0.23066510416279917,,,0.3613131866669788,0.010000000000005116,ekf3,,0.236105242111521,1.0,,100/50/50 Hz,1.0,4700,denied,101,13,0.31128155501408994,0.0900261377587739,0.05039141865541148,flight,0.3255189040335716
0.3229869441821637,1.0,,,held-out,stress,25,1.0,,,0.85,0.0,,0.2349192243177385,,,0.2870011538303298,0.010000000000001563,ekf3,,0.23851888993127557,1.0,,100/50/50 Hz,1.0,700,denied,101,18,0.20225007730522895,0.10357913732468652,0.04128218623086718,before_outage,0.2051905035115246
0.5060421431298229,1.0,,,held-out,stress,40,1.0,,,0.85,0.0,,0.23082998384891007,,,0.3152315292678255,0.010000000000005116,ekf3,,0.23707369576502596,1.0,,100/50/50 Hz,1.0,1500,denied,101,25,0.07483159092726091,0.0980634328579861,0.05405049287471854,outage_window,0.46270831648209537
0.24953695674991613,1.0,,,held-out,stress,60,1.0,,,0.85,0.0,,0.24993634670156079,,,0.3613131866669788,0.010000000000005116,ekf3,,0.2539898479812191,1.0,,100/50/50 Hz,1.0,2000,denied,101,40,0.31128155501408994,0.08366714215429409,0.045195856834448885,after_return,0.20276176610546218
0.28256000059524494,1.0,1.0,,held-out,stress,60,1.0,1.0,,0.85,0.8040425531914893,,0.040583282654648424,1.0,,0.10216837024307981,0.010000000000005116,px4,,0.16633639662923452,1.0,,100/50/50 Hz,1.0,4700,transition,101,13,0.059021757034987854,0.016873359249283435,0.16130962157469383,flight,0.26972132166305457
0.215351432132459,1.0,1.0,,held-out,stress,25,1.0,1.0,,0.85,1.0,,0.03515735920394413,1.0,,0.05670387020534351,0.010000000000001563,px4,,0.18186859024404373,1.0,,100/50/50 Hz,1.0,700,transition,101,18,0.02173317270110482,0.016598978851744328,0.17843806827905506,before_outage,0.18758943211486684
0.1763588894826836,1.0,1.0,,held-out,stress,40,1.0,1.0,,0.85,0.472,,0.035474757788781085,1.0,,0.05201190167696628,0.010000000000005116,px4,,0.15901354528704786,1.0,,100/50/50 Hz,1.0,1500,transition,101,25,0.05200228795184552,0.012413020285844909,0.15500596486775384,outage_window,0.15105676644499885
0.1685219424683856,1.0,1.0,,held-out,stress,60,1.0,1.0,,0.85,0.9355,,0.044349512520379296,1.0,,0.10216837024307981,0.010000000000005116,px4,,0.16505091425952373,1.0,,100/50/50 Hz,1.0,2000,transition,101,40,0.059021757034987854,0.014114785147473021,0.15898089519533276,after_return,0.1544651191601808
0.43124212729000444,1.0,,,held-out,stress,60,1.0,,,0.85,0.4208510638297872,,0.17170291184547748,,,0.4478745254744513,0.010000000000005116,ekf3,,0.17920202877989802,1.0,,100/50/50 Hz,1.0,4700,transition,101,13,0.0872671462413882,0.08378085652546166,0.05129792571455099,flight,0.3913319737559858
0.32298757475906015,1.0,,,held-out,stress,25,1.0,,,0.85,0.0,,0.23491927804808313,,,0.2870011538303298,0.010000000000001563,ekf3,,0.2385189687845836,1.0,,100/50/50 Hz,1.0,700,transition,101,18,0.20225007730522895,0.10357907809800551,0.04128233607038937,before_outage,0.20519154295747638
0.5060435288000603,1.0,,,held-out,stress,40,1.0,,,0.85,0.0,,0.23083011695952196,,,0.3152315292678255,0.010000000000005116,ekf3,,0.23707382536996063,1.0,,100/50/50 Hz,1.0,1500,transition,101,25,0.07483159092726091,0.09806342666982525,0.05405049287471854,outage_window,0.46270985010338633
0.41486417713349977,1.0,,,held-out,stress,60,1.0,,,0.85,0.989,,0.0819484391175891,,,0.4478745254744513,0.010000000000005116,ekf3,,0.09473560985083282,1.0,,100/50/50 Hz,1.0,2000,transition,101,40,0.0872671462413882,0.06670325887389308,0.04753197976099881,after_return,0.38984544199898197
0.24425397642382563,1.0,1.0,,held-out,zero,60,1.0,1.0,,0.85,1.0,,0.0495245351893887,1.0,,0.0926142830963888,0.010000000000005116,px4,,0.4080187264884128,1.0,,100/50/50 Hz,1.0,4700,gps,307,13,0.009848705567093642,0.018619146083492487,0.4050019772538169,flight,0.2293310668184827
0.3342037381145524,1.0,1.0,,held-out,zero,25,1.0,1.0,,0.85,1.0,,0.061062484880708416,1.0,,0.0926142830963888,0.010000000000001563,px4,,0.42350450561355935,1.0,,100/50/50 Hz,1.0,700,gps,307,18,0.05872124760596618,0.019222611568055884,0.41907927557346303,before_outage,0.31394177340014084
0.1877008214539482,1.0,1.0,,held-out,zero,40,1.0,1.0,,0.85,1.0,,0.055241093093046735,1.0,,0.07838101731850507,0.010000000000005116,px4,,0.39425398167598086,1.0,,100/50/50 Hz,1.0,1500,gps,307,25,0.041264315735514964,0.01836928388940498,0.3903647316308813,outage_window,0.16986896960033906
0.16038373777548015,1.0,1.0,,held-out,zero,60,1.0,1.0,,0.85,1.0,,0.039197938740301294,1.0,,0.06937087636388488,0.010000000000005116,px4,,0.4035819930713092,1.0,,100/50/50 Hz,1.0,2000,gps,307,40,0.009848705567093642,0.016810169747510192,0.4016739308567608,after_return,0.1545951228868167
0.44491368119552693,1.0,,,held-out,zero,60,1.0,,,0.85,0.6259574468085106,,0.14232362408357904,,,0.34404877041906956,0.010000000000005116,ekf3,,0.14868816317664646,1.0,,100/50/50 Hz,1.0,4700,gps,307,13,0.040171123691450907,0.0688790449541416,0.04303668082648939,flight,0.40494183212663776
0.4780961867721703,1.0,,,held-out,zero,25,1.0,,,0.85,0.0,,0.21129365099264644,,,0.3060785435231266,0.010000000000001563,ekf3,,0.2156301567991612,1.0,,100/50/50 Hz,1.0,700,gps,307,18,0.1627691533194211,0.09910600776199295,0.04302740488837981,before_outage,0.40178064260685853
0.41818310434431033,1.0,,,held-out,zero,40,1.0,,,0.85,0.628,,0.18604241936805635,,,0.34404877041906956,0.010000000000005116,ekf3,,0.19604976272446686,1.0,,100/50/50 Hz,1.0,1500,gps,307,25,0.03230728847295874,0.07665001301181844,0.06183629726948404,outage_window,0.3521407683341814
0.4812540474063982,1.0,,,held-out,zero,60,1.0,,,0.85,1.0,,0.052953727164922276,,,0.11227270517957856,0.010000000000005116,ekf3,,0.06005433477824084,1.0,,100/50/50 Hz,1.0,2000,gps,307,40,0.040171123691450907,0.04074486804798163,0.028327123133138673,after_return,0.4666380791737019
0.24741656478683377,1.0,1.0,,held-out,zero,60,1.0,1.0,,0.85,0.0,,0.05575985732103051,1.0,,0.10059323695289987,0.010000000000005116,px4,,0.0885236968760168,1.0,,100/50/50 Hz,1.0,4700,denied,307,13,0.08943274758696639,0.020178762482869726,0.06875524140118501,flight,0.22161263830035008
0.4175018343098693,1.0,1.0,,held-out,zero,25,1.0,1.0,,0.85,0.0,,0.043687579418952134,1.0,,0.05886629433441904,0.010000000000001563,px4,,0.10009073806157325,1.0,,100/50/50 Hz,1.0,700,denied,307,18,0.011770846384799525,0.03000853438041527,0.09005304686807224,before_outage,0.3972001690301016
0.18527332237671984,1.0,1.0,,held-out,zero,40,1.0,1.0,,0.85,0.0,,0.04011175181724393,1.0,,0.054201574990250384,0.010000000000005116,px4,,0.07330591442568378,1.0,,100/50/50 Hz,1.0,1500,denied,307,25,0.041732848101804346,0.01956311785743312,0.06135800237896847,outage_window,0.1550379545720393
0.11679704821006091,1.0,1.0,,held-out,zero,60,1.0,1.0,,0.85,0.0,,0.07249467727683753,1.0,,0.10059323695289987,0.010000000000005116,px4,,0.09205876499868004,1.0,,100/50/50 Hz,1.0,2000,denied,307,40,0.08943274758696639,0.015131168638125228,0.05673921024837564,after_return,0.07756733479860656
0.4003135394213257,1.0,,,held-out,zero,60,1.0,,,0.85,0.0,,0.23896748957436284,,,0.4329308589277275,0.010000000000005116,ekf3,,0.24331250547316663,1.0,,100/50/50 Hz,1.0,4700,denied,307,13,0.28202387701323095,0.09792928142100554,0.045776787197842214,flight,0.353866993314881
0.5291570857774286,1.0,,,held-out,zero,25,1.0,,,0.85,0.0,,0.2210379039122561,,,0.3209564006410066,0.010000000000001563,ekf3,,0.22415846603350761,1.0,,100/50/50 Hz,1.0,700,denied,307,18,0.1366181370191639,0.10361841340409161,0.03727281755611492,before_outage,0.4650735541852486
0.37004864080916716,1.0,,,held-out,zero,40,1.0,,,0.85,0.0,,0.22539886355880845,,,0.3507355922747943,0.010000000000005116,ekf3,,0.23127494241040397,1.0,,100/50/50 Hz,1.0,1500,denied,307,25,0.12353828816216902,0.10261393432552565,0.05180203947079046,outage_window,0.3085294268272048
0.3912272241272928,1.0,,,held-out,zero,60,1.0,,,0.85,0.0,,0.2747538927416046,,,0.4329308589277275,0.010000000000005116,ekf3,,0.2788243659127824,1.0,,100/50/50 Hz,1.0,2000,denied,307,40,0.28202387701323095,0.09614795819270984,0.04746920528089764,after_return,0.35857956732183704
0.3350000874399833,1.0,1.0,,held-out,zero,60,1.0,1.0,,0.85,0.8004255319148936,,0.05721498639907179,1.0,,0.10039902494773076,0.010000000000005116,px4,,0.4244373656767532,1.0,,100/50/50 Hz,1.0,4700,transition,307,13,0.013407056503618777,0.018194332341067123,0.4205633397170704,flight,0.32205442095762
0.3342037381145524,1.0,1.0,,held-out,zero,25,1.0,1.0,,0.85,1.0,,0.061062484880708416,1.0,,0.0926142830963888,0.010000000000001563,px4,,0.42350450561355935,1.0,,100/50/50 Hz,1.0,700,transition,307,18,0.05872124760596618,0.019222611568055884,0.41907927557346303,before_outage,0.31394177340014084
0.3130531600571593,1.0,1.0,,held-out,zero,40,1.0,1.0,,0.85,0.46066666666666667,,0.06876448889006838,1.0,,0.09269001546889907,0.010000000000005116,px4,,0.40396439636564796,1.0,,100/50/50 Hz,1.0,1500,transition,307,25,0.09269001546889907,0.0174277195279132,0.39806868578016785,outage_window,0.3020815549583915
0.31964481426161356,1.0,1.0,,held-out,zero,60,1.0,1.0,,0.85,0.9355,,0.04698725807816873,1.0,,0.10039902494773076,0.010000000000005116,px4,,0.43495341433826784,1.0,,100/50/50 Hz,1.0,2000,transition,307,40,0.013407056503618777,0.016465398440902376,0.4324079904705884,after_return,0.3118463333257512
0.49969848265314254,1.0,,,held-out,zero,60,1.0,,,0.85,0.4238297872340426,,0.15862205443654695,,,0.34404877041906956,0.010000000000005116,ekf3,,0.16228029538234431,1.0,,100/50/50 Hz,1.0,4700,transition,307,13,0.04061121084840772,0.07884820826469635,0.034262780326617635,flight,0.4634785027522533
0.4780961867721703,1.0,,,held-out,zero,25,1.0,,,0.85,0.0,,0.21129365099264644,,,0.3060785435231266,0.010000000000001563,ekf3,,0.2156301567991612,1.0,,100/50/50 Hz,1.0,700,transition,307,18,0.1627691533194211,0.09910600776199295,0.04302740488837981,before_outage,0.40178064260685853
0.36584953206331916,1.0,,,held-out,zero,40,1.0,,,0.85,0.0,,0.220004392592332,,,0.34404877041906956,0.010000000000005116,ekf3,,0.22529769588980328,1.0,,100/50/50 Hz,1.0,1500,transition,307,25,0.14463076990375584,0.09912087591270038,0.048550170064927005,outage_window,0.2993769545920575
0.6196711190468063,1.0,,,held-out,zero,60,1.0,,,0.85,0.996,,0.06315139056438462,,,0.15184234911347938,0.010000000000005116,ekf3,,0.06554897966570834,1.0,,100/50/50 Hz,1.0,2000,transition,307,40,0.04061121084840772,0.04646220858921382,0.017566177871124956,after_return,0.6024901984878458
0.24312937114255928,1.0,1.0,,held-out,nominal,60,1.0,1.0,,0.85,1.0,,0.04962174429703782,1.0,,0.09278395075141457,0.010000000000005116,px4,,0.4017747347561356,1.0,,100/50/50 Hz,1.0,4700,gps,307,13,0.009848705567093642,0.01851414588587027,0.3986986581132203,flight,0.22959868960999777
0.33248112776342825,1.0,1.0,,held-out,nominal,25,1.0,1.0,,0.85,1.0,,0.061221009995630404,1.0,,0.09278395075141457,0.010000000000001563,px4,,0.4171417073339399,1.0,,100/50/50 Hz,1.0,700,gps,307,18,0.05884380078601658,0.0191719476425463,0.4126247592336036,before_outage,0.3139619600536607
0.18623201307055254,1.0,1.0,,held-out,nominal,40,1.0,1.0,,0.85,1.0,,0.055262290551879145,1.0,,0.07844962963653664,0.010000000000005116,px4,,0.38805828940964565,1.0,,100/50/50 Hz,1.0,1500,gps,307,25,0.04126694464824743,0.018259685180097334,0.3841032611453592,outage_window,0.1699002206519524
0.15978806362795292,1.0,1.0,,held-out,nominal,60,1.0,1.0,,0.85,1.0,,0.039204805420805004,1.0,,0.06938989333933604,0.010000000000005116,px4,,0.3973934691926749,1.0,,100/50/50 Hz,1.0,2000,gps,307,40,0.009848705567093642,0.016765851388266435,0.3954548679544939,after_return,0.15456765173195505
0.4735505553418313,1.0,,,held-out,nominal,60,1.0,,,0.85,0.6229787234042553,,0.15939220343838978,,,0.6637442611291932,0.010000000000005116,ekf3,,0.1676813749203395,1.0,,100/50/50 Hz,1.0,4700,gps,307,13,0.0362419903650428,0.08931497277243783,0.052068886854151536,flight,0.41896685319658844
0.5054439829769198,1.0,,,held-out,nominal,25,1.0,,,0.85,0.0,,0.2426820845723558,,,0.31393773934446556,0.010000000000001563,ekf3,,0.24541864907794023,1.0,,100/50/50 Hz,1.0,700,gps,307,18,0.20715824669501567,0.12545011059201885,0.03654749160827789,before_outage,0.38500977614370124
0.5104936389826715,1.0,,,held-out,nominal,40,1.0,,,0.85,0.6186666666666667,,0.20010859785528198,,,0.6637442611291932,0.010000000000005116,ekf3,,0.21277269414943023,1.0,,100/50/50 Hz,1.0,1500,gps,307,25,0.041115932224247885,0.1091791957353434,0.07231022362017697,outage_window,0.43272035912352846
0.48339999091760044,1.0,,,held-out,nominal,60,1.0,,,0.85,1.0,,0.06085421248051958,,,0.12839977134336902,0.010000000000005116,ekf3,,0.0674271435448976,1.0,,100/50/50 Hz,1.0,2000,gps,307,40,0.0362419903650428,0.048747425736930465,0.029037639539053445,after_return,0.4662642575312112
0.23600204630632457,1.0,1.0,,held-out,nominal,60,1.0,1.0,,0.85,0.0,,0.05856337497696245,1.0,,0.10474668073779661,0.010000000000005116,px4,,0.09083528403609914,1.0,,100/50/50 Hz,1.0,4700,denied,307,13,0.09394856360302026,0.019705852240018744,0.06943615727577741,flight,0.21153263543906697
0.40161446322803346,1.0,1.0,,held-out,nominal,25,1.0,1.0,,0.85,0.0,,0.04450181525755606,1.0,,0.06282441723790601,0.010000000000001563,px4,,0.10105857469324485,1.0,,100/50/50 Hz,1.0,700,denied,307,18,0.007043571390765737,0.029189272464514197,0.0907327061087263,before_outage,0.3825619889731499
0.1753415661818243,1.0,1.0,,held-out,nominal,40,1.0,1.0,,0.85,0.0,,0.043193468775983734,1.0,,0.058251744480056905,0.010000000000005116,px4,,0.07557782202737708,1.0,,100/50/50 Hz,1.0,1500,denied,307,25,0.04502532089702656,0.01911213692460529,0.062018799065283424,outage_window,0.1462823687569508
0.11344772368248833,1.0,1.0,,held-out,nominal,60,1.0,1.0,,0.85,0.0,,0.07612672869152685,1.0,,0.10474668073779661,0.010000000000005116,px4,,0.09543542929044467,1.0,,100/50/50 Hz,1.0,2000,denied,307,40,0.09394856360302026,0.014996008610205013,0.05755555874612047,after_return,0.07622706274213956
0.34120783975575525,1.0,,,held-out,nominal,60,1.0,,,0.85,0.0,,0.27049467885276035,,,0.49154842632749357,0.010000000000005116,ekf3,,0.27483866421751346,1.0,,100/50/50 Hz,1.0,4700,denied,307,13,0.26846553462014444,0.11704275864385358,0.048671552894983316,flight,0.25013149446670013
0.5054419514111435,1.0,,,held-out,nominal,25,1.0,,,0.85,0.0,,0.2426820845723558,,,0.31393773934446556,0.010000000000001563,ekf3,,0.24541864907794023,1.0,,100/50/50 Hz,1.0,700,denied,307,18,0.20715824669501567,0.12545001231448938,0.03654749160827789,before_outage,0.38500711210279254
0.3245577946052786,1.0,,,held-out,nominal,40,1.0,,,0.85,0.0,,0.23820281368216065,,,0.34225471013650655,0.010000000000005116,ekf3,,0.24470124757773132,1.0,,100/50/50 Hz,1.0,1500,denied,307,25,0.17858124640189144,0.12473746891323208,0.05601892644455085,outage_window,0.20357629436606434
0.31101674802552537,1.0,,,held-out,nominal,60,1.0,,,0.85,0.0,,0.3215896569887186,,,0.49154842632749357,0.010000000000005116,ekf3,,0.32407837520748234,1.0,,100/50/50 Hz,1.0,2000,denied,307,40,0.26846553462014444,0.11442528848439715,0.04008598003042959,after_return,0.247552332990244
0.33402925182075777,1.0,1.0,,held-out,nominal,60,1.0,1.0,,0.85,0.8029787234042554,,0.05732289982540947,1.0,,0.10038283532697742,0.010000000000005116,px4,,0.41799095661936286,1.0,,100/50/50 Hz,1.0,4700,transition,307,13,0.013469158690503734,0.018086586591198793,0.4140416947255145,flight,0.32221514902530246
0.33248112776342825,1.0,1.0,,held-out,nominal,25,1.0,1.0,,0.85,1.0,,0.061221009995630404,1.0,,0.09278395075141457,0.010000000000001563,px4,,0.4171417073339399,1.0,,100/50/50 Hz,1.0,700,transition,307,18,0.05884380078601658,0.0191719476425463,0.4126247592336036,before_outage,0.3139619600536607
0.3121313947941342,1.0,1.0,,held-out,nominal,40,1.0,1.0,,0.85,0.4686666666666667,,0.06885329172560013,1.0,,0.09274021446801801,0.010000000000005116,px4,,0.397779837094006,1.0,,100/50/50 Hz,1.0,1500,transition,307,25,0.09274021446801801,0.017318055420990252,0.391775475262405,outage_window,0.3021379234407693
0.31900481029372907,1.0,1.0,,held-out,nominal,60,1.0,1.0,,0.85,0.9355,,0.04698222262155949,1.0,,0.10038283532697742,0.010000000000005116,px4,,0.4282891870123276,1.0,,100/50/50 Hz,1.0,2000,transition,307,40,0.013469158690503734,0.016414763365815953,0.4257044731609227,after_return,0.31173190803573725
0.5077776213803574,1.0,,,held-out,nominal,60,1.0,,,0.85,0.4208510638297872,,0.18040823797105437,,,0.5157929259804895,0.010000000000005116,ekf3,,0.1853895665248284,1.0,,100/50/50 Hz,1.0,4700,transition,307,13,0.037090081530131935,0.10330642671648656,0.042686754953301397,flight,0.4545656598968148
0.5054439829769198,1.0,,,held-out,nominal,25,1.0,,,0.85,0.0,,0.2426820845723558,,,0.31393773934446556,0.010000000000001563,ekf3,,0.24541864907794023,1.0,,100/50/50 Hz,1.0,700,transition,307,18,0.20715824669501567,0.12545011059201885,0.03654749160827789,before_outage,0.38500977614370124
0.3245578121942741,1.0,,,held-out,nominal,40,1.0,,,0.85,0.0,,0.23820251497697784,,,0.34225471013650655,0.010000000000005116,ekf3,,0.244700956805153,1.0,,100/50/50 Hz,1.0,1500,transition,307,25,0.17858124640189144,0.12473746891323208,0.05601892644455085,outage_window,0.20357632159356012
0.6550242749982895,1.0,,,held-out,nominal,60,1.0,,,0.85,0.989,,0.08923256483968721,,,0.5157929259804895,0.010000000000005116,ekf3,,0.09101894331878932,1.0,,100/50/50 Hz,1.0,2000,transition,307,40,0.037090081530131935,0.07733164017341701,0.01794428641657282,after_return,0.632322964278458
0.2430619571767532,1.0,1.0,,held-out,stress,60,1.0,1.0,,0.85,1.0,,0.04962967098352185,1.0,,0.0928792591054048,0.010000000000005116,px4,,0.4111271400147162,1.0,,100/50/50 Hz,1.0,4700,gps,307,13,0.009848705567093642,0.018509156064047724,0.4081205961658238,flight,0.22953351788064327
0.33212638516913734,1.0,1.0,,held-out,stress,25,1.0,1.0,,0.85,1.0,,0.061268236477337146,1.0,,0.0928792591054048,0.010000000000001563,px4,,0.42647391635317433,1.0,,100/50/50 Hz,1.0,700,gps,307,18,0.058852307744891454,0.01918690580346904,0.42205000240323587,before_outage,0.31359327528697073
0.18610832210402395,1.0,1.0,,held-out,stress,40,1.0,1.0,,0.85,1.0,,0.05525693725911528,1.0,,0.07849254657450636,0.010000000000005116,px4,,0.39737949412624285,1.0,,100/50/50 Hz,1.0,1500,gps,307,25,0.04126856734962177,0.018243127440508985,0.3935189109010783,outage_window,0.1697816336832336
0.15980882111715086,1.0,1.0,,held-out,stress,60,1.0,1.0,,0.85,1.0,,0.039207218856568284,1.0,,0.06938989333933604,0.010000000000005116,px4,,0.4067493772628891,1.0,,100/50/50 Hz,1.0,2000,gps,307,40,0.009848705567093642,0.016763343500436508,0.40485534440498777,after_return,0.15458450857387912
0.3949233823109045,1.0,,,held-out,stress,60,1.0,,,0.85,0.5974468085106382,,0.14051898051291564,,,0.5643406889056358,0.010000000000005116,ekf3,,0.14556924487571046,1.0,,100/50/50 Hz,1.0,4700,gps,307,13,0.03194077679239873,0.0756001410039101,0.038010803323468345,flight,0.35263689176587454
0.3521827748828831,1.0,,,held-out,stress,25,1.0,,,0.85,0.0,,0.22881350035527892,,,0.3133339078117891,0.010000000000001563,ekf3,,0.23220920177222168,1.0,,100/50/50 Hz,1.0,700,gps,307,18,0.20128375065211543,0.10641565656456198,0.03956634229818499,before_outage,0.24071619561474644
0.4407357938765223,1.0,,,held-out,stress,40,1.0,,,0.85,0.5386666666666666,,0.1747490809124093,,,0.5643406889056358,0.010000000000005116,ekf3,,0.18123075566727567,1.0,,100/50/50 Hz,1.0,1500,gps,307,25,0.0395355148582505,0.09526502565650563,0.04803483652517202,outage_window,0.37804975813903274
0.41436184934675,1.0,,,held-out,stress,60,1.0,,,0.85,1.0,,0.05575262343703451,,,0.11681298014373004,0.010000000000005116,ekf3,,0.06134226043366652,1.0,,100/50/50 Hz,1.0,2000,gps,307,40,0.03194077679239873,0.03960583106867876,0.02558354734981058,after_return,0.4022235372104984
0.2344727421179102,1.0,1.0,,held-out,stress,60,1.0,1.0,,0.85,0.0,,0.058093452136561675,1.0,,0.10415669282165398,0.010000000000005116,px4,,0.09357326650219873,1.0,,100/50/50 Hz,1.0,4700,denied,307,13,0.09340499655034606,0.019629830394913908,0.07335602921879376,flight,0.20984851124607776
0.39985552734198054,1.0,1.0,,held-out,stress,25,1.0,1.0,,0.85,0.0,,0.04430071762923503,1.0,,0.06255478525413231,0.010000000000001563,px4,,0.1045512902340668,1.0,,100/50/50 Hz,1.0,700,denied,307,18,0.0076406781372181,0.029129344955842438,0.09470173550227502,before_outage,0.38087020480371153
0.17416873064705937,1.0,1.0,,held-out,stress,40,1.0,1.0,,0.85,0.0,,0.04274227459693006,1.0,,0.057885211803890994,0.010000000000005116,px4,,0.0786197881368152,1.0,,100/50/50 Hz,1.0,1500,denied,307,25,0.04443328000998188,0.019042535984197185,0.06598612770089131,outage_window,0.1449988280754378
0.11312846684912971,1.0,1.0,,held-out,stress,60,1.0,1.0,,0.85,0.0,,0.07553209613062141,1.0,,0.10415669282165398,0.010000000000005116,px4,,0.0974507184155846,1.0,,100/50/50 Hz,1.0,2000,denied,307,40,0.09340499655034606,0.014956055762430488,0.061575522521762856,after_return,0.07543929783996954
0.24532151779193723,1.0,,,held-out,stress,60,1.0,,,0.85,0.0,,0.22030462302120907,,,0.36440299591397857,0.010000000000005116,ekf3,,0.22481544919457042,1.0,,100/50/50 Hz,1.0,4700,denied,307,13,0.16917964249346867,0.08937762426562247,0.044809142728236,flight,0.17113522548754795
0.3521814860175004,1.0,,,held-out,stress,25,1.0,,,0.85,0.0,,0.22881363786518766,,,0.3133339078117891,0.010000000000001563,ekf3,,0.23220933727126128,1.0,,100/50/50 Hz,1.0,700,denied,307,18,0.20128375065211543,0.10641565656456198,0.03956634229818499,before_outage,0.24071485865478
0.2945204517353606,1.0,,,held-out,stress,40,1.0,,,0.85,0.0,,0.20881252826829225,,,0.30655598959990626,0.010000000000005116,ekf3,,0.2139563016797192,1.0,,100/50/50 Hz,1.0,1500,denied,307,25,0.18997242587807595,0.09488702409144738,0.04663289682902689,outage_window,0.22579362286881077
0.16503959618352068,1.0,,,held-out,stress,60,1.0,,,0.85,0.0,,0.24690551962960872,,,0.36440299591397857,0.010000000000005116,ekf3,,0.25107673471185477,1.0,,100/50/50 Hz,1.0,2000,denied,307,40,0.16917964249346867,0.08345075165364861,0.04557621188734316,after_return,0.08563992953541966
0.3340214900872598,1.0,1.0,,held-out,stress,60,1.0,1.0,,0.85,0.8042553191489362,,0.05734529186971952,1.0,,0.10048152534791213,0.010000000000005116,px4,,0.4272119693022059,1.0,,100/50/50 Hz,1.0,4700,transition,307,13,0.013407056503618777,0.018078428658512943,0.4233457029608846,flight,0.32220059898196485
0.33212638516913734,1.0,1.0,,held-out,stress,25,1.0,1.0,,0.85,1.0,,0.061268236477337146,1.0,,0.0928792591054048,0.010000000000001563,px4,,0.42647391635317433,1.0,,100/50/50 Hz,1.0,700,transition,307,18,0.058852307744891454,0.01918690580346904,0.42205000240323587,before_outage,0.31359327528697073
0.31203950932243013,1.0,1.0,,held-out,stress,40,1.0,1.0,,0.85,0.4726666666666667,,0.06888137925699685,1.0,,0.0927476119566239,0.010000000000005116,px4,,0.4070577378261953,1.0,,100/50/50 Hz,1.0,1500,transition,307,25,0.0927476119566239,0.01730364079303006,0.40118743439424087,outage_window,0.3020565376518354
0.31913009001388243,1.0,1.0,,held-out,stress,60,1.0,1.0,,0.85,0.9355,,0.04699317446420957,1.0,,0.10048152534791213,0.010000000000005116,px4,,0.4373723512658849,1.0,,100/50/50 Hz,1.0,2000,transition,307,40,0.013407056503618777,0.016401895427403317,0.43484044798710364,after_return,0.31182839118754063
0.39279598374858254,1.0,,,held-out,stress,60,1.0,,,0.85,0.4208510638297872,,0.16036607053356128,,,0.5157929259804895,0.010000000000005116,ekf3,,0.16421516823845914,1.0,,100/50/50 Hz,1.0,4700,transition,307,13,0.03209507328668708,0.08355076580758168,0.0353460733492461,flight,0.3529171319829242
0.3521827748828831,1.0,,,held-out,stress,25,1.0,,,0.85,0.0,,0.22881350035527892,,,0.3133339078117891,0.010000000000001563,ekf3,,0.23220920177222168,1.0,,100/50/50 Hz,1.0,700,transition,307,18,0.20128375065211543,0.10641565656456198,0.03956634229818499,before_outage,0.24071619561474644
0.2945189873655108,1.0,,,held-out,stress,40,1.0,,,0.85,0.0,,0.20881247276216108,,,0.30655598959990626,0.010000000000005116,ekf3,,0.21395624750802422,1.0,,100/50/50 Hz,1.0,1500,transition,307,25,0.18997242587807595,0.09488698909150982,0.04663289682902689,outage_window,0.22579163676953867
0.49838497479136595,1.0,,,held-out,stress,60,1.0,,,0.85,0.989,,0.08569000656430997,,,0.5157929259804895,0.010000000000005116,ekf3,,0.08739258967436248,1.0,,100/50/50 Hz,1.0,2000,transition,307,40,0.03209507328668708,0.06779458430785483,0.017166464545735675,after_return,0.48083598453270565
0.15655952950311694,1.0,1.0,,held-out,zero,60,1.0,1.0,,0.85,1.0,,0.0445616051138303,1.0,,0.09669062570116616,0.010000000000005116,px4,,0.08231050784396558,1.0,,100/50/50 Hz,1.0,4700,gps,911,13,0.023783378883482136,0.017023935409240673,0.0692046461678013,flight,0.11909863939668298
0.17427593296907098,1.0,1.0,,held-out,zero,25,1.0,1.0,,0.85,1.0,,0.03205575686346608,1.0,,0.0612812948323019,0.010000000000001563,px4,,0.09024787214230955,1.0,,100/50/50 Hz,1.0,700,gps,911,18,0.052792212677670466,0.01711201022401474,0.08436294730582258,before_outage,0.10684755938786704
0.13053737981021293,1.0,1.0,,held-out,zero,40,1.0,1.0,,0.85,1.0,,0.04279328702282197,1.0,,0.08562524249883727,0.010000000000005116,px4,,0.07107942754960905,1.0,,100/50/50 Hz,1.0,1500,gps,911,25,0.03127593195254346,0.018621871143879136,0.056754027227699885,outage_window,0.07608252329055633
0.10496540889396845,1.0,1.0,,held-out,zero,60,1.0,1.0,,0.85,1.0,,0.048237806827393814,1.0,,0.09669062570116616,0.010000000000005116,px4,,0.08512202594300702,1.0,,100/50/50 Hz,1.0,2000,gps,911,40,0.023783378883482136,0.01632152283277652,0.07013467967507231,after_return,0.07345903926658898
0.3884322994339891,1.0,,,held-out,zero,60,1.0,,,0.85,0.6323404255319149,,0.12694245657095649,,,0.2552347849835027,0.010000000000005116,ekf3,,0.13109268776476882,1.0,,100/50/50 Hz,1.0,4700,gps,911,13,0.023424763530712343,0.0686549140397262,0.03272469259018321,flight,0.33824784743383174
0.4077191533481338,1.0,,,held-out,zero,25,1.0,,,0.85,0.0,,0.1962656157959613,,,0.2552347849835027,0.010000000000001563,ekf3,,0.2008257423049628,1.0,,100/50/50 Hz,1.0,700,gps,911,18,0.18181030912665266,0.10116011391656936,0.042553340980132554,before_outage,0.30630287027262076
0.4165925951517174,1.0,,,held-out,zero,40,1.0,,,0.85,0.648,,0.1355810004182781,,,0.2384323895130967,0.010000000000005116,ekf3,,0.13690504760996872,1.0,,100/50/50 Hz,1.0,1500,gps,911,25,0.019366542372941248,0.07610662606792415,0.0189943251174309,outage_window,0.3477679488451538
0.35530912252959373,1.0,,,held-out,zero,60,1.0,,,0.85,1.0,,0.07701283791423714,,,0.16791055128116905,0.010000000000005116,ekf3,,0.08453858109528786,1.0,,100/50/50 Hz,1.0,2000,gps,911,40,0.023424763530712343,0.038394686116005335,0.034868244722096355,after_return,0.33115952117779046
0.1925377098879287,1.0,1.0,,held-out,zero,60,1.0,1.0,,0.85,0.0,,0.09413892303926687,1.0,,0.1444336316163864,0.010000000000005116,px4,,0.09533195333206126,1.0,,100/50/50 Hz,1.0,4700,denied,911,13,0.13230973915978494,0.01551039009459572,0.015034776190994446,flight,0.16668315259965702
0.2737218879441227,1.0,1.0,,held-out,zero,25,1.0,1.0,,0.85,0.0,,0.06025867326985709,1.0,,0.08270308939909261,0.010000000000001563,px4,,0.0633531714855626,1.0,,100/50/50 Hz,1.0,700,denied,911,18,0.03435181126332146,0.021660512307901426,0.0195580324428536,before_outage,0.24947922183299498
0.21094485225707163,1.0,1.0,,held-out,zero,40,1.0,1.0,,0.85,0.0,,0.07881490090031168,1.0,,0.1010985531362569,0.010000000000005116,px4,,0.07945899867206746,1.0,,100/50/50 Hz,1.0,1500,denied,911,25,0.08196694021871946,0.016101803246364167,0.010096725510860763,outage_window,0.1868454686038212
0.09730265475408244,1.0,1.0,,held-out,zero,60,1.0,1.0,,0.85,0.0,,0.12097331261001056,1.0,,0.1444336316163864,0.010000000000005116,px4,,0.12161639476210882,1.0,,100/50/50 Hz,1.0,2000,denied,911,40,0.13230973915978494,0.012740812873951249,0.012490200602622445,after_return,0.05954714903460542
0.41774699696285705,1.0,,,held-out,zero,60,1.0,,,0.85,0.0,,0.18870332517555627,,,0.3529389095439907,0.010000000000005116,ekf3,,0.1940564695926803,1.0,,100/50/50 Hz,1.0,4700,denied,911,13,0.23967663380028137,0.09764378239964698,0.04526553278669243,flight,0.36819291656063435
0.5075879248935554,1.0,,,held-out,zero,25,1.0,,,0.85,0.0,,0.20649432336521606,,,0.271915747285259,0.010000000000001563,ekf3,,0.2112177447816112,1.0,,100/50/50 Hz,1.0,700,denied,911,18,0.18314986796376106,0.10643716275141807,0.04441880377240508,before_outage,0.42715697152533516
0.3951581708126494,1.0,,,held-out,zero,40,1.0,,,0.85,0.0,,0.17561236916509365,,,0.24820915173855757,0.010000000000005116,ekf3,,0.17995800813090762,1.0,,100/50/50 Hz,1.0,1500,denied,911,25,0.12836135087799996,0.10333739792804043,0.03930878383601643,outage_window,0.331635929494392
0.4099863704142638,1.0,,,held-out,zero,60,1.0,,,0.85,0.0,,0.20078836473136355,,,0.3529389095439907,0.010000000000005116,ekf3,,0.20587363896695243,1.0,,100/50/50 Hz,1.0,2000,denied,911,40,0.23967663380028137,0.09402322231963525,0.045475133974514026,after_return,0.37660785218976606
0.1608793462441084,1.0,1.0,,held-out,zero,60,1.0,1.0,,0.85,0.8004255319148936,,0.052352243772681606,1.0,,0.09459510599596437,0.010000000000005116,px4,,0.09929771491089529,1.0,,100/50/50 Hz,1.0,4700,transition,911,13,0.024424698991670844,0.01703185288714125,0.08437581856486583,flight,0.12469810204465172
0.17427593296907098,1.0,1.0,,held-out,zero,25,1.0,1.0,,0.85,1.0,,0.03205575686346608,1.0,,0.0612812948323019,0.010000000000001563,px4,,0.09024787214230955,1.0,,100/50/50 Hz,1.0,700,transition,911,18,0.052792212677670466,0.01711201022401474,0.08436294730582258,before_outage,0.10684755938786704
0.10859043685213104,1.0,1.0,,held-out,zero,40,1.0,1.0,,0.85,0.46066666666666667,,0.06286777378850422,1.0,,0.08998010893144645,0.010000000000005116,px4,,0.08306281048397976,1.0,,100/50/50 Hz,1.0,1500,transition,911,25,0.05934826469266795,0.018165548143244167,0.054286955195286084,outage_window,0.03891175078931428
0.13481963223894397,1.0,1.0,,held-out,zero,60,1.0,1.0,,0.85,0.9355,,0.050103554364581825,1.0,,0.09459510599596437,0.010000000000005116,px4,,0.11449973337016818,1.0,,100/50/50 Hz,1.0,2000,transition,911,40,0.024424698991670844,0.016721721240119322,0.10295544075897592,after_return,0.10867431714499083
0.47860630850453045,1.0,,,held-out,zero,60,1.0,,,0.85,0.4238297872340426,,0.14008263696282147,,,0.2764099799671638,0.010000000000005116,ekf3,,0.1450902167199255,1.0,,100/50/50 Hz,1.0,4700,transition,911,13,0.022958007420893347,0.07967287266740751,0.037789228748114335,flight,0.4378509740340722
0.4077191533481338,1.0,,,held-out,zero,25,1.0,,,0.85,0.0,,0.1962656157959613,,,0.2552347849835027,0.010000000000001563,ekf3,,0.2008257423049628,1.0,,100/50/50 Hz,1.0,700,transition,911,18,0.18181030912665266,0.10116011391656936,0.042553340980132554,before_outage,0.30630287027262076
0.3580717983319298,1.0,,,held-out,zero,40,1.0,,,0.85,0.0,,0.16689034094881963,,,0.2384323895130967,0.010000000000005116,ekf3,,0.1711422257519943,1.0,,100/50/50 Hz,1.0,1500,transition,911,25,0.12531467879600933,0.09979846703722085,0.03791141692595165,outage_window,0.2833005557385988
0.5864966085844534,1.0,,,held-out,zero,60,1.0,,,0.85,0.996,,0.08410662633617734,,,0.2764099799671638,0.010000000000005116,ekf3,,0.09122271339229808,1.0,,100/50/50 Hz,1.0,2000,transition,911,40,0.022958007420893347,0.04678726786092436,0.03532221461063844,after_return,0.5673081411679162
0.15867244468855965,1.0,1.0,,held-out,nominal,60,1.0,1.0,,0.85,1.0,,0.04456059394562869,1.0,,0.09669062570116616,0.010000000000005116,px4,,0.08141929363353867,1.0,,100/50/50 Hz,1.0,4700,gps,911,13,0.023761870542078876,0.017061301858904747,0.068142900165734,flight,0.11968267197049146
0.17752172381012896,1.0,1.0,,held-out,nominal,25,1.0,1.0,,0.85,1.0,,0.032083108102127736,1.0,,0.06125637306805642,0.010000000000001563,px4,,0.08931587412926639,1.0,,100/50/50 Hz,1.0,700,gps,911,18,0.05273704458027883,0.017098746480846732,0.08335466121328874,before_outage,0.10781559498096471
0.1327728208380346,1.0,1.0,,held-out,nominal,40,1.0,1.0,,0.85,1.0,,0.04281834185423849,1.0,,0.08569314131291798,0.010000000000005116,px4,,0.07028650601645098,1.0,,100/50/50 Hz,1.0,1500,gps,911,25,0.031250446229116206,0.018698757749827086,0.05573851925602408,outage_window,0.076339835729805
0.10615041296229531,1.0,1.0,,held-out,nominal,60,1.0,1.0,,0.85,1.0,,0.04823751303199147,1.0,,0.09669062570116616,0.010000000000005116,px4,,0.08421415597810915,1.0,,100/50/50 Hz,1.0,2000,gps,911,40,0.023761870542078876,0.01634457374745363,0.06903018472808653,after_return,0.0734890926777507
0.4245062374151026,1.0,,,held-out,nominal,60,1.0,,,0.85,0.6251063829787235,,0.1774224633641275,,,0.8283299210062913,0.010000000000005116,ekf3,,0.18162917949578972,1.0,,100/50/50 Hz,1.0,4700,gps,911,13,0.030908344189293252,0.08949981974023113,0.0388642295448994,flight,0.37741001923058626
0.5466277100016292,1.0,,,held-out,nominal,25,1.0,,,0.85,0.0,,0.2658331952914369,,,0.36916262264898303,0.010000000000001563,ekf3,,0.2691775330074895,1.0,,100/50/50 Hz,1.0,700,gps,911,18,0.13263847155077993,0.12665656705227968,0.04229960469251288,before_outage,0.4670185667884952
0.47069172483884575,1.0,,,held-out,nominal,40,1.0,,,0.85,0.6253333333333333,,0.22442934804794032,,,0.8283299210062913,0.010000000000005116,ekf3,,0.22648842368921096,1.0,,100/50/50 Hz,1.0,1500,gps,911,25,0.006469124897151615,0.11091041885568408,0.03047086805458617,outage_window,0.40278803073023794
0.3755244861694279,1.0,,,held-out,nominal,60,1.0,,,0.85,1.0,,0.08406072035874293,,,0.17382736065929547,0.010000000000005116,ekf3,,0.09145999900082427,1.0,,100/50/50 Hz,1.0,2000,gps,911,40,0.030908344189293252,0.04684925052646922,0.03603785107355876,after_return,0.35783442413654737
0.19842247295816098,1.0,1.0,,held-out,nominal,60,1.0,1.0,,0.85,0.0,,0.09777360263089992,1.0,,0.14859184716306628,0.010000000000005116,px4,,0.09890175012616192,1.0,,100/50/50 Hz,1.0,4700,denied,911,13,0.13624478759204084,0.015779121321096636,0.014895596886081804,flight,0.17178064566118864
0.2822575321274803,1.0,1.0,,held-out,nominal,25,1.0,1.0,,0.85,0.0,,0.06326567911659235,1.0,,0.08586848289466409,0.010000000000001563,px4,,0.06611746922802887,1.0,,100/50/50 Hz,1.0,700,denied,911,18,0.03532806189767378,0.02209085241614128,0.01920868509387653,before_outage,0.2571285684944094
0.2153484325239668,1.0,1.0,,held-out,nominal,40,1.0,1.0,,0.85,0.0,,0.08262199181627064,1.0,,0.10537948870383126,0.010000000000005116,px4,,0.08320432663166957,1.0,,100/50/50 Hz,1.0,1500,denied,911,25,0.08605992337752688,0.016351599835837893,0.009826822403079572,outage_window,0.19033692685059259
0.0975269498457504,1.0,1.0,,held-out,nominal,60,1.0,1.0,,0.85,0.0,,0.12503733502851247,1.0,,0.14859184716306628,0.010000000000005116,px4,,0.1256728785239728,1.0,,100/50/50 Hz,1.0,2000,denied,911,40,0.13624478759204084,0.012836502275220872,0.012622885782132002,after_return,0.05759897363139726
0.3001700120391858,1.0,,,held-out,nominal,60,1.0,,,0.85,0.0,,0.26105007600431457,,,0.44252606498374086,0.010000000000005116,ekf3,,0.2665922803202674,1.0,,100/50/50 Hz,1.0,4700,denied,911,13,0.3046030350404638,0.11416453525022544,0.05407681337229117,flight,0.22026466444821566
0.5466277100016292,1.0,,,held-out,nominal,25,1.0,,,0.85,0.0,,0.2658331952914369,,,0.36916262264898303,0.010000000000001563,ekf3,,0.2691775330074895,1.0,,100/50/50 Hz,1.0,700,denied,911,18,0.13263847155077993,0.12665656705227968,0.04229960469251288,before_outage,0.4670185667884952
0.27065902615564563,1.0,,,held-out,nominal,40,1.0,,,0.85,0.0,,0.2652244609067129,,,0.3996096037782231,0.010000000000005116,ekf3,,0.2717817433957927,1.0,,100/50/50 Hz,1.0,1500,denied,911,25,0.08885548653468199,0.12338793425130186,0.05934055426097736,outage_window,0.1446740580031879
0.20123673982668594,1.0,,,held-out,nominal,60,1.0,,,0.85,0.0,,0.27974159566734913,,,0.44252606498374086,0.010000000000005116,ekf3,,0.28448562156375257,1.0,,100/50/50 Hz,1.0,2000,denied,911,40,0.3046030350404638,0.1086603249855115,0.05173691651036037,after_return,0.11536894805457219
0.1628681670590746,1.0,1.0,,held-out,nominal,60,1.0,1.0,,0.85,0.8029787234042554,,0.05237401633316928,1.0,,0.09459510599596437,0.010000000000005116,px4,,0.09816440887574332,1.0,,100/50/50 Hz,1.0,4700,transition,911,13,0.024424698991670844,0.017053127318894905,0.08302537915033589,flight,0.12519407659944298
0.17752172381012896,1.0,1.0,,held-out,nominal,25,1.0,1.0,,0.85,1.0,,0.032083108102127736,1.0,,0.06125637306805642,0.010000000000001563,px4,,0.08931587412926639,1.0,,100/50/50 Hz,1.0,700,transition,911,18,0.05273704458027883,0.017098746480846732,0.08335466121328874,before_outage,0.10781559498096471
0.11118549569303794,1.0,1.0,,held-out,nominal,40,1.0,1.0,,0.85,0.4686666666666667,,0.06292669249510878,1.0,,0.09008798784995055,0.010000000000005116,px4,,0.0825157089913984,1.0,,100/50/50 Hz,1.0,1500,transition,911,25,0.059409955126590634,0.018285765801716713,0.053376714042540754,outage_window,0.039400231228536454
0.13560268939566897,1.0,1.0,,held-out,nominal,60,1.0,1.0,,0.85,0.9355,,0.050119437034733434,1.0,,0.09459510599596437,0.010000000000005116,px4,,0.11294839134121935,1.0,,100/50/50 Hz,1.0,2000,transition,911,40,0.024424698991670844,0.016671696969982736,0.10121947015219268,after_return,0.10853011496138446
0.46547760838796487,1.0,,,held-out,nominal,60,1.0,,,0.85,0.4208510638297872,,0.19724327050716062,,,0.5265598197156317,0.010000000000005116,ekf3,,0.20327376494644075,1.0,,100/50/50 Hz,1.0,4700,transition,911,13,0.031228313542870558,0.10288188079167672,0.049145862034762476,flight,0.4203301589226172
0.5466277100016292,1.0,,,held-out,nominal,25,1.0,,,0.85,0.0,,0.2658331952914369,,,0.36916262264898303,0.010000000000001563,ekf3,,0.2691775330074895,1.0,,100/50/50 Hz,1.0,700,transition,911,18,0.13263847155077993,0.12665656705227968,0.04229960469251288,before_outage,0.4670185667884952
0.27065902615564563,1.0,,,held-out,nominal,40,1.0,,,0.85,0.0,,0.2652244609067129,,,0.3996096037782231,0.010000000000005116,ekf3,,0.2717817433957927,1.0,,100/50/50 Hz,1.0,1500,transition,911,25,0.08885548653468199,0.12338789742810591,0.05934055426097736,outage_window,0.1446740580031879
0.5813170393827185,1.0,,,held-out,nominal,60,1.0,,,0.85,0.989,,0.09765300536079573,,,0.5265598197156317,0.010000000000005116,ekf3,,0.10496047308866133,1.0,,100/50/50 Hz,1.0,2000,transition,911,40,0.031228313542870558,0.07779622557775662,0.03847845442582121,after_return,0.5607924017009505
0.15814067899965198,1.0,1.0,,held-out,stress,60,1.0,1.0,,0.85,1.0,,0.044632769668374934,1.0,,0.09669062570116616,0.010000000000005116,px4,,0.08470930814724557,1.0,,100/50/50 Hz,1.0,4700,gps,911,13,0.023783378883482136,0.017046268426322096,0.07199710243138119,flight,0.11849778883530131
0.17632616554766206,1.0,1.0,,held-out,stress,25,1.0,1.0,,0.85,1.0,,0.032055092837882514,1.0,,0.06089490987058687,0.010000000000001563,px4,,0.09290394647481487,1.0,,100/50/50 Hz,1.0,700,gps,911,18,0.05284380542062754,0.017091010270067045,0.08719870580318266,before_outage,0.10524252220180355
0.1329789890227045,1.0,1.0,,held-out,stress,40,1.0,1.0,,0.85,1.0,,0.04284002229561731,1.0,,0.08572687306183963,0.010000000000005116,px4,,0.07327216412669835,1.0,,100/50/50 Hz,1.0,1500,gps,911,25,0.03127593195254346,0.018684908548570585,0.05944360794501654,outage_window,0.07644696382590596
0.10664567894247558,1.0,1.0,,held-out,stress,60,1.0,1.0,,0.85,1.0,,0.0482453630844956,1.0,,0.09669062570116616,0.010000000000005116,px4,,0.08742461793381519,1.0,,100/50/50 Hz,1.0,2000,gps,911,40,0.023783378883482136,0.01633596840865411,0.07290712421786194,after_return,0.07352874162481605
0.3769864760411826,1.0,,,held-out,stress,60,1.0,,,0.85,0.6059574468085106,,0.14521622891630848,,,0.7351782457185773,0.010000000000005116,ekf3,,0.1491710705679932,1.0,,100/50/50 Hz,1.0,4700,gps,911,13,0.02052891351308717,0.07311386568880858,0.034121183357666646,flight,0.3144498016387269
0.37194545145753566,1.0,,,held-out,stress,25,1.0,,,0.85,0.0,,0.22094793794334436,,,0.28187343696823136,0.010000000000001563,ekf3,,0.22310460614119096,1.0,,100/50/50 Hz,1.0,700,gps,911,18,0.23909188737603604,0.10688438182287768,0.030946308342030073,before_outage,0.21577086121899944
0.44818031766512867,1.0,,,held-out,stress,40,1.0,,,0.85,0.5653333333333334,,0.17600900359326788,,,0.7351782457185773,0.010000000000005116,ekf3,,0.17868034355396134,1.0,,100/50/50 Hz,1.0,1500,gps,911,25,0.008808704452355596,0.08920474965166132,0.030781420153506028,outage_window,0.37391393995228345
0.32700387165362643,1.0,,,held-out,stress,60,1.0,,,0.85,1.0,,0.07740303565968769,,,0.1669876204879554,0.010000000000005116,ekf3,,0.08316283174793224,1.0,,100/50/50 Hz,1.0,2000,gps,911,40,0.02052891351308717,0.03836110379234528,0.03041096274372122,after_return,0.29869897283046914
0.1984794950501271,1.0,1.0,,held-out,stress,60,1.0,1.0,,0.85,0.0,,0.09422477879168441,1.0,,0.14472552022313143,0.010000000000005116,px4,,0.09562916376189497,1.0,,100/50/50 Hz,1.0,4700,denied,911,13,0.13291054828033946,0.015759079609223424,0.016328748373879348,flight,0.17123458617004003
0.28236414065028836,1.0,1.0,,held-out,stress,25,1.0,1.0,,0.85,0.0,,0.06140803509628257,1.0,,0.08559882564895188,0.010000000000001563,px4,,0.06516435740455645,1.0,,100/50/50 Hz,1.0,700,denied,911,18,0.03770623891018304,0.022108534172139743,0.021804740346138024,before_outage,0.2569752641965735
0.21550085232951627,1.0,1.0,,held-out,stress,40,1.0,1.0,,0.85,0.0,,0.07866319946649972,1.0,,0.10081386264815098,0.010000000000005116,px4,,0.07941842851246589,1.0,,100/50/50 Hz,1.0,1500,denied,911,25,0.08124630754003878,0.016308538841488106,0.010926474137768928,outage_window,0.1900307589583357
0.09887803717644723,1.0,1.0,,held-out,stress,60,1.0,1.0,,0.85,0.0,,0.12084814838263469,1.0,,0.14472552022313143,0.010000000000005116,px4,,0.12155264940363308,1.0,,100/50/50 Hz,1.0,2000,denied,911,40,0.13291054828033946,0.012830062723848549,0.013067961184945801,after_return,0.05832875063979894
0.34822019788727493,1.0,,,held-out,stress,60,1.0,,,0.85,0.0,,0.21063043070458207,,,0.3710778996683863,0.010000000000005116,ekf3,,0.21568244018269903,1.0,,100/50/50 Hz,1.0,4700,denied,911,13,0.2784088638075733,0.08809559268446544,0.04640836847343166,flight,0.27889560076189274
0.37194545145753566,1.0,,,held-out,stress,25,1.0,,,0.85,0.0,,0.22094793794334436,,,0.28187343696823136,0.010000000000001563,ekf3,,0.22310460614119096,1.0,,100/50/50 Hz,1.0,700,denied,911,18,0.23909188737603604,0.10688438182287768,0.030946308342030073,before_outage,0.21577086121899944
0.44215181306706364,1.0,,,held-out,stress,40,1.0,,,0.85,0.0,,0.19486681171794565,,,0.2636034029841218,0.010000000000005116,ekf3,,0.20208983694333557,1.0,,100/50/50 Hz,1.0,1500,denied,911,25,0.12785528690141412,0.09102670319818089,0.05354650209553064,outage_window,0.3834262806726599
0.2488624979107102,1.0,,,held-out,stress,60,1.0,,,0.85,0.0,,0.2354734601234493,,,0.3710778996683863,0.010000000000005116,ekf3,,0.23928656373166812,1.0,,100/50/50 Hz,1.0,2000,denied,911,40,0.2784088638075733,0.08307228843078067,0.042547728023949766,after_return,0.18504756654251306
0.1624436600138849,1.0,1.0,,held-out,stress,60,1.0,1.0,,0.85,0.8040425531914893,,0.052461032250566926,1.0,,0.09459510599596437,0.010000000000005116,px4,,0.10125108716653645,1.0,,100/50/50 Hz,1.0,4700,transition,911,13,0.024424698991670844,0.01702639068335848,0.08660036228336773,flight,0.12408265961669246
0.17632616554766206,1.0,1.0,,held-out,stress,25,1.0,1.0,,0.85,1.0,,0.032055092837882514,1.0,,0.06089490987058687,0.010000000000001563,px4,,0.09290394647481487,1.0,,100/50/50 Hz,1.0,700,transition,911,18,0.05284380542062754,0.017091010270067045,0.08719870580318266,before_outage,0.10524252220180355
0.11135665572647375,1.0,1.0,,held-out,stress,40,1.0,1.0,,0.85,0.472,,0.06300936232333626,1.0,,0.09012090579105296,0.010000000000005116,px4,,0.08488210567628081,1.0,,100/50/50 Hz,1.0,1500,transition,911,25,0.05954793512462183,0.018255962712084666,0.05687523295465112,outage_window,0.038940270107741294
0.13629886815099573,1.0,1.0,,held-out,stress,60,1.0,1.0,,0.85,0.9355,,0.05012593102785983,1.0,,0.09459510599596437,0.010000000000005116,px4,,0.11616718339922752,1.0,,100/50/50 Hz,1.0,2000,transition,911,40,0.024424698991670844,0.016648016782049982,0.10479601871015903,after_return,0.10879363563401541
0.43794345694210485,1.0,,,held-out,stress,60,1.0,,,0.85,0.4208510638297872,,0.15605612748610467,,,0.5265598197156317,0.010000000000005116,ekf3,,0.16143097639978826,1.0,,100/50/50 Hz,1.0,4700,transition,911,13,0.02043752259756072,0.08339322009391868,0.041309142032117246,flight,0.3858042747506545
0.37194545145753566,1.0,,,held-out,stress,25,1.0,,,0.85,0.0,,0.22094793794334436,,,0.28187343696823136,0.010000000000001563,ekf3,,0.22310460614119096,1.0,,100/50/50 Hz,1.0,700,transition,911,18,0.23909188737603604,0.10688438182287768,0.030946308342030073,before_outage,0.21577086121899944
0.4421517729901589,1.0,,,held-out,stress,40,1.0,,,0.85,0.0,,0.19486681171794565,,,0.2636034029841218,0.010000000000005116,ekf3,,0.20208983694333557,1.0,,100/50/50 Hz,1.0,1500,transition,911,25,0.12785528690141412,0.09102670319818089,0.05354650209553064,outage_window,0.38342628162291914
0.4771738758687233,1.0,,,held-out,stress,60,1.0,,,0.85,0.989,,0.0917624182459216,,,0.5265598197156317,0.010000000000005116,ekf3,,0.09580978894319436,1.0,,100/50/50 Hz,1.0,2000,transition,911,40,0.02043752259756072,0.07075277391777507,0.027553116974309826,after_return,0.44859639958641745
0.2587851008494411,1.0,1.0,,held-out,zero,60,1.0,1.0,,0.85,1.0,,0.053444964362169,1.0,,0.10689451577825894,0.010000000000005116,px4,,0.1093932528757656,1.0,,25/25/25 Hz,1.0,4700,gps,101,13,0.061327707843184115,0.019856434135823737,0.09544904168752918,flight,0.24717670355404178
0.24875552358123923,1.0,1.0,,held-out,zero,25,1.0,1.0,,0.85,1.0,,0.0625413337596899,1.0,,0.10218254805694373,0.010000000000001563,px4,,0.09571337386890871,1.0,,25/25/25 Hz,1.0,700,gps,101,18,0.03146671702773602,0.024835587115298745,0.0724543408563529,before_outage,0.23060653033805262
0.14088169520217717,1.0,1.0,,held-out,zero,40,1.0,1.0,,0.85,1.0,,0.05067717910731122,1.0,,0.10689451577825894,0.010000000000005116,px4,,0.10282652680700231,1.0,,25/25/25 Hz,1.0,1500,gps,101,25,0.03204618512199736,0.017418743135867137,0.08947132575812582,outage_window,0.11290322464029104
0.08556855842735298,1.0,1.0,,held-out,zero,60,1.0,1.0,,0.85,1.0,,0.05162133780613725,1.0,,0.09502863153883172,0.010000000000005116,px4,,0.12160281502069693,1.0,,25/25/25 Hz,1.0,2000,gps,101,40,0.061327707843184115,0.017589678025769804,0.11010214395761103,after_return,0.05860733852847261
0.48736776391497266,1.0,,,held-out,zero,60,1.0,,,0.85,0.5621276595744681,,0.14500410917732875,,,0.342342783126111,0.010000000000005116,ekf3,,0.1519760166113481,1.0,,25/25/25 Hz,1.0,4700,gps,101,13,0.07644330428891631,0.07428317391125017,0.045502944374425695,flight,0.4522395868003057
0.40832132707244695,1.0,,,held-out,zero,25,1.0,,,0.85,0.0,,0.22304032479467764,,,0.3053082778761567,0.010000000000001563,ekf3,,0.22564179877838206,1.0,,25/25/25 Hz,1.0,700,gps,101,18,0.15142985778260873,0.10357735762234409,0.034164819206730354,before_outage,0.31365785047268874
0.5988927132151395,1.0,,,held-out,zero,40,1.0,,,0.85,0.428,,0.17834750291557794,,,0.342342783126111,0.010000000000005116,ekf3,,0.1840899772472384,1.0,,25/25/25 Hz,1.0,1500,gps,101,25,0.028800885477203397,0.08999953228250095,0.045621134649049086,outage_window,0.5619071005859482
0.4300841304367049,1.0,,,held-out,zero,60,1.0,,,0.85,1.0,,0.0587265574899683,,,0.10645853273218565,0.010000000000005116,ekf3,,0.07533508485176446,1.0,,25/25/25 Hz,1.0,2000,gps,101,40,0.07644330428891631,0.03670558595611776,0.047186507128627354,after_return,0.41006057457813055
0.3797051536798796,1.0,1.0,,held-out,zero,60,1.0,1.0,,0.85,0.0,,0.09973431524298665,1.0,,0.18604313992963145,0.010000000000005116,px4,,0.25835578872630266,1.0,,25/25/25 Hz,1.0,4700,denied,101,13,0.18002196205754611,0.02339326079145593,0.2383291420103771,flight,0.3681232107917806
0.43629914487721483,1.0,1.0,,held-out,zero,25,1.0,1.0,,0.85,0.0,,0.04480306743341285,1.0,,0.06059382162460824,0.010000000000001563,px4,,0.21053163128237087,1.0,,25/25/25 Hz,1.0,700,denied,101,18,0.034107514835472516,0.026041802410263864,0.2057091464154504,before_outage,0.42481887419877606
0.44729578435655654,1.0,1.0,,held-out,zero,40,1.0,1.0,,0.85,0.0,,0.06912882629577718,1.0,,0.11073525826639347,0.010000000000005116,px4,,0.25249845662818426,1.0,,25/25/25 Hz,1.0,1500,denied,101,25,0.04773862292344828,0.026410451802392675,0.24285113953733745,outage_window,0.4365399557584445
0.16314034470549257,1.0,1.0,,held-out,zero,60,1.0,1.0,,0.85,0.0,,0.1369778943851029,1.0,,0.18604313992963145,0.010000000000005116,px4,,0.285410801290802,1.0,,25/25/25 Hz,1.0,2000,denied,101,40,0.18002196205754611,0.01816257053420509,0.2503924558433845,after_return,0.1425687009140976
0.3795284303689831,1.0,,,held-out,zero,60,1.0,,,0.85,0.0,,0.3005508693576894,,,0.5433863158446492,0.010000000000005116,ekf3,,0.30601636701787094,1.0,,25/25/25 Hz,1.0,4700,denied,101,13,0.4201413209082325,0.09810369861241283,0.05757770237820739,flight,0.32638418886141857
0.4240813174188348,1.0,,,held-out,zero,25,1.0,,,0.85,0.0,,0.23818605554206948,,,0.32124452927031383,0.010000000000001563,ekf3,,0.24231516307216475,1.0,,25/25/25 Hz,1.0,700,denied,101,18,0.14950232739869682,0.10641136880061101,0.044542577383891925,before_outage,0.33403438438791305
0.3807445831561096,1.0,,,held-out,zero,40,1.0,,,0.85,0.0,,0.24961721570047635,,,0.3726461511812462,0.010000000000005116,ekf3,,0.25629690857946663,1.0,,25/25/25 Hz,1.0,1500,denied,101,25,0.09434787996266177,0.10634656427265572,0.058132185347992325,outage_window,0.3118085672281854
0.3452934340099202,1.0,,,held-out,zero,60,1.0,,,0.85,0.0,,0.37472525969521575,,,0.5433863158446492,0.010000000000005116,ekf3,,0.37798481596308453,1.0,,25/25/25 Hz,1.0,2000,denied,101,40,0.4201413209082325,0.09223243267771487,0.04953282593391982,after_return,0.3092975594457804
0.26388491774598166,1.0,1.0,,held-out,zero,60,1.0,1.0,,0.85,0.8004255319148936,,0.06715137271192004,1.0,,0.14536696627529144,0.010000000000005116,px4,,0.10945526260262178,1.0,,25/25/25 Hz,1.0,4700,transition,101,13,0.060979427006974424,0.019246624864806817,0.08643580076746958,flight,0.25142066948278985
0.24875552358123923,1.0,1.0,,held-out,zero,25,1.0,1.0,,0.85,1.0,,0.0625413337596899,1.0,,0.10218254805694373,0.010000000000001563,px4,,0.09571337386890871,1.0,,25/25/25 Hz,1.0,700,transition,101,18,0.03146671702773602,0.024835587115298745,0.0724543408563529,before_outage,0.23060653033805262
0.12045136562625844,1.0,1.0,,held-out,zero,40,1.0,1.0,,0.85,0.46066666666666667,,0.07566490019686146,1.0,,0.10827221618374848,0.010000000000005116,px4,,0.12445630636404155,1.0,,25/25/25 Hz,1.0,1500,transition,101,25,0.10175452800011378,0.01348963972500294,0.09881394168830207,outage_window,0.07842471359508578
0.1326284052691569,1.0,1.0,,held-out,zero,60,1.0,1.0,,0.85,0.9355,,0.06466395630172513,1.0,,0.14536696627529144,0.010000000000005116,px4,,0.10550866157896785,1.0,,25/25/25 Hz,1.0,2000,transition,101,40,0.060979427006974424,0.018559141652262526,0.08337056089288203,after_return,0.11556391336398603
0.45450843403559626,1.0,,,held-out,zero,60,1.0,,,0.85,0.4238297872340426,,0.16467391631549527,,,0.3320220898865847,0.010000000000005116,ekf3,,0.17247385664900716,1.0,,25/25/25 Hz,1.0,4700,transition,101,13,0.0764004045705375,0.08026175481893995,0.05128091762731558,flight,0.4114389296572024
0.40832132707244695,1.0,,,held-out,zero,25,1.0,,,0.85,0.0,,0.22304032479467764,,,0.3053082778761567,0.010000000000001563,ekf3,,0.22564179877838206,1.0,,25/25/25 Hz,1.0,700,transition,101,18,0.15142985778260873,0.10357735762234409,0.034164819206730354,before_outage,0.31365785047268874
0.3913343290604322,1.0,,,held-out,zero,40,1.0,,,0.85,0.0,,0.2246427599997484,,,0.3320220898865847,0.010000000000005116,ekf3,,0.23136676410763474,1.0,,25/25/25 Hz,1.0,1500,transition,101,25,0.08314431354455278,0.10223361404121344,0.05537336826790775,outage_window,0.32363873533908527
0.5161285346242526,1.0,,,held-out,zero,60,1.0,,,0.85,0.996,,0.06140827893724966,,,0.11010671031487497,0.010000000000005116,ekf3,,0.08107407672638067,1.0,,25/25/25 Hz,1.0,2000,transition,101,40,0.0764004045705375,0.041889825917653285,0.052934196839094484,after_return,0.4935453514179571
0.2514044526915803,1.0,1.0,,held-out,nominal,60,1.0,1.0,,0.85,1.0,,0.05343509192090839,1.0,,0.10683299431434881,0.010000000000005116,px4,,0.06496917368229856,1.0,,25/25/25 Hz,1.0,4700,gps,101,13,0.061327707843184115,0.019866123122569104,0.03695516852031319,flight,0.23895864151614662
0.24957365888338115,1.0,1.0,,held-out,nominal,25,1.0,1.0,,0.85,1.0,,0.06256103096402085,1.0,,0.10226702103790765,0.010000000000001563,px4,,0.07235106236703315,1.0,,25/25/25 Hz,1.0,700,gps,101,18,0.031368409681793864,0.024856973435260415,0.03634272458632048,before_outage,0.23078070515920782
0.1412703473104188,1.0,1.0,,held-out,nominal,40,1.0,1.0,,0.85,1.0,,0.050653119398248764,1.0,,0.10683299431434881,0.010000000000005116,px4,,0.058573184540104004,1.0,,25/25/25 Hz,1.0,1500,gps,101,25,0.03203105895665295,0.017396168992112358,0.029412232869944332,outage_window,0.11221453452491743
0.08599168048375316,1.0,1.0,,held-out,nominal,60,1.0,1.0,,0.85,1.0,,0.051625643741965745,1.0,,0.09506657842311896,0.010000000000005116,px4,,0.06862586470976516,1.0,,25/25/25 Hz,1.0,2000,gps,101,40,0.061327707843184115,0.01759644722055935,0.0452139604037362,after_return,0.05820606754515884
0.4251584567733972,1.0,,,held-out,nominal,60,1.0,,,0.85,0.5612765957446808,,0.16042578233591864,,,0.4021671801981514,0.010000000000005116,ekf3,,0.16853015613522687,1.0,,25/25/25 Hz,1.0,4700,gps,101,13,0.0863692594105906,0.08437460910570609,0.051633147191241395,flight,0.39269226269974794
0.30224112069399545,1.0,,,held-out,nominal,25,1.0,,,0.85,0.0,,0.24526546401193258,,,0.3026290181280088,0.010000000000001563,ekf3,,0.24671117591771735,1.0,,25/25/25 Hz,1.0,700,gps,101,18,0.2682646316920051,0.10459256604044816,0.026669392301180875,before_outage,0.20309823330607563
0.5450396824157216,1.0,,,held-out,nominal,40,1.0,,,0.85,0.42533333333333334,,0.20388364472203144,,,0.4021671801981514,0.010000000000005116,ekf3,,0.21166991604494217,1.0,,25/25/25 Hz,1.0,1500,gps,101,25,0.048004914210162015,0.11522978880841275,0.05688244697033817,outage_window,0.5081108185665351
0.4052429173103049,1.0,,,held-out,nominal,60,1.0,,,0.85,1.0,,0.06277775813440585,,,0.11342586341321066,0.010000000000005116,ekf3,,0.0806531256144606,1.0,,25/25/25 Hz,1.0,2000,gps,101,40,0.0863692594105906,0.03948613488241405,0.050634768242779585,after_return,0.38924869317634936
0.36386946815802484,1.0,1.0,,held-out,nominal,60,1.0,1.0,,0.85,0.0,,0.09918890572636646,1.0,,0.18546393922620147,0.010000000000005116,px4,,0.22324793580662783,1.0,,25/25/25 Hz,1.0,4700,denied,101,13,0.17948775122928456,0.022823302400153636,0.20000300453424746,flight,0.3513788334958043
0.4127573352280023,1.0,1.0,,held-out,nominal,25,1.0,1.0,,0.85,0.0,,0.04340491984962927,1.0,,0.05938287513278776,0.010000000000001563,px4,,0.17278834636283932,1.0,,25/25/25 Hz,1.0,700,denied,101,18,0.0330578926319269,0.024811084010790962,0.1672477969112053,before_outage,0.40006080010542533
0.43764276404759006,1.0,1.0,,held-out,nominal,40,1.0,1.0,,0.85,0.0,,0.06846530471964934,1.0,,0.1100583029506523,0.010000000000005116,px4,,0.21561176548259398,1.0,,25/25/25 Hz,1.0,1500,denied,101,25,0.04755331462697882,0.025916106410698244,0.20445277074220997,outage_window,0.4262998575750038
0.16294119459349787,1.0,1.0,,held-out,nominal,60,1.0,1.0,,0.85,0.0,,0.13657136031870015,1.0,,0.18546393922620147,0.010000000000005116,px4,,0.2521773113152546,1.0,,25/25/25 Hz,1.0,2000,denied,101,40,0.17948775122928456,0.01815438574542537,0.21199448078403038,after_return,0.14170813128452195
0.24705403117966412,1.0,,,held-out,nominal,60,1.0,,,0.85,0.0,,0.22345545887258547,,,0.3590265556386459,0.010000000000005116,ekf3,,0.23015643135286368,1.0,,25/25/25 Hz,1.0,4700,denied,101,13,0.3158166089000257,0.09698256775672383,0.05513293746144602,flight,0.17410741866571133
0.30224112069399545,1.0,,,held-out,nominal,25,1.0,,,0.85,0.0,,0.24526546401193258,,,0.3026290181280088,0.010000000000001563,ekf3,,0.24671117591771735,1.0,,25/25/25 Hz,1.0,700,denied,101,18,0.2682646316920051,0.10459256604044816,0.026669392301180875,before_outage,0.20309823330607563
0.3191511649736128,1.0,,,held-out,nominal,40,1.0,,,0.85,0.0,,0.2264211771235145,,,0.33237205104365186,0.010000000000005116,ekf3,,0.2349375931249217,1.0,,25/25/25 Hz,1.0,1500,denied,101,25,0.1658714633796333,0.10208600792288572,0.06268271861791999,outage_window,0.2467860232142385
0.17110952415066058,1.0,,,held-out,nominal,60,1.0,,,0.85,0.0,,0.23136103788910461,,,0.3590265556386459,0.010000000000005116,ekf3,,0.2375916143367095,1.0,,25/25/25 Hz,1.0,2000,denied,101,40,0.3158166089000257,0.09526172452080205,0.054054096514510354,after_return,0.09120863596876465
0.25653202470891157,1.0,1.0,,held-out,nominal,60,1.0,1.0,,0.85,0.8029787234042554,,0.06712980281755405,1.0,,0.14539929508024776,0.010000000000005116,px4,,0.07411248981973409,1.0,,25/25/25 Hz,1.0,4700,transition,101,13,0.06101148460181012,0.01924889280475062,0.03140462897339343,flight,0.24318733344641602
0.24957365888338115,1.0,1.0,,held-out,nominal,25,1.0,1.0,,0.85,1.0,,0.06256103096402085,1.0,,0.10226702103790765,0.010000000000001563,px4,,0.07235106236703315,1.0,,25/25/25 Hz,1.0,700,transition,101,18,0.031368409681793864,0.024856973435260415,0.03634272458632048,before_outage,0.23078070515920782
0.12084325538692534,1.0,1.0,,held-out,nominal,40,1.0,1.0,,0.85,0.4686666666666667,,0.07561304954001663,1.0,,0.10823255552817213,0.010000000000005116,px4,,0.08333641686968855,1.0,,25/25/25 Hz,1.0,1500,transition,101,25,0.10167068442061312,0.013472207655337345,0.03503748158668799,outage_window,0.07718599388127888
0.13240378825765825,1.0,1.0,,held-out,nominal,60,1.0,1.0,,0.85,0.9355,,0.06466528637883524,1.0,,0.14539929508024776,0.010000000000005116,px4,,0.07115000272720849,1.0,,25/25/25 Hz,1.0,2000,transition,101,40,0.06101148460181012,0.01854032642464095,0.029676988149490505,after_return,0.11469548528291595
0.35990555253661577,1.0,,,held-out,nominal,60,1.0,,,0.85,0.4208510638297872,,0.17352049543727488,,,0.4478745254744513,0.010000000000005116,ekf3,,0.18254492549964169,1.0,,25/25/25 Hz,1.0,4700,transition,101,13,0.08650547964073614,0.08641639932598785,0.05668586674712135,flight,0.31607620603628034
0.30224112069399545,1.0,,,held-out,nominal,25,1.0,,,0.85,0.0,,0.24526546401193258,,,0.3026290181280088,0.010000000000001563,ekf3,,0.24671117591771735,1.0,,25/25/25 Hz,1.0,700,transition,101,18,0.2682646316920051,0.10459256604044816,0.026669392301180875,before_outage,0.20309823330607563
0.3191511649736128,1.0,,,held-out,nominal,40,1.0,,,0.85,0.0,,0.2264211771235145,,,0.33237205104365186,0.010000000000005116,ekf3,,0.2349375931249217,1.0,,25/25/25 Hz,1.0,1500,transition,101,25,0.1658714633796333,0.10208600792288572,0.06268271861791999,outage_window,0.2467860232142385
0.4361706127798977,1.0,,,held-out,nominal,60,1.0,,,0.85,0.989,,0.08333023106710293,,,0.4478745254744513,0.010000000000005116,ekf3,,0.10135996495015558,1.0,,25/25/25 Hz,1.0,2000,transition,101,40,0.08650547964073614,0.06723770426303,0.057705416426883184,after_return,0.4145567946937241
0.24472020545428808,1.0,1.0,,held-out,stress,60,1.0,1.0,,0.85,1.0,,0.053411399752732534,1.0,,0.10687037254006393,0.010000000000005116,px4,,0.12730481700024882,1.0,,25/25/25 Hz,1.0,4700,gps,101,13,0.061327707843184115,0.019927902020782692,0.11555837835449509,flight,0.23166024190725779
0.25052043309036254,1.0,1.0,,held-out,stress,25,1.0,1.0,,0.85,1.0,,0.06253690290299932,1.0,,0.10237171081267735,0.010000000000001563,px4,,0.11096403955751781,1.0,,25/25/25 Hz,1.0,700,gps,101,18,0.031248151532928467,0.02491626827774818,0.09166326336228278,before_outage,0.23086505753845604
0.14066528600686545,1.0,1.0,,held-out,stress,40,1.0,1.0,,0.85,1.0,,0.050616721040795065,1.0,,0.10687037254006393,0.010000000000005116,px4,,0.12092122635024284,1.0,,25/25/25 Hz,1.0,1500,gps,101,25,0.03203105895665295,0.01739906062587735,0.10981753290401765,outage_window,0.11151631186964668
0.08421685448715316,1.0,1.0,,held-out,stress,60,1.0,1.0,,0.85,1.0,,0.05161948604019319,1.0,,0.0951970879085231,0.010000000000005116,px4,,0.14033018950488016,1.0,,25/25/25 Hz,1.0,2000,gps,101,40,0.061327707843184115,0.01757145857507873,0.1304913435727515,after_return,0.057642986243035495
0.46499667307840886,1.0,,,held-out,stress,60,1.0,,,0.85,0.5591489361702128,,0.16154546618649243,,,0.4218874194392792,0.010000000000005116,ekf3,,0.16920393623838173,1.0,,25/25/25 Hz,1.0,4700,gps,101,13,0.08536583653176427,0.08685692034012558,0.05032925981127863,flight,0.4266741897821975
0.4521777426175794,1.0,,,held-out,stress,25,1.0,,,0.85,0.0,,0.24696855690201824,,,0.3238547346018093,0.010000000000001563,ekf3,,0.2497958284816559,1.0,,25/25/25 Hz,1.0,700,gps,101,18,0.29194876731962577,0.11215964108364862,0.0374764970157488,before_outage,0.3607514594765287
0.5248660702887593,1.0,,,held-out,stress,40,1.0,,,0.85,0.4186666666666667,,0.20531945851742162,,,0.4218874194392792,0.010000000000005116,ekf3,,0.21209958673357637,1.0,,25/25/25 Hz,1.0,1500,gps,101,25,0.0441946626446788,0.1150864815855966,0.05319919780096939,outage_window,0.4814225635928892
0.4522865296132143,1.0,,,held-out,stress,60,1.0,,,0.85,1.0,,0.06462791537479527,,,0.11534025835956681,0.010000000000005116,ekf3,,0.08008473550366324,1.0,,25/25/25 Hz,1.0,2000,gps,101,40,0.08536583653176427,0.042742290736561196,0.0472947926837617,after_return,0.43248042745325427
0.3701936674814289,1.0,1.0,,held-out,stress,60,1.0,1.0,,0.85,0.0,,0.10052077434734713,1.0,,0.18730528565991036,0.010000000000005116,px4,,0.2686562854965601,1.0,,25/25/25 Hz,1.0,4700,denied,101,13,0.18125831988902621,0.023111696735245595,0.24914207525309515,flight,0.3563785287655787
0.42328066763651584,1.0,1.0,,held-out,stress,25,1.0,1.0,,0.85,0.0,,0.04423691201890973,1.0,,0.06236260385334754,0.010000000000001563,px4,,0.22066814371796634,1.0,,25/25/25 Hz,1.0,700,denied,101,18,0.03351975988317983,0.025512736575833205,0.21618863352860226,before_outage,0.40878311815914936
0.4396357336664963,1.0,1.0,,held-out,stress,40,1.0,1.0,,0.85,0.0,,0.06888063878535323,1.0,,0.10982324079084343,0.010000000000005116,px4,,0.26295786051586756,1.0,,25/25/25 Hz,1.0,1500,denied,101,25,0.04921490989164145,0.026025559910778387,0.25377607059690277,outage_window,0.42722935288766495
0.1649731466636773,1.0,1.0,,held-out,stress,60,1.0,1.0,,0.85,0.0,,0.1385964028644044,1.0,,0.18730528565991036,0.010000000000005116,px4,,0.2958321560348332,1.0,,25/25/25 Hz,1.0,2000,denied,101,40,0.18125831988902621,0.018260624231696047,0.2613574212783437,after_return,0.1427425760567681
0.32307857897186465,1.0,,,held-out,stress,60,1.0,,,0.85,0.0,,0.22461865838057074,,,0.39191193157035237,0.010000000000005116,ekf3,,0.2311546945245377,1.0,,25/25/25 Hz,1.0,4700,denied,101,13,0.2915716810343248,0.09903765133782852,0.05457976830332649,flight,0.254814800136929
0.4521777426175794,1.0,,,held-out,stress,25,1.0,,,0.85,0.0,,0.24696855690201824,,,0.3238547346018093,0.010000000000001563,ekf3,,0.2497958284816559,1.0,,25/25/25 Hz,1.0,700,denied,101,18,0.29194876731962577,0.11215964108364862,0.0374764970157488,before_outage,0.3607514594765287
0.27406193933466305,1.0,,,held-out,stress,40,1.0,,,0.85,0.0,,0.20881693896872075,,,0.2930383906768981,0.010000000000005116,ekf3,,0.2182326227681518,1.0,,25/25/25 Hz,1.0,1500,denied,101,25,0.14706351883914345,0.10217487604763925,0.06341106874986417,outage_window,0.16466118526772341
0.303339603315631,1.0,,,held-out,stress,60,1.0,,,0.85,0.0,,0.2456185283951656,,,0.39191193157035237,0.010000000000005116,ekf3,,0.25043972616381527,1.0,,25/25/25 Hz,1.0,2000,denied,101,40,0.2915716810343248,0.0961872018089431,0.048903935935668816,after_return,0.2555336413606329
0.24995015774963092,1.0,1.0,,held-out,stress,60,1.0,1.0,,0.85,0.8040425531914893,,0.06708468173301926,1.0,,0.14541703417383575,0.010000000000005116,px4,,0.12588041702749003,1.0,,25/25/25 Hz,1.0,4700,transition,101,13,0.06101148460181012,0.019300929102108604,0.1065153738565204,flight,0.23592304176832019
0.25052043309036254,1.0,1.0,,held-out,stress,25,1.0,1.0,,0.85,1.0,,0.06253690290299932,1.0,,0.10237171081267735,0.010000000000001563,px4,,0.11096403955751781,1.0,,25/25/25 Hz,1.0,700,transition,101,18,0.031248151532928467,0.02491626827774818,0.09166326336228278,before_outage,0.23086505753845604
0.12053572454084031,1.0,1.0,,held-out,stress,40,1.0,1.0,,0.85,0.472,,0.07553622742266118,1.0,,0.10820316533205059,0.010000000000005116,px4,,0.14111214923155266,1.0,,25/25/25 Hz,1.0,1500,transition,101,25,0.101476506925143,0.01345805315804362,0.11919277246335029,outage_window,0.07622136314586091
0.13082647121582797,1.0,1.0,,held-out,stress,60,1.0,1.0,,0.85,0.9355,,0.06464228608305511,1.0,,0.14541703417383575,0.010000000000005116,px4,,0.1219714855299684,1.0,,25/25/25 Hz,1.0,2000,transition,101,40,0.06101148460181012,0.018497649004615212,0.1034331577993428,after_return,0.11391404817285002
0.422935002430735,1.0,,,held-out,stress,60,1.0,,,0.85,0.4208510638297872,,0.16682196258774717,,,0.4478745254744513,0.010000000000005116,ekf3,,0.17601663168845472,1.0,,25/25/25 Hz,1.0,4700,transition,101,13,0.08553356545079724,0.08912747197933457,0.05614523514352219,flight,0.3743509098998
0.4521777426175794,1.0,,,held-out,stress,25,1.0,,,0.85,0.0,,0.24696855690201824,,,0.3238547346018093,0.010000000000001563,ekf3,,0.2497958284816559,1.0,,25/25/25 Hz,1.0,700,transition,101,18,0.29194876731962577,0.11215964108364862,0.0374764970157488,before_outage,0.3607514594765287
0.27406193933466305,1.0,,,held-out,stress,40,1.0,,,0.85,0.0,,0.2088168515728948,,,0.2930383906768981,0.010000000000005116,ekf3,,0.2182325391430352,1.0,,25/25/25 Hz,1.0,1500,transition,101,25,0.14706351883914345,0.10217487604763925,0.06341106874986417,outage_window,0.16466118526772341
0.5167943478334583,1.0,,,held-out,stress,60,1.0,,,0.85,0.989,,0.084629479565951,,,0.4478745254744513,0.010000000000005116,ekf3,,0.09980523090802264,1.0,,25/25/25 Hz,1.0,2000,transition,101,40,0.08553356545079724,0.06978405983662557,0.0529049648426308,after_return,0.4919718407550269
0.2314322082326789,1.0,1.0,,held-out,zero,60,1.0,1.0,,0.85,1.0,,0.06295192253479022,1.0,,0.11676948294565909,0.010000000000005116,px4,,0.10249842981119973,1.0,,25/25/25 Hz,1.0,4700,gps,307,13,0.035673387192167574,0.021817963316000416,0.08088871097338127,flight,0.21939427650402943
0.27363648331257234,1.0,1.0,,held-out,zero,25,1.0,1.0,,0.85,1.0,,0.07009508143716187,1.0,,0.11676948294565909,0.010000000000001563,px4,,0.10014807735068855,1.0,,25/25/25 Hz,1.0,700,gps,307,18,0.07836261460042958,0.020552220018986177,0.07152843459322415,before_outage,0.25460340525515895
0.1844230518651886,1.0,1.0,,held-out,zero,40,1.0,1.0,,0.85,1.0,,0.0723815746746826,1.0,,0.11387736781586653,0.010000000000005116,px4,,0.11784264607584763,1.0,,25/25/25 Hz,1.0,1500,gps,307,25,0.037828346574196606,0.02171161038454616,0.09299353139746244,outage_window,0.1706556155563012
0.17642945963693676,1.0,1.0,,held-out,zero,60,1.0,1.0,,0.85,1.0,,0.05504474232545959,1.0,,0.09615972853129394,0.010000000000005116,px4,,0.0986456199575879,1.0,,25/25/25 Hz,1.0,2000,gps,307,40,0.035673387192167574,0.021148095378155568,0.0818598477835173,after_return,0.1732297470565268
0.4485581863110114,1.0,,,held-out,zero,60,1.0,,,0.85,0.5621276595744681,,0.14341086744454604,,,0.28737099714032077,0.010000000000005116,ekf3,,0.15007482090754817,1.0,,25/25/25 Hz,1.0,4700,gps,307,13,0.03856389953388806,0.07387635415234256,0.04422414464108384,flight,0.4134976336619061
0.3279289957744593,1.0,,,held-out,zero,25,1.0,,,0.85,0.0,,0.2302392526282663,,,0.28737099714032077,0.010000000000001563,ekf3,,0.2315550225434731,1.0,,25/25/25 Hz,1.0,700,gps,307,18,0.25571152335250974,0.10033057205608117,0.024649848159485982,before_outage,0.2043772232295421
0.5496503604849152,1.0,,,held-out,zero,40,1.0,,,0.85,0.428,,0.16854718257581192,,,0.2674052941928464,0.010000000000005116,ekf3,,0.1793635660539158,1.0,,25/25/25 Hz,1.0,1500,gps,307,25,0.03773283512376127,0.0916072488726535,0.06134440539554795,outage_window,0.512086028105467
0.40978427901497966,1.0,,,held-out,zero,60,1.0,,,0.85,1.0,,0.05334310635952911,,,0.10956707156499605,0.010000000000005116,ekf3,,0.06351030897487459,1.0,,25/25/25 Hz,1.0,2000,gps,307,40,0.03856389953388806,0.03579669505622232,0.034468425406449885,after_return,0.39469146875059513
0.3323234192152736,1.0,1.0,,held-out,zero,60,1.0,1.0,,0.85,0.0,,0.09182448264028338,1.0,,0.1563965586289346,0.010000000000005116,px4,,0.277600458676588,1.0,,25/25/25 Hz,1.0,4700,denied,307,13,0.13884655218871392,0.02247030524663188,0.2619738136633056,flight,0.3156900149069309
0.5700795069942226,1.0,1.0,,held-out,zero,25,1.0,1.0,,0.85,0.0,,0.07842967168665478,1.0,,0.11951811263466827,0.010000000000001563,px4,,0.2482713132732077,1.0,,25/25/25 Hz,1.0,700,denied,307,18,0.0391699486647323,0.036245720919715466,0.23555770332028367,before_outage,0.5596974151128579
0.35449743897695835,1.0,1.0,,held-out,zero,40,1.0,1.0,,0.85,0.0,,0.06955083889716955,1.0,,0.10406314363060296,0.010000000000005116,px4,,0.27510130410970884,1.0,,25/25/25 Hz,1.0,1500,denied,307,25,0.10406314363060296,0.023929734569710183,0.26616425066406363,outage_window,0.340259844427377
0.10025108425775921,1.0,1.0,,held-out,zero,60,1.0,1.0,,0.85,0.0,,0.11665007147987275,1.0,,0.1563965586289346,0.010000000000005116,px4,,0.29734688270408616,1.0,,25/25/25 Hz,1.0,2000,denied,307,40,0.13884655218871392,0.014100739405307003,0.27351038276010314,after_return,0.04922413577560686
0.2782501173740779,1.0,,,held-out,zero,60,1.0,,,0.85,0.0,,0.21025690549178588,,,0.32332764825529203,0.010000000000005116,ekf3,,0.217233892968082,1.0,,25/25/25 Hz,1.0,4700,denied,307,13,0.1917929230445791,0.09633141619410676,0.054613166426113,flight,0.20576267197744685
0.3394518598609749,1.0,,,held-out,zero,25,1.0,,,0.85,0.0,,0.24508387443227653,,,0.3098616867707056,0.010000000000001563,ekf3,,0.24711869396453173,1.0,,25/25/25 Hz,1.0,700,denied,307,18,0.2729014048681157,0.10233999268903682,0.03164717048963462,before_outage,0.2265098795937081
0.3000990028858027,1.0,,,held-out,zero,40,1.0,,,0.85,0.0,,0.2090471991820413,,,0.29973931571141293,0.010000000000005116,ekf3,,0.2173859844589558,1.0,,25/25/25 Hz,1.0,1500,denied,307,25,0.15804919729464947,0.10319168781170025,0.059631658985251565,outage_window,0.21802662558238248
0.1698836869577048,1.0,,,held-out,zero,60,1.0,,,0.85,0.0,,0.2084382146043521,,,0.32332764825529203,0.010000000000005116,ekf3,,0.21513872241521267,1.0,,25/25/25 Hz,1.0,2000,denied,307,40,0.1917929230445791,0.09147053373998017,0.053274577192127956,after_return,0.08120135729475614
0.2731168449987349,1.0,1.0,,held-out,zero,60,1.0,1.0,,0.85,0.8004255319148936,,0.09508272534688522,1.0,,0.1761902487017562,0.010000000000005116,px4,,0.11278668607701883,1.0,,25/25/25 Hz,1.0,4700,transition,307,13,0.0410800295798642,0.02078763377568691,0.060663925827832685,flight,0.2597509515002248
0.27363648331257234,1.0,1.0,,held-out,zero,25,1.0,1.0,,0.85,1.0,,0.07009508143716187,1.0,,0.11676948294565909,0.010000000000001563,px4,,0.10014807735068855,1.0,,25/25/25 Hz,1.0,700,transition,307,18,0.07836261460042958,0.020552220018986177,0.07152843459322415,before_outage,0.25460340525515895
0.21688986832878598,1.0,1.0,,held-out,zero,40,1.0,1.0,,0.85,0.46066666666666667,,0.13642754726377584,1.0,,0.17243455004552616,0.010000000000005116,px4,,0.1583215552292937,1.0,,25/25/25 Hz,1.0,1500,transition,307,25,0.17243455004552616,0.018678867308987625,0.08033205585451239,outage_window,0.20206127757270534
0.26604587568463905,1.0,1.0,,held-out,zero,60,1.0,1.0,,0.85,0.9355,,0.07023296546342464,1.0,,0.1761902487017562,0.010000000000005116,px4,,0.0809436468450951,1.0,,25/25/25 Hz,1.0,2000,transition,307,40,0.0410800295798642,0.020879476811106332,0.04023934053630695,after_return,0.2582067854553596
0.4019983946725438,1.0,,,held-out,zero,60,1.0,,,0.85,0.4238297872340426,,0.15346953488164727,,,0.28737099714032077,0.010000000000005116,ekf3,,0.15813199965388186,1.0,,25/25/25 Hz,1.0,4700,transition,307,13,0.03912380887311212,0.07788084846372763,0.03811602258560228,flight,0.35721690821201524
0.3279289957744593,1.0,,,held-out,zero,25,1.0,,,0.85,0.0,,0.2302392526282663,,,0.28737099714032077,0.010000000000001563,ekf3,,0.2315550225434731,1.0,,25/25/25 Hz,1.0,700,transition,307,18,0.25571152335250974,0.10033057205608117,0.024649848159485982,before_outage,0.2043772232295421
0.3022296580368521,1.0,,,held-out,zero,40,1.0,,,0.85,0.0,,0.19025610407525723,,,0.2674052941928464,0.010000000000005116,ekf3,,0.19813042680154347,1.0,,25/25/25 Hz,1.0,1500,transition,307,25,0.15046691256108455,0.10020658034421101,0.05530172589229622,outage_window,0.21921497824005837
0.4826371694924812,1.0,,,held-out,zero,60,1.0,,,0.85,0.996,,0.06341279533333112,,,0.1512674863414306,0.010000000000005116,ekf3,,0.06749798842918905,1.0,,25/25/25 Hz,1.0,2000,transition,307,40,0.03912380887311212,0.038372136525492186,0.023125653071859396,after_return,0.463119366716228
0.23120974634248995,1.0,1.0,,held-out,nominal,60,1.0,1.0,,0.85,1.0,,0.06289885733602266,1.0,,0.11662698722807219,0.010000000000005116,px4,,0.07223802796400172,1.0,,25/25/25 Hz,1.0,4700,gps,307,13,0.035635981440379355,0.02178749769836489,0.03552557430852543,flight,0.21978026358392144
0.27247660277789676,1.0,1.0,,held-out,nominal,25,1.0,1.0,,0.85,1.0,,0.06996092036333562,1.0,,0.11662698722807219,0.010000000000001563,px4,,0.07911036840685877,1.0,,25/25/25 Hz,1.0,700,gps,307,18,0.07829837100540755,0.02045283060768193,0.036931287702758615,before_outage,0.2542876638881788
0.18365652256661585,1.0,1.0,,held-out,nominal,40,1.0,1.0,,0.85,1.0,,0.07235738618626633,1.0,,0.11388273016108166,0.010000000000005116,px4,,0.08208181554337102,1.0,,25/25/25 Hz,1.0,1500,gps,307,25,0.037828346574196606,0.02167527725157065,0.0387534915483431,outage_window,0.1708521677580091
0.1762382113265184,1.0,1.0,,held-out,nominal,60,1.0,1.0,,0.85,1.0,,0.055022430248776,1.0,,0.09607212543764249,0.010000000000005116,px4,,0.06465609068320281,1.0,,25/25/25 Hz,1.0,2000,gps,307,40,0.035635981440379355,0.021127652265775662,0.03395500304746158,after_return,0.17348245038462184
0.4055401689958624,1.0,,,held-out,nominal,60,1.0,,,0.85,0.563404255319149,,0.15910071414287785,,,0.5329144336858278,0.010000000000005116,ekf3,,0.16759650361835612,1.0,,25/25/25 Hz,1.0,4700,gps,307,13,0.03225853313760287,0.08141650155068864,0.05268349631833411,flight,0.37671823113191544
0.32804512267956276,1.0,,,held-out,nominal,25,1.0,,,0.85,0.0,,0.23872423873748005,,,0.3133212039529467,0.010000000000001563,ekf3,,0.2430830251244346,1.0,,25/25/25 Hz,1.0,700,gps,307,18,0.18712946730974048,0.1013473676303224,0.045826792849348964,before_outage,0.2590664440312506
0.519126059192616,1.0,,,held-out,nominal,40,1.0,,,0.85,0.432,,0.20301329925606543,,,0.5329144336858278,0.010000000000005116,ekf3,,0.21205707689558354,1.0,,25/25/25 Hz,1.0,1500,gps,307,25,0.03881406666718879,0.10610375115351829,0.061268296750168164,outage_window,0.4819042375998202
0.3536303456108854,1.0,,,held-out,nominal,60,1.0,,,0.85,1.0,,0.055619059579472586,,,0.11295309578815853,0.010000000000005116,ekf3,,0.0675748206694248,1.0,,25/25/25 Hz,1.0,2000,gps,307,40,0.03225853313760287,0.036453819213463017,0.038378074469676046,after_return,0.34246684140973394
0.3348798506257114,1.0,1.0,,held-out,nominal,60,1.0,1.0,,0.85,0.0,,0.09118861355361156,1.0,,0.15533127413029263,0.010000000000005116,px4,,0.24873331974765367,1.0,,25/25/25 Hz,1.0,4700,denied,307,13,0.13772773661666243,0.022543973594921995,0.2314149975927632,flight,0.3189034402473471
0.5745576853299814,1.0,1.0,,held-out,nominal,25,1.0,1.0,,0.85,0.0,,0.07888151367463399,1.0,,0.12016905775984528,0.010000000000001563,px4,,0.2196034893808889,1.0,,25/25/25 Hz,1.0,700,denied,307,18,0.04046676424747556,0.03642160013798942,0.20494730871289993,before_outage,0.5644019150234951
0.35528999157493485,1.0,1.0,,held-out,nominal,40,1.0,1.0,,0.85,0.0,,0.06893826967810641,1.0,,0.10288873207826742,0.010000000000005116,px4,,0.24545078295620792,1.0,,25/25/25 Hz,1.0,1500,denied,307,25,0.10288873207826742,0.023945815195111547,0.2355708000317615,outage_window,0.3416031484508208
0.09819062979600555,1.0,1.0,,held-out,nominal,60,1.0,1.0,,0.85,0.0,,0.11554652094936793,1.0,,0.15533127413029263,0.010000000000005116,px4,,0.2689878461595423,1.0,,25/25/25 Hz,1.0,2000,denied,307,40,0.13772773661666243,0.014032715426049842,0.24290628414688425,after_return,0.04913687303453496
0.2690067461658621,1.0,,,held-out,nominal,60,1.0,,,0.85,0.0,,0.2782007754941376,,,0.5018000643999222,0.010000000000005116,ekf3,,0.28383262461046954,1.0,,25/25/25 Hz,1.0,4700,denied,307,13,0.289953430250794,0.0974933340105357,0.056260886126403835,flight,0.21350348013204007
0.32804512267956276,1.0,,,held-out,nominal,25,1.0,,,0.85,0.0,,0.23872423873748005,,,0.3133212039529467,0.010000000000001563,ekf3,,0.2430830251244346,1.0,,25/25/25 Hz,1.0,700,denied,307,18,0.18712946730974048,0.1013473676303224,0.045826792849348964,before_outage,0.2590664440312506
0.3361185994708798,1.0,,,held-out,nominal,40,1.0,,,0.85,0.0,,0.2553292699630206,,,0.3876319246364017,0.010000000000005116,ekf3,,0.26060124202796064,1.0,,25/25/25 Hz,1.0,1500,denied,307,25,0.08832716678829325,0.10433373719952276,0.05215334358089294,outage_window,0.27464439432201676
0.16127854031353192,1.0,,,held-out,nominal,60,1.0,,,0.85,0.0,,0.32787755785497485,,,0.5018000643999222,0.010000000000005116,ekf3,,0.3326677397643817,1.0,,25/25/25 Hz,1.0,2000,denied,307,40,0.289953430250794,0.0914743243481488,0.05625061897437219,after_return,0.0922109536736837
0.27230993115007407,1.0,1.0,,held-out,nominal,60,1.0,1.0,,0.85,0.8029787234042554,,0.09494716040205074,1.0,,0.17579742229426093,0.010000000000005116,px4,,0.1044882737145276,1.0,,25/25/25 Hz,1.0,4700,transition,307,13,0.0410800295798642,0.02073598666779613,0.043621509320853236,flight,0.25959373580530015
0.27247660277789676,1.0,1.0,,held-out,nominal,25,1.0,1.0,,0.85,1.0,,0.06996092036333562,1.0,,0.11662698722807219,0.010000000000001563,px4,,0.07911036840685877,1.0,,25/25/25 Hz,1.0,700,transition,307,18,0.07829837100540755,0.02045283060768193,0.036931287702758615,before_outage,0.2542876638881788
0.2155779541525948,1.0,1.0,,held-out,nominal,40,1.0,1.0,,0.85,0.4686666666666667,,0.136249092130271,1.0,,0.1719438703750534,0.010000000000005116,px4,,0.13828490163189872,1.0,,25/25/25 Hz,1.0,1500,transition,307,25,0.1719438703750534,0.018634489720028784,0.023641042976587,outage_window,0.2016711516969908
0.26482913705476624,1.0,1.0,,held-out,nominal,60,1.0,1.0,,0.85,0.9355,,0.07013727957351724,1.0,,0.17579742229426093,0.010000000000005116,px4,,0.0910230164871877,1.0,,25/25/25 Hz,1.0,2000,transition,307,40,0.0410800295798642,0.020814179604917844,0.058016821219824904,after_return,0.25755891549634397
0.38625912004142166,1.0,,,held-out,nominal,60,1.0,,,0.85,0.4208510638297872,,0.18620233454288515,,,0.5157929259804895,0.010000000000005116,ekf3,,0.1916818349897397,1.0,,25/25/25 Hz,1.0,4700,transition,307,13,0.03274640085395386,0.08825567023721112,0.04550402702853107,flight,0.3516763511631852
0.32804512267956276,1.0,,,held-out,nominal,25,1.0,,,0.85,0.0,,0.23872423873748005,,,0.3133212039529467,0.010000000000001563,ekf3,,0.2430830251244346,1.0,,25/25/25 Hz,1.0,700,transition,307,18,0.18712946730974048,0.1013473676303224,0.045826792849348964,before_outage,0.2590664440312506
0.3361185994708798,1.0,,,held-out,nominal,40,1.0,,,0.85,0.0,,0.25532923912557215,,,0.3876319246364017,0.010000000000005116,ekf3,,0.26060121181435486,1.0,,25/25/25 Hz,1.0,1500,transition,307,25,0.08832716678829325,0.10433373719952276,0.05215334358089294,outage_window,0.27464439432201676
0.45449394016518113,1.0,,,held-out,nominal,60,1.0,,,0.85,0.989,,0.08427012417901592,,,0.5157929259804895,0.010000000000005116,ekf3,,0.08771037287086839,1.0,,25/25/25 Hz,1.0,2000,transition,307,40,0.03274640085395386,0.06584237179350845,0.02432397335963021,after_return,0.43820118876375164
0.23276823197719754,1.0,1.0,,held-out,stress,60,1.0,1.0,,0.85,1.0,,0.06292832570624009,1.0,,0.11649930683135912,0.010000000000005116,px4,,0.07046656571704765,1.0,,25/25/25 Hz,1.0,4700,gps,307,13,0.03556667731729123,0.021905505583523638,0.031710608757391553,flight,0.21984124612995645
0.27485915542478206,1.0,1.0,,held-out,stress,25,1.0,1.0,,0.85,1.0,,0.06989431492095148,1.0,,0.11649930683135912,0.010000000000001563,px4,,0.08002795782547228,1.0,,25/25/25 Hz,1.0,700,gps,307,18,0.07815115120752661,0.02052510468168753,0.038977670215732875,before_outage,0.25451396417762895
0.18595664256769692,1.0,1.0,,held-out,stress,40,1.0,1.0,,0.85,1.0,,0.07242930119033608,1.0,,0.11392091516798693,0.010000000000005116,px4,,0.07748915715402545,1.0,,25/25/25 Hz,1.0,1500,gps,307,25,0.03788932987685092,0.021829283965085933,0.02754207337004303,outage_window,0.17102574362107476
0.17758145438962913,1.0,1.0,,held-out,stress,60,1.0,1.0,,0.85,1.0,,0.05505883529311073,1.0,,0.09620797194360947,0.010000000000005116,px4,,0.06199732258210447,1.0,,25/25/25 Hz,1.0,2000,gps,307,40,0.03556667731729123,0.021208692151025974,0.02849899407901312,after_return,0.17392416582865564
0.4385804172806951,1.0,,,held-out,stress,60,1.0,,,0.85,0.5612765957446808,,0.15625434167269725,,,0.3652584246181987,0.010000000000005116,ekf3,,0.16270503283485774,1.0,,25/25/25 Hz,1.0,4700,gps,307,13,0.03176800445422751,0.082805787788344,0.04535976651421519,flight,0.40631958310866667
0.3861592991763478,1.0,,,held-out,stress,25,1.0,,,0.85,0.0,,0.2539945155672473,,,0.3176639018443948,0.010000000000001563,ekf3,,0.25662686126739526,1.0,,25/25/25 Hz,1.0,700,gps,307,18,0.2864702928836933,0.11094840322083432,0.03666240561821176,before_outage,0.2960091962799463
0.5301427517428067,1.0,,,held-out,stress,40,1.0,,,0.85,0.42533333333333334,,0.19009875347271446,,,0.3652584246181987,0.010000000000005116,ekf3,,0.19667275850647578,1.0,,25/25/25 Hz,1.0,1500,gps,307,25,0.038730691175462045,0.1074541703210223,0.05042457601871003,outage_window,0.49255000510320873
0.4196766211008449,1.0,,,held-out,stress,60,1.0,,,0.85,1.0,,0.05665570731243063,,,0.11524859830959376,0.010000000000005116,ekf3,,0.0653251338006422,1.0,,25/25/25 Hz,1.0,2000,gps,307,40,0.03176800445422751,0.04026816496766525,0.03251928558563364,after_return,0.4074348149420456
0.3378810292840893,1.0,1.0,,held-out,stress,60,1.0,1.0,,0.85,0.0,,0.09077803477807246,1.0,,0.15460468844466432,0.010000000000005116,px4,,0.24143098081077424,1.0,,25/25/25 Hz,1.0,4700,denied,307,13,0.13706463900740104,0.02272063406923542,0.22371469977872155,flight,0.32055379942709616
0.5785666818633103,1.0,1.0,,held-out,stress,25,1.0,1.0,,0.85,0.0,,0.07925635384492553,1.0,,0.12056469328282252,0.010000000000001563,px4,,0.21241793431999614,1.0,,25/25/25 Hz,1.0,700,denied,307,18,0.04175467145555973,0.03664049394031946,0.19707818041574807,before_outage,0.5676252982780504
0.359144652564032,1.0,1.0,,held-out,stress,40,1.0,1.0,,0.85,0.0,,0.06841353787590886,1.0,,0.10212413928343024,0.010000000000005116,px4,,0.23793254552479098,1.0,,25/25/25 Hz,1.0,1500,denied,307,25,0.10212413928343024,0.02414206326670283,0.22788480435344594,outage_window,0.34420709878048616
0.10153932406090689,1.0,1.0,,held-out,stress,60,1.0,1.0,,0.85,0.0,,0.11487668907276315,1.0,,0.15460468844466432,0.010000000000005116,px4,,0.26180752976717275,1.0,,25/25/25 Hz,1.0,2000,denied,307,40,0.13706463900740104,0.014185673002057956,0.23525843013687894,after_return,0.047746120615729776
0.29335423784249565,1.0,,,held-out,stress,60,1.0,,,0.85,0.0,,0.21502948273710543,,,0.3613204304767105,0.010000000000005116,ekf3,,0.2208901320348392,1.0,,25/25/25 Hz,1.0,4700,denied,307,13,0.11882587791149612,0.09850428786992954,0.050544752291227665,flight,0.2314854858897313
0.3861592991763478,1.0,,,held-out,stress,25,1.0,,,0.85,0.0,,0.2539945155672473,,,0.3176639018443948,0.010000000000001563,ekf3,,0.25662686126739526,1.0,,25/25/25 Hz,1.0,700,denied,307,18,0.2864702928836933,0.11094840322083432,0.03666240561821176,before_outage,0.2960091962799463
0.33656505038847523,1.0,,,held-out,stress,40,1.0,,,0.85,0.0,,0.21503854620956628,,,0.3059333913106009,0.010000000000005116,ekf3,,0.21986053020628882,1.0,,25/25/25 Hz,1.0,1500,denied,307,25,0.16047241497247094,0.10307890553492641,0.04579384660264594,outage_window,0.26908078860516793
0.2283947711526068,1.0,,,held-out,stress,60,1.0,,,0.85,0.0,,0.2165967404449887,,,0.3613204304767105,0.010000000000005116,ekf3,,0.2224283983586489,1.0,,25/25/25 Hz,1.0,2000,denied,307,40,0.11882587791149612,0.09487452098875655,0.050598857941657145,after_return,0.17777860779903454
0.2733337644091776,1.0,1.0,,held-out,stress,60,1.0,1.0,,0.85,0.8042553191489362,,0.09495898915864744,1.0,,0.17599123584054815,0.010000000000005116,px4,,0.1073817019875885,1.0,,25/25/25 Hz,1.0,4700,transition,307,13,0.04101758093846764,0.020807074394165383,0.050136017988260145,flight,0.2590113171643627
0.27485915542478206,1.0,1.0,,held-out,stress,25,1.0,1.0,,0.85,1.0,,0.06989431492095148,1.0,,0.11649930683135912,0.010000000000001563,px4,,0.08002795782547228,1.0,,25/25/25 Hz,1.0,700,transition,307,18,0.07815115120752661,0.02052510468168753,0.038977670215732875,before_outage,0.25451396417762895
0.2166488100704766,1.0,1.0,,held-out,stress,40,1.0,1.0,,0.85,0.4726666666666667,,0.13624169106450995,1.0,,0.17221908701997898,0.010000000000005116,px4,,0.136688589047455,1.0,,25/25/25 Hz,1.0,1500,transition,307,25,0.17221908701997898,0.018740385857362818,0.011044093066733308,outage_window,0.2004580924031571
0.2655442435437393,1.0,1.0,,held-out,stress,60,1.0,1.0,,0.85,0.9355,,0.07020778166744533,1.0,,0.17599123584054815,0.010000000000005116,px4,,0.09880640653147787,1.0,,25/25/25 Hz,1.0,2000,transition,307,40,0.04101758093846764,0.02082164149283894,0.06952390498957894,after_return,0.2571528787469499
0.41649844738967134,1.0,,,held-out,stress,60,1.0,,,0.85,0.4208510638297872,,0.17148698063684722,,,0.5157929259804895,0.010000000000005116,ekf3,,0.17640609260416334,1.0,,25/25/25 Hz,1.0,4700,transition,307,13,0.032267939439973914,0.08857153153313048,0.041368163845235444,flight,0.3778754878087732
0.3861592991763478,1.0,,,held-out,stress,25,1.0,,,0.85,0.0,,0.2539945155672473,,,0.3176639018443948,0.010000000000001563,ekf3,,0.25662686126739526,1.0,,25/25/25 Hz,1.0,700,transition,307,18,0.2864702928836933,0.11094840322083432,0.03666240561821176,before_outage,0.2960091962799463
0.33656505038847523,1.0,,,held-out,stress,40,1.0,,,0.85,0.0,,0.21503854620956628,,,0.3059333913106009,0.010000000000005116,ekf3,,0.21986053020628882,1.0,,25/25/25 Hz,1.0,1500,transition,307,25,0.16047241497247094,0.10307890553492641,0.04579384660264594,outage_window,0.26908078860516793
0.507530938822267,1.0,,,held-out,stress,60,1.0,,,0.85,0.989,,0.0858131532081109,,,0.5157929259804895,0.010000000000005116,ekf3,,0.08911813075081138,1.0,,25/25/25 Hz,1.0,2000,transition,307,40,0.032267939439973914,0.06807683295988139,0.024044624451215704,after_return,0.49115727170365636
0.1794699694770626,1.0,1.0,,held-out,zero,60,1.0,1.0,,0.85,1.0,,0.05660518078436993,1.0,,0.14515615737984444,0.010000000000005116,px4,,0.34941007470435814,1.0,,25/25/25 Hz,1.0,4700,gps,911,13,0.020953372734441412,0.021884587649350664,0.34479450954630053,flight,0.14194256634870495
0.21034125903166012,1.0,1.0,,held-out,zero,25,1.0,1.0,,0.85,1.0,,0.0450314992306319,1.0,,0.08598298215138343,0.010000000000001563,px4,,0.33641138902678613,1.0,,25/25/25 Hz,1.0,700,gps,911,18,0.08119847142145274,0.020526108007411774,0.33338384295579354,before_outage,0.14165908280817696
0.16576248001611602,1.0,1.0,,held-out,zero,40,1.0,1.0,,0.85,1.0,,0.05492366776503893,1.0,,0.11079697189204635,0.010000000000005116,px4,,0.3655457748837315,1.0,,25/25/25 Hz,1.0,1500,gps,911,25,0.0295812217385773,0.022452808727343634,0.36139604903012335,outage_window,0.11978096163374892
0.11923808601303502,1.0,1.0,,held-out,zero,60,1.0,1.0,,0.85,1.0,,0.0622508204220703,1.0,,0.14515615737984444,0.010000000000005116,px4,,0.3444939635144691,1.0,,25/25/25 Hz,1.0,2000,gps,911,40,0.020953372734441412,0.02193224257060005,0.3388228537963275,after_return,0.088799035487071
0.3767746169248003,1.0,,,held-out,zero,60,1.0,,,0.85,0.5642553191489361,,0.14646550435830155,,,0.30408847532017164,0.010000000000005116,ekf3,,0.1507723034116047,1.0,,25/25/25 Hz,1.0,4700,gps,911,13,0.021662180181131446,0.07389790769437678,0.03577909318455866,flight,0.3361388797671573
0.335277659035542,1.0,,,held-out,zero,25,1.0,,,0.85,0.0,,0.23197674754254882,,,0.30408847532017164,0.010000000000001563,ekf3,,0.23465173656260888,1.0,,25/25/25 Hz,1.0,700,gps,911,18,0.20921049849583795,0.10372088775431308,0.035330243014003906,before_outage,0.21424191305654433
0.4534304411839778,1.0,,,held-out,zero,40,1.0,,,0.85,0.43466666666666665,,0.17135946239096486,,,0.29026799201641235,0.010000000000005116,ekf3,,0.17310235485858408,1.0,,25/25/25 Hz,1.0,1500,gps,911,25,0.021267941443142774,0.0884009055509451,0.02450224289053283,outage_window,0.4134580975164693
0.33874594314167705,1.0,,,held-out,zero,60,1.0,,,0.85,1.0,,0.07334749059081183,,,0.16683460596229513,0.010000000000005116,ekf3,,0.08178584936264482,1.0,,25/25/25 Hz,1.0,2000,gps,911,40,0.021662180181131446,0.036041403828064957,0.03618108317892101,after_return,0.3168693885018674
0.1747301902976881,1.0,1.0,,held-out,zero,60,1.0,1.0,,0.85,0.0,,0.10546132540614865,1.0,,0.18709835784036788,0.010000000000005116,px4,,0.2709962910214982,1.0,,25/25/25 Hz,1.0,4700,denied,911,13,0.17490864127051603,0.016333891018431773,0.24963352857936963,flight,0.14044968930089477
0.21697171972878884,1.0,1.0,,held-out,zero,25,1.0,1.0,,0.85,0.0,,0.06059486989114859,1.0,,0.0733696450337096,0.010000000000001563,px4,,0.2467993937273323,1.0,,25/25/25 Hz,1.0,700,denied,911,18,0.048190658566229005,0.01590460884550374,0.23924506784269048,before_outage,0.17805233653035818
0.19418072936153874,1.0,1.0,,held-out,zero,40,1.0,1.0,,0.85,0.0,,0.08387926245362785,1.0,,0.10813908948073675,0.010000000000005116,px4,,0.26527929319000676,1.0,,25/25/25 Hz,1.0,1500,denied,911,25,0.0872629123348541,0.01688526021625116,0.25166917317308646,outage_window,0.16241939817270445
0.1248663070287887,1.0,1.0,,held-out,zero,60,1.0,1.0,,0.85,0.0,,0.13855536129585078,1.0,,0.18709835784036788,0.010000000000005116,px4,,0.29161859250568306,1.0,,25/25/25 Hz,1.0,2000,denied,911,40,0.17490864127051603,0.0162689455677223,0.2566004975661035,after_return,0.09127122907009913
0.2878644615395298,1.0,,,held-out,zero,60,1.0,,,0.85,0.0,,0.25045666162530444,,,0.47153134099646615,0.010000000000005116,ekf3,,0.25542900938997287,1.0,,25/25/25 Hz,1.0,4700,denied,911,13,0.332115948702814,0.09743182911332582,0.05015415721005175,flight,0.21678654384766782
0.3517013267416737,1.0,,,held-out,zero,25,1.0,,,0.85,0.0,,0.24491651226838695,,,0.3266827092300996,0.010000000000001563,ekf3,,0.24783542081446383,1.0,,25/25/25 Hz,1.0,700,denied,911,18,0.19717276930131908,0.10622959654044803,0.03792489721240427,before_outage,0.23839326424871263
0.29980511696345763,1.0,,,held-out,zero,40,1.0,,,0.85,0.0,,0.22909267788267332,,,0.3315702971380132,0.010000000000005116,ekf3,,0.2315814213031513,1.0,,25/25/25 Hz,1.0,1500,denied,911,25,0.05829160094829249,0.10480382818032567,0.033860000492222875,outage_window,0.21510568499931332
0.2513193698831496,1.0,,,held-out,zero,60,1.0,,,0.85,0.0,,0.28812881927515827,,,0.47153134099646615,0.010000000000005116,ekf3,,0.2925255753295716,1.0,,25/25/25 Hz,1.0,2000,denied,911,40,0.332115948702814,0.09142457390933409,0.0505271780826913,after_return,0.19918606946802628
0.1700154755498017,1.0,1.0,,held-out,zero,60,1.0,1.0,,0.85,0.8004255319148936,,0.06985003803782872,1.0,,0.14240034761897558,0.010000000000005116,px4,,0.334022307340139,1.0,,25/25/25 Hz,1.0,4700,transition,911,13,0.019604955600151443,0.02195825301483325,0.3266372207617254,flight,0.12915327562596982
0.21034125903166012,1.0,1.0,,held-out,zero,25,1.0,1.0,,0.85,1.0,,0.0450314992306319,1.0,,0.08598298215138343,0.010000000000001563,px4,,0.33641138902678613,1.0,,25/25/25 Hz,1.0,700,transition,911,18,0.08119847142145274,0.020526108007411774,0.33338384295579354,before_outage,0.14165908280817696
0.14357508953262932,1.0,1.0,,held-out,zero,40,1.0,1.0,,0.85,0.46066666666666667,,0.08845490997866765,1.0,,0.12054268825722247,0.010000000000005116,px4,,0.38018945101472224,1.0,,25/25/25 Hz,1.0,1500,transition,911,25,0.07801129798349975,0.02285804149750178,0.36975633539337993,outage_window,0.09173556000121652
0.10770504816216593,1.0,1.0,,held-out,zero,60,1.0,1.0,,0.85,0.9355,,0.0648489736741649,1.0,,0.14240034761897558,0.010000000000005116,px4,,0.2928687258272659,1.0,,25/25/25 Hz,1.0,2000,transition,911,40,0.019604955600151443,0.021790869086170506,0.28559884660322726,after_return,0.0647037691558583
0.4069351429672537,1.0,,,held-out,zero,60,1.0,,,0.85,0.4238297872340426,,0.16308141038169355,,,0.30408847532017164,0.010000000000005116,ekf3,,0.16715860424872891,1.0,,25/25/25 Hz,1.0,4700,transition,911,13,0.0211023250775787,0.08042489677815536,0.036694039874355905,flight,0.3617956514216643
0.335277659035542,1.0,,,held-out,zero,25,1.0,,,0.85,0.0,,0.23197674754254882,,,0.30408847532017164,0.010000000000001563,ekf3,,0.23465173656260888,1.0,,25/25/25 Hz,1.0,700,transition,911,18,0.20921049849583795,0.10372088775431308,0.035330243014003906,before_outage,0.21424191305654433
0.30504635521316875,1.0,,,held-out,zero,40,1.0,,,0.85,0.0,,0.2093476540782685,,,0.2965421040648327,0.010000000000005116,ekf3,,0.211904575665733,1.0,,25/25/25 Hz,1.0,1500,transition,911,25,0.08918617756450282,0.10208529314412788,0.032819337592340285,outage_window,0.22157566727990283
0.5046834754392782,1.0,,,held-out,zero,60,1.0,,,0.85,0.996,,0.08136380604548908,,,0.2764099799671638,0.010000000000005116,ekf3,,0.08790565527432218,1.0,,25/25/25 Hz,1.0,2000,transition,911,40,0.0211023250775787,0.04136467358418702,0.03327664789307962,after_return,0.4836072074833996
0.17801504758795897,1.0,1.0,,held-out,nominal,60,1.0,1.0,,0.85,1.0,,0.05657616218347808,1.0,,0.145133681285493,0.010000000000005116,px4,,0.3711163885572492,1.0,,25/25/25 Hz,1.0,4700,gps,911,13,0.02091676861973871,0.02186592248911576,0.3667785595265404,flight,0.14126804341288798
0.2079851981762094,1.0,1.0,,held-out,nominal,25,1.0,1.0,,0.85,1.0,,0.04499093284308978,1.0,,0.08595372970709945,0.010000000000001563,px4,,0.3583306943356189,1.0,,25/25/25 Hz,1.0,700,gps,911,18,0.08116613725594246,0.02053163841370679,0.3554950104642193,before_outage,0.14104804431321405
0.16423840247628907,1.0,1.0,,held-out,nominal,40,1.0,1.0,,0.85,1.0,,0.054915497141871016,1.0,,0.11082482878560652,0.010000000000005116,px4,,0.3872493861967716,1.0,,25/25/25 Hz,1.0,1500,gps,911,25,0.0295812217385773,0.02237147794169587,0.3833358518107033,outage_window,0.11921288975768785
0.11875573870515288,1.0,1.0,,held-out,nominal,60,1.0,1.0,,0.85,1.0,,0.06225849333533766,1.0,,0.145133681285493,0.010000000000005116,px4,,0.3660512327731325,1.0,,25/25/25 Hz,1.0,2000,gps,911,40,0.02091676861973871,0.021915844839423784,0.3607178745534296,after_return,0.08854644573046776
0.39243682788556117,1.0,,,held-out,nominal,60,1.0,,,0.85,0.5591489361702128,,0.16464943073191332,,,0.5442353558573687,0.010000000000005116,ekf3,,0.1712991693150999,1.0,,25/25/25 Hz,1.0,4700,gps,911,13,0.016089810721006258,0.08452066946207744,0.04726489572293733,flight,0.35911987976863224
0.5372923697385357,1.0,,,held-out,nominal,25,1.0,,,0.85,0.0,,0.25342700760094417,,,0.30775622614583903,0.010000000000001563,ekf3,,0.25656236609420086,1.0,,25/25/25 Hz,1.0,700,gps,911,18,0.21664177835078122,0.11028935944322447,0.039987491972937154,before_outage,0.47591890119894753
0.3967250219996833,1.0,,,held-out,nominal,40,1.0,,,0.85,0.4186666666666667,,0.19778156815235645,,,0.5442353558573687,0.010000000000005116,ekf3,,0.20355620780054473,1.0,,25/25/25 Hz,1.0,1500,gps,911,25,0.016687539702632825,0.11170119451426866,0.04814126123538242,outage_window,0.35838072286467326
0.3658838027187324,1.0,,,held-out,nominal,60,1.0,,,0.85,1.0,,0.0777666255469244,,,0.17024383352776654,0.010000000000005116,ekf3,,0.08606350590671726,1.0,,25/25/25 Hz,1.0,2000,gps,911,40,0.016089810721006258,0.04025220270770365,0.03686840110446885,after_return,0.34873717956828976
0.1668007275146603,1.0,1.0,,held-out,nominal,60,1.0,1.0,,0.85,0.0,,0.10588822892079111,1.0,,0.18769853959429753,0.010000000000005116,px4,,0.28214672478759306,1.0,,25/25/25 Hz,1.0,4700,denied,911,13,0.17521337637198206,0.01609852332227595,0.26152333984633935,flight,0.131636246737329
0.20411254644258192,1.0,1.0,,held-out,nominal,25,1.0,1.0,,0.85,0.0,,0.06051761067681729,1.0,,0.07146392892436379,0.010000000000001563,px4,,0.2584879796943186,1.0,,25/25/25 Hz,1.0,700,denied,911,18,0.04676379404389219,0.015026394056721815,0.25130390853390966,before_outage,0.16394383829587383
0.18732890807823627,1.0,1.0,,held-out,nominal,40,1.0,1.0,,0.85,0.0,,0.08420602336708569,1.0,,0.10695189781760445,0.010000000000005116,px4,,0.2766390550459476,1.0,,25/25/25 Hz,1.0,1500,denied,911,25,0.08803426814942697,0.016550333173967858,0.26351188285429683,outage_window,0.15504819040142093
0.12597778610019372,1.0,1.0,,held-out,nominal,60,1.0,1.0,,0.85,0.0,,0.1391532206671308,1.0,,0.18769853959429753,0.010000000000005116,px4,,0.3023739574175973,1.0,,25/25/25 Hz,1.0,2000,denied,911,40,0.17521337637198206,0.01626056382421369,0.268451841681788,after_return,0.09320171677112447
0.33450271473657156,1.0,,,held-out,nominal,60,1.0,,,0.85,0.0,,0.21806015221701672,,,0.3370299138253138,0.010000000000005116,ekf3,,0.22493163285065965,1.0,,25/25/25 Hz,1.0,4700,denied,911,13,0.28931052095902093,0.09635901489443616,0.05517254273599739,flight,0.28241589489908464
0.5372923697385357,1.0,,,held-out,nominal,25,1.0,,,0.85,0.0,,0.25342700760094417,,,0.30775622614583903,0.010000000000001563,ekf3,,0.25656236609420086,1.0,,25/25/25 Hz,1.0,700,denied,911,18,0.21664177835078122,0.11028935944322447,0.039987491972937154,before_outage,0.47591890119894753
0.2829018150989365,1.0,,,held-out,nominal,40,1.0,,,0.85,0.0,,0.21810692996452305,,,0.293900436570639,0.010000000000005116,ekf3,,0.22629573685456245,1.0,,25/25/25 Hz,1.0,1500,denied,911,25,0.1393748509535095,0.09855772584807831,0.0603251823039102,outage_window,0.20489003742762155
0.30482721668684853,1.0,,,held-out,nominal,60,1.0,,,0.85,0.0,,0.2185033249641206,,,0.3370299138253138,0.010000000000005116,ekf3,,0.2236412617907887,1.0,,25/25/25 Hz,1.0,2000,denied,911,40,0.28931052095902093,0.09340760946787999,0.04766246904011583,after_return,0.26612141664233546
0.1684628714661773,1.0,1.0,,held-out,nominal,60,1.0,1.0,,0.85,0.8029787234042554,,0.06979656450782987,1.0,,0.14243529302008748,0.010000000000005116,px4,,0.3555812585101158,1.0,,25/25/25 Hz,1.0,4700,transition,911,13,0.019604955600151443,0.02191052242406311,0.34866383664862943,flight,0.12840305494692078
0.2079851981762094,1.0,1.0,,held-out,nominal,25,1.0,1.0,,0.85,1.0,,0.04499093284308978,1.0,,0.08595372970709945,0.010000000000001563,px4,,0.3583306943356189,1.0,,25/25/25 Hz,1.0,700,transition,911,18,0.08116613725594246,0.02053163841370679,0.3554950104642193,before_outage,0.14104804431321405
0.1416823090127093,1.0,1.0,,held-out,nominal,40,1.0,1.0,,0.85,0.4686666666666667,,0.08838149309044249,1.0,,0.12034912731260061,0.010000000000005116,px4,,0.40142367091191317,1.0,,25/25/25 Hz,1.0,1500,transition,911,25,0.07793459271695713,0.02272225717953596,0.3915733331669817,outage_window,0.09074547835630467
0.10724087396595945,1.0,1.0,,held-out,nominal,60,1.0,1.0,,0.85,0.9355,,0.06485043255235003,1.0,,0.14243529302008748,0.010000000000005116,px4,,0.31476879278010156,1.0,,25/25/25 Hz,1.0,2000,transition,911,40,0.019604955600151443,0.02174922982537287,0.308015931902906,after_return,0.06457793658586627
0.4278352421039805,1.0,,,held-out,nominal,60,1.0,,,0.85,0.4208510638297872,,0.17573266659538314,,,0.5265598197156317,0.010000000000005116,ekf3,,0.1828447519939891,1.0,,25/25/25 Hz,1.0,4700,transition,911,13,0.015831481855335026,0.08802262606755323,0.050499833891006894,flight,0.3916373673085717
0.5372923697385357,1.0,,,held-out,nominal,25,1.0,,,0.85,0.0,,0.25342700760094417,,,0.30775622614583903,0.010000000000001563,ekf3,,0.25656236609420086,1.0,,25/25/25 Hz,1.0,700,transition,911,18,0.21664177835078122,0.11028935944322447,0.039987491972937154,before_outage,0.47591890119894753
0.2829018150989365,1.0,,,held-out,nominal,40,1.0,,,0.85,0.0,,0.21810692996452305,,,0.293900436570639,0.010000000000005116,ekf3,,0.22629573685456245,1.0,,25/25/25 Hz,1.0,1500,transition,911,25,0.1393748509535095,0.09855772584807831,0.0603251823039102,outage_window,0.20489003742762155
0.5100238360607611,1.0,,,held-out,nominal,60,1.0,,,0.85,0.989,,0.0925920747760991,,,0.5265598197156317,0.010000000000005116,ekf3,,0.09841051306310078,1.0,,25/25/25 Hz,1.0,2000,transition,911,40,0.015831481855335026,0.07150419872461335,0.033336718044822584,after_return,0.4937916254661052
0.17996139883808954,1.0,1.0,,held-out,stress,60,1.0,1.0,,0.85,1.0,,0.05661125331252119,1.0,,0.14515615737984444,0.010000000000005116,px4,,0.34314760090023094,1.0,,25/25/25 Hz,1.0,4700,gps,911,13,0.020953372734441412,0.02187129920328367,0.33844562635964104,flight,0.14256656378936608
0.2095190120941923,1.0,1.0,,held-out,stress,25,1.0,1.0,,0.85,1.0,,0.045038276992120825,1.0,,0.0860818911043383,0.010000000000001563,px4,,0.3300985138391851,1.0,,25/25/25 Hz,1.0,700,gps,911,18,0.08113934309036173,0.020487547895687182,0.32701159374618455,before_outage,0.1415968988779718
0.16588936526383002,1.0,1.0,,held-out,stress,40,1.0,1.0,,0.85,1.0,,0.05492112502251199,1.0,,0.11074606666634002,0.010000000000005116,px4,,0.35924408969200067,1.0,,25/25/25 Hz,1.0,1500,gps,911,25,0.0295812217385773,0.022442928109334362,0.355021106421711,outage_window,0.11981280739420279
0.11991796927096318,1.0,1.0,,held-out,stress,60,1.0,1.0,,0.85,1.0,,0.062248077005741476,1.0,,0.14515615737984444,0.010000000000005116,px4,,0.33831196264652075,1.0,,25/25/25 Hz,1.0,2000,gps,911,40,0.020953372734441412,0.021940455532077754,0.33253595441520023,after_return,0.0888593546107213
0.3551109865829244,1.0,,,held-out,stress,60,1.0,,,0.85,0.563404255319149,,0.16118989787386492,,,0.65550488454884,0.010000000000005116,ekf3,,0.16776015444367023,1.0,,25/25/25 Hz,1.0,4700,gps,911,13,0.01810876788083056,0.08453404735660602,0.046489635859803084,flight,0.3189973149397378
0.3903333749946285,1.0,,,held-out,stress,25,1.0,,,0.85,0.0,,0.24664824674696906,,,0.30906453853366866,0.010000000000001563,ekf3,,0.24947819508597086,1.0,,25/25/25 Hz,1.0,700,gps,911,18,0.25230651977910334,0.11087539845820737,0.03747015078699312,before_outage,0.30108010508723937
0.39496357369604385,1.0,,,held-out,stress,40,1.0,,,0.85,0.432,,0.20281698019267227,,,0.65550488454884,0.010000000000005116,ekf3,,0.20777318033809886,1.0,,25/25/25 Hz,1.0,1500,gps,911,25,0.012640399108610227,0.11263739559716794,0.04511060865620562,outage_window,0.35531925335077846
0.34327329051321537,1.0,,,held-out,stress,60,1.0,,,0.85,1.0,,0.07776755751245168,,,0.16747993679375836,0.010000000000005116,ekf3,,0.08544189178296838,1.0,,25/25/25 Hz,1.0,2000,gps,911,40,0.01810876788083056,0.04057349574520666,0.03539101397247612,after_return,0.32732768514252836
0.17889498760067332,1.0,1.0,,held-out,stress,60,1.0,1.0,,0.85,0.0,,0.10476633281612757,1.0,,0.18629860189124398,0.010000000000005116,px4,,0.26779353741611955,1.0,,25/25/25 Hz,1.0,4700,denied,911,13,0.1741160384493352,0.016451990635416414,0.2464495773786172,flight,0.1452802127777662
0.22341796987620843,1.0,1.0,,held-out,stress,25,1.0,1.0,,0.85,0.0,,0.06012462054670332,1.0,,0.07349782071207646,0.010000000000001563,px4,,0.2435649379866092,1.0,,25/25/25 Hz,1.0,700,denied,911,18,0.04812329807021586,0.01629039044645325,0.23602734803521333,before_outage,0.1859135661961979
0.19757873930086928,1.0,1.0,,held-out,stress,40,1.0,1.0,,0.85,0.0,,0.08313577738414779,1.0,,0.10792411583770904,0.010000000000005116,px4,,0.2620083154529163,1.0,,25/25/25 Hz,1.0,1500,denied,911,25,0.0862590241511647,0.017044851033262712,0.24846891130523419,outage_window,0.1661159482151843
0.1247417536935291,1.0,1.0,,held-out,stress,60,1.0,1.0,,0.85,0.0,,0.13777705034377027,1.0,,0.18629860189124398,0.010000000000005116,px4,,0.288453072452368,1.0,,25/25/25 Hz,1.0,2000,denied,911,40,0.1741160384493352,0.01629754824459427,0.25342190001217585,after_return,0.09009079809720502
0.24322824455603104,1.0,,,held-out,stress,60,1.0,,,0.85,0.0,,0.2080446518780831,,,0.30906453853366866,0.010000000000005116,ekf3,,0.2147698669194513,1.0,,25/25/25 Hz,1.0,4700,denied,911,13,0.2779350034506121,0.09623133277321001,0.05332465247449838,flight,0.17148504938399003
0.3903333749946285,1.0,,,held-out,stress,25,1.0,,,0.85,0.0,,0.24664824674696906,,,0.30906453853366866,0.010000000000001563,ekf3,,0.24947819508597086,1.0,,25/25/25 Hz,1.0,700,denied,911,18,0.25230651977910334,0.11087539845820737,0.03747015078699312,before_outage,0.30108010508723937
0.239164220948694,1.0,,,held-out,stress,40,1.0,,,0.85,0.0,,0.2116948117492859,,,0.2779069196771888,0.010000000000005116,ekf3,,0.2187809813829779,1.0,,25/25/25 Hz,1.0,1500,denied,911,25,0.2456147653036989,0.100613260989557,0.055230648134286214,outage_window,0.14712314275386393
0.18605393686892524,1.0,,,held-out,stress,60,1.0,,,0.85,0.0,,0.20962763295323447,,,0.302862763670674,0.010000000000005116,ekf3,,0.21456449195422805,1.0,,25/25/25 Hz,1.0,2000,denied,911,40,0.2779350034506121,0.0924030058076142,0.045762175538319856,after_return,0.1247827741994054
0.17054657246650734,1.0,1.0,,held-out,stress,60,1.0,1.0,,0.85,0.8040425531914893,,0.06984870122315244,1.0,,0.14240034761897558,0.010000000000005116,px4,,0.3282321272159463,1.0,,25/25/25 Hz,1.0,4700,transition,911,13,0.019604955600151443,0.021916942292932097,0.3207140288078211,flight,0.12985159807491092
0.2095190120941923,1.0,1.0,,held-out,stress,25,1.0,1.0,,0.85,1.0,,0.045038276992120825,1.0,,0.0860818911043383,0.010000000000001563,px4,,0.3300985138391851,1.0,,25/25/25 Hz,1.0,700,transition,911,18,0.08113934309036173,0.020487547895687182,0.32701159374618455,before_outage,0.1415968988779718
0.14378699398930198,1.0,1.0,,held-out,stress,40,1.0,1.0,,0.85,0.472,,0.08843770368964415,1.0,,0.12054268825722247,0.010000000000005116,px4,,0.3740270558132869,1.0,,25/25/25 Hz,1.0,1500,transition,911,25,0.07801129798349975,0.022851913972840913,0.3634212583854422,outage_window,0.09187568911782502
0.10843810344602955,1.0,1.0,,held-out,stress,60,1.0,1.0,,0.85,0.9355,,0.06484648478536413,1.0,,0.14240034761897558,0.010000000000005116,px4,,0.2877364549831739,1.0,,25/25/25 Hz,1.0,2000,transition,911,40,0.019604955600151443,0.021729856381592257,0.2803340880757558,after_return,0.06474225045057275
0.38166846442746505,1.0,,,held-out,stress,60,1.0,,,0.85,0.4208510638297872,,0.16857836758353206,,,0.5265598197156317,0.010000000000005116,ekf3,,0.17552129254338714,1.0,,25/25/25 Hz,1.0,4700,transition,911,13,0.017765579113268492,0.0882451922001538,0.04887799217411486,flight,0.34235862108368315
0.3903333749946285,1.0,,,held-out,stress,25,1.0,,,0.85,0.0,,0.24664824674696906,,,0.30906453853366866,0.010000000000001563,ekf3,,0.24947819508597086,1.0,,25/25/25 Hz,1.0,700,transition,911,18,0.25230651977910334,0.11087539845820737,0.03747015078699312,before_outage,0.30108010508723937
0.239164220948694,1.0,,,held-out,stress,40,1.0,,,0.85,0.0,,0.2116948117492859,,,0.2779069196771888,0.010000000000005116,ekf3,,0.2187809813829779,1.0,,25/25/25 Hz,1.0,1500,transition,911,25,0.2456147653036989,0.100613260989557,0.055230648134286214,outage_window,0.14712314275386393
0.48776688717835415,1.0,,,held-out,stress,60,1.0,,,0.85,0.989,,0.09493973497122692,,,0.5265598197156317,0.010000000000005116,ekf3,,0.10019854263614221,1.0,,25/25/25 Hz,1.0,2000,transition,911,40,0.017765579113268492,0.07124721151909326,0.03203427336463245,after_return,0.4710691599085156
