attitude_rmse_deg,attitude_valid_fraction,baro_active_fraction,baro_fused_accepted_hz,dataset,delay_profile,end_s,finite_fraction,flow_active_fraction,flow_fused_accepted_hz,frequency,gps_active_fraction,gps_fused_accepted_hz,horizontal_position_rmse_m,mag_active_fraction,mag_fused_accepted_hz,max_horizontal_error_m,max_output_gap_s,name,nonzero_step_status_rows,position_3d_rmse_m,position_valid_fraction,prediction_accepted_fraction,profile,row_coverage,rows,scenario,seed,start_s,terminal_horizontal_error_m,velocity_3d_rmse_m_s,vertical_position_rmse_m,window,yaw_rmse_deg
0.4264304331657024,1.0,,49.8936170212766,original,zero,60,1.0,,99.7872340425532,0.6,,10.0,0.03646298727750931,,50.0,0.07660640816355026,0.010000000000005116,retrodiction,0,0.05363388094988909,1.0,1.0,100/50/50 Hz,1.0,4700,gps,7,13,0.01834567345752433,0.04073981224365745,0.03933247696938333,flight,0.3645686286314829
0.38572827550081995,1.0,,49.714285714285715,original,zero,25,1.0,,100.0,0.6,,10.0,0.031473608656064085,,50.0,0.0505159006904102,0.010000000000001563,retrodiction,0,0.043439026235738504,1.0,1.0,100/50/50 Hz,1.0,700,gps,7,18,0.027443598869533282,0.03969598106229478,0.029939287875200133,before_outage,0.3246867975142554
0.34003959818844215,1.0,,49.93333333333333,original,zero,40,1.0,,99.93333333333334,0.6,,10.0,0.03497634140125419,,50.0,0.055468194253765174,0.010000000000005116,retrodiction,0,0.050632065884057026,1.0,1.0,100/50/50 Hz,1.0,1500,gps,7,25,0.008864463642973377,0.040448700434125184,0.036609583961995575,outage_window,0.2743882488952541
0.4055674322992366,1.0,,50.0,original,zero,60,1.0,,100.0,0.6,,10.0,0.04148831636986741,,50.0,0.07660640816355026,0.010000000000005116,retrodiction,0,0.06142548301452868,1.0,1.0,100/50/50 Hz,1.0,2000,gps,7,40,0.01834567345752433,0.040299950827221535,0.04529690462230221,after_return,0.3397412537648125
0.42070431205916875,1.0,,49.8936170212766,original,zero,60,1.0,,99.74468085106383,0.6,,10.0,0.037327552288513303,,50.0,0.08253695373657341,0.010000000000005116,horizon,0,0.06638040850659571,1.0,1.0,100/50/50 Hz,1.0,4700,gps,7,13,0.03494354097007539,0.041894152201212585,0.05489091430875267,flight,0.35804633966114197
0.3809173837049087,1.0,,49.714285714285715,original,zero,25,1.0,,99.85714285714286,0.6,,10.0,0.03311828915046054,,50.0,0.057617287341050344,0.010000000000001563,horizon,0,0.05175788548103094,1.0,1.0,100/50/50 Hz,1.0,700,gps,7,18,0.031465795473753534,0.04050551939243962,0.03977508809812998,before_outage,0.3166041993327585
0.337049346271304,1.0,,49.93333333333333,original,zero,40,1.0,,99.93333333333334,0.6,,10.0,0.03501465054323654,,50.0,0.06406621183594913,0.010000000000005116,horizon,0,0.06158106168709058,1.0,1.0,100/50/50 Hz,1.0,1500,gps,7,25,0.015983528680590553,0.04135785403241377,0.0506576885165942,outage_window,0.27040360236038663
0.4087744350367128,1.0,,50.0,original,zero,60,1.0,,100.0,0.6,,10.0,0.042558704614005925,,50.0,0.08253695373657341,0.010000000000005116,horizon,0,0.0778739024068403,1.0,1.0,100/50/50 Hz,1.0,2000,gps,7,40,0.03494354097007539,0.04126836266905409,0.06521580588820382,after_return,0.3420098507203611
0.9486181320931715,1.0,,49.87234042553192,original,zero,60,1.0,,99.76595744680851,0.6,,0.0,0.42161378333584937,,50.0,0.5798427228324935,0.010000000000005116,retrodiction,0,0.42362838991812046,1.0,1.0,100/50/50 Hz,1.0,4700,denied,7,13,0.546621526687832,0.0513336016636039,0.04126536617855847,flight,0.8624106249513653
1.0028831710927337,1.0,,49.714285714285715,original,zero,25,1.0,,99.85714285714286,0.6,,0.0,0.37516135444751514,,50.0,0.4279248752730425,0.010000000000001563,retrodiction,0,0.3767255979416021,1.0,1.0,100/50/50 Hz,1.0,700,denied,7,18,0.38083579388542715,0.056099592618539355,0.034294814091398666,before_outage,0.915820078717734
1.1077251859695456,1.0,,49.86666666666667,original,zero,40,1.0,,99.93333333333334,0.6,,0.0,0.37435406728339526,,50.0,0.44787438294066634,0.010000000000005116,retrodiction,0,0.37634662236198635,1.0,1.0,100/50/50 Hz,1.0,1500,denied,7,25,0.39317277112036436,0.05429442733293459,0.03867573492068023,outage_window,1.0121030025957105
0.749340876126142,1.0,,50.0,original,zero,60,1.0,,100.0,0.6,,0.0,0.47632863803524894,,50.0,0.5798427228324935,0.010000000000005116,retrodiction,0,0.4786179079695962,1.0,1.0,100/50/50 Hz,1.0,2000,denied,7,40,0.546621526687832,0.04467338769163126,0.046756073580634,after_return,0.6758317425784446
0.8458089706932146,1.0,,49.87234042553192,original,zero,60,1.0,,99.74468085106383,0.6,,0.0,0.42842686145807396,,50.0,0.5853313745050189,0.010000000000005116,horizon,0,0.4329117339906829,1.0,1.0,100/50/50 Hz,1.0,4700,denied,7,13,0.5623336650974241,0.05013604649487965,0.062152987120524236,flight,0.7647483554035485
0.8871754225271975,1.0,,49.714285714285715,original,zero,25,1.0,,99.85714285714286,0.6,,0.0,0.38242338599172765,,50.0,0.4391461419326036,0.010000000000001563,horizon,0,0.38585864687930016,1.0,1.0,100/50/50 Hz,1.0,700,denied,7,18,0.3823234321393943,0.055748139236335086,0.05137362375914826,before_outage,0.803145077082101
0.9902470678328107,1.0,,49.86666666666667,original,zero,40,1.0,,99.93333333333334,0.6,,0.0,0.38092589581384795,,50.0,0.4505495415786933,0.010000000000005116,horizon,0,0.3849861739327164,1.0,1.0,100/50/50 Hz,1.0,1500,denied,7,25,0.3867352276779439,0.05141857555200285,0.05576572439921523,outage_window,0.9015520540651653
0.6563774538552856,1.0,,50.0,original,zero,60,1.0,,100.0,0.6,,0.0,0.4818432910926066,,50.0,0.5853313745050189,0.010000000000005116,horizon,0,0.48738455669794467,1.0,1.0,100/50/50 Hz,1.0,2000,denied,7,40,0.5623336650974241,0.044178016246053005,0.07328539374730535,after_return,0.586161248819285
0.4050860595589335,1.0,,49.87234042553192,original,zero,60,1.0,,99.7872340425532,0.6,,6.808510638297872,0.04750764125118593,,50.0,0.13382464778552208,0.010000000000005116,retrodiction,0,0.06208514815609485,1.0,1.0,100/50/50 Hz,1.0,4700,transition,7,13,0.017216558613495466,0.04035428550043498,0.03996985919806155,flight,0.34410647241410686
0.38572827550081995,1.0,,49.714285714285715,original,zero,25,1.0,,100.0,0.6,,10.0,0.031473608656064085,,50.0,0.0505159006904102,0.010000000000001563,retrodiction,0,0.043439026235738504,1.0,1.0,100/50/50 Hz,1.0,700,transition,7,18,0.027443598869533282,0.03969598106229478,0.029939287875200133,before_outage,0.3246867975142554
0.21807062690100512,1.0,,49.86666666666667,original,zero,40,1.0,,99.93333333333334,0.6,,0.0,0.04543865018415348,,50.0,0.06392509523732423,0.010000000000005116,retrodiction,0,0.05972429693331246,1.0,1.0,100/50/50 Hz,1.0,1500,transition,7,25,0.045377868261786435,0.03885676530616572,0.038759782166836336,outage_window,0.14272340406026318
0.41693017731514664,1.0,,50.0,original,zero,60,1.0,,100.0,0.6,,10.0,0.05718162205089871,,50.0,0.13382464778552208,0.010000000000005116,retrodiction,0,0.07293000772227257,1.0,1.0,100/50/50 Hz,1.0,2000,transition,7,40,0.017216558613495466,0.040562330273973476,0.04526641278032656,after_return,0.35005132029457164
0.3979295995354053,1.0,,49.87234042553192,original,zero,60,1.0,,99.74468085106383,0.6,,6.808510638297872,0.047276824773281066,,50.0,0.14083447387495912,0.010000000000005116,horizon,0,0.07377726898763799,1.0,1.0,100/50/50 Hz,1.0,4700,transition,7,13,0.03370422246336704,0.0414825565098018,0.05663909655556636,flight,0.3363302473856075
0.3809173837049087,1.0,,49.714285714285715,original,zero,25,1.0,,99.85714285714286,0.6,,10.0,0.03311828915046054,,50.0,0.057617287341050344,0.010000000000001563,horizon,0,0.05175788548103094,1.0,1.0,100/50/50 Hz,1.0,700,transition,7,18,0.031465795473753534,0.04050551939243962,0.03977508809812998,before_outage,0.3166041993327585
0.20929531614612737,1.0,,49.86666666666667,original,zero,40,1.0,,99.93333333333334,0.6,,0.13333333333333333,0.04300559095288072,,50.0,0.06599061505482856,0.010000000000005116,horizon,0,0.0709614450864725,1.0,1.0,100/50/50 Hz,1.0,1500,transition,7,25,0.04511553428815541,0.03975905740939409,0.056445069187254567,outage_window,0.13124958342690576
0.41908362040096225,1.0,,50.0,original,zero,60,1.0,,100.0,0.6,,9.9,0.05763479170498376,,50.0,0.14083447387495912,0.010000000000005116,horizon,0,0.08699527558980054,1.0,1.0,100/50/50 Hz,1.0,2000,transition,7,40,0.03370422246336704,0.04146925040778462,0.06516447467806735,after_return,0.3513594826735348
0.39705732183993786,1.0,,49.87234042553192,original,nominal,60,1.0,,99.63829787234043,0.6,,10.0,0.039616979777299194,,50.0,0.10947006554861363,0.010000000000005116,retrodiction,0,0.05591815171029139,1.0,1.0,100/50/50 Hz,1.0,4700,gps,7,13,0.03315661945341064,0.031007542352175434,0.039463078998226056,flight,0.33366644578338817
0.36356609451754346,1.0,,49.714285714285715,original,nominal,25,1.0,,99.85714285714286,0.6,,10.0,0.034021496806181405,,50.0,0.07830114933007824,0.010000000000001563,retrodiction,0,0.04525153938164549,1.0,1.0,100/50/50 Hz,1.0,700,gps,7,18,0.04078569999005053,0.031053832824297238,0.029836882737236496,before_outage,0.30418104843163457
0.3285415589470305,1.0,,49.93333333333333,original,nominal,40,1.0,,99.93333333333334,0.6,,10.0,0.029860833524289195,,50.0,0.05405050141759459,0.010000000000005116,retrodiction,0,0.04740596631325269,1.0,1.0,100/50/50 Hz,1.0,1500,gps,7,25,0.006805188911278341,0.030210750941678962,0.03681923767988598,outage_window,0.2629679001147388
0.45912159910810013,1.0,,49.95,original,nominal,60,1.0,,100.0,0.6,,10.0,0.04958021330346705,,50.0,0.10947006554861363,0.010000000000005116,retrodiction,0,0.06725890718325676,1.0,1.0,100/50/50 Hz,1.0,2000,gps,7,40,0.03315661945341064,0.030421854983908442,0.04544846580764479,after_return,0.39226473310478976
0.42069599296673704,1.0,,49.8936170212766,original,nominal,60,1.0,,99.74468085106383,0.6,,10.0,0.03732661551944605,,50.0,0.08253598856481735,0.010000000000005116,horizon,0,0.0631213824208234,1.0,1.0,100/50/50 Hz,1.0,4700,gps,7,13,0.03494216671986627,0.04189424018057591,0.05090218750288912,flight,0.3580379080359507
0.3809124130898098,1.0,,49.714285714285715,original,nominal,25,1.0,,99.85714285714286,0.6,,10.0,0.03311995981362453,,50.0,0.057620647404300375,0.010000000000001563,horizon,0,0.04898759845423539,1.0,1.0,100/50/50 Hz,1.0,700,gps,7,18,0.03146680310524325,0.040505682857271706,0.03609505595309837,before_outage,0.3165990228350299
0.3370512883000937,1.0,,49.93333333333333,original,nominal,40,1.0,,99.93333333333334,0.6,,10.0,0.035013326427472985,,50.0,0.06406634619057654,0.010000000000005116,horizon,0,0.05829460042219406,1.0,1.0,100/50/50 Hz,1.0,1500,gps,7,25,0.015979989046879056,0.041357824678095276,0.04660823329484277,outage_window,0.2704056345022221
0.4087718342910236,1.0,,50.0,original,nominal,60,1.0,,100.0,0.6,,10.0,0.042557824448528396,,50.0,0.08253598856481735,0.010000000000005116,horizon,0,0.07413133966365223,1.0,1.0,100/50/50 Hz,1.0,2000,gps,7,40,0.03494216671986627,0.04126824574283612,0.060698328630498684,after_return,0.3420071605170221
0.5629375238054328,1.0,,49.87234042553192,original,nominal,60,1.0,,99.76595744680851,0.6,,0.0,0.38748471703043547,,50.0,0.5121785688856327,0.010000000000005116,retrodiction,0,0.389711478426348,1.0,1.0,100/50/50 Hz,1.0,4700,denied,7,13,0.4722565685665795,0.04454653640966398,0.04160084716797531,flight,0.49765861596797195
0.5280594592310288,1.0,,49.714285714285715,original,nominal,25,1.0,,99.85714285714286,0.6,,0.0,0.3629492590582639,,50.0,0.4078456153986747,0.010000000000001563,retrodiction,0,0.36459681000601757,1.0,1.0,100/50/50 Hz,1.0,700,denied,7,18,0.37105381415327054,0.04884102493897056,0.03462180260502429,before_outage,0.4656780745059463
0.6670113217333532,1.0,,49.86666666666667,original,nominal,40,1.0,,99.93333333333334,0.6,,0.0,0.35119675811487744,,50.0,0.41405572055730205,0.010000000000005116,retrodiction,0,0.35332945230660423,1.0,1.0,100/50/50 Hz,1.0,1500,denied,7,25,0.3417151400837033,0.044929903260743316,0.038762597396010796,outage_window,0.5981991477076591
0.4703454361671601,1.0,,50.0,original,nominal,60,1.0,,100.0,0.6,,0.0,0.42281445728773037,,50.0,0.5121785688856327,0.010000000000005116,retrodiction,0,0.4254402005447157,1.0,1.0,100/50/50 Hz,1.0,2000,denied,7,40,0.4722565685665795,0.039551142640918704,0.04719426816902655,after_return,0.40828699720315104
0.8420564861353039,1.0,,49.87234042553192,original,nominal,60,1.0,,99.74468085106383,0.6,,0.0,0.4254077628481768,,50.0,0.5820981185925189,0.010000000000005116,horizon,0,0.42938354861200456,1.0,1.0,100/50/50 Hz,1.0,4700,denied,7,13,0.5591310964208054,0.05005299232268226,0.05829637319033722,flight,0.7612237111346163
0.8829385547302463,1.0,,49.714285714285715,original,nominal,25,1.0,,99.85714285714286,0.6,,0.0,0.37931584120381573,,50.0,0.43580794339757517,0.010000000000001563,horizon,0,0.38235007090487133,1.0,1.0,100/50/50 Hz,1.0,700,denied,7,18,0.379431162865853,0.05565025191829864,0.04807358248354019,before_outage,0.7991694638558122
0.9864009989759372,1.0,,49.86666666666667,original,nominal,40,1.0,,99.93333333333334,0.6,,0.0,0.3779299346852881,,50.0,0.4473886284799891,0.010000000000005116,horizon,0,0.3815048457061728,1.0,1.0,100/50/50 Hz,1.0,1500,denied,7,25,0.3834942828932914,0.05132956565532226,0.05210481519077264,outage_window,0.8979583489841574
0.6531789739114795,1.0,,50.0,original,nominal,60,1.0,,100.0,0.6,,0.0,0.4788027228014398,,50.0,0.5820981185925189,0.010000000000005116,horizon,0,0.4837094240881816,1.0,1.0,100/50/50 Hz,1.0,2000,denied,7,40,0.5591310964208054,0.04411337403349552,0.06872233690473493,after_return,0.5831120374323052
0.42721667493468546,1.0,,49.851063829787236,original,nominal,60,1.0,,99.63829787234043,0.6,,6.808510638297872,0.04658564129793486,,50.0,0.14422120930641097,0.010000000000005116,retrodiction,0,0.06142000395673167,1.0,1.0,100/50/50 Hz,1.0,4700,transition,7,13,0.03312272868004017,0.034823100404334055,0.04002742698332082,flight,0.36495756057665885
0.36356609451754346,1.0,,49.714285714285715,original,nominal,25,1.0,,99.85714285714286,0.6,,10.0,0.034021496806181405,,50.0,0.07830114933007824,0.010000000000001563,retrodiction,0,0.04525153938164549,1.0,1.0,100/50/50 Hz,1.0,700,transition,7,18,0.04078569999005053,0.031053832824297238,0.029836882737236496,before_outage,0.30418104843163457
0.42579596772125455,1.0,,49.86666666666667,original,nominal,40,1.0,,99.93333333333334,0.6,,0.06666666666666667,0.03548736197531341,,50.0,0.06293143943627827,0.010000000000005116,retrodiction,0,0.05258323814336334,1.0,1.0,100/50/50 Hz,1.0,1500,transition,7,25,0.023553263408550393,0.041095322194931144,0.038802629726279396,outage_window,0.36616433938359644
0.4628073528476597,1.0,,49.95,original,nominal,60,1.0,,100.0,0.6,,9.95,0.05995097687451515,,50.0,0.14422120930641097,0.010000000000005116,retrodiction,0,0.07518386486405576,1.0,1.0,100/50/50 Hz,1.0,2000,transition,7,40,0.03312272868004017,0.030555878927660672,0.04537062824876849,after_return,0.3956654735789874
0.3979176547309877,1.0,,49.87234042553192,original,nominal,60,1.0,,99.74468085106383,0.6,,6.808510638297872,0.04727676744845033,,50.0,0.14083968944861414,0.010000000000005116,horizon,0,0.07080954136874418,1.0,1.0,100/50/50 Hz,1.0,4700,transition,7,13,0.03370555913131463,0.041480859007048135,0.05271525783373386,flight,0.33631847981324153
0.3809124130898098,1.0,,49.714285714285715,original,nominal,25,1.0,,99.85714285714286,0.6,,10.0,0.03311995981362453,,50.0,0.057620647404300375,0.010000000000001563,horizon,0,0.04898759845423539,1.0,1.0,100/50/50 Hz,1.0,700,transition,7,18,0.03146680310524325,0.040505682857271706,0.03609505595309837,before_outage,0.3165990228350299
0.20928132707225305,1.0,,49.86666666666667,original,nominal,40,1.0,,99.93333333333334,0.6,,0.13333333333333333,0.043003528189711204,,50.0,0.06599859609405233,0.010000000000005116,horizon,0,0.0679615719877837,1.0,1.0,100/50/50 Hz,1.0,1500,transition,7,25,0.04511238299614023,0.03975333332045058,0.05262577154101801,outage_window,0.1312328272416401
0.4190804668866957,1.0,,50.0,original,nominal,60,1.0,,100.0,0.6,,9.9,0.05763600804459735,,50.0,0.14083968944861414,0.010000000000005116,horizon,0,0.08366494271585286,1.0,1.0,100/50/50 Hz,1.0,2000,transition,7,40,0.03370555913131463,0.04146902861525536,0.060645801308335016,after_return,0.35135645184813064
0.5711384431774897,1.0,,49.87234042553192,original,stress,60,1.0,,99.70212765957447,0.6,,10.0,0.046200197357095976,,50.0,0.12878514566765992,0.010000000000005116,retrodiction,0,0.06089732326816449,1.0,1.0,100/50/50 Hz,1.0,4700,gps,7,13,0.044461873859761976,0.03563051907998924,0.03967399331290852,flight,0.503236567412246
0.4478463347725485,1.0,,49.714285714285715,original,stress,25,1.0,,99.85714285714286,0.6,,10.0,0.03686391294705635,,50.0,0.08277038321803477,0.010000000000001563,retrodiction,0,0.04774133952750276,1.0,1.0,100/50/50 Hz,1.0,700,gps,7,18,0.06192708021096147,0.03478929663665587,0.03033623941941633,before_outage,0.38926532802366154
0.3659672768636679,1.0,,49.93333333333333,original,stress,40,1.0,,100.0,0.6,,10.0,0.03150126010136818,,50.0,0.06342752281445203,0.010000000000005116,retrodiction,0,0.04853277287616522,1.0,1.0,100/50/50 Hz,1.0,1500,gps,7,25,0.007557670876403036,0.031573113214267756,0.036920193053062274,outage_window,0.30273372650471037
0.5534754475256949,1.0,,49.95,original,stress,60,1.0,,100.0,0.6,,10.0,0.05871984942425736,,50.0,0.12878514566765992,0.010000000000005116,retrodiction,0,0.07429799471806219,1.0,1.0,100/50/50 Hz,1.0,2000,gps,7,40,0.044461873859761976,0.03203492776032942,0.045521108320401626,after_return,0.4827592428606275
0.4206613625105261,1.0,,49.8936170212766,original,stress,60,1.0,,99.74468085106383,0.6,,10.0,0.037328951395241804,,50.0,0.08253697519988477,0.010000000000005116,horizon,0,0.06650158289885466,1.0,1.0,100/50/50 Hz,1.0,4700,gps,7,13,0.034941468611888245,0.041894670625299314,0.055036441707153584,flight,0.35800279190688594
0.3809152362667817,1.0,,49.714285714285715,original,stress,25,1.0,,99.85714285714286,0.6,,10.0,0.03312304426361224,,50.0,0.05762417816414704,0.010000000000001563,horizon,0,0.051876653032278675,1.0,1.0,100/50/50 Hz,1.0,700,gps,7,18,0.03147131899530143,0.04050662902848973,0.03992556910730532,before_outage,0.3166022063057436
0.3370510922444507,1.0,,49.93333333333333,original,stress,40,1.0,,99.93333333333334,0.6,,10.0,0.035016588164318505,,50.0,0.06406977197745085,0.010000000000005116,horizon,0,0.06170427601995752,1.0,1.0,100/50/50 Hz,1.0,1500,gps,7,25,0.015984184915835926,0.041357969664508394,0.05080606491825177,outage_window,0.27040527875836506
0.40877132487611156,1.0,,50.0,original,stress,60,1.0,,100.0,0.6,,10.0,0.04255855547895537,,50.0,0.08253697519988477,0.010000000000005116,horizon,0,0.07800424283059096,1.0,1.0,100/50/50 Hz,1.0,2000,gps,7,40,0.034941468611888245,0.041267930211007026,0.06537148656041468,after_return,0.3420066865021584
0.886684497870982,1.0,,49.87234042553192,original,stress,60,1.0,,99.7872340425532,0.6,,0.0,0.5420272554096675,,50.0,0.7545706119039869,0.010000000000005116,retrodiction,0,0.5436379234999799,1.0,1.0,100/50/50 Hz,1.0,4700,denied,7,13,0.7071919886565635,0.053353218529229814,0.04181681791376514,flight,0.8036806989745987
0.9023752414801574,1.0,,49.714285714285715,original,stress,25,1.0,,99.85714285714286,0.6,,0.0,0.30674485209136554,,50.0,0.3790060444060258,0.010000000000001563,retrodiction,0,0.3087386408266834,1.0,1.0,100/50/50 Hz,1.0,700,denied,7,18,0.3403216906140109,0.059142365369341206,0.03503061596595262,before_outage,0.8195608664181746
1.008537918752163,1.0,,49.86666666666667,original,stress,40,1.0,,100.0,0.6,,0.0,0.5044937526988149,,50.0,0.7037911283825171,0.010000000000005116,retrodiction,0,0.5060027551922308,1.0,1.0,100/50/50 Hz,1.0,1500,denied,7,25,0.6995367754688757,0.05418843115702355,0.03904922214328415,outage_window,0.9189454589489864
0.7152284346000704,1.0,,50.0,original,stress,60,1.0,,100.0,0.6,,0.0,0.6685507034858692,,50.0,0.7545706119039869,0.010000000000005116,retrodiction,0,0.6702147079551499,1.0,1.0,100/50/50 Hz,1.0,2000,denied,7,40,0.7071919886565635,0.04567224479642828,0.04719864010706562,after_return,0.6429965339356626
0.843819948485109,1.0,,49.87234042553192,original,stress,60,1.0,,99.74468085106383,0.6,,0.0,0.4214439518370279,,50.0,0.5778706345814478,0.010000000000005116,horizon,0,0.4260226912642992,1.0,1.0,100/50/50 Hz,1.0,4700,denied,7,13,0.5549242575748441,0.05007439706764479,0.062292286296661885,flight,0.7628805516918011
0.8848978991690464,1.0,,49.714285714285715,original,stress,25,1.0,,99.85714285714286,0.6,,0.0,0.3752557647689067,,50.0,0.4319356440938889,0.010000000000001563,horizon,0,0.37877316427196644,1.0,1.0,100/50/50 Hz,1.0,700,denied,7,18,0.3756433763688697,0.05566311489722315,0.051499718254579045,before_outage,0.8010092792943962
0.9882168983508498,1.0,,49.86666666666667,original,stress,40,1.0,,99.93333333333334,0.6,,0.0,0.37431163781958793,,50.0,0.44366334912353356,0.010000000000005116,horizon,0,0.3784630238260441,1.0,1.0,100/50/50 Hz,1.0,1500,denied,7,25,0.37960675393545956,0.051357161153624584,0.05590221995923242,outage_window,0.8996551799229705
0.6546910427180733,1.0,,50.0,original,stress,60,1.0,,100.0,0.6,,0.0,0.4746306619912856,,50.0,0.5778706345814478,0.010000000000005116,horizon,0,0.4802793109174857,1.0,1.0,100/50/50 Hz,1.0,2000,denied,7,40,0.5549242575748441,0.0441417838930021,0.07344352383354764,after_return,0.5845540885708566
0.6522289326157279,1.0,,49.851063829787236,original,stress,60,1.0,,99.70212765957447,0.6,,6.808510638297872,0.05582037833087278,,50.0,0.16295093610193148,0.010000000000005116,retrodiction,0,0.06885867824040282,1.0,1.0,100/50/50 Hz,1.0,4700,transition,7,13,0.05016438350778818,0.041002577064757864,0.04031876649915709,flight,0.5811074261799323
0.4478463347725485,1.0,,49.714285714285715,original,stress,25,1.0,,99.85714285714286,0.6,,10.0,0.03686391294705635,,50.0,0.08277038321803477,0.010000000000001563,retrodiction,0,0.04774133952750276,1.0,1.0,100/50/50 Hz,1.0,700,transition,7,18,0.06192708021096147,0.03478929663665587,0.03033623941941633,before_outage,0.38926532802366154
0.6580767187795006,1.0,,49.86666666666667,original,stress,40,1.0,,100.0,0.6,,0.06666666666666667,0.04953951206449597,,50.0,0.08112032356564787,0.010000000000005116,retrodiction,0,0.06316727749301852,1.0,1.0,100/50/50 Hz,1.0,1500,transition,7,25,0.046919423289908696,0.047308277618642994,0.0391910919762599,outage_window,0.5895272321113454
0.5613497218669171,1.0,,49.95,original,stress,60,1.0,,100.0,0.6,,9.95,0.06825003925595612,,50.0,0.16295093610193148,0.010000000000005116,retrodiction,0,0.08198667436421642,1.0,1.0,100/50/50 Hz,1.0,2000,transition,7,40,0.05016438350778818,0.03260015078809973,0.04542848131805102,after_return,0.4894554889300074
0.39786970105924596,1.0,,49.87234042553192,original,stress,60,1.0,,99.74468085106383,0.6,,6.808510638297872,0.047279010306648425,,50.0,0.14085705294113715,0.010000000000005116,horizon,0,0.07388869753138431,1.0,1.0,100/50/50 Hz,1.0,4700,transition,7,13,0.03370446388331831,0.04147674963350444,0.05678234591233644,flight,0.3362708805597575
0.3809152362667817,1.0,,49.714285714285715,original,stress,25,1.0,,99.85714285714286,0.6,,10.0,0.03312304426361224,,50.0,0.05762417816414704,0.010000000000001563,horizon,0,0.051876653032278675,1.0,1.0,100/50/50 Hz,1.0,700,transition,7,18,0.03147131899530143,0.04050662902848973,0.03992556910730532,before_outage,0.3166022063057436
0.20923666826280216,1.0,,49.86666666666667,original,stress,40,1.0,,99.93333333333334,0.6,,0.13333333333333333,0.04300523137052698,,50.0,0.06601685209167474,0.010000000000005116,horizon,0,0.07107303594813118,1.0,1.0,100/50/50 Hz,1.0,1500,transition,7,25,0.04510256700028801,0.039739037657605135,0.056585568068649686,outage_window,0.1311805137282277
0.4190712741667048,1.0,,50.0,original,stress,60,1.0,,100.0,0.6,,9.9,0.05763784922519623,,50.0,0.14085705294113715,0.010000000000005116,horizon,0,0.08711388352394865,1.0,1.0,100/50/50 Hz,1.0,2000,transition,7,40,0.03370446388331831,0.04146841813845138,0.06532003551221967,after_return,0.3513474614172612
0.601805616885985,1.0,,49.8936170212766,original,zero,60,1.0,,99.65957446808511,0.6,,10.0,0.041096958900539944,,50.0,0.09111993149431354,0.010000000000005116,retrodiction,0,0.06568906430888463,1.0,1.0,100/50/50 Hz,1.0,4700,gps,19,13,0.06887064090839488,0.04310888031876848,0.05124542066276861,flight,0.5373836940365098
0.32599170009963546,1.0,,50.0,original,zero,25,1.0,,100.0,0.6,,10.0,0.0278112581765625,,50.0,0.051262557098736686,0.010000000000001563,retrodiction,0,0.04681005091879007,1.0,1.0,100/50/50 Hz,1.0,700,gps,19,18,0.04301727135408937,0.042210654618059576,0.03765255350778091,before_outage,0.27328665458839124
0.4085400913271048,1.0,,49.8,original,zero,40,1.0,,100.0,0.6,,10.0,0.039684901090345934,,50.0,0.06575012222758422,0.010000000000005116,retrodiction,0,0.06252324352163383,1.0,1.0,100/50/50 Hz,1.0,1500,gps,19,25,0.03647134461883882,0.0416699588024732,0.04831422777935074,outage_window,0.34791038883532743
0.3410169555432313,1.0,,49.95,original,zero,60,1.0,,100.0,0.6,,10.0,0.047212174694954305,,50.0,0.09111993149431354,0.010000000000005116,retrodiction,0,0.07676971725454551,1.0,1.0,100/50/50 Hz,1.0,2000,gps,19,40,0.06887064090839488,0.04394207861179624,0.06053594013407226,after_return,0.2754281098335065
0.6560253848425989,1.0,,49.8936170212766,original,zero,60,1.0,,99.57446808510639,0.6,,10.0,0.04220506262474125,,50.0,0.10373109765044448,0.010000000000005116,horizon,0,0.09905568956000617,1.0,1.0,100/50/50 Hz,1.0,4700,gps,19,13,0.08067700728620054,0.04558653648724278,0.08961452071539512,flight,0.5893632047051237
0.3131478868501766,1.0,,49.857142857142854,original,zero,25,1.0,,100.0,0.6,,10.0,0.027822662903576822,,50.0,0.052274094125784,0.010000000000001563,horizon,0,0.07922108574441136,1.0,1.0,100/50/50 Hz,1.0,700,gps,19,18,0.03845207100139192,0.04649842622246582,0.07417465777121798,before_outage,0.2586934390892253
0.4143985550452657,1.0,,49.8,original,zero,40,1.0,,100.0,0.6,,10.0,0.04095199927151423,,50.0,0.0755119791970451,0.010000000000005116,horizon,0,0.09340788861683885,1.0,1.0,100/50/50 Hz,1.0,1500,gps,19,25,0.045746081025343874,0.043843562113965194,0.08395217335794036,outage_window,0.35188787364365054
0.336050150954287,1.0,,49.95,original,zero,60,1.0,,100.0,0.6,,10.0,0.047663610108003865,,50.0,0.10373109765044448,0.010000000000005116,horizon,0,0.11429554195066663,1.0,1.0,100/50/50 Hz,1.0,2000,gps,19,40,0.08067700728620054,0.045174436483176546,0.10388287241537358,after_return,0.2720000522233817
2.6181223603960917,1.0,,49.91489361702128,original,zero,60,1.0,,99.63829787234043,0.6,,0.0,0.42394708894307714,,50.0,0.6334923674872762,0.010000000000005116,retrodiction,0,0.42723102392953755,1.0,1.0,100/50/50 Hz,1.0,4700,denied,19,13,0.5963849486226037,0.09880691029997722,0.052869779501826225,flight,2.41284987380731
2.680584434716528,1.0,,50.0,original,zero,25,1.0,,100.0,0.6,,0.0,0.39364444061529663,,50.0,0.5605181410874677,0.010000000000001563,retrodiction,0,0.3956623155430814,1.0,1.0,100/50/50 Hz,1.0,700,denied,19,18,0.2682295627668036,0.1052664530151314,0.039908925237133734,before_outage,2.474511811974917
2.6542249383428254,1.0,,49.86666666666667,original,zero,40,1.0,,100.0,0.6,,0.0,0.4385667271743089,,50.0,0.5849604635416548,0.010000000000005116,retrodiction,0,0.44131393282450093,1.0,1.0,100/50/50 Hz,1.0,1500,denied,19,25,0.4983280537668865,0.09951372733738756,0.049165161655825684,outage_window,2.447772081722054
2.3721754418006915,1.0,,49.95,original,zero,60,1.0,,100.0,0.6,,0.0,0.44718648791045745,,50.0,0.6334923674872762,0.010000000000005116,retrodiction,0,0.4515436437879374,1.0,1.0,100/50/50 Hz,1.0,2000,denied,19,40,0.5963849486226037,0.09149597682219085,0.06257721051307678,after_return,2.187147626150701
2.6203835833753697,1.0,,49.91489361702128,original,zero,60,1.0,,99.57446808510639,0.6,,0.0,0.4240928261520339,,50.0,0.6472955158806919,0.010000000000005116,horizon,0,0.4347334966460495,1.0,1.0,100/50/50 Hz,1.0,4700,denied,19,13,0.633525981526905,0.10134687999902567,0.09559543876399894,flight,2.414146162445241
2.686192871892362,1.0,,49.857142857142854,original,zero,25,1.0,,100.0,0.6,,0.0,0.3761378985602561,,50.0,0.5496477360195219,0.010000000000001563,horizon,0,0.3848661864691351,1.0,1.0,100/50/50 Hz,1.0,700,denied,19,18,0.291708624004987,0.10685070739804552,0.08150007824517447,before_outage,2.4807552335404095
2.652220582631386,1.0,,49.86666666666667,original,zero,40,1.0,,100.0,0.6,,0.0,0.4421086434830448,,50.0,0.5795550216115832,0.010000000000005116,horizon,0,0.45051507429211174,1.0,1.0,100/50/50 Hz,1.0,1500,denied,19,25,0.48360257012707897,0.10045270030731282,0.0866243587105207,outage_window,2.4428318153885065
2.3725019071477425,1.0,,49.95,original,zero,60,1.0,,100.0,0.6,,0.0,0.44996102406131777,,50.0,0.6472955158806919,0.010000000000005116,horizon,0,0.46370608189748846,1.0,1.0,100/50/50 Hz,1.0,2000,denied,19,40,0.633525981526905,0.09417216248765371,0.11206429946423842,after_return,2.1874140403621465
0.5855481572254565,1.0,,49.91489361702128,original,zero,60,1.0,,99.65957446808511,0.6,,6.808510638297872,0.040787999136212984,,50.0,0.11659632602723372,0.010000000000005116,retrodiction,0,0.06578653935207712,1.0,1.0,100/50/50 Hz,1.0,4700,transition,19,13,0.06807324228323229,0.04259975173211715,0.05161596542143409,flight,0.5223217032062571
0.32599170009963546,1.0,,50.0,original,zero,25,1.0,,100.0,0.6,,10.0,0.0278112581765625,,50.0,0.051262557098736686,0.010000000000001563,retrodiction,0,0.04681005091879007,1.0,1.0,100/50/50 Hz,1.0,700,transition,19,18,0.04301727135408937,0.042210654618059576,0.03765255350778091,before_outage,0.27328665458839124
0.3139387209085433,1.0,,49.86666666666667,original,zero,40,1.0,,100.0,0.6,,0.0,0.0385405833712955,,50.0,0.056779442679134165,0.010000000000005116,retrodiction,0,0.06279592126310385,1.0,1.0,100/50/50 Hz,1.0,1500,transition,19,25,0.04303638328930389,0.03968901707589554,0.049577728474408334,outage_window,0.2544176711102043
0.34955727923932695,1.0,,49.95,original,zero,60,1.0,,100.0,0.6,,10.0,0.047293472336550874,,50.0,0.11659632602723372,0.010000000000005116,retrodiction,0,0.0767989408395242,1.0,1.0,100/50/50 Hz,1.0,2000,transition,19,40,0.06807324228323229,0.04415014763047077,0.06050954295336096,after_return,0.28387782170781
0.6484022584955751,1.0,,49.91489361702128,original,zero,60,1.0,,99.57446808510639,0.6,,6.808510638297872,0.041570170556492064,,50.0,0.1258510605551153,0.010000000000005116,horizon,0,0.10005617444661093,1.0,1.0,100/50/50 Hz,1.0,4700,transition,19,13,0.07996630898381815,0.04516360481036107,0.09101186167085473,flight,0.5825936119280903
0.3131478868501766,1.0,,49.857142857142854,original,zero,25,1.0,,100.0,0.6,,10.0,0.027822662903576822,,50.0,0.052274094125784,0.010000000000001563,horizon,0,0.07922108574441136,1.0,1.0,100/50/50 Hz,1.0,700,transition,19,18,0.03845207100139192,0.04649842622246582,0.07417465777121798,before_outage,0.2586934390892253
0.36240085386743753,1.0,,49.86666666666667,original,zero,40,1.0,,100.0,0.6,,0.13333333333333333,0.03846487991622468,,50.0,0.06384894201193528,0.010000000000005116,horizon,0,0.09669317282332356,1.0,1.0,100/50/50 Hz,1.0,1500,transition,19,25,0.0462467490268868,0.042237532056744666,0.08871314831337873,outage_window,0.30248702380186143
0.34620163529694664,1.0,,49.95,original,zero,60,1.0,,100.0,0.6,,9.9,0.04790581205401222,,50.0,0.1258510605551153,0.010000000000005116,horizon,0,0.1142943947173747,1.0,1.0,100/50/50 Hz,1.0,2000,transition,19,40,0.07996630898381815,0.04532351181059135,0.10377013942005045,after_return,0.28210797578971814
0.7717981869979353,1.0,,49.91489361702128,original,nominal,60,1.0,,99.57446808510639,0.6,,10.0,0.0445455545567132,,50.0,0.11453423401629427,0.010000000000005116,retrodiction,0,0.06810092375901486,1.0,1.0,100/50/50 Hz,1.0,4700,gps,19,13,0.04272244835665383,0.0353513247003329,0.051511449077521025,flight,0.6979961853913647
0.6137178052012613,1.0,,50.0,original,nominal,25,1.0,,100.0,0.6,,10.0,0.04762045281304399,,50.0,0.0701106628862276,0.010000000000001563,retrodiction,0,0.061184304541103005,1.0,1.0,100/50/50 Hz,1.0,700,gps,19,18,0.03282191676334033,0.03836745636863901,0.038416293366995834,before_outage,0.5520471288465739
0.4066018972146688,1.0,,49.86666666666667,original,nominal,40,1.0,,100.0,0.6,,10.0,0.03188496809154984,,50.0,0.061913409765272244,0.010000000000005116,retrodiction,0,0.05811051750500372,1.0,1.0,100/50/50 Hz,1.0,1500,gps,19,25,0.03890763688723626,0.0341145651922906,0.0485816946441784,outage_window,0.3476550315631016
0.4294716499257404,1.0,,49.95,original,nominal,60,1.0,,100.0,0.6,,10.0,0.04498849325850523,,50.0,0.08948112902650823,0.010000000000005116,retrodiction,0,0.07553533258270649,1.0,1.0,100/50/50 Hz,1.0,2000,gps,19,40,0.04272244835665383,0.032189680137702854,0.06067637054660991,after_return,0.36796225620183454
0.6557631006895897,1.0,,49.8936170212766,original,nominal,60,1.0,,99.57446808510639,0.6,,10.0,0.042204137182976276,,50.0,0.10373192810280538,0.010000000000005116,horizon,0,0.09969202960192249,1.0,1.0,100/50/50 Hz,1.0,4700,gps,19,13,0.08067877732948521,0.04558531430099667,0.09031783639343398,flight,0.5891135966601468
0.3131477331409885,1.0,,49.857142857142854,original,nominal,25,1.0,,100.0,0.6,,10.0,0.027822646217889963,,50.0,0.05227677210798294,0.010000000000001563,horizon,0,0.07989187234030048,1.0,1.0,100/50/50 Hz,1.0,700,gps,19,18,0.03845358101820337,0.046495773366667555,0.07489066446142004,before_outage,0.2586932381016376
0.4143995475906792,1.0,,49.8,original,nominal,40,1.0,,100.0,0.6,,10.0,0.04095291607231645,,50.0,0.07551207730060079,0.010000000000005116,horizon,0,0.09404334832257728,1.0,1.0,100/50/50 Hz,1.0,1500,gps,19,25,0.04574548978511015,0.04384301829581353,0.08465819528489492,outage_window,0.3518889087916375
0.33605100585310277,1.0,,49.95,original,nominal,60,1.0,,100.0,0.6,,10.0,0.04766354212717259,,50.0,0.10373192810280538,0.010000000000005116,horizon,0,0.1149509965452588,1.0,1.0,100/50/50 Hz,1.0,2000,gps,19,40,0.08067877732948521,0.045174389794951114,0.10460362497848412,after_return,0.27200089654048065
3.2581640263657126,1.0,,49.91489361702128,original,nominal,60,1.0,,99.63829787234043,0.6,,0.0,0.556935153219611,,50.0,0.8037599040250809,0.010000000000005116,retrodiction,0,0.5594735996598659,1.0,1.0,100/50/50 Hz,1.0,4700,denied,19,13,0.7860767540128005,0.12060918061560609,0.05323479900043059,flight,3.004009752367882
3.365515273683296,1.0,,50.0,original,nominal,25,1.0,,100.0,0.6,,0.0,0.5182013177328801,,50.0,0.7172725188990151,0.010000000000001563,retrodiction,0,0.5198227139913322,1.0,1.0,100/50/50 Hz,1.0,700,denied,19,18,0.3879085671944774,0.12812171978275677,0.04102497143473716,before_outage,3.108540499995451
3.2876000633007796,1.0,,49.86666666666667,original,nominal,40,1.0,,100.0,0.6,,0.0,0.5668675302640144,,50.0,0.7398446695627587,0.010000000000005116,retrodiction,0,0.5689868147732463,1.0,1.0,100/50/50 Hz,1.0,1500,denied,19,25,0.6582085795309444,0.12023379467874339,0.04906320941582523,outage_window,3.032967761399678
2.924051942092855,1.0,,49.95,original,nominal,60,1.0,,100.0,0.6,,0.0,0.5892699131736701,,50.0,0.8037599040250809,0.010000000000005116,retrodiction,0,0.592655925520455,1.0,1.0,100/50/50 Hz,1.0,2000,denied,19,40,0.7860767540128005,0.11114228727312356,0.0632614849873314,after_return,2.6970950818107227
2.620427032417196,1.0,,49.91489361702128,original,nominal,60,1.0,,99.57446808510639,0.6,,0.0,0.4221719722269681,,50.0,0.6450820989879807,0.010000000000005116,horizon,0,0.4330157874092057,1.0,1.0,100/50/50 Hz,1.0,4700,denied,19,13,0.631324992587503,0.1013475035371905,0.09629900317036771,flight,2.414186309133617
2.6862399274620095,1.0,,49.857142857142854,original,nominal,25,1.0,,100.0,0.6,,0.0,0.37473341133663,,50.0,0.5478162440778311,0.010000000000001563,horizon,0,0.38364440385872195,1.0,1.0,100/50/50 Hz,1.0,700,denied,19,18,0.2893502636378414,0.10685076283769769,0.0822064415975184,before_outage,2.480798968266359
2.6522591286794728,1.0,,49.86666666666667,original,nominal,40,1.0,,100.0,0.6,,0.0,0.4400915403359636,,50.0,0.5777462436736382,0.010000000000005116,horizon,0,0.44867102940068926,1.0,1.0,100/50/50 Hz,1.0,1500,denied,19,25,0.4817100981874759,0.10045174607024153,0.08732198318976189,outage_window,2.4428673498724454
2.372546251102904,1.0,,49.95,original,nominal,60,1.0,,100.0,0.6,,0.0,0.4479351409389166,,50.0,0.6450820989879807,0.010000000000005116,horizon,0,0.4619188410657289,1.0,1.0,100/50/50 Hz,1.0,2000,denied,19,40,0.631324992587503,0.09417457714824878,0.11279683170878069,after_return,2.1874550714399854
0.8498994773403156,1.0,,49.91489361702128,original,nominal,60,1.0,,99.57446808510639,0.6,,6.808510638297872,0.051203596982625964,,50.0,0.13537542651136786,0.010000000000005116,retrodiction,0,0.07286029674499461,1.0,1.0,100/50/50 Hz,1.0,4700,transition,19,13,0.042548853077883184,0.03990119837323483,0.05183449139144214,flight,0.7714117803950844
0.6137178052012613,1.0,,50.0,original,nominal,25,1.0,,100.0,0.6,,10.0,0.04762045281304399,,50.0,0.0701106628862276,0.010000000000001563,retrodiction,0,0.061184304541103005,1.0,1.0,100/50/50 Hz,1.0,700,transition,19,18,0.03282191676334033,0.03836745636863901,0.038416293366995834,before_outage,0.5520471288465739
0.7579787841025059,1.0,,49.86666666666667,original,nominal,40,1.0,,100.0,0.6,,0.06666666666666667,0.051117565069884914,,50.0,0.08881787119375678,0.010000000000005116,retrodiction,0,0.07126092573657253,1.0,1.0,100/50/50 Hz,1.0,1500,transition,19,25,0.058645546234126975,0.04727459539837022,0.0496499151878368,outage_window,0.6852040800408449
0.4185499320837678,1.0,,49.95,original,nominal,60,1.0,,100.0,0.6,,9.95,0.04821647353675466,,50.0,0.13537542651136786,0.010000000000005116,retrodiction,0,0.07749971295355086,1.0,1.0,100/50/50 Hz,1.0,2000,transition,19,40,0.042548853077883184,0.03220990393262758,0.06067435362294531,after_return,0.35697030058657053
0.6481134151739723,1.0,,49.91489361702128,original,nominal,60,1.0,,99.57446808510639,0.6,,6.808510638297872,0.041568375810527504,,50.0,0.12585262207361655,0.010000000000005116,horizon,0,0.10069561312184193,1.0,1.0,100/50/50 Hz,1.0,4700,transition,19,13,0.07996748301256854,0.045160548200486574,0.0917151930405122,flight,0.5823189617888939
0.3131477331409885,1.0,,49.857142857142854,original,nominal,25,1.0,,100.0,0.6,,10.0,0.027822646217889963,,50.0,0.05227677210798294,0.010000000000001563,horizon,0,0.07989187234030048,1.0,1.0,100/50/50 Hz,1.0,700,transition,19,18,0.03845358101820337,0.046495773366667555,0.07489066446142004,before_outage,0.2586932381016376
0.36227664094871004,1.0,,49.86666666666667,original,nominal,40,1.0,,100.0,0.6,,0.13333333333333333,0.0384622183628683,,50.0,0.06383656054448092,0.010000000000005116,horizon,0,0.0973389505956528,1.0,1.0,100/50/50 Hz,1.0,1500,transition,19,25,0.046242489895461404,0.0422308708337478,0.08941772230195741,outage_window,0.3023610357118875
0.34619758438691733,1.0,,49.95,original,nominal,60,1.0,,100.0,0.6,,9.9,0.047906191121537045,,50.0,0.12585262207361655,0.010000000000005116,horizon,0,0.11494907625313841,1.0,1.0,100/50/50 Hz,1.0,2000,transition,19,40,0.07996748301256854,0.04532345744006432,0.10449060715526824,after_return,0.282103653075292
0.7028731237519221,1.0,,49.91489361702128,original,stress,60,1.0,,99.44680851063829,0.6,,10.0,0.049738243520937774,,50.0,0.12724522393015908,0.010000000000005116,retrodiction,0,0.0715441547049338,1.0,1.0,100/50/50 Hz,1.0,4700,gps,19,13,0.043612327563269444,0.03802853146105301,0.05142638626128997,flight,0.6330008141110788
0.5978169185616101,1.0,,50.0,original,stress,25,1.0,,100.0,0.6,,10.0,0.04226231335738704,,50.0,0.0631266180645188,0.010000000000001563,retrodiction,0,0.05777606354741438,1.0,1.0,100/50/50 Hz,1.0,700,gps,19,18,0.030761749651700355,0.0404077465383685,0.039395055384107404,before_outage,0.5360061534498648
0.5491964889854077,1.0,,49.86666666666667,original,stress,40,1.0,,100.0,0.6,,10.0,0.037325290235536955,,50.0,0.06977653091556223,0.010000000000005116,retrodiction,0,0.06121511957200596,1.0,1.0,100/50/50 Hz,1.0,1500,gps,19,25,0.05451573451648763,0.03716740419112634,0.048519208289582755,outage_window,0.4883419813763442
0.48417849090690473,1.0,,49.95,original,stress,60,1.0,,100.0,0.6,,10.0,0.05042424806544883,,50.0,0.11927146947503918,0.010000000000005116,retrodiction,0,0.07874029687632654,1.0,1.0,100/50/50 Hz,1.0,2000,gps,19,40,0.043612327563269444,0.03188986306771058,0.06047668607989461,after_return,0.4238722477386633
0.6566618042148875,1.0,,49.8936170212766,original,stress,60,1.0,,99.57446808510639,0.6,,10.0,0.042204451243109044,,50.0,0.10373260295062289,0.010000000000005116,horizon,0,0.0829939741190317,1.0,1.0,100/50/50 Hz,1.0,4700,gps,19,13,0.08067762141785007,0.04558991002732503,0.07146176624838302,flight,0.5899687165980729
0.31314778674214977,1.0,,49.857142857142854,original,stress,25,1.0,,100.0,0.6,,10.0,0.027821687160253978,,50.0,0.052271443761918286,0.010000000000001563,horizon,0,0.06233827807715699,1.0,1.0,100/50/50 Hz,1.0,700,gps,19,18,0.03844998244528394,0.04650502281911613,0.055785433915870104,before_outage,0.2586932450896153
0.41439727689668965,1.0,,49.8,original,stress,40,1.0,,100.0,0.6,,10.0,0.040952426019818126,,50.0,0.07551270593283861,0.010000000000005116,horizon,0,0.07748326636618062,1.0,1.0,100/50/50 Hz,1.0,1500,gps,19,25,0.045747444945857384,0.04384484740507213,0.06577655638496,outage_window,0.3518865540894269
0.3360500551429235,1.0,,49.95,original,stress,60,1.0,,100.0,0.6,,10.0,0.04766245171549671,,50.0,0.10373260295062289,0.010000000000005116,horizon,0,0.0974689527930436,1.0,1.0,100/50/50 Hz,1.0,2000,gps,19,40,0.08067762141785007,0.04517464409885915,0.08502051196646906,after_return,0.27200005149722484
2.1261682410572385,1.0,,49.91489361702128,original,stress,60,1.0,,99.61702127659575,0.6,,0.0,0.2868518290180552,,50.0,0.49195284488925867,0.010000000000005116,retrodiction,0,0.29178354076454555,1.0,1.0,100/50/50 Hz,1.0,4700,denied,19,13,0.3237732129446487,0.08632872414546913,0.05341968597896855,flight,1.9575756838452505
2.145412620600308,1.0,,50.0,original,stress,25,1.0,,100.0,0.6,,0.0,0.2684632404433286,,50.0,0.38255720218461386,0.010000000000001563,retrodiction,0,0.27171706176503074,1.0,1.0,100/50/50 Hz,1.0,700,denied,19,18,0.14456458663177105,0.09106043749699685,0.04192433881278343,before_outage,1.978120920778888
2.117800083939484,1.0,,49.86666666666667,original,stress,40,1.0,,100.0,0.6,,0.0,0.3461928379662267,,50.0,0.49195284488925867,0.010000000000005116,retrodiction,0,0.34965589790491747,1.0,1.0,100/50/50 Hz,1.0,1500,denied,19,25,0.4149192562241159,0.08494284214297974,0.049089366267899295,outage_window,1.9507651537862392
1.9588467656721502,1.0,,49.95,original,stress,60,1.0,,100.0,0.6,,0.0,0.25379771374290894,,50.0,0.4267389864386496,0.010000000000005116,retrodiction,0,0.2616281881953373,1.0,1.0,100/50/50 Hz,1.0,2000,denied,19,40,0.3237732129446487,0.08084671692822783,0.06352975174866687,after_return,1.8045761876125441
2.6231891660156808,1.0,,49.91489361702128,original,stress,60,1.0,,99.57446808510639,0.6,,0.0,0.3882516859297965,,50.0,0.6052887070211949,0.010000000000005116,horizon,0,0.39591933410541513,1.0,1.0,100/50/50 Hz,1.0,4700,denied,19,13,0.5918112931553936,0.10143518966932777,0.07754190796689245,flight,2.416740275792654
2.689241999453107,1.0,,49.857142857142854,original,stress,25,1.0,,100.0,0.6,,0.0,0.35389416913419164,,50.0,0.516933712834071,0.010000000000001563,horizon,0,0.35955641326258575,1.0,1.0,100/50/50 Hz,1.0,700,denied,19,18,0.2429292993403466,0.10694607380072998,0.0635588811345474,before_outage,2.483581219066793
2.6550807284297218,1.0,,49.86666666666667,original,stress,40,1.0,,100.0,0.6,,0.0,0.40379421635866847,,50.0,0.5475567012852661,0.010000000000005116,horizon,0,0.40962422552676336,1.0,1.0,100/50/50 Hz,1.0,1500,denied,19,25,0.449241107043011,0.10053484134604436,0.06886390181865644,outage_window,2.4454768922041232
2.374974992543109,1.0,,49.95,original,stress,60,1.0,,100.0,0.6,,0.0,0.41164968618598613,,50.0,0.6052887070211949,0.010000000000005116,horizon,0,0.42201205127720265,1.0,1.0,100/50/50 Hz,1.0,2000,denied,19,40,0.5918112931553936,0.09425874489848733,0.0929446463556213,after_return,2.189701850482536
0.7858232847240928,1.0,,49.91489361702128,original,stress,60,1.0,,99.44680851063829,0.6,,6.808510638297872,0.053375207115376765,,50.0,0.14417905857348742,0.010000000000005116,retrodiction,0,0.07435526228526854,1.0,1.0,100/50/50 Hz,1.0,4700,transition,19,13,0.042262405757482656,0.042933892706954226,0.051766710296306355,flight,0.7108773570110941
0.5978169185616101,1.0,,50.0,original,stress,25,1.0,,100.0,0.6,,10.0,0.04226231335738704,,50.0,0.0631266180645188,0.010000000000001563,retrodiction,0,0.05777606354741438,1.0,1.0,100/50/50 Hz,1.0,700,transition,19,18,0.030761749651700355,0.0404077465383685,0.039395055384107404,before_outage,0.5360061534498648
0.8638417708615382,1.0,,49.86666666666667,original,stress,40,1.0,,100.0,0.6,,0.06666666666666667,0.04903690043969842,,50.0,0.08148386492265763,0.010000000000005116,retrodiction,0,0.06972089769022281,1.0,1.0,100/50/50 Hz,1.0,1500,transition,19,25,0.062293734895602686,0.05145240690933984,0.049561940740830784,outage_window,0.7844050365048565
0.4372302833457342,1.0,,49.95,original,stress,60,1.0,,100.0,0.6,,9.95,0.051626749297583215,,50.0,0.14417905857348742,0.010000000000005116,retrodiction,0,0.07955234986091983,1.0,1.0,100/50/50 Hz,1.0,2000,transition,19,40,0.042262405757482656,0.031635660869827574,0.060524830651218546,after_return,0.3781542432935597
0.6491111982211096,1.0,,49.91489361702128,original,stress,60,1.0,,99.57446808510639,0.6,,6.808510638297872,0.04157297998543083,,50.0,0.1258718850191862,0.010000000000005116,horizon,0,0.08392041870183023,1.0,1.0,100/50/50 Hz,1.0,4700,transition,19,13,0.07996339465472618,0.04516155340322364,0.07289941021861195,flight,0.5832675132974734
0.31314778674214977,1.0,,49.857142857142854,original,stress,25,1.0,,100.0,0.6,,10.0,0.027821687160253978,,50.0,0.052271443761918286,0.010000000000001563,horizon,0,0.06233827807715699,1.0,1.0,100/50/50 Hz,1.0,700,transition,19,18,0.03844998244528394,0.04650502281911613,0.055785433915870104,before_outage,0.2586932450896153
0.3627513156025498,1.0,,49.86666666666667,original,stress,40,1.0,,100.0,0.6,,0.13333333333333333,0.038476524985740564,,50.0,0.06387965224564764,0.010000000000005116,horizon,0,0.08049960266927751,1.0,1.0,100/50/50 Hz,1.0,1500,transition,19,25,0.04626046248589649,0.04222063714027101,0.07070886121932125,outage_window,0.30284240595506134
0.3462117013181527,1.0,,49.95,original,stress,60,1.0,,100.0,0.6,,9.9,0.047904914427456445,,50.0,0.1258718850191862,0.010000000000005116,horizon,0,0.09749972542789678,1.0,1.0,100/50/50 Hz,1.0,2000,transition,19,40,0.07996339465472618,0.04532367951026254,0.08491946556716744,after_return,0.282118900513117
0.4552475357468459,1.0,,49.851063829787236,original,zero,60,1.0,,99.74468085106383,0.6,,10.0,0.027956785965315666,,49.95744680851064,0.07355313690491926,0.010000000000005116,retrodiction,0,0.0587348194586663,1.0,1.0,100/50/50 Hz,1.0,4700,gps,41,13,0.011513382919341567,0.04320673192983334,0.05165459452296238,flight,0.3971228172412812
0.3736669918118818,1.0,,49.714285714285715,original,zero,25,1.0,,100.0,0.6,,10.0,0.017113766659925783,,50.0,0.03673292738934641,0.010000000000001563,retrodiction,0,0.04256093528067061,1.0,1.0,100/50/50 Hz,1.0,700,gps,41,18,0.012276999959493209,0.03938411299418573,0.03896860534680508,before_outage,0.3212734589788868
0.43809185751336993,1.0,,49.93333333333333,original,zero,40,1.0,,100.0,0.6,,10.0,0.038848213406900464,,49.93333333333333,0.07355313690491926,0.010000000000005116,retrodiction,0,0.06541812718066113,1.0,1.0,100/50/50 Hz,1.0,1500,gps,41,25,0.021629615374903582,0.044915161131720914,0.05263409236338244,outage_window,0.37978748104951965
0.3086949655372666,1.0,,49.9,original,zero,60,1.0,,100.0,0.6,,10.0,0.023503565170172984,,50.0,0.05187218380553868,0.010000000000005116,retrodiction,0,0.063832264607687,1.0,1.0,100/50/50 Hz,1.0,2000,gps,41,40,0.011513382919341567,0.0430900703015737,0.05934762361912397,after_return,0.24597783349614175
0.4930610356757157,1.0,,49.851063829787236,original,zero,60,1.0,,99.68085106382979,0.6,,10.0,0.02971608281052335,,49.95744680851064,0.08047549028393174,0.010000000000005116,horizon,0,0.08144161199477666,1.0,1.0,100/50/50 Hz,1.0,4700,gps,41,13,0.021754628867774312,0.04480819349714472,0.07582671420222473,flight,0.43281793809036007
0.3874035635456619,1.0,,49.714285714285715,original,zero,25,1.0,,100.0,0.6,,10.0,0.018129034946571924,,50.0,0.04579644292660084,0.010000000000001563,horizon,0,0.059788239910864585,1.0,1.0,100/50/50 Hz,1.0,700,gps,41,18,0.013306643961703774,0.042400244472847855,0.05697342997876356,before_outage,0.33666408002630893
0.4445866263914966,1.0,,49.93333333333333,original,zero,40,1.0,,100.0,0.6,,10.0,0.0409723873064134,,49.93333333333333,0.08047549028393174,0.010000000000005116,horizon,0,0.08588442421430607,1.0,1.0,100/50/50 Hz,1.0,1500,gps,41,25,0.018517753325218374,0.046357897554204316,0.07548110890173872,outage_window,0.38337091760442504
0.316370014639205,1.0,,49.9,original,zero,60,1.0,,100.0,0.6,,10.0,0.02490322642928901,,50.0,0.0564912377698735,0.010000000000005116,horizon,0,0.09112943015553428,1.0,1.0,100/50/50 Hz,1.0,2000,gps,41,40,0.021754628867774312,0.04416873220966968,0.08766072298289561,after_return,0.2540568622467901
1.5817525653764613,1.0,,49.8936170212766,original,zero,60,1.0,,99.7872340425532,0.6,,0.0,0.29555313462381244,,49.95744680851064,0.45357867793626766,0.010000000000005116,retrodiction,0,0.30033443309897767,1.0,1.0,100/50/50 Hz,1.0,4700,denied,41,13,0.40043818521356367,0.06823200939016202,0.05337711418691451,flight,1.4478601691780069
1.6997333613028525,1.0,,49.714285714285715,original,zero,25,1.0,,100.0,0.6,,0.0,0.13961319185415824,,50.0,0.2633142630265758,0.010000000000001563,retrodiction,0,0.14521881959373004,1.0,1.0,100/50/50 Hz,1.0,700,denied,41,18,0.18285077030867503,0.07583112320499905,0.03995825602413488,before_outage,1.5607434832269567
1.5756970460554478,1.0,,50.0,original,zero,40,1.0,,100.0,0.6,,0.0,0.30559993450913137,,49.93333333333333,0.44165816814983844,0.010000000000005116,retrodiction,0,0.31046709662176253,1.0,1.0,100/50/50 Hz,1.0,1500,denied,41,25,0.35580477973544156,0.06785587245836493,0.05475854374215444,outage_window,1.4402542958358466
1.3261110951440307,1.0,,49.95,original,zero,60,1.0,,100.0,0.6,,0.0,0.3455482676086759,,50.0,0.45357867793626766,0.010000000000005116,retrodiction,0,0.35089950783814866,1.0,1.0,100/50/50 Hz,1.0,2000,denied,41,40,0.40043818521356367,0.06061351454037398,0.06104800859731483,after_return,1.2104334785869892
1.567438870288158,1.0,,49.8936170212766,original,zero,60,1.0,,99.72340425531915,0.6,,0.0,0.3607194971654192,,49.95744680851064,0.5214182161215025,0.010000000000005116,horizon,0,0.3698472704889905,1.0,1.0,100/50/50 Hz,1.0,4700,denied,41,13,0.49058819036150425,0.06982989529009172,0.08166056485773066,flight,1.433139525985437
1.6804553250192382,1.0,,49.714285714285715,original,zero,25,1.0,,100.0,0.6,,0.0,0.20170688445609364,,50.0,0.35843793321025763,0.010000000000001563,horizon,0,0.210966834146863,1.0,1.0,100/50/50 Hz,1.0,700,denied,41,18,0.19723187996417743,0.07581879530199408,0.0618169707521009,before_outage,1.5424624164235747
1.5577059242624938,1.0,,50.0,original,zero,40,1.0,,100.0,0.6,,0.0,0.37302841886100874,,49.93333333333333,0.5201206553326067,0.010000000000005116,horizon,0,0.3815134768551708,1.0,1.0,100/50/50 Hz,1.0,1500,denied,41,25,0.44796108346777624,0.06896077993855691,0.08001457207394615,outage_window,1.4217589175014353
1.319742382228903,1.0,,49.95,original,zero,60,1.0,,100.0,0.6,,0.0,0.41781868924821103,,50.0,0.5214182161215025,0.010000000000005116,horizon,0,0.4284535016380366,1.0,1.0,100/50/50 Hz,1.0,2000,denied,41,40,0.49058819036150425,0.061759690850405335,0.09486804509845201,after_return,1.2031484302694513
0.4229011437802603,1.0,,49.87234042553192,original,zero,60,1.0,,99.74468085106383,0.6,,6.808510638297872,0.02871687397888964,,49.95744680851064,0.12608140904436138,0.010000000000005116,retrodiction,0,0.059773520568654065,1.0,1.0,100/50/50 Hz,1.0,4700,transition,41,13,0.010633985314641724,0.04233957432530082,0.05242341948072332,flight,0.36376818731947
0.3736669918118818,1.0,,49.714285714285715,original,zero,25,1.0,,100.0,0.6,,10.0,0.017113766659925783,,50.0,0.03673292738934641,0.010000000000001563,retrodiction,0,0.04256093528067061,1.0,1.0,100/50/50 Hz,1.0,700,transition,41,18,0.012276999959493209,0.03938411299418573,0.03896860534680508,before_outage,0.3212734589788868
0.3031293262120838,1.0,,50.0,original,zero,40,1.0,,100.0,0.6,,0.0,0.017844374512654984,,49.93333333333333,0.03520480948099127,0.010000000000005116,retrodiction,0,0.05779509247371338,1.0,1.0,100/50/50 Hz,1.0,1500,transition,41,25,0.01553131538924093,0.042089097524597,0.0549713653850547,outage_window,0.23584868461624126
0.3218210448090312,1.0,,49.9,original,zero,60,1.0,,100.0,0.6,,10.0,0.0393283605259584,,50.0,0.12608140904436138,0.010000000000005116,retrodiction,0,0.07119181583197895,1.0,1.0,100/50/50 Hz,1.0,2000,transition,41,40,0.010633985314641724,0.04320689562863696,0.05934268868019586,after_return,0.2594693279114085
0.4610403005966475,1.0,,49.87234042553192,original,zero,60,1.0,,99.68085106382979,0.6,,6.808510638297872,0.029897063098928478,,49.95744680851064,0.12642435475517816,0.010000000000005116,horizon,0,0.08313350544737459,1.0,1.0,100/50/50 Hz,1.0,4700,transition,41,13,0.02151197682690765,0.043896018739949916,0.07757154984933169,flight,0.4004849171342649
0.3874035635456619,1.0,,49.714285714285715,original,zero,25,1.0,,100.0,0.6,,10.0,0.018129034946571924,,50.0,0.04579644292660084,0.010000000000001563,horizon,0,0.059788239910864585,1.0,1.0,100/50/50 Hz,1.0,700,transition,41,18,0.013306643961703774,0.042400244472847855,0.05697342997876356,before_outage,0.33666408002630893
0.30289084584890225,1.0,,50.0,original,zero,40,1.0,,100.0,0.6,,0.13333333333333333,0.01815016546580956,,49.93333333333333,0.039253950426960706,0.010000000000005116,horizon,0,0.082929324841832,1.0,1.0,100/50/50 Hz,1.0,1500,transition,41,25,0.012302995946635363,0.04349331418519753,0.08091875191997111,outage_window,0.23218071369556192
0.32822382251116533,1.0,,49.9,original,zero,60,1.0,,100.0,0.6,,9.9,0.040712472144896324,,50.0,0.12642435475517816,0.010000000000005116,horizon,0,0.0966077712609143,1.0,1.0,100/50/50 Hz,1.0,2000,transition,41,40,0.02151197682690765,0.044201462911027826,0.08761025099754127,after_return,0.2665096712024287
0.6947829342641304,1.0,,49.8936170212766,original,nominal,60,1.0,,99.72340425531915,0.6,,10.0,0.04703313198701507,,49.95744680851064,0.12816613627313417,0.010000000000005116,retrodiction,0,0.06993846299807711,1.0,1.0,100/50/50 Hz,1.0,4700,gps,41,13,0.03275393337959279,0.03638786529051348,0.05176169531637677,flight,0.6246538557785967
0.4959023601157081,1.0,,49.714285714285715,original,nominal,25,1.0,,100.0,0.6,,10.0,0.04009584076441192,,50.0,0.0745981781202243,0.010000000000001563,retrodiction,0,0.05624861426627765,1.0,1.0,100/50/50 Hz,1.0,700,gps,41,18,0.02132583439909959,0.035236950686010814,0.03944908313600477,before_outage,0.4295819074938339
0.6319777309263469,1.0,,50.0,original,nominal,40,1.0,,100.0,0.6,,10.0,0.05663392520510248,,49.93333333333333,0.12816613627313417,0.010000000000005116,retrodiction,0,0.07800220887100803,1.0,1.0,100/50/50 Hz,1.0,1500,gps,41,25,0.057869966790290266,0.03624169004373809,0.053637142957275626,outage_window,0.561258102260207
0.39477556431958316,1.0,,49.95,original,nominal,60,1.0,,100.0,0.6,,10.0,0.039500271332192465,,50.0,0.09346526756035942,0.010000000000005116,retrodiction,0,0.07075288958483804,1.0,1.0,100/50/50 Hz,1.0,2000,gps,41,40,0.03275393337959279,0.031496465583243434,0.05870008474685072,after_return,0.3405674202053074
0.49332507648550733,1.0,,49.851063829787236,original,nominal,60,1.0,,99.68085106382979,0.6,,10.0,0.029717221972377503,,49.95744680851064,0.08048035589457556,0.010000000000005116,horizon,0,0.07191906684340599,1.0,1.0,100/50/50 Hz,1.0,4700,gps,41,13,0.02175534645911486,0.04480829330193601,0.06549228117779028,flight,0.43307302911564877
0.3873975878892354,1.0,,49.714285714285715,original,nominal,25,1.0,,100.0,0.6,,10.0,0.01813784306778217,,50.0,0.04581159074560517,0.010000000000001563,horizon,0,0.05092781177454006,1.0,1.0,100/50/50 Hz,1.0,700,gps,41,18,0.013299780498050508,0.042401630192793575,0.04758845092027568,before_outage,0.3366577321887589
0.44458727684271804,1.0,,49.93333333333333,original,nominal,40,1.0,,100.0,0.6,,10.0,0.0409755601491182,,49.93333333333333,0.08048035589457556,0.010000000000005116,horizon,0,0.07676335226937812,1.0,1.0,100/50/50 Hz,1.0,1500,gps,41,25,0.01851690083987198,0.04635709052730718,0.06491236956157614,outage_window,0.3833713261126307
0.31636993641283184,1.0,,49.9,original,nominal,60,1.0,,100.0,0.6,,10.0,0.024902105079657164,,50.0,0.056488435102618084,0.010000000000005116,horizon,0,0.08067806005676456,1.0,1.0,100/50/50 Hz,1.0,2000,gps,41,40,0.02175534645911486,0.044169102461085706,0.07673874208719232,after_return,0.2540566350412337
1.5560614879772798,1.0,,49.87234042553192,original,nominal,60,1.0,,99.76595744680851,0.6,,0.0,0.6077624808219377,,49.95744680851064,0.7839001176290011,0.010000000000005116,retrodiction,0,0.6101315026338382,1.0,1.0,100/50/50 Hz,1.0,4700,denied,41,13,0.7055853632111475,0.06813476685060803,0.05371421982481904,flight,1.4236643246224487
1.6172436448687617,1.0,,49.714285714285715,original,nominal,25,1.0,,100.0,0.6,,0.0,0.4776486674404133,,50.0,0.6178697697546092,0.010000000000001563,retrodiction,0,0.47933336359709916,1.0,1.0,100/50/50 Hz,1.0,700,denied,41,18,0.4941032721826379,0.07479518126416443,0.04015250863528135,before_outage,1.4835144337013897
1.5279311971669645,1.0,,50.0,original,nominal,40,1.0,,100.0,0.6,,0.0,0.6363788222446637,,49.93333333333333,0.7839001176290011,0.010000000000005116,retrodiction,0,0.6387535803967505,1.0,1.0,100/50/50 Hz,1.0,1500,denied,41,25,0.753740647023201,0.06720858891392777,0.055028456894252675,outage_window,1.3956582789750334
1.3498417548108992,1.0,,49.9,original,nominal,60,1.0,,100.0,0.6,,0.0,0.6533975855023324,,50.0,0.767214409969966,0.010000000000005116,retrodiction,0,0.6562849053052495,1.0,1.0,100/50/50 Hz,1.0,2000,denied,41,40,0.7055853632111475,0.06088774004911396,0.061493676026421834,after_return,1.2324100776373959
1.5791807287641457,1.0,,49.8936170212766,original,nominal,60,1.0,,99.72340425531915,0.6,,0.0,0.48453872616982313,,49.95744680851064,0.6500453335776794,0.010000000000005116,horizon,0,0.489779610534977,1.0,1.0,100/50/50 Hz,1.0,4700,denied,41,13,0.6230684630825896,0.07016614798630569,0.07145830768720283,flight,1.4440262006454536
1.6934776693216873,1.0,,49.714285714285715,original,nominal,25,1.0,,100.0,0.6,,0.0,0.33348780422546453,,50.0,0.5001276163076462,0.010000000000001563,horizon,0,0.3376471830191397,1.0,1.0,100/50/50 Hz,1.0,700,denied,41,18,0.32223584418950846,0.07619748879587232,0.052834691573233145,before_outage,1.5545527559283563
1.5697313214151478,1.0,,50.0,original,nominal,40,1.0,,100.0,0.6,,0.0,0.5000855058320927,,49.93333333333333,0.6500453335776794,0.010000000000005116,horizon,0,0.5049345544459282,1.0,1.0,100/50/50 Hz,1.0,1500,denied,41,25,0.5915836015500936,0.06928307677599732,0.06980967791193508,outage_window,1.4329197478887195
1.3298087218362022,1.0,,49.95,original,nominal,60,1.0,,100.0,0.6,,0.0,0.5439894866548046,,50.0,0.6424740535086475,0.010000000000005116,horizon,0,0.5504166744331177,1.0,1.0,100/50/50 Hz,1.0,2000,denied,41,40,0.6230684630825896,0.06205310782046189,0.08386867056925924,after_return,1.2124976387331268
0.7188725928480543,1.0,,49.8936170212766,original,nominal,60,1.0,,99.72340425531915,0.6,,6.808510638297872,0.0459977387746807,,49.95744680851064,0.1338237946797767,0.010000000000005116,retrodiction,0,0.06961971109046368,1.0,1.0,100/50/50 Hz,1.0,4700,transition,41,13,0.03280655387230995,0.040497576729102466,0.05226004401008353,flight,0.6458541100552256
0.4959023601157081,1.0,,49.714285714285715,original,nominal,25,1.0,,100.0,0.6,,10.0,0.04009584076441192,,50.0,0.0745981781202243,0.010000000000001563,retrodiction,0,0.05624861426627765,1.0,1.0,100/50/50 Hz,1.0,700,transition,41,18,0.02132583439909959,0.035236950686010814,0.03944908313600477,before_outage,0.4295819074938339
0.6955013301956059,1.0,,50.0,original,nominal,40,1.0,,100.0,0.6,,0.06666666666666667,0.04524486433900354,,49.93333333333333,0.07026387392426199,0.010000000000005116,retrodiction,0,0.07133311309404224,1.0,1.0,100/50/50 Hz,1.0,1500,transition,41,25,0.045846131927195236,0.047427428733371316,0.05514812122486663,outage_window,0.6185470347378652
0.4154889720607221,1.0,,49.95,original,nominal,60,1.0,,100.0,0.6,,9.95,0.04694825807350735,,50.0,0.1338237946797767,0.010000000000005116,retrodiction,0,0.07515571593700397,1.0,1.0,100/50/50 Hz,1.0,2000,transition,41,40,0.03280655387230995,0.032134834280031395,0.05868767078243083,after_return,0.35859629269216625
0.46137709130722254,1.0,,49.87234042553192,original,nominal,60,1.0,,99.68085106382979,0.6,,6.808510638297872,0.029901803699151994,,49.95744680851064,0.12643079261120554,0.010000000000005116,horizon,0,0.07367187692311607,1.0,1.0,100/50/50 Hz,1.0,4700,transition,41,13,0.021511608972188373,0.043894483527900506,0.06733073284104474,flight,0.40081214124521547
0.3873975878892354,1.0,,49.714285714285715,original,nominal,25,1.0,,100.0,0.6,,10.0,0.01813784306778217,,50.0,0.04581159074560517,0.010000000000001563,horizon,0,0.05092781177454006,1.0,1.0,100/50/50 Hz,1.0,700,transition,41,18,0.013299780498050508,0.042401630192793575,0.04758845092027568,before_outage,0.3366577321887589
0.3031546717928083,1.0,,50.0,original,nominal,40,1.0,,100.0,0.6,,0.13333333333333333,0.018168516126696545,,49.93333333333333,0.03927676352222784,0.010000000000005116,horizon,0,0.07292585791173091,1.0,1.0,100/50/50 Hz,1.0,1500,transition,41,25,0.012323711422667208,0.04348755689950666,0.07062638157173233,outage_window,0.23246427461833988
0.32822149576387377,1.0,,49.9,original,nominal,60,1.0,,100.0,0.6,,9.9,0.04071426985991354,,50.0,0.12643079261120554,0.010000000000005116,horizon,0,0.08683016291839374,1.0,1.0,100/50/50 Hz,1.0,2000,transition,41,40,0.021511608972188373,0.044201626085014364,0.07669305980471072,after_return,0.2665066908995363
0.8480569268259169,1.0,,49.8936170212766,original,stress,60,1.0,,99.65957446808511,0.6,,10.0,0.05488143281739397,,49.95744680851064,0.14048031432094002,0.010000000000005116,retrodiction,0,0.07553541229473523,1.0,1.0,100/50/50 Hz,1.0,4700,gps,41,13,0.013184295037171223,0.041163554989877144,0.05190016225837363,flight,0.7696334459557939
0.4425122467715386,1.0,,49.714285714285715,original,stress,25,1.0,,100.0,0.6,,10.0,0.03816154538139125,,50.0,0.07014365090209615,0.010000000000001563,retrodiction,0,0.054905102488544806,1.0,1.0,100/50/50 Hz,1.0,700,gps,41,18,0.019970999188395476,0.03798196593626268,0.039474887376427376,before_outage,0.3798664358314063
0.6970817600425394,1.0,,50.0,original,stress,40,1.0,,100.0,0.6,,10.0,0.06190473061416001,,49.93333333333333,0.1382684462075949,0.010000000000005116,retrodiction,0,0.08220488506410285,1.0,1.0,100/50/50 Hz,1.0,1500,gps,41,25,0.053397292201422634,0.03887371312447822,0.05408740570586317,outage_window,0.6230132804554437
0.48159731768082836,1.0,,49.95,original,stress,60,1.0,,100.0,0.6,,10.0,0.04742364066607675,,50.0,0.12394560446016982,0.010000000000005116,retrodiction,0,0.0754339328586691,1.0,1.0,100/50/50 Hz,1.0,2000,gps,41,40,0.013184295037171223,0.03288539697726818,0.058662394534326916,after_return,0.4251031828675822
0.49223861052733037,1.0,,49.851063829787236,original,stress,60,1.0,,99.68085106382979,0.6,,10.0,0.029718228304876252,,49.95744680851064,0.08047882336770552,0.010000000000005116,horizon,0,0.06937785374505655,1.0,1.0,100/50/50 Hz,1.0,4700,gps,41,13,0.021750321552482764,0.04480801384648053,0.06269061729389581,flight,0.43202263498214255
0.38741401840544437,1.0,,49.714285714285715,original,stress,25,1.0,,100.0,0.6,,10.0,0.018127436018176485,,50.0,0.04579643090251859,0.010000000000001563,horizon,0,0.048703813519871485,1.0,1.0,100/50/50 Hz,1.0,700,gps,41,18,0.01330872772595219,0.042395861987045536,0.04520461829045053,before_outage,0.3366745657353891
0.4445897685807462,1.0,,49.93333333333333,original,stress,40,1.0,,100.0,0.6,,10.0,0.0409755323512776,,49.93333333333333,0.08047882336770552,0.010000000000005116,horizon,0,0.07434377337890277,1.0,1.0,100/50/50 Hz,1.0,1500,gps,41,25,0.018520449933117487,0.04635964674928427,0.0620322689311221,outage_window,0.38337411807116256
0.31637498855799406,1.0,,49.9,original,stress,60,1.0,,100.0,0.6,,10.0,0.02490269163041546,,50.0,0.056490601783658514,0.010000000000005116,horizon,0,0.07780317565315326,1.0,1.0,100/50/50 Hz,1.0,2000,gps,41,40,0.021750321552482764,0.044168130694564746,0.07371017630745334,after_return,0.25406181928424093
2.056162251779679,1.0,,49.87234042553192,original,stress,60,1.0,,99.74468085106383,0.6,,0.0,0.25904825492765543,,49.95744680851064,0.4317285570828813,0.010000000000005116,retrodiction,0,0.26464601467326726,1.0,1.0,100/50/50 Hz,1.0,4700,denied,41,13,0.3432070154851187,0.08511831743652247,0.054143464068894136,flight,1.8863944393443515
2.190180472096098,1.0,,49.714285714285715,original,stress,25,1.0,,100.0,0.6,,0.0,0.11983087880822525,,50.0,0.18234617892544494,0.010000000000001563,retrodiction,0,0.1265680033164865,1.0,1.0,100/50/50 Hz,1.0,700,denied,41,18,0.11300116294439289,0.09438614125516556,0.04074334237112318,before_outage,2.015890633391139
2.0639963091482167,1.0,,50.0,original,stress,40,1.0,,100.0,0.6,,0.0,0.29186522460866765,,49.93333333333333,0.4317285570828813,0.010000000000005116,retrodiction,0,0.2970621299798707,1.0,1.0,100/50/50 Hz,1.0,1500,denied,41,25,0.34044547477965564,0.08467706464939233,0.055322687320028034,outage_window,1.8922438190658801
1.781135908974707,1.0,,49.9,original,stress,60,1.0,,100.0,0.6,,0.0,0.2844547809037417,,50.0,0.39346030077120864,0.010000000000005116,retrodiction,0,0.2911382984889143,1.0,1.0,100/50/50 Hz,1.0,2000,denied,41,40,0.3432070154851187,0.07520504655785036,0.06202407974347129,after_return,1.6314089415450541
1.5596017270129796,1.0,,49.8936170212766,original,stress,60,1.0,,99.72340425531915,0.6,,0.0,0.3510427782823753,,49.95744680851064,0.51265763392949,0.010000000000005116,horizon,0,0.3577030011530544,1.0,1.0,100/50/50 Hz,1.0,4700,denied,41,13,0.4786661698007084,0.06959379598643639,0.06870520249364784,flight,1.4258728803645966
1.671802950727957,1.0,,49.714285714285715,original,stress,25,1.0,,100.0,0.6,,0.0,0.19021640092617878,,50.0,0.34409874098682913,0.010000000000001563,horizon,0,0.1968207998263096,1.0,1.0,100/50/50 Hz,1.0,700,denied,41,18,0.19107590460829088,0.07554458704703211,0.05055836293789034,before_outage,1.5344290852995215
1.549667136065416,1.0,,50.0,original,stress,40,1.0,,100.0,0.6,,0.0,0.36277197490468466,,49.93333333333333,0.508754013106451,0.010000000000005116,horizon,0,0.3689213061069786,1.0,1.0,100/50/50 Hz,1.0,1500,denied,41,25,0.4319734871479779,0.0687263293547715,0.06707774834797198,outage_window,1.4142976118816477
1.313033399997164,1.0,,49.95,original,stress,60,1.0,,100.0,0.6,,0.0,0.4078744234337142,,50.0,0.51265763392949,0.010000000000005116,horizon,0,0.415803404762938,1.0,1.0,100/50/50 Hz,1.0,2000,denied,41,40,0.4786661698007084,0.061565421815641785,0.08081414555055821,after_return,1.1969172415678333
0.8453135141336124,1.0,,49.8936170212766,original,stress,60,1.0,,99.65957446808511,0.6,,6.808510638297872,0.05317331982248698,,49.95744680851064,0.14899916303600616,0.010000000000005116,retrodiction,0,0.0747331257740692,1.0,1.0,100/50/50 Hz,1.0,4700,transition,41,13,0.012723896501446405,0.04506144607496723,0.05251321878363922,flight,0.76676276222257
0.4425122467715386,1.0,,49.714285714285715,original,stress,25,1.0,,100.0,0.6,,10.0,0.03816154538139125,,50.0,0.07014365090209615,0.010000000000001563,retrodiction,0,0.054905102488544806,1.0,1.0,100/50/50 Hz,1.0,700,transition,41,18,0.019970999188395476,0.03798196593626268,0.039474887376427376,before_outage,0.3798664358314063
0.6564672066616336,1.0,,50.0,original,stress,40,1.0,,100.0,0.6,,0.06666666666666667,0.04358914443897318,,49.93333333333333,0.07020066103084431,0.010000000000005116,retrodiction,0,0.07080185897390413,1.0,1.0,100/50/50 Hz,1.0,1500,transition,41,25,0.0654173657902244,0.0500340889576212,0.05579327666698688,outage_window,0.581655121667143
0.5121026495358113,1.0,,49.95,original,stress,60,1.0,,100.0,0.6,,9.95,0.057134923250586896,,50.0,0.14899916303600616,0.010000000000005116,retrodiction,0,0.08194828158150388,1.0,1.0,100/50/50 Hz,1.0,2000,transition,41,40,0.012723896501446405,0.03357217267341062,0.05874624583163587,after_return,0.4557578013755813
0.4600300706580566,1.0,,49.87234042553192,original,stress,60,1.0,,99.68085106382979,0.6,,6.808510638297872,0.029893724106589022,,49.95744680851064,0.12646176941475465,0.010000000000005116,horizon,0,0.0711483907990467,1.0,1.0,100/50/50 Hz,1.0,4700,transition,41,13,0.021507100380004914,0.043885267396483345,0.06456360253527532,flight,0.3995013531526669
0.38741401840544437,1.0,,49.714285714285715,original,stress,25,1.0,,100.0,0.6,,10.0,0.018127436018176485,,50.0,0.04579643090251859,0.010000000000001563,horizon,0,0.048703813519871485,1.0,1.0,100/50/50 Hz,1.0,700,transition,41,18,0.01330872772595219,0.042395861987045536,0.04520461829045053,before_outage,0.3366745657353891
0.30227878619339266,1.0,,50.0,original,stress,40,1.0,,100.0,0.6,,0.13333333333333333,0.01811476560223149,,49.93333333333333,0.039186119261911394,0.010000000000005116,horizon,0,0.07022509449253721,1.0,1.0,100/50/50 Hz,1.0,1500,transition,41,25,0.012216558393141733,0.04346101636047838,0.06784850155797098,outage_window,0.23152115462295528
0.32822484640906036,1.0,,49.9,original,stress,60,1.0,,100.0,0.6,,9.9,0.04071690141412946,,50.0,0.12646176941475465,0.010000000000005116,horizon,0,0.08417009545329239,1.0,1.0,100/50/50 Hz,1.0,2000,transition,41,40,0.021507100380004914,0.044201404189500665,0.07366640284314427,after_return,0.26651159266409175
0.4722376858392628,1.0,,24.914893617021278,original,zero,60,1.0,,24.97872340425532,0.6,,10.0,0.03774603581237098,,25.0,0.08951072652594781,0.010000000000005116,retrodiction,0,0.0659821390885849,1.0,1.0,25/25/25 Hz,1.0,4700,gps,7,13,0.00892974464258808,0.04398117276265079,0.054119122860192125,flight,0.3947566041655981
0.4762641694451923,1.0,,24.714285714285715,original,zero,25,1.0,,25.0,0.6,,10.0,0.03039923593431453,,25.0,0.04953408554193038,0.010000000000001563,retrodiction,0,0.05421502263005528,1.0,1.0,25/25/25 Hz,1.0,700,gps,7,18,0.02135227907723637,0.042714802103493765,0.04489047931786078,before_outage,0.4022920563343542
0.33892439732735474,1.0,,25.0,original,zero,40,1.0,,25.0,0.6,,10.0,0.028397018926935864,,25.0,0.04438081704147047,0.010000000000005116,retrodiction,0,0.06047433026714709,1.0,1.0,25/25/25 Hz,1.0,1500,gps,7,25,0.007873126679116946,0.043344817442379086,0.053392452063219846,outage_window,0.25540037321053527
0.4253535047790686,1.0,,25.0,original,zero,60,1.0,,25.0,0.6,,10.0,0.04766983727164182,,25.0,0.08951072652594781,0.010000000000005116,retrodiction,0,0.07767683242698828,1.0,1.0,25/25/25 Hz,1.0,2000,gps,7,40,0.00892974464258808,0.04375194145684918,0.06132925003932142,after_return,0.34063242046145015
0.4638007918738905,1.0,,24.893617021276597,original,zero,60,1.0,,24.97872340425532,0.6,,10.0,0.039037723973686544,,25.0,0.09522959191056693,0.010000000000005116,horizon,0,0.06559942094319698,1.0,1.0,25/25/25 Hz,1.0,4700,gps,7,13,0.024615426083360575,0.04568797141310793,0.05271944740830475,flight,0.38627305113563076
0.4790714404184054,1.0,,24.714285714285715,original,zero,25,1.0,,25.0,0.6,,10.0,0.03319028865519773,,25.0,0.056226036932039924,0.010000000000001563,horizon,0,0.051619914749145936,1.0,1.0,25/25/25 Hz,1.0,700,gps,7,18,0.024487312867471727,0.044470247271043144,0.039535052013292556,before_outage,0.40338523936118137
0.33955083665402164,1.0,,24.933333333333334,original,zero,40,1.0,,25.0,0.6,,10.0,0.02998447902630391,,25.0,0.054591091293570225,0.010000000000005116,horizon,0,0.05843062153585896,1.0,1.0,25/25/25 Hz,1.0,1500,gps,7,25,0.016034720950940228,0.04482270358869179,0.050150459126392107,outage_window,0.25636098600324403
0.4233025399508826,1.0,,25.0,original,zero,60,1.0,,25.0,0.6,,10.0,0.048379300501458326,,25.0,0.09522959191056693,0.010000000000005116,horizon,0,0.07873869818925534,1.0,1.0,25/25/25 Hz,1.0,2000,gps,7,40,0.024615426083360575,0.04509082996916127,0.06212266796853012,after_return,0.3378300705066182
0.5241894051390499,1.0,,24.893617021276597,original,zero,60,1.0,,24.97872340425532,0.6,,0.0,0.3995229898039436,,25.0,0.5626949976818797,0.010000000000005116,retrodiction,0,0.40389595025140074,1.0,1.0,25/25/25 Hz,1.0,4700,denied,7,13,0.4561995270563492,0.052552592134500316,0.05927325912753544,flight,0.44959387775522514
0.4545587973985218,1.0,,24.714285714285715,original,zero,25,1.0,,25.0,0.6,,0.0,0.30072894016900303,,25.0,0.3649519413913485,0.010000000000001563,retrodiction,0,0.30524382616201673,1.0,1.0,25/25/25 Hz,1.0,700,denied,7,18,0.34362553214822916,0.05490100633797205,0.05230581186498968,before_outage,0.3877323383702182
0.5396260703361098,1.0,,24.933333333333334,original,zero,40,1.0,,25.0,0.6,,0.0,0.35368724151994935,,25.0,0.4090830959985149,0.010000000000005116,retrodiction,0,0.35839415759609367,1.0,1.0,25/25/25 Hz,1.0,1500,denied,7,25,0.3719517066262703,0.055570075214962995,0.05789393219520213,outage_window,0.4683751339783018
0.5246311908182661,1.0,,25.0,original,zero,60,1.0,,25.0,0.6,,0.0,0.46203928910107334,,25.0,0.5626949976818797,0.010000000000005116,retrodiction,0,0.466813017697944,1.0,1.0,25/25/25 Hz,1.0,2000,denied,7,40,0.4561995270563492,0.04798993120924827,0.06658895418337568,after_return,0.44756498072190776
0.5336547089762156,1.0,,24.893617021276597,original,zero,60,1.0,,24.97872340425532,0.6,,0.0,0.3925286772329507,,25.0,0.573548806690275,0.010000000000005116,horizon,0,0.39753690076227965,1.0,1.0,25/25/25 Hz,1.0,4700,denied,7,13,0.4358385545357417,0.054533090866086785,0.0629032989391541,flight,0.45743818333084996
0.4656753325570251,1.0,,24.714285714285715,original,zero,25,1.0,,25.0,0.6,,0.0,0.28596173740779773,,25.0,0.354088280154875,0.010000000000001563,horizon,0,0.29069515971373655,1.0,1.0,25/25/25 Hz,1.0,700,denied,7,18,0.2960425496664876,0.05773042150270868,0.05224519709703966,before_outage,0.3942856236785919
0.5431006084960174,1.0,,24.933333333333334,original,zero,40,1.0,,25.0,0.6,,0.0,0.34224562966741906,,25.0,0.4035898534619983,0.010000000000005116,horizon,0,0.3474259319361594,1.0,1.0,25/25/25 Hz,1.0,1500,denied,7,25,0.35967204460965324,0.05719089831807708,0.05977212690929381,outage_window,0.4697478006734048
0.5318101916738223,1.0,,25.0,original,zero,60,1.0,,25.0,0.6,,0.0,0.46048093453212147,,25.0,0.573548806690275,0.010000000000005116,horizon,0,0.466213100315451,1.0,1.0,25/25/25 Hz,1.0,2000,denied,7,40,0.4358385545357417,0.04984818929982613,0.07288322055294195,after_return,0.45359730169209783
0.4546550168588518,1.0,,24.893617021276597,original,zero,60,1.0,,24.97872340425532,0.6,,6.808510638297872,0.04472753514644067,,25.0,0.11164277532827105,0.010000000000005116,retrodiction,0,0.07136966969524873,1.0,1.0,25/25/25 Hz,1.0,4700,transition,7,13,0.008284017610701732,0.04696912349254974,0.05561544166985299,flight,0.3775325364932597
0.4762641694451923,1.0,,24.714285714285715,original,zero,25,1.0,,25.0,0.6,,10.0,0.03039923593431453,,25.0,0.04953408554193038,0.010000000000001563,retrodiction,0,0.05421502263005528,1.0,1.0,25/25/25 Hz,1.0,700,transition,7,18,0.02135227907723637,0.042714802103493765,0.04489047931786078,before_outage,0.4022920563343542
0.23543349132349248,1.0,,24.933333333333334,original,zero,40,1.0,,25.0,0.6,,0.0,0.029848191065791875,,25.0,0.04862857908894145,0.010000000000005116,retrodiction,0,0.06541050421784693,1.0,1.0,25/25/25 Hz,1.0,1500,transition,7,25,0.029752757914017346,0.05205574037083723,0.05820326066581624,outage_window,0.1387451446725364
0.4326750350252251,1.0,,25.0,original,zero,60,1.0,,25.0,0.6,,10.0,0.0596835412047702,,25.0,0.11164277532827105,0.010000000000005116,retrodiction,0,0.08547875665049184,1.0,1.0,25/25/25 Hz,1.0,2000,transition,7,40,0.008284017610701732,0.04392705841505914,0.061192260521838064,after_return,0.3453334482478231
0.44603818839404286,1.0,,24.893617021276597,original,zero,60,1.0,,24.97872340425532,0.6,,6.808510638297872,0.0458117699831116,,25.0,0.11551651327526197,0.010000000000005116,horizon,0,0.0723077546427113,1.0,1.0,25/25/25 Hz,1.0,4700,transition,7,13,0.02394513094792629,0.048762006646736314,0.05594366016346278,flight,0.36889575289593646
0.4790714404184054,1.0,,24.714285714285715,original,zero,25,1.0,,25.0,0.6,,10.0,0.03319028865519773,,25.0,0.056226036932039924,0.010000000000001563,horizon,0,0.051619914749145936,1.0,1.0,25/25/25 Hz,1.0,700,transition,7,18,0.024487312867471727,0.044470247271043144,0.039535052013292556,before_outage,0.40338523936118137
0.23403332285486725,1.0,,24.933333333333334,original,zero,40,1.0,,25.0,0.6,,0.13333333333333333,0.030496126294708336,,25.0,0.05853757551666141,0.010000000000005116,horizon,0,0.0675097105042521,1.0,1.0,25/25/25 Hz,1.0,1500,transition,7,25,0.029584029326425936,0.05367798917741241,0.06022912329915757,outage_window,0.13726512453859763
0.43197084964308163,1.0,,25.0,original,zero,60,1.0,,25.0,0.6,,9.9,0.06056457667722066,,25.0,0.11551651327526197,0.010000000000005116,horizon,0,0.08669639129470201,1.0,1.0,25/25/25 Hz,1.0,2000,transition,7,40,0.02394513094792629,0.04540153235665693,0.062033832022801424,after_return,0.3441656901739287
0.4182179931057826,1.0,,24.914893617021278,original,nominal,60,1.0,,24.97872340425532,0.6,,10.0,0.04358469782126758,,25.0,0.12076972288572152,0.010000000000005116,retrodiction,0,0.0699778185424338,1.0,1.0,25/25/25 Hz,1.0,4700,gps,7,13,0.037867560817918575,0.03738227822262852,0.05474732143024519,flight,0.33546262747943856
0.3981551487817068,1.0,,24.857142857142858,original,nominal,25,1.0,,25.0,0.6,,10.0,0.0298646256939877,,25.0,0.06704459473384973,0.010000000000001563,retrodiction,0,0.05459690620510674,1.0,1.0,25/25/25 Hz,1.0,700,gps,7,18,0.04040563986253067,0.03633415652263648,0.045704773266336554,before_outage,0.32503088660701784
0.34195576102992437,1.0,,24.933333333333334,original,nominal,40,1.0,,25.0,0.6,,10.0,0.028556693986913337,,25.0,0.05464203725407773,0.010000000000005116,retrodiction,0,0.06174358408324065,1.0,1.0,25/25/25 Hz,1.0,1500,gps,7,25,0.003933382344333039,0.03687080027489214,0.054742902772706485,outage_window,0.26296395062096334
0.47008913966963545,1.0,,25.0,original,nominal,60,1.0,,25.0,0.6,,10.0,0.05860137207197841,,25.0,0.12076972288572152,0.010000000000005116,retrodiction,0,0.08495418694177326,1.0,1.0,25/25/25 Hz,1.0,2000,gps,7,40,0.037867560817918575,0.03671007740804666,0.061506853847512845,after_return,0.3806497667203114
0.46373992723731156,1.0,,24.893617021276597,original,nominal,60,1.0,,24.97872340425532,0.6,,10.0,0.0390369709568305,,25.0,0.09522931409335453,0.010000000000005116,horizon,0,0.06646639499522351,1.0,1.0,25/25/25 Hz,1.0,4700,gps,7,13,0.02461635312835229,0.045687571053091985,0.05379494922552344,flight,0.38621092837336146
0.47907683664755235,1.0,,24.714285714285715,original,nominal,25,1.0,,25.0,0.6,,10.0,0.033186237263630375,,25.0,0.05621710628340977,0.010000000000001563,horizon,0,0.052447071007720274,1.0,1.0,25/25/25 Hz,1.0,700,gps,7,18,0.024483821229414563,0.04446993368748609,0.04061242314330535,before_outage,0.4033905464412795
0.33955137051974793,1.0,,24.933333333333334,original,nominal,40,1.0,,25.0,0.6,,10.0,0.029982960911953127,,25.0,0.05458849167367814,0.010000000000005116,horizon,0,0.059309502062147426,1.0,1.0,25/25/25 Hz,1.0,1500,gps,7,25,0.01603379141530053,0.04482256266949297,0.05117264005122425,outage_window,0.2563613537068531
0.42330285631383835,1.0,,25.0,original,nominal,60,1.0,,25.0,0.6,,10.0,0.04837912905540182,,25.0,0.09522931409335453,0.010000000000005116,horizon,0,0.07966378815747001,1.0,1.0,25/25/25 Hz,1.0,2000,gps,7,40,0.02461635312835229,0.045090990945683286,0.063291223842165,after_return,0.3378304185240887
0.6177345461750197,1.0,,24.893617021276597,original,nominal,60,1.0,,24.97872340425532,0.6,,0.0,0.2878423964903033,,25.0,0.445243282764937,0.010000000000005116,retrodiction,0,0.29392928523615136,1.0,1.0,25/25/25 Hz,1.0,4700,denied,7,13,0.3187042624010097,0.054913208947605104,0.05950781042984057,flight,0.540444575530016
0.5188603556399073,1.0,,24.714285714285715,original,nominal,25,1.0,,25.0,0.6,,0.0,0.21694000043646217,,25.0,0.30915115881494254,0.010000000000001563,retrodiction,0,0.22318859007204503,1.0,1.0,25/25/25 Hz,1.0,700,denied,7,18,0.2166639669069271,0.05744918362988863,0.05244218672953252,before_outage,0.4500432442996962
0.6142941694370209,1.0,,24.933333333333334,original,nominal,40,1.0,,25.0,0.6,,0.0,0.24244265417674485,,25.0,0.30532952656684703,0.010000000000005116,retrodiction,0,0.24934437551883804,1.0,1.0,25/25/25 Hz,1.0,1500,denied,7,25,0.258808786587434,0.05768301434843504,0.058259566069570244,outage_window,0.5400297469233837
0.6480051810464468,1.0,,25.0,original,nominal,60,1.0,,25.0,0.6,,0.0,0.3232159879656708,,25.0,0.42299757068163685,0.010000000000005116,retrodiction,0,0.3300344936172419,1.0,1.0,25/25/25 Hz,1.0,2000,denied,7,40,0.3187042624010097,0.050534723302971124,0.06673973404625326,after_return,0.568174935194293
0.5328208000938,1.0,,24.893617021276597,original,nominal,60,1.0,,24.97872340425532,0.6,,0.0,0.35606844544439703,,25.0,0.5408706557588964,0.010000000000005116,horizon,0,0.3617630332289021,1.0,1.0,25/25/25 Hz,1.0,4700,denied,7,13,0.3984691549116085,0.05451027161673531,0.06393554856092297,flight,0.4566152698918446
0.4647571788784881,1.0,,24.714285714285715,original,nominal,25,1.0,,25.0,0.6,,0.0,0.24389559902170635,,25.0,0.30961737547650764,0.010000000000001563,horizon,0,0.24963728341461686,1.0,1.0,25/25/25 Hz,1.0,700,denied,7,18,0.2509930366238197,0.05769913809255382,0.0532326032471903,before_outage,0.39336744275816626
0.5422213865035188,1.0,,24.933333333333334,original,nominal,40,1.0,,25.0,0.6,,0.0,0.30223458968065187,,25.0,0.36234037631741073,0.010000000000005116,horizon,0,0.3082598328170626,1.0,1.0,25/25/25 Hz,1.0,1500,denied,7,25,0.3269041735107499,0.057163996763725335,0.06064962760785409,outage_window,0.4688863561779266
0.5311027335229641,1.0,,25.0,original,nominal,60,1.0,,25.0,0.6,,0.0,0.42812654586711013,,25.0,0.5408706557588964,0.010000000000005116,horizon,0,0.4344877785152352,1.0,1.0,25/25/25 Hz,1.0,2000,denied,7,40,0.3984691549116085,0.04983222306979311,0.07407624722541821,after_return,0.4528945506881484
0.4447818931809577,1.0,,24.914893617021278,original,nominal,60,1.0,,24.97872340425532,0.6,,6.808510638297872,0.04682533248533179,,25.0,0.13484395851124567,0.010000000000005116,retrodiction,0,0.0729241469603157,1.0,1.0,25/25/25 Hz,1.0,4700,transition,7,13,0.03808177361061925,0.04397025917420848,0.055904556590029866,flight,0.361345344375456
0.3981551487817068,1.0,,24.857142857142858,original,nominal,25,1.0,,25.0,0.6,,10.0,0.0298646256939877,,25.0,0.06704459473384973,0.010000000000001563,retrodiction,0,0.05459690620510674,1.0,1.0,25/25/25 Hz,1.0,700,transition,7,18,0.04040563986253067,0.03633415652263648,0.045704773266336554,before_outage,0.32503088660701784
0.3785613921313504,1.0,,24.933333333333334,original,nominal,40,1.0,,25.0,0.6,,0.06666666666666667,0.024912031656974136,,25.0,0.04381472339129446,0.010000000000005116,retrodiction,0,0.06351410728406642,1.0,1.0,25/25/25 Hz,1.0,1500,transition,7,25,0.008130080298658538,0.054701301412050846,0.0584245881698264,outage_window,0.305101534368946
0.5050499686675313,1.0,,25.0,original,nominal,60,1.0,,25.0,0.6,,9.95,0.06533601005651174,,25.0,0.13484395851124567,0.010000000000005116,retrodiction,0,0.08966783162869515,1.0,1.0,25/25/25 Hz,1.0,2000,transition,7,40,0.03808177361061925,0.03718235478935779,0.06141274964441357,after_return,0.4114905598421567
0.44597270772224384,1.0,,24.893617021276597,original,nominal,60,1.0,,24.97872340425532,0.6,,6.808510638297872,0.045813015031015585,,25.0,0.11552831084754209,0.010000000000005116,horizon,0,0.07310877146500187,1.0,1.0,25/25/25 Hz,1.0,4700,transition,7,13,0.023947271666100254,0.04875561253574393,0.056974205732856095,flight,0.3688279720690894
0.47907683664755235,1.0,,24.714285714285715,original,nominal,25,1.0,,25.0,0.6,,10.0,0.033186237263630375,,25.0,0.05621710628340977,0.010000000000001563,horizon,0,0.052447071007720274,1.0,1.0,25/25/25 Hz,1.0,700,transition,7,18,0.024483821229414563,0.04446993368748609,0.04061242314330535,before_outage,0.4033905464412795
0.23401638877697561,1.0,,24.933333333333334,original,nominal,40,1.0,,25.0,0.6,,0.13333333333333333,0.030499609948219878,,25.0,0.0585443500777299,0.010000000000005116,horizon,0,0.06831629067977596,1.0,1.0,25/25/25 Hz,1.0,1500,transition,7,25,0.029585253614993826,0.053660952921958216,0.06113010195681088,outage_window,0.13723550685954755
0.4319730371532716,1.0,,25.0,original,nominal,60,1.0,,25.0,0.6,,9.9,0.06056591415026091,,25.0,0.11552831084754209,0.010000000000005116,horizon,0,0.08753802387530406,1.0,1.0,25/25/25 Hz,1.0,2000,transition,7,40,0.023947271666100254,0.04540150138541362,0.06320344663969306,after_return,0.34416821740951264
0.5056864363924451,1.0,,24.914893617021278,original,stress,60,1.0,,24.97872340425532,0.6,,10.0,0.04915528254311552,,25.0,0.13710948616760169,0.010000000000005116,retrodiction,0,0.07374011171878782,1.0,1.0,25/25/25 Hz,1.0,4700,gps,7,13,0.04560492283445482,0.041608539362578384,0.05496691981915843,flight,0.4249071604581934
0.5137477046909232,1.0,,24.857142857142858,original,stress,25,1.0,,25.142857142857142,0.6,,10.0,0.035346578620522304,,25.0,0.07636850924939396,0.010000000000001563,retrodiction,0,0.057320024910224476,1.0,1.0,25/25/25 Hz,1.0,700,gps,7,18,0.057663180619452636,0.0427991430512273,0.045124324211360665,before_outage,0.44083858702507805
0.3633548706594972,1.0,,24.933333333333334,original,stress,40,1.0,,24.933333333333334,0.6,,10.0,0.03121141008377109,,25.0,0.05963968275391597,0.010000000000005116,retrodiction,0,0.06325969566216912,1.0,1.0,25/25/25 Hz,1.0,1500,gps,7,25,0.005524318462506317,0.04015834712403152,0.05502396728565589,outage_window,0.28611654903800543
0.5642409824718128,1.0,,25.0,original,stress,60,1.0,,25.0,0.6,,10.0,0.06558707283357604,,25.0,0.13710948616760169,0.010000000000005116,retrodiction,0,0.09009169596562012,1.0,1.0,25/25/25 Hz,1.0,2000,gps,7,40,0.04560492283445482,0.03915997514304235,0.06176446841902653,after_return,0.47609889300332414
0.4637396422155239,1.0,,24.914893617021278,original,stress,60,1.0,,24.97872340425532,0.6,,10.0,0.039033602230546124,,25.0,0.09522904338081518,0.010000000000005116,horizon,0,0.06905405817093989,1.0,1.0,25/25/25 Hz,1.0,4700,gps,7,13,0.02461581514173046,0.045687510146673424,0.05696350451633971,flight,0.3862099211980904
0.479072801841269,1.0,,24.714285714285715,original,stress,25,1.0,,25.0,0.6,,10.0,0.03318611266176499,,25.0,0.056220974412858116,0.010000000000001563,horizon,0,0.05510693341564657,1.0,1.0,25/25/25 Hz,1.0,700,gps,7,18,0.024484075170275288,0.04447018474971612,0.043993818166614566,before_outage,0.403386565042993
0.3395383869703773,1.0,,25.0,original,stress,40,1.0,,25.0,0.6,,10.0,0.029973882431905758,,25.0,0.05456574568541141,0.010000000000005116,horizon,0,0.06156833019464311,1.0,1.0,25/25/25 Hz,1.0,1500,gps,7,25,0.016027660125459045,0.04482213627952216,0.05377941664721638,outage_window,0.25634328052171274
0.4233039518478885,1.0,,25.0,original,stress,60,1.0,,25.0,0.6,,10.0,0.04837837477287356,,25.0,0.09522904338081518,0.010000000000005116,horizon,0,0.08255204728704037,1.0,1.0,25/25/25 Hz,1.0,2000,gps,7,40,0.02461581514173046,0.04509102117429878,0.06689075695204189,after_return,0.33783148675275504
0.46754868348284456,1.0,,24.893617021276597,original,stress,60,1.0,,24.97872340425532,0.6,,0.0,0.2548224148131561,,25.0,0.4436146404314179,0.010000000000005116,retrodiction,0,0.2617485359886822,1.0,1.0,25/25/25 Hz,1.0,4700,denied,7,13,0.3213114355892319,0.05521506963736178,0.05981498976853766,flight,0.39104066932171566
0.45389376366210515,1.0,,24.714285714285715,original,stress,25,1.0,,25.142857142857142,0.6,,0.0,0.10303831160703228,,25.0,0.2245763758014106,0.010000000000001563,retrodiction,0,0.11589748711936916,1.0,1.0,25/25/25 Hz,1.0,700,denied,7,18,0.059336272595251704,0.0590791856463857,0.053059719767036634,before_outage,0.3837020797475207
0.46252698888423616,1.0,,24.933333333333334,original,stress,40,1.0,,24.933333333333334,0.6,,0.0,0.20418789505184318,,25.0,0.344465309128471,0.010000000000005116,retrodiction,0,0.21243992385086968,1.0,1.0,25/25/25 Hz,1.0,1500,denied,7,25,0.3437445367206321,0.058918720990304665,0.058634671995848896,outage_window,0.3907451022043061
0.4366948458073431,1.0,,25.0,original,stress,60,1.0,,25.0,0.6,,0.0,0.32338753701263107,,25.0,0.4436146404314179,0.010000000000005116,retrodiction,0,0.33020648692608556,1.0,1.0,25/25/25 Hz,1.0,2000,denied,7,40,0.3213114355892319,0.049567921067921426,0.06675945560721194,after_return,0.3555486463895464
0.5308146585300917,1.0,,24.893617021276597,original,stress,60,1.0,,24.97872340425532,0.6,,0.0,0.37758834536542046,,25.0,0.5563751601940186,0.010000000000005116,horizon,0,0.38351643455020284,1.0,1.0,25/25/25 Hz,1.0,4700,denied,7,13,0.4197370978137804,0.05447295973296222,0.06717065590199303,flight,0.4546347821117506
0.46246349687193306,1.0,,24.714285714285715,original,stress,25,1.0,,25.0,0.6,,0.0,0.2722195945935963,,25.0,0.34175374435801886,0.010000000000001563,horizon,0,0.27799194622625206,1.0,1.0,25/25/25 Hz,1.0,700,denied,7,18,0.28320217745921283,0.0576528101039447,0.05635613973612356,before_outage,0.39107562024312065
0.5401053049073157,1.0,,24.933333333333334,original,stress,40,1.0,,25.0,0.6,,0.0,0.32753895371403924,,25.0,0.3884737255044186,0.010000000000005116,horizon,0,0.33362851641331215,1.0,1.0,25/25/25 Hz,1.0,1500,denied,7,25,0.342915289306126,0.05712293364754072,0.06345250794145312,outage_window,0.46681179027563463
0.5295086926817801,1.0,,25.0,original,stress,60,1.0,,25.0,0.6,,0.0,0.44373601507279403,,25.0,0.5563751601940186,0.010000000000005116,horizon,0,0.4504972048237327,1.0,1.0,25/25/25 Hz,1.0,2000,denied,7,40,0.4197370978137804,0.049805799310231845,0.07775654622803949,after_return,0.4513088969604459
0.53656812376639,1.0,,24.914893617021278,original,stress,60,1.0,,24.97872340425532,0.6,,6.808510638297872,0.05305119877608139,,25.0,0.15487291208499362,0.010000000000005116,retrodiction,0,0.0773010436780742,1.0,1.0,25/25/25 Hz,1.0,4700,transition,7,13,0.047365925993939385,0.048365613759758154,0.05622296383276351,flight,0.4538298628020048
0.5137477046909232,1.0,,24.857142857142858,original,stress,25,1.0,,25.142857142857142,0.6,,10.0,0.035346578620522304,,25.0,0.07636850924939396,0.010000000000001563,retrodiction,0,0.057320024910224476,1.0,1.0,25/25/25 Hz,1.0,700,transition,7,18,0.057663180619452636,0.0427991430512273,0.045124324211360665,before_outage,0.44083858702507805
0.44853092411468276,1.0,,24.933333333333334,original,stress,40,1.0,,24.933333333333334,0.6,,0.06666666666666667,0.030631286526424183,,25.0,0.06454324628091701,0.010000000000005116,retrodiction,0,0.06638707268825167,1.0,1.0,25/25/25 Hz,1.0,1500,transition,7,25,0.02476048196863045,0.058858057250288004,0.05889794313769637,outage_window,0.37763657012851
0.5849285659060967,1.0,,25.0,original,stress,60,1.0,,25.0,0.6,,9.95,0.07255558536393644,,25.0,0.15487291208499362,0.010000000000005116,retrodiction,0,0.0952699535019596,1.0,1.0,25/25/25 Hz,1.0,2000,transition,7,40,0.047365925993939385,0.0396677566513695,0.061741809762608,after_return,0.49075089130994226
0.4459740948101106,1.0,,24.893617021276597,original,stress,60,1.0,,24.97872340425532,0.6,,6.808510638297872,0.04581280615187953,,25.0,0.11554265632338928,0.010000000000005116,horizon,0,0.07565046559153599,1.0,1.0,25/25/25 Hz,1.0,4700,transition,7,13,0.02394647200391768,0.04874996102482444,0.06020116059268691,flight,0.36882959974383955
0.479072801841269,1.0,,24.714285714285715,original,stress,25,1.0,,25.0,0.6,,10.0,0.03318611266176499,,25.0,0.056220974412858116,0.010000000000001563,horizon,0,0.05510693341564657,1.0,1.0,25/25/25 Hz,1.0,700,transition,7,18,0.024484075170275288,0.04447018474971612,0.043993818166614566,before_outage,0.403386565042993
0.2340167359838282,1.0,,24.933333333333334,original,stress,40,1.0,,25.0,0.6,,0.13333333333333333,0.03049687944127568,,25.0,0.05854130107757586,0.010000000000005116,horizon,0,0.07089373002553748,1.0,1.0,25/25/25 Hz,1.0,1500,transition,7,25,0.029577770963160388,0.05364485165700537,0.06399891640706185,outage_window,0.13723642154272572
0.4319703998613117,1.0,,25.0,original,stress,60,1.0,,25.0,0.6,,9.9,0.060567703607900814,,25.0,0.11554265632338928,0.010000000000005116,horizon,0,0.09017505055445942,1.0,1.0,25/25/25 Hz,1.0,2000,transition,7,40,0.02394647200391768,0.04540136900887882,0.0668063845913307,after_return,0.3441656512070486
0.4330692714770644,1.0,,24.97872340425532,original,zero,60,1.0,,25.0,0.6,,10.0,0.04256574196945771,,25.0,0.08624350234723827,0.010000000000005116,retrodiction,0,0.07397382395855633,1.0,1.0,25/25/25 Hz,1.0,4700,gps,19,13,0.06407744411332572,0.046717275061054664,0.06050028298810699,flight,0.36158981385336314
0.3677535955201166,1.0,,24.857142857142858,original,zero,25,1.0,,25.0,0.6,,10.0,0.02846308420915492,,25.0,0.054798403873960934,0.010000000000001563,retrodiction,0,0.05451827625882165,1.0,1.0,25/25/25 Hz,1.0,700,gps,19,18,0.0442554871839025,0.04688913003953438,0.04649833635234439,before_outage,0.30325114316306334
0.43017447068563475,1.0,,25.0,original,zero,40,1.0,,25.0,0.6,,10.0,0.04336526163546054,,25.0,0.06702082036937222,0.010000000000005116,retrodiction,0,0.07318043781343207,1.0,1.0,25/25/25 Hz,1.0,1500,gps,19,25,0.0350753243528119,0.0451601706818499,0.05894769343963894,outage_window,0.35774809662949564
0.39880141113086864,1.0,,25.0,original,zero,60,1.0,,25.0,0.6,,10.0,0.04906792882399844,,25.0,0.08624350234723827,0.010000000000005116,retrodiction,0,0.08490006039848817,1.0,1.0,25/25/25 Hz,1.0,2000,gps,19,40,0.06407744411332572,0.04760900557312673,0.06928462034672603,after_return,0.3256746396180047
0.42341994986708464,1.0,,24.97872340425532,original,zero,60,1.0,,25.0,0.6,,10.0,0.044081855184709064,,25.0,0.09914119159586,0.010000000000005116,horizon,0,0.07947307796774156,1.0,1.0,25/25/25 Hz,1.0,4700,gps,19,13,0.07807679707063397,0.04865511451111596,0.06612684904893827,flight,0.35123099288266574
0.3623409555314417,1.0,,24.857142857142858,original,zero,25,1.0,,25.0,0.6,,10.0,0.029628737392797203,,25.0,0.061667316524142056,0.010000000000001563,horizon,0,0.058024648919143856,1.0,1.0,25/25/25 Hz,1.0,700,gps,19,18,0.037019407050483746,0.048736028640114025,0.04988985671154571,before_outage,0.2971164885397833
0.43561954471779735,1.0,,25.0,original,zero,40,1.0,,25.0,0.6,,10.0,0.0453095321222293,,25.0,0.07908125574879717,0.010000000000005116,horizon,0,0.07718088965130965,1.0,1.0,25/25/25 Hz,1.0,1500,gps,19,25,0.043178617705481565,0.04749084374402695,0.06248148546755517,outage_window,0.3615963450429093
0.3904229015296515,1.0,,25.0,original,zero,60,1.0,,25.0,0.6,,10.0,0.05023815216269616,,25.0,0.09914119159586,0.010000000000005116,horizon,0,0.09265097604120705,1.0,1.0,25/25/25 Hz,1.0,2000,gps,19,40,0.07807679707063397,0.04915406692639793,0.07784813054059878,after_return,0.31903929975957784
0.3754597295972833,1.0,,25.0,original,zero,60,1.0,,25.0,0.6,,0.0,0.12314531615934882,,25.0,0.2690896088002002,0.010000000000005116,retrodiction,0,0.139058467121436,1.0,1.0,25/25/25 Hz,1.0,4700,denied,19,13,0.22154816316986423,0.05358605711688308,0.06459480154143615,flight,0.30773468366389795
0.4063994275758181,1.0,,25.0,original,zero,25,1.0,,25.0,0.6,,0.0,0.09856165287869781,,25.0,0.23017983373720804,0.010000000000001563,retrodiction,0,0.10854115500949954,1.0,1.0,25/25/25 Hz,1.0,700,denied,19,18,0.07296384396469571,0.05139140133075365,0.0454618841736161,before_outage,0.3412466489931086
0.4787974227184115,1.0,,25.0,original,zero,40,1.0,,25.0,0.6,,0.0,0.08467169453384694,,25.0,0.13804554961286467,0.010000000000005116,retrodiction,0,0.10572408072080734,1.0,1.0,25/25/25 Hz,1.0,1500,denied,19,25,0.10995590874910928,0.05517433602469886,0.06331102107079542,outage_window,0.41751414801051434
0.26398890129492747,1.0,,25.0,original,zero,60,1.0,,25.0,0.6,,0.0,0.140704991366653,,25.0,0.25503376391869326,0.010000000000005116,retrodiction,0,0.15888118153767272,1.0,1.0,25/25/25 Hz,1.0,2000,denied,19,40,0.22154816316986423,0.048492070793712615,0.07379251487323783,after_return,0.1737876971640446
0.36940186843377093,1.0,,25.0,original,zero,60,1.0,,25.0,0.6,,0.0,0.14461567276862045,,25.0,0.3091520196410418,0.010000000000005116,horizon,0,0.16278028080588258,1.0,1.0,25/25/25 Hz,1.0,4700,denied,19,13,0.2801340105575259,0.05536833928826396,0.07472434013707496,flight,0.3021696454621607
0.40166465087621545,1.0,,25.0,original,zero,25,1.0,,25.0,0.6,,0.0,0.13257356239715154,,25.0,0.2797254090736263,0.010000000000001563,horizon,0,0.14246055181732836,1.0,1.0,25/25/25 Hz,1.0,700,denied,19,18,0.0893042695596457,0.054186770449346756,0.05214651836341778,before_outage,0.3367760310425087
0.4723498600497434,1.0,,25.0,original,zero,40,1.0,,25.0,0.6,,0.0,0.09610025740647749,,25.0,0.16800005784631777,0.010000000000005116,horizon,0,0.11984851039986243,1.0,1.0,25/25/25 Hz,1.0,1500,denied,19,25,0.08154441594022281,0.05678920316933972,0.07161288970202713,outage_window,0.4129362106904558
0.25670868173531614,1.0,,25.0,original,zero,60,1.0,,25.0,0.6,,0.0,0.16253231211943175,,25.0,0.30204248184050675,0.010000000000005116,horizon,0,0.18423444418515383,1.0,1.0,25/25/25 Hz,1.0,2000,denied,19,40,0.2801340105575259,0.049975765270490725,0.08675008899894106,after_return,0.1654209923856291
0.4136368730546177,1.0,,24.97872340425532,original,zero,60,1.0,,25.0,0.6,,6.808510638297872,0.04154406116581439,,25.0,0.10177830141545303,0.010000000000005116,retrodiction,0,0.07451524165158302,1.0,1.0,25/25/25 Hz,1.0,4700,transition,19,13,0.06339476463518967,0.049474015431923875,0.06185961703926792,flight,0.34326062789019596
0.3677535955201166,1.0,,24.857142857142858,original,zero,25,1.0,,25.0,0.6,,10.0,0.02846308420915492,,25.0,0.054798403873960934,0.010000000000001563,retrodiction,0,0.05451827625882165,1.0,1.0,25/25/25 Hz,1.0,700,transition,19,18,0.0442554871839025,0.04688913003953438,0.04649833635234439,before_outage,0.30325114316306334
0.3432240349434477,1.0,,25.0,original,zero,40,1.0,,25.0,0.6,,0.0,0.04073175280232533,,25.0,0.06748474380653674,0.010000000000005116,retrodiction,0,0.07534891599008085,1.0,1.0,25/25/25 Hz,1.0,1500,transition,19,25,0.03157132063896669,0.053310533877154856,0.06339072057115715,outage_window,0.27518869846569877
0.41329441095178543,1.0,,25.0,original,zero,60,1.0,,25.0,0.6,,10.0,0.04870134381497134,,25.0,0.10177830141545303,0.010000000000005116,retrodiction,0,0.08458951227064393,1.0,1.0,25/25/25 Hz,1.0,2000,transition,19,40,0.06339476463518967,0.047831457007577356,0.06916331901233032,after_return,0.33896119942479935
0.39432024957704526,1.0,,24.97872340425532,original,zero,60,1.0,,25.0,0.6,,6.808510638297872,0.04231821053163787,,25.0,0.1162157004913567,0.010000000000005116,horizon,0,0.08083684129318496,1.0,1.0,25/25/25 Hz,1.0,4700,transition,19,13,0.0777134087702897,0.051218112090061475,0.0688749879684893,flight,0.32333255977752495
0.3623409555314417,1.0,,24.857142857142858,original,zero,25,1.0,,25.0,0.6,,10.0,0.029628737392797203,,25.0,0.061667316524142056,0.010000000000001563,horizon,0,0.058024648919143856,1.0,1.0,25/25/25 Hz,1.0,700,transition,19,18,0.037019407050483746,0.048736028640114025,0.04988985671154571,before_outage,0.2971164885397833
0.3186942900941077,1.0,,25.0,original,zero,40,1.0,,25.0,0.6,,0.13333333333333333,0.039888372287307794,,25.0,0.07465035425988674,0.010000000000005116,horizon,0,0.08192630955367022,1.0,1.0,25/25/25 Hz,1.0,1500,transition,19,25,0.03508526281633635,0.05492125895818465,0.07156003041749585,outage_window,0.24863090668361082
0.4033090717433534,1.0,,25.0,original,zero,60,1.0,,25.0,0.6,,9.9,0.050121700320822304,,25.0,0.1162157004913567,0.010000000000005116,horizon,0,0.09236719527134284,1.0,1.0,25/25/25 Hz,1.0,2000,transition,19,40,0.0777134087702897,0.04946655264048831,0.07758552648042069,after_return,0.3305476381451793
0.4360757077669611,1.0,,24.97872340425532,original,nominal,60,1.0,,24.97872340425532,0.6,,10.0,0.04076399110498278,,25.0,0.09851615580862956,0.010000000000005116,retrodiction,0,0.07355325822729179,1.0,1.0,25/25/25 Hz,1.0,4700,gps,19,13,0.039284318633746956,0.0407469663580711,0.061224005300564516,flight,0.3637676409226091
0.49035084484329966,1.0,,24.857142857142858,original,nominal,25,1.0,,25.0,0.6,,10.0,0.04093855607054207,,25.0,0.06356646019860146,0.010000000000001563,retrodiction,0,0.06239636009218345,1.0,1.0,25/25/25 Hz,1.0,700,gps,19,18,0.032642017199556554,0.043867633593019345,0.047088643849791494,before_outage,0.4208823964474193
0.37264266735815516,1.0,,25.0,original,nominal,40,1.0,,25.0,0.6,,10.0,0.03198358723459142,,25.0,0.06070304874239594,0.010000000000005116,retrodiction,0,0.06782109626265154,1.0,1.0,25/25/25 Hz,1.0,1500,gps,19,25,0.037158876825426145,0.03924043765646259,0.05980594657619864,outage_window,0.2918858067619991
0.43271027866476536,1.0,,25.0,original,nominal,60,1.0,,25.0,0.6,,10.0,0.04637334047953325,,25.0,0.09851615580862956,0.010000000000005116,retrodiction,0,0.0838411168176294,1.0,1.0,25/25/25 Hz,1.0,2000,gps,19,40,0.039284318633746956,0.038866049633393414,0.06984873772658073,after_return,0.3630390389661313
0.4235814864862338,1.0,,24.97872340425532,original,nominal,60,1.0,,25.0,0.6,,10.0,0.04408212671301536,,25.0,0.09914246454309546,0.010000000000005116,horizon,0,0.08398130146759374,1.0,1.0,25/25/25 Hz,1.0,4700,gps,19,13,0.07807830056967877,0.048655579717559835,0.07148164170364667,flight,0.3513937909856269
0.36234501878465164,1.0,,24.857142857142858,original,nominal,25,1.0,,25.0,0.6,,10.0,0.02962782666280434,,25.0,0.06166705252037168,0.010000000000001563,horizon,0,0.06304796683627538,1.0,1.0,25/25/25 Hz,1.0,700,gps,19,18,0.037019356868868515,0.04873596725659903,0.05565283469354369,before_outage,0.29712086805851073
0.43561850853243034,1.0,,25.0,original,nominal,40,1.0,,25.0,0.6,,10.0,0.04531024466331147,,25.0,0.07908342365181244,0.010000000000005116,horizon,0,0.08162729464694636,1.0,1.0,25/25/25 Hz,1.0,1500,gps,19,25,0.04317907537761186,0.04749160716334717,0.06789695839969748,outage_window,0.3615954885533245
0.3904229772937809,1.0,,25.0,original,nominal,60,1.0,,25.0,0.6,,10.0,0.050240001880725915,,25.0,0.09914246454309546,0.010000000000005116,horizon,0,0.09742474219921138,1.0,1.0,25/25/25 Hz,1.0,2000,gps,19,40,0.07807830056967877,0.04915425625465772,0.08347168743716311,after_return,0.3190394129669894
0.3940516558266195,1.0,,25.0,original,nominal,60,1.0,,25.0,0.6,,0.0,0.16648524308272108,,25.0,0.3495144564830743,0.010000000000005116,retrodiction,0,0.17871762934024377,1.0,1.0,25/25/25 Hz,1.0,4700,denied,19,13,0.3382377141207681,0.054647016808826485,0.0649819580551712,flight,0.3273771957218842
0.4446441328434937,1.0,,25.0,original,nominal,25,1.0,,25.0,0.6,,0.0,0.11236874994504067,,25.0,0.2535029823132066,0.010000000000001563,retrodiction,0,0.12134021895041255,1.0,1.0,25/25/25 Hz,1.0,700,denied,19,18,0.08310521726859589,0.052943643934126663,0.04578987629075859,before_outage,0.3797583973742016
0.48693680940001605,1.0,,25.0,original,nominal,40,1.0,,25.0,0.6,,0.0,0.0922877396157545,,25.0,0.14686443952781136,0.010000000000005116,retrodiction,0,0.11210207401615294,1.0,1.0,25/25/25 Hz,1.0,1500,denied,19,25,0.10471086578113577,0.056049687400876055,0.0636384169769938,outage_window,0.42528687791486597
0.27839117758125553,1.0,,25.0,original,nominal,60,1.0,,25.0,0.6,,0.0,0.20834590563188643,,25.0,0.3495144564830743,0.010000000000005116,retrodiction,0,0.22115264059101655,1.0,1.0,25/25/25 Hz,1.0,2000,denied,19,40,0.3382377141207681,0.04936901234497682,0.07416518082502342,after_return,0.19330991552429597
0.3761541297765129,1.0,,25.0,original,nominal,60,1.0,,25.0,0.6,,0.0,0.10766521110289284,,25.0,0.2408734923161315,0.010000000000005116,horizon,0,0.13411495634887508,1.0,1.0,25/25/25 Hz,1.0,4700,denied,19,13,0.21466217310572752,0.05541119941761913,0.079968892918623,flight,0.30933074675123123
0.4103382613381217,1.0,,25.0,original,nominal,25,1.0,,25.0,0.6,,0.0,0.08844604741644968,,25.0,0.2123528947610211,0.010000000000001563,horizon,0,0.10539882604262715,1.0,1.0,25/25/25 Hz,1.0,700,denied,19,18,0.06705052692957446,0.05424112626887077,0.05732546753033171,before_outage,0.34565172812107486
0.4805420173487283,1.0,,25.0,original,nominal,40,1.0,,25.0,0.6,,0.0,0.08938103532813681,,25.0,0.1546364502122588,0.010000000000005116,horizon,0,0.11784972452075498,1.0,1.0,25/25/25 Hz,1.0,1500,denied,19,25,0.1163856436521726,0.0568524300179995,0.07680877614757442,outage_window,0.4212357091879497
0.2606119055591793,1.0,,25.0,original,nominal,60,1.0,,25.0,0.6,,0.0,0.11753794366679714,,25.0,0.2354627268646243,0.010000000000005116,horizon,0,0.14951996591341515,1.0,1.0,25/25/25 Hz,1.0,2000,denied,19,40,0.21466217310572752,0.04998348184339544,0.09241781216480757,after_return,0.17042435794036537
0.4109086443044377,1.0,,24.97872340425532,original,nominal,60,1.0,,24.97872340425532,0.6,,6.808510638297872,0.04189397727282325,,25.0,0.11217375482831368,0.010000000000005116,retrodiction,0,0.07512822470609994,1.0,1.0,25/25/25 Hz,1.0,4700,transition,19,13,0.03885313961126781,0.04597016187148841,0.06236300839243095,flight,0.33806316178433526
0.49035084484329966,1.0,,24.857142857142858,original,nominal,25,1.0,,25.0,0.6,,10.0,0.04093855607054207,,25.0,0.06356646019860146,0.010000000000001563,retrodiction,0,0.06239636009218345,1.0,1.0,25/25/25 Hz,1.0,700,transition,19,18,0.032642017199556554,0.043867633593019345,0.047088643849791494,before_outage,0.4208823964474193
0.2746726983291684,1.0,,25.0,original,nominal,40,1.0,,25.0,0.6,,0.06666666666666667,0.028340507805153792,,25.0,0.048672013110690596,0.010000000000005116,retrodiction,0,0.06951867025931792,1.0,1.0,25/25/25 Hz,1.0,1500,transition,19,25,0.038784420980615436,0.05416164939002177,0.06347961193934468,outage_window,0.17300374751844355
0.4297771852932732,1.0,,25.0,original,nominal,60,1.0,,25.0,0.6,,9.95,0.05034686045541719,,25.0,0.11217375482831368,0.010000000000005116,retrodiction,0,0.08605097433099429,1.0,1.0,25/25/25 Hz,1.0,2000,transition,19,40,0.03885313961126781,0.03911170907438875,0.06978512610575544,after_return,0.3617363068324504
0.39452244421814825,1.0,,24.97872340425532,original,nominal,60,1.0,,25.0,0.6,,6.808510638297872,0.04231940378917961,,25.0,0.11622551514801767,0.010000000000005116,horizon,0,0.0853905790623668,1.0,1.0,25/25/25 Hz,1.0,4700,transition,19,13,0.07771470436347153,0.05121384733981009,0.07416615842508417,flight,0.3235407598828532
0.36234501878465164,1.0,,24.857142857142858,original,nominal,25,1.0,,25.0,0.6,,10.0,0.02962782666280434,,25.0,0.06166705252037168,0.010000000000001563,horizon,0,0.06304796683627538,1.0,1.0,25/25/25 Hz,1.0,700,transition,19,18,0.037019356868868515,0.04873596725659903,0.05565283469354369,before_outage,0.29712086805851073
0.3187999001332596,1.0,,25.0,original,nominal,40,1.0,,25.0,0.6,,0.13333333333333333,0.03989234364081381,,25.0,0.07465553780800527,0.010000000000005116,horizon,0,0.086523225424358,1.0,1.0,25/25/25 Hz,1.0,1500,transition,19,25,0.0350849740651674,0.054907744301916805,0.07677805322276343,outage_window,0.24875418603460464
0.403311775723772,1.0,,25.0,original,nominal,60,1.0,,25.0,0.6,,9.9,0.050123473336236825,,25.0,0.11622551514801767,0.010000000000005116,horizon,0,0.09713427100832106,1.0,1.0,25/25/25 Hz,1.0,2000,transition,19,40,0.07771470436347153,0.049467090867597666,0.08320278856522487,after_return,0.3305496174435327
0.48850190116028874,1.0,,24.97872340425532,original,stress,60,1.0,,24.95744680851064,0.6,,10.0,0.043303727298691495,,25.0,0.10543366215878698,0.010000000000005116,retrodiction,0,0.07497599744130051,1.0,1.0,25/25/25 Hz,1.0,4700,gps,19,13,0.04067816967013391,0.044110251254048945,0.06120610585847184,flight,0.41611124345308176
0.47067194974610593,1.0,,24.857142857142858,original,stress,25,1.0,,25.142857142857142,0.6,,10.0,0.03735270858520292,,25.0,0.05964804265311383,0.010000000000001563,retrodiction,0,0.0603818731097484,1.0,1.0,25/25/25 Hz,1.0,700,gps,19,18,0.023556496816605935,0.04621239327659576,0.04744202526864409,before_outage,0.40000349625118065
0.4316872790048364,1.0,,25.0,original,stress,40,1.0,,24.933333333333334,0.6,,10.0,0.033619940944763275,,25.0,0.07165114623883216,0.010000000000005116,retrodiction,0,0.06854035927298026,1.0,1.0,25/25/25 Hz,1.0,1500,gps,19,25,0.05733622845131712,0.04276707066649107,0.05972838872881004,outage_window,0.35362507436992574
0.5040411557043414,1.0,,25.0,original,stress,60,1.0,,25.0,0.6,,10.0,0.04924445260288573,,25.0,0.10543366215878698,0.010000000000005116,retrodiction,0,0.08518116609253318,1.0,1.0,25/25/25 Hz,1.0,2000,gps,19,40,0.04067816967013391,0.03994853456948914,0.0695040642317114,after_return,0.4354127920684959
0.4235667834441081,1.0,,24.97872340425532,original,stress,60,1.0,,25.0,0.6,,10.0,0.044080995835403106,,25.0,0.09914020280139753,0.010000000000005116,horizon,0,0.08073775219741938,1.0,1.0,25/25/25 Hz,1.0,4700,gps,19,13,0.07807578232747592,0.04865555830958512,0.06764207592949135,flight,0.35137888394014627
0.36234376122864187,1.0,,24.857142857142858,original,stress,25,1.0,,25.0,0.6,,10.0,0.029627459390410463,,25.0,0.061665959909383415,0.010000000000001563,horizon,0,0.05943414321208514,1.0,1.0,25/25/25 Hz,1.0,700,gps,19,18,0.03701855165040927,0.04873590532129539,0.05152311160464035,before_outage,0.2971195985649903
0.4356190166162401,1.0,,25.0,original,stress,40,1.0,,25.0,0.6,,10.0,0.045308635336289205,,25.0,0.07908126362458849,0.010000000000005116,horizon,0,0.07842641740033088,1.0,1.0,25/25/25 Hz,1.0,1500,gps,19,25,0.043178710006854776,0.047491539095006904,0.06401429926363394,outage_window,0.3615958653526177
0.3904225017534743,1.0,,25.0,original,stress,60,1.0,,25.0,0.6,,10.0,0.05023900333099194,,25.0,0.09914020280139753,0.010000000000005116,horizon,0,0.09399660657554083,1.0,1.0,25/25/25 Hz,1.0,2000,gps,19,40,0.07807578232747592,0.04915429702852899,0.07944434902512316,after_return,0.31903885235817214
0.3544912158783528,1.0,,25.0,original,stress,60,1.0,,24.95744680851064,0.6,,0.0,0.17085043198971772,,25.0,0.31299853480825457,0.010000000000005116,retrodiction,0,0.182905449769671,1.0,1.0,25/25/25 Hz,1.0,4700,denied,19,13,0.2548871197717552,0.05680117474808347,0.0653033953510265,flight,0.28664349291900587
0.4074408873098542,1.0,,25.0,original,stress,25,1.0,,25.142857142857142,0.6,,0.0,0.20939981498189514,,25.0,0.2790606237225631,0.010000000000001563,retrodiction,0,0.21461234994538433,1.0,1.0,25/25/25 Hz,1.0,700,denied,19,18,0.09717485536170055,0.0549639636956225,0.047012532739985353,before_outage,0.3424619540128335
0.4354435676288524,1.0,,25.0,original,stress,40,1.0,,24.933333333333334,0.6,,0.0,0.09075880738251325,,25.0,0.169888008409593,0.010000000000005116,retrodiction,0,0.1109859575807551,1.0,1.0,25/25/25 Hz,1.0,1500,denied,19,25,0.1575516587049651,0.059045703402026174,0.0638805264742005,outage_window,0.37336045823250646
0.23670572553305097,1.0,,25.0,original,stress,60,1.0,,25.0,0.6,,0.0,0.18584247213751728,,25.0,0.2551101338455578,0.010000000000005116,retrodiction,0,0.20007538992485602,1.0,1.0,25/25/25 Hz,1.0,2000,denied,19,40,0.2548871197717552,0.0513123882103813,0.07411300293065515,after_return,0.1430621235140084
0.3761418404691892,1.0,,25.0,original,stress,60,1.0,,25.0,0.6,,0.0,0.1066259337600147,,25.0,0.23688289809745214,0.010000000000005116,horizon,0,0.13105518848658307,1.0,1.0,25/25/25 Hz,1.0,4700,denied,19,13,0.21126606052692326,0.05539494577555794,0.07619955826026006,flight,0.30931814249495576
0.41033992707701755,1.0,,25.0,original,stress,25,1.0,,25.0,0.6,,0.0,0.08689866510742972,,25.0,0.20866130528633067,0.010000000000001563,horizon,0,0.10209484555892764,1.0,1.0,25/25/25 Hz,1.0,700,denied,19,18,0.06633826114036387,0.054221087482542035,0.053590852691929286,before_outage,0.34565370542955776
0.4805272598175322,1.0,,25.0,original,stress,40,1.0,,25.0,0.6,,0.0,0.09028438546133907,,25.0,0.1548759277154601,0.010000000000005116,horizon,0,0.1161542312245712,1.0,1.0,25/25/25 Hz,1.0,1500,denied,19,25,0.12008763585534192,0.05683551374398747,0.07307896532682644,outage_window,0.42122076016588084
0.26060854807625106,1.0,,25.0,original,stress,60,1.0,,25.0,0.6,,0.0,0.11617059182159756,,25.0,0.23187467945507745,0.010000000000005116,horizon,0,0.14594977952237562,1.0,1.0,25/25/25 Hz,1.0,2000,denied,19,40,0.21126606052692326,0.04997378076177959,0.08835005228323199,after_return,0.1704198662969357
0.47116376847552544,1.0,,24.97872340425532,original,stress,60,1.0,,24.95744680851064,0.6,,6.808510638297872,0.04420622856247367,,25.0,0.1324068017360655,0.010000000000005116,retrodiction,0,0.07650648889388154,1.0,1.0,25/25/25 Hz,1.0,4700,transition,19,13,0.03960337526849797,0.049896073671440236,0.06244239104288013,flight,0.39879086674621794
0.47067194974610593,1.0,,24.857142857142858,original,stress,25,1.0,,25.142857142857142,0.6,,10.0,0.03735270858520292,,25.0,0.05964804265311383,0.010000000000001563,retrodiction,0,0.0603818731097484,1.0,1.0,25/25/25 Hz,1.0,700,transition,19,18,0.023556496816605935,0.04621239327659576,0.04744202526864409,before_outage,0.40000349625118065
0.4010290910104948,1.0,,25.0,original,stress,40,1.0,,24.933333333333334,0.6,,0.06666666666666667,0.030115069497461913,,25.0,0.05630190923441072,0.010000000000005116,retrodiction,0,0.07038027192336832,1.0,1.0,25/25/25 Hz,1.0,1500,transition,19,25,0.05272770385002383,0.05911974685183685,0.06361183274494067,outage_window,0.31438757484907703
0.4838423945163018,1.0,,25.0,original,stress,60,1.0,,25.0,0.6,,9.95,0.05270817122049476,,25.0,0.1324068017360655,0.010000000000005116,retrodiction,0,0.08722935237422504,1.0,1.0,25/25/25 Hz,1.0,2000,transition,19,40,0.03960337526849797,0.040304689347913196,0.06950401860480968,after_return,0.41961147733245713
0.3945044673815449,1.0,,24.97872340425532,original,stress,60,1.0,,25.0,0.6,,6.808510638297872,0.04231819056500382,,25.0,0.11622874991288899,0.010000000000005116,horizon,0,0.082113895614948,1.0,1.0,25/25/25 Hz,1.0,4700,transition,19,13,0.07771406696535033,0.05120723946769916,0.07036947207679335,flight,0.32352215783460014
0.36234376122864187,1.0,,24.857142857142858,original,stress,25,1.0,,25.0,0.6,,10.0,0.029627459390410463,,25.0,0.061665959909383415,0.010000000000001563,horizon,0,0.05943414321208514,1.0,1.0,25/25/25 Hz,1.0,700,transition,19,18,0.03701855165040927,0.04873590532129539,0.05152311160464035,before_outage,0.2971195985649903
0.3187909032193586,1.0,,25.0,original,stress,40,1.0,,25.0,0.6,,0.13333333333333333,0.039887691294793325,,25.0,0.07465152778898178,0.010000000000005116,horizon,0,0.08321218328181268,1.0,1.0,25/25/25 Hz,1.0,1500,transition,19,25,0.03508245485059613,0.054888549846881456,0.07302903210160501,outage_window,0.24874357449534965
0.40331202471183,1.0,,25.0,original,stress,60,1.0,,25.0,0.6,,9.9,0.05012408835487289,,25.0,0.11622874991288899,0.010000000000005116,horizon,0,0.09371147553507948,1.0,1.0,25/25/25 Hz,1.0,2000,transition,19,40,0.07771406696535033,0.04946703243724535,0.07917964646015221,after_return,0.33054982779038183
0.45955297722437366,1.0,,24.914893617021278,original,zero,60,1.0,,25.0,0.6,,10.0,0.031098527899393484,,25.0,0.07539877612849182,0.010000000000005116,retrodiction,0,0.06190702414515578,1.0,1.0,25/25/25 Hz,1.0,4700,gps,41,13,0.00825305718845476,0.04729742183157543,0.053529068747733194,flight,0.389758870705305
0.38630546916718483,1.0,,24.857142857142858,original,zero,25,1.0,,25.0,0.6,,10.0,0.022487863590070302,,25.0,0.04298841247479055,0.010000000000001563,retrodiction,0,0.04667101462760166,1.0,1.0,25/25/25 Hz,1.0,700,gps,41,18,0.009509082775464485,0.04283011306510226,0.04089596065046276,before_outage,0.3051611785757505
0.4749995594077573,1.0,,25.0,original,zero,40,1.0,,25.0,0.6,,10.0,0.0428394754578115,,25.0,0.07539877612849182,0.010000000000005116,retrodiction,0,0.07029088269007387,1.0,1.0,25/25/25 Hz,1.0,1500,gps,41,25,0.03155939162887265,0.04828384629282632,0.05572779855556195,outage_window,0.4067163147340339
0.3127033657626099,1.0,,24.9,original,zero,60,1.0,,25.0,0.6,,10.0,0.025085128719060705,,25.0,0.046819115822152556,0.010000000000005116,retrodiction,0,0.0652150500193984,1.0,1.0,25/25/25 Hz,1.0,2000,gps,41,40,0.00825305718845476,0.047104147542083176,0.060197500497784724,after_return,0.23686201156053846
0.4602020389879887,1.0,,24.914893617021278,original,zero,60,1.0,,25.0,0.6,,10.0,0.03297376379521213,,25.0,0.08218481603693374,0.010000000000005116,horizon,0,0.08210232107195149,1.0,1.0,25/25/25 Hz,1.0,4700,gps,41,13,0.020189357980667254,0.04949196048877797,0.07518990641422137,flight,0.38947227182976046
0.3925925434064374,1.0,,24.857142857142858,original,zero,25,1.0,,25.0,0.6,,10.0,0.023409863909727147,,25.0,0.05429742753071924,0.010000000000001563,horizon,0,0.06131531244482406,1.0,1.0,25/25/25 Hz,1.0,700,gps,41,18,0.01896624890647377,0.04563389584103975,0.056670502132365574,before_outage,0.31256922612799065
0.4765871735229112,1.0,,25.0,original,zero,40,1.0,,25.0,0.6,,10.0,0.04473777310459713,,25.0,0.08218481603693374,0.010000000000005116,horizon,0,0.08874544026049692,1.0,1.0,25/25/25 Hz,1.0,1500,gps,41,25,0.03601488241552395,0.05033841662264721,0.07664388315234957,outage_window,0.4065077157800694
0.31822703567322697,1.0,,24.9,original,zero,60,1.0,,25.0,0.6,,10.0,0.02681163526895706,,25.0,0.050853542278758206,0.010000000000005116,horizon,0,0.09014340152223975,1.0,1.0,25/25/25 Hz,1.0,2000,gps,41,40,0.020189357980667254,0.048512915243427386,0.0860637499311072,after_return,0.2423759674669
0.2476240710399151,1.0,,24.872340425531913,original,zero,60,1.0,,25.0,0.6,,0.0,0.20245165377847116,,25.0,0.3038456379864204,0.010000000000005116,retrodiction,0,0.21064001295843698,1.0,1.0,25/25/25 Hz,1.0,4700,denied,41,13,0.20128286628471667,0.05496339670377352,0.05815963326477009,flight,0.16058719828457152
0.2646679914511716,1.0,,24.857142857142858,original,zero,25,1.0,,25.0,0.6,,0.0,0.26658978021775853,,25.0,0.3028070551638655,0.010000000000001563,retrodiction,0,0.2700860774631568,1.0,1.0,25/25/25 Hz,1.0,700,denied,41,18,0.26838613053750765,0.05718036483498493,0.04331718276713706,before_outage,0.16676696776495636
0.24633248445105366,1.0,,24.933333333333334,original,zero,40,1.0,,25.0,0.6,,0.0,0.21999000677149258,,25.0,0.27668679608039565,0.010000000000005116,retrodiction,0,0.22832902954144008,1.0,1.0,25/25/25 Hz,1.0,1500,denied,41,25,0.1673121608446568,0.05821592628747062,0.06114362315086081,outage_window,0.15961483906606017
0.23991052436041824,1.0,,24.9,original,zero,60,1.0,,25.0,0.6,,0.0,0.1379438363232848,,25.0,0.21381718457224386,0.010000000000005116,retrodiction,0,0.1522541210759339,1.0,1.0,25/25/25 Hz,1.0,2000,denied,41,40,0.20128286628471667,0.048310908840806015,0.06444234170962405,after_return,0.1535543749891259
0.2342581496826296,1.0,,24.872340425531913,original,zero,60,1.0,,25.0,0.6,,0.0,0.14018927083818877,,25.0,0.34446264975499474,0.010000000000005116,horizon,0,0.16371628399194152,1.0,1.0,25/25/25 Hz,1.0,4700,denied,41,13,0.339762521529889,0.056709723986682004,0.08455761341231793,flight,0.14119424422383928
0.24775002208350985,1.0,,24.857142857142858,original,zero,25,1.0,,25.0,0.6,,0.0,0.09858997330844657,,25.0,0.1421158966254805,0.010000000000001563,horizon,0,0.11682763844804316,1.0,1.0,25/25/25 Hz,1.0,700,denied,41,18,0.10264434421897496,0.05751977618419698,0.06267945650998007,before_outage,0.13964628070875731
0.22365454728518092,1.0,,24.933333333333334,original,zero,40,1.0,,25.0,0.6,,0.0,0.0536177719318272,,25.0,0.11582906380878909,0.010000000000005116,horizon,0,0.10123036298107989,1.0,1.0,25/25/25 Hz,1.0,1500,denied,41,25,0.023250398394686306,0.06037665434850812,0.08586454985817926,outage_window,0.12665526127852975
0.21928179696632547,1.0,,24.9,original,zero,60,1.0,,25.0,0.6,,0.0,0.19714601012912192,,25.0,0.34446264975499474,0.010000000000005116,horizon,0,0.2189873912022143,1.0,1.0,25/25/25 Hz,1.0,2000,denied,41,40,0.339762521529889,0.049800204224125934,0.09533587045661154,after_return,0.12362517362125171
0.4076305537567108,1.0,,24.893617021276597,original,zero,60,1.0,,25.0,0.6,,6.808510638297872,0.03267640512978403,,25.0,0.11368538698325803,0.010000000000005116,retrodiction,0,0.06436046478156217,1.0,1.0,25/25/25 Hz,1.0,4700,transition,41,13,0.007826068297385238,0.0505997396321683,0.05544837215548287,flight,0.33672369619724124
0.38630546916718483,1.0,,24.857142857142858,original,zero,25,1.0,,25.0,0.6,,10.0,0.022487863590070302,,25.0,0.04298841247479055,0.010000000000001563,retrodiction,0,0.04667101462760166,1.0,1.0,25/25/25 Hz,1.0,700,transition,41,18,0.009509082775464485,0.04283011306510226,0.04089596065046276,before_outage,0.3051611785757505
0.2610064626124198,1.0,,24.933333333333334,original,zero,40,1.0,,25.0,0.6,,0.0,0.03437840831812716,,25.0,0.06923020179050803,0.010000000000005116,retrodiction,0,0.0703037408106491,1.0,1.0,25/25/25 Hz,1.0,1500,transition,41,25,0.06370738341974551,0.057697717882136484,0.061324880868070614,outage_window,0.17779800837279608
0.3318084012978886,1.0,,24.9,original,zero,60,1.0,,25.0,0.6,,10.0,0.03682052609140523,,25.0,0.11368538698325803,0.010000000000005116,retrodiction,0,0.07056665582825057,1.0,1.0,25/25/25 Hz,1.0,2000,transition,41,40,0.007826068297385238,0.04722556304764445,0.06019885192538905,after_return,0.25673854280704544
0.4079298802140104,1.0,,24.893617021276597,original,zero,60,1.0,,25.0,0.6,,6.808510638297872,0.03447048027435606,,25.0,0.11990393080092608,0.010000000000005116,horizon,0,0.085620439937494,1.0,1.0,25/25/25 Hz,1.0,4700,transition,41,13,0.020049661371861274,0.052778326713375935,0.07837503253425321,flight,0.33634994643682553
0.3925925434064374,1.0,,24.857142857142858,original,zero,25,1.0,,25.0,0.6,,10.0,0.023409863909727147,,25.0,0.05429742753071924,0.010000000000001563,horizon,0,0.06131531244482406,1.0,1.0,25/25/25 Hz,1.0,700,transition,41,18,0.01896624890647377,0.04563389584103975,0.056670502132365574,before_outage,0.31256922612799065
0.27014718054389325,1.0,,24.933333333333334,original,zero,40,1.0,,25.0,0.6,,0.13333333333333333,0.035629729355112515,,25.0,0.08094433930037537,0.010000000000005116,horizon,0,0.09319083950248228,1.0,1.0,25/25/25 Hz,1.0,1500,transition,41,25,0.06832226731914477,0.05979007084380026,0.08611071334775275,outage_window,0.18644206395113777
0.3320306732454178,1.0,,24.9,original,zero,60,1.0,,25.0,0.6,,9.9,0.03879532670571212,,25.0,0.11990393080092608,0.010000000000005116,horizon,0,0.09437112652001163,1.0,1.0,25/25/25 Hz,1.0,2000,transition,41,40,0.020049661371861274,0.04860720172257348,0.0860280892874711,after_return,0.25690896034835237
0.5150147617096178,1.0,,24.93617021276596,original,nominal,60,1.0,,25.0,0.6,,10.0,0.04794240887026629,,25.0,0.12586957941015592,0.010000000000005116,retrodiction,0,0.07213470778235766,1.0,1.0,25/25/25 Hz,1.0,4700,gps,41,13,0.030266186105172954,0.041185582171748183,0.05389750920554996,flight,0.44521296620958245
0.37722356701386656,1.0,,24.857142857142858,original,nominal,25,1.0,,25.0,0.6,,10.0,0.04429974529339831,,25.0,0.07881963583947078,0.010000000000001563,retrodiction,0,0.06096854223893816,1.0,1.0,25/25/25 Hz,1.0,700,gps,41,18,0.005289523128518222,0.04029367690618331,0.0418890881934809,before_outage,0.29576534900250534
0.5663366407780488,1.0,,25.0,original,nominal,40,1.0,,25.0,0.6,,10.0,0.05623883725142796,,25.0,0.12586957941015592,0.010000000000005116,retrodiction,0,0.07983619326078581,1.0,1.0,25/25/25 Hz,1.0,1500,gps,41,25,0.06629680288788518,0.04100897394858331,0.056665782788036564,outage_window,0.4953605256458601
0.49503229145656197,1.0,,24.95,original,nominal,60,1.0,,25.0,0.6,,10.0,0.043974013955275344,,25.0,0.10090602986253414,0.010000000000005116,retrodiction,0,0.07425791495270774,1.0,1.0,25/25/25 Hz,1.0,2000,gps,41,40,0.030266186105172954,0.039267578811731776,0.059837480142339076,after_return,0.42919618718817476
0.4601593327178438,1.0,,24.914893617021278,original,nominal,60,1.0,,25.0,0.6,,10.0,0.03297346509913784,,25.0,0.08218499267283255,0.010000000000005116,horizon,0,0.07748884963166182,1.0,1.0,25/25/25 Hz,1.0,4700,gps,41,13,0.02019047266135815,0.0494914520197784,0.07012326587227832,flight,0.3894292850935989
0.3925929910606123,1.0,,24.857142857142858,original,nominal,25,1.0,,25.0,0.6,,10.0,0.02340973540497909,,25.0,0.05429742554916557,0.010000000000001563,horizon,0,0.056876019382616064,1.0,1.0,25/25/25 Hz,1.0,700,gps,41,18,0.018965510005279757,0.045633680581295195,0.051834986920810414,before_outage,0.31256983387693993
0.4765867639519309,1.0,,25.0,original,nominal,40,1.0,,25.0,0.6,,10.0,0.044737351513531545,,25.0,0.08218499267283255,0.010000000000005116,horizon,0,0.08420290956731573,1.0,1.0,25/25/25 Hz,1.0,1500,gps,41,25,0.03601622194845778,0.05033779437982381,0.0713351200963191,outage_window,0.4065072449514652
0.31822528521757515,1.0,,24.9,original,nominal,60,1.0,,25.0,0.6,,10.0,0.026811969717793743,,25.0,0.05085499658930883,0.010000000000005116,horizon,0,0.08505882845471051,1.0,1.0,25/25/25 Hz,1.0,2000,gps,41,40,0.02019047266135815,0.048512994150896306,0.08072250354108192,after_return,0.24237404014861533
0.2503557564635614,1.0,,24.872340425531913,original,nominal,60,1.0,,25.0,0.6,,0.0,0.20977470560325281,,25.0,0.4244285786375512,0.010000000000005116,retrodiction,0,0.21780558411598816,1.0,1.0,25/25/25 Hz,1.0,4700,denied,41,13,0.41896565939304337,0.056466006872380514,0.05859902184486877,flight,0.16328030624170858
0.2585597496856345,1.0,,24.857142857142858,original,nominal,25,1.0,,25.0,0.6,,0.0,0.1256687564769589,,25.0,0.19789329768935757,0.010000000000001563,retrodiction,0,0.13304696391254675,1.0,1.0,25/25/25 Hz,1.0,700,denied,41,18,0.14299114755400275,0.059097383745552484,0.04369048239469686,before_outage,0.15843395456502488
0.25139414235365404,1.0,,24.933333333333334,original,nominal,40,1.0,,25.0,0.6,,0.0,0.13039476968548216,,25.0,0.20250456663732785,0.010000000000005116,retrodiction,0,0.14428344820851993,1.0,1.0,25/25/25 Hz,1.0,1500,denied,41,25,0.18255157857724702,0.060330646528789306,0.061765018138188216,outage_window,0.16483075689711438
0.2486397426694551,1.0,,24.9,original,nominal,60,1.0,,25.0,0.6,,0.0,0.28102905465128336,,25.0,0.4244285786375512,0.010000000000005116,retrodiction,0,0.28837110598098964,1.0,1.0,25/25/25 Hz,1.0,2000,denied,41,40,0.41896565939304337,0.0492378684382605,0.06465729043584467,after_return,0.16398270900638576
0.23463371386627788,1.0,,24.872340425531913,original,nominal,60,1.0,,25.0,0.6,,0.0,0.14016210113590621,,25.0,0.3429548292444199,0.010000000000005116,horizon,0,0.16117320249671058,1.0,1.0,25/25/25 Hz,1.0,4700,denied,41,13,0.3382118328336667,0.05668714356051686,0.07957001073403017,flight,0.14168102275463187
0.24817361567429946,1.0,,24.857142857142858,original,nominal,25,1.0,,25.0,0.6,,0.0,0.10113007406925192,,25.0,0.14480888457164603,0.010000000000001563,horizon,0,0.11671286797143456,1.0,1.0,25/25/25 Hz,1.0,700,denied,41,18,0.10473025928711484,0.05749847466952183,0.05826321025196888,before_outage,0.1402999072282227
0.2247687708281855,1.0,,24.933333333333334,original,nominal,40,1.0,,25.0,0.6,,0.0,0.05585376762659136,,25.0,0.11763033314429917,0.010000000000005116,horizon,0,0.0982435779748022,1.0,1.0,25/25/25 Hz,1.0,1500,denied,41,25,0.02030157703588334,0.06035311124829809,0.08082176226243629,outage_window,0.12823092589504934
0.2202192654808552,1.0,,24.9,original,nominal,60,1.0,,25.0,0.6,,0.0,0.19595372047341528,,25.0,0.3429548292444199,0.010000000000005116,horizon,0,0.21559911958910624,1.0,1.0,25/25/25 Hz,1.0,2000,denied,41,40,0.3382118328336667,0.049794582674755776,0.08991729422210369,after_return,0.12500162912472348
0.47987481085042394,1.0,,24.93617021276596,original,nominal,60,1.0,,25.0,0.6,,6.808510638297872,0.045082252082594094,,25.0,0.12306396029377234,0.010000000000005116,retrodiction,0,0.07136721438291571,1.0,1.0,25/25/25 Hz,1.0,4700,transition,41,13,0.030083544843263484,0.04817863062875477,0.05532512843128782,flight,0.4099101650054006
0.37722356701386656,1.0,,24.857142857142858,original,nominal,25,1.0,,25.0,0.6,,10.0,0.04429974529339831,,25.0,0.07881963583947078,0.010000000000001563,retrodiction,0,0.06096854223893816,1.0,1.0,25/25/25 Hz,1.0,700,transition,41,18,0.005289523128518222,0.04029367690618331,0.0418890881934809,before_outage,0.29576534900250534
0.3928285612563542,1.0,,25.0,original,nominal,40,1.0,,25.0,0.6,,0.06666666666666667,0.0420061351215849,,25.0,0.08280823652950603,0.010000000000005116,retrodiction,0,0.07394255609680603,1.0,1.0,25/25/25 Hz,1.0,1500,transition,41,25,0.07340492142074392,0.0600970823057012,0.060852166882342476,outage_window,0.322771590258405
0.5363928435156523,1.0,,24.95,original,nominal,60,1.0,,25.0,0.6,,9.95,0.048550792503287525,,25.0,0.12306396029377234,0.010000000000005116,retrodiction,0,0.07703994820120542,1.0,1.0,25/25/25 Hz,1.0,2000,transition,41,40,0.030083544843263484,0.039535827590346136,0.0598161697716189,after_return,0.46815319264587524
0.4078923122845358,1.0,,24.893617021276597,original,nominal,60,1.0,,25.0,0.6,,6.808510638297872,0.03446904313030544,,25.0,0.1199187349350742,0.010000000000005116,horizon,0,0.0810794055366293,1.0,1.0,25/25/25 Hz,1.0,4700,transition,41,13,0.020050657111483794,0.052767997517396935,0.07338770379194555,flight,0.3363108183702058
0.3925929910606123,1.0,,24.857142857142858,original,nominal,25,1.0,,25.0,0.6,,10.0,0.02340973540497909,,25.0,0.05429742554916557,0.010000000000001563,horizon,0,0.056876019382616064,1.0,1.0,25/25/25 Hz,1.0,700,transition,41,18,0.018965510005279757,0.045633680581295195,0.051834986920810414,before_outage,0.31256983387693993
0.2702005260963812,1.0,,24.933333333333334,original,nominal,40,1.0,,25.0,0.6,,0.13333333333333333,0.035622436084202076,,25.0,0.08094676160395446,0.010000000000005116,horizon,0,0.08850674562700901,1.0,1.0,25/25/25 Hz,1.0,1500,transition,41,25,0.06832482687262025,0.05976246548052809,0.08102151608622872,outage_window,0.18650600301387069
0.3320266328159192,1.0,,24.9,original,nominal,60,1.0,,25.0,0.6,,9.9,0.03879781211856958,,25.0,0.1199187349350742,0.010000000000005116,horizon,0,0.08952925220995085,1.0,1.0,25/25/25 Hz,1.0,2000,transition,41,40,0.020050657111483794,0.04860712123855864,0.08068591435985074,after_return,0.2569045348130201
0.5456079403912004,1.0,,24.914893617021278,original,stress,60,1.0,,25.0,0.6,,10.0,0.052909584968268204,,25.0,0.145659078007127,0.010000000000005116,retrodiction,0,0.07617871106748064,1.0,1.0,25/25/25 Hz,1.0,4700,gps,41,13,0.026169356848988752,0.04608810911446653,0.05480667695079045,flight,0.4752429769571126
0.3603347873990802,1.0,,24.714285714285715,original,stress,25,1.0,,25.0,0.6,,10.0,0.04485037135132025,,25.0,0.08096475151068475,0.010000000000001563,retrodiction,0,0.06223207216986531,1.0,1.0,25/25/25 Hz,1.0,700,gps,41,18,0.01510945954936323,0.048535324558528485,0.04314249640672172,before_outage,0.2835601674244282
0.6154244907324075,1.0,,25.0,original,stress,40,1.0,,24.933333333333334,0.6,,10.0,0.06290409107599607,,25.0,0.145659078007127,0.010000000000005116,retrodiction,0,0.08554720004668193,1.0,1.0,25/25/25 Hz,1.0,1500,gps,41,25,0.06443653993162905,0.04662629312684479,0.057977571195504625,outage_window,0.542468202724381
0.5151019913871393,1.0,,24.95,original,stress,60,1.0,,25.05,0.6,,10.0,0.047808797853246536,,25.0,0.11363883067760654,0.010000000000005116,retrodiction,0,0.07684442850023643,1.0,1.0,25/25/25 Hz,1.0,2000,gps,41,40,0.026169356848988752,0.040205246469954894,0.06016132511302721,after_return,0.44887192311707474
0.46016636678196055,1.0,,24.914893617021278,original,stress,60,1.0,,25.0,0.6,,10.0,0.032972436075309,,25.0,0.08218448480905764,0.010000000000005116,horizon,0,0.07420399055287642,1.0,1.0,25/25/25 Hz,1.0,4700,gps,41,13,0.020189769915778456,0.049491504042622536,0.06647594055920558,flight,0.38943635928557735
0.3925930409409263,1.0,,24.857142857142858,original,stress,25,1.0,,25.0,0.6,,10.0,0.02340774737953268,,25.0,0.05429417241945647,0.010000000000001563,horizon,0,0.05380355335393847,1.0,1.0,25/25/25 Hz,1.0,700,gps,41,18,0.018967796227669764,0.04563338801561912,0.04844481103406313,before_outage,0.3125697739808513
0.4765870927606685,1.0,,25.0,original,stress,40,1.0,,25.0,0.6,,10.0,0.044736132740454945,,25.0,0.08218448480905764,0.010000000000005116,horizon,0,0.08096421355911951,1.0,1.0,25/25/25 Hz,1.0,1500,gps,41,25,0.03601457558688547,0.05033777907098735,0.06748245923701289,outage_window,0.4065076113341277
0.3182251831983669,1.0,,24.9,original,stress,60,1.0,,25.0,0.6,,10.0,0.026811217049045908,,25.0,0.05085291885259504,0.010000000000005116,horizon,0,0.08136952031178851,1.0,1.0,25/25/25 Hz,1.0,2000,gps,41,40,0.020189769915778456,0.0485130435942685,0.07682550016836541,after_return,0.24237389275632024
0.23131906142037417,1.0,,24.893617021276597,original,stress,60,1.0,,25.0,0.6,,0.0,0.19373493630057434,,25.0,0.3325842862566743,0.010000000000005116,retrodiction,0,0.20264636133176187,1.0,1.0,25/25/25 Hz,1.0,4700,denied,41,13,0.22836559769602788,0.05951090244921139,0.05943334264211793,flight,0.13948067964860528
0.2382984036767184,1.0,,24.857142857142858,original,stress,25,1.0,,25.0,0.6,,0.0,0.2582717051670369,,25.0,0.3325842862566743,0.010000000000001563,retrodiction,0,0.262181444075519,1.0,1.0,25/25/25 Hz,1.0,700,denied,41,18,0.21400297243680427,0.06301295732415602,0.04510915569632907,before_outage,0.12813485618579903
0.2298010232965033,1.0,,25.0,original,stress,40,1.0,,24.933333333333334,0.6,,0.0,0.14028907298113724,,25.0,0.23821150207706468,0.010000000000005116,retrodiction,0,0.15352917276513914,1.0,1.0,25/25/25 Hz,1.0,1500,denied,41,25,0.16932030250508892,0.06514105205610624,0.062371330689998034,outage_window,0.1389341149480994
0.22886806678956306,1.0,,24.9,original,stress,60,1.0,,25.05,0.6,,0.0,0.19447508014243758,,25.0,0.2664799287047086,0.010000000000005116,retrodiction,0,0.20514269767610052,1.0,1.0,25/25/25 Hz,1.0,2000,denied,41,40,0.22836559769602788,0.051358724112203324,0.0652914206724012,after_return,0.1386625597338965
0.2348826026532472,1.0,,24.872340425531913,original,stress,60,1.0,,25.0,0.6,,0.0,0.13884847521688226,,25.0,0.3313749345845896,0.010000000000005116,horizon,0,0.15828936884330477,1.0,1.0,25/25/25 Hz,1.0,4700,denied,41,13,0.3265111090230595,0.05666577804973931,0.07600411317000294,flight,0.14200535239714818
0.24845043733819672,1.0,,24.857142857142858,original,stress,25,1.0,,25.0,0.6,,0.0,0.11463945053947601,,25.0,0.15739074962784783,0.010000000000001563,horizon,0,0.12725511620291174,1.0,1.0,25/25/25 Hz,1.0,700,denied,41,18,0.11893462784188066,0.05747453024537286,0.05524184084390753,before_outage,0.1407228195914742
0.22545214314281678,1.0,,24.933333333333334,original,stress,40,1.0,,25.0,0.6,,0.0,0.06789030575208953,,25.0,0.13148279827366235,0.010000000000005116,horizon,0,0.10281121648663923,1.0,1.0,25/25/25 Hz,1.0,1500,denied,41,25,0.011297540528151706,0.060328546991493925,0.07720785335929499,outage_window,0.1291943592830795
0.22080546451300995,1.0,,24.9,original,stress,60,1.0,,25.0,0.6,,0.0,0.18648213238069428,,25.0,0.3313749345845896,0.010000000000005116,horizon,0,0.20534840202815643,1.0,1.0,25/25/25 Hz,1.0,2000,denied,41,40,0.3265111090230595,0.049787781681460065,0.08597895392633347,after_return,0.1258577514886957
0.5081091745752846,1.0,,24.914893617021278,original,stress,60,1.0,,25.0,0.6,,6.808510638297872,0.05007832422106012,,25.0,0.1318295963200383,0.010000000000005116,retrodiction,0,0.07536165299390805,1.0,1.0,25/25/25 Hz,1.0,4700,transition,41,13,0.02622356259442691,0.05308548666445435,0.05631642908765252,flight,0.4382364384108757
0.3603347873990802,1.0,,24.714285714285715,original,stress,25,1.0,,25.0,0.6,,10.0,0.04485037135132025,,25.0,0.08096475151068475,0.010000000000001563,retrodiction,0,0.06223207216986531,1.0,1.0,25/25/25 Hz,1.0,700,transition,41,18,0.01510945954936323,0.048535324558528485,0.04314249640672172,before_outage,0.2835601674244282
0.4152708274968133,1.0,,25.0,original,stress,40,1.0,,24.933333333333334,0.6,,0.06666666666666667,0.048283038159298006,,25.0,0.09161029873832778,0.010000000000005116,retrodiction,0,0.07891328088282884,1.0,1.0,25/25/25 Hz,1.0,1500,transition,41,25,0.08475737049759537,0.06586753858776176,0.062418379711428044,outage_window,0.34620958812254404
0.5720116953543775,1.0,,24.95,original,stress,60,1.0,,25.05,0.6,,9.95,0.05310093793167032,,25.0,0.1318295963200383,0.010000000000005116,retrodiction,0,0.08020198713558839,1.0,1.0,25/25/25 Hz,1.0,2000,transition,41,40,0.02622356259442691,0.0402972113154765,0.06010531699670158,after_return,0.5028448429649822
0.4078962796479086,1.0,,24.893617021276597,original,stress,60,1.0,,25.0,0.6,,6.808510638297872,0.0344658463436902,,25.0,0.11993480857391102,0.010000000000005116,horizon,0,0.07785579557754603,1.0,1.0,25/25/25 Hz,1.0,4700,transition,41,13,0.02005131679841235,0.05275821964762397,0.06981139119675078,flight,0.33631506392035276
0.3925930409409263,1.0,,24.857142857142858,original,stress,25,1.0,,25.0,0.6,,10.0,0.02340774737953268,,25.0,0.05429417241945647,0.010000000000001563,horizon,0,0.05380355335393847,1.0,1.0,25/25/25 Hz,1.0,700,transition,41,18,0.018967796227669764,0.04563338801561912,0.04844481103406313,before_outage,0.3125697739808513
0.27018643572737777,1.0,,24.933333333333334,original,stress,40,1.0,,25.0,0.6,,0.13333333333333333,0.03561088409658621,,25.0,0.08093093536212083,0.010000000000005116,horizon,0,0.08517000542846981,1.0,1.0,25/25/25 Hz,1.0,1500,transition,41,25,0.06830842212689466,0.05973529927073246,0.07736791814793184,outage_window,0.1864892136963684
0.33202403306256095,1.0,,24.9,original,stress,60,1.0,,25.0,0.6,,9.9,0.0387995727369995,,25.0,0.11993480857391102,0.010000000000005116,horizon,0,0.08603425015154362,1.0,1.0,25/25/25 Hz,1.0,2000,transition,41,40,0.02005131679841235,0.0486071365199926,0.07678857567740574,after_return,0.25690183221984025
0.2246225024264301,1.0,1.0,,original,zero,60,1.0,1.0,,0.6,1.0,,0.034516098226853954,1.0,,0.07787809147960056,0.010000000000005116,px4,,0.3003383658456188,1.0,,100/50/50 Hz,1.0,4700,gps,7,13,0.017389228813790656,0.014060839324095293,0.2983484086802055,flight,0.20485070016988363
0.1436713735241017,1.0,1.0,,original,zero,25,1.0,1.0,,0.6,1.0,,0.02301196042818542,1.0,,0.04765258218404001,0.010000000000001563,px4,,0.2916896378074161,1.0,,100/50/50 Hz,1.0,700,gps,7,18,0.028258553250286613,0.011308015584260579,0.29078049192040584,before_outage,0.10688943912022864
0.1731465924512702,1.0,1.0,,original,zero,40,1.0,1.0,,0.6,1.0,,0.030003588206891012,1.0,,0.052907825332490326,0.010000000000005116,px4,,0.3045327386667516,1.0,,100/50/50 Hz,1.0,1500,gps,7,25,0.006662220340021253,0.015511011596142356,0.3030511072650673,outage_window,0.14166706977542645
0.18963389943939976,1.0,1.0,,original,zero,60,1.0,1.0,,0.6,1.0,,0.043249333018085784,1.0,,0.07787809147960056,0.010000000000005116,px4,,0.306030602737026,1.0,,100/50/50 Hz,1.0,2000,gps,7,40,0.017389228813790656,0.013136790024493267,0.30295911441162837,after_return,0.17663697333104367
0.5880045455168409,1.0,,,original,zero,60,1.0,,,0.6,0.6302127659574468,,0.09533772860478497,,,0.20365669848474294,0.010000000000005116,ekf3,,0.10894809623688717,1.0,,100/50/50 Hz,1.0,4700,gps,7,13,0.0321672019705418,0.048454840934817056,0.05272954748641788,flight,0.5620975310019006
0.3440610839867129,1.0,,,original,zero,25,1.0,,,0.6,0.0,,0.17269427134205634,,,0.20365669848474294,0.010000000000001563,ekf3,,0.1830562156358948,1.0,,100/50/50 Hz,1.0,700,gps,7,18,0.18842393423604378,0.07392150971023152,0.06071463356202876,before_outage,0.29182568551933646
0.46579907442659735,1.0,,,original,zero,40,1.0,,,0.6,0.6413333333333333,,0.07665417720796673,,,0.18863694043993234,0.010000000000005116,ekf3,,0.08737557757613794,1.0,,100/50/50 Hz,1.0,1500,gps,7,25,0.024546397649329546,0.050193392374785054,0.04193600688350445,outage_window,0.4173802589275279
0.7144154997285963,1.0,,,original,zero,60,1.0,,,0.6,1.0,,0.05702007501869693,,,0.1037708889580204,0.010000000000005116,ekf3,,0.08428299443029909,1.0,,100/50/50 Hz,1.0,2000,gps,7,40,0.0321672019705418,0.02681480236743804,0.062067174859179786,after_return,0.7007912236589785
0.30626513959019036,1.0,1.0,,original,zero,60,1.0,1.0,,0.6,0.0,,0.08919664219799435,1.0,,0.1524002691081275,0.010000000000005116,px4,,0.14620840919914083,1.0,,100/50/50 Hz,1.0,4700,denied,7,13,0.14055031095679124,0.0161090953487343,0.11584842658036572,flight,0.286904208627987
0.30721896348095656,1.0,1.0,,original,zero,25,1.0,1.0,,0.6,0.0,,0.03884123142347116,1.0,,0.06733403255349989,0.010000000000001563,px4,,0.11357737856091076,1.0,,100/50/50 Hz,1.0,700,denied,7,18,0.05955224482900056,0.019545177724060718,0.10672946951183064,before_outage,0.2819226917988726
0.17237357323763491,1.0,1.0,,original,zero,40,1.0,1.0,,0.6,0.0,,0.05377526245703112,1.0,,0.07372092573829071,0.010000000000005116,px4,,0.12318623538133937,1.0,,100/50/50 Hz,1.0,1500,denied,7,25,0.0681307136366998,0.011506563807850046,0.11082901125203712,outage_window,0.13796688209759267
0.1048514722542802,1.0,1.0,,original,zero,60,1.0,1.0,,0.6,0.0,,0.12352988990455183,1.0,,0.1524002691081275,0.010000000000005116,px4,,0.17509750020252843,1.0,,100/50/50 Hz,1.0,2000,denied,7,40,0.14055031095679124,0.010671713030300362,0.12409472542112235,after_return,0.06869116606497211
0.3190140842167779,1.0,,,original,zero,60,1.0,,,0.6,0.0,,0.2543518003332721,,,0.4706326828785474,0.010000000000005116,ekf3,,0.26173976758062467,1.0,,100/50/50 Hz,1.0,4700,denied,7,13,0.24538804402155748,0.0697903531827234,0.061748421845280406,flight,0.2651881037173967
0.3648343261356281,1.0,,,original,zero,25,1.0,,,0.6,0.0,,0.18454924869989728,,,0.2328637779688365,0.010000000000001563,ekf3,,0.19881290011676653,1.0,,100/50/50 Hz,1.0,700,denied,7,18,0.2259291282069331,0.07616687337893231,0.07394690025378249,before_outage,0.32099785147218574
0.2560078368022474,1.0,,,original,zero,40,1.0,,,0.6,0.0,,0.18993083627040824,,,0.2999898536668337,0.010000000000005116,ekf3,,0.19503732817004532,1.0,,100/50/50 Hz,1.0,1500,denied,7,25,0.08619222051087339,0.07335339678728865,0.04433775832553257,outage_window,0.14688919363588235
0.2090308821855287,1.0,,,original,zero,60,1.0,,,0.6,0.0,,0.33008932785874673,,,0.4706326828785474,0.010000000000005116,ekf3,,0.3378324388232119,1.0,,100/50/50 Hz,1.0,2000,denied,7,40,0.24538804402155748,0.06605397533419109,0.07191517471994349,after_return,0.1439964650084863
0.29986340275557205,1.0,1.0,,original,zero,60,1.0,1.0,,0.6,0.8004255319148936,,0.03918909413545717,1.0,,0.09116769919399761,0.010000000000005116,px4,,0.2761747753159996,1.0,,100/50/50 Hz,1.0,4700,transition,7,13,0.018603998947737913,0.015880964541816672,0.27338017744833865,flight,0.2819268261709037
0.1436713735241017,1.0,1.0,,original,zero,25,1.0,1.0,,0.6,1.0,,0.02301196042818542,1.0,,0.04765258218404001,0.010000000000001563,px4,,0.2916896378074161,1.0,,100/50/50 Hz,1.0,700,transition,7,18,0.028258553250286613,0.011308015584260579,0.29078049192040584,before_outage,0.10688943912022864
0.26751919779219174,1.0,1.0,,original,zero,40,1.0,1.0,,0.6,0.46066666666666667,,0.03834918571268586,1.0,,0.05309046896526243,0.010000000000005116,px4,,0.30238507352197225,1.0,,100/50/50 Hz,1.0,1500,transition,7,25,0.03217550272158164,0.016727704021012552,0.29994344907675935,outage_window,0.24631807962252986
0.31226349821327976,1.0,1.0,,original,zero,60,1.0,1.0,,0.6,0.9355,,0.04745595640573687,1.0,,0.09116769919399761,0.010000000000005116,px4,,0.24878775575093387,1.0,,100/50/50 Hz,1.0,2000,transition,7,40,0.018603998947737913,0.016468961934420632,0.24421973633022195,after_return,0.2981909087706776
0.5716666100457252,1.0,,,original,zero,60,1.0,,,0.6,0.4238297872340426,,0.13090718246476604,,,0.30301703450226886,0.010000000000005116,ekf3,,0.13943044516679806,1.0,,100/50/50 Hz,1.0,4700,transition,7,13,0.031959629145045444,0.0551116314305115,0.04800165224810423,flight,0.5426051996724942
0.3440610839867129,1.0,,,original,zero,25,1.0,,,0.6,0.0,,0.17269427134205634,,,0.20365669848474294,0.010000000000001563,ekf3,,0.1830562156358948,1.0,,100/50/50 Hz,1.0,700,transition,7,18,0.18842393423604378,0.07392150971023152,0.06071463356202876,before_outage,0.29182568551933646
0.2520845874849629,1.0,,,original,zero,40,1.0,,,0.6,0.0,,0.16630436328718248,,,0.27098892420002824,0.010000000000005116,ekf3,,0.17089870926474304,1.0,,100/50/50 Hz,1.0,1500,transition,7,25,0.08235204506011397,0.0674895954893449,0.03936022840380883,outage_window,0.14473354253638154
0.7621886405131107,1.0,,,original,zero,60,1.0,,,0.6,0.996,,0.07633307805926887,,,0.30301703450226886,0.010000000000005116,ekf3,,0.093364577897629,1.0,,100/50/50 Hz,1.0,2000,transition,7,40,0.031959629145045444,0.028505608325963473,0.05376063243675617,after_return,0.7452845808433954
0.22557254387430012,1.0,1.0,,original,nominal,60,1.0,1.0,,0.6,1.0,,0.03452116899386432,1.0,,0.07784554037721259,0.010000000000005116,px4,,0.299273582405967,1.0,,100/50/50 Hz,1.0,4700,gps,7,13,0.017389228813790656,0.014114129766437812,0.2972759089085394,flight,0.20504705195103143
0.14768524294518914,1.0,1.0,,original,nominal,25,1.0,1.0,,0.6,1.0,,0.02292271031708852,1.0,,0.04727639541317266,0.010000000000001563,px4,,0.29032584412485213,1.0,,100/50/50 Hz,1.0,700,gps,7,18,0.028448965591446076,0.011265723122188603,0.2894194967836942,before_outage,0.10969166262877456
0.17526166273452568,1.0,1.0,,original,nominal,40,1.0,1.0,,0.6,1.0,,0.03007181041476419,1.0,,0.053032553731485,0.010000000000005116,px4,,0.3035450746065097,1.0,,100/50/50 Hz,1.0,1500,gps,7,25,0.006662220340021253,0.0156222724549651,0.3020518143237183,outage_window,0.14287922747173223
0.189920301727365,1.0,1.0,,original,nominal,60,1.0,1.0,,0.6,1.0,,0.04322623453691928,1.0,,0.07784554037721259,0.010000000000005116,px4,,0.3049868411224749,1.0,,100/50/50 Hz,1.0,2000,gps,7,40,0.017389228813790656,0.013165229829053243,0.3019080421347285,after_return,0.1766072559734831
0.6599292945348825,1.0,,,original,nominal,60,1.0,,,0.6,0.6251063829787235,,0.11718082293735008,,,0.4439712122565648,0.010000000000005116,ekf3,,0.13408228393350222,1.0,,100/50/50 Hz,1.0,4700,gps,7,13,0.03401492974525246,0.06435810712273318,0.06516681364429075,flight,0.6388227377808858
0.28049482321100033,1.0,,,original,nominal,25,1.0,,,0.6,0.0,,0.21717824410222822,,,0.2684994906495788,0.010000000000001563,ekf3,,0.23118433636982325,1.0,,100/50/50 Hz,1.0,700,gps,7,18,0.22856786140653462,0.08469597021546163,0.07924523753152975,before_outage,0.21976985094907284
0.6196237756112748,1.0,,,original,nominal,40,1.0,,,0.6,0.6253333333333333,,0.10842392665987806,,,0.4439712122565648,0.010000000000005116,ekf3,,0.11584833682742257,1.0,,100/50/50 Hz,1.0,1500,gps,7,25,0.03174002148176649,0.0779147995679966,0.04080550542921057,outage_window,0.5813849499188929
0.8189415379081316,1.0,,,original,nominal,60,1.0,,,0.6,1.0,,0.059841383533135686,,,0.09788360677180018,0.010000000000005116,ekf3,,0.08739761975111131,1.0,,100/50/50 Hz,1.0,2000,gps,7,40,0.03401492974525246,0.033101093898051305,0.06369735280998733,after_return,0.809640456957206
0.31151328634947734,1.0,1.0,,original,nominal,60,1.0,1.0,,0.6,0.0,,0.0968829488887192,1.0,,0.16250328821336676,0.010000000000005116,px4,,0.15071083707759222,1.0,,100/50/50 Hz,1.0,4700,denied,7,13,0.15015169520740226,0.016323084920749437,0.11544457816309248,flight,0.2919590799277039
0.3142731224542593,1.0,1.0,,original,nominal,25,1.0,1.0,,0.6,0.0,,0.044521365321203384,1.0,,0.06478161029477304,0.010000000000001563,px4,,0.1150406955555439,1.0,,100/50/50 Hz,1.0,700,denied,7,18,0.06477363367554129,0.01970975921917882,0.10607643312177915,before_outage,0.2886714386214603
0.17437150174603808,1.0,1.0,,original,nominal,40,1.0,1.0,,0.6,0.0,,0.06203357765152589,1.0,,0.08351148630934999,0.010000000000005116,px4,,0.12667590663529074,1.0,,100/50/50 Hz,1.0,1500,denied,7,25,0.07810158712007995,0.011632477175825547,0.11044736558933854,outage_window,0.13916563978388136
0.10494403288505759,1.0,1.0,,original,nominal,60,1.0,1.0,,0.6,0.0,,0.13322395922424382,1.0,,0.16250328821336676,0.010000000000005116,px4,,0.18180658960006915,1.0,,100/50/50 Hz,1.0,2000,denied,7,40,0.15015169520740226,0.01073091404744236,0.12371342979088809,after_return,0.06793181451866695
0.32642844382787806,1.0,,,original,nominal,60,1.0,,,0.6,0.0,,0.22038511840681654,,,0.4047882781568253,0.010000000000005116,ekf3,,0.23010233428035487,1.0,,100/50/50 Hz,1.0,4700,denied,7,13,0.07386053468398417,0.08074275033796341,0.06616255607276396,flight,0.2776703717334929
0.28049466574526855,1.0,,,original,nominal,25,1.0,,,0.6,0.0,,0.21717824240726835,,,0.2684994906495788,0.010000000000001563,ekf3,,0.23118433477755104,1.0,,100/50/50 Hz,1.0,700,denied,7,18,0.22856786140653462,0.08469597021546163,0.07924523753152975,before_outage,0.2197698537806013
0.37274776938854065,1.0,,,original,nominal,40,1.0,,,0.6,0.0,,0.17366220076117891,,,0.28639587684037143,0.010000000000005116,ekf3,,0.1775715315956249,1.0,,100/50/50 Hz,1.0,1500,denied,7,25,0.0687438608278364,0.08662614496790035,0.03705521366825456,outage_window,0.3051055750303016
0.2852623806803148,1.0,,,original,nominal,60,1.0,,,0.6,0.0,,0.26767288188254285,,,0.4047882781568253,0.010000000000005116,ekf3,,0.27610221801047835,1.0,,100/50/50 Hz,1.0,2000,denied,7,40,0.07386053468398417,0.07488393185039606,0.06770275544614118,after_return,0.24773345755358311
0.3010880136912924,1.0,1.0,,original,nominal,60,1.0,1.0,,0.6,0.8029787234042554,,0.03917671563996586,1.0,,0.09100577245140991,0.010000000000005116,px4,,0.2754039415716842,1.0,,100/50/50 Hz,1.0,4700,transition,7,13,0.018603998947737913,0.015875029766320017,0.27260322078963944,flight,0.2825715627464712
0.14768524294518914,1.0,1.0,,original,nominal,25,1.0,1.0,,0.6,1.0,,0.02292271031708852,1.0,,0.04727639541317266,0.010000000000001563,px4,,0.29032584412485213,1.0,,100/50/50 Hz,1.0,700,transition,7,18,0.028448965591446076,0.011265723122188603,0.2894194967836942,before_outage,0.10969166262877456
0.2711804723267718,1.0,1.0,,original,nominal,40,1.0,1.0,,0.6,0.4686666666666667,,0.03843744084169491,1.0,,0.05324779035539651,0.010000000000005116,px4,,0.3014063161221985,1.0,,100/50/50 Hz,1.0,1500,transition,7,25,0.031788537275246796,0.016909273436664245,0.2989453638039832,outage_window,0.24947913939169403
0.31211371017443845,1.0,1.0,,original,nominal,60,1.0,1.0,,0.6,0.9355,,0.047381001495826774,1.0,,0.09100577245140991,0.010000000000005116,px4,,0.24849867933096126,1.0,,100/50/50 Hz,1.0,2000,transition,7,40,0.018603998947737913,0.01631014312381567,0.24393981701740367,after_return,0.2977527910280879
0.6200622761903098,1.0,,,original,nominal,60,1.0,,,0.6,0.4208510638297872,,0.14249672704621852,,,0.28639587684037143,0.010000000000005116,ekf3,,0.1551508928062715,1.0,,100/50/50 Hz,1.0,4700,transition,7,13,0.03386176958213587,0.06884962686696491,0.06137167359375704,flight,0.5953123201708377
0.28049482321100033,1.0,,,original,nominal,25,1.0,,,0.6,0.0,,0.21717824410222822,,,0.2684994906495788,0.010000000000001563,ekf3,,0.23118433636982325,1.0,,100/50/50 Hz,1.0,700,transition,7,18,0.22856786140653462,0.08469597021546163,0.07924523753152975,before_outage,0.21976985094907284
0.3727481711405872,1.0,,,original,nominal,40,1.0,,,0.6,0.0,,0.17366216229133302,,,0.28639587684037143,0.010000000000005116,ekf3,,0.17757149397271313,1.0,,100/50/50 Hz,1.0,1500,transition,7,25,0.0687438608278364,0.0866261531370108,0.03705521366825456,outage_window,0.3051060564368281
0.8570241298872955,1.0,,,original,nominal,60,1.0,,,0.6,0.989,,0.07230301668656107,,,0.14915717125424516,0.010000000000005116,ekf3,,0.09151795330413114,1.0,,100/50/50 Hz,1.0,2000,transition,7,40,0.03386176958213587,0.0377712688257049,0.05610534337298007,after_return,0.844403378514851
0.22375304256656975,1.0,1.0,,original,stress,60,1.0,1.0,,0.6,1.0,,0.034486843125599104,1.0,,0.0778284989897468,0.010000000000005116,px4,,0.3212141334128641,1.0,,100/50/50 Hz,1.0,4700,gps,7,13,0.017389228813790656,0.013991435957409953,0.3193574441834848,flight,0.20455697805015002
0.14238080288348923,1.0,1.0,,original,stress,25,1.0,1.0,,0.6,1.0,,0.022947264427558612,1.0,,0.04778056939948148,0.010000000000001563,px4,,0.3124035261682272,1.0,,100/50/50 Hz,1.0,700,gps,7,18,0.028168479112072712,0.011039621182767856,0.31155960299376734,before_outage,0.10599876219055722
0.1727816180536065,1.0,1.0,,original,stress,40,1.0,1.0,,0.6,1.0,,0.03004104381807469,1.0,,0.05295480201983666,0.010000000000005116,px4,,0.3254733806110537,1.0,,100/50/50 Hz,1.0,1500,gps,7,25,0.006649829636181477,0.015556219090581287,0.32408402795063557,outage_window,0.14193182066489893
0.1889320676218502,1.0,1.0,,original,stress,60,1.0,1.0,,0.6,1.0,,0.043245521400789896,1.0,,0.0778284989897468,0.010000000000005116,px4,,0.3268573985357442,1.0,,100/50/50 Hz,1.0,2000,gps,7,40,0.017389228813790656,0.013075285067075433,0.3239839253054511,after_return,0.17647949219121198
0.5679442265333202,1.0,,,original,stress,60,1.0,,,0.6,0.6059574468085106,,0.0918553030911716,,,0.43814412466631963,0.010000000000005116,ekf3,,0.10485263144219506,1.0,,100/50/50 Hz,1.0,4700,gps,7,13,0.026193160780006178,0.04765403781327186,0.050563599697626284,flight,0.5461795843345331
0.20195211064984236,1.0,,,original,stress,25,1.0,,,0.6,0.0,,0.1480003858902731,,,0.17836045017860763,0.010000000000001563,ekf3,,0.16171111931275484,1.0,,100/50/50 Hz,1.0,700,gps,7,18,0.12496563410536862,0.06635729071259361,0.06516419174450248,before_outage,0.10769680245172501
0.4635071548562666,1.0,,,original,stress,40,1.0,,,0.6,0.5653333333333334,,0.0948718620567411,,,0.43814412466631963,0.010000000000005116,ekf3,,0.09817118126065975,1.0,,100/50/50 Hz,1.0,1500,gps,7,25,0.028354395099755,0.05655439413503211,0.025237088183861466,outage_window,0.42845628417454323
0.7285639210629767,1.0,,,original,stress,60,1.0,,,0.6,1.0,,0.059699835312163,,,0.10802081326631476,0.010000000000005116,ekf3,,0.08375657619733141,1.0,,100/50/50 Hz,1.0,2000,gps,7,40,0.026193160780006178,0.028732202741793646,0.05874601024750532,after_return,0.7160088178749782
0.3045414662813999,1.0,1.0,,original,stress,60,1.0,1.0,,0.6,0.0,,0.09289262021403359,1.0,,0.15597897015942788,0.010000000000005116,px4,,0.1568239350167524,1.0,,100/50/50 Hz,1.0,4700,denied,7,13,0.14464846323397254,0.016057475434012043,0.126351524343436,flight,0.2857286931865476
0.3061348377294584,1.0,1.0,,original,stress,25,1.0,1.0,,0.6,0.0,,0.04213848229092668,1.0,,0.07066261584881393,0.010000000000001563,px4,,0.1242508721631745,1.0,,100/50/50 Hz,1.0,700,denied,7,18,0.06705131770395875,0.019414293410712342,0.11688724286048836,before_outage,0.28142447946223553
0.17171123872406588,1.0,1.0,,original,stress,40,1.0,1.0,,0.6,0.0,,0.05853156611172279,1.0,,0.07781959339284616,0.010000000000005116,px4,,0.13481587490263083,1.0,,100/50/50 Hz,1.0,1500,denied,7,25,0.07189245035259301,0.01152685097998651,0.12144700858510611,outage_window,0.13791485359655614
0.10327378730949736,1.0,1.0,,original,stress,60,1.0,1.0,,0.6,0.0,,0.12730482769107074,1.0,,0.15597897015942788,0.010000000000005116,px4,,0.18526941283725865,1.0,,100/50/50 Hz,1.0,2000,denied,7,40,0.14464846323397254,0.010613244116410684,0.13460399763606345,after_return,0.06778493203866384
0.2453189132821243,1.0,,,original,stress,60,1.0,,,0.6,0.0,,0.18703878295582396,,,0.38089375540292214,0.010000000000005116,ekf3,,0.19509037940264246,1.0,,100/50/50 Hz,1.0,4700,denied,7,13,0.14186623671850634,0.06220971592998704,0.05546845775637857,flight,0.17849688189709947
0.20195200733933136,1.0,,,original,stress,25,1.0,,,0.6,0.0,,0.1480003858902731,,,0.17836045017860763,0.010000000000001563,ekf3,,0.16171111931275484,1.0,,100/50/50 Hz,1.0,700,denied,7,18,0.12496563410536862,0.06635729071259361,0.06516419174450248,before_outage,0.10769661326779668
0.20974772747439735,1.0,,,original,stress,40,1.0,,,0.6,0.0,,0.13911962224045177,,,0.21353306798837726,0.010000000000005116,ekf3,,0.14155079158730502,1.0,,100/50/50 Hz,1.0,1500,denied,7,25,0.03988420980386814,0.06747458978825262,0.0261219698083178,outage_window,0.06849316549138791
0.20578553140411868,1.0,,,original,stress,60,1.0,,,0.6,0.0,,0.24120992649590148,,,0.38089375540292214,0.010000000000005116,ekf3,,0.25064198968879536,1.0,,100/50/50 Hz,1.0,2000,denied,7,40,0.14186623671850634,0.05973027934880627,0.06811151411472219,after_return,0.14377549623100394
0.2992057944920385,1.0,1.0,,original,stress,60,1.0,1.0,,0.6,0.8040425531914893,,0.03909756432539411,1.0,,0.0910864789005688,0.010000000000005116,px4,,0.2971870154840841,1.0,,100/50/50 Hz,1.0,4700,transition,7,13,0.018648387828869604,0.015764206474902603,0.29460397593406457,flight,0.28176478577563646
0.14238080288348923,1.0,1.0,,original,stress,25,1.0,1.0,,0.6,1.0,,0.022947264427558612,1.0,,0.04778056939948148,0.010000000000001563,px4,,0.3124035261682272,1.0,,100/50/50 Hz,1.0,700,transition,7,18,0.028168479112072712,0.011039621182767856,0.31155960299376734,before_outage,0.10599876219055722
0.2674909965133546,1.0,1.0,,original,stress,40,1.0,1.0,,0.6,0.472,,0.038264575746651396,1.0,,0.05300588438950232,0.010000000000005116,px4,,0.3234099774629597,1.0,,100/50/50 Hz,1.0,1500,transition,7,25,0.03177206737038873,0.016799931847507037,0.3211383436550685,outage_window,0.24675071130353848
0.3116885832149908,1.0,1.0,,original,stress,60,1.0,1.0,,0.6,0.9355,,0.047394002037100605,1.0,,0.0910864789005688,0.010000000000005116,px4,,0.27004204528290976,1.0,,100/50/50 Hz,1.0,2000,transition,7,40,0.018648387828869604,0.01627095837859384,0.2658505497295132,after_return,0.29803770701998594
0.5349649264157594,1.0,,,original,stress,60,1.0,,,0.6,0.4208510638297872,,0.11146521919641678,,,0.21353306798837726,0.010000000000005116,ekf3,,0.12130452152819739,1.0,,100/50/50 Hz,1.0,4700,transition,7,13,0.025769220372064965,0.053163152192092715,0.047856993769768534,flight,0.5065515366353478
0.20195211064984236,1.0,,,original,stress,25,1.0,,,0.6,0.0,,0.1480003858902731,,,0.17836045017860763,0.010000000000001563,ekf3,,0.16171111931275484,1.0,,100/50/50 Hz,1.0,700,transition,7,18,0.12496563410536862,0.06635729071259361,0.06516419174450248,before_outage,0.10769680245172501
0.20974772747439735,1.0,,,original,stress,40,1.0,,,0.6,0.0,,0.13911962224045177,,,0.21353306798837726,0.010000000000005116,ekf3,,0.14155079158730502,1.0,,100/50/50 Hz,1.0,1500,transition,7,25,0.03988420980386814,0.06747458978825262,0.0261219698083178,outage_window,0.06849316549138791
0.7572727467968281,1.0,,,original,stress,60,1.0,,,0.6,0.989,,0.071892643770384,,,0.15136224380733893,0.010000000000005116,ekf3,,0.08921633478962994,1.0,,100/50/50 Hz,1.0,2000,transition,7,40,0.025769220372064965,0.03339079901896276,0.05282993625776961,after_return,0.7408067809779059
0.2852071305193677,1.0,1.0,,original,zero,60,1.0,1.0,,0.6,1.0,,0.03938867631020554,1.0,,0.10020665110256127,0.010000000000005116,px4,,0.14575746064848427,1.0,,100/50/50 Hz,1.0,4700,gps,19,13,0.04506938092544975,0.016625179488045087,0.14033449153085745,flight,0.2737750110675721
0.36941248986187264,1.0,1.0,,original,zero,25,1.0,1.0,,0.6,1.0,,0.039913591750156976,1.0,,0.0743183037313527,0.010000000000001563,px4,,0.13585287729587417,1.0,,100/50/50 Hz,1.0,700,gps,19,18,0.011146432555455391,0.023385715425927482,0.1298572657311467,before_outage,0.35539204747052644
0.24580706907922145,1.0,1.0,,original,zero,40,1.0,1.0,,0.6,1.0,,0.03770254957375357,1.0,,0.06241804017878465,0.010000000000005116,px4,,0.14152061124505452,1.0,,100/50/50 Hz,1.0,1500,gps,19,25,0.013267804815151612,0.016917631960433503,0.13640601586005108,outage_window,0.23124332809863193
0.19052472602585035,1.0,1.0,,original,zero,60,1.0,1.0,,0.6,1.0,,0.03416122399038003,1.0,,0.06708756043280562,0.010000000000005116,px4,,0.15512347572248386,1.0,,100/50/50 Hz,1.0,2000,gps,19,40,0.04506938092544975,0.011708208205919725,0.15131524541731786,after_return,0.1820050572120588
0.5719370965800622,1.0,,,original,zero,60,1.0,,,0.6,0.6302127659574468,,0.09632575997476517,,,0.2456593830828462,0.010000000000005116,ekf3,,0.10665681514617019,1.0,,100/50/50 Hz,1.0,4700,gps,19,13,0.05605020155595542,0.04931769630430613,0.0457932766070331,flight,0.5513604963203221
0.34427222142045977,1.0,,,original,zero,25,1.0,,,0.6,0.0,,0.18853409047864117,,,0.2456593830828462,0.010000000000001563,ekf3,,0.19635642206684803,1.0,,100/50/50 Hz,1.0,700,gps,19,18,0.18463297115201502,0.07092118872646332,0.054870221562207264,before_outage,0.2880671685805369
0.5089794177175945,1.0,,,original,zero,40,1.0,,,0.6,0.6413333333333333,,0.07839480403480507,,,0.2050864360809489,0.010000000000005116,ekf3,,0.08437038611378297,1.0,,100/50/50 Hz,1.0,1500,gps,19,25,0.013336803166764053,0.05481368485138721,0.031186804153893886,outage_window,0.47950563617997366
0.7170031359424576,1.0,,,original,zero,60,1.0,,,0.6,1.0,,0.04796095411438697,,,0.09467684692426635,0.010000000000005116,ekf3,,0.0712511723381611,1.0,,100/50/50 Hz,1.0,2000,gps,19,40,0.05605020155595542,0.028790402887431774,0.05269228064906662,after_return,0.7052707422324773
0.22392032040314727,1.0,1.0,,original,zero,60,1.0,1.0,,0.6,0.0,,0.08511584795258462,1.0,,0.14344906378491826,0.010000000000005116,px4,,0.15237467227059118,1.0,,100/50/50 Hz,1.0,4700,denied,19,13,0.11759387979495814,0.015210052245806597,0.12638565257529263,flight,0.21127671149287347
0.2266822200451427,1.0,1.0,,original,zero,25,1.0,1.0,,0.6,0.0,,0.03856759341805958,1.0,,0.06467272549343892,0.010000000000001563,px4,,0.11897400909520425,1.0,,100/50/50 Hz,1.0,700,denied,19,18,0.06467272549343892,0.01908579840448081,0.11254934730208342,before_outage,0.20994154988241207
0.30220123327450676,1.0,1.0,,original,zero,40,1.0,1.0,,0.6,0.0,,0.06588081679767532,1.0,,0.08944096190494454,0.010000000000005116,px4,,0.1404213379635393,1.0,,100/50/50 Hz,1.0,1500,denied,19,25,0.06230976788997098,0.01714953788231855,0.12400754063177638,outage_window,0.291958446265322
0.139308614151114,1.0,1.0,,original,zero,60,1.0,1.0,,0.6,0.0,,0.1147167199024661,1.0,,0.14344906378491826,0.010000000000005116,px4,,0.1793809123126928,1.0,,100/50/50 Hz,1.0,2000,denied,19,40,0.11759387979495814,0.01313850683021713,0.13790426344733916,after_return,0.12780094535390374
0.29792480376190544,1.0,,,original,zero,60,1.0,,,0.6,0.0,,0.184308914832675,,,0.33502120176618905,0.010000000000005116,ekf3,,0.19459706208395894,1.0,,100/50/50 Hz,1.0,4700,denied,19,13,0.1319957240936634,0.06926455831857903,0.06243589099956785,flight,0.2530292361343403
0.3423784212544656,1.0,,,original,zero,25,1.0,,,0.6,0.0,,0.20666920578286052,,,0.275139343820712,0.010000000000001563,ekf3,,0.21805609177864188,1.0,,100/50/50 Hz,1.0,700,denied,19,18,0.21987371465998565,0.07442576085178713,0.06954350108282688,before_outage,0.2923125266972879
0.37116693475009693,1.0,,,original,zero,40,1.0,,,0.6,0.0,,0.14348587711674526,,,0.21961502622724302,0.010000000000005116,ekf3,,0.14758868714085685,1.0,,100/50/50 Hz,1.0,1500,denied,19,25,0.035823927637809755,0.07246860460123244,0.03455754100048208,outage_window,0.31919556443788577
0.21866766995029502,1.0,,,original,zero,60,1.0,,,0.6,0.0,,0.21519467742821316,,,0.33502120176618905,0.010000000000005116,ekf3,,0.22789861221260807,1.0,,100/50/50 Hz,1.0,2000,denied,19,40,0.1319957240936634,0.06707654799749466,0.07502685022710202,after_return,0.17683432387354628
0.2915857489283414,1.0,1.0,,original,zero,60,1.0,1.0,,0.6,0.8004255319148936,,0.041647812693927734,1.0,,0.10020665110256127,0.010000000000005116,px4,,0.14532657836053,1.0,,100/50/50 Hz,1.0,4700,transition,19,13,0.045476626449605,0.01672695050105203,0.13923100974923217,flight,0.27862555468006206
0.36941248986187264,1.0,1.0,,original,zero,25,1.0,1.0,,0.6,1.0,,0.039913591750156976,1.0,,0.0743183037313527,0.010000000000001563,px4,,0.13585287729587417,1.0,,100/50/50 Hz,1.0,700,transition,19,18,0.011146432555455391,0.023385715425927482,0.1298572657311467,before_outage,0.35539204747052644
0.25977150313821956,1.0,1.0,,original,zero,40,1.0,1.0,,0.6,0.46066666666666667,,0.0354950374424751,1.0,,0.05694804997403625,0.010000000000005116,px4,,0.1415501015664043,1.0,,100/50/50 Hz,1.0,1500,transition,19,25,0.022685955684940733,0.015656079991233543,0.13702749202410686,outage_window,0.24420676114592751
0.19912449672973295,1.0,1.0,,original,zero,60,1.0,1.0,,0.6,0.9355,,0.041453564083176186,1.0,,0.08200929141118661,0.010000000000005116,px4,,0.15415021208947216,1.0,,100/50/50 Hz,1.0,2000,transition,19,40,0.045476626449605,0.013261929360573224,0.14847184888736062,after_return,0.1865474013093574
0.5309264607213785,1.0,,,original,zero,60,1.0,,,0.6,0.4238297872340426,,0.1119321582041184,,,0.2695566799822053,0.010000000000005116,ekf3,,0.12149991320057155,1.0,,100/50/50 Hz,1.0,4700,transition,19,13,0.05611923923984025,0.05386737723288881,0.0472590823812167,flight,0.5066470010909784
0.34427222142045977,1.0,,,original,zero,25,1.0,,,0.6,0.0,,0.18853409047864117,,,0.2456593830828462,0.010000000000001563,ekf3,,0.19635642206684803,1.0,,100/50/50 Hz,1.0,700,transition,19,18,0.18463297115201502,0.07092118872646332,0.054870221562207264,before_outage,0.2880671685805369
0.38246999516114427,1.0,,,original,zero,40,1.0,,,0.6,0.0,,0.12040516607396165,,,0.18437083852444927,0.010000000000005116,ekf3,,0.12387871562122749,1.0,,100/50/50 Hz,1.0,1500,transition,19,25,0.030887995254419185,0.06635791734269914,0.029129575463206915,outage_window,0.33725906979768816
0.701703349560404,1.0,,,original,zero,60,1.0,,,0.6,0.996,,0.0606166288595149,,,0.2695566799822053,0.010000000000005116,ekf3,,0.08285196306842811,1.0,,100/50/50 Hz,1.0,2000,transition,19,40,0.05611923923984025,0.029715172335090436,0.056480723171715846,after_return,0.688019876226523
0.28583990861167996,1.0,1.0,,original,nominal,60,1.0,1.0,,0.6,1.0,,0.03939746278600224,1.0,,0.10049347973675712,0.010000000000005116,px4,,0.16867407709906865,1.0,,100/50/50 Hz,1.0,4700,gps,19,13,0.04506938092544975,0.016666041837030108,0.16400848822926245,flight,0.2729104580137353
0.3708499320144448,1.0,1.0,,original,nominal,25,1.0,1.0,,0.6,1.0,,0.0398428367120777,1.0,,0.07462427602455601,0.010000000000001563,px4,,0.15851787421955518,1.0,,100/50/50 Hz,1.0,700,gps,19,18,0.010992010700905146,0.023364076089232976,0.1534290220584796,before_outage,0.3550947622422569
0.24759753866608095,1.0,1.0,,original,nominal,40,1.0,1.0,,0.6,1.0,,0.037701102812322786,1.0,,0.06241804017878465,0.010000000000005116,px4,,0.164599396105409,1.0,,100/50/50 Hz,1.0,1500,gps,19,25,0.013240984450720434,0.016964508691706178,0.16022355646096487,outage_window,0.23139056316379267
0.19168496665209483,1.0,1.0,,original,nominal,60,1.0,1.0,,0.6,1.0,,0.03414832671252184,1.0,,0.06708756043280562,0.010000000000005116,px4,,0.17828542953295287,1.0,,100/50/50 Hz,1.0,2000,gps,19,40,0.04506938092544975,0.011790047430544645,0.17498453122057497,after_return,0.1821247328290992
0.6663931351613819,1.0,,,original,nominal,60,1.0,,,0.6,0.6251063829787235,,0.11697894188379213,,,0.4686820532152577,0.010000000000005116,ekf3,,0.13158970423918437,1.0,,100/50/50 Hz,1.0,4700,gps,19,13,0.078226748492464,0.06258858419888633,0.060264230000095405,flight,0.6448324968829814
0.3383556431995193,1.0,,,original,nominal,25,1.0,,,0.6,0.0,,0.17819585933723234,,,0.2619864966540803,0.010000000000001563,ekf3,,0.19449234714821148,1.0,,100/50/50 Hz,1.0,700,gps,19,18,0.18422883092184247,0.0855050517066367,0.07793271979268859,before_outage,0.28198850584526197
0.6444926355321285,1.0,,,original,nominal,40,1.0,,,0.6,0.6253333333333333,,0.13477042715063917,,,0.4686820532152577,0.010000000000005116,ekf3,,0.1433444617266362,1.0,,100/50/50 Hz,1.0,1500,gps,19,25,0.02239197327336274,0.07628035524123541,0.048832025079176604,outage_window,0.6113062264837962
0.8225853631651826,1.0,,,original,nominal,60,1.0,,,0.6,1.0,,0.05103533403739158,,,0.09758308974276954,0.010000000000005116,ekf3,,0.07917488430877646,1.0,,100/50/50 Hz,1.0,2000,gps,19,40,0.078226748492464,0.0346703056583885,0.06053145450920537,after_return,0.8108067633823145
0.23035355745261055,1.0,1.0,,original,nominal,60,1.0,1.0,,0.6,0.0,,0.08403564512977922,1.0,,0.14226178526029848,0.010000000000005116,px4,,0.160621849578867,1.0,,100/50/50 Hz,1.0,4700,denied,19,13,0.11620765593405105,0.015494133038528304,0.13688458243994464,flight,0.2162068919694446
0.23998387776054264,1.0,1.0,,original,nominal,25,1.0,1.0,,0.6,0.0,,0.03746855253557689,1.0,,0.06378022694909222,0.010000000000001563,px4,,0.12851562676176162,1.0,,100/50/50 Hz,1.0,700,denied,19,18,0.06378022694909222,0.019569705719217567,0.12293239561993875,before_outage,0.2217360744985564
0.31015858537078655,1.0,1.0,,original,nominal,40,1.0,1.0,,0.6,0.0,,0.06487702413992263,1.0,,0.08823350321337332,0.010000000000005116,px4,,0.14935477551650447,1.0,,100/50/50 Hz,1.0,1500,denied,19,25,0.06076593557114143,0.01739761231366095,0.1345281409532345,outage_window,0.2988818522619073
0.14259581917657696,1.0,1.0,,original,nominal,60,1.0,1.0,,0.6,0.0,,0.11337500914315961,1.0,,0.14226178526029848,0.010000000000005116,px4,,0.18686006692699625,1.0,,100/50/50 Hz,1.0,2000,denied,19,40,0.11620765593405105,0.013309669032434109,0.14853549041811523,after_return,0.12973964808377253
0.35905461786868687,1.0,,,original,nominal,60,1.0,,,0.6,0.0,,0.18933879456103697,,,0.31391756387381714,0.010000000000005116,ekf3,,0.2010543362375622,1.0,,100/50/50 Hz,1.0,4700,denied,19,13,0.08905201430853407,0.07948194735708462,0.06762889171131037,flight,0.3142269643455217
0.33835496382246166,1.0,,,original,nominal,25,1.0,,,0.6,0.0,,0.17819585933723234,,,0.2619864966540803,0.010000000000001563,ekf3,,0.19449234714821148,1.0,,100/50/50 Hz,1.0,700,denied,19,18,0.18422883092184247,0.0855049344207337,0.07793271979268859,before_outage,0.2819877019579376
0.47182312366384066,1.0,,,original,nominal,40,1.0,,,0.6,0.0,,0.17874410660725298,,,0.2455388779177232,0.010000000000005116,ekf3,,0.18502922632246963,1.0,,100/50/50 Hz,1.0,1500,denied,19,25,0.10877241384736802,0.08843116052237723,0.047815885923682994,outage_window,0.41962745443548793
0.2838786190161492,1.0,,,original,nominal,60,1.0,,,0.6,0.0,,0.21060107875475095,,,0.31391756387381714,0.010000000000005116,ekf3,,0.22428546020120166,1.0,,100/50/50 Hz,1.0,2000,denied,19,40,0.08905201430853407,0.07308296172363642,0.07714371837680628,after_return,0.24596439738832063
0.29232377798706555,1.0,1.0,,original,nominal,60,1.0,1.0,,0.6,0.8029787234042554,,0.04164450247027579,1.0,,0.10049347973675712,0.010000000000005116,px4,,0.16827581551411086,1.0,,100/50/50 Hz,1.0,4700,transition,19,13,0.045476626449605,0.016773243659280963,0.16304136131958133,flight,0.2777975423565556
0.3708499320144448,1.0,1.0,,original,nominal,25,1.0,1.0,,0.6,1.0,,0.0398428367120777,1.0,,0.07462427602455601,0.010000000000001563,px4,,0.15851787421955518,1.0,,100/50/50 Hz,1.0,700,transition,19,18,0.010992010700905146,0.023364076089232976,0.1534290220584796,before_outage,0.3550947622422569
0.2616736876480436,1.0,1.0,,original,nominal,40,1.0,1.0,,0.6,0.4686666666666667,,0.03544715840910583,1.0,,0.05681187682306084,0.010000000000005116,px4,,0.1648896196491163,1.0,,100/50/50 Hz,1.0,1500,transition,19,25,0.022565394177553186,0.015687891307278757,0.1610344237383734,outage_window,0.24444236326174662
0.20044008351765819,1.0,1.0,,original,nominal,60,1.0,1.0,,0.6,0.9355,,0.04144523984737613,1.0,,0.08204008556917121,0.010000000000005116,px4,,0.17719655446836335,1.0,,100/50/50 Hz,1.0,2000,transition,19,40,0.045476626449605,0.013367604591882245,0.1722814877154627,after_return,0.18664471270183428
0.5993535876090893,1.0,,,original,nominal,60,1.0,,,0.6,0.4208510638297872,,0.1367895758348651,,,0.37806518712744225,0.010000000000005116,ekf3,,0.15000398462832226,1.0,,100/50/50 Hz,1.0,4700,transition,19,13,0.07828582283719093,0.06927369810062688,0.06156141118664868,flight,0.5724011881346374
0.3383556431995193,1.0,,,original,nominal,25,1.0,,,0.6,0.0,,0.17819585933723234,,,0.2619864966540803,0.010000000000001563,ekf3,,0.19449234714821148,1.0,,100/50/50 Hz,1.0,700,transition,19,18,0.18422883092184247,0.0855050517066367,0.07793271979268859,before_outage,0.28198850584526197
0.4718233150078978,1.0,,,original,nominal,40,1.0,,,0.6,0.0,,0.1787440520778326,,,0.2455388779177232,0.010000000000005116,ekf3,,0.18502917364531893,1.0,,100/50/50 Hz,1.0,1500,transition,19,25,0.10877241384736802,0.08843119981968872,0.047815885923682994,outage_window,0.4196276710656885
0.7885444574099176,1.0,,,original,nominal,60,1.0,,,0.6,0.989,,0.06386720583626913,,,0.37806518712744225,0.010000000000005116,ekf3,,0.09048813787636681,1.0,,100/50/50 Hz,1.0,2000,transition,19,40,0.07828582283719093,0.04210166861173708,0.06410213034681453,after_return,0.7735785996843878
0.2873056128918385,1.0,1.0,,original,stress,60,1.0,1.0,,0.6,1.0,,0.039400356448718504,1.0,,0.10035568692982971,0.010000000000005116,px4,,0.15489369937831513,1.0,,100/50/50 Hz,1.0,4700,gps,19,13,0.04506938092544975,0.016699283711532387,0.14979876507773282,flight,0.2750409486668975
0.3736288823877128,1.0,1.0,,original,stress,25,1.0,1.0,,0.6,1.0,,0.04006390021894569,1.0,,0.07449797018704023,0.010000000000001563,px4,,0.1447884207864496,1.0,,100/50/50 Hz,1.0,700,gps,19,18,0.011097376259675858,0.02344106961223325,0.139135080741991,before_outage,0.3586452003068636
0.24725296601578417,1.0,1.0,,original,stress,40,1.0,1.0,,0.6,1.0,,0.03772391739320272,1.0,,0.06241804017878465,0.010000000000005116,px4,,0.15075746474003648,1.0,,100/50/50 Hz,1.0,1500,gps,19,25,0.013267804815151612,0.016962758842858285,0.14596136211804192,outage_window,0.23167452697339302
0.1912789574671971,1.0,1.0,,original,stress,60,1.0,1.0,,0.6,1.0,,0.0341518642718482,1.0,,0.06708756043280562,0.010000000000005116,px4,,0.1643906229651428,1.0,,100/50/50 Hz,1.0,2000,gps,19,40,0.04506938092544975,0.011737909474565492,0.16080400208211548,after_return,0.18215352877582436
0.5189496074214599,1.0,,,original,stress,60,1.0,,,0.6,0.6038297872340426,,0.11482469064914937,,,0.27538027999775033,0.010000000000005116,ekf3,,0.12920826593819398,1.0,,100/50/50 Hz,1.0,4700,gps,19,13,0.06814237812928484,0.05225467812729773,0.05924581338864555,flight,0.4942668171670694
0.28738472296187645,1.0,,,original,stress,25,1.0,,,0.6,0.0,,0.2305825911499773,,,0.27538027999775033,0.010000000000001563,ekf3,,0.2406961786123337,1.0,,100/50/50 Hz,1.0,700,gps,19,18,0.21256868450808278,0.0748919977405355,0.06903853313290235,before_outage,0.2274030499025993
0.427795181435454,1.0,,,original,stress,40,1.0,,,0.6,0.5586666666666666,,0.11027373269779948,,,0.24381184049453075,0.010000000000005116,ekf3,,0.12199421411050225,1.0,,100/50/50 Hz,1.0,1500,gps,19,25,0.02198239222107058,0.06517893429084665,0.05217558963091201,outage_window,0.386752898711766
0.6765790100929501,1.0,,,original,stress,60,1.0,,,0.6,1.0,,0.04776803770026063,,,0.09550401433913114,0.010000000000005116,ekf3,,0.07798843975701476,1.0,,100/50/50 Hz,1.0,2000,gps,19,40,0.06814237812928484,0.02869415934762815,0.06164747610405473,after_return,0.6617105006330911
0.22807549611258357,1.0,1.0,,original,stress,60,1.0,1.0,,0.6,0.0,,0.08459619138096275,1.0,,0.1427137307449228,0.010000000000005116,px4,,0.1551549996831151,1.0,,100/50/50 Hz,1.0,4700,denied,19,13,0.11668673718341606,0.015390062641351494,0.13006367029460214,flight,0.21439726330687456
0.2350932169750252,1.0,1.0,,original,stress,25,1.0,1.0,,0.6,0.0,,0.03947287365979599,1.0,,0.0629430581168506,0.010000000000001563,px4,,0.1225893780485053,1.0,,100/50/50 Hz,1.0,700,denied,19,18,0.0629430581168506,0.019345797498252413,0.11606053530531875,before_outage,0.217185836701189
0.30741116081669806,1.0,1.0,,original,stress,40,1.0,1.0,,0.6,0.0,,0.06443194078261685,1.0,,0.0880358770381486,0.010000000000005116,px4,,0.14304221405939804,1.0,,100/50/50 Hz,1.0,1500,denied,19,25,0.061871646862442654,0.017327398565663628,0.12770904435473632,outage_window,0.29642862904114803
0.14165934805244568,1.0,1.0,,original,stress,60,1.0,1.0,,0.6,0.0,,0.11439124269942351,1.0,,0.1427137307449228,0.010000000000005116,px4,,0.18206816592064917,1.0,,100/50/50 Hz,1.0,2000,denied,19,40,0.11668673718341606,0.01325100536124556,0.14164554576615046,after_return,0.12933117287062462
0.24398145124052256,1.0,,,original,stress,60,1.0,,,0.6,0.0,,0.24602926711054746,,,0.4309190689951894,0.010000000000005116,ekf3,,0.2558022188246831,1.0,,100/50/50 Hz,1.0,4700,denied,19,13,0.2162233888789317,0.060475383197020005,0.07003124217574579,flight,0.18433186351865785
0.2873848107177812,1.0,,,original,stress,25,1.0,,,0.6,0.0,,0.2305827188542561,,,0.27538027999775033,0.010000000000001563,ekf3,,0.24069630095072872,1.0,,100/50/50 Hz,1.0,700,denied,19,18,0.21256868450808278,0.07489190321325602,0.06903853313290235,before_outage,0.2274030460982513
0.3091686917147225,1.0,,,original,stress,40,1.0,,,0.6,0.0,,0.18030315631415103,,,0.26411347039901506,0.010000000000005116,ekf3,,0.18767787622282986,1.0,,100/50/50 Hz,1.0,1500,denied,19,25,0.1438782363357051,0.061743336912936604,0.05209373327634205,outage_window,0.23938125543322294
0.17418278300046744,1.0,,,original,stress,60,1.0,,,0.6,0.0,,0.31350030820773833,,,0.4309190689951894,0.010000000000005116,ekf3,,0.32460111029746486,1.0,,100/50/50 Hz,1.0,2000,denied,19,40,0.2162233888789317,0.05769049732330926,0.08416316034940703,after_return,0.1131866666737302
0.29389373823861725,1.0,1.0,,original,stress,60,1.0,1.0,,0.6,0.8042553191489362,,0.04164575290538697,1.0,,0.10035568692982971,0.010000000000005116,px4,,0.15455632721211124,1.0,,100/50/50 Hz,1.0,4700,transition,19,13,0.045476626449605,0.016820528733798207,0.14883981169781374,flight,0.2800825426264506
0.3736288823877128,1.0,1.0,,original,stress,25,1.0,1.0,,0.6,1.0,,0.04006390021894569,1.0,,0.07449797018704023,0.010000000000001563,px4,,0.1447884207864496,1.0,,100/50/50 Hz,1.0,700,transition,19,18,0.011097376259675858,0.02344106961223325,0.139135080741991,before_outage,0.3586452003068636
0.26205011591108646,1.0,1.0,,original,stress,40,1.0,1.0,,0.6,0.4726666666666667,,0.03547597346563955,1.0,,0.056887102430428625,0.010000000000005116,px4,,0.15089695356193333,1.0,,100/50/50 Hz,1.0,1500,transition,19,25,0.022488600177758892,0.01572612989640655,0.14666746708434525,outage_window,0.2455033802565107
0.19983404952849507,1.0,1.0,,original,stress,60,1.0,1.0,,0.6,0.9355,,0.041441721619271205,1.0,,0.08193190288387933,0.010000000000005116,px4,,0.16354626031695066,1.0,,100/50/50 Hz,1.0,2000,transition,19,40,0.045476626449605,0.01332843568539043,0.15820860587493535,after_return,0.18656835907761643
0.47575093355167963,1.0,,,original,stress,60,1.0,,,0.6,0.4208510638297872,,0.14265754562765065,,,0.37806518712744225,0.010000000000005116,ekf3,,0.15502089880685543,1.0,,100/50/50 Hz,1.0,4700,transition,19,13,0.06805045650952868,0.05330801736463486,0.0606655070231848,flight,0.4464154799307867
0.28738472296187645,1.0,,,original,stress,25,1.0,,,0.6,0.0,,0.2305825911499773,,,0.27538027999775033,0.010000000000001563,ekf3,,0.2406961786123337,1.0,,100/50/50 Hz,1.0,700,transition,19,18,0.21256868450808278,0.0748919977405355,0.06903853313290235,before_outage,0.2274030499025993
0.3091691933082972,1.0,,,original,stress,40,1.0,,,0.6,0.0,,0.18030297665582876,,,0.26411347039901506,0.010000000000005116,ekf3,,0.1876777036241093,1.0,,100/50/50 Hz,1.0,1500,transition,19,25,0.1438782363357051,0.061743336912936604,0.05209373327634205,outage_window,0.23938186336091682
0.6498827611545642,1.0,,,original,stress,60,1.0,,,0.6,0.989,,0.06213959662046948,,,0.37806518712744225,0.010000000000005116,ekf3,,0.0898231587796525,1.0,,100/50/50 Hz,1.0,2000,transition,19,40,0.06805045650952868,0.03757258935453287,0.06486039149588907,after_return,0.63347143113401
0.28868109728996777,1.0,1.0,,original,zero,60,1.0,1.0,,0.6,1.0,,0.04356860843213579,1.0,,0.10464918249221214,0.010000000000005116,px4,,0.1750394836253171,1.0,,100/50/50 Hz,1.0,4700,gps,41,13,0.019759411142808915,0.01915265379248248,0.16953051992813825,flight,0.2753374617455504
0.2771442653791006,1.0,1.0,,original,zero,25,1.0,1.0,,0.6,1.0,,0.037778336892499265,1.0,,0.06657287806759812,0.010000000000001563,px4,,0.15429640588761742,1.0,,100/50/50 Hz,1.0,700,gps,41,18,0.012492210539344477,0.020172402770959077,0.14960006059983133,before_outage,0.2634924327219929
0.275202833253197,1.0,1.0,,original,zero,40,1.0,1.0,,0.6,1.0,,0.05155952941385046,1.0,,0.10464918249221214,0.010000000000005116,px4,,0.19567309914232217,1.0,,100/50/50 Hz,1.0,1500,gps,41,25,0.01912761810532609,0.02027223189293833,0.18875798434657892,outage_window,0.26313125396308684
0.1428272941168354,1.0,1.0,,original,zero,60,1.0,1.0,,0.6,1.0,,0.038167888845132926,1.0,,0.06616921262383424,0.010000000000005116,px4,,0.17483378442172595,1.0,,100/50/50 Hz,1.0,2000,gps,41,40,0.019759411142808915,0.015611904108903625,0.17061671792742975,after_return,0.12348626201999846
0.45278707518213995,1.0,,,original,zero,60,1.0,,,0.6,0.6280851063829788,,0.09762844993863758,,,0.29066094533986064,0.010000000000005116,ekf3,,0.11344364403352504,1.0,,100/50/50 Hz,1.0,4700,gps,41,13,0.020617070021903418,0.04948581475628541,0.057776691962971354,flight,0.4299174174321725
0.2911773527154464,1.0,,,original,zero,25,1.0,,,0.6,0.0,,0.1417646772461806,,,0.16837495310841796,0.010000000000001563,ekf3,,0.16425656507992797,1.0,,100/50/50 Hz,1.0,700,gps,41,18,0.16508169955682195,0.06778582943954642,0.08296382016965502,before_outage,0.24364802416633824
0.4875690684203236,1.0,,,original,zero,40,1.0,,,0.6,0.6346666666666667,,0.11003336544425461,,,0.29066094533986064,0.010000000000005116,ekf3,,0.11933260623563405,1.0,,100/50/50 Hz,1.0,1500,gps,41,25,0.030935550832416964,0.05064232885090159,0.046183648621563024,outage_window,0.4561493665142239
0.48237605464561734,1.0,,,original,zero,60,1.0,,,0.6,1.0,,0.0534919085085939,,,0.11111328548611364,0.010000000000005116,ekf3,,0.07723998790064497,1.0,,100/50/50 Hz,1.0,2000,gps,41,40,0.020617070021903418,0.03164101628562244,0.05571921979891679,after_return,0.46987841702382954
0.17623596780830134,1.0,1.0,,original,zero,60,1.0,1.0,,0.6,0.0,,0.10151640397070925,1.0,,0.1784181847971796,0.010000000000005116,px4,,0.15073469446351515,1.0,,100/50/50 Hz,1.0,4700,denied,41,13,0.1670478460517817,0.012907493684851817,0.11142426952807466,flight,0.1528618602031457
0.16899316735506478,1.0,1.0,,original,zero,25,1.0,1.0,,0.6,0.0,,0.035762885780065055,1.0,,0.05616360140557963,0.010000000000001563,px4,,0.10054760808889651,1.0,,100/50/50 Hz,1.0,700,denied,41,18,0.05382835980887981,0.015762854203037118,0.09397253584468361,before_outage,0.14016615750473432
0.1340298123387576,1.0,1.0,,original,zero,40,1.0,1.0,,0.6,0.0,,0.0754006198406132,1.0,,0.09271769260383894,0.010000000000005116,px4,,0.14049173534542703,1.0,,100/50/50 Hz,1.0,1500,denied,41,25,0.0834444446869292,0.008954044883038718,0.11854397592463665,outage_window,0.10395013664300291
0.0775858065463201,1.0,1.0,,original,zero,60,1.0,1.0,,0.6,0.0,,0.13891073708450377,1.0,,0.1784181847971796,0.010000000000005116,px4,,0.18287236901221948,1.0,,100/50/50 Hz,1.0,2000,denied,41,40,0.1670478460517817,0.012099326184820342,0.11893742249931788,after_return,0.03804870033402837
0.2877577294907971,1.0,,,original,zero,60,1.0,,,0.6,0.0,,0.19362142963614676,,,0.33571481559787686,0.010000000000005116,ekf3,,0.20355838253400424,1.0,,100/50/50 Hz,1.0,4700,denied,41,13,0.24293761505256983,0.06758505924768855,0.06282322091006373,flight,0.2489461755249273
0.309322123146294,1.0,,,original,zero,25,1.0,,,0.6,0.0,,0.15734353884759397,,,0.1987475460780574,0.010000000000001563,ekf3,,0.18571181934830036,1.0,,100/50/50 Hz,1.0,700,denied,41,18,0.19850659620129724,0.07162012906848726,0.09865034530386313,before_outage,0.27390739335155123
0.3155195551558388,1.0,,,original,zero,40,1.0,,,0.6,0.0,,0.18317059487426005,,,0.2606926491587524,0.010000000000005116,ekf3,,0.18942462258091905,1.0,,100/50/50 Hz,1.0,1500,denied,41,25,0.11544530450506456,0.06856038804075412,0.048272360759893794,outage_window,0.26421039415387365
0.20493017983817205,1.0,,,original,zero,60,1.0,,,0.6,0.0,,0.22360634432510862,,,0.33571481559787686,0.010000000000005116,ekf3,,0.22970392406843865,1.0,,100/50/50 Hz,1.0,2000,denied,41,40,0.24293761505256983,0.06348629074221183,0.052574666047441515,after_return,0.16496577378287286
0.27925852950899926,1.0,1.0,,original,zero,60,1.0,1.0,,0.6,0.8004255319148936,,0.03547427971869018,1.0,,0.08080134802746618,0.010000000000005116,px4,,0.16024263474467323,1.0,,100/50/50 Hz,1.0,4700,transition,41,13,0.019703087258360306,0.017645893361913374,0.15626668700767568,flight,0.2639395849380314
0.2771442653791006,1.0,1.0,,original,zero,25,1.0,1.0,,0.6,1.0,,0.037778336892499265,1.0,,0.06657287806759812,0.010000000000001563,px4,,0.15429640588761742,1.0,,100/50/50 Hz,1.0,700,transition,41,18,0.012492210539344477,0.020172402770959077,0.14960006059983133,before_outage,0.2634924327219929
0.18871310893054108,1.0,1.0,,original,zero,40,1.0,1.0,,0.6,0.46066666666666667,,0.0308536934504432,1.0,,0.04678476782934202,0.010000000000005116,px4,,0.18385191518088614,1.0,,100/50/50 Hz,1.0,1500,transition,41,25,0.020415730035076195,0.014093303602279046,0.18124452078930783,outage_window,0.16911468544670574
0.19472211168182232,1.0,1.0,,original,zero,60,1.0,1.0,,0.6,0.9355,,0.03511532164551465,1.0,,0.06855671291195407,0.010000000000005116,px4,,0.14924157988094905,1.0,,100/50/50 Hz,1.0,2000,transition,41,40,0.019703087258360306,0.016513288190224452,0.1450515885852125,after_return,0.17687008094908507
0.40911015187401123,1.0,,,original,zero,60,1.0,,,0.6,0.4238297872340426,,0.12084603162648816,,,0.39017780107905403,0.010000000000005116,ekf3,,0.13172846992886136,1.0,,100/50/50 Hz,1.0,4700,transition,41,13,0.02055720208277562,0.053689663870646005,0.05242734429597555,flight,0.3840378462955445
0.2911773527154464,1.0,,,original,zero,25,1.0,,,0.6,0.0,,0.1417646772461806,,,0.16837495310841796,0.010000000000001563,ekf3,,0.16425656507992797,1.0,,100/50/50 Hz,1.0,700,transition,41,18,0.16508169955682195,0.06778582943954642,0.08296382016965502,before_outage,0.24364802416633824
0.325982666930439,1.0,,,original,zero,40,1.0,,,0.6,0.0,,0.1546272155650512,,,0.22382463895176635,0.010000000000005116,ekf3,,0.1601878624825681,1.0,,100/50/50 Hz,1.0,1500,transition,41,25,0.0898673730578401,0.06268791791063456,0.04183987922226035,outage_window,0.2806753205072389
0.4927626571181601,1.0,,,original,zero,60,1.0,,,0.6,0.996,,0.07700625949777225,,,0.39017780107905403,0.010000000000005116,ekf3,,0.0890841713316021,1.0,,100/50/50 Hz,1.0,2000,transition,41,40,0.02055720208277562,0.03156868647327257,0.04478867691727453,after_return,0.4795807807450143
0.28646282928320693,1.0,1.0,,original,nominal,60,1.0,1.0,,0.6,1.0,,0.043522614587416374,1.0,,0.10450948411033494,0.010000000000005116,px4,,0.17403578553892254,1.0,,100/50/50 Hz,1.0,4700,gps,41,13,0.019759411142808915,0.019077065699441415,0.1685058950530368,flight,0.27418338694943006
0.27330668979125083,1.0,1.0,,original,nominal,25,1.0,1.0,,0.6,1.0,,0.03773241400535887,1.0,,0.06657287806759812,0.010000000000001563,px4,,0.15338644711378402,1.0,,100/50/50 Hz,1.0,700,gps,41,18,0.012435590796070345,0.02009163676975999,0.14867302072507255,before_outage,0.26102500576879895
0.27351893318395837,1.0,1.0,,original,nominal,40,1.0,1.0,,0.6,1.0,,0.051490329853976814,1.0,,0.10450948411033494,0.010000000000005116,px4,,0.1946319415758789,1.0,,100/50/50 Hz,1.0,1500,gps,41,25,0.01912761810532609,0.020192096162484928,0.18769746565450743,outage_window,0.26243142802890934
0.14162940704711033,1.0,1.0,,original,nominal,60,1.0,1.0,,0.6,1.0,,0.03816067121196119,1.0,,0.0662048266048966,0.010000000000005116,px4,,0.17380277443373288,1.0,,100/50/50 Hz,1.0,2000,gps,41,40,0.019759411142808915,0.015568004005497807,0.16956169252963837,after_return,0.12345491507583484
0.6013022082483775,1.0,,,original,nominal,60,1.0,,,0.6,0.6251063829787235,,0.11025172472922089,,,0.3686293494957007,0.010000000000005116,ekf3,,0.12342898719508025,1.0,,100/50/50 Hz,1.0,4700,gps,41,13,0.02217886803915998,0.06011376446553309,0.055491189158598714,flight,0.57068421003129
0.40687256911582087,1.0,,,original,nominal,25,1.0,,,0.6,0.0,,0.1956134529337163,,,0.23464227531010184,0.010000000000001563,ekf3,,0.20275317129123094,1.0,,100/50/50 Hz,1.0,700,gps,41,18,0.2151841752436663,0.08324887239371818,0.053331280689666534,before_outage,0.34312838250933175
0.7046496157499071,1.0,,,original,nominal,40,1.0,,,0.6,0.6253333333333333,,0.1045927337490313,,,0.3686293494957007,0.010000000000005116,ekf3,,0.11886770292961168,1.0,,100/50/50 Hz,1.0,1500,gps,41,25,0.030361839010030506,0.06692404478495881,0.05647911867820413,outage_window,0.6632955558206609
0.6384157405104065,1.0,,,original,nominal,60,1.0,,,0.6,1.0,,0.06064457737503658,,,0.1194090409944004,0.010000000000005116,ekf3,,0.08478698402465322,1.0,,100/50/50 Hz,1.0,2000,gps,41,40,0.02217886803915998,0.04098298913406513,0.059254264783220455,after_return,0.622735803306404
0.16826689705859874,1.0,1.0,,original,nominal,60,1.0,1.0,,0.6,0.0,,0.10144762302916255,1.0,,0.1785706078438367,0.010000000000005116,px4,,0.14971900422098172,1.0,,100/50/50 Hz,1.0,4700,denied,41,13,0.16718957899028672,0.01262592297897117,0.11010976344836669,flight,0.1458646659397064
0.15723396626651995,1.0,1.0,,original,nominal,25,1.0,1.0,,0.6,0.0,,0.03529510162394979,1.0,,0.05611114041931636,0.010000000000001563,px4,,0.09925798323858573,1.0,,100/50/50 Hz,1.0,700,denied,41,18,0.05370286097896232,0.01539595142206897,0.09277070139837482,before_outage,0.12895968432739088
0.1351534463835399,1.0,1.0,,original,nominal,40,1.0,1.0,,0.6,0.0,,0.07549666246463911,1.0,,0.09253951267578676,0.010000000000005116,px4,,0.13940978968071246,1.0,,100/50/50 Hz,1.0,1500,denied,41,25,0.08346746414506805,0.008872997270115812,0.11719788144638467,outage_window,0.10807969839167479
0.07560365865722311,1.0,1.0,,original,nominal,60,1.0,1.0,,0.6,0.0,,0.13876194352342677,1.0,,0.1785706078438367,0.010000000000005116,px4,,0.18187140143886332,1.0,,100/50/50 Hz,1.0,2000,denied,41,40,0.16718957899028672,0.0119777535806514,0.11756840430548293,after_return,0.03804366617621918
0.398870070758369,1.0,,,original,nominal,60,1.0,,,0.6,0.0,,0.23389983104411172,,,0.46887163364010914,0.010000000000005116,ekf3,,0.23945779987673355,1.0,,100/50/50 Hz,1.0,4700,denied,41,13,0.15758814815502883,0.07964464976697319,0.051292367456979085,flight,0.34786316322747063
0.4068730770660807,1.0,,,original,nominal,25,1.0,,,0.6,0.0,,0.19561347209761779,,,0.23464227531010184,0.010000000000001563,ekf3,,0.20275318978029785,1.0,,100/50/50 Hz,1.0,700,denied,41,18,0.2151841752436663,0.08324887239371818,0.053331280689666534,before_outage,0.3431291268120173
0.5209119137015559,1.0,,,original,nominal,40,1.0,,,0.6,0.0,,0.16367374196797677,,,0.278179230079011,0.010000000000005116,ekf3,,0.17298354494903026,1.0,,100/50/50 Hz,1.0,1500,denied,41,25,0.016124290764775027,0.08421622624167113,0.05598404248831388,outage_window,0.46469968954281726
0.31727512825420473,1.0,,,original,nominal,60,1.0,,,0.6,0.0,,0.30297168005706837,,,0.46887163364010914,0.010000000000005116,ekf3,,0.30706840795920803,1.0,,100/50/50 Hz,1.0,2000,denied,41,40,0.15758814815502883,0.07831998286726496,0.04999168180807683,after_return,0.27355567834645605
0.27677243860724465,1.0,1.0,,original,nominal,60,1.0,1.0,,0.6,0.8029787234042554,,0.03542789952939609,1.0,,0.08073811121579286,0.010000000000005116,px4,,0.1594131200642351,1.0,,100/50/50 Hz,1.0,4700,transition,41,13,0.019703087258360306,0.017570490302547506,0.15542653178768823,flight,0.2626349763280257
0.27330668979125083,1.0,1.0,,original,nominal,25,1.0,1.0,,0.6,1.0,,0.03773241400535887,1.0,,0.06657287806759812,0.010000000000001563,px4,,0.15338644711378402,1.0,,100/50/50 Hz,1.0,700,transition,41,18,0.012435590796070345,0.02009163676975999,0.14867302072507255,before_outage,0.26102500576879895
0.18601386669242156,1.0,1.0,,original,nominal,40,1.0,1.0,,0.6,0.4686666666666667,,0.030761707384904084,1.0,,0.04664617453549309,0.010000000000005116,px4,,0.1828065428068845,1.0,,100/50/50 Hz,1.0,1500,transition,41,25,0.020514377022447353,0.013991789861765339,0.18019974875612574,outage_window,0.1678933235124791
0.1933681620486902,1.0,1.0,,original,nominal,60,1.0,1.0,,0.6,0.9355,,0.03511584964719661,1.0,,0.06855671291195407,0.010000000000005116,px4,,0.1486490232507353,1.0,,100/50/50 Hz,1.0,2000,transition,41,40,0.019703087258360306,0.016479585917180628,0.1444417156397456,after_return,0.17659018495358578
0.5441518104544619,1.0,,,original,nominal,60,1.0,,,0.6,0.4208510638297872,,0.1408603866635441,,,0.6854418769200508,0.010000000000005116,ekf3,,0.14937621872350418,1.0,,100/50/50 Hz,1.0,4700,transition,41,13,0.021966432270536317,0.06847568648100176,0.04971525107176872,flight,0.5095687258009459
0.40687256911582087,1.0,,,original,nominal,25,1.0,,,0.6,0.0,,0.1956134529337163,,,0.23464227531010184,0.010000000000001563,ekf3,,0.20275317129123094,1.0,,100/50/50 Hz,1.0,700,transition,41,18,0.2151841752436663,0.08324887239371818,0.053331280689666534,before_outage,0.34312838250933175
0.52091158845588,1.0,,,original,nominal,40,1.0,,,0.6,0.0,,0.16367363344383717,,,0.278179230079011,0.010000000000005116,ekf3,,0.17298344226555587,1.0,,100/50/50 Hz,1.0,1500,transition,41,25,0.016124290764775027,0.08421617136038047,0.05598404248831388,outage_window,0.4646993213824642
0.6500945293477388,1.0,,,original,nominal,60,1.0,,,0.6,0.989,,0.09926371175102607,,,0.6854418769200508,0.010000000000005116,ekf3,,0.10944448780359288,1.0,,100/50/50 Hz,1.0,2000,transition,41,40,0.021966432270536317,0.04739517639105979,0.04609567702073591,after_return,0.6329803362319881
0.28787556089499344,1.0,1.0,,original,stress,60,1.0,1.0,,0.6,1.0,,0.04359011338829162,1.0,,0.1045683519395822,0.010000000000005116,px4,,0.21237316993828181,1.0,,100/50/50 Hz,1.0,4700,gps,41,13,0.019759411142808915,0.01912166411060403,0.20785154636044978,flight,0.27587568852770267
0.2773758535552226,1.0,1.0,,original,stress,25,1.0,1.0,,0.6,1.0,,0.03809764919029507,1.0,,0.0669962945434375,0.010000000000001563,px4,,0.19211010249527855,1.0,,100/50/50 Hz,1.0,700,gps,41,18,0.012518331555734756,0.020151552271682683,0.18829461119989502,before_outage,0.2655357946663958
0.2739678222273605,1.0,1.0,,original,stress,40,1.0,1.0,,0.6,1.0,,0.051521230312905404,1.0,,0.1045683519395822,0.010000000000005116,px4,,0.23296207091641286,1.0,,100/50/50 Hz,1.0,1500,gps,41,25,0.01912761810532609,0.020215299979967728,0.22719350631721044,outage_window,0.2630880365372357
0.1413654059982994,1.0,1.0,,original,stress,60,1.0,1.0,,0.6,1.0,,0.03815116759694295,1.0,,0.06615747620685375,0.010000000000005116,px4,,0.21256747534777934,1.0,,100/50/50 Hz,1.0,2000,gps,41,40,0.019759411142808915,0.01556876151198793,0.20911580520543815,after_return,0.12339585926113927
0.4572995072444803,1.0,,,original,stress,60,1.0,,,0.6,0.6038297872340426,,0.0908627507730317,,,0.19258882216398815,0.010000000000005116,ekf3,,0.11131201427337034,1.0,,100/50/50 Hz,1.0,4700,gps,41,13,0.01643741593219819,0.05263990965216853,0.0642987172776637,flight,0.4336282522693621
0.20384381740738622,1.0,,,original,stress,25,1.0,,,0.6,0.0,,0.16309409759812427,,,0.19258882216398815,0.010000000000001563,ekf3,,0.17900989701267733,1.0,,100/50/50 Hz,1.0,700,gps,41,18,0.16751682744837576,0.073330796418188,0.07378928483962192,before_outage,0.12815478387818705
0.5104090112453967,1.0,,,original,stress,40,1.0,,,0.6,0.5586666666666666,,0.08278467189217285,,,0.1673693706451293,0.010000000000005116,ekf3,,0.10767445419857664,1.0,,100/50/50 Hz,1.0,1500,gps,41,25,0.0227207436250451,0.059966843948037994,0.06885118870917674,outage_window,0.47920883145754734
0.5259787993312577,1.0,,,original,stress,60,1.0,,,0.6,1.0,,0.056634085598157316,,,0.11154401958765131,0.010000000000005116,ekf3,,0.08178307056805466,1.0,,100/50/50 Hz,1.0,2000,gps,41,40,0.01643741593219819,0.03462405639815226,0.0590004320323165,after_return,0.5125986469825771
0.16826928263628316,1.0,1.0,,original,stress,60,1.0,1.0,,0.6,0.0,,0.1028476422102447,1.0,,0.17962330307907928,0.010000000000005116,px4,,0.1630261783558024,1.0,,100/50/50 Hz,1.0,4700,denied,41,13,0.16836966307479273,0.012621794766545902,0.1264907005320604,flight,0.1463148753422527
0.1573089451304281,1.0,1.0,,original,stress,25,1.0,1.0,,0.6,0.0,,0.037306885322374896,1.0,,0.05738257127155797,0.010000000000001563,px4,,0.11522442900511609,1.0,,100/50/50 Hz,1.0,700,denied,41,18,0.05516462450036022,0.015369561276271699,0.109017729508086,before_outage,0.12977373277752313
0.1337163468626375,1.0,1.0,,original,stress,40,1.0,1.0,,0.6,0.0,,0.07714638523162241,1.0,,0.09441007610017317,0.010000000000005116,px4,,0.15444162561241673,1.0,,100/50/50 Hz,1.0,1500,denied,41,25,0.08527684851217372,0.008874895362231898,0.13379331436024744,outage_window,0.10667097018533275
0.07495928714762481,1.0,1.0,,original,stress,60,1.0,1.0,,0.6,0.0,,0.14045724982303293,1.0,,0.17962330307907928,0.010000000000005116,px4,,0.19418713809921184,1.0,,100/50/50 Hz,1.0,2000,denied,41,40,0.16836966307479273,0.011976748680674188,0.1340910346567305,after_return,0.037690425231910546
0.24571301723521252,1.0,,,original,stress,60,1.0,,,0.6,0.0,,0.17677065097226952,,,0.35232669825763785,0.010000000000005116,ekf3,,0.18524235791337954,1.0,,100/50/50 Hz,1.0,4700,denied,41,13,0.10904670762491872,0.06338146821354977,0.05537931130077977,flight,0.19005515823733177
0.20384381740738622,1.0,,,original,stress,25,1.0,,,0.6,0.0,,0.16309409759812427,,,0.19258882216398815,0.010000000000001563,ekf3,,0.17900989701267733,1.0,,100/50/50 Hz,1.0,700,denied,41,18,0.16751682744837576,0.073330796418188,0.07378928483962192,before_outage,0.12815478387818705
0.2934527782975545,1.0,,,original,stress,40,1.0,,,0.6,0.0,,0.13247488744995525,,,0.20262290234318095,0.010000000000005116,ekf3,,0.14532954278080665,1.0,,100/50/50 Hz,1.0,1500,denied,41,25,0.004901190524455352,0.0661391517507515,0.059758515711152004,outage_window,0.22308339906809305
0.24062029892231465,1.0,,,original,stress,60,1.0,,,0.6,0.0,,0.22184676095310665,,,0.35232669825763785,0.010000000000005116,ekf3,,0.2259769170631922,1.0,,100/50/50 Hz,1.0,2000,denied,41,40,0.10904670762491872,0.059529320621281696,0.04300676342158289,after_return,0.20166600732112283
0.2784288691718684,1.0,1.0,,original,stress,60,1.0,1.0,,0.6,0.8042553191489362,,0.03550039074010415,1.0,,0.08068950405798554,0.010000000000005116,px4,,0.19793371109131194,1.0,,100/50/50 Hz,1.0,4700,transition,41,13,0.019703087258360306,0.01762554311719735,0.19472410288323033,flight,0.26461157492923393
0.2773758535552226,1.0,1.0,,original,stress,25,1.0,1.0,,0.6,1.0,,0.03809764919029507,1.0,,0.0669962945434375,0.010000000000001563,px4,,0.19211010249527855,1.0,,100/50/50 Hz,1.0,700,transition,41,18,0.012518331555734756,0.020151552271682683,0.18829461119989502,before_outage,0.2655357946663958
0.18713396951223513,1.0,1.0,,original,stress,40,1.0,1.0,,0.6,0.4726666666666667,,0.030771380608915846,1.0,,0.04665347458785065,0.010000000000005116,px4,,0.222167290786263,1.0,,100/50/50 Hz,1.0,1500,transition,41,25,0.02023434174800624,0.01405843796227886,0.22002596944617506,outage_window,0.1693913178206005
0.1934988601804914,1.0,1.0,,original,stress,60,1.0,1.0,,0.6,0.9355,,0.03510845340381754,1.0,,0.06855671291195407,0.010000000000005116,px4,,0.18694080803517868,1.0,,100/50/50 Hz,1.0,2000,transition,41,40,0.019703087258360306,0.016475782569994223,0.18361443899769295,after_return,0.17694886846109842
0.3804545362380824,1.0,,,original,stress,60,1.0,,,0.6,0.4208510638297872,,0.11936099077992961,,,0.6854418769200508,0.010000000000005116,ekf3,,0.13124540213915423,1.0,,100/50/50 Hz,1.0,4700,transition,41,13,0.016421256194435213,0.057169042482036164,0.05457388993558976,flight,0.3485480224532922
0.20384381740738622,1.0,,,original,stress,25,1.0,,,0.6,0.0,,0.16309409759812427,,,0.19258882216398815,0.010000000000001563,ekf3,,0.17900989701267733,1.0,,100/50/50 Hz,1.0,700,transition,41,18,0.16751682744837576,0.073330796418188,0.07378928483962192,before_outage,0.12815478387818705
0.2934529526785348,1.0,,,original,stress,40,1.0,,,0.6,0.0,,0.13247488744995525,,,0.20262290234318095,0.010000000000005116,ekf3,,0.14532954278080665,1.0,,100/50/50 Hz,1.0,1500,transition,41,25,0.004901190524455352,0.06613913998879567,0.059758515711152004,outage_window,0.22308363347087756
0.5061317562275928,1.0,,,original,stress,60,1.0,,,0.6,0.989,,0.09625001211233158,,,0.6854418769200508,0.010000000000005116,ekf3,,0.10442956327891052,1.0,,100/50/50 Hz,1.0,2000,transition,41,40,0.016421256194435213,0.0422350578101637,0.04051504479819811,after_return,0.4911988272715369
0.21823715890319206,1.0,1.0,,original,zero,60,1.0,1.0,,0.6,1.0,,0.04977582218279522,1.0,,0.12098503177833847,0.010000000000005116,px4,,0.591313065438901,1.0,,25/25/25 Hz,1.0,4700,gps,7,13,0.028438679180001255,0.018040379732365372,0.589214314901443,flight,0.19539887158505997
0.1786395305955621,1.0,1.0,,original,zero,25,1.0,1.0,,0.6,1.0,,0.04148249536362268,1.0,,0.07216889451238552,0.010000000000001563,px4,,0.582238934710675,1.0,,25/25/25 Hz,1.0,700,gps,7,18,0.039040728557511284,0.016157062486967796,0.5807593130303023,before_outage,0.15105735500573605
0.23359972216534236,1.0,1.0,,original,zero,40,1.0,1.0,,0.6,1.0,,0.04080513283018098,1.0,,0.07869307658195787,0.010000000000005116,px4,,0.6042823904277884,1.0,,25/25/25 Hz,1.0,1500,gps,7,25,0.008497988253272552,0.018699132260290185,0.6029031004364079,outage_window,0.2100862715110094
0.1508423879545553,1.0,1.0,,original,zero,60,1.0,1.0,,0.6,1.0,,0.061942770437603364,1.0,,0.12098503177833847,0.010000000000005116,px4,,0.5904744496192511,1.0,,25/25/25 Hz,1.0,2000,gps,7,40,0.028438679180001255,0.016964606331301056,0.5872164582534042,after_return,0.13275033593227797
0.5189802431099102,1.0,,,original,zero,60,1.0,,,0.6,0.5642553191489361,,0.11189366291443788,,,0.30732021087374456,0.010000000000005116,ekf3,,0.12860537342951178,1.0,,25/25/25 Hz,1.0,4700,gps,7,13,0.03219069837197124,0.05145368103472422,0.06339676864426393,flight,0.4970102053026512
0.2925884642605962,1.0,,,original,zero,25,1.0,,,0.6,0.0,,0.19226785413833983,,,0.24652157936303357,0.010000000000001563,ekf3,,0.21506277599965135,1.0,,25/25/25 Hz,1.0,700,gps,7,18,0.17967790827361313,0.07116543381614078,0.09635906748051419,before_outage,0.24023004718075383
0.45435700794859996,1.0,,,original,zero,40,1.0,,,0.6,0.43466666666666665,,0.1158498383429246,,,0.30732021087374456,0.010000000000005116,ekf3,,0.1265774764485442,1.0,,25/25/25 Hz,1.0,1500,gps,7,25,0.021951617730751098,0.057250948823986486,0.05099678911460995,outage_window,0.419118191924964
0.6272053907464188,1.0,,,original,zero,60,1.0,,,0.6,1.0,,0.05979597275767732,,,0.11514644839298112,0.010000000000005116,ekf3,,0.0824154862452251,1.0,,25/25/25 Hz,1.0,2000,gps,7,40,0.03219069837197124,0.02460726029098605,0.056716435140089685,after_return,0.6155179106412595
0.3567129939862372,1.0,1.0,,original,zero,60,1.0,1.0,,0.6,0.0,,0.10736539014390516,1.0,,0.1639704991639097,0.010000000000005116,px4,,0.2495721340486004,1.0,,25/25/25 Hz,1.0,4700,denied,7,13,0.13287948496030177,0.01830023883735745,0.22529741031094788,flight,0.3380123164673739
0.4328717584083797,1.0,1.0,,original,zero,25,1.0,1.0,,0.6,0.0,,0.06122629381048911,1.0,,0.09155708983747805,0.010000000000001563,px4,,0.22418540179176744,1.0,,25/25/25 Hz,1.0,700,denied,7,18,0.09149724361850826,0.025682718491734997,0.21566278149640902,before_outage,0.4145415614984354
0.27986191915114306,1.0,1.0,,original,zero,40,1.0,1.0,,0.6,0.0,,0.09401304098321155,1.0,,0.12073187723319372,0.010000000000005116,px4,,0.2384359395373022,1.0,,25/25/25 Hz,1.0,1500,denied,7,25,0.1027319113062759,0.015100819980118542,0.21911924924142334,outage_window,0.2556769124753811
0.1465191156315695,1.0,1.0,,original,zero,60,1.0,1.0,,0.6,0.0,,0.13597479579224075,1.0,,0.1639704991639097,0.010000000000005116,px4,,0.2711481167484117,1.0,,25/25/25 Hz,1.0,2000,denied,7,40,0.13287948496030177,0.011880561883421311,0.23458933506335863,after_return,0.12154591269819132
0.30393355651666165,1.0,,,original,zero,60,1.0,,,0.6,0.0,,0.18943810001617553,,,0.3186950774685036,0.010000000000005116,ekf3,,0.20380704126636637,1.0,,25/25/25 Hz,1.0,4700,denied,7,13,0.11599883152138141,0.0710649834057748,0.07516991640285249,flight,0.2563053305481168
0.30603085187791573,1.0,,,original,zero,25,1.0,,,0.6,0.0,,0.19989498136092412,,,0.26253017760235625,0.010000000000001563,ekf3,,0.23021194672766515,1.0,,25/25/25 Hz,1.0,700,denied,7,18,0.2115203714946928,0.07356416810734014,0.11419079141006575,before_outage,0.26381995445242934
0.30902844663751045,1.0,,,original,zero,40,1.0,,,0.6,0.0,,0.1678177568503746,,,0.27696628314192223,0.010000000000005116,ekf3,,0.17621511081901606,1.0,,25/25/25 Hz,1.0,1500,denied,7,25,0.005170819432063652,0.07410238675150588,0.053749100147506355,outage_window,0.23366184835815382
0.1930901287331147,1.0,,,original,zero,60,1.0,,,0.6,0.0,,0.21242847679482646,,,0.3186950774685036,0.010000000000005116,ekf3,,0.22178456720062859,1.0,,25/25/25 Hz,1.0,2000,denied,7,40,0.11599883152138141,0.0636507900436875,0.06373803020960092,after_return,0.13918553290584612
0.2737027638768565,1.0,1.0,,original,zero,60,1.0,1.0,,0.6,0.8004255319148936,,0.05427002994207783,1.0,,0.12309542161399871,0.010000000000005116,px4,,0.5405483831166364,1.0,,25/25/25 Hz,1.0,4700,transition,7,13,0.02586756547680174,0.019041680507214186,0.5378171792905987,flight,0.25082332919739203
0.1786395305955621,1.0,1.0,,original,zero,25,1.0,1.0,,0.6,1.0,,0.04148249536362268,1.0,,0.07216889451238552,0.010000000000001563,px4,,0.582238934710675,1.0,,25/25/25 Hz,1.0,700,transition,7,18,0.039040728557511284,0.016157062486967796,0.5807593130303023,before_outage,0.15105735500573605
0.31511371274400357,1.0,1.0,,original,zero,40,1.0,1.0,,0.6,0.46066666666666667,,0.05609721468765772,1.0,,0.08576359695166981,0.010000000000005116,px4,,0.5960385070219917,1.0,,25/25/25 Hz,1.0,1500,transition,7,25,0.050029590633200616,0.01658163924439445,0.5933927909549388,outage_window,0.2960213599538507
0.23093085856208684,1.0,1.0,,original,zero,60,1.0,1.0,,0.6,0.9355,,0.06184170498238317,1.0,,0.12309542161399871,0.010000000000005116,px4,,0.4701636690108097,1.0,,25/25/25 Hz,1.0,2000,transition,7,40,0.02586756547680174,0.02076256615156298,0.4660788336564729,after_return,0.2076599714699838
0.5463582807159953,1.0,,,original,zero,60,1.0,,,0.6,0.4238297872340426,,0.12991517380541678,,,0.3033346472966469,0.010000000000005116,ekf3,,0.14227977805157238,1.0,,25/25/25 Hz,1.0,4700,transition,7,13,0.03161911115475618,0.05609124487081566,0.058013643718637854,flight,0.5201951838647364
0.2925884642605962,1.0,,,original,zero,25,1.0,,,0.6,0.0,,0.19226785413833983,,,0.24652157936303357,0.010000000000001563,ekf3,,0.21506277599965135,1.0,,25/25/25 Hz,1.0,700,transition,7,18,0.17967790827361313,0.07116543381614078,0.09635906748051419,before_outage,0.24023004718075383
0.34697515165095466,1.0,,,original,zero,40,1.0,,,0.6,0.0,,0.15366938856221096,,,0.26445921919823157,0.010000000000005116,ekf3,,0.16045560730126293,1.0,,25/25/25 Hz,1.0,1500,transition,7,25,0.03547916930790492,0.06829762152233838,0.04617056349378176,outage_window,0.2863281360687661
0.7255791941504274,1.0,,,original,zero,60,1.0,,,0.6,0.996,,0.07855872821537788,,,0.3033346472966469,0.010000000000005116,ekf3,,0.09057625538085358,1.0,,25/25/25 Hz,1.0,2000,transition,7,40,0.03161911115475618,0.027155127779544843,0.045084190798992944,after_return,0.7103109328843992
0.2194426936016412,1.0,1.0,,original,nominal,60,1.0,1.0,,0.6,1.0,,0.04974926417478649,1.0,,0.12104006574669689,0.010000000000005116,px4,,0.6020123188536306,1.0,,25/25/25 Hz,1.0,4700,gps,7,13,0.028401197365762885,0.018108920149743746,0.599953200479498,flight,0.19565912776973687
0.1800050874395951,1.0,1.0,,original,nominal,25,1.0,1.0,,0.6,1.0,,0.041453827221538606,1.0,,0.07208876134770151,0.010000000000001563,px4,,0.5929783350925066,1.0,,25/25/25 Hz,1.0,700,gps,7,18,0.03917438063971518,0.01626467177568282,0.5915275869287652,before_outage,0.15121955773327814
0.2338210322425858,1.0,1.0,,original,nominal,40,1.0,1.0,,0.6,1.0,,0.040784595678648616,1.0,,0.07875925272522664,0.010000000000005116,px4,,0.6149796833569856,1.0,,25/25/25 Hz,1.0,1500,gps,7,25,0.008597303064493782,0.01869865989410321,0.6136258042954089,outage_window,0.20936386370346777
0.15146467283165793,1.0,1.0,,original,nominal,60,1.0,1.0,,0.6,1.0,,0.061924927975747106,1.0,,0.12104006574669689,0.010000000000005116,px4,,0.6011458189950839,1.0,,25/25/25 Hz,1.0,2000,gps,7,40,0.028401197365762885,0.017011861290161818,0.5979478229665769,after_return,0.13258493610120603
0.49024344526069424,1.0,,,original,nominal,60,1.0,,,0.6,0.5612765957446808,,0.13997337316359137,,,0.5803679327964889,0.010000000000005116,ekf3,,0.1542241290638833,1.0,,25/25/25 Hz,1.0,4700,gps,7,13,0.02663640689546644,0.05663696327595532,0.06474980147243185,flight,0.4654418641248023
0.26447888676545267,1.0,,,original,nominal,25,1.0,,,0.6,0.0,,0.22367460874266945,,,0.3028577317410051,0.010000000000001563,ekf3,,0.23611848402059982,1.0,,25/25/25 Hz,1.0,700,gps,7,18,0.2734473339054322,0.07958949905845661,0.07564131080302615,before_outage,0.2071784485068251
0.3919889186474038,1.0,,,original,nominal,40,1.0,,,0.6,0.42533333333333334,,0.16432050343496418,,,0.5803679327964889,0.010000000000005116,ekf3,,0.17237327825329174,1.0,,25/25/25 Hz,1.0,1500,gps,7,25,0.0156292476700901,0.06761530738403788,0.05207032942729157,outage_window,0.3444306176785331
0.6132499789354764,1.0,,,original,nominal,60,1.0,,,0.6,1.0,,0.06040231369999048,,,0.11494874756401645,0.010000000000005116,ekf3,,0.08743769416168326,1.0,,25/25/25 Hz,1.0,2000,gps,7,40,0.02663640689546644,0.026137121246315436,0.06322112669037148,after_return,0.6008461912281593
0.36343702618835505,1.0,1.0,,original,nominal,60,1.0,1.0,,0.6,0.0,,0.10968128979287341,1.0,,0.16649439976564123,0.010000000000005116,px4,,0.2561422921586566,1.0,,25/25/25 Hz,1.0,4700,denied,7,13,0.1355745306005,0.018549004874362073,0.23147113967331287,flight,0.344409178899255
0.44412858433193164,1.0,1.0,,original,nominal,25,1.0,1.0,,0.6,0.0,,0.06267392312399221,1.0,,0.09463320717413078,0.010000000000001563,px4,,0.23053124364438174,1.0,,25/25/25 Hz,1.0,700,denied,7,18,0.0945988857908179,0.026226073656164032,0.22184822211699876,before_outage,0.42570235556340663
0.28353870801281666,1.0,1.0,,original,nominal,40,1.0,1.0,,0.6,0.0,,0.09651672300713009,1.0,,0.12316454896385964,0.010000000000005116,px4,,0.24505497363949122,1.0,,25/25/25 Hz,1.0,1500,denied,7,25,0.10549950163994376,0.015167765864993698,0.22524755777902827,outage_window,0.25904580169588154
0.1473340253851564,1.0,1.0,,original,nominal,60,1.0,1.0,,0.6,0.0,,0.13851292991063247,1.0,,0.16649439976564123,0.010000000000005116,px4,,0.2778203947934871,1.0,,25/25/25 Hz,1.0,2000,denied,7,40,0.1355745306005,0.011981468226782817,0.2408284451861558,after_return,0.12149175871587461
0.2597115933219269,1.0,,,original,nominal,60,1.0,,,0.6,0.0,,0.26857133892981494,,,0.4791229701144245,0.010000000000005116,ekf3,,0.2761229459632077,1.0,,25/25/25 Hz,1.0,4700,denied,7,13,0.17354476171980104,0.06898842065861054,0.06413514787421166,flight,0.20009915700656442
0.26447888676545267,1.0,,,original,nominal,25,1.0,,,0.6,0.0,,0.22367460874266945,,,0.3028577317410051,0.010000000000001563,ekf3,,0.23611848402059982,1.0,,25/25/25 Hz,1.0,700,denied,7,18,0.2734473339054322,0.07958949905845661,0.07564131080302615,before_outage,0.2071784485068251
0.25914763552290415,1.0,,,original,nominal,40,1.0,,,0.6,0.0,,0.22952598311224265,,,0.35312051901034414,0.010000000000005116,ekf3,,0.23415404703664955,1.0,,25/25/25 Hz,1.0,1500,denied,7,25,0.11931010104779527,0.07194409997198783,0.046324300534384764,outage_window,0.15952012593869971
0.1861742919214003,1.0,,,original,nominal,60,1.0,,,0.6,0.0,,0.328408392263133,,,0.4791229701144245,0.010000000000005116,ekf3,,0.33479374352555613,1.0,,25/25/25 Hz,1.0,2000,denied,7,40,0.17354476171980104,0.062261137671745945,0.0650751764884276,after_return,0.12611030171352183
0.274556524485376,1.0,1.0,,original,nominal,60,1.0,1.0,,0.6,0.8029787234042554,,0.05433656220949898,1.0,,0.12318884232206917,0.010000000000005116,px4,,0.5516842127153931,1.0,,25/25/25 Hz,1.0,4700,transition,7,13,0.0258301274097255,0.019020746019682885,0.5490018292926322,flight,0.2508472056528222
0.1800050874395951,1.0,1.0,,original,nominal,25,1.0,1.0,,0.6,1.0,,0.041453827221538606,1.0,,0.07208876134770151,0.010000000000001563,px4,,0.5929783350925066,1.0,,25/25/25 Hz,1.0,700,transition,7,18,0.03917438063971518,0.01626467177568282,0.5915275869287652,before_outage,0.15121955773327814
0.31455439959218245,1.0,1.0,,original,nominal,40,1.0,1.0,,0.6,0.4686666666666667,,0.05629108666405008,1.0,,0.08593271994143688,0.010000000000005116,px4,,0.6066341616526962,1.0,,25/25/25 Hz,1.0,1500,transition,7,25,0.05060542959283755,0.016522711604197125,0.6040168206649961,outage_window,0.29465525822805533
0.23177347934924436,1.0,1.0,,original,nominal,60,1.0,1.0,,0.6,0.9355,,0.06186905665155189,1.0,,0.12318884232206917,0.010000000000005116,px4,,0.482258903320742,1.0,,25/25/25 Hz,1.0,2000,transition,7,40,0.0258301274097255,0.020650531318370635,0.4782738437978517,after_return,0.20795597313714745
0.5132692528337124,1.0,,,original,nominal,60,1.0,,,0.6,0.4208510638297872,,0.16886198336217817,,,0.35312051901034414,0.010000000000005116,ekf3,,0.17873576823208917,1.0,,25/25/25 Hz,1.0,4700,transition,7,13,0.026054679541288848,0.05977856244536632,0.05858417380578625,flight,0.4846631808130384
0.26447888676545267,1.0,,,original,nominal,25,1.0,,,0.6,0.0,,0.22367460874266945,,,0.3028577317410051,0.010000000000001563,ekf3,,0.23611848402059982,1.0,,25/25/25 Hz,1.0,700,transition,7,18,0.2734473339054322,0.07958949905845661,0.07564131080302615,before_outage,0.2071784485068251
0.25914763552290415,1.0,,,original,nominal,40,1.0,,,0.6,0.0,,0.22952598311224265,,,0.35312051901034414,0.010000000000005116,ekf3,,0.23415404703664955,1.0,,25/25/25 Hz,1.0,1500,transition,7,25,0.11931010104779527,0.07194409997198783,0.046324300534384764,outage_window,0.15952012593869971
0.7037397390650141,1.0,,,original,nominal,60,1.0,,,0.6,0.989,,0.07317113252796581,,,0.14804687969480554,0.010000000000005116,ekf3,,0.08937530735849322,1.0,,25/25/25 Hz,1.0,2000,transition,7,40,0.026054679541288848,0.033007937990477826,0.051321836775392204,after_return,0.6883471615186627
0.2180678205963675,1.0,1.0,,original,stress,60,1.0,1.0,,0.6,1.0,,0.04977049095092551,1.0,,0.12104856377468315,0.010000000000005116,px4,,0.6076027161730567,1.0,,25/25/25 Hz,1.0,4700,gps,7,13,0.028401197365762885,0.018062770891046732,0.6055608631107032,flight,0.194959341637424
0.17852646940545452,1.0,1.0,,original,stress,25,1.0,1.0,,0.6,1.0,,0.0414730181360671,1.0,,0.07207898823998476,0.010000000000001563,px4,,0.5987240207162603,1.0,,25/25/25 Hz,1.0,700,gps,7,18,0.03920810209242198,0.016262667266635146,0.5972858961580546,before_outage,0.15074111237770232
0.23292933041453984,1.0,1.0,,original,stress,40,1.0,1.0,,0.6,1.0,,0.04076947832377421,1.0,,0.07869711806119328,0.010000000000005116,px4,,0.6205269975072776,1.0,,25/25/25 Hz,1.0,1500,gps,7,25,0.008597303064493782,0.018664077192230826,0.619186243607369,outage_window,0.20911172456662186
0.15098444407955872,1.0,1.0,,original,stress,60,1.0,1.0,,0.6,1.0,,0.061936770729335226,1.0,,0.12104856377468315,0.010000000000005116,px4,,0.6066749840086484,1.0,,25/25/25 Hz,1.0,2000,gps,7,40,0.028401197365762885,0.016988939128547587,0.6035050725996557,after_return,0.13255741504391386
0.48899263236664314,1.0,,,original,stress,60,1.0,,,0.6,0.563404255319149,,0.13778748663529178,,,0.6958226330102175,0.010000000000005116,ekf3,,0.1531147717383735,1.0,,25/25/25 Hz,1.0,4700,gps,7,13,0.025018884719220525,0.05903818608048961,0.0667738111180088,flight,0.46453642631963765
0.17552029429061053,1.0,,,original,stress,25,1.0,,,0.6,0.0,,0.23960919538936654,,,0.3142798599051629,0.010000000000001563,ekf3,,0.2508755702409285,1.0,,25/25/25 Hz,1.0,700,gps,7,18,0.2567821444994197,0.07421267077791124,0.07433697080572646,before_outage,0.1015442318341459
0.38847031219453365,1.0,,,original,stress,40,1.0,,,0.6,0.432,,0.1525096501244627,,,0.6958226330102175,0.010000000000005116,ekf3,,0.16128649352757146,1.0,,25/25/25 Hz,1.0,1500,gps,7,25,0.014800987379935533,0.0739459067334918,0.05247989723059044,outage_window,0.333743093025958
0.6312189024893958,1.0,,,original,stress,60,1.0,,,0.6,1.0,,0.06058779464801486,,,0.11314977544715857,0.010000000000005116,ekf3,,0.08762708342921163,1.0,,25/25/25 Hz,1.0,2000,gps,7,40,0.025018884719220525,0.02610261729152899,0.06330580455218937,after_return,0.6205260541679785
0.3448138914732346,1.0,1.0,,original,stress,60,1.0,1.0,,0.6,0.0,,0.10970262669754025,1.0,,0.16669196906488737,0.010000000000005116,px4,,0.2590087426338321,1.0,,25/25/25 Hz,1.0,4700,denied,7,13,0.13575988269102704,0.017991577442699448,0.23462920205383386,flight,0.3254756031805739
0.416802522165492,1.0,1.0,,original,stress,25,1.0,1.0,,0.6,0.0,,0.06279852777390557,1.0,,0.09368813691639907,0.010000000000001563,px4,,0.23366432729917744,1.0,,25/25/25 Hz,1.0,700,denied,7,18,0.09364425316492303,0.025425505183009667,0.22506746268976138,before_outage,0.39790842642975716
0.27168070584028026,1.0,1.0,,original,stress,40,1.0,1.0,,0.6,0.0,,0.096578862977251,1.0,,0.12327419644927004,0.010000000000005116,px4,,0.2479884446302377,1.0,,25/25/25 Hz,1.0,1500,denied,7,25,0.10583503830597292,0.014805050912711741,0.22840926403310755,outage_window,0.24681239461966922
0.14529154760092244,1.0,1.0,,original,stress,60,1.0,1.0,,0.6,0.0,,0.13876167301014564,1.0,,0.16669196906488737,0.010000000000005116,px4,,0.2806640167255919,1.0,,25/25/25 Hz,1.0,2000,denied,7,40,0.13575988269102704,0.011886730993711035,0.2439620634196406,after_return,0.11983904527224812
0.2238260957129985,1.0,,,original,stress,60,1.0,,,0.6,0.0,,0.25865934396482054,,,0.4602298169935582,0.010000000000005116,ekf3,,0.2667881011717989,1.0,,25/25/25 Hz,1.0,4700,denied,7,13,0.2102127051983134,0.07023246533525755,0.06535468389138352,flight,0.15358075729402731
0.17552011246651675,1.0,,,original,stress,25,1.0,,,0.6,0.0,,0.23960919538936654,,,0.3142798599051629,0.010000000000001563,ekf3,,0.2508755702409285,1.0,,25/25/25 Hz,1.0,700,denied,7,18,0.2567821444994197,0.07421267077791124,0.07433697080572646,before_outage,0.10154343642839178
0.23895003224121672,1.0,,,original,stress,40,1.0,,,0.6,0.0,,0.2035342162390821,,,0.31248346656293563,0.010000000000005116,ekf3,,0.2082406312259708,1.0,,25/25/25 Hz,1.0,1500,denied,7,25,0.10225738952354024,0.07668208583524605,0.044022531882359224,outage_window,0.11218615766387872
0.15687451036557865,1.0,,,original,stress,60,1.0,,,0.6,0.0,,0.3203996179252199,,,0.4602298169935582,0.010000000000005116,ekf3,,0.32685626120915434,1.0,,25/25/25 Hz,1.0,2000,denied,7,40,0.2102127051983134,0.06142396452679314,0.06464596139744538,after_return,0.08640134095031897
0.2732937445398161,1.0,1.0,,original,stress,60,1.0,1.0,,0.6,0.8040425531914893,,0.054343192778556364,1.0,,0.12316335575095404,0.010000000000005116,px4,,0.5574493312355674,1.0,,25/25/25 Hz,1.0,4700,transition,7,13,0.0258301274097255,0.018969243536751473,0.5547941729088491,flight,0.2502267312352238
0.17852646940545452,1.0,1.0,,original,stress,25,1.0,1.0,,0.6,1.0,,0.0414730181360671,1.0,,0.07207898823998476,0.010000000000001563,px4,,0.5987240207162603,1.0,,25/25/25 Hz,1.0,700,transition,7,18,0.03920810209242198,0.016262667266635146,0.5972858961580546,before_outage,0.15074111237770232
0.3136729414354652,1.0,1.0,,original,stress,40,1.0,1.0,,0.6,0.472,,0.056246496155375,1.0,,0.08591252577635267,0.010000000000005116,px4,,0.6121773973807946,1.0,,25/25/25 Hz,1.0,1500,transition,7,25,0.050541262238349906,0.01649189938554931,0.6095879735806528,outage_window,0.29429950969677204
0.2312243024350496,1.0,1.0,,original,stress,60,1.0,1.0,,0.6,0.9355,,0.061877419532916644,1.0,,0.12316335575095404,0.010000000000005116,px4,,0.48832408691016493,1.0,,25/25/25 Hz,1.0,2000,transition,7,40,0.0258301274097255,0.02061028434557811,0.48438785988977234,after_return,0.20791378442324826
0.5029838757589677,1.0,,,original,stress,60,1.0,,,0.6,0.4208510638297872,,0.15970311776437768,,,0.3142798599051629,0.010000000000005116,ekf3,,0.17051820731508419,1.0,,25/25/25 Hz,1.0,4700,transition,7,13,0.02447146800443426,0.06149914964306463,0.059760967213452504,flight,0.47440550305145934
0.17552029429061053,1.0,,,original,stress,25,1.0,,,0.6,0.0,,0.23960919538936654,,,0.3142798599051629,0.010000000000001563,ekf3,,0.2508755702409285,1.0,,25/25/25 Hz,1.0,700,transition,7,18,0.2567821444994197,0.07421267077791124,0.07433697080572646,before_outage,0.1015442318341459
0.2389495097372485,1.0,,,original,stress,40,1.0,,,0.6,0.0,,0.20353429208976412,,,0.31248346656293563,0.010000000000005116,ekf3,,0.20824072644373567,1.0,,25/25/25 Hz,1.0,1500,transition,7,25,0.10225738952354024,0.07668208583524605,0.04402263160390726,outage_window,0.11218521555597316
0.7081046204456575,1.0,,,original,stress,60,1.0,,,0.6,0.989,,0.07325913988837579,,,0.15020342980081486,0.010000000000005116,ekf3,,0.08888937384291,1.0,,25/25/25 Hz,1.0,2000,transition,7,40,0.02447146800443426,0.03270071917566517,0.05034301545398327,after_return,0.693489749342586
0.31209412219541066,1.0,1.0,,original,zero,60,1.0,1.0,,0.6,1.0,,0.04851086618271557,1.0,,0.09706491990044733,0.010000000000005116,px4,,0.3780455330279731,1.0,,25/25/25 Hz,1.0,4700,gps,19,13,0.03535443929370382,0.019392699098841334,0.3749201527053553,flight,0.29695481665233986
0.4469972304453811,1.0,1.0,,original,zero,25,1.0,1.0,,0.6,1.0,,0.048644566209014556,1.0,,0.07248332423456756,0.010000000000001563,px4,,0.3630866983356322,1.0,,25/25/25 Hz,1.0,700,gps,19,18,0.018643828363277024,0.02538240911070576,0.35981336368540723,before_outage,0.4298262775311206
0.2943980745462188,1.0,1.0,,original,zero,40,1.0,1.0,,0.6,1.0,,0.04845099719767633,1.0,,0.0917303362452924,0.010000000000005116,px4,,0.37282331711713,1.0,,25/25/25 Hz,1.0,1500,gps,19,25,0.0320598106206671,0.020074794313677546,0.36966163806482655,outage_window,0.2779103906617664
0.1448073193499532,1.0,1.0,,original,zero,60,1.0,1.0,,0.6,1.0,,0.045539087749207015,1.0,,0.09026316672594277,0.010000000000005116,px4,,0.39065827866381747,1.0,,25/25/25 Hz,1.0,2000,gps,19,40,0.03535443929370382,0.01521548242862002,0.38799495122429994,after_return,0.12777276935690327
0.5594705066316172,1.0,,,original,zero,60,1.0,,,0.6,0.5642553191489361,,0.10737425687958767,,,0.22845119943789807,0.010000000000005116,ekf3,,0.12142180141817165,1.0,,25/25/25 Hz,1.0,4700,gps,19,13,0.051253937368518784,0.05180385407317136,0.05669235238716266,flight,0.5456073416921382
0.27476254202145084,1.0,,,original,zero,25,1.0,,,0.6,0.0,,0.20263319865021434,,,0.22845119943789807,0.010000000000001563,ekf3,,0.2108607633915669,1.0,,25/25/25 Hz,1.0,700,gps,19,18,0.16826805809863266,0.06954969146873133,0.058327080698909864,before_outage,0.2533868756748731
0.518911382938005,1.0,,,original,zero,40,1.0,,,0.6,0.43466666666666665,,0.10184297380712572,,,0.21219474240085043,0.010000000000005116,ekf3,,0.11315081941320132,1.0,,25/25/25 Hz,1.0,1500,gps,19,25,0.020201135944124725,0.05843255634688982,0.049306354762849794,outage_window,0.4970753106045091
0.6786496668829084,1.0,,,original,zero,60,1.0,,,0.6,1.0,,0.050192109314503616,,,0.10130766123937011,0.010000000000005116,ekf3,,0.07308917041832587,1.0,,25/25/25 Hz,1.0,2000,gps,19,40,0.051253937368518784,0.027026034565548418,0.05312983149794473,after_return,0.6691816520024367
0.2832554566936966,1.0,1.0,,original,zero,60,1.0,1.0,,0.6,0.0,,0.10637639675816711,1.0,,0.17094780562510406,0.010000000000005116,px4,,0.23057339620877018,1.0,,25/25/25 Hz,1.0,4700,denied,19,13,0.16593646393919537,0.016850715203833213,0.20456821173387507,flight,0.26914036536074465
0.4063853571457384,1.0,1.0,,original,zero,25,1.0,1.0,,0.6,0.0,,0.06619369808566526,1.0,,0.09616954603168519,0.010000000000001563,px4,,0.19353939229303677,1.0,,25/25/25 Hz,1.0,700,denied,19,18,0.060379953821468976,0.01884190936847347,0.1818677835761512,before_outage,0.3944974531462335
0.11076206844763739,1.0,1.0,,original,zero,40,1.0,1.0,,0.6,0.0,,0.07673065966722598,1.0,,0.10191536933318053,0.010000000000005116,px4,,0.22142541315340286,1.0,,25/25/25 Hz,1.0,1500,denied,19,25,0.09536867081982314,0.011341712620448172,0.20770560766909374,outage_window,0.04404771633571088
0.14651207570280356,1.0,1.0,,original,zero,60,1.0,1.0,,0.6,0.0,,0.1418177641506135,1.0,,0.17094780562510406,0.010000000000005116,px4,,0.25807263995928365,1.0,,25/25/25 Hz,1.0,2000,denied,19,40,0.16593646393919537,0.015601289589601027,0.215613564663439,after_return,0.1279574563334851
0.2709002771660899,1.0,,,original,zero,60,1.0,,,0.6,0.0,,0.19644494492348252,,,0.32955178780319744,0.010000000000005116,ekf3,,0.20885155607677652,1.0,,25/25/25 Hz,1.0,4700,denied,19,13,0.1296399709677481,0.06948312007119058,0.07091090247416712,flight,0.23546147884981025
0.29972817718999706,1.0,,,original,zero,25,1.0,,,0.6,0.0,,0.20324241743327418,,,0.2430760806203004,0.010000000000001563,ekf3,,0.2175181961547286,1.0,,25/25/25 Hz,1.0,700,denied,19,18,0.20038187746974748,0.07102842428169061,0.07750280907351496,before_outage,0.27983057359636776
0.33383436059111776,1.0,,,original,zero,40,1.0,,,0.6,0.0,,0.16344946030205473,,,0.24161100041059969,0.010000000000005116,ekf3,,0.17125925800678038,1.0,,25/25/25 Hz,1.0,1500,denied,19,25,0.04172021909418809,0.07345617300706227,0.05112736429740927,outage_window,0.28306327764918393
0.14833531350128668,1.0,,,original,zero,60,1.0,,,0.6,0.0,,0.23071475830932298,,,0.32955178780319744,0.010000000000005116,ekf3,,0.2405909346935776,1.0,,25/25/25 Hz,1.0,2000,denied,19,40,0.1296399709677481,0.06385439712187924,0.06822534833183337,after_return,0.10010889414701525
0.31651837925060716,1.0,1.0,,original,zero,60,1.0,1.0,,0.6,0.8004255319148936,,0.05309979787286149,1.0,,0.1251768562604563,0.010000000000005116,px4,,0.37513177321240915,1.0,,25/25/25 Hz,1.0,4700,transition,19,13,0.03620106027566875,0.01842045136268186,0.37135462665671426,flight,0.2985415950359185
0.4469972304453811,1.0,1.0,,original,zero,25,1.0,1.0,,0.6,1.0,,0.048644566209014556,1.0,,0.07248332423456756,0.010000000000001563,px4,,0.3630866983356322,1.0,,25/25/25 Hz,1.0,700,transition,19,18,0.018643828363277024,0.02538240911070576,0.35981336368540723,before_outage,0.4298262775311206
0.2831351699674257,1.0,1.0,,original,zero,40,1.0,1.0,,0.6,0.46066666666666667,,0.05129590527934324,1.0,,0.0817627389497715,0.010000000000005116,px4,,0.3771597864481786,1.0,,25/25/25 Hz,1.0,1500,transition,19,25,0.04857146844654956,0.015457025592594974,0.3736552349629379,outage_window,0.26321454960538376
0.17995380753804527,1.0,1.0,,original,zero,60,1.0,1.0,,0.6,0.9355,,0.0543759944065274,1.0,,0.1251768562604563,0.010000000000005116,px4,,0.3808115332891824,1.0,,25/25/25 Hz,1.0,2000,transition,19,40,0.03620106027566875,0.016376030902425513,0.37690937255308393,after_return,0.156558804074921
0.45448842171477016,1.0,,,original,zero,60,1.0,,,0.6,0.4238297872340426,,0.12286133711405746,,,0.26961216070713323,0.010000000000005116,ekf3,,0.1349303235245196,1.0,,25/25/25 Hz,1.0,4700,transition,19,13,0.05107892977979114,0.05585034042084505,0.05577888533287002,flight,0.4331183656873141
0.27476254202145084,1.0,,,original,zero,25,1.0,,,0.6,0.0,,0.20263319865021434,,,0.22845119943789807,0.010000000000001563,ekf3,,0.2108607633915669,1.0,,25/25/25 Hz,1.0,700,transition,19,18,0.16826805809863266,0.06954969146873133,0.058327080698909864,before_outage,0.2533868756748731
0.2993157849855381,1.0,,,original,zero,40,1.0,,,0.6,0.0,,0.14046486470577882,,,0.21509047271958662,0.010000000000005116,ekf3,,0.14737616278358165,1.0,,25/25/25 Hz,1.0,1500,transition,19,25,0.014035610348147298,0.0691900340233448,0.04460218761451057,outage_window,0.24532800340812644
0.5875142603070708,1.0,,,original,zero,60,1.0,,,0.6,0.996,,0.062288031637009494,,,0.26961216070713323,0.010000000000005116,ekf3,,0.08241639934025931,1.0,,25/25/25 Hz,1.0,2000,transition,19,40,0.05107892977979114,0.02691548913971261,0.05396910222525478,after_return,0.5738051551738633
0.31242596258127303,1.0,1.0,,original,nominal,60,1.0,1.0,,0.6,1.0,,0.04850106653650092,1.0,,0.09708654114294994,0.010000000000005116,px4,,0.37061813324418913,1.0,,25/25/25 Hz,1.0,4700,gps,19,13,0.03533623274403609,0.019443973201325904,0.3674308740895755,flight,0.29661316447712377
0.44757077556906455,1.0,1.0,,original,nominal,25,1.0,1.0,,0.6,1.0,,0.04854639482587702,1.0,,0.07229523189630628,0.010000000000001563,px4,,0.35546837177394097,1.0,,25/25/25 Hz,1.0,700,gps,19,18,0.018571113099416874,0.02545273776780867,0.3521377725848603,before_outage,0.42970088658686834
0.293972885559164,1.0,1.0,,original,nominal,40,1.0,1.0,,0.6,1.0,,0.048436636046014205,1.0,,0.0917303362452924,0.010000000000005116,px4,,0.36542850567019247,1.0,,25/25/25 Hz,1.0,1500,gps,19,25,0.032053660057032286,0.02008271009913643,0.36220420351632565,outage_window,0.2768041779186251
0.14606419819600255,1.0,1.0,,original,nominal,60,1.0,1.0,,0.6,1.0,,0.045510400814362174,1.0,,0.09026316672594277,0.010000000000005116,px4,,0.38328454371508075,1.0,,25/25/25 Hz,1.0,2000,gps,19,40,0.03533623274403609,0.01525639584019679,0.3805730480060218,after_return,0.1284348611652196
0.5695911642177167,1.0,,,original,nominal,60,1.0,,,0.6,0.5612765957446808,,0.11544744395838091,,,0.5354237438782973,0.010000000000005116,ekf3,,0.13034919711093196,1.0,,25/25/25 Hz,1.0,4700,gps,19,13,0.06610667102331545,0.05390984107572575,0.060521077906305426,flight,0.5439127369857716
0.27650039493545264,1.0,,,original,nominal,25,1.0,,,0.6,0.0,,0.2124083859594741,,,0.25749178843924836,0.010000000000001563,ekf3,,0.22855485746044876,1.0,,25/25/25 Hz,1.0,700,gps,19,18,0.21498227421219837,0.07745843735857179,0.08438009506309616,before_outage,0.20348185281145015
0.5336304744977013,1.0,,,original,nominal,40,1.0,,,0.6,0.42533333333333334,,0.12524422288703527,,,0.5354237438782973,0.010000000000005116,ekf3,,0.1376303391210578,1.0,,25/25/25 Hz,1.0,1500,gps,19,25,0.0226169881915566,0.06576158856656494,0.057061325606754004,outage_window,0.4954111643994096
0.7125300089223076,1.0,,,original,nominal,60,1.0,,,0.6,1.0,,0.04919393698649305,,,0.09784187936095133,0.010000000000005116,ekf3,,0.07358641067636774,1.0,,25/25/25 Hz,1.0,2000,gps,19,40,0.06610667102331545,0.029894985243881626,0.05472582936785883,after_return,0.6980441049290012
0.26697272929278915,1.0,1.0,,original,nominal,60,1.0,1.0,,0.6,0.0,,0.10683462663633927,1.0,,0.17252111600067194,0.010000000000005116,px4,,0.22737671557808442,1.0,,25/25/25 Hz,1.0,4700,denied,19,13,0.16729168076296458,0.016619364104108404,0.20071505508693435,flight,0.2512017841610544
0.37460275578695285,1.0,1.0,,original,nominal,25,1.0,1.0,,0.6,0.0,,0.06451600686403954,1.0,,0.09084632461070954,0.010000000000001563,px4,,0.1892766457373743,1.0,,25/25/25 Hz,1.0,700,denied,19,18,0.0617791588400019,0.018522923777912575,0.17794193850779164,before_outage,0.3610432220304622
0.1134413824132521,1.0,1.0,,original,nominal,40,1.0,1.0,,0.6,0.0,,0.07755875466158269,1.0,,0.10274418442402965,0.010000000000005116,px4,,0.2180834315741468,1.0,,25/25/25 Hz,1.0,1500,denied,19,25,0.09609177727587474,0.011454370965561532,0.2038259617970684,outage_window,0.04663250722194385
0.14833122328200535,1.0,1.0,,original,nominal,60,1.0,1.0,,0.6,0.0,,0.14286991817505432,1.0,,0.17252111600067194,0.010000000000005116,px4,,0.25548052126376697,1.0,,25/25/25 Hz,1.0,2000,denied,19,40,0.16729168076296458,0.01570954250750231,0.21179821346238822,after_return,0.12907624486447478
0.25669952796610734,1.0,,,original,nominal,60,1.0,,,0.6,0.0,,0.182069352526623,,,0.3256664515446185,0.010000000000005116,ekf3,,0.19432293456035885,1.0,,25/25/25 Hz,1.0,4700,denied,19,13,0.10650460310516972,0.06880533416696782,0.06791283948330958,flight,0.18514892326200522
0.27650039493545264,1.0,,,original,nominal,25,1.0,,,0.6,0.0,,0.2124083859594741,,,0.25749178843924836,0.010000000000001563,ekf3,,0.22855485746044876,1.0,,25/25/25 Hz,1.0,700,denied,19,18,0.21498227421219837,0.07745843735857179,0.08438009506309616,before_outage,0.20348185281145015
0.3304663593991931,1.0,,,original,nominal,40,1.0,,,0.6,0.0,,0.13738578455346992,,,0.21472640202783794,0.010000000000005116,ekf3,,0.14791009795606402,1.0,,25/25/25 Hz,1.0,1500,denied,19,25,0.04814336362466778,0.07288799223988059,0.054795467695786665,outage_window,0.2463151754119392
0.17831549383253056,1.0,,,original,nominal,60,1.0,,,0.6,0.0,,0.2158892334590687,,,0.3256664515446185,0.010000000000005116,ekf3,,0.22808802144905435,1.0,,25/25/25 Hz,1.0,2000,denied,19,40,0.10650460310516972,0.06669503457568932,0.0735933720181376,after_return,0.10567947592135103
0.3166331949130222,1.0,1.0,,original,nominal,60,1.0,1.0,,0.6,0.8029787234042554,,0.05309881666308844,1.0,,0.1252151450502914,0.010000000000005116,px4,,0.3678104366921245,1.0,,25/25/25 Hz,1.0,4700,transition,19,13,0.03618224332253462,0.0184664952749161,0.3639574604382098,flight,0.29791445260763894
0.44757077556906455,1.0,1.0,,original,nominal,25,1.0,1.0,,0.6,1.0,,0.04854639482587702,1.0,,0.07229523189630628,0.010000000000001563,px4,,0.35546837177394097,1.0,,25/25/25 Hz,1.0,700,transition,19,18,0.018571113099416874,0.02545273776780867,0.3521377725848603,before_outage,0.42970088658686834
0.28248044374277487,1.0,1.0,,original,nominal,40,1.0,1.0,,0.6,0.4686666666666667,,0.05129316486748698,1.0,,0.08171926459229818,0.010000000000005116,px4,,0.3697391293927414,1.0,,25/25/25 Hz,1.0,1500,transition,19,25,0.048761641177357866,0.01543956220017072,0.3661639455789977,outage_window,0.2617363187930426
0.18034105915147047,1.0,1.0,,original,nominal,60,1.0,1.0,,0.6,0.9355,,0.05436260987582524,1.0,,0.1252151450502914,0.010000000000005116,px4,,0.37370851247079745,1.0,,25/25/25 Hz,1.0,2000,transition,19,40,0.03618224332253462,0.01641267402516695,0.36973336195240075,after_return,0.15620366316020584
0.47733644459900404,1.0,,,original,nominal,60,1.0,,,0.6,0.4208510638297872,,0.12221113017865683,,,0.37806518712744225,0.010000000000005116,ekf3,,0.13621887410956376,1.0,,25/25/25 Hz,1.0,4700,transition,19,13,0.06582001916048974,0.05869974538642956,0.06016661303524222,flight,0.4413671902125908
0.27650039493545264,1.0,,,original,nominal,25,1.0,,,0.6,0.0,,0.2124083859594741,,,0.25749178843924836,0.010000000000001563,ekf3,,0.22855485746044876,1.0,,25/25/25 Hz,1.0,700,transition,19,18,0.21498227421219837,0.07745843735857179,0.08438009506309616,before_outage,0.20348185281145015
0.3304663593991931,1.0,,,original,nominal,40,1.0,,,0.6,0.0,,0.13738578455346992,,,0.21472640202783794,0.010000000000005116,ekf3,,0.14791009795606402,1.0,,25/25/25 Hz,1.0,1500,transition,19,25,0.04814336362466778,0.07288799223988059,0.054795467695786665,outage_window,0.2463151754119392
0.6421772998939383,1.0,,,original,nominal,60,1.0,,,0.6,0.989,,0.06169272621009973,,,0.37806518712744225,0.010000000000005116,ekf3,,0.08300882864029781,1.0,,25/25/25 Hz,1.0,2000,transition,19,40,0.06582001916048974,0.03768580593234984,0.05553803349957577,after_return,0.6232187438909739
0.3122174452132097,1.0,1.0,,original,stress,60,1.0,1.0,,0.6,1.0,,0.04850429590060742,1.0,,0.09699366520967063,0.010000000000005116,px4,,0.39953788741611784,1.0,,25/25/25 Hz,1.0,4700,gps,19,13,0.03535443929370382,0.019399945795729696,0.3965827237287584,flight,0.2969909150979085
0.44698608519523525,1.0,1.0,,original,stress,25,1.0,1.0,,0.6,1.0,,0.048619233600737596,1.0,,0.07245428228086806,0.010000000000001563,px4,,0.3846389566491263,1.0,,25/25/25 Hz,1.0,700,gps,19,18,0.018616530475126913,0.025410982592777586,0.38155379318807114,before_outage,0.42976903393107724
0.2943611191407656,1.0,1.0,,original,stress,40,1.0,1.0,,0.6,1.0,,0.048445679658208764,1.0,,0.09172779328097296,0.010000000000005116,px4,,0.3942967806497727,1.0,,25/25/25 Hz,1.0,1500,gps,19,25,0.0320598106206671,0.020070496324986063,0.3913092988330703,outage_window,0.27777860589442194
0.14506030462577613,1.0,1.0,,original,stress,60,1.0,1.0,,0.6,1.0,,0.04553240184249756,1.0,,0.09026316672594277,0.010000000000005116,px4,,0.4120953743032747,1.0,,25/25/25 Hz,1.0,2000,gps,19,40,0.03535443929370382,0.01522432339313372,0.4095722132965191,after_return,0.12785114827122132
0.5584000403468499,1.0,,,original,stress,60,1.0,,,0.6,0.563404255319149,,0.11283870261006809,,,0.48063846308841746,0.010000000000005116,ekf3,,0.12873174499346343,1.0,,25/25/25 Hz,1.0,4700,gps,19,13,0.06532154783306392,0.054831794337829295,0.06196199934103732,flight,0.5393784894124378
0.23119444259756178,1.0,,,original,stress,25,1.0,,,0.6,0.0,,0.1997949043219841,,,0.2436443272416052,0.010000000000001563,ekf3,,0.2191465910074205,1.0,,25/25/25 Hz,1.0,700,gps,19,18,0.09414634753916273,0.0734981591934485,0.09004012748293318,before_outage,0.17447071500112923
0.5234472796709161,1.0,,,original,stress,40,1.0,,,0.6,0.432,,0.1246687442327089,,,0.48063846308841746,0.010000000000005116,ekf3,,0.13637059432013654,1.0,,25/25/25 Hz,1.0,1500,gps,19,25,0.023603537276624727,0.0678008359007712,0.05526882671693571,outage_window,0.49447878334162465
0.7051296058632195,1.0,,,original,stress,60,1.0,,,0.6,1.0,,0.04982454187725528,,,0.09818650737730183,0.010000000000005116,ekf3,,0.07234814885868444,1.0,,25/25/25 Hz,1.0,2000,gps,19,40,0.06532154783306392,0.029580007711787308,0.0524573128362481,after_return,0.6940707758277078
0.28220846309064745,1.0,1.0,,original,stress,60,1.0,1.0,,0.6,0.0,,0.10684920203341275,1.0,,0.17173764820336443,0.010000000000005116,px4,,0.24109483935785112,1.0,,25/25/25 Hz,1.0,4700,denied,19,13,0.1666401353167313,0.01685776089453212,0.2161248934986689,flight,0.26799487532295785
0.4043484982295081,1.0,1.0,,original,stress,25,1.0,1.0,,0.6,0.0,,0.06645820869061897,1.0,,0.09595387617699674,0.010000000000001563,px4,,0.20449881304263848,1.0,,25/25/25 Hz,1.0,700,denied,19,18,0.060961749361367605,0.018875224037881336,0.19339873586319567,before_outage,0.3924064520979863
0.11085253177258074,1.0,1.0,,original,stress,40,1.0,1.0,,0.6,0.0,,0.07730122113389835,1.0,,0.10249215907772923,0.010000000000005116,px4,,0.2325088924156096,1.0,,25/25/25 Hz,1.0,1500,denied,19,25,0.0959283169399747,0.011332983442391191,0.21928270853749884,outage_window,0.044059658227362644
0.14658580671400256,1.0,1.0,,original,stress,60,1.0,1.0,,0.6,0.0,,0.14242107673510382,1.0,,0.17173764820336443,0.010000000000005116,px4,,0.26816393760763224,1.0,,25/25/25 Hz,1.0,2000,denied,19,40,0.1666401353167313,0.015618680780837729,0.22721825264455264,after_return,0.12783490718772314
0.2259998638534121,1.0,,,original,stress,60,1.0,,,0.6,0.0,,0.151558417766312,,,0.2436443272416052,0.010000000000005116,ekf3,,0.16658481073856932,1.0,,25/25/25 Hz,1.0,4700,denied,19,13,0.11717474397799249,0.0682542639747441,0.06914148662689433,flight,0.16717344625723854
0.23119444259756178,1.0,,,original,stress,25,1.0,,,0.6,0.0,,0.1997949043219841,,,0.2436443272416052,0.010000000000001563,ekf3,,0.2191465910074205,1.0,,25/25/25 Hz,1.0,700,denied,19,18,0.09414634753916273,0.0734981591934485,0.09004012748293318,before_outage,0.17447071500112923
0.3024713219390465,1.0,,,original,stress,40,1.0,,,0.6,0.0,,0.13942661872972645,,,0.196248093869007,0.010000000000005116,ekf3,,0.14945353968286548,1.0,,25/25/25 Hz,1.0,1500,denied,19,25,0.12735465724770723,0.07487417804885654,0.05381987098956419,outage_window,0.23266031131871082
0.14615885214364735,1.0,,,original,stress,60,1.0,,,0.6,0.0,,0.15367893837898267,,,0.220585705572992,0.010000000000005116,ekf3,,0.16940922479691345,1.0,,25/25/25 Hz,1.0,2000,denied,19,40,0.11717474397799249,0.06325001449010799,0.07129003678635606,after_return,0.08068408566713361
0.31660184460220414,1.0,1.0,,original,stress,60,1.0,1.0,,0.6,0.8042553191489362,,0.053106508057962944,1.0,,0.125239033191752,0.010000000000005116,px4,,0.3967934530560597,1.0,,25/25/25 Hz,1.0,4700,transition,19,13,0.03618224332253462,0.018432501605467604,0.3932235282762731,flight,0.29854822747416265
0.44698608519523525,1.0,1.0,,original,stress,25,1.0,1.0,,0.6,1.0,,0.048619233600737596,1.0,,0.07245428228086806,0.010000000000001563,px4,,0.3846389566491263,1.0,,25/25/25 Hz,1.0,700,transition,19,18,0.018616530475126913,0.025410982592777586,0.38155379318807114,before_outage,0.42976903393107724
0.2830692906155696,1.0,1.0,,original,stress,40,1.0,1.0,,0.6,0.4726666666666667,,0.051323866755114196,1.0,,0.0817627389497715,0.010000000000005116,px4,,0.3986321420316982,1.0,,25/25/25 Hz,1.0,1500,transition,19,25,0.04863230657415801,0.015449060580358977,0.3953143627065469,outage_window,0.2630440198508396
0.18003225793146918,1.0,1.0,,original,stress,60,1.0,1.0,,0.6,0.9355,,0.05437622709724314,1.0,,0.125239033191752,0.010000000000005116,px4,,0.4026269943528528,1.0,,25/25/25 Hz,1.0,2000,transition,19,40,0.03618224332253462,0.016397612595360277,0.39893824397803884,after_return,0.15653114505067997
0.4532472869920313,1.0,,,original,stress,60,1.0,,,0.6,0.4208510638297872,,0.12093683284579217,,,0.37806518712744225,0.010000000000005116,ekf3,,0.13595760971496834,1.0,,25/25/25 Hz,1.0,4700,transition,19,13,0.06512830093730403,0.059593126323875395,0.06211887072892248,flight,0.4251558511305042
0.23119444259756178,1.0,,,original,stress,25,1.0,,,0.6,0.0,,0.1997949043219841,,,0.2436443272416052,0.010000000000001563,ekf3,,0.2191465910074205,1.0,,25/25/25 Hz,1.0,700,transition,19,18,0.09414634753916273,0.0734981591934485,0.09004012748293318,before_outage,0.17447071500112923
0.3024713219390465,1.0,,,original,stress,40,1.0,,,0.6,0.0,,0.13942661872972645,,,0.196248093869007,0.010000000000005116,ekf3,,0.14945353968286548,1.0,,25/25/25 Hz,1.0,1500,transition,19,25,0.12735465724770723,0.07487417804885654,0.05381987098956419,outage_window,0.23266031131871082
0.6197594268053186,1.0,,,original,stress,60,1.0,,,0.6,0.989,,0.06331082393404375,,,0.37806518712744225,0.010000000000005116,ekf3,,0.08321250358093721,1.0,,25/25/25 Hz,1.0,2000,transition,19,40,0.06512830093730403,0.037395190809103654,0.05400055856192601,after_return,0.6046607997297726
0.3145767488188996,1.0,1.0,,original,zero,60,1.0,1.0,,0.6,1.0,,0.055806382771015364,1.0,,0.13603083249392953,0.010000000000005116,px4,,0.5150070721517005,1.0,,25/25/25 Hz,1.0,4700,gps,41,13,0.022909174709280264,0.02267795793846603,0.511974542343935,flight,0.3031914279664877
0.2535333165148248,1.0,1.0,,original,zero,25,1.0,1.0,,0.6,1.0,,0.04761290879970381,1.0,,0.08178245469542994,0.010000000000001563,px4,,0.491228424215846,1.0,,25/25/25 Hz,1.0,700,gps,41,18,0.022042175340805163,0.02067469944382588,0.4889155097490918,before_outage,0.24023872818828138
0.33900863520328467,1.0,1.0,,original,zero,40,1.0,1.0,,0.6,1.0,,0.06397934482529102,1.0,,0.13603083249392953,0.010000000000005116,px4,,0.5404208454621293,1.0,,25/25/25 Hz,1.0,1500,gps,41,25,0.02798232641421885,0.02590666606974614,0.5366202881421175,outage_window,0.3287529101549263
0.1868000010150488,1.0,1.0,,original,zero,60,1.0,1.0,,0.6,1.0,,0.05463494679871891,1.0,,0.10666239418895573,0.010000000000005116,px4,,0.5135334790408893,1.0,,25/25/25 Hz,1.0,2000,gps,41,40,0.022909174709280264,0.0209136422047135,0.5106188957374577,after_return,0.1723226877242829
0.4261026552957245,1.0,,,original,zero,60,1.0,,,0.6,0.5642553191489361,,0.11216115457113551,,,0.4180375241003359,0.010000000000005116,ekf3,,0.12460455195635226,1.0,,25/25/25 Hz,1.0,4700,gps,41,13,0.01576249528223449,0.05250218738823228,0.05427863091045255,flight,0.3954336633096841
0.32861512465588,1.0,,,original,zero,25,1.0,,,0.6,0.0,,0.18253663622163727,,,0.24170967631224355,0.010000000000001563,ekf3,,0.18601698288127672,1.0,,25/25/25 Hz,1.0,700,gps,41,18,0.19870352542569755,0.078304809653097,0.03581472263110321,before_outage,0.2828710444120228
0.40806674887581956,1.0,,,original,zero,40,1.0,,,0.6,0.43466666666666665,,0.12306077943805832,,,0.4180375241003359,0.010000000000005116,ekf3,,0.14068054761018822,1.0,,25/25/25 Hz,1.0,1500,gps,41,25,0.028428172956506223,0.0595720249897942,0.06816935557858823,outage_window,0.3579708630503236
0.4712976941636915,1.0,,,original,zero,60,1.0,,,0.6,1.0,,0.05508468303041651,,,0.1101898559922402,0.010000000000005116,ekf3,,0.07718090991016792,1.0,,25/25/25 Hz,1.0,2000,gps,41,40,0.01576249528223449,0.030924778013906414,0.05406080419305655,after_return,0.4553353431588013
0.3814863865703827,1.0,1.0,,original,zero,60,1.0,1.0,,0.6,0.0,,0.08554380871418812,1.0,,0.16505324550512088,0.010000000000005116,px4,,0.27104450393257,1.0,,25/25/25 Hz,1.0,4700,denied,41,13,0.15021394950789188,0.02031826352345501,0.25719132936925254,flight,0.37150521441426954
0.5525631306514781,1.0,1.0,,original,zero,25,1.0,1.0,,0.6,0.0,,0.053838280786184675,1.0,,0.07531364004860744,0.010000000000001563,px4,,0.2418039606671212,1.0,,25/25/25 Hz,1.0,700,denied,41,18,0.07531364004860744,0.028279554975555933,0.23573416153857427,before_outage,0.5451027195577187
0.2837868091787217,1.0,1.0,,original,zero,40,1.0,1.0,,0.6,0.0,,0.056314889100356404,1.0,,0.07668815355137412,0.010000000000005116,px4,,0.27512250755953027,1.0,,25/25/25 Hz,1.0,1500,denied,41,25,0.028785774249815498,0.017033770272981492,0.26929728448586027,outage_window,0.2701520338152423
0.20359532280759832,1.0,1.0,,original,zero,60,1.0,1.0,,0.6,0.0,,0.11496854210084634,1.0,,0.16505324550512088,0.010000000000005116,px4,,0.2873971276351772,1.0,,25/25/25 Hz,1.0,2000,denied,41,40,0.15021394950789188,0.01530217072605104,0.26339958864841884,after_return,0.1948366931322524
0.2696976971939186,1.0,,,original,zero,60,1.0,,,0.6,0.0,,0.20963327790381395,,,0.3768643675538402,0.010000000000005116,ekf3,,0.2178020900790439,1.0,,25/25/25 Hz,1.0,4700,denied,41,13,0.24207680443402813,0.07002897893435363,0.059090094246855455,flight,0.20746395869855136
0.3442605888084601,1.0,,,original,zero,25,1.0,,,0.6,0.0,,0.1943644158768476,,,0.24025745768649778,0.010000000000001563,ekf3,,0.20130937875179558,1.0,,25/25/25 Hz,1.0,700,denied,41,18,0.2391817046859914,0.08003765921062399,0.05242079562812561,before_outage,0.3086445574369327
0.2858200444280903,1.0,,,original,zero,40,1.0,,,0.6,0.0,,0.17739257682140794,,,0.23993156737185392,0.010000000000005116,ekf3,,0.19245133697813702,1.0,,25/25/25 Hz,1.0,1500,denied,41,25,0.10155727960869682,0.07306516891610357,0.07462835113636997,outage_window,0.17839271674865176
0.16865668664108296,1.0,,,original,zero,60,1.0,,,0.6,0.0,,0.25058585027854124,,,0.3768643675538402,0.010000000000005116,ekf3,,0.25568525273237697,1.0,,25/25/25 Hz,1.0,2000,denied,41,40,0.24207680443402813,0.06731209843972394,0.0508102362226353,after_return,0.10015360890913831
0.3037465951620552,1.0,1.0,,original,zero,60,1.0,1.0,,0.6,0.8004255319148936,,0.04511230337094195,1.0,,0.11018910182677759,0.010000000000005116,px4,,0.4859810520429005,1.0,,25/25/25 Hz,1.0,4700,transition,41,13,0.0208330948173148,0.02017726935925597,0.4838826955257777,flight,0.29030378838106
0.2535333165148248,1.0,1.0,,original,zero,25,1.0,1.0,,0.6,1.0,,0.04761290879970381,1.0,,0.08178245469542994,0.010000000000001563,px4,,0.491228424215846,1.0,,25/25/25 Hz,1.0,700,transition,41,18,0.022042175340805163,0.02067469944382588,0.4889155097490918,before_outage,0.24023872818828138
0.24890820715564604,1.0,1.0,,original,zero,40,1.0,1.0,,0.6,0.46066666666666667,,0.03788234435698806,1.0,,0.06319774493081914,0.010000000000005116,px4,,0.5311773286903408,1.0,,25/25/25 Hz,1.0,1500,transition,41,25,0.03156040649871703,0.01741342830295512,0.5298247658430333,outage_window,0.23292075685215471
0.24266447660372398,1.0,1.0,,original,zero,60,1.0,1.0,,0.6,0.9355,,0.04942160038300989,1.0,,0.11018910182677759,0.010000000000005116,px4,,0.45040769035037764,1.0,,25/25/25 Hz,1.0,2000,transition,41,40,0.0208330948173148,0.021482144199763326,0.44768805316017063,after_return,0.2282330786351378
0.3980827965169758,1.0,,,original,zero,60,1.0,,,0.6,0.4238297872340426,,0.12759574117138223,,,0.39017780107905403,0.010000000000005116,ekf3,,0.13622334053558005,1.0,,25/25/25 Hz,1.0,4700,transition,41,13,0.015836706612755064,0.05548289432476866,0.047708755397707046,flight,0.35964938275710784
0.32861512465588,1.0,,,original,zero,25,1.0,,,0.6,0.0,,0.18253663622163727,,,0.24170967631224355,0.010000000000001563,ekf3,,0.18601698288127672,1.0,,25/25/25 Hz,1.0,700,transition,41,18,0.19870352542569755,0.078304809653097,0.03581472263110321,before_outage,0.2828710444120228
0.3014064810409492,1.0,,,original,zero,40,1.0,,,0.6,0.0,,0.15053196768621663,,,0.19905158084741903,0.010000000000005116,ekf3,,0.16459127982819796,1.0,,25/25/25 Hz,1.0,1500,transition,41,25,0.09414836699822811,0.06782454007582164,0.06656137092939117,outage_window,0.20796503892437643
0.4739262644592758,1.0,,,original,zero,60,1.0,,,0.6,0.996,,0.07806198210514553,,,0.39017780107905403,0.010000000000005116,ekf3,,0.08720162206165698,1.0,,25/25/25 Hz,1.0,2000,transition,41,40,0.015836706612755064,0.030401221386987958,0.038864506172084576,after_return,0.4555252928158303
0.3192404210627522,1.0,1.0,,original,nominal,60,1.0,1.0,,0.6,1.0,,0.0559563695682122,1.0,,0.13593680317770132,0.010000000000005116,px4,,0.5815664269319287,1.0,,25/25/25 Hz,1.0,4700,gps,41,13,0.022811844884715854,0.02266852232540909,0.5788682005768809,flight,0.31065760573912754
0.2570896773124769,1.0,1.0,,original,nominal,25,1.0,1.0,,0.6,1.0,,0.04864945673747649,1.0,,0.08330802067403813,0.010000000000001563,px4,,0.558388295213134,1.0,,25/25/25 Hz,1.0,700,gps,41,18,0.021682090832177443,0.02048497218227122,0.5562649715649715,before_outage,0.2476475067035532
0.34060668530554855,1.0,1.0,,original,nominal,40,1.0,1.0,,0.6,1.0,,0.06400357320235679,1.0,,0.13593680317770132,0.010000000000005116,px4,,0.606836529397936,1.0,,25/25/25 Hz,1.0,1500,gps,41,25,0.027704866804622624,0.025857212983944947,0.6034518340589101,outage_window,0.3330352576807415
0.1870738372864522,1.0,1.0,,original,nominal,60,1.0,1.0,,0.6,1.0,,0.054670139255694236,1.0,,0.10730199045629367,0.010000000000005116,px4,,0.5796613827257951,1.0,,25/25/25 Hz,1.0,2000,gps,41,40,0.022811844884715854,0.02092776456042735,0.5770775463465406,after_return,0.17563786134947654
0.39468311816332624,1.0,,,original,nominal,60,1.0,,,0.6,0.5612765957446808,,0.13061158026681952,,,0.7355321971593333,0.010000000000005116,ekf3,,0.1447848622834252,1.0,,25/25/25 Hz,1.0,4700,gps,41,13,0.01769850337984753,0.05464321122299384,0.06247616702899234,flight,0.3505244838526912
0.3254547169216074,1.0,,,original,nominal,25,1.0,,,0.6,0.0,,0.21933922417657248,,,0.25959022559938655,0.010000000000001563,ekf3,,0.2345019632073365,1.0,,25/25/25 Hz,1.0,700,gps,41,18,0.2044719709870986,0.07840505056688012,0.0829546592164315,before_outage,0.2259414535829246
0.3750805488811306,1.0,,,original,nominal,40,1.0,,,0.6,0.42533333333333334,,0.15239286017716974,,,0.7355321971593333,0.010000000000005116,ekf3,,0.16172566194942103,1.0,,25/25/25 Hz,1.0,1500,gps,41,25,0.019531216401059873,0.06221305531336247,0.05414430625652156,outage_window,0.309599929395162
0.443767379811158,1.0,,,original,nominal,60,1.0,,,0.6,1.0,,0.05851025589813473,,,0.11586833123128283,0.010000000000005116,ekf3,,0.08421603285755754,1.0,,25/25/25 Hz,1.0,2000,gps,41,40,0.01769850337984753,0.03309260497113427,0.06057136406751956,after_return,0.4235564154125115
0.4258313925251007,1.0,1.0,,original,nominal,60,1.0,1.0,,0.6,0.0,,0.09142816694026504,1.0,,0.17185854216486915,0.010000000000005116,px4,,0.30613343537522714,1.0,,25/25/25 Hz,1.0,4700,denied,41,13,0.1567253374247387,0.021563784618044677,0.29216189098611306,flight,0.41778918729397474
0.6241324936342679,1.0,1.0,,original,nominal,25,1.0,1.0,,0.6,0.0,,0.05639080157306756,1.0,,0.08500760225056728,0.010000000000001563,px4,,0.2767596694804664,1.0,,25/25/25 Hz,1.0,700,denied,41,18,0.08500760225056728,0.03117581138304485,0.2709538561247725,before_outage,0.6184413814465681
0.3121293511022899,1.0,1.0,,original,nominal,40,1.0,1.0,,0.6,0.0,,0.06305349032017907,1.0,,0.08631749844072488,0.010000000000005116,px4,,0.31084517755728397,1.0,,25/25/25 Hz,1.0,1500,denied,41,25,0.03606385869655828,0.017594314296242673,0.3043829524941607,outage_window,0.3014280303575298
0.20409027252612752,1.0,1.0,,original,nominal,60,1.0,1.0,,0.6,0.0,,0.12115123545260399,1.0,,0.17185854216486915,0.010000000000005116,px4,,0.32195896314649197,1.0,,25/25/25 Hz,1.0,2000,denied,41,40,0.1567253374247387,0.015222737317935737,0.2982950755521651,after_return,0.19684422833212234
0.2644956725387384,1.0,,,original,nominal,60,1.0,,,0.6,0.0,,0.19174339717548147,,,0.35729990523683564,0.010000000000005116,ekf3,,0.20064207674948978,1.0,,25/25/25 Hz,1.0,4700,denied,41,13,0.10732826093344916,0.06865110603061637,0.05909071502320563,flight,0.17468421722064303
0.3254547169216074,1.0,,,original,nominal,25,1.0,,,0.6,0.0,,0.21933922417657248,,,0.25959022559938655,0.010000000000001563,ekf3,,0.2345019632073365,1.0,,25/25/25 Hz,1.0,700,denied,41,18,0.2044719709870986,0.07840505056688012,0.0829546592164315,before_outage,0.2259414535829246
0.29453654160786474,1.0,,,original,nominal,40,1.0,,,0.6,0.0,,0.14558056425332194,,,0.22758715681002684,0.010000000000005116,ekf3,,0.1551594408610562,1.0,,25/25/25 Hz,1.0,1500,denied,41,25,0.06942829610405919,0.07133951229345739,0.053672631759584886,outage_window,0.1713717531812548
0.18897151440532375,1.0,,,original,nominal,60,1.0,,,0.6,0.0,,0.22639634324822702,,,0.35729990523683564,0.010000000000005116,ekf3,,0.23236861227620442,1.0,,25/25/25 Hz,1.0,2000,denied,41,40,0.10732826093344916,0.06511255388815196,0.05234374590149237,after_return,0.11060626802543481
0.3103819657707358,1.0,1.0,,original,nominal,60,1.0,1.0,,0.6,0.8029787234042554,,0.045570660451835936,1.0,,0.11093844069310799,0.010000000000005116,px4,,0.5528718716342597,1.0,,25/25/25 Hz,1.0,4700,transition,41,13,0.020723609219504665,0.02024292458289931,0.5509905819071255,flight,0.29998811531869235
0.2570896773124769,1.0,1.0,,original,nominal,25,1.0,1.0,,0.6,1.0,,0.04864945673747649,1.0,,0.08330802067403813,0.010000000000001563,px4,,0.558388295213134,1.0,,25/25/25 Hz,1.0,700,transition,41,18,0.021682090832177443,0.02048497218227122,0.5562649715649715,before_outage,0.2476475067035532
0.25401085124509093,1.0,1.0,,original,nominal,40,1.0,1.0,,0.6,0.4686666666666667,,0.03866633433964603,1.0,,0.06394895964426303,0.010000000000005116,px4,,0.5981150992831866,1.0,,25/25/25 Hz,1.0,1500,transition,41,25,0.03428457115977669,0.01751425300359555,0.5968639598595905,outage_window,0.241830788687057
0.24598392141288578,1.0,1.0,,original,nominal,60,1.0,1.0,,0.6,0.9355,,0.04961796178684931,1.0,,0.11093844069310799,0.010000000000005116,px4,,0.5170989449205781,1.0,,25/25/25 Hz,1.0,2000,transition,41,40,0.020723609219504665,0.021558159654867824,0.5147129070715963,after_return,0.23422322224413172
0.3747335713168283,1.0,,,original,nominal,60,1.0,,,0.6,0.4208510638297872,,0.1378082095452369,,,0.6854418769200508,0.010000000000005116,ekf3,,0.14892100180117118,1.0,,25/25/25 Hz,1.0,4700,transition,41,13,0.018097985997079156,0.06033900462359984,0.05644787116801224,flight,0.320433851345376
0.3254547169216074,1.0,,,original,nominal,25,1.0,,,0.6,0.0,,0.21933922417657248,,,0.25959022559938655,0.010000000000001563,ekf3,,0.2345019632073365,1.0,,25/25/25 Hz,1.0,700,transition,41,18,0.2044719709870986,0.07840505056688012,0.0829546592164315,before_outage,0.2259414535829246
0.29453654160786474,1.0,,,original,nominal,40,1.0,,,0.6,0.0,,0.14558056425332194,,,0.22758715681002684,0.010000000000005116,ekf3,,0.1551594408610562,1.0,,25/25/25 Hz,1.0,1500,transition,41,25,0.06942829610405919,0.07133951229345739,0.053672631759584886,outage_window,0.1713717531812548
0.44867400376552025,1.0,,,original,nominal,60,1.0,,,0.6,0.989,,0.09739301331046449,,,0.6854418769200508,0.010000000000005116,ekf3,,0.10727391685163878,1.0,,25/25/25 Hz,1.0,2000,transition,41,40,0.018097985997079156,0.04147317573114202,0.0449699254502384,after_return,0.4264005725609575
0.31461654804011707,1.0,1.0,,original,stress,60,1.0,1.0,,0.6,1.0,,0.055772638014174876,1.0,,0.13605524519416887,0.010000000000005116,px4,,0.5289907540875409,1.0,,25/25/25 Hz,1.0,4700,gps,41,13,0.022923571441396857,0.022698602575701218,0.5260424229651492,flight,0.3023263679737571
0.25409330694622123,1.0,1.0,,original,stress,25,1.0,1.0,,0.6,1.0,,0.047383673364947344,1.0,,0.08148153701832914,0.010000000000001563,px4,,0.5051473771904191,1.0,,25/25/25 Hz,1.0,700,gps,41,18,0.022042175340805163,0.020740075268870655,0.5029201330040423,before_outage,0.2393900400888946
0.3384103347121444,1.0,1.0,,original,stress,40,1.0,1.0,,0.6,1.0,,0.06397661542761676,1.0,,0.13605524519416887,0.010000000000005116,px4,,0.5543803704995506,1.0,,25/25/25 Hz,1.0,1500,gps,41,25,0.028040188927156127,0.02592840050975863,0.5506764820415394,outage_window,0.3273311591710828
0.18676060867545932,1.0,1.0,,original,stress,60,1.0,1.0,,0.6,1.0,,0.05462437653456121,1.0,,0.10647227319959102,0.010000000000005116,px4,,0.5275374894436492,1.0,,25/25/25 Hz,1.0,2000,gps,41,40,0.022923571441396857,0.02092428496289893,0.5247018012707014,after_return,0.17138615884240765
0.39147896355346756,1.0,,,original,stress,60,1.0,,,0.6,0.563404255319149,,0.12034020321342138,,,0.5235863175110117,0.010000000000005116,ekf3,,0.13549725617942865,1.0,,25/25/25 Hz,1.0,4700,gps,41,13,0.020043142138958248,0.057440135027433316,0.062271517748535364,flight,0.35679274429261687
0.21499299269627142,1.0,,,original,stress,25,1.0,,,0.6,0.0,,0.21486174840963382,,,0.2323106046812185,0.010000000000001563,ekf3,,0.22716916217640654,1.0,,25/25/25 Hz,1.0,700,gps,41,18,0.19481692730872477,0.07990735081794113,0.07375809999102279,before_outage,0.12355485759525835
0.3546088004786587,1.0,,,original,stress,40,1.0,,,0.6,0.432,,0.13043754865868773,,,0.5235863175110117,0.010000000000005116,ekf3,,0.14209007673568974,1.0,,25/25/25 Hz,1.0,1500,gps,41,25,0.018231855701355,0.06897541943837084,0.05635277993734353,outage_window,0.29358551872927574
0.4873444266345146,1.0,,,original,stress,60,1.0,,,0.6,1.0,,0.058958204924193486,,,0.1184108712468174,0.010000000000005116,ekf3,,0.08605888032552593,1.0,,25/25/25 Hz,1.0,2000,gps,41,40,0.020043142138958248,0.03453697741576685,0.062690198237045,after_return,0.4716512936928115
0.386701680578481,1.0,1.0,,original,stress,60,1.0,1.0,,0.6,0.0,,0.08606141370945708,1.0,,0.16573350259790184,0.010000000000005116,px4,,0.2794859220250632,1.0,,25/25/25 Hz,1.0,4700,denied,41,13,0.15084156191993045,0.020520973725041778,0.265905648079407,flight,0.37603253453861346
0.5618696585502467,1.0,1.0,,original,stress,25,1.0,1.0,,0.6,0.0,,0.05408894502547514,1.0,,0.07590665782927869,0.010000000000001563,px4,,0.25033731312559476,1.0,,25/25/25 Hz,1.0,700,denied,41,18,0.07590665782927869,0.028638056251430455,0.24442413213300604,before_outage,0.5537865796441349
0.28689430422682827,1.0,1.0,,original,stress,40,1.0,1.0,,0.6,0.0,,0.05675902831202091,1.0,,0.07733134096005585,0.010000000000005116,px4,,0.2837599877881097,1.0,,25/25/25 Hz,1.0,1500,denied,41,25,0.029449844713017904,0.017144097389184723,0.2780254365603682,outage_window,0.2724022210391415
0.2041823416138169,1.0,1.0,,original,stress,60,1.0,1.0,,0.6,0.0,,0.11553387396837589,1.0,,0.16573350259790184,0.010000000000005116,px4,,0.29567103164679165,1.0,,25/25/25 Hz,1.0,2000,denied,41,40,0.15084156191993045,0.01540107646005523,0.272164073530908,after_return,0.1947050684902435
0.21340558897360098,1.0,,,original,stress,60,1.0,,,0.6,0.0,,0.17346500886349722,,,0.31831140004119857,0.010000000000005116,ekf3,,0.1828211665004675,1.0,,25/25/25 Hz,1.0,4700,denied,41,13,0.08221214012360026,0.0695028868869504,0.05773620718906374,flight,0.12061164950188238
0.21499299269627142,1.0,,,original,stress,25,1.0,,,0.6,0.0,,0.21486174840963382,,,0.2323106046812185,0.010000000000001563,ekf3,,0.22716916217640654,1.0,,25/25/25 Hz,1.0,700,denied,41,18,0.19481692730872477,0.07990735081794113,0.07375809999102279,before_outage,0.12355485759525835
0.24739989948632243,1.0,,,original,stress,40,1.0,,,0.6,0.0,,0.12945233474126216,,,0.19495710647539521,0.010000000000005116,ekf3,,0.13983016685714542,1.0,,25/25/25 Hz,1.0,1500,denied,41,25,0.11195446646039174,0.07131837891499579,0.052863679339725626,outage_window,0.10968531343812363
0.18105965807066726,1.0,,,original,stress,60,1.0,,,0.6,0.0,,0.20086740784235055,,,0.31831140004119857,0.010000000000005116,ekf3,,0.20804936190314355,1.0,,25/25/25 Hz,1.0,2000,denied,41,40,0.08221214012360026,0.06741504953512198,0.05419244832077621,after_return,0.11447483285271007
0.30352835960659047,1.0,1.0,,original,stress,60,1.0,1.0,,0.6,0.8042553191489362,,0.04504616647134543,1.0,,0.110053067052872,0.010000000000005116,px4,,0.5004196520056615,1.0,,25/25/25 Hz,1.0,4700,transition,41,13,0.020938183148123325,0.02016851757151021,0.4983880726900507,flight,0.2890993115856395
0.25409330694622123,1.0,1.0,,original,stress,25,1.0,1.0,,0.6,1.0,,0.047383673364947344,1.0,,0.08148153701832914,0.010000000000001563,px4,,0.5051473771904191,1.0,,25/25/25 Hz,1.0,700,transition,41,18,0.022042175340805163,0.020740075268870655,0.5029201330040423,before_outage,0.2393900400888946
0.24793161703861763,1.0,1.0,,original,stress,40,1.0,1.0,,0.6,0.4726666666666667,,0.037809166422771864,1.0,,0.06316131814130375,0.010000000000005116,px4,,0.5451780308632194,1.0,,25/25/25 Hz,1.0,1500,transition,41,25,0.031110149720826787,0.01743054446214097,0.5438653806506831,outage_window,0.2306866121990957
0.24199374771165513,1.0,1.0,,original,stress,60,1.0,1.0,,0.6,0.9355,,0.049397040560494196,1.0,,0.110053067052872,0.010000000000005116,px4,,0.4655834180261371,1.0,,25/25/25 Hz,1.0,2000,transition,41,40,0.020938183148123325,0.0214311509211415,0.4629555610690573,after_return,0.22679642318542223
0.36030678143982,1.0,,,original,stress,60,1.0,,,0.6,0.4208510638297872,,0.1304941387410028,,,0.6854418769200508,0.010000000000005116,ekf3,,0.14149937279146202,1.0,,25/25/25 Hz,1.0,4700,transition,41,13,0.020340663785886923,0.06049771222463573,0.05471153675981922,flight,0.31591128826700005
0.21499299269627142,1.0,,,original,stress,25,1.0,,,0.6,0.0,,0.21486174840963382,,,0.2323106046812185,0.010000000000001563,ekf3,,0.22716916217640654,1.0,,25/25/25 Hz,1.0,700,transition,41,18,0.19481692730872477,0.07990735081794113,0.07375809999102279,before_outage,0.12355485759525835
0.24739989948632243,1.0,,,original,stress,40,1.0,,,0.6,0.0,,0.12945233474126216,,,0.19495710647539521,0.010000000000005116,ekf3,,0.13983016685714542,1.0,,25/25/25 Hz,1.0,1500,transition,41,25,0.11195446646039174,0.07131837891499579,0.052863679339725626,outage_window,0.10968531343812363
0.48045636996984,1.0,,,original,stress,60,1.0,,,0.6,0.989,,0.09825197838110465,,,0.6854418769200508,0.010000000000005116,ekf3,,0.10858635688152106,1.0,,25/25/25 Hz,1.0,2000,transition,41,40,0.020340663785886923,0.042352040871607356,0.04623359865941651,after_return,0.4620048719388033
0.3172121004960999,1.0,,49.8936170212766,held-out,zero,60,1.0,,99.87234042553192,0.85,,10.0,0.02955675222443959,,49.97872340425532,0.057903548905996145,0.010000000000005116,retrodiction,0,0.06655293484789325,1.0,1.0,100/50/50 Hz,1.0,4700,gps,101,13,0.04355757463993932,0.04272227203101925,0.05962961960981313,flight,0.2530409081487129
0.29312902066512836,1.0,,49.857142857142854,held-out,zero,25,1.0,,100.0,0.85,,10.0,0.03338348498987652,,50.0,0.0466392632600841,0.010000000000001563,retrodiction,0,0.05495331175439095,1.0,1.0,100/50/50 Hz,1.0,700,gps,101,18,0.03857434663294422,0.043430555240126206,0.043650995437744276,before_outage,0.2170035376645305
0.28016544425168727,1.0,,49.93333333333333,held-out,zero,40,1.0,,100.0,0.85,,10.0,0.027278557715111847,,50.0,0.04276717928239231,0.010000000000005116,retrodiction,0,0.06816979565556132,1.0,1.0,100/50/50 Hz,1.0,1500,gps,101,25,0.02898757519131257,0.04200355652202172,0.06247400522380728,outage_window,0.2099654487938456
0.3016060675658108,1.0,,49.95,held-out,zero,60,1.0,,100.0,0.85,,10.0,0.030969400903120912,,49.95,0.057903548905996145,0.010000000000005116,retrodiction,0,0.0719295650169285,1.0,1.0,100/50/50 Hz,1.0,2000,gps,101,40,0.04355757463993932,0.042623291580540096,0.0649211716716998,after_return,0.24205688910465414
0.3025158411510877,1.0,,49.8936170212766,held-out,zero,60,1.0,,99.85106382978724,0.85,,10.0,0.03103562471684129,,49.97872340425532,0.07004006396778335,0.010000000000005116,horizon,0,0.09768826841241131,1.0,1.0,100/50/50 Hz,1.0,4700,gps,101,13,0.032217760617998074,0.044067110550242,0.09262714388261525,flight,0.23633708183214533
0.2930236597753345,1.0,,49.857142857142854,held-out,zero,25,1.0,,100.0,0.85,,10.0,0.03595788628709526,,50.0,0.06312601197092231,0.010000000000001563,horizon,0,0.07942010235558478,1.0,1.0,100/50/50 Hz,1.0,700,gps,101,18,0.052816866768335954,0.04583074383857022,0.0708137209298868,before_outage,0.21588304791370716
0.2811812892231331,1.0,,49.93333333333333,held-out,zero,40,1.0,,100.0,0.85,,10.0,0.028670139019254057,,50.0,0.058732045314794305,0.010000000000005116,horizon,0,0.09652856347227663,1.0,1.0,100/50/50 Hz,1.0,1500,gps,101,25,0.01951084712342275,0.04300429376611588,0.09217259188412782,outage_window,0.21188722342765332
0.3025989344723836,1.0,,49.95,held-out,zero,60,1.0,,100.0,0.85,,10.0,0.03173888284564026,,49.95,0.07004006396778335,0.010000000000005116,horizon,0,0.10750894488816282,1.0,1.0,100/50/50 Hz,1.0,2000,gps,101,40,0.032217760617998074,0.043512344696861674,0.10271716773099204,after_return,0.2419051047490833
0.4805342864579459,1.0,,49.8936170212766,held-out,zero,60,1.0,,99.87234042553192,0.85,,0.0,0.3363048180566704,,49.97872340425532,0.44807468113119064,0.010000000000005116,retrodiction,0,0.34193031014903374,1.0,1.0,100/50/50 Hz,1.0,4700,denied,101,13,0.4317696265683607,0.04397656815786082,0.06176897563084721,flight,0.42094688734047425
0.5600088584192948,1.0,,49.857142857142854,held-out,zero,25,1.0,,100.0,0.85,,0.0,0.30443388612756994,,50.0,0.3467724024989076,0.010000000000001563,retrodiction,0,0.30787746413080475,1.0,1.0,100/50/50 Hz,1.0,700,denied,101,18,0.2571980923116115,0.050562649321767336,0.04591886210350566,before_outage,0.5037192772966561
0.41764178690098164,1.0,,49.93333333333333,held-out,zero,40,1.0,,100.0,0.85,,0.0,0.32893908234882185,,50.0,0.4412493937995247,0.010000000000005116,retrodiction,0,0.33529212842054323,1.0,1.0,100/50/50 Hz,1.0,1500,denied,101,25,0.35899387215579914,0.04373146998807486,0.0649606918397044,outage_window,0.34557612968924123
0.4193786388488168,1.0,,50.0,held-out,zero,60,1.0,,100.0,0.85,,0.0,0.3678925694518898,,49.95,0.44807468113119064,0.010000000000005116,retrodiction,0,0.37392242880643917,1.0,1.0,100/50/50 Hz,1.0,2000,denied,101,40,0.4317696265683607,0.03893727946529713,0.06688079026591266,after_return,0.362632790108471
0.46110012345697043,1.0,,49.8936170212766,held-out,zero,60,1.0,,99.85106382978724,0.85,,0.0,0.32535268356924457,,49.97872340425532,0.46063304650969433,0.010000000000005116,horizon,0,0.3399563647790461,1.0,1.0,100/50/50 Hz,1.0,4700,denied,101,13,0.4332756354757494,0.04511648685852592,0.09856957567157758,flight,0.4005262217483394
0.5403001756993402,1.0,,49.857142857142854,held-out,zero,25,1.0,,100.0,0.85,,0.0,0.3120492330342857,,50.0,0.37264052542551435,0.010000000000001563,horizon,0,0.3216130337123985,1.0,1.0,100/50/50 Hz,1.0,700,denied,101,18,0.24493232140129323,0.051424746417047904,0.07784741239377466,before_outage,0.48430998235807343
0.3991128082142536,1.0,,49.93333333333333,held-out,zero,40,1.0,,100.0,0.85,,0.0,0.32445016460921017,,50.0,0.4448475646654992,0.010000000000005116,horizon,0,0.3391965412541881,1.0,1.0,100/50/50 Hz,1.0,1500,denied,101,25,0.34226576118437124,0.045164552657094834,0.09892615571152309,outage_window,0.32509512302004384
0.4052851283297565,1.0,,50.0,held-out,zero,60,1.0,,100.0,0.85,,0.0,0.3516148804095576,,49.95,0.46063304650969433,0.010000000000005116,horizon,0,0.36808274597783347,1.0,1.0,100/50/50 Hz,1.0,2000,denied,101,40,0.4332756354757494,0.03951699559900229,0.10886635734309662,after_return,0.3470860748185371
0.3077340291253339,1.0,,49.8936170212766,held-out,zero,60,1.0,,99.87234042553192,0.85,,6.808510638297872,0.030402577696237148,,49.97872340425532,0.07308123700771715,0.010000000000005116,retrodiction,0,0.06768450847414086,1.0,1.0,100/50/50 Hz,1.0,4700,transition,101,13,0.044256566506873644,0.04205437936806206,0.06047210891651051,flight,0.24076809153073792
0.29312902066512836,1.0,,49.857142857142854,held-out,zero,25,1.0,,100.0,0.85,,10.0,0.03338348498987652,,50.0,0.0466392632600841,0.010000000000001563,retrodiction,0,0.05495331175439095,1.0,1.0,100/50/50 Hz,1.0,700,transition,101,18,0.03857434663294422,0.043430555240126206,0.043650995437744276,before_outage,0.2170035376645305
0.21478035809730417,1.0,,49.93333333333333,held-out,zero,40,1.0,,100.0,0.85,,0.0,0.02459176508046567,,50.0,0.045087103823277394,0.010000000000005116,retrodiction,0,0.06946077147433773,1.0,1.0,100/50/50 Hz,1.0,1500,transition,101,25,0.029373967381225743,0.039496299032255586,0.06496186469027315,outage_window,0.11772025112474958
0.3183049763875714,1.0,,49.95,held-out,zero,60,1.0,,100.0,0.85,,10.0,0.034391975012353776,,49.95,0.07308123700771715,0.010000000000005116,retrodiction,0,0.07346814252909381,1.0,1.0,100/50/50 Hz,1.0,2000,transition,101,40,0.044256566506873644,0.04285953598057084,0.06492118314868328,after_return,0.25888242029142267
0.2871178084218463,1.0,,49.8936170212766,held-out,zero,60,1.0,,99.85106382978724,0.85,,6.808510638297872,0.0319872932060743,,49.97872340425532,0.08006185475284737,0.010000000000005116,horizon,0,0.10011795123506377,1.0,1.0,100/50/50 Hz,1.0,4700,transition,101,13,0.032985809902786434,0.04345612919521229,0.09487052878979457,flight,0.21721112265790077
0.2930236597753345,1.0,,49.857142857142854,held-out,zero,25,1.0,,100.0,0.85,,10.0,0.03595788628709526,,50.0,0.06312601197092231,0.010000000000001563,horizon,0,0.07942010235558478,1.0,1.0,100/50/50 Hz,1.0,700,transition,101,18,0.052816866768335954,0.04583074383857022,0.0708137209298868,before_outage,0.21588304791370716
0.1994672327646629,1.0,,49.93333333333333,held-out,zero,40,1.0,,100.0,0.85,,0.13333333333333333,0.026707554443952574,,50.0,0.058732045314794305,0.010000000000005116,horizon,0,0.10251217263657018,1.0,1.0,100/50/50 Hz,1.0,1500,transition,101,25,0.03230353749289391,0.04110009339999837,0.09897197620687019,outage_window,0.0950805686921457
0.31573217232301154,1.0,,49.95,held-out,zero,60,1.0,,100.0,0.85,,9.9,0.03506871844676042,,49.95,0.08006185475284737,0.010000000000005116,horizon,0,0.10860184957262048,1.0,1.0,100/50/50 Hz,1.0,2000,transition,101,40,0.032985809902786434,0.043448491754554966,0.10278398083892223,after_return,0.25499962930420456
0.35800105466453025,1.0,,49.8936170212766,held-out,nominal,60,1.0,,99.82978723404256,0.85,,10.0,0.03633492967588657,,49.97872340425532,0.08566084626199921,0.010000000000005116,retrodiction,0,0.07011480494944883,1.0,1.0,100/50/50 Hz,1.0,4700,gps,101,13,0.03208381947088445,0.03361379036226248,0.05996547972415155,flight,0.29434166141833784
0.30079241393674216,1.0,,49.857142857142854,held-out,nominal,25,1.0,,100.0,0.85,,10.0,0.036192863733840654,,50.0,0.06723738550236597,0.010000000000001563,retrodiction,0,0.057141011705781675,1.0,1.0,100/50/50 Hz,1.0,700,gps,101,18,0.010674543063800142,0.03389348421077584,0.04421732503786179,before_outage,0.2250327316864364
0.34429588461454474,1.0,,49.93333333333333,held-out,nominal,40,1.0,,100.0,0.85,,10.0,0.036549984770989204,,50.0,0.07255171592835956,0.010000000000005116,retrodiction,0,0.07225868750168707,1.0,1.0,100/50/50 Hz,1.0,1500,gps,101,25,0.03598473140356044,0.032192363639442605,0.062333109441988575,outage_window,0.28084072874241944
0.3047672264874998,1.0,,49.95,held-out,nominal,60,1.0,,100.0,0.85,,10.0,0.03551769805295509,,49.95,0.07957628527052475,0.010000000000005116,retrodiction,0,0.07443598912791224,1.0,1.0,100/50/50 Hz,1.0,2000,gps,101,40,0.03208381947088445,0.03180007059756978,0.06541566786687865,after_return,0.24577783766678568
0.30252922273875954,1.0,,49.8936170212766,held-out,nominal,60,1.0,,99.85106382978724,0.85,,10.0,0.031035060481880664,,49.97872340425532,0.07003985494608765,0.010000000000005116,horizon,0,0.09724104260007213,1.0,1.0,100/50/50 Hz,1.0,4700,gps,101,13,0.032217792798751026,0.04406706384227138,0.09215554995134614,flight,0.2363516013650852
0.29302229883358294,1.0,,49.857142857142854,held-out,nominal,25,1.0,,100.0,0.85,,10.0,0.035957139270795566,,50.0,0.06312476171886157,0.010000000000001563,horizon,0,0.07900517368438859,1.0,1.0,100/50/50 Hz,1.0,700,gps,101,18,0.05281442797775077,0.045830379120489304,0.07034843000636913,before_outage,0.21588153595542137
0.28118157159054696,1.0,,49.93333333333333,held-out,nominal,40,1.0,,100.0,0.85,,10.0,0.028669380037798245,,50.0,0.0587299500614359,0.010000000000005116,horizon,0,0.09607782922836654,1.0,1.0,100/50/50 Hz,1.0,1500,gps,101,25,0.019510312032667124,0.04300429911323637,0.09170068657040392,outage_window,0.21188758120070114
0.3025990155611078,1.0,,49.95,held-out,nominal,60,1.0,,100.0,0.85,,10.0,0.03173838853642348,,49.95,0.07003985494608765,0.010000000000005116,horizon,0,0.10704940665732707,1.0,1.0,100/50/50 Hz,1.0,2000,gps,101,40,0.032217792798751026,0.04351232937293003,0.10223624679533577,after_return,0.24190526546480415
0.47648114224236704,1.0,,49.87234042553192,held-out,nominal,60,1.0,,99.8936170212766,0.85,,0.0,0.31994281576740874,,49.97872340425532,0.45000948736448815,0.010000000000005116,retrodiction,0,0.32592223271963044,1.0,1.0,100/50/50 Hz,1.0,4700,denied,101,13,0.43612781404970574,0.044657374325673016,0.06214415837205383,flight,0.4172560056958407
0.5786226784335501,1.0,,49.857142857142854,held-out,nominal,25,1.0,,100.0,0.85,,0.0,0.28384455516504525,,50.0,0.3350129273941718,0.010000000000001563,retrodiction,0,0.28756997193035677,1.0,1.0,100/50/50 Hz,1.0,700,denied,101,18,0.23523342789084017,0.051942981291380086,0.046138457485960224,before_outage,0.5222552663431589
0.4054564588705951,1.0,,49.86666666666667,held-out,nominal,40,1.0,,100.0,0.85,,0.0,0.3070811171796141,,50.0,0.433638344175707,0.010000000000005116,retrodiction,0,0.3140127051162501,1.0,1.0,100/50/50 Hz,1.0,1500,denied,101,25,0.34469211360521,0.044228966536985104,0.06561376719976665,outage_window,0.3334236602107259
0.39708168267037863,1.0,,50.0,held-out,nominal,60,1.0,,100.0,0.85,,0.0,0.3577272472314105,,49.95,0.45000948736448815,0.010000000000005116,retrodiction,0,0.36398097515631544,1.0,1.0,100/50/50 Hz,1.0,2000,denied,101,40,0.43612781404970574,0.03863630195319226,0.06718159617022862,after_return,0.34020148467354006
0.4601879065164308,1.0,,49.8936170212766,held-out,nominal,60,1.0,,99.85106382978724,0.85,,0.0,0.32368721341990203,,49.97872340425532,0.45877458394643567,0.010000000000005116,horizon,0,0.3382250985023616,1.0,1.0,100/50/50 Hz,1.0,4700,denied,101,13,0.43144397469367085,0.04508889679509321,0.09809589759715241,flight,0.3996320165817664
0.5391770057672718,1.0,,49.857142857142854,held-out,nominal,25,1.0,,100.0,0.85,,0.0,0.31025717729085706,,50.0,0.3707698575332908,0.010000000000001563,horizon,0,0.31976302885547886,1.0,1.0,100/50/50 Hz,1.0,700,denied,101,18,0.24323336114974703,0.051383978327181404,0.07738784505553499,before_outage,0.48322068256790374
0.39819270899630477,1.0,,49.93333333333333,held-out,nominal,40,1.0,,100.0,0.85,,0.0,0.3227297861934515,,50.0,0.4430543502780149,0.010000000000005116,horizon,0,0.3374131635427421,1.0,1.0,100/50/50 Hz,1.0,1500,denied,101,25,0.3406333512256605,0.045137973430468145,0.0984536847225654,outage_window,0.3241574672719055
0.40454531363645374,1.0,,50.0,held-out,nominal,60,1.0,,100.0,0.85,,0.0,0.3499595681210221,,49.95,0.45877458394643567,0.010000000000005116,horizon,0,0.366357137493087,1.0,1.0,100/50/50 Hz,1.0,2000,denied,101,40,0.43144397469367085,0.03949788614623285,0.10837828598329265,after_return,0.3463552970558715
0.35692056058472077,1.0,,49.87234042553192,held-out,nominal,60,1.0,,99.82978723404256,0.85,,6.808510638297872,0.03412188414219643,,49.97872340425532,0.10280776205828138,0.010000000000005116,retrodiction,0,0.06993271726681417,1.0,1.0,100/50/50 Hz,1.0,4700,transition,101,13,0.032251591925922155,0.036934086767503205,0.061043279457338236,flight,0.29465519074396307
0.30079241393674216,1.0,,49.857142857142854,held-out,nominal,25,1.0,,100.0,0.85,,10.0,0.036192863733840654,,50.0,0.06723738550236597,0.010000000000001563,retrodiction,0,0.057141011705781675,1.0,1.0,100/50/50 Hz,1.0,700,transition,101,18,0.010674543063800142,0.03389348421077584,0.04421732503786179,before_outage,0.2250327316864364
0.3369918435765639,1.0,,49.86666666666667,held-out,nominal,40,1.0,,100.0,0.85,,0.06666666666666667,0.020158042770406028,,50.0,0.039676665866903923,0.010000000000005116,retrodiction,0,0.06855325384727524,1.0,1.0,100/50/50 Hz,1.0,1500,transition,101,25,0.01704687110161315,0.04192526311444107,0.06552252990167153,outage_window,0.276570365871018
0.30789588555033914,1.0,,49.95,held-out,nominal,60,1.0,,100.0,0.85,,9.95,0.03990302214777428,,49.95,0.10280776205828138,0.010000000000005116,retrodiction,0,0.07662973492472065,1.0,1.0,100/50/50 Hz,1.0,2000,transition,101,40,0.032251591925922155,0.0319479828748746,0.06542067790926037,after_return,0.2502518242027932
0.2871338405988339,1.0,,49.8936170212766,held-out,nominal,60,1.0,,99.85106382978724,0.85,,6.808510638297872,0.031986714447893375,,49.97872340425532,0.08006081536005788,0.010000000000005116,horizon,0,0.09967064696099966,1.0,1.0,100/50/50 Hz,1.0,4700,transition,101,13,0.032985809902786434,0.04345435040968449,0.0943985591227597,flight,0.21722854485531107
0.29302229883358294,1.0,,49.857142857142854,held-out,nominal,25,1.0,,100.0,0.85,,10.0,0.035957139270795566,,50.0,0.06312476171886157,0.010000000000001563,horizon,0,0.07900517368438859,1.0,1.0,100/50/50 Hz,1.0,700,transition,101,18,0.05281442797775077,0.045830379120489304,0.07034843000636913,before_outage,0.21588153595542137
0.199473766827557,1.0,,49.93333333333333,held-out,nominal,40,1.0,,100.0,0.85,,0.13333333333333333,0.026705646999886246,,50.0,0.0587299500614359,0.010000000000005116,horizon,0,0.10205472321487236,1.0,1.0,100/50/50 Hz,1.0,1500,transition,101,25,0.03230420958889246,0.0410943046103544,0.09849860379102678,outage_window,0.09508870130435536
0.31573347363757087,1.0,,49.95,held-out,nominal,60,1.0,,100.0,0.85,,9.9,0.03506882805676565,,49.95,0.08006081536005788,0.010000000000005116,horizon,0,0.10814663029424765,1.0,1.0,100/50/50 Hz,1.0,2000,transition,101,40,0.032985809902786434,0.043448517547922956,0.10230283936785767,after_return,0.2550009819953062
0.42331799062081893,1.0,,49.87234042553192,held-out,stress,60,1.0,,99.7872340425532,0.85,,10.0,0.045395741965239995,,49.97872340425532,0.10555786390000259,0.010000000000005116,retrodiction,0,0.07529776680624932,1.0,1.0,100/50/50 Hz,1.0,4700,gps,101,13,0.04258105719928152,0.03680614132676879,0.06007478920007669,flight,0.3604190199394962
0.4471949026948732,1.0,,49.857142857142854,held-out,stress,25,1.0,,100.0,0.85,,10.0,0.05437316837117128,,50.0,0.0938117467893823,0.010000000000001563,retrodiction,0,0.07026553718914298,1.0,1.0,100/50/50 Hz,1.0,700,gps,101,18,0.03625343314201473,0.03952092075239353,0.04450622740425317,before_outage,0.376445552547672
0.4503562644041257,1.0,,49.86666666666667,held-out,stress,40,1.0,,100.0,0.85,,10.0,0.047370723981222926,,50.0,0.0871239533194463,0.010000000000005116,retrodiction,0,0.07857203655883296,1.0,1.0,100/50/50 Hz,1.0,1500,gps,101,25,0.04882290223488499,0.03651733471865542,0.06268635767451619,outage_window,0.39136859822505654
0.3117192621400679,1.0,,50.0,held-out,stress,60,1.0,,100.0,0.85,,10.0,0.03937928643296079,,49.95,0.09872046087791446,0.010000000000005116,retrodiction,0,0.07611043511507425,1.0,1.0,100/50/50 Hz,1.0,2000,gps,101,40,0.04258105719928152,0.032084613071574314,0.0651311763553888,after_return,0.25154843381557296
0.30172510251901286,1.0,,49.8936170212766,held-out,stress,60,1.0,,99.85106382978724,0.85,,10.0,0.031043334107814,,49.97872340425532,0.07003554902412097,0.010000000000005116,horizon,0,0.07583832251886233,1.0,1.0,100/50/50 Hz,1.0,4700,gps,101,13,0.03221491229377098,0.04406948421807358,0.06919365989702823,flight,0.2354817012750556
0.29305387266307464,1.0,,49.857142857142854,held-out,stress,25,1.0,,100.0,0.85,,10.0,0.03598646321507759,,50.0,0.06314816801705185,0.010000000000001563,horizon,0,0.06015123941752199,1.0,1.0,100/50/50 Hz,1.0,700,gps,101,18,0.05283565143354269,0.04585152241624568,0.04819902559942388,before_outage,0.21591573692793478
0.28116098551404844,1.0,,49.93333333333333,held-out,stress,40,1.0,,100.0,0.85,,10.0,0.028674408659356658,,50.0,0.058751051184514055,0.010000000000005116,horizon,0,0.07444567454037246,1.0,1.0,100/50/50 Hz,1.0,1500,gps,101,25,0.019501388073848568,0.04300748292823271,0.06870179579754282,outage_window,0.2118612448788778
0.3025988730811355,1.0,,49.95,held-out,stress,60,1.0,,100.0,0.85,,10.0,0.031734023903687035,,49.95,0.07003554902412097,0.010000000000005116,horizon,0,0.08474759445798054,1.0,1.0,100/50/50 Hz,1.0,2000,gps,101,40,0.03221491229377098,0.043512609084792646,0.07858184582519397,after_return,0.24190436970524984
0.7056367541865274,1.0,,49.87234042553192,held-out,stress,60,1.0,,99.87234042553192,0.85,,0.0,0.46206100844133735,,49.97872340425532,0.6420348766352041,0.010000000000005116,retrodiction,0,0.46625282224414966,1.0,1.0,100/50/50 Hz,1.0,4700,denied,101,13,0.6001267905640454,0.053843879376027214,0.062380435465048206,flight,0.6357142007232756
0.8243453565578595,1.0,,49.857142857142854,held-out,stress,25,1.0,,100.0,0.85,,0.0,0.27441024632474914,,50.0,0.39337605379388624,0.010000000000001563,retrodiction,0,0.27836598949773905,1.0,1.0,100/50/50 Hz,1.0,700,denied,101,18,0.3800584229303849,0.06245509033777626,0.04676153142323165,before_outage,0.7547775925450697
0.6611295442119756,1.0,,49.86666666666667,held-out,stress,40,1.0,,100.0,0.85,,0.0,0.4299934468999918,,50.0,0.5876562854137747,0.010000000000005116,retrodiction,0,0.43496396546798743,1.0,1.0,100/50/50 Hz,1.0,1500,denied,101,25,0.5741235173416389,0.05372446044894227,0.06556894751862773,outage_window,0.5825559741560464
0.6340006618452104,1.0,,50.0,held-out,stress,60,1.0,,100.0,0.85,,0.0,0.5582005442973461,,49.95,0.6420348766352041,0.010000000000005116,retrodiction,0,0.5622824657816922,1.0,1.0,100/50/50 Hz,1.0,2000,denied,101,40,0.6001267905640454,0.04672707243783988,0.06762931074383671,after_return,0.5682192817524093
0.45404765778150125,1.0,,49.8936170212766,held-out,stress,60,1.0,,99.85106382978724,0.85,,0.0,0.3362527379829317,,49.97872340425532,0.4621021128870969,0.010000000000005116,horizon,0,0.34454279548330063,1.0,1.0,100/50/50 Hz,1.0,4700,denied,101,13,0.4381586224237946,0.04492582634963536,0.07512545586170766,flight,0.3936043575792921
0.5315932498566063,1.0,,49.857142857142854,held-out,stress,25,1.0,,100.0,0.85,,0.0,0.3097861088242199,,50.0,0.3631945339297334,0.010000000000001563,horizon,0,0.3147787949219285,1.0,1.0,100/50/50 Hz,1.0,700,denied,101,18,0.2579471955399665,0.05115159935138038,0.05584135127349696,before_outage,0.47585857236408113
0.39214329039198736,1.0,,49.93333333333333,held-out,stress,40,1.0,,100.0,0.85,,0.0,0.3301654120473516,,50.0,0.45103124236112097,0.010000000000005116,horizon,0,0.33869919838497775,1.0,1.0,100/50/50 Hz,1.0,1500,denied,101,25,0.36334266736825943,0.04498307039757339,0.07555096077634664,outage_window,0.3179803881490756
0.3995387923729002,1.0,,50.0,held-out,stress,60,1.0,,100.0,0.85,,0.0,0.366797235570343,,49.95,0.4621021128870969,0.010000000000005116,horizon,0,0.3763805103758327,1.0,1.0,100/50/50 Hz,1.0,2000,denied,101,40,0.4381586224237946,0.039375832604907055,0.08439239639165717,after_return,0.34140347948916033
0.36941423924393696,1.0,,49.851063829787236,held-out,stress,60,1.0,,99.7872340425532,0.85,,6.808510638297872,0.04107661201896509,,49.97872340425532,0.11772989902714241,0.010000000000005116,retrodiction,0,0.07387807288715657,1.0,1.0,100/50/50 Hz,1.0,4700,transition,101,13,0.046007073135521465,0.0391536408550779,0.0614058759286392,flight,0.30447735266765374
0.4471949026948732,1.0,,49.857142857142854,held-out,stress,25,1.0,,100.0,0.85,,10.0,0.05437316837117128,,50.0,0.0938117467893823,0.010000000000001563,retrodiction,0,0.07026553718914298,1.0,1.0,100/50/50 Hz,1.0,700,transition,101,18,0.03625343314201473,0.03952092075239353,0.04450622740425317,before_outage,0.376445552547672
0.2880246805683178,1.0,,49.86666666666667,held-out,stress,40,1.0,,100.0,0.85,,0.06666666666666667,0.02732052306360121,,50.0,0.048095956853490815,0.010000000000005116,retrodiction,0,0.07094842045759737,1.0,1.0,100/50/50 Hz,1.0,1500,transition,101,25,0.032012576890665556,0.04381521330001228,0.0654772279877459,outage_window,0.22153641741543534
0.29435929266663097,1.0,,49.95,held-out,stress,60,1.0,,100.0,0.85,,9.95,0.042381818607677174,,49.95,0.11772989902714241,0.010000000000005116,retrodiction,0,0.07842206819345802,1.0,1.0,100/50/50 Hz,1.0,2000,transition,101,40,0.046007073135521465,0.03176115644861994,0.06598334813606634,after_return,0.23224048691386417
0.2861854342877305,1.0,,49.8936170212766,held-out,stress,60,1.0,,99.85106382978724,0.85,,6.808510638297872,0.032013381177348345,,49.97872340425532,0.08007117293015262,0.010000000000005116,horizon,0,0.07830082026399408,1.0,1.0,100/50/50 Hz,1.0,4700,transition,101,13,0.03298221861699545,0.04344724842111974,0.0714574130486691,flight,0.21619890274830209
0.29305387266307464,1.0,,49.857142857142854,held-out,stress,25,1.0,,100.0,0.85,,10.0,0.03598646321507759,,50.0,0.06314816801705185,0.010000000000001563,horizon,0,0.06015123941752199,1.0,1.0,100/50/50 Hz,1.0,700,transition,101,18,0.05283565143354269,0.04585152241624568,0.04819902559942388,before_outage,0.21591573692793478
0.19909205094992036,1.0,,49.93333333333333,held-out,stress,40,1.0,,100.0,0.85,,0.13333333333333333,0.026774220475666088,,50.0,0.058751051184514055,0.010000000000005116,horizon,0,0.08014362984733568,1.0,1.0,100/50/50 Hz,1.0,1500,transition,101,25,0.03221275515862135,0.04106876639060384,0.07553901325161178,outage_window,0.09461554492024923
0.31568500555526874,1.0,,49.95,held-out,stress,60,1.0,,100.0,0.85,,9.9,0.03506872043493313,,49.95,0.08007117293015262,0.010000000000005116,horizon,0,0.08610171712010148,1.0,1.0,100/50/50 Hz,1.0,2000,transition,101,40,0.03298221861699545,0.04344681182179974,0.0786364453551054,after_return,0.25495062872370045
0.3494030911870165,1.0,,49.91489361702128,held-out,zero,60,1.0,,99.68085106382979,0.85,,10.0,0.0493875356270481,,50.0,0.0864912685033751,0.010000000000005116,retrodiction,0,0.062106785442700894,1.0,1.0,100/50/50 Hz,1.0,4700,gps,307,13,0.0241474223187314,0.042430946617869725,0.03765798882989822,flight,0.2894326997638103
0.35213017561960325,1.0,,49.857142857142854,held-out,zero,25,1.0,,100.0,0.85,,10.0,0.06391249457580404,,50.0,0.0864912685033751,0.010000000000001563,retrodiction,0,0.07077801365407102,1.0,1.0,100/50/50 Hz,1.0,700,gps,307,18,0.0864912685033751,0.04395003990652122,0.030409213306392558,before_outage,0.2846752904028817
0.28098103415122183,1.0,,49.86666666666667,held-out,zero,40,1.0,,100.0,0.85,,10.0,0.05578839808002774,,50.0,0.0845089732681163,0.010000000000005116,retrodiction,0,0.06684731963405302,1.0,1.0,100/50/50 Hz,1.0,1500,gps,307,25,0.035053881725759475,0.041568348593239365,0.03682687580995172,outage_window,0.2162972940394843
0.34449032103529537,1.0,,50.0,held-out,zero,60,1.0,,99.95,0.85,,10.0,0.03692313661814704,,50.0,0.06137245769482105,0.010000000000005116,retrodiction,0,0.05552359022590592,1.0,1.0,100/50/50 Hz,1.0,2000,gps,307,40,0.0241474223187314,0.04266158529582018,0.04146746982698564,after_return,0.28788725612886057
0.3755490142856246,1.0,,49.91489361702128,held-out,zero,60,1.0,,99.59574468085107,0.85,,10.0,0.05078914080624378,,50.0,0.0949746369940346,0.010000000000005116,horizon,0,0.06420321182923706,1.0,1.0,100/50/50 Hz,1.0,4700,gps,307,13,0.020807875321010052,0.04384525726361656,0.03927487218761416,flight,0.3167484933551553
0.3530079109314279,1.0,,49.857142857142854,held-out,zero,25,1.0,,99.85714285714286,0.85,,10.0,0.064756373575159,,50.0,0.09010788070690515,0.010000000000001563,horizon,0,0.07191292115873651,1.0,1.0,100/50/50 Hz,1.0,700,gps,307,18,0.08211760799170822,0.045006348331570405,0.031274275546798895,before_outage,0.28569461824149506
0.2850699686882877,1.0,,49.86666666666667,held-out,zero,40,1.0,,100.0,0.85,,10.0,0.05748949579135637,,50.0,0.0949746369940346,0.010000000000005116,horizon,0,0.06855165846006599,1.0,1.0,100/50/50 Hz,1.0,1500,gps,307,25,0.03236022533586541,0.042751334617555474,0.03734016271096252,outage_window,0.21813554198744808
0.34450127388310947,1.0,,50.0,held-out,zero,60,1.0,,99.95,0.85,,10.0,0.03802767833264209,,50.0,0.07221723351182412,0.010000000000005116,horizon,0,0.05710933703390129,1.0,1.0,100/50/50 Hz,1.0,2000,gps,307,40,0.020807875321010052,0.04399815902675384,0.04260718316294604,after_return,0.287897778131027
0.5837980932356196,1.0,,49.95744680851064,held-out,zero,60,1.0,,99.68085106382979,0.85,,0.0,0.24982455833659994,,50.0,0.34105229587658803,0.010000000000005116,retrodiction,0,0.25285361450949,1.0,1.0,100/50/50 Hz,1.0,4700,denied,307,13,0.2198095524943761,0.045651591444238165,0.03902102538935325,flight,0.5195003967888258
0.7746309825150455,1.0,,49.857142857142854,held-out,zero,25,1.0,,99.85714285714286,0.85,,0.0,0.28163935010266755,,50.0,0.34105229587658803,0.010000000000001563,retrodiction,0,0.2836166387791561,1.0,1.0,100/50/50 Hz,1.0,700,denied,307,18,0.18367715661989917,0.05587753260502354,0.033431635708313735,before_outage,0.692926682641389
0.3986638275899833,1.0,,49.93333333333333,held-out,zero,40,1.0,,100.0,0.85,,0.0,0.253742524587542,,50.0,0.32496193286562824,0.010000000000005116,retrodiction,0,0.2564854440205141,1.0,1.0,100/50/50 Hz,1.0,1500,denied,307,25,0.2674511738456541,0.041623809280933136,0.0374100816671244,outage_window,0.344895647497268
0.2531189954945696,1.0,,50.0,held-out,zero,60,1.0,,99.95,0.85,,0.0,0.23837181189753073,,50.0,0.31084893188840756,0.010000000000005116,retrodiction,0,0.24231192988789893,1.0,1.0,100/50/50 Hz,1.0,2000,denied,307,40,0.2198095524943761,0.03708482299109337,0.043519543410820156,after_return,0.18476905515435632
0.6048743765820802,1.0,,49.93617021276596,held-out,zero,60,1.0,,99.59574468085107,0.85,,0.0,0.16267916067618726,,50.0,0.3083355904536495,0.010000000000005116,horizon,0,0.16898297782447275,1.0,1.0,100/50/50 Hz,1.0,4700,denied,307,13,0.17376304822326177,0.04853428290341217,0.045724582842465646,flight,0.5407881248359712
0.8132945811477297,1.0,,49.857142857142854,held-out,zero,25,1.0,,99.85714285714286,0.85,,0.0,0.2295871259806783,,50.0,0.3083355904536495,0.010000000000001563,horizon,0,0.23309461813475593,1.0,1.0,100/50/50 Hz,1.0,700,denied,307,18,0.09677495165168001,0.05861648423047466,0.04028464455992951,before_outage,0.7299412072059295
0.43247110128128774,1.0,,49.93333333333333,held-out,zero,40,1.0,,100.0,0.85,,0.0,0.09684718171298849,,50.0,0.1565210763489211,0.010000000000005116,horizon,0,0.10568807733148873,1.0,1.0,100/50/50 Hz,1.0,1500,denied,307,25,0.08146334758118262,0.04456417887030658,0.042315400084107994,outage_window,0.3795602801676685
0.26432667275804267,1.0,,50.0,held-out,zero,60,1.0,,99.95,0.85,,0.0,0.17729980541886928,,50.0,0.2559890561866204,0.010000000000005116,horizon,0,0.18433406775795788,1.0,1.0,100/50/50 Hz,1.0,2000,denied,307,40,0.17376304822326177,0.038825105542387904,0.05043637114847284,after_return,0.19875726332053015
0.3504903154465226,1.0,,49.93617021276596,held-out,zero,60,1.0,,99.68085106382979,0.85,,6.808510638297872,0.06102052389855913,,50.0,0.10852502032808994,0.010000000000005116,retrodiction,0,0.07178724852684233,1.0,1.0,100/50/50 Hz,1.0,4700,transition,307,13,0.024241347369339687,0.04127954544463194,0.03781408089852244,flight,0.2890293975925929
0.35213017561960325,1.0,,49.857142857142854,held-out,zero,25,1.0,,100.0,0.85,,10.0,0.06391249457580404,,50.0,0.0864912685033751,0.010000000000001563,retrodiction,0,0.07077801365407102,1.0,1.0,100/50/50 Hz,1.0,700,transition,307,18,0.0864912685033751,0.04395003990652122,0.030409213306392558,before_outage,0.2846752904028817
0.26951478583754135,1.0,,49.93333333333333,held-out,zero,40,1.0,,100.0,0.85,,0.0,0.08180618127370856,,50.0,0.10852502032808994,0.010000000000005116,retrodiction,0,0.08991763425814088,1.0,1.0,100/50/50 Hz,1.0,1500,transition,307,25,0.08033041072142771,0.03765708480616178,0.03732197283094669,outage_window,0.1980994843347648
0.3538303042081236,1.0,,50.0,held-out,zero,60,1.0,,99.95,0.85,,10.0,0.041190670929919126,,50.0,0.10456784381351047,0.010000000000005116,retrodiction,0,0.05844975329246201,1.0,1.0,100/50/50 Hz,1.0,2000,transition,307,40,0.024241347369339687,0.042730683277227934,0.04146929331798155,after_return,0.2966254611983424
0.3744652406961072,1.0,,49.93617021276596,held-out,zero,60,1.0,,99.59574468085107,0.85,,6.808510638297872,0.06167333106838213,,50.0,0.11035835752038542,0.010000000000005116,horizon,0,0.07391045982872003,1.0,1.0,100/50/50 Hz,1.0,4700,transition,307,13,0.021360304625243326,0.04276172880799598,0.04073274244416364,flight,0.3141956874832593
0.3530079109314279,1.0,,49.857142857142854,held-out,zero,25,1.0,,99.85714285714286,0.85,,10.0,0.064756373575159,,50.0,0.09010788070690515,0.010000000000001563,horizon,0,0.07191292115873651,1.0,1.0,100/50/50 Hz,1.0,700,transition,307,18,0.08211760799170822,0.045006348331570405,0.031274275546798895,before_outage,0.28569461824149506
0.2610748802221421,1.0,,49.93333333333333,held-out,zero,40,1.0,,100.0,0.85,,0.13333333333333333,0.08130062853145482,,50.0,0.11035835752038542,0.010000000000005116,horizon,0,0.09147547691709518,1.0,1.0,100/50/50 Hz,1.0,1500,transition,307,25,0.0844298331110299,0.0393639494140466,0.04192816091364382,outage_window,0.18507518435319728
0.35580828534999936,1.0,,50.0,held-out,zero,60,1.0,,99.95,0.85,,9.9,0.0429428652551438,,50.0,0.1081972657472632,0.010000000000005116,horizon,0,0.060504588541575186,1.0,1.0,100/50/50 Hz,1.0,2000,transition,307,40,0.021360304625243326,0.04386260829847849,0.04262294638177745,after_return,0.2984924713307155
0.5891931742557084,1.0,,49.93617021276596,held-out,nominal,60,1.0,,99.57446808510639,0.85,,10.0,0.05542652952629143,,50.0,0.11314950305706961,0.010000000000005116,retrodiction,0,0.0673095522043885,1.0,1.0,100/50/50 Hz,1.0,4700,gps,307,13,0.0211369317413613,0.03515541426803242,0.03818999401186712,flight,0.5220571932102872
0.3050344101535632,1.0,,49.857142857142854,held-out,nominal,25,1.0,,99.85714285714286,0.85,,10.0,0.06208691078151683,,50.0,0.09228822901180167,0.010000000000001563,retrodiction,0,0.06900222457722445,1.0,1.0,100/50/50 Hz,1.0,700,gps,307,18,0.08144561245184112,0.03145305366196769,0.030108512188643383,before_outage,0.23920122096205493
0.3459348157068673,1.0,,49.86666666666667,held-out,nominal,40,1.0,,100.0,0.85,,10.0,0.06600324960816077,,50.0,0.10657879439609126,0.010000000000005116,retrodiction,0,0.07574252942992793,1.0,1.0,100/50/50 Hz,1.0,1500,gps,307,25,0.02792247475120258,0.03278285302993857,0.03715510470455338,outage_window,0.277522061235327
0.43176761882125925,1.0,,50.0,held-out,nominal,60,1.0,,99.95,0.85,,10.0,0.04147009485717815,,50.0,0.07470295306646145,0.010000000000005116,retrodiction,0,0.05947650094844801,1.0,1.0,100/50/50 Hz,1.0,2000,gps,307,40,0.0211369317413613,0.0343821625378761,0.04263432182652122,after_return,0.3654590423830013
0.37772603386918446,1.0,,49.91489361702128,held-out,nominal,60,1.0,,99.59574468085107,0.85,,10.0,0.050790168804017335,,50.0,0.09497358173344213,0.010000000000005116,horizon,0,0.06469985212731541,1.0,1.0,100/50/50 Hz,1.0,4700,gps,307,13,0.020795853542176983,0.043850474323590356,0.04008028964660692,flight,0.31901279283493167
0.3529773129366419,1.0,,49.857142857142854,held-out,nominal,25,1.0,,99.85714285714286,0.85,,10.0,0.06475416748100526,,50.0,0.09010393681928194,0.010000000000001563,horizon,0,0.07188573228098716,1.0,1.0,100/50/50 Hz,1.0,700,gps,307,18,0.08211406079713686,0.045001066842769784,0.03121628260084279,before_outage,0.2856576310111704
0.28508565851969087,1.0,,49.86666666666667,held-out,nominal,40,1.0,,100.0,0.85,,10.0,0.05749161674167254,,50.0,0.09497358173344213,0.010000000000005116,horizon,0,0.0691228113124925,1.0,1.0,100/50/50 Hz,1.0,1500,gps,307,25,0.0323574597235371,0.04276118337333658,0.038375474566069906,outage_window,0.21815198614148848
0.34450327656627144,1.0,,50.0,held-out,nominal,60,1.0,,99.95,0.85,,10.0,0.03802087781162798,,50.0,0.0722117087080387,0.010000000000005116,horizon,0,0.05828405396368313,1.0,1.0,100/50/50 Hz,1.0,2000,gps,307,40,0.020795853542176983,0.04399836282779434,0.04417514908718229,after_return,0.2878998384342771
0.6777344301085652,1.0,,49.93617021276596,held-out,nominal,60,1.0,,99.68085106382979,0.85,,0.0,0.18737877058672248,,50.0,0.321421761069786,0.010000000000005116,retrodiction,0,0.19148122013746072,1.0,1.0,100/50/50 Hz,1.0,4700,denied,307,13,0.19319591342892523,0.04947901191320486,0.039424028190167555,flight,0.6095582230194606
0.8963400350583672,1.0,,49.857142857142854,held-out,nominal,25,1.0,,99.85714285714286,0.85,,0.0,0.24318502579618845,,50.0,0.321421761069786,0.010000000000001563,retrodiction,0,0.24554218335976752,1.0,1.0,100/50/50 Hz,1.0,700,denied,307,18,0.10923129028130683,0.0612131175245111,0.03394122917027078,before_outage,0.8085497073854079
0.5769842596602829,1.0,,49.93333333333333,held-out,nominal,40,1.0,,100.0,0.85,,0.0,0.15038374811633506,,50.0,0.21937296659153815,0.010000000000005116,retrodiction,0,0.15501838501959064,1.0,1.0,100/50/50 Hz,1.0,1500,denied,307,25,0.16064266936330948,0.04741157273911725,0.03762217426684336,outage_window,0.519475573216842
0.35505248384769805,1.0,,50.0,held-out,nominal,60,1.0,,99.95,0.85,,0.0,0.1939686763029869,,50.0,0.2820535936538671,0.010000000000005116,retrodiction,0,0.19884378080610185,1.0,1.0,100/50/50 Hz,1.0,2000,denied,307,40,0.19319591342892523,0.03908288650075395,0.04376073329518344,after_return,0.29392564789267117
0.6041234451037263,1.0,,49.93617021276596,held-out,nominal,60,1.0,,99.59574468085107,0.85,,0.0,0.16129406435662527,,50.0,0.3067801251155041,0.010000000000005116,horizon,0,0.16788762432752283,1.0,1.0,100/50/50 Hz,1.0,4700,denied,307,13,0.17282972866814794,0.048507364135897096,0.04658840205094252,flight,0.540068157093685
0.8122865833195078,1.0,,49.857142857142854,held-out,nominal,25,1.0,,99.85714285714286,0.85,,0.0,0.22811224624688956,,50.0,0.3067801251155041,0.010000000000001563,horizon,0,0.23167659976909213,1.0,1.0,100/50/50 Hz,1.0,700,denied,307,18,0.09608704630527107,0.058574018851656105,0.04048271227038182,before_outage,0.7289899392755271
0.43164218052550707,1.0,,49.93333333333333,held-out,nominal,40,1.0,,100.0,0.85,,0.0,0.09483922351757079,,50.0,0.1536039608155414,0.010000000000005116,horizon,0,0.10416739313975563,1.0,1.0,100/50/50 Hz,1.0,1500,denied,307,25,0.07853062432688353,0.044537194488863854,0.04308558315860024,outage_window,0.37873463228915594
0.26380545717842907,1.0,,50.0,held-out,nominal,60,1.0,,99.95,0.85,,0.0,0.17608295428674248,,50.0,0.25436313317978904,0.010000000000005116,horizon,0,0.18361870998882773,1.0,1.0,100/50/50 Hz,1.0,2000,denied,307,40,0.17282972866814794,0.03881460404034156,0.05206365207718505,after_return,0.19816561957829895
0.5862026386182511,1.0,,49.95744680851064,held-out,nominal,60,1.0,,99.57446808510639,0.85,,6.808510638297872,0.05784669323886443,,50.0,0.11314950305706961,0.010000000000005116,retrodiction,0,0.06940079402460221,1.0,1.0,100/50/50 Hz,1.0,4700,transition,307,13,0.021193447553132943,0.037641346584508205,0.038343582156261526,flight,0.5209747693800318
0.3050344101535632,1.0,,49.857142857142854,held-out,nominal,25,1.0,,99.85714285714286,0.85,,10.0,0.06208691078151683,,50.0,0.09228822901180167,0.010000000000001563,retrodiction,0,0.06900222457722445,1.0,1.0,100/50/50 Hz,1.0,700,transition,307,18,0.08144561245184112,0.03145305366196769,0.030108512188643383,before_outage,0.23920122096205493
0.29340897479292644,1.0,,49.93333333333333,held-out,nominal,40,1.0,,100.0,0.85,,0.06666666666666667,0.06740866496737047,,50.0,0.08618473026653059,0.010000000000005116,retrodiction,0,0.0771890256009192,1.0,1.0,100/50/50 Hz,1.0,1500,transition,307,25,0.06995761842676805,0.039845637509040924,0.037606084089361905,outage_window,0.2336784604805261
0.450942824677469,1.0,,50.0,held-out,nominal,60,1.0,,99.95,0.85,,9.95,0.04715265420878812,,50.0,0.11228307402931731,0.010000000000005116,retrodiction,0,0.0635876938386686,1.0,1.0,100/50/50 Hz,1.0,2000,transition,307,40,0.021193447553132943,0.0349669550688352,0.04266171596158208,after_return,0.38433944516801394
0.37642946215392525,1.0,,49.93617021276596,held-out,nominal,60,1.0,,99.59574468085107,0.85,,6.808510638297872,0.061682969578698496,,50.0,0.11033612313121013,0.010000000000005116,horizon,0,0.07431774883291227,1.0,1.0,100/50/50 Hz,1.0,4700,transition,307,13,0.021348755225532753,0.04276103840166024,0.04145285340655319,flight,0.31627538667650745
0.3529773129366419,1.0,,49.857142857142854,held-out,nominal,25,1.0,,99.85714285714286,0.85,,10.0,0.06475416748100526,,50.0,0.09010393681928194,0.010000000000001563,horizon,0,0.07188573228098716,1.0,1.0,100/50/50 Hz,1.0,700,transition,307,18,0.08211406079713686,0.045001066842769784,0.03121628260084279,before_outage,0.2856576310111704
0.260193728341882,1.0,,49.93333333333333,held-out,nominal,40,1.0,,100.0,0.85,,0.13333333333333333,0.08131571345696963,,50.0,0.11033612313121013,0.010000000000005116,horizon,0,0.09182741893990047,1.0,1.0,100/50/50 Hz,1.0,1500,transition,307,25,0.084512751682317,0.039356789407041945,0.042661805097159236,outage_window,0.18410879906937566
0.35575895023722864,1.0,,50.0,held-out,nominal,60,1.0,,99.95,0.85,,9.9,0.04294722696417701,,50.0,0.10822547233466266,0.010000000000005116,horizon,0,0.06163100562354502,1.0,1.0,100/50/50 Hz,1.0,2000,transition,307,40,0.021348755225532753,0.043860994069480304,0.04420312828586802,after_return,0.29844639078289686
0.4749153809263981,1.0,,49.93617021276596,held-out,stress,60,1.0,,99.57446808510639,0.85,,10.0,0.0576868969571127,,50.0,0.11396476816490474,0.010000000000005116,retrodiction,0,0.06918789597952837,1.0,1.0,100/50/50 Hz,1.0,4700,gps,307,13,0.013816196523089734,0.03749521359651328,0.03819930456871563,flight,0.4102603549669595
0.45684191903177107,1.0,,49.857142857142854,held-out,stress,25,1.0,,100.0,0.85,,10.0,0.06781897027446798,,50.0,0.10593004913195608,0.010000000000001563,retrodiction,0,0.07422869647628481,1.0,1.0,100/50/50 Hz,1.0,700,gps,307,18,0.09799781442350092,0.03700645008382415,0.030174271349599262,before_outage,0.3948669118155666
0.3635136951508313,1.0,,49.86666666666667,held-out,stress,40,1.0,,100.0,0.85,,10.0,0.06817646297542117,,50.0,0.11396476816490474,0.010000000000005116,retrodiction,0,0.07770162768344316,1.0,1.0,100/50/50 Hz,1.0,1500,gps,307,25,0.014958263305254398,0.03481366819143132,0.037276169878589276,outage_window,0.30230698566413766
0.5018205076337878,1.0,,50.0,held-out,stress,60,1.0,,99.9,0.85,,10.0,0.04566077144287506,,50.0,0.09396461714319934,0.010000000000005116,retrodiction,0,0.06233924942227646,1.0,1.0,100/50/50 Hz,1.0,2000,gps,307,40,0.013816196523089734,0.0374775323166826,0.042441441655230346,after_return,0.43403999382780023
0.3787488551109929,1.0,,49.91489361702128,held-out,stress,60,1.0,,99.59574468085107,0.85,,10.0,0.05079504815657676,,50.0,0.0949766244394285,0.010000000000005116,horizon,0,0.06596597690130912,1.0,1.0,100/50/50 Hz,1.0,4700,gps,307,13,0.020793173119313994,0.04385289653360566,0.04208768455635325,flight,0.32007499821919433
0.3529604881346767,1.0,,49.857142857142854,held-out,stress,25,1.0,,99.85714285714286,0.85,,10.0,0.06475789052308153,,50.0,0.09010947478487577,0.010000000000001563,horizon,0,0.07222423731091107,1.0,1.0,100/50/50 Hz,1.0,700,gps,307,18,0.08211507939529426,0.04499863396114948,0.031980557689686794,before_outage,0.28563758321012434
0.28509363816850775,1.0,,49.86666666666667,held-out,stress,40,1.0,,100.0,0.85,,10.0,0.057494411051066285,,50.0,0.0949766244394285,0.010000000000005116,horizon,0,0.07048670108115147,1.0,1.0,100/50/50 Hz,1.0,1500,gps,307,25,0.03236158535422075,0.042765885446960694,0.04077704902509042,outage_window,0.21816038923387382
0.3445027697589062,1.0,,50.0,held-out,stress,60,1.0,,99.95,0.85,,10.0,0.038020777642040295,,50.0,0.07221256242778679,0.010000000000005116,horizon,0,0.06071778938851206,1.0,1.0,100/50/50 Hz,1.0,2000,gps,307,40,0.020793173119313994,0.04399848612825922,0.04733994524418291,after_return,0.28789912655341826
0.43726878307319067,1.0,,49.8936170212766,held-out,stress,60,1.0,,99.65957446808511,0.85,,0.0,0.3748932064072733,,50.0,0.511271521186114,0.010000000000005116,retrodiction,0,0.37697377561057094,1.0,1.0,100/50/50 Hz,1.0,4700,denied,307,13,0.39789412622280496,0.045844534312162184,0.03955137529546409,flight,0.3766107524803922
0.5973699377991016,1.0,,49.857142857142854,held-out,stress,25,1.0,,99.85714285714286,0.85,,0.0,0.42281698241716464,,50.0,0.511271521186114,0.010000000000001563,retrodiction,0,0.4242220224979611,1.0,1.0,100/50/50 Hz,1.0,700,denied,307,18,0.42932725481582223,0.055954328963843676,0.034498170268924065,before_outage,0.5243291751383043
0.2621736587229964,1.0,,49.86666666666667,held-out,stress,40,1.0,,100.0,0.85,,0.0,0.3833046704585633,,50.0,0.472015425046483,0.010000000000005116,retrodiction,0,0.3851507398997315,1.0,1.0,100/50/50 Hz,1.0,1500,denied,307,25,0.4258663641842303,0.042516297508668414,0.03766459942655441,outage_window,0.19893202863435588
0.20523592820434855,1.0,,49.95,held-out,stress,60,1.0,,99.95,0.85,,0.0,0.3577300401326758,,50.0,0.42748396156197865,0.010000000000005116,retrodiction,0,0.3603837726239713,1.0,1.0,100/50/50 Hz,1.0,2000,denied,307,40,0.39789412622280496,0.03848145497439339,0.04365411730135467,after_return,0.12347910833157082
0.6024752293268617,1.0,,49.95744680851064,held-out,stress,60,1.0,,99.59574468085107,0.85,,0.0,0.18616372633606795,,50.0,0.3138855693408172,0.010000000000005116,horizon,0,0.19237701208814928,1.0,1.0,100/50/50 Hz,1.0,4700,denied,307,13,0.17158852879212225,0.04835764849075857,0.04849723473182295,flight,0.5384748839222607
0.8087733260425736,1.0,,49.857142857142854,held-out,stress,25,1.0,,99.85714285714286,0.85,,0.0,0.23997110990491105,,50.0,0.3138855693408172,0.010000000000001563,horizon,0,0.24352653975842992,1.0,1.0,100/50/50 Hz,1.0,700,denied,307,18,0.1074467647394582,0.05834902614333,0.041461331113692566,before_outage,0.7256750522511339
0.4290466043806589,1.0,,49.93333333333333,held-out,stress,40,1.0,,100.0,0.85,,0.0,0.16218060147452695,,50.0,0.23733243300025972,0.010000000000005116,horizon,0,0.16831380627468517,1.0,1.0,100/50/50 Hz,1.0,1500,denied,307,25,0.16165298856505367,0.04445489428875477,0.04502210443807476,outage_window,0.3761480431712932
0.26227556656743356,1.0,,50.0,held-out,stress,60,1.0,,99.95,0.85,,0.0,0.18630519165445833,,50.0,0.26743916514154903,0.010000000000005116,horizon,0,0.19433447802648904,1.0,1.0,100/50/50 Hz,1.0,2000,denied,307,40,0.17158852879212225,0.03878452389814831,0.05528349584119558,after_return,0.196425821988675
0.47830744202220965,1.0,,49.95744680851064,held-out,stress,60,1.0,,99.57446808510639,0.85,,6.808510638297872,0.05841486732476517,,50.0,0.10765171395325747,0.010000000000005116,retrodiction,0,0.06984766766816251,1.0,1.0,100/50/50 Hz,1.0,4700,transition,307,13,0.013887899852300385,0.040608115854322585,0.03829360199970953,flight,0.4152308453140558
0.45684191903177107,1.0,,49.857142857142854,held-out,stress,25,1.0,,100.0,0.85,,10.0,0.06781897027446798,,50.0,0.10593004913195608,0.010000000000001563,retrodiction,0,0.07422869647628481,1.0,1.0,100/50/50 Hz,1.0,700,transition,307,18,0.09799781442350092,0.03700645008382415,0.030174271349599262,before_outage,0.3948669118155666
0.34299475282470926,1.0,,49.93333333333333,held-out,stress,40,1.0,,100.0,0.85,,0.06666666666666667,0.06325445881002674,,50.0,0.10108614010394415,0.010000000000005116,retrodiction,0,0.07355741418302363,1.0,1.0,100/50/50 Hz,1.0,1500,transition,307,25,0.07536546623269744,0.043438162809127163,0.0375441955825866,outage_window,0.2871562421966992
0.5198989258307167,1.0,,50.0,held-out,stress,60,1.0,,99.9,0.85,,9.95,0.05261846178476443,,50.0,0.10765171395325747,0.010000000000005116,retrodiction,0,0.06761574449256869,1.0,1.0,100/50/50 Hz,1.0,2000,transition,307,40,0.013887899852300385,0.03833737639650703,0.04246394214730443,after_return,0.4524722052831262
0.37735619106084556,1.0,,49.93617021276596,held-out,stress,60,1.0,,99.59574468085107,0.85,,6.808510638297872,0.0616918189138975,,50.0,0.11032754183022274,0.010000000000005116,horizon,0,0.07537693078998484,1.0,1.0,100/50/50 Hz,1.0,4700,transition,307,13,0.021344502405990676,0.042756676118497615,0.04331052036645417,flight,0.31725481298235414
0.3529604881346767,1.0,,49.857142857142854,held-out,stress,25,1.0,,99.85714285714286,0.85,,10.0,0.06475789052308153,,50.0,0.09010947478487577,0.010000000000001563,horizon,0,0.07222423731091107,1.0,1.0,100/50/50 Hz,1.0,700,transition,307,18,0.08211507939529426,0.04499863396114948,0.031980557689686794,before_outage,0.28563758321012434
0.25979133900689394,1.0,,49.93333333333333,held-out,stress,40,1.0,,100.0,0.85,,0.13333333333333333,0.08132630557554117,,50.0,0.11032754183022274,0.010000000000005116,horizon,0,0.09272538752446571,1.0,1.0,100/50/50 Hz,1.0,1500,transition,307,25,0.08455764171666436,0.03933982411940035,0.04454244619456863,outage_window,0.1836674481661628
0.35573549113768976,1.0,,50.0,held-out,stress,60,1.0,,99.95,0.85,,9.9,0.04295121062090654,,50.0,0.10824999246201104,0.010000000000005116,horizon,0,0.06395573727550032,1.0,1.0,100/50/50 Hz,1.0,2000,transition,307,40,0.021344502405990676,0.043860286157943976,0.04738702181664667,after_return,0.298424551459218
0.46504061420590176,1.0,,49.91489361702128,held-out,zero,60,1.0,,99.7872340425532,0.85,,10.0,0.03520067213488239,,50.0,0.06646139505122381,0.010000000000005116,retrodiction,0,0.059681562491696635,1.0,1.0,100/50/50 Hz,1.0,4700,gps,911,13,0.061614033678030276,0.04354638956097945,0.04819545188814817,flight,0.40160421454278483
0.31850657966700363,1.0,,49.714285714285715,held-out,zero,25,1.0,,100.0,0.85,,10.0,0.03789315755086085,,50.0,0.05951100140422664,0.010000000000001563,retrodiction,0,0.05456494485004864,1.0,1.0,100/50/50 Hz,1.0,700,gps,911,18,0.03558948787991777,0.046805081941594905,0.03926119989651981,before_outage,0.2587425115754365
0.3538868661949068,1.0,,49.93333333333333,held-out,zero,40,1.0,,100.0,0.85,,10.0,0.03417463412588577,,50.0,0.06364955126969415,0.010000000000005116,retrodiction,0,0.061435915691261396,1.0,1.0,100/50/50 Hz,1.0,1500,gps,911,25,0.032557012615644816,0.042283738656867347,0.05105356127818726,outage_window,0.28709353988317415
0.31059579137492815,1.0,,49.95,held-out,zero,60,1.0,,100.0,0.85,,10.0,0.03524739155388344,,50.0,0.06646139505122381,0.010000000000005116,retrodiction,0,0.0634471228924561,1.0,1.0,100/50/50 Hz,1.0,2000,gps,911,40,0.061614033678030276,0.0435593537102409,0.052755651753889396,after_return,0.2492014873596327
0.41315065721690625,1.0,,49.91489361702128,held-out,zero,60,1.0,,99.74468085106383,0.85,,10.0,0.037044232146043445,,50.0,0.08368413560088597,0.010000000000005116,horizon,0,0.054577451378821196,1.0,1.0,100/50/50 Hz,1.0,4700,gps,911,13,0.06333644054260223,0.045085101610567085,0.040080207880169895,flight,0.34909663888265235
0.3175650894002026,1.0,,49.714285714285715,held-out,zero,25,1.0,,100.0,0.85,,10.0,0.04128968013123988,,50.0,0.06376717850103035,0.010000000000001563,horizon,0,0.052107281236269135,1.0,1.0,100/50/50 Hz,1.0,700,gps,911,18,0.033149825897490034,0.0487819413796241,0.03178570547424643,before_outage,0.2611156621026839
0.3556931559719753,1.0,,49.93333333333333,held-out,zero,40,1.0,,100.0,0.85,,10.0,0.036302087941517056,,50.0,0.0733004177026728,0.010000000000005116,horizon,0,0.054193999331592906,1.0,1.0,100/50/50 Hz,1.0,1500,gps,911,25,0.02371727830329346,0.04389206344441355,0.040238637832797644,outage_window,0.28697880574048534
0.3124200165007497,1.0,,49.95,held-out,zero,60,1.0,,100.0,0.85,,10.0,0.035723495474901314,,50.0,0.08368413560088597,0.010000000000005116,horizon,0,0.05742769543666108,1.0,1.0,100/50/50 Hz,1.0,2000,gps,911,40,0.06333644054260223,0.044584889400925316,0.04496411985373014,after_return,0.25066376521721906
1.2030495638987584,1.0,,49.95744680851064,held-out,zero,60,1.0,,99.7872340425532,0.85,,0.0,0.4956664426522906,,50.0,0.673989465548794,0.010000000000005116,retrodiction,0,0.49817545042781763,1.0,1.0,100/50/50 Hz,1.0,4700,denied,911,13,0.4350641956726117,0.06882245240659393,0.049935528808479616,flight,1.1028670734982309
1.3463715688375018,1.0,,49.857142857142854,held-out,zero,25,1.0,,100.0,0.85,,0.0,0.4974187350927534,,50.0,0.5889304305603593,0.010000000000001563,retrodiction,0,0.49904351722128815,1.0,1.0,100/50/50 Hz,1.0,700,denied,911,18,0.5322564298506278,0.07671575079448878,0.04023722231117967,before_outage,1.230852510497448
1.175650571913515,1.0,,49.93333333333333,held-out,zero,40,1.0,,100.0,0.85,,0.0,0.5116110323019635,,50.0,0.6420992578667963,0.010000000000005116,retrodiction,0,0.5143098065585677,1.0,1.0,100/50/50 Hz,1.0,1500,denied,911,25,0.5822830640908827,0.07121996930197869,0.05261871101833174,outage_window,1.0851290330854706
0.9916204941713026,1.0,,50.0,held-out,zero,60,1.0,,100.0,0.85,,0.0,0.45454519038423763,,50.0,0.583210598549304,0.010000000000005116,retrodiction,0,0.4578262323136266,1.0,1.0,100/50/50 Hz,1.0,2000,denied,911,40,0.4350641956726117,0.05953515089579365,0.054713151006389585,after_return,0.9036238394421487
1.195918271486011,1.0,,49.95744680851064,held-out,zero,60,1.0,,99.74468085106383,0.85,,0.0,0.522709973801788,,50.0,0.7198286189279333,0.010000000000005116,horizon,0,0.5247724314871703,1.0,1.0,100/50/50 Hz,1.0,4700,denied,911,13,0.44813966830644614,0.0706365111135595,0.04647997565716933,flight,1.0968980103231452
1.3427996643605984,1.0,,49.857142857142854,held-out,zero,25,1.0,,100.0,0.85,,0.0,0.5275794170140945,,50.0,0.6745754181702792,0.010000000000001563,horizon,0,0.5290415321321602,1.0,1.0,100/50/50 Hz,1.0,700,denied,911,18,0.5582265233286269,0.07953786753633081,0.03930523455993732,before_outage,1.2294960653651659
1.1574697310301192,1.0,,49.93333333333333,held-out,zero,40,1.0,,100.0,0.85,,0.0,0.5378638747468298,,50.0,0.6707881738293305,0.010000000000005116,horizon,0,0.539991542484913,1.0,1.0,100/50/50 Hz,1.0,1500,denied,911,25,0.6145503128092463,0.07256993752972131,0.04788860195873399,outage_window,1.0697525971255972
0.9764393168603325,1.0,,50.0,held-out,zero,60,1.0,,100.0,0.85,,0.0,0.47967041784489656,,50.0,0.6152111147187693,0.010000000000005116,horizon,0,0.48232522496127767,1.0,1.0,100/50/50 Hz,1.0,2000,denied,911,40,0.44813966830644614,0.06073895585943708,0.05053625311050956,after_return,0.8908236231061394
0.43838380422009365,1.0,,49.91489361702128,held-out,zero,60,1.0,,99.7872340425532,0.85,,6.808510638297872,0.0340622603370822,,50.0,0.10240707207470032,0.010000000000005116,retrodiction,0,0.059389466424003064,1.0,1.0,100/50/50 Hz,1.0,4700,transition,911,13,0.06262544809377704,0.04241213195977568,0.048650499924015406,flight,0.37732467656651153
0.31850657966700363,1.0,,49.714285714285715,held-out,zero,25,1.0,,100.0,0.85,,10.0,0.03789315755086085,,50.0,0.05951100140422664,0.010000000000001563,retrodiction,0,0.05456494485004864,1.0,1.0,100/50/50 Hz,1.0,700,transition,911,18,0.03558948787991777,0.046805081941594905,0.03926119989651981,before_outage,0.2587425115754365
0.21318258074654634,1.0,,49.93333333333333,held-out,zero,40,1.0,,100.0,0.85,,0.0,0.023051469824848195,,50.0,0.041061759589055453,0.010000000000005116,retrodiction,0,0.05722419635293306,1.0,1.0,100/50/50 Hz,1.0,1500,transition,911,25,0.018096498545214577,0.03826633554811051,0.052375933281929694,outage_window,0.1402471746861977
0.3157814132131816,1.0,,49.95,held-out,zero,60,1.0,,100.0,0.85,,10.0,0.03917248065922834,,50.0,0.10240707207470032,0.010000000000005116,retrodiction,0,0.06571625596731069,1.0,1.0,100/50/50 Hz,1.0,2000,transition,911,40,0.06262544809377704,0.043714940060015174,0.05276497945951917,after_return,0.2544074985849681
0.38128102268265096,1.0,,49.91489361702128,held-out,zero,60,1.0,,99.74468085106383,0.85,,6.808510638297872,0.03529827277631096,,50.0,0.10524888911310026,0.010000000000005116,horizon,0,0.054960324655576334,1.0,1.0,100/50/50 Hz,1.0,4700,transition,911,13,0.06425528697297245,0.04373011817005379,0.04212682310898243,flight,0.3191337185762916
0.3175650894002026,1.0,,49.714285714285715,held-out,zero,25,1.0,,100.0,0.85,,10.0,0.04128968013123988,,50.0,0.06376717850103035,0.010000000000001563,horizon,0,0.052107281236269135,1.0,1.0,100/50/50 Hz,1.0,700,transition,911,18,0.033149825897490034,0.0487819413796241,0.03178570547424643,before_outage,0.2611156621026839
0.21191657897087413,1.0,,49.93333333333333,held-out,zero,40,1.0,,100.0,0.85,,0.13333333333333333,0.022803167325195918,,50.0,0.04410686345462621,0.010000000000005116,horizon,0,0.051595027007259146,1.0,1.0,100/50/50 Hz,1.0,1500,transition,911,25,0.036149673411192164,0.03922776130302288,0.04628241968414052,outage_window,0.13255220307175455
0.31514302169857605,1.0,,49.95,held-out,zero,60,1.0,,100.0,0.85,,9.9,0.03972076743948899,,50.0,0.10524888911310026,0.010000000000005116,horizon,0,0.060022530119378144,1.0,1.0,100/50/50 Hz,1.0,2000,transition,911,40,0.06425528697297245,0.04467413052263441,0.044999608397737055,after_return,0.25371316889670803
0.3302772980082759,1.0,,49.95744680851064,held-out,nominal,60,1.0,,99.72340425531915,0.85,,10.0,0.0426446883829969,,50.0,0.10706410418295334,0.010000000000005116,retrodiction,0,0.06438214958610153,1.0,1.0,100/50/50 Hz,1.0,4700,gps,911,13,0.025687452654983567,0.03307624943296041,0.04823371992749722,flight,0.2644918115541432
0.30153241092213356,1.0,,49.857142857142854,held-out,nominal,25,1.0,,100.0,0.85,,10.0,0.04021523079849409,,50.0,0.08175490479248423,0.010000000000001563,retrodiction,0,0.055974380960758706,1.0,1.0,100/50/50 Hz,1.0,700,gps,911,18,0.05946229714604195,0.03630384781527004,0.03893413073081251,before_outage,0.23500676190238268
0.3072601813902452,1.0,,49.93333333333333,held-out,nominal,40,1.0,,100.0,0.85,,10.0,0.04194323001097777,,50.0,0.09142111521880539,0.010000000000005116,retrodiction,0,0.06627145896972657,1.0,1.0,100/50/50 Hz,1.0,1500,gps,911,25,0.04265718592918235,0.03241157534165092,0.05130956762848783,outage_window,0.24051071844945426
0.33001570071380143,1.0,,50.0,held-out,nominal,60,1.0,,100.0,0.85,,10.0,0.0424701034793094,,50.0,0.10706410418295334,0.010000000000005116,retrodiction,0,0.06764689463078623,1.0,1.0,100/50/50 Hz,1.0,2000,gps,911,40,0.025687452654983567,0.03112979901122566,0.05265351520692085,after_return,0.26351040663381103
0.4140815448319511,1.0,,49.91489361702128,held-out,nominal,60,1.0,,99.74468085106383,0.85,,10.0,0.03704537210139575,,50.0,0.08368298415120566,0.010000000000005116,horizon,0,0.054723471320529175,1.0,1.0,100/50/50 Hz,1.0,4700,gps,911,13,0.0633354235973833,0.0450890723684157,0.04027776954149657,flight,0.3500206319392599
0.31757011533895485,1.0,,49.714285714285715,held-out,nominal,25,1.0,,100.0,0.85,,10.0,0.041294276344260514,,50.0,0.06377437130733161,0.010000000000001563,horizon,0,0.05213914647971524,1.0,1.0,100/50/50 Hz,1.0,700,gps,911,18,0.03315360219554317,0.04878842073450662,0.031831954649959034,before_outage,0.26112038700429346
0.355703390124228,1.0,,49.93333333333333,held-out,nominal,40,1.0,,100.0,0.85,,10.0,0.03630513420352377,,50.0,0.0732985821955751,0.010000000000005116,horizon,0,0.05434804102792843,1.0,1.0,100/50/50 Hz,1.0,1500,gps,911,25,0.023715818580356266,0.04389473742085519,0.040443130368920756,outage_window,0.28698916987874756
0.31242029097280055,1.0,,49.95,held-out,nominal,60,1.0,,100.0,0.85,,10.0,0.03572250200104385,,50.0,0.08368298415120566,0.010000000000005116,horizon,0,0.057659589663038004,1.0,1.0,100/50/50 Hz,1.0,2000,gps,911,40,0.0633354235973833,0.04458431850697753,0.045260701838298285,after_return,0.2506638889674184
0.670013887197994,1.0,,49.93617021276596,held-out,nominal,60,1.0,,99.76595744680851,0.85,,0.0,0.43665245168853206,,50.0,0.5855447903070413,0.010000000000005116,retrodiction,0,0.43952513118753206,1.0,1.0,100/50/50 Hz,1.0,4700,denied,911,13,0.3935143626513812,0.049225598798358645,0.05016948654123751,flight,0.603023724009747
0.7349092517052156,1.0,,49.714285714285715,held-out,nominal,25,1.0,,100.0,0.85,,0.0,0.4130788538367537,,50.0,0.5117055748445499,0.010000000000001563,retrodiction,0,0.4150985691434179,1.0,1.0,100/50/50 Hz,1.0,700,denied,911,18,0.40996096065185555,0.05522060022033731,0.04089844273107161,before_outage,0.6600205385106787
0.6265632667842873,1.0,,49.93333333333333,held-out,nominal,40,1.0,,100.0,0.85,,0.0,0.44406351133668753,,50.0,0.560086196345233,0.010000000000005116,retrodiction,0,0.44719620168104224,1.0,1.0,100/50/50 Hz,1.0,1500,denied,911,25,0.5110229716502528,0.05027001110497185,0.052839764356807734,outage_window,0.5687177670292659
0.5491609996296295,1.0,,50.0,held-out,nominal,60,1.0,,100.0,0.85,,0.0,0.41567439355559366,,50.0,0.5114444755016928,0.010000000000005116,retrodiction,0,0.41928035343932624,1.0,1.0,100/50/50 Hz,1.0,2000,denied,911,40,0.3935143626513812,0.04266251156881554,0.05487087863699468,after_return,0.48571103405015736
1.1947799373691592,1.0,,49.95744680851064,held-out,nominal,60,1.0,,99.74468085106383,0.85,,0.0,0.5216135002246672,,50.0,0.7185411493327957,0.010000000000005116,horizon,0,0.5236975903981117,1.0,1.0,100/50/50 Hz,1.0,4700,denied,911,13,0.4472204778453149,0.07058720993334479,0.04667464592430848,flight,1.0958382308827361
1.3414368476387084,1.0,,49.857142857142854,held-out,nominal,25,1.0,,100.0,0.85,,0.0,0.5264159651302873,,50.0,0.6733033785958823,0.010000000000001563,horizon,0,0.5278816318876416,1.0,1.0,100/50/50 Hz,1.0,700,denied,911,18,0.5569945119000926,0.07947598444960695,0.039309654543224604,before_outage,1.228230618125685
1.1563292490942139,1.0,,49.93333333333333,held-out,nominal,40,1.0,,100.0,0.85,,0.0,0.5367037923536916,,50.0,0.6695547131139228,0.010000000000005116,horizon,0,0.5388536543100086,1.0,1.0,100/50/50 Hz,1.0,1500,denied,911,25,0.613363554613534,0.07251820280199012,0.0480863809868836,outage_window,1.0686885561322343
0.9755493211273915,1.0,,50.0,held-out,nominal,60,1.0,,100.0,0.85,,0.0,0.4786879467599113,,50.0,0.6140271408332009,0.010000000000005116,horizon,0,0.4813790016114375,1.0,1.0,100/50/50 Hz,1.0,2000,denied,911,40,0.4472204778453149,0.06070093462238712,0.050829054872235276,after_return,0.8899916282652308
0.2964718508987573,1.0,,49.95744680851064,held-out,nominal,60,1.0,,99.72340425531915,0.85,,6.808510638297872,0.04226370098118318,,50.0,0.10760624144795829,0.010000000000005116,retrodiction,0,0.06449270316257309,1.0,1.0,100/50/50 Hz,1.0,4700,transition,911,13,0.026409558227368065,0.03530559235031678,0.04871435456401841,flight,0.23096338162240626
0.30153241092213356,1.0,,49.857142857142854,held-out,nominal,25,1.0,,100.0,0.85,,10.0,0.04021523079849409,,50.0,0.08175490479248423,0.010000000000001563,retrodiction,0,0.055974380960758706,1.0,1.0,100/50/50 Hz,1.0,700,transition,911,18,0.05946229714604195,0.03630384781527004,0.03893413073081251,before_outage,0.23500676190238268
0.19011400176965434,1.0,,49.93333333333333,held-out,nominal,40,1.0,,100.0,0.85,,0.06666666666666667,0.039215701312221234,,50.0,0.06105044908194583,0.010000000000005116,retrodiction,0,0.0657186436937327,1.0,1.0,100/50/50 Hz,1.0,1500,transition,911,25,0.02387486509738591,0.03914667368034086,0.05273584074928969,outage_window,0.10964879796840912
0.32065365901047777,1.0,,50.0,held-out,nominal,60,1.0,,100.0,0.85,,9.95,0.04351680092400941,,50.0,0.10760624144795829,0.010000000000005116,retrodiction,0,0.06829574485501425,1.0,1.0,100/50/50 Hz,1.0,2000,transition,911,40,0.026409558227368065,0.031078126614045687,0.05263645887254706,after_return,0.2544932865257071
0.3823020495009383,1.0,,49.91489361702128,held-out,nominal,60,1.0,,99.74468085106383,0.85,,6.808510638297872,0.03530357571409488,,50.0,0.10526222252807023,0.010000000000005116,horizon,0,0.05511492412658491,1.0,1.0,100/50/50 Hz,1.0,4700,transition,911,13,0.06425317800823949,0.043732705338568253,0.04232389872493296,flight,0.32016374992338137
0.31757011533895485,1.0,,49.714285714285715,held-out,nominal,25,1.0,,100.0,0.85,,10.0,0.041294276344260514,,50.0,0.06377437130733161,0.010000000000001563,horizon,0,0.05213914647971524,1.0,1.0,100/50/50 Hz,1.0,700,transition,911,18,0.03315360219554317,0.04878842073450662,0.031831954649959034,before_outage,0.26112038700429346
0.21200943658329277,1.0,,49.93333333333333,held-out,nominal,40,1.0,,100.0,0.85,,0.13333333333333333,0.022828331834460657,,50.0,0.044111462330014596,0.010000000000005116,horizon,0,0.05178917699835536,1.0,1.0,100/50/50 Hz,1.0,1500,transition,911,25,0.036109145778833736,0.03922452551255133,0.04648640790406085,outage_window,0.13272542452851074
0.3151408290492261,1.0,,49.95,held-out,nominal,60,1.0,,100.0,0.85,,9.9,0.03971969796175068,,50.0,0.10526222252807023,0.010000000000005116,horizon,0,0.06024419640284236,1.0,1.0,100/50/50 Hz,1.0,2000,transition,911,40,0.06425317800823949,0.04467419610904088,0.04529579223340224,after_return,0.25371213327936226
0.40967394992229467,1.0,,49.95744680851064,held-out,stress,60,1.0,,99.65957446808511,0.85,,10.0,0.04410173819742877,,50.0,0.11430144701107645,0.010000000000005116,retrodiction,0,0.06547780015395657,1.0,1.0,100/50/50 Hz,1.0,4700,gps,911,13,0.0328506072495946,0.0351791545943537,0.048398130139158564,flight,0.34599109444428183
0.3293172330703514,1.0,,49.857142857142854,held-out,stress,25,1.0,,100.0,0.85,,10.0,0.04295658452549286,,50.0,0.11007363598525305,0.010000000000001563,retrodiction,0,0.05796157138579722,1.0,1.0,100/50/50 Hz,1.0,700,gps,911,18,0.0742179382873809,0.03729065698611808,0.03891369429153515,before_outage,0.26629098558041653
0.3707626738449868,1.0,,49.93333333333333,held-out,stress,40,1.0,,100.0,0.85,,10.0,0.04456170605756969,,50.0,0.09495421946835973,0.010000000000005116,retrodiction,0,0.0680304181714016,1.0,1.0,100/50/50 Hz,1.0,1500,gps,911,25,0.02976836852866657,0.03518649469835084,0.051404203620078824,outage_window,0.310328996749905
0.3777846302374488,1.0,,50.0,held-out,stress,60,1.0,,100.0,0.85,,10.0,0.04503560146835696,,50.0,0.11430144701107645,0.010000000000005116,retrodiction,0,0.06944839550171951,1.0,1.0,100/50/50 Hz,1.0,2000,gps,911,40,0.0328506072495946,0.0330539738163091,0.05286657013791019,after_return,0.3111742462779397
0.41479329088092254,1.0,,49.91489361702128,held-out,stress,60,1.0,,99.74468085106383,0.85,,10.0,0.03704339603799163,,50.0,0.08367981407985696,0.010000000000005116,horizon,0,0.05968468797838319,1.0,1.0,100/50/50 Hz,1.0,4700,gps,911,13,0.06333503702293104,0.04509228530987286,0.04679795710337647,flight,0.3507269535617847
0.31757471021957695,1.0,,49.714285714285715,held-out,stress,25,1.0,,100.0,0.85,,10.0,0.04129178596670508,,50.0,0.06377587098317664,0.010000000000001563,horizon,0,0.05450442283109757,1.0,1.0,100/50/50 Hz,1.0,700,gps,911,18,0.03315147822625642,0.0487942230092098,0.03557696614146416,before_outage,0.26112491676139177
0.355710687364496,1.0,,49.93333333333333,held-out,stress,40,1.0,,100.0,0.85,,10.0,0.0363063755749969,,50.0,0.07329672318841657,0.010000000000005116,horizon,0,0.05946139357633483,1.0,1.0,100/50/50 Hz,1.0,1500,gps,911,25,0.023718213699301886,0.04389681291560358,0.047090385628566066,outage_window,0.286996682294167
0.312420220023045,1.0,,49.95,held-out,stress,60,1.0,,100.0,0.85,,10.0,0.03572164679123597,,50.0,0.08367981407985696,0.010000000000005116,horizon,0,0.06448236528647625,1.0,1.0,100/50/50 Hz,1.0,2000,gps,911,40,0.06333503702293104,0.04458391677141577,0.053683697557645356,after_return,0.2506635306261982
0.9258745296585518,1.0,,49.93617021276596,held-out,stress,60,1.0,,99.74468085106383,0.85,,0.0,0.2596138563514656,,50.0,0.4431668988025758,0.010000000000005116,retrodiction,0,0.26445147688692966,1.0,1.0,100/50/50 Hz,1.0,4700,denied,911,13,0.18946926933221658,0.05998380700731138,0.05035105975050435,flight,0.8443752783136906
1.0301465809795722,1.0,,49.714285714285715,held-out,stress,25,1.0,,100.0,0.85,,0.0,0.27132608200569736,,50.0,0.38026335039382236,0.010000000000001563,retrodiction,0,0.27433165893955774,1.0,1.0,100/50/50 Hz,1.0,700,denied,911,18,0.277482014713665,0.06835954247469937,0.04049711495856734,before_outage,0.9372745642118054
0.9128649398111299,1.0,,49.93333333333333,held-out,stress,40,1.0,,100.0,0.85,,0.0,0.30106278758958127,,50.0,0.36014495340882263,0.010000000000005116,retrodiction,0,0.30575478961941543,1.0,1.0,100/50/50 Hz,1.0,1500,denied,911,25,0.32934570275326847,0.062290270527290865,0.053359060186660534,outage_window,0.8396070135997066
0.7797657156449851,1.0,,50.0,held-out,stress,60,1.0,,100.0,0.85,,0.0,0.17415049271091293,,50.0,0.3506841330637979,0.010000000000005116,retrodiction,0,0.18257911585365602,1.0,1.0,100/50/50 Hz,1.0,2000,denied,911,40,0.18946926933221658,0.05225107375542136,0.05483374357500143,after_return,0.7052482087799786
1.2062288376159682,1.0,,49.95744680851064,held-out,stress,60,1.0,,99.74468085106383,0.85,,0.0,0.5641070214930338,,50.0,0.7640145423861848,0.010000000000005116,horizon,0,0.5665939269687336,1.0,1.0,100/50/50 Hz,1.0,4700,denied,911,13,0.48340833206597617,0.0710537454549144,0.05302778875371384,flight,1.1064982351211994
1.3546597976726242,1.0,,49.857142857142854,held-out,stress,25,1.0,,100.0,0.85,,0.0,0.5720410131895987,,50.0,0.7194656256301758,0.010000000000001563,horizon,0,0.5735641125580936,1.0,1.0,100/50/50 Hz,1.0,700,denied,911,18,0.6034450094241481,0.08001273220875248,0.041771646407231904,before_outage,1.24050868000393
1.1679005818529544,1.0,,49.93333333333333,held-out,stress,40,1.0,,100.0,0.85,,0.0,0.5812825062098584,,50.0,0.7141262264546835,0.010000000000005116,horizon,0,0.5838312276241461,1.0,1.0,100/50/50 Hz,1.0,1500,denied,911,25,0.6573211262307624,0.07301272658752544,0.05449358057150705,outage_window,1.0794840053856978
0.9851209012223183,1.0,,50.0,held-out,stress,60,1.0,,100.0,0.85,,0.0,0.5178072355742206,,50.0,0.6582899397603508,0.010000000000005116,horizon,0,0.5211713906604853,1.0,1.0,100/50/50 Hz,1.0,2000,denied,911,40,0.48340833206597617,0.06110026626046742,0.05912093732315058,after_return,0.8989396343515025
0.37920642145684863,1.0,,49.95744680851064,held-out,stress,60,1.0,,99.65957446808511,0.85,,6.808510638297872,0.04876006955168519,,50.0,0.11514087403968806,0.010000000000005116,retrodiction,0,0.06912236987637131,1.0,1.0,100/50/50 Hz,1.0,4700,transition,911,13,0.035973583900940964,0.03779569582868885,0.04899344481296152,flight,0.3161388514070902
0.3293172330703514,1.0,,49.857142857142854,held-out,stress,25,1.0,,100.0,0.85,,10.0,0.04295658452549286,,50.0,0.11007363598525305,0.010000000000001563,retrodiction,0,0.05796157138579722,1.0,1.0,100/50/50 Hz,1.0,700,transition,911,18,0.0742179382873809,0.03729065698611808,0.03891369429153515,before_outage,0.26629098558041653
0.19161510756821912,1.0,,49.93333333333333,held-out,stress,40,1.0,,100.0,0.85,,0.06666666666666667,0.05574938001586967,,50.0,0.07790363320559364,0.010000000000005116,retrodiction,0,0.0770209187591527,1.0,1.0,100/50/50 Hz,1.0,1500,transition,911,25,0.03555032611598349,0.04183248087950972,0.05314347141794702,outage_window,0.10980856759890048
0.4022435609719979,1.0,,50.0,held-out,stress,60,1.0,,100.0,0.85,,9.95,0.04693703358331458,,50.0,0.11514087403968806,0.010000000000005116,retrodiction,0,0.07069534528863577,1.0,1.0,100/50/50 Hz,1.0,2000,transition,911,40,0.035973583900940964,0.03402025729972172,0.0528653641231973,after_return,0.33699226181230546
0.383082839992136,1.0,,49.91489361702128,held-out,stress,60,1.0,,99.74468085106383,0.85,,6.808510638297872,0.03530582239290036,,50.0,0.10527132778359735,0.010000000000005116,horizon,0,0.06022544475784319,1.0,1.0,100/50/50 Hz,1.0,4700,transition,911,13,0.06425449125940041,0.04373069932577256,0.048791424466200994,flight,0.32095140128233135
0.31757471021957695,1.0,,49.714285714285715,held-out,stress,25,1.0,,100.0,0.85,,10.0,0.04129178596670508,,50.0,0.06377587098317664,0.010000000000001563,horizon,0,0.05450442283109757,1.0,1.0,100/50/50 Hz,1.0,700,transition,911,18,0.03315147822625642,0.0487942230092098,0.03557696614146416,before_outage,0.26112491676139177
0.21208317932755955,1.0,,49.93333333333333,held-out,stress,40,1.0,,100.0,0.85,,0.13333333333333333,0.022845151430186207,,50.0,0.04411005517563476,0.010000000000005116,horizon,0,0.0577282111687559,1.0,1.0,100/50/50 Hz,1.0,1500,transition,911,25,0.0360724814366514,0.039207608684430344,0.05301552056592799,outage_window,0.13286366117825082
0.31513827062738686,1.0,,49.95,held-out,stress,60,1.0,,100.0,0.85,,9.9,0.03972155080593354,,50.0,0.10527132778359735,0.010000000000005116,horizon,0,0.06680335219386258,1.0,1.0,100/50/50 Hz,1.0,2000,transition,911,40,0.06425449125940041,0.04467422669733458,0.05371113726136214,after_return,0.2537103016177484
0.32972004672984023,1.0,,25.0,held-out,zero,60,1.0,,25.0,0.85,,10.0,0.03433459478167915,,24.97872340425532,0.06685638684853815,0.010000000000005116,retrodiction,0,0.07877772628039269,1.0,1.0,25/25/25 Hz,1.0,4700,gps,101,13,0.04755692542902414,0.046532146747029476,0.07090180363775216,flight,0.2509527191338418
0.3470467642305616,1.0,,25.0,held-out,zero,25,1.0,,25.0,0.85,,10.0,0.04936024498790453,,25.0,0.06685638684853815,0.010000000000001563,retrodiction,0,0.0735348361509218,1.0,1.0,25/25/25 Hz,1.0,700,gps,101,18,0.046620018081579694,0.04889034985751088,0.054506314702765964,before_outage,0.25159942847583044
0.31141140301148856,1.0,,25.0,held-out,zero,40,1.0,,25.0,0.85,,10.0,0.027598972321730943,,25.0,0.0473163188676468,0.010000000000005116,retrodiction,0,0.07714598669960278,1.0,1.0,25/25/25 Hz,1.0,1500,gps,101,25,0.022853369711477826,0.045886201595883885,0.07204026645314146,outage_window,0.2217988481367863
0.3236480474641897,1.0,,25.0,held-out,zero,60,1.0,,25.0,0.85,,10.0,0.03294604333656006,,24.95,0.0612258517915002,0.010000000000005116,retrodiction,0,0.08444666373971936,1.0,1.0,25/25/25 Hz,1.0,2000,gps,101,40,0.04755692542902414,0.04600055891274944,0.07775472490617363,after_return,0.2525825130045252
0.3354166880342355,1.0,,25.0,held-out,zero,60,1.0,,25.0,0.85,,10.0,0.03609733705033091,,24.97872340425532,0.08161305272143854,0.010000000000005116,horizon,0,0.09450210982181356,1.0,1.0,25/25/25 Hz,1.0,4700,gps,101,13,0.033409812258356084,0.048069577729274025,0.087336309852483,flight,0.2564562469162134
0.3447443455955635,1.0,,25.0,held-out,zero,25,1.0,,25.0,0.85,,10.0,0.05144716079663215,,25.0,0.08161305272143854,0.010000000000001563,horizon,0,0.08219971400589969,1.0,1.0,25/25/25 Hz,1.0,700,gps,101,18,0.056372932023955484,0.05103212559206727,0.06410914621656708,before_outage,0.24652001972687335
0.3127539194498855,1.0,,25.0,held-out,zero,40,1.0,,25.0,0.85,,10.0,0.02912033591197389,,25.0,0.0568502304088031,0.010000000000005116,horizon,0,0.09052285842465171,1.0,1.0,25/25/25 Hz,1.0,1500,gps,101,25,0.02214303497410498,0.047015052078768715,0.08571110741171964,outage_window,0.2239622981362934
0.323672690789221,1.0,,25.0,held-out,zero,60,1.0,,25.0,0.85,,10.0,0.03461493922241879,,24.95,0.07066602164014127,0.010000000000005116,horizon,0,0.10457623407726745,1.0,1.0,25/25/25 Hz,1.0,2000,gps,101,40,0.033409812258356084,0.04730423529176901,0.0986812784494186,after_return,0.2511151989675814
0.6294854897658055,1.0,,24.97872340425532,held-out,zero,60,1.0,,25.0,0.85,,0.0,0.3199435679174256,,24.97872340425532,0.4247827691976241,0.010000000000005116,retrodiction,0,0.32914573022785054,1.0,1.0,25/25/25 Hz,1.0,4700,denied,101,13,0.3873805905190704,0.06413853115941752,0.07728534838824644,flight,0.552273256764446
0.9284873179208062,1.0,,25.0,held-out,zero,25,1.0,,25.0,0.85,,0.0,0.19814180953188412,,25.0,0.2670339978792269,0.010000000000001563,retrodiction,0,0.20773670956401638,1.0,1.0,25/25/25 Hz,1.0,700,denied,101,18,0.2542270664335756,0.08378272785546449,0.06240483808099369,before_outage,0.8466443424361824
0.5750815918590858,1.0,,25.0,held-out,zero,40,1.0,,25.0,0.85,,0.0,0.32125083669229954,,25.0,0.40916877340398844,0.010000000000005116,retrodiction,0,0.3305639974097814,1.0,1.0,25/25/25 Hz,1.0,1500,denied,101,25,0.34252422426143675,0.059324334730139386,0.07791313309084334,outage_window,0.4796940638398579
0.42815600081411975,1.0,,25.0,held-out,zero,60,1.0,,25.0,0.85,,0.0,0.3765881729518847,,24.95,0.4247827691976241,0.010000000000005116,retrodiction,0,0.38572246813959815,1.0,1.0,25/25/25 Hz,1.0,2000,denied,101,40,0.3873805905190704,0.051517485836049995,0.08344561354837483,after_return,0.3588957780507526
0.6360574090124363,1.0,,24.97872340425532,held-out,zero,60,1.0,,25.0,0.85,,0.0,0.2926228282333109,,24.97872340425532,0.39488657359557866,0.010000000000005116,horizon,0,0.308756070943929,1.0,1.0,25/25/25 Hz,1.0,4700,denied,101,13,0.350919482738911,0.06612727609843891,0.09849970427098098,flight,0.557209853250598
0.9346173886808993,1.0,,25.0,held-out,zero,25,1.0,,25.0,0.85,,0.0,0.1783708670279506,,25.0,0.2664055618416441,0.010000000000001563,horizon,0,0.19564710716127054,1.0,1.0,25/25/25 Hz,1.0,700,denied,101,18,0.19719521176991997,0.08673835860738735,0.08038422940024267,before_outage,0.8529462352909627
0.5908369806292498,1.0,,25.0,held-out,zero,40,1.0,,25.0,0.85,,0.0,0.2936127298839648,,25.0,0.38645147650914374,0.010000000000005116,horizon,0,0.30901774381494984,1.0,1.0,25/25/25 Hz,1.0,1500,denied,101,25,0.30988819668922024,0.06196625329368743,0.09635108116968834,outage_window,0.4938570275782163
0.43924048014298095,1.0,,25.0,held-out,zero,60,1.0,,25.0,0.85,,0.0,0.3438640107415435,,24.95,0.39488657359557866,0.010000000000005116,horizon,0,0.36048056825784847,1.0,1.0,25/25/25 Hz,1.0,2000,denied,101,40,0.350919482738911,0.05296444757911221,0.10818402011499201,after_return,0.3680115982144894
0.3207170345887454,1.0,,25.0,held-out,zero,60,1.0,,25.0,0.85,,6.808510638297872,0.03511813021725598,,24.97872340425532,0.07014128345400057,0.010000000000005116,retrodiction,0,0.08082124389113818,1.0,1.0,25/25/25 Hz,1.0,4700,transition,101,13,0.04790284984734454,0.048827928155771805,0.07279279081169159,flight,0.23721165058497687
0.3470467642305616,1.0,,25.0,held-out,zero,25,1.0,,25.0,0.85,,10.0,0.04936024498790453,,25.0,0.06685638684853815,0.010000000000001563,retrodiction,0,0.0735348361509218,1.0,1.0,25/25/25 Hz,1.0,700,transition,101,18,0.046620018081579694,0.04889034985751088,0.054506314702765964,before_outage,0.25159942847583044
0.2582488008604907,1.0,,25.0,held-out,zero,40,1.0,,25.0,0.85,,0.0,0.025582657291676733,,25.0,0.052662543077623844,0.010000000000005116,retrodiction,0,0.0818131814347521,1.0,1.0,25/25/25 Hz,1.0,1500,transition,101,25,0.019916175117592038,0.05259542825226645,0.07771051603465444,outage_window,0.1352584533115739
0.33719456446220303,1.0,,25.0,held-out,zero,60,1.0,,25.0,0.85,,10.0,0.03596872027239365,,24.95,0.07014128345400057,0.010000000000005116,retrodiction,0,0.08568112827151327,1.0,1.0,25/25/25 Hz,1.0,2000,transition,101,40,0.04790284984734454,0.046205795879521686,0.07776571805008815,after_return,0.266850652236732
0.3252966515927803,1.0,,25.0,held-out,zero,60,1.0,,25.0,0.85,,6.808510638297872,0.03648931500862651,,24.97872340425532,0.08161305272143854,0.010000000000005116,horizon,0,0.09777834147413603,1.0,1.0,25/25/25 Hz,1.0,4700,transition,101,13,0.033670062141262586,0.05056341366906992,0.0907145740861631,flight,0.2410714765090779
0.3447443455955635,1.0,,25.0,held-out,zero,25,1.0,,25.0,0.85,,10.0,0.05144716079663215,,25.0,0.08161305272143854,0.010000000000001563,horizon,0,0.08219971400589969,1.0,1.0,25/25/25 Hz,1.0,700,transition,101,18,0.056372932023955484,0.05103212559206727,0.06410914621656708,before_outage,0.24652001972687335
0.2578724522234731,1.0,,25.0,held-out,zero,40,1.0,,25.0,0.85,,0.13333333333333333,0.0267414070452261,,25.0,0.061034760752828474,0.010000000000005116,horizon,0,0.0994461341070229,1.0,1.0,25/25/25 Hz,1.0,1500,transition,101,25,0.020091025061491758,0.054544210099171535,0.09578324873417854,outage_window,0.1333409392506966
0.33546755271497997,1.0,,25.0,held-out,zero,60,1.0,,25.0,0.85,,9.9,0.0369421901902887,,24.95,0.07554404783445778,0.010000000000005116,horizon,0,0.10557094496941098,1.0,1.0,25/25/25 Hz,1.0,2000,transition,101,40,0.033670062141262586,0.04735228556982471,0.09889640542344771,after_return,0.26335451355806905
0.38104460750733354,1.0,,25.0,held-out,nominal,60,1.0,,25.0,0.85,,10.0,0.0410154997477101,,24.97872340425532,0.09030738485963517,0.010000000000005116,retrodiction,0,0.08247222884829702,1.0,1.0,25/25/25 Hz,1.0,4700,gps,101,13,0.030751867144295637,0.04182706545468678,0.07154996374318766,flight,0.3072074019863321
0.34463713019083475,1.0,,25.0,held-out,nominal,25,1.0,,25.0,0.85,,10.0,0.05243898737528696,,25.0,0.09030738485963517,0.010000000000001563,retrodiction,0,0.07696823742471193,1.0,1.0,25/25/25 Hz,1.0,700,gps,101,18,0.03378707323828164,0.04783871275394194,0.05634059083219949,before_outage,0.25006156597769147
0.3504539143745285,1.0,,25.0,held-out,nominal,40,1.0,,25.0,0.85,,10.0,0.03822662308507235,,25.0,0.07058667505359871,0.010000000000005116,retrodiction,0,0.08176899087434146,1.0,1.0,25/25/25 Hz,1.0,1500,gps,101,25,0.028199339185005248,0.03912972534631104,0.07228342241565455,outage_window,0.27185388284266016
0.300713669195998,1.0,,25.0,held-out,nominal,60,1.0,,25.0,0.85,,10.0,0.036921829908804056,,24.95,0.07369089291250337,0.010000000000005116,retrodiction,0,0.08626014562160311,1.0,1.0,25/25/25 Hz,1.0,2000,gps,101,40,0.030751867144295637,0.03795591000085452,0.07795890711679787,after_return,0.22487839717215063
0.335842238623491,1.0,,25.0,held-out,nominal,60,1.0,,25.0,0.85,,10.0,0.03609665242883151,,24.97872340425532,0.08160818360345831,0.010000000000005116,horizon,0,0.089636885746844,1.0,1.0,25/25/25 Hz,1.0,4700,gps,101,13,0.0334089470918246,0.04806981960220644,0.08204756528883048,flight,0.25693199003710615
0.3447350845648084,1.0,,25.0,held-out,nominal,25,1.0,,25.0,0.85,,10.0,0.051444135393798204,,25.0,0.08160818360345831,0.010000000000001563,horizon,0,0.07852389556507434,1.0,1.0,25/25/25 Hz,1.0,700,gps,101,18,0.05637293843043822,0.05102852731159738,0.05932540019501984,before_outage,0.24650975387156226
0.31275824235077465,1.0,,25.0,held-out,nominal,40,1.0,,25.0,0.85,,10.0,0.02912082944769059,,25.0,0.05685017355015233,0.010000000000005116,horizon,0,0.08543837207431797,1.0,1.0,25/25/25 Hz,1.0,1500,gps,101,25,0.022145854521621284,0.04701504718515545,0.0803224297129271,outage_window,0.2239686800767604
0.3236742274550696,1.0,,25.0,held-out,nominal,60,1.0,,25.0,0.85,,10.0,0.03461570926302263,,24.95,0.07066516755954956,0.010000000000005116,horizon,0,0.09940889528899435,1.0,1.0,25/25/25 Hz,1.0,2000,gps,101,40,0.0334089470918246,0.04730497001635505,0.09318734428449034,after_return,0.2511171759339745
0.6073096187886415,1.0,,24.97872340425532,held-out,nominal,60,1.0,,25.0,0.85,,0.0,0.3492116802877568,,24.97872340425532,0.47960418870173843,0.010000000000005116,retrodiction,0,0.35776786739406874,1.0,1.0,25/25/25 Hz,1.0,4700,denied,101,13,0.4170599012886616,0.06512363668923475,0.07777563429700514,flight,0.53073492799445
0.9392587062372608,1.0,,25.0,held-out,nominal,25,1.0,,25.0,0.85,,0.0,0.18085887540359363,,25.0,0.26190211519131656,0.010000000000001563,retrodiction,0,0.19148547054688034,1.0,1.0,25/25/25 Hz,1.0,700,denied,101,18,0.24661602311445027,0.08696608213916188,0.06290272345699814,before_outage,0.8567279857439583
0.5602743736850948,1.0,,25.0,held-out,nominal,40,1.0,,25.0,0.85,,0.0,0.33822414902995107,,25.0,0.4537375978178228,0.010000000000005116,retrodiction,0,0.3471539136272241,1.0,1.0,25/25/25 Hz,1.0,1500,denied,101,25,0.36806874523931227,0.06005101378199789,0.07823212102240143,outage_window,0.4653347139213335
0.4034213369369807,1.0,,25.0,held-out,nominal,60,1.0,,25.0,0.85,,0.0,0.425768886003486,,24.95,0.47960418870173843,0.010000000000005116,retrodiction,0,0.43395879950947697,1.0,1.0,25/25/25 Hz,1.0,2000,denied,101,40,0.4170599012886616,0.051527389281114715,0.08391123514200582,after_return,0.3332256123808595
0.6365989438814381,1.0,,24.97872340425532,held-out,nominal,60,1.0,,25.0,0.85,,0.0,0.3078380197682925,,24.97872340425532,0.4121306311767619,0.010000000000005116,horizon,0,0.3216522721825607,1.0,1.0,25/25/25 Hz,1.0,4700,denied,101,13,0.36826244528219493,0.06611525179772257,0.09325201223212554,flight,0.5577326296759226
0.9351895420844557,1.0,,25.0,held-out,nominal,25,1.0,,25.0,0.85,,0.0,0.1919180702565309,,25.0,0.27706659711213977,0.010000000000001563,horizon,0,0.20649337019586667,1.0,1.0,25/25/25 Hz,1.0,700,denied,101,18,0.21103752227655154,0.08670322931350656,0.07620345296544316,before_outage,0.8534878554219791
0.5913164097951122,1.0,,25.0,held-out,nominal,40,1.0,,25.0,0.85,,0.0,0.30916274560880463,,25.0,0.40375593432074464,0.010000000000005116,horizon,0,0.3222506861133908,1.0,1.0,25/25/25 Hz,1.0,1500,denied,101,25,0.32640393938866713,0.061963239093715955,0.0909060032570822,outage_window,0.49432844582901553
0.43964269922049554,1.0,,25.0,held-out,nominal,60,1.0,,25.0,0.85,,0.0,0.36076378299696565,,24.95,0.4121306311767619,0.010000000000005116,horizon,0,0.37506569865991196,1.0,1.0,25/25/25 Hz,1.0,2000,denied,101,40,0.36826244528219493,0.052963733760615105,0.10258543361007047,after_return,0.3684162979323741
0.35499525818656197,1.0,,25.0,held-out,nominal,60,1.0,,25.0,0.85,,6.808510638297872,0.04000127870704947,,24.97872340425532,0.10219293307740618,0.010000000000005116,retrodiction,0,0.08360780924014477,1.0,1.0,25/25/25 Hz,1.0,4700,transition,101,13,0.030856960093033788,0.046700716511742,0.07341773265184229,flight,0.2793197523714246
0.34463713019083475,1.0,,25.0,held-out,nominal,25,1.0,,25.0,0.85,,10.0,0.05243898737528696,,25.0,0.09030738485963517,0.010000000000001563,retrodiction,0,0.07696823742471193,1.0,1.0,25/25/25 Hz,1.0,700,transition,101,18,0.03378707323828164,0.04783871275394194,0.05634059083219949,before_outage,0.25006156597769147
0.26270558315985343,1.0,,25.0,held-out,nominal,40,1.0,,25.0,0.85,,0.06666666666666667,0.028736800711156068,,25.0,0.058099948939023316,0.010000000000005116,retrodiction,0,0.0830227659326148,1.0,1.0,25/25/25 Hz,1.0,1500,transition,101,25,0.04942940903552352,0.05369890975714684,0.07789079501448837,outage_window,0.16707537367921613
0.2927867958886791,1.0,,25.0,held-out,nominal,60,1.0,,25.0,0.85,,9.95,0.04057989411840771,,24.95,0.10219293307740618,0.010000000000005116,retrodiction,0,0.08791505774556933,1.0,1.0,25/25/25 Hz,1.0,2000,transition,101,40,0.030856960093033788,0.0379504775213212,0.07798929139148278,after_return,0.21592690545485582
0.32580091033376607,1.0,,25.0,held-out,nominal,60,1.0,,25.0,0.85,,6.808510638297872,0.03649201993764885,,24.97872340425532,0.08160818360345831,0.010000000000005116,horizon,0,0.09287206729716009,1.0,1.0,25/25/25 Hz,1.0,4700,transition,101,13,0.03367592561067858,0.050559411296253375,0.08540230304223928,flight,0.24163626143085243
0.3447350845648084,1.0,,25.0,held-out,nominal,25,1.0,,25.0,0.85,,10.0,0.051444135393798204,,25.0,0.08160818360345831,0.010000000000001563,horizon,0,0.07852389556507434,1.0,1.0,25/25/25 Hz,1.0,700,transition,101,18,0.05637293843043822,0.05102852731159738,0.05932540019501984,before_outage,0.24650975387156226
0.2581103805151217,1.0,,25.0,held-out,nominal,40,1.0,,25.0,0.85,,0.13333333333333333,0.02675464173604612,,25.0,0.06102294929125007,0.010000000000005116,horizon,0,0.094210163583839,1.0,1.0,25/25/25 Hz,1.0,1500,transition,101,25,0.02008678310439806,0.0545312583813011,0.09033130170693614,outage_window,0.1336451170711397
0.3354842678535478,1.0,,25.0,held-out,nominal,60,1.0,,25.0,0.85,,9.9,0.03694386747182184,,24.95,0.07554158340363416,0.010000000000005116,horizon,0,0.10043806744571757,1.0,1.0,25/25/25 Hz,1.0,2000,transition,101,40,0.03367592561067858,0.04735358367759753,0.09339676679872261,after_return,0.2633714740388217
0.4358788046889025,1.0,,24.97872340425532,held-out,stress,60,1.0,,24.97872340425532,0.85,,10.0,0.047398122041866865,,24.97872340425532,0.12380500366561165,0.010000000000005116,retrodiction,0,0.08681538028545883,1.0,1.0,25/25/25 Hz,1.0,4700,gps,101,13,0.03898684933186172,0.04992599425650879,0.07273464292215319,flight,0.36447111458245235
0.5081240258088057,1.0,,25.0,held-out,stress,25,1.0,,25.0,0.85,,10.0,0.0630007813294421,,25.0,0.11263439207289122,0.010000000000001563,retrodiction,0,0.08527907705304315,1.0,1.0,25/25/25 Hz,1.0,700,gps,101,18,0.034920122370059196,0.06269696482183335,0.057475408088144005,before_outage,0.4187876265648687
0.4478415472159641,1.0,,25.0,held-out,stress,40,1.0,,25.0,0.85,,10.0,0.04441476073281497,,25.0,0.0869641386530714,0.010000000000005116,retrodiction,0,0.0854585455781638,1.0,1.0,25/25/25 Hz,1.0,1500,gps,101,25,0.0340518822714439,0.04483186913730762,0.07301021874629535,outage_window,0.3812461531784114
0.35006402730246,1.0,,25.0,held-out,stress,60,1.0,,25.0,0.85,,10.0,0.039568294586375084,,24.95,0.08930871105467131,0.010000000000005116,retrodiction,0,0.0882057730240506,1.0,1.0,25/25/25 Hz,1.0,2000,gps,101,40,0.03898684933186172,0.039891741177669963,0.07883278796475596,after_return,0.27798361259018134
0.3365442308708193,1.0,,25.0,held-out,stress,60,1.0,,25.0,0.85,,10.0,0.036094568211103926,,24.97872340425532,0.08159844155217681,0.010000000000005116,horizon,0,0.08169598191767098,1.0,1.0,25/25/25 Hz,1.0,4700,gps,101,13,0.03340999769416468,0.048070280281969885,0.07328994205991973,flight,0.25771595270656295
0.34472385696299734,1.0,,25.0,held-out,stress,25,1.0,,25.0,0.85,,10.0,0.05143516840246333,,25.0,0.08159844155217681,0.010000000000001563,horizon,0,0.07300104564092343,1.0,1.0,25/25/25 Hz,1.0,700,gps,101,18,0.05636473381609702,0.051022903863184456,0.05180324426209639,before_outage,0.24649747175619638
0.3127651899495181,1.0,,25.0,held-out,stress,40,1.0,,25.0,0.85,,10.0,0.02912057271801243,,25.0,0.05684183115705242,0.010000000000005116,horizon,0,0.07708238908237715,1.0,1.0,25/25/25 Hz,1.0,1500,gps,101,25,0.022154498532335153,0.047015035208889215,0.0713700704162601,outage_window,0.22397869754829894
0.323676366944769,1.0,,25.0,held-out,stress,60,1.0,,25.0,0.85,,10.0,0.03461827742706233,,24.95,0.07066496474155694,0.010000000000005116,horizon,0,0.09082621061157332,1.0,1.0,25/25/25 Hz,1.0,2000,gps,101,40,0.03340999769416468,0.047306183978405046,0.08397008635246733,after_return,0.25111980031381564
0.4784669224881246,1.0,,24.97872340425532,held-out,stress,60,1.0,,24.97872340425532,0.85,,0.0,0.3895035368174531,,24.97872340425532,0.5603369514002835,0.010000000000005116,retrodiction,0,0.39736225180361595,1.0,1.0,25/25/25 Hz,1.0,4700,denied,101,13,0.553863530901076,0.06599347420503919,0.07863684864702601,flight,0.4019256050176561
0.670128362787601,1.0,,25.0,held-out,stress,25,1.0,,25.0,0.85,,0.0,0.2278284484172198,,25.0,0.3312153897127781,0.010000000000001563,retrodiction,0,0.2369704863659719,1.0,1.0,25/25/25 Hz,1.0,700,denied,101,18,0.2938840912433521,0.08729831041040415,0.06518596091435257,before_outage,0.5993841173047127
0.45388288095974616,1.0,,25.0,held-out,stress,40,1.0,,25.0,0.85,,0.0,0.3515684936647664,,25.0,0.4729949569936203,0.010000000000005116,retrodiction,0,0.36030580983806293,1.0,1.0,25/25/25 Hz,1.0,1500,denied,101,25,0.4433381395893115,0.061530254426193594,0.0788661579218201,outage_window,0.35497750725176347
0.39557027964885655,1.0,,25.0,held-out,stress,60,1.0,,25.0,0.85,,0.0,0.4763254815157084,,24.95,0.5603369514002835,0.010000000000005116,retrodiction,0,0.483707063478887,1.0,1.0,25/25/25 Hz,1.0,2000,denied,101,40,0.553863530901076,0.053365275616326986,0.08418170180149905,after_return,0.32379087529591105
0.6327813636871541,1.0,,24.97872340425532,held-out,stress,60,1.0,,25.0,0.85,,0.0,0.33591589737730565,,24.97872340425532,0.44586401283029703,0.010000000000005116,horizon,0,0.3464156241246717,1.0,1.0,25/25/25 Hz,1.0,4700,denied,101,13,0.4032208646666619,0.06601155015828447,0.08464215573155807,flight,0.5540508261950041
0.9302061679404019,1.0,,25.0,held-out,stress,25,1.0,,25.0,0.85,,0.0,0.2149566379876514,,25.0,0.29027545480363515,0.010000000000001563,horizon,0,0.2260189390616661,1.0,1.0,25/25/25 Hz,1.0,700,denied,101,18,0.23264740461061578,0.08653636122292532,0.06984414506318264,before_outage,0.848766943061093
0.5875625672705538,1.0,,25.0,held-out,stress,40,1.0,,25.0,0.85,,0.0,0.3371412152427754,,25.0,0.43716443592337306,0.010000000000005116,horizon,0,0.34694780749883686,1.0,1.0,25/25/25 Hz,1.0,1500,denied,101,25,0.35592398603135855,0.06185782986023158,0.08190593454002326,outage_window,0.4906358124476465
0.43692715147269123,1.0,,25.0,held-out,stress,60,1.0,,25.0,0.85,,0.0,0.3933081001601564,,24.95,0.44586401283029703,0.010000000000005116,horizon,0,0.40420903217320886,1.0,1.0,25/25/25 Hz,1.0,2000,denied,101,40,0.4032208646666619,0.052898909110649414,0.09323990582797993,after_return,0.3656842095719288
0.39597254487338573,1.0,,24.97872340425532,held-out,stress,60,1.0,,24.97872340425532,0.85,,6.808510638297872,0.04497731886799131,,24.97872340425532,0.12380500366561165,0.010000000000005116,retrodiction,0,0.08707501281393842,1.0,1.0,25/25/25 Hz,1.0,4700,transition,101,13,0.03918250642075729,0.054169659504011335,0.07455936322149333,flight,0.32201125656987606
0.5081240258088057,1.0,,25.0,held-out,stress,25,1.0,,25.0,0.85,,10.0,0.0630007813294421,,25.0,0.11263439207289122,0.010000000000001563,retrodiction,0,0.08527907705304315,1.0,1.0,25/25/25 Hz,1.0,700,transition,101,18,0.034920122370059196,0.06269696482183335,0.057475408088144005,before_outage,0.4187876265648687
0.33782917981202515,1.0,,25.0,held-out,stress,40,1.0,,25.0,0.85,,0.06666666666666667,0.029217018682597372,,25.0,0.05593277502593904,0.010000000000005116,retrodiction,0,0.08382620674138232,1.0,1.0,25/25/25 Hz,1.0,1500,transition,101,25,0.0439337473254459,0.0583012399603398,0.0785697063501559,outage_window,0.2621636067264165
0.33069497565760725,1.0,,25.0,held-out,stress,60,1.0,,25.0,0.85,,9.95,0.04335220919271813,,24.95,0.11186409911769356,0.010000000000005116,retrodiction,0,0.08996445307601157,1.0,1.0,25/25/25 Hz,1.0,2000,transition,101,40,0.03918250642075729,0.039844738055568665,0.07883012606470126,after_return,0.2573739981384413
0.3266297425677756,1.0,,25.0,held-out,stress,60,1.0,,25.0,0.85,,6.808510638297872,0.0364931314973412,,24.97872340425532,0.08159844155217681,0.010000000000005116,horizon,0,0.08486586299234485,1.0,1.0,25/25/25 Hz,1.0,4700,transition,101,13,0.03367366169387938,0.05055642093194658,0.07661896667897063,flight,0.24256439933127147
0.34472385696299734,1.0,,25.0,held-out,stress,25,1.0,,25.0,0.85,,10.0,0.05143516840246333,,25.0,0.08159844155217681,0.010000000000001563,horizon,0,0.07300104564092343,1.0,1.0,25/25/25 Hz,1.0,700,transition,101,18,0.05636473381609702,0.051022903863184456,0.05180324426209639,before_outage,0.24649747175619638
0.25849428244167333,1.0,,25.0,held-out,stress,40,1.0,,25.0,0.85,,0.13333333333333333,0.026773399388761106,,25.0,0.06099995995512251,0.010000000000005116,horizon,0,0.08561273801489293,1.0,1.0,25/25/25 Hz,1.0,1500,transition,101,25,0.02008377476704929,0.05452021158249628,0.0813186694159255,outage_window,0.13413643918642962
0.33551027718154586,1.0,,25.0,held-out,stress,60,1.0,,25.0,0.85,,9.9,0.03694329606279509,,24.95,0.07553845270738485,0.010000000000005116,horizon,0,0.0919199205564506,1.0,1.0,25/25/25 Hz,1.0,2000,transition,101,40,0.03367366169387938,0.047355725536748036,0.08416926203264977,after_return,0.2633979899604654
0.3585280134260026,1.0,,24.95744680851064,held-out,zero,60,1.0,,24.95744680851064,0.85,,10.0,0.050201222944174805,,25.0,0.08651656652860415,0.010000000000005116,retrodiction,0,0.06993120324204394,1.0,1.0,25/25/25 Hz,1.0,4700,gps,307,13,0.03077736973567307,0.04568924593547068,0.048684806683289936,flight,0.28201676323807867
0.3816397226257911,1.0,,25.0,held-out,zero,25,1.0,,25.0,0.85,,10.0,0.06205667416823662,,25.0,0.08651656652860415,0.010000000000001563,retrodiction,0,0.07403503155031135,1.0,1.0,25/25/25 Hz,1.0,700,gps,307,18,0.0860756200099413,0.04630994750870068,0.04037517910589266,before_outage,0.30300225602765296
0.34057194461311635,1.0,,24.933333333333334,held-out,zero,40,1.0,,25.0,0.85,,10.0,0.057779042749293984,,25.0,0.08520118115382841,0.010000000000005116,retrodiction,0,0.07488958922502469,1.0,1.0,25/25/25 Hz,1.0,1500,gps,307,25,0.02709502415310102,0.04476394222948605,0.04764486114229101,outage_window,0.26457068976152004
0.3420332337792357,1.0,,24.95,held-out,zero,60,1.0,,24.95,0.85,,10.0,0.03953165842581096,,25.0,0.07450281211795283,0.010000000000005116,retrodiction,0,0.06755224097808372,1.0,1.0,25/25/25 Hz,1.0,2000,gps,307,40,0.03077736973567307,0.04639702386464807,0.054777305914640445,after_return,0.2635633366792191
0.36119435478262896,1.0,,24.95744680851064,held-out,zero,60,1.0,,24.95744680851064,0.85,,10.0,0.05203947453116513,,25.0,0.09786433921841163,0.010000000000005116,horizon,0,0.07248863794932808,1.0,1.0,25/25/25 Hz,1.0,4700,gps,307,13,0.018747358664042774,0.04749853100275852,0.05046281524319649,flight,0.28386753147293525
0.38182652701478265,1.0,,25.0,held-out,zero,25,1.0,,25.0,0.85,,10.0,0.0632428727429722,,25.0,0.0903251240000957,0.010000000000001563,horizon,0,0.07410682450161116,1.0,1.0,25/25/25 Hz,1.0,700,gps,307,18,0.0818388062498548,0.04850828814501273,0.03862849317445374,before_outage,0.30287489723699945
0.34114025505340195,1.0,,24.933333333333334,held-out,zero,40,1.0,,25.0,0.85,,10.0,0.060690280047367484,,25.0,0.09786433921841163,0.010000000000005116,horizon,0,0.0777367430399529,1.0,1.0,25/25/25 Hz,1.0,1500,gps,307,25,0.02916790261066856,0.04664077276727915,0.04857665206899066,outage_window,0.2632318803146931
0.34398553108153085,1.0,,24.95,held-out,zero,60,1.0,,24.95,0.85,,10.0,0.0409745914767601,,25.0,0.08356856431030271,0.010000000000005116,horizon,0,0.07142663781058435,1.0,1.0,25/25/25 Hz,1.0,2000,gps,307,40,0.018747358664042774,0.04786133260646557,0.05850510612106448,after_return,0.26531215591614604
0.5014466850241036,1.0,,24.95744680851064,held-out,zero,60,1.0,,24.97872340425532,0.85,,0.0,0.27045613187445455,,25.0,0.42757071972727284,0.010000000000005116,retrodiction,0,0.27571532855080333,1.0,1.0,25/25/25 Hz,1.0,4700,denied,307,13,0.18168872114442738,0.05801204894311788,0.05359499164460284,flight,0.4330209214582906
0.584551655416396,1.0,,25.0,held-out,zero,25,1.0,,25.0,0.85,,0.0,0.21764025713927468,,25.0,0.2796974124478308,0.010000000000001563,retrodiction,0,0.22299582037090201,1.0,1.0,25/25/25 Hz,1.0,700,denied,307,18,0.2707905875100188,0.06795451473737692,0.04857833236374011,before_outage,0.5316217815745524
0.5496724945723729,1.0,,24.933333333333334,held-out,zero,40,1.0,,25.0,0.85,,0.0,0.3143065845089738,,25.0,0.42757071972727284,0.010000000000005116,retrodiction,0,0.318254477081681,1.0,1.0,25/25/25 Hz,1.0,1500,denied,307,25,0.29084206554673236,0.05585940889102529,0.04997282378290732,outage_window,0.47704032330792745
0.4443263217720129,1.0,,24.95,held-out,zero,60,1.0,,25.0,0.85,,0.0,0.26562830865327647,,25.0,0.3826504362327365,0.010000000000005116,retrodiction,0,0.2722094978091459,1.0,1.0,25/25/25 Hz,1.0,2000,denied,307,40,0.18168872114442738,0.050215279395649404,0.059494641267151815,after_return,0.3703887829132213
0.5140449807331942,1.0,,24.95744680851064,held-out,zero,60,1.0,,24.97872340425532,0.85,,0.0,0.24995890655031455,,25.0,0.4139297484050064,0.010000000000005116,horizon,0,0.2574618284791342,1.0,1.0,25/25/25 Hz,1.0,4700,denied,307,13,0.15201544367416905,0.06037163507860017,0.06170201098821829,flight,0.4438368373217957
0.6032198355024985,1.0,,25.0,held-out,zero,25,1.0,,25.0,0.85,,0.0,0.19193457082477225,,25.0,0.2577354009674247,0.010000000000001563,horizon,0,0.199924344636015,1.0,1.0,25/25/25 Hz,1.0,700,denied,307,18,0.21561200222977958,0.0694387388288057,0.0559541249636752,before_outage,0.548380833068664
0.5638554638657122,1.0,,24.933333333333334,held-out,zero,40,1.0,,25.0,0.85,,0.0,0.29420575408944294,,25.0,0.4139297484050064,0.010000000000005116,horizon,0,0.29940301544194886,1.0,1.0,25/25/25 Hz,1.0,1500,denied,307,25,0.2758188685332768,0.05854927903507849,0.05554403583098818,outage_window,0.48847080032793294
0.45321853315495736,1.0,,24.95,held-out,zero,60,1.0,,25.0,0.85,,0.0,0.24655413940137194,,25.0,0.3619655034192183,0.010000000000005116,horizon,0,0.25610670437708233,1.0,1.0,25/25/25 Hz,1.0,2000,denied,307,40,0.15201544367416905,0.05245656873511461,0.06929430258642542,after_return,0.37803653560229916
0.3380377115875853,1.0,,24.95744680851064,held-out,zero,60,1.0,,24.95744680851064,0.85,,6.808510638297872,0.07536645199376753,,25.0,0.1418862576855246,0.010000000000005116,retrodiction,0,0.09010370259728695,1.0,1.0,25/25/25 Hz,1.0,4700,transition,307,13,0.030898656115478613,0.047282470950044855,0.04938193126652165,flight,0.25864902060207134
0.3816397226257911,1.0,,25.0,held-out,zero,25,1.0,,25.0,0.85,,10.0,0.06205667416823662,,25.0,0.08651656652860415,0.010000000000001563,retrodiction,0,0.07403503155031135,1.0,1.0,25/25/25 Hz,1.0,700,transition,307,18,0.0860756200099413,0.04630994750870068,0.04037517910589266,before_outage,0.30300225602765296
0.24315530249822662,1.0,,24.933333333333334,held-out,zero,40,1.0,,25.0,0.85,,0.0,0.11248907549658854,,25.0,0.1418862576855246,0.010000000000005116,retrodiction,0,0.12303711002039888,1.0,1.0,25/25/25 Hz,1.0,1500,transition,307,25,0.12903453164473183,0.04961038182976809,0.04984313730188483,outage_window,0.14489111934833046
0.3550973326522047,1.0,,24.95,held-out,zero,60,1.0,,24.95,0.85,,10.0,0.04474459332193373,,25.0,0.10272036986003227,0.010000000000005116,retrodiction,0,0.0707287766200833,1.0,1.0,25/25/25 Hz,1.0,2000,transition,307,40,0.030898656115478613,0.04645150869665105,0.05477664840630911,after_return,0.2766379694000634
0.3407654685709771,1.0,,24.95744680851064,held-out,zero,60,1.0,,24.95744680851064,0.85,,6.808510638297872,0.07617252423290351,,25.0,0.1489194780913228,0.010000000000005116,horizon,0,0.09256584887257605,1.0,1.0,25/25/25 Hz,1.0,4700,transition,307,13,0.019287310870910113,0.04909445149863654,0.05259451425280317,flight,0.2604508107815588
0.38182652701478265,1.0,,25.0,held-out,zero,25,1.0,,25.0,0.85,,10.0,0.0632428727429722,,25.0,0.0903251240000957,0.010000000000001563,horizon,0,0.07410682450161116,1.0,1.0,25/25/25 Hz,1.0,700,transition,307,18,0.0818388062498548,0.04850828814501273,0.03862849317445374,before_outage,0.30287489723699945
0.24110452547176905,1.0,,24.933333333333334,held-out,zero,40,1.0,,25.0,0.85,,0.13333333333333333,0.11201044301882962,,25.0,0.1489194780913228,0.010000000000005116,horizon,0,0.12480501678878606,1.0,1.0,25/25/25 Hz,1.0,1500,transition,307,25,0.14167526192364213,0.05161799703138287,0.05504500767894117,outage_window,0.13836715908930391
0.35820441352250804,1.0,,24.95,held-out,zero,60,1.0,,24.95,0.85,,9.9,0.04798843165236586,,25.0,0.14229609727123216,0.010000000000005116,horizon,0,0.07575820512359732,1.0,1.0,25/25/25 Hz,1.0,2000,transition,307,40,0.019287310870910113,0.04781400215642563,0.058620952492221226,after_return,0.2793675898709354
0.42702023813047985,1.0,,24.95744680851064,held-out,nominal,60,1.0,,24.97872340425532,0.85,,10.0,0.055618740917798726,,25.0,0.11168929988990194,0.010000000000005116,retrodiction,0,0.0747576974249538,1.0,1.0,25/25/25 Hz,1.0,4700,gps,307,13,0.029083156406706865,0.04086549058934446,0.04995266742627191,flight,0.3507171970801738
0.4489836142432897,1.0,,25.0,held-out,nominal,25,1.0,,25.0,0.85,,10.0,0.06553599994891648,,25.0,0.09173105390192594,0.010000000000001563,retrodiction,0,0.07747459906938747,1.0,1.0,25/25/25 Hz,1.0,700,gps,307,18,0.0911723841615208,0.03947455822761461,0.04132004612361842,before_outage,0.3758236374121413
0.3557068806082351,1.0,,24.933333333333334,held-out,nominal,40,1.0,,25.0,0.85,,10.0,0.06808460613548246,,25.0,0.11168929988990194,0.010000000000005116,retrodiction,0,0.08350348935145113,1.0,1.0,25/25/25 Hz,1.0,1500,gps,307,25,0.028659527793365586,0.03789896793840219,0.04834582858162779,outage_window,0.2736309073810358
0.45706568243782264,1.0,,24.95,held-out,nominal,60,1.0,,25.0,0.85,,10.0,0.04272593150011539,,25.0,0.07626837887149146,0.010000000000005116,retrodiction,0,0.07063170224387365,1.0,1.0,25/25/25 Hz,1.0,2000,gps,307,40,0.029083156406706865,0.040038154085077236,0.05624350753033342,after_return,0.3776279958220889
0.3613594956399189,1.0,,24.95744680851064,held-out,nominal,60,1.0,,24.95744680851064,0.85,,10.0,0.052040619406700024,,25.0,0.09786403807684135,0.010000000000005116,horizon,0,0.07435315690236013,1.0,1.0,25/25/25 Hz,1.0,4700,gps,307,13,0.01875020913248751,0.04749883027392286,0.053105233952163156,flight,0.2840386460718318
0.3818327106888192,1.0,,25.0,held-out,nominal,25,1.0,,25.0,0.85,,10.0,0.0632461738750452,,25.0,0.09032788841875797,0.010000000000001563,horizon,0,0.07523391849129259,1.0,1.0,25/25/25 Hz,1.0,700,gps,307,18,0.08184034776756703,0.04851125299732143,0.040743882752163,before_outage,0.3028826610006212
0.341137123127202,1.0,,24.933333333333334,held-out,nominal,40,1.0,,25.0,0.85,,10.0,0.060689890524056544,,25.0,0.09786403807684135,0.010000000000005116,horizon,0,0.07944081507152932,1.0,1.0,25/25/25 Hz,1.0,1500,gps,307,25,0.029169613835193245,0.04663959010520354,0.05125992867149692,outage_window,0.2632282232034473
0.3439850131785039,1.0,,24.95,held-out,nominal,60,1.0,,24.95,0.85,,10.0,0.040976003021144625,,25.0,0.08356870061878949,0.010000000000005116,horizon,0,0.0739425566197464,1.0,1.0,25/25/25 Hz,1.0,2000,gps,307,40,0.01875020913248751,0.0478612811629657,0.06155053903805838,after_return,0.2653114144607332
0.4886212055170053,1.0,,24.95744680851064,held-out,nominal,60,1.0,,24.97872340425532,0.85,,0.0,0.2605781798247378,,25.0,0.398746329816938,0.010000000000005116,retrodiction,0,0.2661444723677204,1.0,1.0,25/25/25 Hz,1.0,4700,denied,307,13,0.20175845209850013,0.05916879841404598,0.054146951632745514,flight,0.4201695269315477
0.5904604436111993,1.0,,25.0,held-out,nominal,25,1.0,,25.0,0.85,,0.0,0.2023498502084794,,25.0,0.2681433487121411,0.010000000000001563,retrodiction,0,0.20831979040322715,1.0,1.0,25/25/25 Hz,1.0,700,denied,307,18,0.2681433487121411,0.06986659053855948,0.04951437361262324,before_outage,0.5369755241813408
0.5158460076350678,1.0,,24.933333333333334,held-out,nominal,40,1.0,,25.0,0.85,,0.0,0.2994666315762143,,25.0,0.398746329816938,0.010000000000005116,retrodiction,0,0.3036876071313341,1.0,1.0,25/25/25 Hz,1.0,1500,denied,307,25,0.2693393704248714,0.05660218476169867,0.05045690535052103,outage_window,0.4436054427565069
0.4316253481020491,1.0,,24.95,held-out,nominal,60,1.0,,25.0,0.85,,0.0,0.2654614124512276,,25.0,0.3644417060970492,0.010000000000005116,retrodiction,0,0.2721179113886329,1.0,1.0,25/25/25 Hz,1.0,2000,denied,307,40,0.20175845209850013,0.05056945947583713,0.05981969740738491,after_return,0.35722165404863326
0.5199472130686887,1.0,,24.95744680851064,held-out,nominal,60,1.0,,24.97872340425532,0.85,,0.0,0.2727097727377751,,25.0,0.4340909797544124,0.010000000000005116,horizon,0,0.2801487399702834,1.0,1.0,25/25/25 Hz,1.0,4700,denied,307,13,0.16827554498692757,0.06046922144978956,0.0641303076575227,flight,0.44968208671410753
0.6107164008341819,1.0,,25.0,held-out,nominal,25,1.0,,25.0,0.85,,0.0,0.21823780389860117,,25.0,0.28237337754216285,0.010000000000001563,horizon,0,0.22576316016254727,1.0,1.0,25/25/25 Hz,1.0,700,denied,307,18,0.2351825948216674,0.06958745433119697,0.05780368012588537,before_outage,0.5556551719308486
0.5699713733461395,1.0,,24.933333333333334,held-out,nominal,40,1.0,,25.0,0.85,,0.0,0.31516552637770484,,25.0,0.4340909797544124,0.010000000000005116,horizon,0,0.3204161216188601,1.0,1.0,25/25/25 Hz,1.0,1500,denied,307,25,0.2979564460540782,0.05866422380214929,0.05776834752990904,outage_window,0.4944619950432874
0.4577730984893278,1.0,,24.95,held-out,nominal,60,1.0,,25.0,0.85,,0.0,0.26909962372846036,,25.0,0.3817662718471986,0.010000000000005116,horizon,0,0.2786413008756005,1.0,1.0,25/25/25 Hz,1.0,2000,denied,307,40,0.16827554498692757,0.05255124343360731,0.07229361702701013,after_return,0.38267542881874933
0.4224450691708807,1.0,,24.95744680851064,held-out,nominal,60,1.0,,24.97872340425532,0.85,,6.808510638297872,0.07328256929106931,,25.0,0.14213621611669217,0.010000000000005116,retrodiction,0,0.08908375660931377,1.0,1.0,25/25/25 Hz,1.0,4700,transition,307,13,0.02906354062601974,0.04590132424622031,0.05065156196729851,flight,0.34705989029593104
0.4489836142432897,1.0,,25.0,held-out,nominal,25,1.0,,25.0,0.85,,10.0,0.06553599994891648,,25.0,0.09173105390192594,0.010000000000001563,retrodiction,0,0.07747459906938747,1.0,1.0,25/25/25 Hz,1.0,700,transition,307,18,0.0911723841615208,0.03947455822761461,0.04132004612361842,before_outage,0.3758236374121413
0.30078881382241457,1.0,,24.933333333333334,held-out,nominal,40,1.0,,25.0,0.85,,0.06666666666666667,0.10503968677985424,,25.0,0.14213621611669217,0.010000000000005116,retrodiction,0,0.11652158663036524,1.0,1.0,25/25/25 Hz,1.0,1500,transition,307,25,0.12670464910546345,0.05242663821173103,0.050437529202448296,outage_window,0.2178562409866891
0.47625202643793696,1.0,,24.95,held-out,nominal,60,1.0,,25.0,0.85,,9.95,0.048763013918009475,,25.0,0.1262754192301893,0.010000000000005116,retrodiction,0,0.0745079013419998,1.0,1.0,25/25/25 Hz,1.0,2000,transition,307,40,0.02906354062601974,0.040567289090527266,0.056334677029527644,after_return,0.3964405851751994
0.3409497602104798,1.0,,24.95744680851064,held-out,nominal,60,1.0,,24.95744680851064,0.85,,6.808510638297872,0.07616900944508996,,25.0,0.14888623754920932,0.010000000000005116,horizon,0,0.09401343184083052,1.0,1.0,25/25/25 Hz,1.0,4700,transition,307,13,0.019290896069232292,0.0490891717545178,0.05510723515695814,flight,0.26064494013596945
0.3818327106888192,1.0,,25.0,held-out,nominal,25,1.0,,25.0,0.85,,10.0,0.0632461738750452,,25.0,0.09032788841875797,0.010000000000001563,horizon,0,0.07523391849129259,1.0,1.0,25/25/25 Hz,1.0,700,transition,307,18,0.08184034776756703,0.04851125299732143,0.040743882752163,before_outage,0.3028826610006212
0.24112408537516164,1.0,,24.933333333333334,held-out,nominal,40,1.0,,25.0,0.85,,0.13333333333333333,0.11200169992459207,,25.0,0.14888623754920932,0.010000000000005116,horizon,0,0.12581923140136486,1.0,1.0,25/25/25 Hz,1.0,1500,transition,307,25,0.14165235673991972,0.051599983474225945,0.057324499164247596,outage_window,0.13838238395587507
0.3582125069332277,1.0,,24.95,held-out,nominal,60,1.0,,24.95,0.85,,9.9,0.04798854428139675,,25.0,0.1422733241342964,0.010000000000005116,horizon,0,0.07814466271058235,1.0,1.0,25/25/25 Hz,1.0,2000,transition,307,40,0.019290896069232292,0.04781423027721154,0.0616740458207754,after_return,0.27937539737115225
0.4633605195363469,1.0,,24.95744680851064,held-out,stress,60,1.0,,24.95744680851064,0.85,,10.0,0.059478562768597885,,25.0,0.12131103446220969,0.010000000000005116,retrodiction,0,0.07824034069381518,1.0,1.0,25/25/25 Hz,1.0,4700,gps,307,13,0.02721892700922246,0.04657104972870166,0.05083159925544574,flight,0.38753028804196
0.4841226902871639,1.0,,25.0,held-out,stress,25,1.0,,24.857142857142858,0.85,,10.0,0.06737829868103093,,25.0,0.10128919538395408,0.010000000000001563,retrodiction,0,0.079886477177496,1.0,1.0,25/25/25 Hz,1.0,700,gps,307,18,0.09926361686340315,0.04700521825902089,0.04291869176338412,before_outage,0.40747679076584625
0.34134161651581835,1.0,,24.933333333333334,held-out,stress,40,1.0,,25.0,0.85,,10.0,0.07174721074908351,,25.0,0.12131103446220969,0.010000000000005116,retrodiction,0,0.08684667368512833,1.0,1.0,25/25/25 Hz,1.0,1500,gps,307,25,0.02849390819939243,0.04143978270161694,0.04893549304847921,outage_window,0.25720923531042894
0.5287042765150802,1.0,,24.95,held-out,stress,60,1.0,,25.0,0.85,,10.0,0.04847675884252448,,25.0,0.0899795239425424,0.010000000000005116,retrodiction,0,0.07461051274730997,1.0,1.0,25/25/25 Hz,1.0,2000,gps,307,40,0.02721892700922246,0.0433967983792333,0.05671624515551279,after_return,0.450202796672893
0.36133557559349977,1.0,,24.95744680851064,held-out,stress,60,1.0,,24.95744680851064,0.85,,10.0,0.05203977049712866,,25.0,0.09786273965692707,0.010000000000005116,horizon,0,0.07333523150505766,1.0,1.0,25/25/25 Hz,1.0,4700,gps,307,13,0.01874817416811454,0.047498829831025546,0.05167125377331753,flight,0.2840138091674942
0.3818322467260275,1.0,,25.0,held-out,stress,25,1.0,,25.0,0.85,,10.0,0.06324408441351659,,25.0,0.0903262072257411,0.010000000000001563,horizon,0,0.0746134885945506,1.0,1.0,25/25/25 Hz,1.0,700,gps,307,18,0.08183898233276268,0.04851084802680627,0.03958987833960999,before_outage,0.3028821598813756
0.3411371306929281,1.0,,24.933333333333334,held-out,stress,40,1.0,,25.0,0.85,,10.0,0.06068919923967288,,25.0,0.09786273965692707,0.010000000000005116,horizon,0,0.07850755714961728,1.0,1.0,25/25/25 Hz,1.0,1500,gps,307,25,0.02916856607691946,0.04663970540384566,0.04980218494451538,outage_window,0.2632282112074145
0.34398510766804735,1.0,,24.95,held-out,stress,60,1.0,,24.95,0.85,,10.0,0.04097567693297092,,25.0,0.08356953997904568,0.010000000000005116,horizon,0,0.07257497823704646,1.0,1.0,25/25/25 Hz,1.0,2000,gps,307,40,0.01874817416811454,0.04786139421575838,0.05990092959205694,after_return,0.2653114882998105
0.38484496019717485,1.0,,24.95744680851064,held-out,stress,60,1.0,,24.95744680851064,0.85,,0.0,0.2517774613448242,,25.0,0.35510209734303355,0.010000000000005116,retrodiction,0,0.2577690455228441,1.0,1.0,25/25/25 Hz,1.0,4700,denied,307,13,0.18038573132646374,0.06068987253103127,0.055253875778207714,flight,0.31376866373733747
0.4256602846327267,1.0,,25.0,held-out,stress,25,1.0,,24.857142857142858,0.85,,0.0,0.2844639133140594,,25.0,0.35510209734303355,0.010000000000001563,retrodiction,0,0.28920051800077623,1.0,1.0,25/25/25 Hz,1.0,700,denied,307,18,0.29953726142653053,0.07190795332559084,0.05212697606775754,before_outage,0.3735279449680412
0.4327298626202059,1.0,,24.933333333333334,held-out,stress,40,1.0,,25.0,0.85,,0.0,0.24654840322275776,,25.0,0.3167988372714136,0.010000000000005116,retrodiction,0,0.2518361444465753,1.0,1.0,25/25/25 Hz,1.0,1500,denied,307,25,0.24277177003225528,0.05955944505546352,0.05133545088946617,outage_window,0.3601943831103279
0.33778390291495425,1.0,,24.95,held-out,stress,60,1.0,,25.0,0.85,,0.0,0.23536153682233368,,25.0,0.2894733778523686,0.010000000000005116,retrodiction,0,0.24296413032640943,1.0,1.0,25/25/25 Hz,1.0,2000,denied,307,40,0.18038573132646374,0.050616183318981704,0.060303529000363836,after_return,0.2570273039175963
0.5190247786176809,1.0,,24.95744680851064,held-out,stress,60,1.0,,24.97872340425532,0.85,,0.0,0.2654757038658002,,25.0,0.4310045160385918,0.010000000000005116,horizon,0,0.27280224794612934,1.0,1.0,25/25/25 Hz,1.0,4700,denied,307,13,0.1687591904647519,0.06042608917418833,0.06279902181896906,flight,0.44876896999954624
0.6094712449967791,1.0,,25.0,held-out,stress,25,1.0,,25.0,0.85,,0.0,0.2072818590551863,,25.0,0.2743100518549406,0.010000000000001563,horizon,0,0.2149160187615664,1.0,1.0,25/25/25 Hz,1.0,700,denied,307,18,0.23203737571352398,0.06952517786584057,0.056772581647727166,before_outage,0.5544468634227573
0.5690169374093403,1.0,,24.933333333333334,held-out,stress,40,1.0,,25.0,0.85,,0.0,0.31068268128506416,,25.0,0.4310045160385918,0.010000000000005116,horizon,0,0.3157863899641024,1.0,1.0,25/25/25 Hz,1.0,1500,denied,307,25,0.29244174856483585,0.05862613808059077,0.05654481086787173,outage_window,0.493527891925074
0.4570592796182271,1.0,,24.95,held-out,stress,60,1.0,,25.0,0.85,,0.0,0.2625501683388566,,25.0,0.3790497699416827,0.010000000000005116,horizon,0,0.2718940407532878,1.0,1.0,25/25/25 Hz,1.0,2000,denied,307,40,0.1687591904647519,0.052527918243540785,0.07066667179362998,after_return,0.38194933261362407
0.4956903636239053,1.0,,24.95744680851064,held-out,stress,60,1.0,,24.95744680851064,0.85,,6.808510638297872,0.0757134847312139,,25.0,0.14963285477022617,0.010000000000005116,retrodiction,0,0.09164172157839451,1.0,1.0,25/25/25 Hz,1.0,4700,transition,307,13,0.025547296999548667,0.052480443745150054,0.051630159439112894,flight,0.4216477315823973
0.4841226902871639,1.0,,25.0,held-out,stress,25,1.0,,24.857142857142858,0.85,,10.0,0.06737829868103093,,25.0,0.10128919538395408,0.010000000000001563,retrodiction,0,0.079886477177496,1.0,1.0,25/25/25 Hz,1.0,700,transition,307,18,0.09926361686340315,0.04700521825902089,0.04291869176338412,before_outage,0.40747679076584625
0.4244304245488093,1.0,,24.933333333333334,held-out,stress,40,1.0,,25.0,0.85,,0.06666666666666667,0.10504357962719597,,25.0,0.14963285477022617,0.010000000000005116,retrodiction,0,0.11693159391117393,1.0,1.0,25/25/25 Hz,1.0,1500,transition,307,25,0.13543470828818072,0.05877440026297549,0.05136968010132654,outage_window,0.3526047168023143
0.5519709380034162,1.0,,24.95,held-out,stress,60,1.0,,25.0,0.85,,9.95,0.05561459899662566,,25.0,0.13425402226142522,0.010000000000005116,retrodiction,0,0.07949136016393997,1.0,1.0,25/25/25 Hz,1.0,2000,transition,307,40,0.025547296999548667,0.044225974487170465,0.05679694286806064,after_return,0.4732114613281607
0.3409232262374968,1.0,,24.95744680851064,held-out,stress,60,1.0,,24.95744680851064,0.85,,6.808510638297872,0.07616981779930349,,25.0,0.14888892784299845,0.010000000000005116,horizon,0,0.09321887795716671,1.0,1.0,25/25/25 Hz,1.0,4700,transition,307,13,0.01928969635199738,0.04908364026954123,0.05373935302935878,flight,0.260617078994711
0.3818322467260275,1.0,,25.0,held-out,stress,25,1.0,,25.0,0.85,,10.0,0.06324408441351659,,25.0,0.0903262072257411,0.010000000000001563,horizon,0,0.0746134885945506,1.0,1.0,25/25/25 Hz,1.0,700,transition,307,18,0.08183898233276268,0.04851084802680627,0.03958987833960999,before_outage,0.3028821598813756
0.24112290127184172,1.0,,24.933333333333334,held-out,stress,40,1.0,,25.0,0.85,,0.13333333333333333,0.11200408319317011,,25.0,0.14888892784299845,0.010000000000005116,horizon,0,0.12525630479318445,1.0,1.0,25/25/25 Hz,1.0,1500,transition,307,25,0.14165285132553093,0.05158372962341127,0.056073409371114116,outage_window,0.13838275498944802
0.3582105573668619,1.0,,24.95,held-out,stress,60,1.0,,24.95,0.85,,9.9,0.04798861688315462,,25.0,0.14227379797306122,0.010000000000005116,horizon,0,0.0768462787684198,1.0,1.0,25/25/25 Hz,1.0,2000,transition,307,40,0.01928969635199738,0.047814237481758844,0.06002035663169202,after_return,0.2793735787462335
0.348150534185369,1.0,,25.0,held-out,zero,60,1.0,,25.0,0.85,,10.0,0.03902150118630093,,25.0,0.06875048309537862,0.010000000000005116,retrodiction,0,0.06372532745365332,1.0,1.0,25/25/25 Hz,1.0,4700,gps,911,13,0.06263770472049005,0.04735908114098747,0.05038094683749856,flight,0.2727881235928386
0.3015580009779977,1.0,,25.0,held-out,zero,25,1.0,,25.0,0.85,,10.0,0.04344195596663715,,25.0,0.062315681721741685,0.010000000000001563,retrodiction,0,0.05715833958088309,1.0,1.0,25/25/25 Hz,1.0,700,gps,911,18,0.054911883704874216,0.05084641491961355,0.03714663168359017,before_outage,0.228115906644672
0.3687797299008899,1.0,,25.0,held-out,zero,40,1.0,,25.0,0.85,,10.0,0.04085963731012158,,25.0,0.06324106170251019,0.010000000000005116,retrodiction,0,0.06671082941891353,1.0,1.0,25/25/25 Hz,1.0,1500,gps,911,25,0.02880980413203018,0.04579100820576525,0.052733526343728424,outage_window,0.29826833326187285
0.325509012976644,1.0,,25.0,held-out,zero,60,1.0,,25.0,0.85,,10.0,0.03615556795310216,,25.0,0.06875048309537862,0.010000000000005116,retrodiction,0,0.06603504071301332,1.0,1.0,25/25/25 Hz,1.0,2000,gps,911,40,0.06263770472049005,0.04748790755678344,0.05525759231054078,after_return,0.23837484390817112
0.3596651759832285,1.0,,25.0,held-out,zero,60,1.0,,25.0,0.85,,10.0,0.04008473281167031,,25.0,0.08575256748948121,0.010000000000005116,horizon,0,0.060871504975274215,1.0,1.0,25/25/25 Hz,1.0,4700,gps,911,13,0.06686298542703793,0.048893691469014934,0.0458099804995793,flight,0.2842264441383847
0.30676014474923974,1.0,,25.0,held-out,zero,25,1.0,,25.0,0.85,,10.0,0.04419984559252942,,25.0,0.07555879127210409,0.010000000000001563,horizon,0,0.05313593227460778,1.0,1.0,25/25/25 Hz,1.0,700,gps,911,18,0.05647774362773316,0.05268097615797401,0.029492387971954092,before_outage,0.23571987077731762
0.36738593251832896,1.0,,25.0,held-out,zero,40,1.0,,25.0,0.85,,10.0,0.04201931657502323,,25.0,0.0704472368690381,0.010000000000005116,horizon,0,0.061384035682709365,1.0,1.0,25/25/25 Hz,1.0,1500,gps,911,25,0.015410877760162128,0.04721196642528731,0.04474792588784551,outage_window,0.2961878355073699
0.32312400096674554,1.0,,25.0,held-out,zero,60,1.0,,25.0,0.85,,10.0,0.03718495607139128,,25.0,0.08575256748948121,0.010000000000005116,horizon,0,0.06478588541295069,1.0,1.0,25/25/25 Hz,1.0,2000,gps,911,40,0.06686298542703793,0.04910406246230244,0.053051767083752054,after_return,0.23592240487545516
0.6580348951439363,1.0,,25.0,held-out,zero,60,1.0,,25.0,0.85,,0.0,0.5406380796546906,,25.0,0.7166964106002753,0.010000000000005116,retrodiction,0,0.5433998715534771,1.0,1.0,25/25/25 Hz,1.0,4700,denied,911,13,0.6457396281810316,0.05859558384555879,0.05471642561081593,flight,0.5793106680050671
0.8315825916216995,1.0,,25.0,held-out,zero,25,1.0,,25.0,0.85,,0.0,0.38468681203256555,,25.0,0.5092715572613572,0.010000000000001563,retrodiction,0,0.3867885798963769,1.0,1.0,25/25/25 Hz,1.0,700,denied,911,18,0.38859166951421004,0.06500422581721683,0.040267383655727025,before_outage,0.745618827993339
0.7427029145473771,1.0,,25.0,held-out,zero,40,1.0,,25.0,0.85,,0.0,0.47405959153981947,,25.0,0.5658481288900626,0.010000000000005116,retrodiction,0,0.4773833158496388,1.0,1.0,25/25/25 Hz,1.0,1500,denied,911,25,0.5430693236230325,0.058585008472522966,0.05623463275149503,outage_window,0.6646781517456954
0.43057286489766156,1.0,,25.0,held-out,zero,60,1.0,,25.0,0.85,,0.0,0.6548281610468896,,25.0,0.7166964106002753,0.010000000000005116,retrodiction,0,0.6575522864139732,1.0,1.0,25/25/25 Hz,1.0,2000,denied,911,40,0.6457396281810316,0.049122658889490335,0.059792046864049674,after_return,0.3449743286842484
0.6554933856486455,1.0,,25.0,held-out,zero,60,1.0,,25.0,0.85,,0.0,0.5179055556057393,,25.0,0.7035464048726517,0.010000000000005116,horizon,0,0.5208152200271375,1.0,1.0,25/25/25 Hz,1.0,4700,denied,911,13,0.6357703375791616,0.06061037513533944,0.054975711770073606,flight,0.5752396465549466
0.8260779376769106,1.0,,25.0,held-out,zero,25,1.0,,25.0,0.85,,0.0,0.3629112896409445,,25.0,0.47977255355160847,0.010000000000001563,horizon,0,0.3649376158895052,1.0,1.0,25/25/25 Hz,1.0,700,denied,911,18,0.3761039109623895,0.06571441998244468,0.038403897487918094,before_outage,0.7385280315445726
0.7376634652928271,1.0,,25.0,held-out,zero,40,1.0,,25.0,0.85,,0.0,0.446327691205062,,25.0,0.5552243628622632,0.010000000000005116,horizon,0,0.44953514748056966,1.0,1.0,25/25/25 Hz,1.0,1500,denied,911,25,0.5465586227870649,0.06077382124104713,0.05360448566991701,outage_window,0.6578863028386904
0.4315356348609365,1.0,,25.0,held-out,zero,60,1.0,,25.0,0.85,,0.0,0.6354175148571174,,25.0,0.7035464048726517,0.010000000000005116,horizon,0,0.6383508295560937,1.0,1.0,25/25/25 Hz,1.0,2000,denied,911,40,0.6357703375791616,0.05102340912823976,0.061125799853727666,after_return,0.3443606528753628
0.3201854096055175,1.0,,25.0,held-out,zero,60,1.0,,25.0,0.85,,6.808510638297872,0.043009642396634795,,25.0,0.08576111963613685,0.010000000000005116,retrodiction,0,0.06716988378387766,1.0,1.0,25/25/25 Hz,1.0,4700,transition,911,13,0.06316846174330445,0.048166248676020706,0.05159422398343855,flight,0.24293749582193722
0.3015580009779977,1.0,,25.0,held-out,zero,25,1.0,,25.0,0.85,,10.0,0.04344195596663715,,25.0,0.062315681721741685,0.010000000000001563,retrodiction,0,0.05715833958088309,1.0,1.0,25/25/25 Hz,1.0,700,transition,911,18,0.054911883704874216,0.05084641491961355,0.03714663168359017,before_outage,0.228115906644672
0.2670786481206542,1.0,,25.0,held-out,zero,40,1.0,,25.0,0.85,,0.0,0.04809855218502599,,25.0,0.06910324359690745,0.010000000000005116,retrodiction,0,0.07400184796357209,1.0,1.0,25/25/25 Hz,1.0,1500,transition,911,25,0.04075501968904701,0.04820800215776446,0.056238801371721735,outage_window,0.18748324965780772
0.33246804519085077,1.0,,25.0,held-out,zero,60,1.0,,25.0,0.85,,10.0,0.03991317096050323,,25.0,0.08576111963613685,0.010000000000005116,retrodiction,0,0.068196268069904,1.0,1.0,25/25/25 Hz,1.0,2000,transition,911,40,0.06316846174330445,0.047601488476921826,0.05529620025408482,after_return,0.24699284358774026
0.33762963166986376,1.0,,25.0,held-out,zero,60,1.0,,25.0,0.85,,6.808510638297872,0.0442711815750447,,25.0,0.08933579060375921,0.010000000000005116,horizon,0,0.0657888623677959,1.0,1.0,25/25/25 Hz,1.0,4700,transition,911,13,0.06720634690890014,0.04976861535473557,0.048664534248240916,flight,0.2611091682081396
0.30676014474923974,1.0,,25.0,held-out,zero,25,1.0,,25.0,0.85,,10.0,0.04419984559252942,,25.0,0.07555879127210409,0.010000000000001563,horizon,0,0.05313593227460778,1.0,1.0,25/25/25 Hz,1.0,700,transition,911,18,0.05647774362773316,0.05268097615797401,0.029492387971954092,before_outage,0.23571987077731762
0.28455315055375924,1.0,,25.0,held-out,zero,40,1.0,,25.0,0.85,,0.13333333333333333,0.04929065795700911,,25.0,0.07461469605061613,0.010000000000005116,horizon,0,0.07249498803717498,1.0,1.0,25/25/25 Hz,1.0,1500,transition,911,25,0.07032102266590726,0.04978017892877478,0.05315970587461219,outage_window,0.2065185068036631
0.32985175451057835,1.0,,25.0,held-out,zero,60,1.0,,25.0,0.85,,9.9,0.041408549689381485,,25.0,0.08933579060375921,0.010000000000005116,horizon,0,0.06741831315421848,1.0,1.0,25/25/25 Hz,1.0,2000,transition,911,40,0.06720634690890014,0.04926706141830312,0.05320301646694755,after_return,0.24462563810971244
0.39525288230783445,1.0,,25.0,held-out,nominal,60,1.0,,25.0,0.85,,10.0,0.04328859151926057,,25.0,0.09920854411946063,0.010000000000005116,retrodiction,0,0.06672318110076123,1.0,1.0,25/25/25 Hz,1.0,4700,gps,911,13,0.016140347303107646,0.04113207274467805,0.05077480418951491,flight,0.3194487710674343
0.2998752233827776,1.0,,25.0,held-out,nominal,25,1.0,,25.0,0.85,,10.0,0.04448176511556185,,25.0,0.09920854411946063,0.010000000000001563,retrodiction,0,0.05757969744068053,1.0,1.0,25/25/25 Hz,1.0,700,gps,911,18,0.07665180405596755,0.042332879999158135,0.03656219536029389,before_outage,0.22433562376542993
0.3559323818464538,1.0,,25.0,held-out,nominal,40,1.0,,25.0,0.85,,10.0,0.04518460766935402,,25.0,0.09228478143548757,0.010000000000005116,retrodiction,0,0.06987214990577537,1.0,1.0,25/25/25 Hz,1.0,1500,gps,911,25,0.04217783705049857,0.03981778588756044,0.05329604640329055,outage_window,0.28180876795507953
0.31329600133974744,1.0,,25.0,held-out,nominal,60,1.0,,25.0,0.85,,10.0,0.03894022107689835,,25.0,0.09030040729133988,0.010000000000005116,retrodiction,0,0.067756738342238,1.0,1.0,25/25/25 Hz,1.0,2000,gps,911,40,0.016140347303107646,0.03902204460820301,0.055449389295652185,after_return,0.21465541818556358
0.3594414473461761,1.0,,25.0,held-out,nominal,60,1.0,,25.0,0.85,,10.0,0.04008404003162397,,25.0,0.08575274515503845,0.010000000000005116,horizon,0,0.05935919885547303,1.0,1.0,25/25/25 Hz,1.0,4700,gps,911,13,0.06686212845452995,0.048893857957584254,0.043781094361684904,flight,0.28398947747026093
0.3067620553962712,1.0,,25.0,held-out,nominal,25,1.0,,25.0,0.85,,10.0,0.04419866056466462,,25.0,0.0755579239759035,0.010000000000001563,horizon,0,0.052416388519740606,1.0,1.0,25/25/25 Hz,1.0,700,gps,911,18,0.056477271658059075,0.05268276161438325,0.028177228212547013,before_outage,0.23572181852278262
0.3673910239279293,1.0,,25.0,held-out,nominal,40,1.0,,25.0,0.85,,10.0,0.04201990763761863,,25.0,0.07044813710043772,0.010000000000005116,horizon,0,0.05983390797141925,1.0,1.0,25/25/25 Hz,1.0,1500,gps,911,25,0.01541265055283306,0.047212369351754664,0.04259605504337542,outage_window,0.29619340971817565
0.3231245842233193,1.0,,25.0,held-out,nominal,60,1.0,,25.0,0.85,,10.0,0.037185056708648655,,25.0,0.08575274515503845,0.010000000000005116,horizon,0,0.06278692163609076,1.0,1.0,25/25/25 Hz,1.0,2000,gps,911,40,0.06686212845452995,0.049103723821563895,0.05059119573711602,after_return,0.23592283966604116
0.7499245327178257,1.0,,25.0,held-out,nominal,60,1.0,,25.0,0.85,,0.0,0.5287790751231921,,25.0,0.7145166732817033,0.010000000000005116,retrodiction,0,0.5316310649691902,1.0,1.0,25/25/25 Hz,1.0,4700,denied,911,13,0.6199830768620331,0.062187993920408906,0.054993444628764244,flight,0.666570762251726
0.9429269734985696,1.0,,25.0,held-out,nominal,25,1.0,,25.0,0.85,,0.0,0.3790942120911718,,25.0,0.5162847154341236,0.010000000000001563,retrodiction,0,0.3812012991732206,1.0,1.0,25/25/25 Hz,1.0,700,denied,911,18,0.3800839046425686,0.06951001350838568,0.04002510275220896,before_outage,0.8504214996175914
0.8214554569371665,1.0,,25.0,held-out,nominal,40,1.0,,25.0,0.85,,0.0,0.4650477154511496,,25.0,0.5641750712501968,0.010000000000005116,retrodiction,0,0.46847807820743237,1.0,1.0,25/25/25 Hz,1.0,1500,denied,911,25,0.5433788912313425,0.06205129194364492,0.05658915191620841,outage_window,0.7386022479769349
0.5097057071197106,1.0,,25.0,held-out,nominal,60,1.0,,25.0,0.85,,0.0,0.6385682002538049,,25.0,0.7145166732817033,0.010000000000005116,retrodiction,0,0.6413673048552214,1.0,1.0,25/25/25 Hz,1.0,2000,denied,911,40,0.6199830768620331,0.05146371573045923,0.059855437195521666,after_return,0.42540835913472885
0.6599192304027063,1.0,,25.0,held-out,nominal,60,1.0,,25.0,0.85,,0.0,0.5255304813397482,,25.0,0.7160935223662703,0.010000000000005116,horizon,0,0.528204980326396,1.0,1.0,25/25/25 Hz,1.0,4700,denied,911,13,0.6474113243621341,0.06070240321660851,0.053086857360564586,flight,0.5794792605482831
0.8317171916191884,1.0,,25.0,held-out,nominal,25,1.0,,25.0,0.85,,0.0,0.369090978822741,,25.0,0.4854247983539659,0.010000000000001563,horizon,0,0.37101419631029264,1.0,1.0,25/25/25 Hz,1.0,700,denied,911,18,0.38465023641812573,0.06585299439944504,0.037727751264067445,before_outage,0.7438478981207135
0.7422559141019328,1.0,,25.0,held-out,nominal,40,1.0,,25.0,0.85,,0.0,0.45128332901655455,,25.0,0.559085356018862,0.010000000000005116,horizon,0,0.45421789848578076,1.0,1.0,25/25/25 Hz,1.0,1500,denied,911,25,0.5512324182780779,0.06089833423920824,0.05154858151855583,outage_window,0.6622405627517909
0.4346175829673166,1.0,,25.0,held-out,nominal,60,1.0,,25.0,0.85,,0.0,0.6459068151579305,,25.0,0.7160935223662703,0.010000000000005116,horizon,0,0.6485721381906875,1.0,1.0,25/25/25 Hz,1.0,2000,denied,911,40,0.6474113243621341,0.05107640977435048,0.05873844201014527,after_return,0.347542461199696
0.37040036285648803,1.0,,25.0,held-out,nominal,60,1.0,,25.0,0.85,,6.808510638297872,0.051005619498640624,,25.0,0.09920854411946063,0.010000000000005116,retrodiction,0,0.07278235219288515,1.0,1.0,25/25/25 Hz,1.0,4700,transition,911,13,0.016650723814584528,0.04448519049544264,0.05192010757200976,flight,0.2958034559102866
0.2998752233827776,1.0,,25.0,held-out,nominal,25,1.0,,25.0,0.85,,10.0,0.04448176511556185,,25.0,0.09920854411946063,0.010000000000001563,retrodiction,0,0.05757969744068053,1.0,1.0,25/25/25 Hz,1.0,700,transition,911,18,0.07665180405596755,0.042332879999158135,0.03656219536029389,before_outage,0.22433562376542993
0.25737543183030714,1.0,,25.0,held-out,nominal,40,1.0,,25.0,0.85,,0.06666666666666667,0.0640183663837462,,25.0,0.08775885954856516,0.010000000000005116,retrodiction,0,0.08548631476508241,1.0,1.0,25/25/25 Hz,1.0,1500,transition,911,25,0.04200784081700262,0.049688835238601674,0.05665296795112487,outage_window,0.17865449307304235
0.3142800129064007,1.0,,25.0,held-out,nominal,60,1.0,,25.0,0.85,,9.95,0.04103463136728654,,25.0,0.09092381952915059,0.010000000000005116,retrodiction,0,0.06897867520593347,1.0,1.0,25/25/25 Hz,1.0,2000,transition,911,40,0.016650723814584528,0.03917557858798128,0.055445618958728966,after_return,0.21797616110125567
0.33733307761024245,1.0,,25.0,held-out,nominal,60,1.0,,25.0,0.85,,6.808510638297872,0.04426916479663445,,25.0,0.08934572852994647,0.010000000000005116,horizon,0,0.06432875358718976,1.0,1.0,25/25/25 Hz,1.0,4700,transition,911,13,0.06720512133552402,0.04976398881704643,0.04667364980682141,flight,0.26078785139847005
0.3067620553962712,1.0,,25.0,held-out,nominal,25,1.0,,25.0,0.85,,10.0,0.04419866056466462,,25.0,0.0755579239759035,0.010000000000001563,horizon,0,0.052416388519740606,1.0,1.0,25/25/25 Hz,1.0,700,transition,911,18,0.056477271658059075,0.05268276161438325,0.028177228212547013,before_outage,0.23572181852278262
0.2843468215180796,1.0,,25.0,held-out,nominal,40,1.0,,25.0,0.85,,0.13333333333333333,0.0492869299799177,,25.0,0.07460575306830754,0.010000000000005116,horizon,0,0.07101717818470499,1.0,1.0,25/25/25 Hz,1.0,1500,transition,911,25,0.07031767701885215,0.04976546156675915,0.051129620871592896,outage_window,0.20627898994096833
0.32985010894083944,1.0,,25.0,held-out,nominal,60,1.0,,25.0,0.85,,9.9,0.04140892698505466,,25.0,0.08934572852994647,0.010000000000005116,horizon,0,0.06549178768207511,1.0,1.0,25/25/25 Hz,1.0,2000,transition,911,40,0.06720512133552402,0.04926679400215325,0.05073928477758054,after_return,0.24462395685554825
0.43832392065224124,1.0,,25.0,held-out,stress,60,1.0,,24.97872340425532,0.85,,10.0,0.047586479360512975,,25.0,0.12675327436735334,0.010000000000005116,retrodiction,0,0.06996404983952743,1.0,1.0,25/25/25 Hz,1.0,4700,gps,911,13,0.015893432631924494,0.045945084028021846,0.05128835396090764,flight,0.3631682053598313
0.35658694819126074,1.0,,25.0,held-out,stress,25,1.0,,25.0,0.85,,10.0,0.04628741457651117,,25.0,0.10798347006298945,0.010000000000001563,retrodiction,0,0.05883766927577847,1.0,1.0,25/25/25 Hz,1.0,700,gps,911,18,0.07909314804427517,0.04536096629578807,0.036322810706607866,before_outage,0.2867840780778189
0.4097046724858096,1.0,,25.0,held-out,stress,40,1.0,,25.0,0.85,,10.0,0.04703230190727035,,25.0,0.0998948190864435,0.010000000000005116,retrodiction,0,0.07142587721762378,1.0,1.0,25/25/25 Hz,1.0,1500,gps,911,25,0.03295426827423692,0.04390924228892763,0.05375517197080148,outage_window,0.33962193342183045
0.3673205846240716,1.0,,25.0,held-out,stress,60,1.0,,24.95,0.85,,10.0,0.04483398234410672,,25.0,0.10350449805104027,0.010000000000005116,retrodiction,0,0.07139713772571492,1.0,1.0,25/25/25 Hz,1.0,2000,gps,911,40,0.015893432631924494,0.04090733482323915,0.055564964704326335,after_return,0.2712912432332161
0.35966609500631175,1.0,,25.0,held-out,stress,60,1.0,,25.0,0.85,,10.0,0.04008334714780172,,25.0,0.08575170126288924,0.010000000000005116,horizon,0,0.06278715419438471,1.0,1.0,25/25/25 Hz,1.0,4700,gps,911,13,0.06686276267932936,0.04889383179735651,0.04832754921634509,flight,0.28422742110454213
0.30676127640773776,1.0,,25.0,held-out,stress,25,1.0,,25.0,0.85,,10.0,0.044197592629266924,,25.0,0.07555644083887601,0.010000000000001563,horizon,0,0.05423747438091415,1.0,1.0,25/25/25 Hz,1.0,700,gps,911,18,0.056476532667022274,0.0526815187932003,0.03143686423607941,before_outage,0.23572139108045848
0.3673859203657038,1.0,,25.0,held-out,stress,40,1.0,,25.0,0.85,,10.0,0.04201922086919698,,25.0,0.07044753999938547,0.010000000000005116,horizon,0,0.0633424245498356,1.0,1.0,25/25/25 Hz,1.0,1500,gps,911,25,0.015413141047378159,0.047212018292305445,0.04739881670882995,outage_window,0.2961877667391114
0.3231246615683854,1.0,,25.0,held-out,stress,60,1.0,,25.0,0.85,,10.0,0.037184483236371815,,25.0,0.08575170126288924,0.010000000000005116,horizon,0,0.06719687130291853,1.0,1.0,25/25/25 Hz,1.0,2000,gps,911,40,0.06686276267932936,0.04910412918202145,0.055970829182217574,after_return,0.23592321665090293
0.7593473735212156,1.0,,25.0,held-out,stress,60,1.0,,24.97872340425532,0.85,,0.0,0.3530678528018809,,25.0,0.5510979736726019,0.010000000000005116,retrodiction,0,0.35742015171172753,1.0,1.0,25/25/25 Hz,1.0,4700,denied,911,13,0.5122438360363448,0.06472745158859931,0.055608058476301125,flight,0.6748527009447501
1.0363777878581864,1.0,,25.0,held-out,stress,25,1.0,,25.0,0.85,,0.0,0.24357518083694477,,25.0,0.3156039308245835,0.010000000000001563,retrodiction,0,0.24688752684820703,1.0,1.0,25/25/25 Hz,1.0,700,denied,911,18,0.2793931190966227,0.07412331543563018,0.040306106156186794,before_outage,0.9379527870512174
0.7960290032543668,1.0,,25.0,held-out,stress,40,1.0,,25.0,0.85,,0.0,0.24434584358100692,,25.0,0.32955265018035773,0.010000000000005116,retrodiction,0,0.2509824859948331,1.0,1.0,25/25/25 Hz,1.0,1500,denied,911,25,0.3001881899515193,0.06439548192470225,0.05733512885511528,outage_window,0.7143872397970064
0.5345433486166228,1.0,,25.0,held-out,stress,60,1.0,,24.95,0.85,,0.0,0.46380908487700623,,25.0,0.5510979736726019,0.010000000000005116,retrodiction,0,0.4676648299013496,1.0,1.0,25/25/25 Hz,1.0,2000,denied,911,40,0.5122438360363448,0.053673708151596215,0.05992934099597848,after_return,0.448679475017949
0.6577949751106767,1.0,,25.0,held-out,stress,60,1.0,,25.0,0.85,,0.0,0.5301447895732806,,25.0,0.7076106559496852,0.010000000000005116,horizon,0,0.5332351791257728,1.0,1.0,25/25/25 Hz,1.0,4700,denied,911,13,0.6413407755139725,0.060632693884021927,0.05732589594238417,flight,0.5774437842507258
0.8291306207320303,1.0,,25.0,held-out,stress,25,1.0,,25.0,0.85,,0.0,0.37907323724579184,,25.0,0.4974418311575924,0.010000000000001563,horizon,0,0.3811356084974586,1.0,1.0,25/25/25 Hz,1.0,700,denied,911,18,0.389782267009763,0.06576079432581837,0.03959586933915744,before_outage,0.7414062968379767
0.7401121691908513,1.0,,25.0,held-out,stress,40,1.0,,25.0,0.85,,0.0,0.4638468464239811,,25.0,0.5746480565236797,0.010000000000005116,horizon,0,0.4672312129875142,1.0,1.0,25/25/25 Hz,1.0,1500,denied,911,25,0.5651281036859478,0.06082350577741453,0.05613474371823208,outage_window,0.6602080727591845
0.43313330972467984,1.0,,25.0,held-out,stress,60,1.0,,25.0,0.85,,0.0,0.6432336821725642,,25.0,0.7076106559496852,0.010000000000005116,horizon,0,0.646408003759939,1.0,1.0,25/25/25 Hz,1.0,2000,denied,911,40,0.6413407755139725,0.051041149471950244,0.06398232133671085,after_return,0.34600991186300906
0.41023022427226397,1.0,,24.97872340425532,held-out,stress,60,1.0,,24.97872340425532,0.85,,6.808510638297872,0.05618714590049353,,25.0,0.12675327436735334,0.010000000000005116,retrodiction,0,0.07677774700332572,1.0,1.0,25/25/25 Hz,1.0,4700,transition,911,13,0.01601327927497573,0.04887776055278802,0.05232424935403609,flight,0.3359276027950814
0.35658694819126074,1.0,,25.0,held-out,stress,25,1.0,,25.0,0.85,,10.0,0.04628741457651117,,25.0,0.10798347006298945,0.010000000000001563,retrodiction,0,0.05883766927577847,1.0,1.0,25/25/25 Hz,1.0,700,transition,911,18,0.07909314804427517,0.04536096629578807,0.036322810706607866,before_outage,0.2867840780778189
0.29575739894416414,1.0,,24.933333333333334,held-out,stress,40,1.0,,25.0,0.85,,0.06666666666666667,0.06971278978926779,,25.0,0.10144604385635249,0.010000000000005116,retrodiction,0,0.08987136627879538,1.0,1.0,25/25/25 Hz,1.0,1500,transition,911,25,0.03779302276948473,0.052616089371664,0.05671851035257151,outage_window,0.22400561348944237
0.3730841978845477,1.0,,25.0,held-out,stress,60,1.0,,24.95,0.85,,9.95,0.046061228370637135,,25.0,0.10442838560273907,0.010000000000005116,retrodiction,0,0.07222052102896494,1.0,1.0,25/25/25 Hz,1.0,2000,transition,911,40,0.01601327927497573,0.041189630755730074,0.055625236167437336,after_return,0.2787820595787014
0.33763114613481343,1.0,,25.0,held-out,stress,60,1.0,,25.0,0.85,,6.808510638297872,0.044271367411071794,,25.0,0.08935030904044626,0.010000000000005116,horizon,0,0.06763788425957848,1.0,1.0,25/25/25 Hz,1.0,4700,transition,911,13,0.06720706163611298,0.04975970215634595,0.05113638053935795,flight,0.2611109378017872
0.30676127640773776,1.0,,25.0,held-out,stress,25,1.0,,25.0,0.85,,10.0,0.044197592629266924,,25.0,0.07555644083887601,0.010000000000001563,horizon,0,0.05423747438091415,1.0,1.0,25/25/25 Hz,1.0,700,transition,911,18,0.056476532667022274,0.0526815187932003,0.03143686423607941,before_outage,0.23572139108045848
0.28455495369446815,1.0,,25.0,held-out,stress,40,1.0,,25.0,0.85,,0.13333333333333333,0.04929217854591892,,25.0,0.07460837267225785,0.010000000000005116,horizon,0,0.07435529551145557,1.0,1.0,25/25/25 Hz,1.0,1500,transition,911,25,0.07033796628050033,0.04975201440735483,0.0556685827446068,outage_window,0.2065209880942226
0.3298525128575159,1.0,,25.0,held-out,stress,60,1.0,,25.0,0.85,,9.9,0.04141031372316319,,25.0,0.08935030904044626,0.010000000000005116,horizon,0,0.06974831349758305,1.0,1.0,25/25/25 Hz,1.0,2000,transition,911,40,0.06720706163611298,0.049267017917449786,0.056124977978671206,after_return,0.24462655871133793
0.27315961924071275,1.0,1.0,,held-out,zero,60,1.0,1.0,,0.85,1.0,,0.037149137265274704,1.0,,0.09844419237695624,0.010000000000005116,px4,,0.17817049061071402,1.0,,100/50/50 Hz,1.0,4700,gps,101,13,0.059357971813810625,0.01681037884694111,0.17425459914994587,flight,0.2589149246445733
0.21878090638442874,1.0,1.0,,held-out,zero,25,1.0,1.0,,0.85,1.0,,0.0348957586042801,1.0,,0.05671775485362955,0.010000000000001563,px4,,0.19959919588020275,1.0,,100/50/50 Hz,1.0,700,gps,101,18,0.021584058209777095,0.016671871275232685,0.19652512568996197,before_outage,0.18849128540882856
0.17236814162871428,1.0,1.0,,held-out,zero,40,1.0,1.0,,0.85,1.0,,0.03515919194386445,1.0,,0.07322190600431927,0.010000000000005116,px4,,0.17954200852365446,1.0,,100/50/50 Hz,1.0,1500,gps,101,25,0.03784740063204146,0.01246065663867496,0.17606579465234723,outage_window,0.14530496555343161
0.11289998644107958,1.0,1.0,,held-out,zero,60,1.0,1.0,,0.85,1.0,,0.0369871573119203,1.0,,0.06549686818362359,0.010000000000005116,px4,,0.16628684981056976,1.0,,100/50/50 Hz,1.0,2000,gps,101,40,0.059357971813810625,0.013489606356081065,0.16212114795394908,after_return,0.08911623677826004
0.4092170617621147,1.0,,,held-out,zero,60,1.0,,,0.85,0.6323404255319149,,0.12438668859571045,,,0.3308033067364653,0.010000000000005116,ekf3,,0.13517577659744448,1.0,,100/50/50 Hz,1.0,4700,gps,101,13,0.08542032823275633,0.0675868461777448,0.05291920519920886,flight,0.38308888350477116
0.30571128336913744,1.0,,,held-out,zero,25,1.0,,,0.85,0.0,,0.20110102412997716,,,0.2547575163688996,0.010000000000001563,ekf3,,0.20361241729706522,1.0,,100/50/50 Hz,1.0,700,gps,101,18,0.12985232355364754,0.09042112696078927,0.031880943703544454,before_outage,0.23832996182040503
0.4852172652461432,1.0,,,held-out,zero,40,1.0,,,0.85,0.648,,0.13920147577464584,,,0.3308033067364653,0.010000000000005116,ekf3,,0.14757841562315036,1.0,,100/50/50 Hz,1.0,1500,gps,101,25,0.02876783958101402,0.0770738580743549,0.049013650139527465,outage_window,0.4497024511921316
0.40842917903608295,1.0,,,held-out,zero,60,1.0,,,0.85,1.0,,0.06053963092304954,,,0.11060273475530251,0.010000000000005116,ekf3,,0.07910358985089777,1.0,,100/50/50 Hz,1.0,2000,gps,101,40,0.08542032823275633,0.03841620052946178,0.05091493901597055,after_return,0.3974494050078982
0.27603655319675574,1.0,1.0,,held-out,zero,60,1.0,1.0,,0.85,0.0,,0.09816932391116462,1.0,,0.1600685783609775,0.010000000000005116,px4,,0.157063031357753,1.0,,100/50/50 Hz,1.0,4700,denied,101,13,0.14831003003231988,0.020258170348807326,0.12260334278522489,flight,0.25594610441176174
0.3479819037353923,1.0,1.0,,held-out,zero,25,1.0,1.0,,0.85,0.0,,0.058057445474931135,1.0,,0.09241011153288718,0.010000000000001563,px4,,0.11359484467672014,1.0,,100/50/50 Hz,1.0,700,denied,101,18,0.03843733008515736,0.02680463183607158,0.09763770666117456,before_outage,0.3244201554596389
0.2692421965420486,1.0,1.0,,held-out,zero,40,1.0,1.0,,0.85,0.0,,0.08892872917121193,1.0,,0.13381498725895158,0.010000000000005116,px4,,0.15317682922621956,1.0,,100/50/50 Hz,1.0,1500,denied,101,25,0.07401804670056586,0.02157468617678413,0.12471897265368917,outage_window,0.2472791590597411
0.14720481523057813,1.0,1.0,,held-out,zero,60,1.0,1.0,,0.85,0.0,,0.12314078066929018,1.0,,0.1600685783609775,0.010000000000005116,px4,,0.17985874515900072,1.0,,100/50/50 Hz,1.0,2000,denied,101,40,0.14831003003231988,0.016030765398828806,0.13109354044470733,after_return,0.12249419006258312
0.26529116951917564,1.0,,,held-out,zero,60,1.0,,,0.85,0.0,,0.21572244472653682,,,0.31590259024239864,0.010000000000005116,ekf3,,0.2245845501836505,1.0,,100/50/50 Hz,1.0,4700,denied,101,13,0.30078468650143103,0.09642688616396301,0.062466367129831564,flight,0.21390129778706804
0.3648912331129858,1.0,,,held-out,zero,25,1.0,,,0.85,0.0,,0.2164576546672092,,,0.270224375898101,0.010000000000001563,ekf3,,0.22073926851384826,1.0,,100/50/50 Hz,1.0,700,denied,101,18,0.14557884754322337,0.09453925988795742,0.04326555673974391,before_outage,0.3079805063168214
0.2949029676057744,1.0,,,held-out,zero,40,1.0,,,0.85,0.0,,0.22229584561605886,,,0.30446645877662165,0.010000000000005116,ekf3,,0.22851159978906688,1.0,,100/50/50 Hz,1.0,1500,denied,101,25,0.0808728240321739,0.10294893907046625,0.052934943657285585,outage_window,0.22986813397048805
0.1952946314190623,1.0,,,held-out,zero,60,1.0,,,0.85,0.0,,0.22515626222010376,,,0.31590259024239864,0.010000000000005116,ekf3,,0.23201142896833363,1.0,,100/50/50 Hz,1.0,2000,denied,101,40,0.30078468650143103,0.09254102571145939,0.055981789494441846,after_return,0.14674050272978148
0.28664449694016764,1.0,1.0,,held-out,zero,60,1.0,1.0,,0.85,0.8004255319148936,,0.04055883210505237,1.0,,0.10228264602412979,0.010000000000005116,px4,,0.1838455731191728,1.0,,100/50/50 Hz,1.0,4700,transition,101,13,0.059021757034987854,0.017035210779822344,0.17931585510989062,flight,0.2727113758056389
0.21878090638442874,1.0,1.0,,held-out,zero,25,1.0,1.0,,0.85,1.0,,0.0348957586042801,1.0,,0.05671775485362955,0.010000000000001563,px4,,0.19959919588020275,1.0,,100/50/50 Hz,1.0,700,transition,101,18,0.021584058209777095,0.016671871275232685,0.19652512568996197,before_outage,0.18849128540882856
0.17848186631829363,1.0,1.0,,held-out,zero,40,1.0,1.0,,0.85,0.46066666666666667,,0.03557867590042688,1.0,,0.052188576897201536,0.010000000000005116,px4,,0.17668613029764613,1.0,,100/50/50 Hz,1.0,1500,transition,101,25,0.05213905746454017,0.012456954473537203,0.17306688435610426,outage_window,0.15093531512392383
0.16993395267272618,1.0,1.0,,held-out,zero,60,1.0,1.0,,0.85,0.9355,,0.04436723838158542,1.0,,0.10228264602412979,0.010000000000005116,px4,,0.18232479667276383,1.0,,100/50/50 Hz,1.0,2000,transition,101,40,0.059021757034987854,0.0141393477364883,0.17684422422051632,after_return,0.15468341438708516
0.38679803144615893,1.0,,,held-out,zero,60,1.0,,,0.85,0.4238297872340426,,0.14979302791753377,,,0.27575262133602557,0.010000000000005116,ekf3,,0.1601367729511042,1.0,,100/50/50 Hz,1.0,4700,transition,101,13,0.08586550506565381,0.07806799781510414,0.056620092180165525,flight,0.35555334975155906
0.30571128336913744,1.0,,,held-out,zero,25,1.0,,,0.85,0.0,,0.20110102412997716,,,0.2547575163688996,0.010000000000001563,ekf3,,0.20361241729706522,1.0,,100/50/50 Hz,1.0,700,transition,101,18,0.12985232355364754,0.09042112696078927,0.031880943703544454,before_outage,0.23832996182040503
0.2928772643403889,1.0,,,held-out,zero,40,1.0,,,0.85,0.0,,0.20194047594832637,,,0.27575262133602557,0.010000000000005116,ekf3,,0.20835424772784591,1.0,,100/50/50 Hz,1.0,1500,transition,101,25,0.04903819722411235,0.09993430945988868,0.05129850602113086,outage_window,0.23028855496917497
0.48695029303992454,1.0,,,held-out,zero,60,1.0,,,0.85,0.996,,0.06310895365404666,,,0.11290406500522382,0.010000000000005116,ekf3,,0.08576621972728313,1.0,,100/50/50 Hz,1.0,2000,transition,101,40,0.08586550506565381,0.045039107418689425,0.05807843330359385,after_return,0.4712421908565812
0.2711869274755558,1.0,1.0,,held-out,nominal,60,1.0,1.0,,0.85,1.0,,0.0371828458221614,1.0,,0.09844939748836104,0.010000000000005116,px4,,0.18116524765885303,1.0,,100/50/50 Hz,1.0,4700,gps,101,13,0.059357971813810625,0.01673885014131471,0.1773084401145612,flight,0.2574766567685539
0.21703409091403628,1.0,1.0,,held-out,nominal,25,1.0,1.0,,0.85,1.0,,0.03499001686687015,1.0,,0.05674499540622432,0.010000000000001563,px4,,0.20262663825400806,1.0,,100/50/50 Hz,1.0,700,gps,101,18,0.021638403555409746,0.016637333589393774,0.1995826977715673,before_outage,0.18798301884742818
0.17153463211073286,1.0,1.0,,held-out,nominal,40,1.0,1.0,,0.85,1.0,,0.03518173380841359,1.0,,0.0732209353291978,0.010000000000005116,px4,,0.18256066212533595,1.0,,100/50/50 Hz,1.0,1500,gps,101,25,0.03784740063204146,0.01246949183375211,0.1791386082391928,outage_window,0.14555733218508132
0.11208635517107353,1.0,1.0,,held-out,nominal,60,1.0,1.0,,0.85,1.0,,0.036987027712066536,1.0,,0.06549686818362359,0.010000000000005116,px4,,0.1692736957064322,1.0,,100/50/50 Hz,1.0,2000,gps,101,40,0.059357971813810625,0.013461382268205818,0.16518336429295968,after_return,0.08913880270496705
0.4828898004412964,1.0,,,held-out,nominal,60,1.0,,,0.85,0.6272340425531915,,0.15789358297930464,,,0.36684384531762,0.010000000000005116,ekf3,,0.16504502564055257,1.0,,100/50/50 Hz,1.0,4700,gps,101,13,0.09811700971786606,0.09038245432794076,0.048057017621239234,flight,0.4346909606635755
0.44672680212040505,1.0,,,held-out,nominal,25,1.0,,,0.85,0.0,,0.26023003623216207,,,0.3124448924308129,0.010000000000001563,ekf3,,0.2636059941063954,1.0,,100/50/50 Hz,1.0,700,gps,101,18,0.18138827679294808,0.12573301857432181,0.04205292345876291,before_outage,0.33389757997881914
0.5749964527519263,1.0,,,held-out,nominal,40,1.0,,,0.85,0.632,,0.1823334441717919,,,0.36684384531762,0.010000000000005116,ekf3,,0.19071386360255677,1.0,,100/50/50 Hz,1.0,1500,gps,101,25,0.04038194560673063,0.11288932989829581,0.055913262350417964,outage_window,0.5124786051032761
0.46730091280968006,1.0,,,held-out,nominal,60,1.0,,,0.85,1.0,,0.06791803260293361,,,0.11853345390264154,0.010000000000005116,ekf3,,0.07874984036588997,1.0,,100/50/50 Hz,1.0,2000,gps,101,40,0.09811700971786606,0.04727597561083143,0.03985822631527901,after_return,0.4474031869813692
0.26742460090109443,1.0,1.0,,held-out,nominal,60,1.0,1.0,,0.85,0.0,,0.09654873289109482,1.0,,0.15854737860341847,0.010000000000005116,px4,,0.15418598617692034,1.0,,100/50/50 Hz,1.0,4700,denied,101,13,0.14654413760123922,0.019915999281435236,0.12021505941633724,flight,0.2484166375162645
0.3350226491964247,1.0,1.0,,held-out,nominal,25,1.0,1.0,,0.85,0.0,,0.05604367865299318,1.0,,0.08929500035277672,0.010000000000001563,px4,,0.11058008723074857,1.0,,100/50/50 Hz,1.0,700,denied,101,18,0.036135174269724374,0.026122371345719674,0.09532608129468031,before_outage,0.31252779989929047
0.2636453687432648,1.0,1.0,,held-out,nominal,40,1.0,1.0,,0.85,0.0,,0.08702247268258169,1.0,,0.1317005048042419,0.010000000000005116,px4,,0.15010195740839738,1.0,,100/50/50 Hz,1.0,1500,denied,101,25,0.07208663982460799,0.02132084658895274,0.12230162249962861,outage_window,0.24293670055951483
0.1445272659744925,1.0,1.0,,held-out,nominal,60,1.0,1.0,,0.85,0.0,,0.12168478830758982,1.0,,0.15854737860341847,0.010000000000005116,px4,,0.17706323243669675,1.0,,100/50/50 Hz,1.0,2000,denied,101,40,0.14654413760123922,0.01593171169635049,0.12862426122419032,after_return,0.12117409155463997
0.28788904094817047,1.0,,,held-out,nominal,60,1.0,,,0.85,0.0,,0.30912518462596394,,,0.5816702468502287,0.010000000000005116,ekf3,,0.3132953695115286,1.0,,100/50/50 Hz,1.0,4700,denied,101,13,0.40878312520538845,0.11466021407330354,0.05094711755662875,flight,0.19006796317958755
0.44672662777474653,1.0,,,held-out,nominal,25,1.0,,,0.85,0.0,,0.26023003623216207,,,0.3124448924308129,0.010000000000001563,ekf3,,0.2636059941063954,1.0,,100/50/50 Hz,1.0,700,denied,101,18,0.18138827679294808,0.12573301857432181,0.04205292345876291,before_outage,0.3338973409422443
0.29510777090130047,1.0,,,held-out,nominal,40,1.0,,,0.85,0.0,,0.27251215970371795,,,0.4379770281117266,0.010000000000005116,ekf3,,0.2797512375898476,1.0,,100/50/50 Hz,1.0,1500,denied,101,25,0.03314302883858003,0.12365875370808088,0.06322877309158123,outage_window,0.16811128308316572
0.2186519175442322,1.0,,,held-out,nominal,60,1.0,,,0.85,0.0,,0.3739326223224057,,,0.5816702468502287,0.010000000000005116,ekf3,,0.37607579747560316,1.0,,100/50/50 Hz,1.0,2000,denied,101,40,0.40878312520538845,0.10964783651982604,0.04009238593548655,after_return,0.1296067665751803
0.284737856853068,1.0,1.0,,held-out,nominal,60,1.0,1.0,,0.85,0.8029787234042554,,0.04056746784736696,1.0,,0.10222547519044474,0.010000000000005116,px4,,0.18683902016614226,1.0,,100/50/50 Hz,1.0,4700,transition,101,13,0.059021757034987854,0.016965567136846407,0.18238174253224188,flight,0.2713367029416269
0.21703409091403628,1.0,1.0,,held-out,nominal,25,1.0,1.0,,0.85,1.0,,0.03499001686687015,1.0,,0.05674499540622432,0.010000000000001563,px4,,0.20262663825400806,1.0,,100/50/50 Hz,1.0,700,transition,101,18,0.021638403555409746,0.016637333589393774,0.1995826977715673,before_outage,0.18798301884742818
0.1776046448108528,1.0,1.0,,held-out,nominal,40,1.0,1.0,,0.85,0.4686666666666667,,0.03553152879820755,1.0,,0.052149583190571835,0.010000000000005116,px4,,0.17964977717303515,1.0,,100/50/50 Hz,1.0,1500,transition,101,25,0.05211338205625462,0.012445905900727068,0.1761009735906742,outage_window,0.15117962605901247
0.16934326156400598,1.0,1.0,,held-out,nominal,60,1.0,1.0,,0.85,0.9355,,0.04436106521386496,1.0,,0.10222547519044474,0.010000000000005116,px4,,0.18534045460955773,1.0,,100/50/50 Hz,1.0,2000,transition,101,40,0.059021757034987854,0.014128225584547766,0.1799532717345499,after_return,0.15465609163469984
0.4445528947819906,1.0,,,held-out,nominal,60,1.0,,,0.85,0.4208510638297872,,0.19802464165449885,,,0.4478745254744513,0.010000000000005116,ekf3,,0.20494203170117822,1.0,,100/50/50 Hz,1.0,4700,transition,101,13,0.09878763244029017,0.10210841951777587,0.052796568595071175,flight,0.3906108715783001
0.44672680212040505,1.0,,,held-out,nominal,25,1.0,,,0.85,0.0,,0.26023003623216207,,,0.3124448924308129,0.010000000000001563,ekf3,,0.2636059941063954,1.0,,100/50/50 Hz,1.0,700,transition,101,18,0.18138827679294808,0.12573301857432181,0.04205292345876291,before_outage,0.33389757997881914
0.29510766509361375,1.0,,,held-out,nominal,40,1.0,,,0.85,0.0,,0.27251215970371795,,,0.4379770281117266,0.010000000000005116,ekf3,,0.2797512375898476,1.0,,100/50/50 Hz,1.0,1500,transition,101,25,0.03314302883858003,0.12365875370808088,0.06322877309158123,outage_window,0.16811108298054897
0.5634398972487571,1.0,,,held-out,nominal,60,1.0,,,0.85,0.989,,0.08611472886764726,,,0.4478745254744513,0.010000000000005116,ekf3,,0.09733466894148456,1.0,,100/50/50 Hz,1.0,2000,transition,101,40,0.09878763244029017,0.07502456244072297,0.04536839483605299,after_return,0.538941380018577
0.26897450287187086,1.0,1.0,,held-out,stress,60,1.0,1.0,,0.85,1.0,,0.037228652668644675,1.0,,0.09848481118515492,0.010000000000005116,px4,,0.1606783195535114,1.0,,100/50/50 Hz,1.0,4700,gps,101,13,0.059357971813810625,0.01664672309689889,0.15630594932700975,flight,0.25582680530081237
0.215351432132459,1.0,1.0,,held-out,stress,25,1.0,1.0,,0.85,1.0,,0.03515735920394413,1.0,,0.05670387020534351,0.010000000000001563,px4,,0.18186859024404373,1.0,,100/50/50 Hz,1.0,700,gps,101,18,0.02173317270110482,0.016598978851744328,0.17843806827905506,before_outage,0.18758943211486684
0.1703993837130022,1.0,1.0,,held-out,stress,40,1.0,1.0,,0.85,1.0,,0.03520104954371333,1.0,,0.07321936018871353,0.010000000000005116,px4,,0.16197659182707994,1.0,,100/50/50 Hz,1.0,1500,gps,101,25,0.037892102119303446,0.01246444723194904,0.15810535225265937,outage_window,0.14551223542599323
0.11109131288633269,1.0,1.0,,held-out,stress,60,1.0,1.0,,0.85,1.0,,0.036986032271047804,1.0,,0.06549686818362359,0.010000000000005116,px4,,0.14893061390878887,1.0,,100/50/50 Hz,1.0,2000,gps,101,40,0.059357971813810625,0.013431865237955391,0.14426489932098435,after_return,0.08906440363048868
0.427931899238732,1.0,,,held-out,stress,60,1.0,,,0.85,0.6102127659574468,,0.14510512790216293,,,0.5237601489411781,0.010000000000005116,ekf3,,0.15352470061348136,1.0,,100/50/50 Hz,1.0,4700,gps,101,13,0.08694188498685725,0.07530436318198723,0.050143150628535665,flight,0.38426006270803914
0.32298757475906015,1.0,,,held-out,stress,25,1.0,,,0.85,0.0,,0.23491927804808313,,,0.2870011538303298,0.010000000000001563,ekf3,,0.2385189687845836,1.0,,100/50/50 Hz,1.0,700,gps,101,18,0.20225007730522895,0.10357907809800551,0.04128233607038937,before_outage,0.20519154295747638
0.5408681468356368,1.0,,,held-out,stress,40,1.0,,,0.85,0.5786666666666667,,0.17477314186332665,,,0.5237601489411781,0.010000000000005116,ekf3,,0.18348433821476925,1.0,,100/50/50 Hz,1.0,1500,gps,101,25,0.0344891336608645,0.09701949005264121,0.05586457959506483,outage_window,0.4831814182933333
0.3715979217360985,1.0,,,held-out,stress,60,1.0,,,0.85,1.0,,0.06297773253309709,,,0.1167834110929356,0.010000000000005116,ekf3,,0.07616202771073204,1.0,,100/50/50 Hz,1.0,2000,gps,101,40,0.08694188498685725,0.037856652000127285,0.04283059268793744,after_return,0.35294050972043356
0.2625272997472904,1.0,1.0,,held-out,stress,60,1.0,1.0,,0.85,0.0,,0.09192220592164307,1.0,,0.1531468105620731,0.010000000000005116,px4,,0.15757664570547153,1.0,,100/50/50 Hz,1.0,4700,denied,101,13,0.1411406640269732,0.019720702454047716,0.12798713736265355,flight,0.24432104968629412
0.3272920450063825,1.0,1.0,,held-out,stress,25,1.0,1.0,,0.85,0.0,,0.052045678487620234,1.0,,0.08397017274549717,0.010000000000001563,px4,,0.11561456734071011,1.0,,100/50/50 Hz,1.0,700,denied,101,18,0.03180481390541938,0.025680983437772403,0.10323747155051241,before_outage,0.30551234742690686
0.2605706475157203,1.0,1.0,,held-out,stress,40,1.0,1.0,,0.85,0.0,,0.08227460095795941,1.0,,0.12635718619052955,0.010000000000005116,px4,,0.1539196621996216,1.0,,100/50/50 Hz,1.0,1500,denied,101,25,0.06685250906022334,0.021189345283539655,0.13008517382413018,outage_window,0.24079844410611745
0.1428692947375634,1.0,1.0,,held-out,stress,60,1.0,1.0,,0.85,0.0,,0.11646518872413135,1.0,,0.1531468105620731,0.010000000000005116,px4,,0.17934559383858073,1.0,,100/50/50 Hz,1.0,2000,denied,101,40,0.1411406640269732,0.01586717775944958,0.13638439003333788,after_return,0.12053071650537846
0.37313156799270114,1.0,,,held-out,stress,60,1.0,,,0.85,0.0,,0.23066510416279917,,,0.3613131866669788,0.010000000000005116,ekf3,,0.236105242111521,1.0,,100/50/50 Hz,1.0,4700,denied,101,13,0.31128155501408994,0.0900261377587739,0.05039141865541148,flight,0.3255189040335716
0.3229869441821637,1.0,,,held-out,stress,25,1.0,,,0.85,0.0,,0.2349192243177385,,,0.2870011538303298,0.010000000000001563,ekf3,,0.23851888993127557,1.0,,100/50/50 Hz,1.0,700,denied,101,18,0.20225007730522895,0.10357913732468652,0.04128218623086718,before_outage,0.2051905035115246
0.5060421431298229,1.0,,,held-out,stress,40,1.0,,,0.85,0.0,,0.23082998384891007,,,0.3152315292678255,0.010000000000005116,ekf3,,0.23707369576502596,1.0,,100/50/50 Hz,1.0,1500,denied,101,25,0.07483159092726091,0.0980634328579861,0.05405049287471854,outage_window,0.46270831648209537
0.24953695674991613,1.0,,,held-out,stress,60,1.0,,,0.85,0.0,,0.24993634670156079,,,0.3613131866669788,0.010000000000005116,ekf3,,0.2539898479812191,1.0,,100/50/50 Hz,1.0,2000,denied,101,40,0.31128155501408994,0.08366714215429409,0.045195856834448885,after_return,0.20276176610546218
0.28256000059524494,1.0,1.0,,held-out,stress,60,1.0,1.0,,0.85,0.8040425531914893,,0.040583282654648424,1.0,,0.10216837024307981,0.010000000000005116,px4,,0.16633639662923452,1.0,,100/50/50 Hz,1.0,4700,transition,101,13,0.059021757034987854,0.016873359249283435,0.16130962157469383,flight,0.26972132166305457
0.215351432132459,1.0,1.0,,held-out,stress,25,1.0,1.0,,0.85,1.0,,0.03515735920394413,1.0,,0.05670387020534351,0.010000000000001563,px4,,0.18186859024404373,1.0,,100/50/50 Hz,1.0,700,transition,101,18,0.02173317270110482,0.016598978851744328,0.17843806827905506,before_outage,0.18758943211486684
0.1763588894826836,1.0,1.0,,held-out,stress,40,1.0,1.0,,0.85,0.472,,0.035474757788781085,1.0,,0.05201190167696628,0.010000000000005116,px4,,0.15901354528704786,1.0,,100/50/50 Hz,1.0,1500,transition,101,25,0.05200228795184552,0.012413020285844909,0.15500596486775384,outage_window,0.15105676644499885
0.1685219424683856,1.0,1.0,,held-out,stress,60,1.0,1.0,,0.85,0.9355,,0.044349512520379296,1.0,,0.10216837024307981,0.010000000000005116,px4,,0.16505091425952373,1.0,,100/50/50 Hz,1.0,2000,transition,101,40,0.059021757034987854,0.014114785147473021,0.15898089519533276,after_return,0.1544651191601808
0.43124212729000444,1.0,,,held-out,stress,60,1.0,,,0.85,0.4208510638297872,,0.17170291184547748,,,0.4478745254744513,0.010000000000005116,ekf3,,0.17920202877989802,1.0,,100/50/50 Hz,1.0,4700,transition,101,13,0.0872671462413882,0.08378085652546166,0.05129792571455099,flight,0.3913319737559858
0.32298757475906015,1.0,,,held-out,stress,25,1.0,,,0.85,0.0,,0.23491927804808313,,,0.2870011538303298,0.010000000000001563,ekf3,,0.2385189687845836,1.0,,100/50/50 Hz,1.0,700,transition,101,18,0.20225007730522895,0.10357907809800551,0.04128233607038937,before_outage,0.20519154295747638
0.5060435288000603,1.0,,,held-out,stress,40,1.0,,,0.85,0.0,,0.23083011695952196,,,0.3152315292678255,0.010000000000005116,ekf3,,0.23707382536996063,1.0,,100/50/50 Hz,1.0,1500,transition,101,25,0.07483159092726091,0.09806342666982525,0.05405049287471854,outage_window,0.46270985010338633
0.41486417713349977,1.0,,,held-out,stress,60,1.0,,,0.85,0.989,,0.0819484391175891,,,0.4478745254744513,0.010000000000005116,ekf3,,0.09473560985083282,1.0,,100/50/50 Hz,1.0,2000,transition,101,40,0.0872671462413882,0.06670325887389308,0.04753197976099881,after_return,0.38984544199898197
0.24425397642382563,1.0,1.0,,held-out,zero,60,1.0,1.0,,0.85,1.0,,0.0495245351893887,1.0,,0.0926142830963888,0.010000000000005116,px4,,0.4080187264884128,1.0,,100/50/50 Hz,1.0,4700,gps,307,13,0.009848705567093642,0.018619146083492487,0.4050019772538169,flight,0.2293310668184827
0.3342037381145524,1.0,1.0,,held-out,zero,25,1.0,1.0,,0.85,1.0,,0.061062484880708416,1.0,,0.0926142830963888,0.010000000000001563,px4,,0.42350450561355935,1.0,,100/50/50 Hz,1.0,700,gps,307,18,0.05872124760596618,0.019222611568055884,0.41907927557346303,before_outage,0.31394177340014084
0.1877008214539482,1.0,1.0,,held-out,zero,40,1.0,1.0,,0.85,1.0,,0.055241093093046735,1.0,,0.07838101731850507,0.010000000000005116,px4,,0.39425398167598086,1.0,,100/50/50 Hz,1.0,1500,gps,307,25,0.041264315735514964,0.01836928388940498,0.3903647316308813,outage_window,0.16986896960033906
0.16038373777548015,1.0,1.0,,held-out,zero,60,1.0,1.0,,0.85,1.0,,0.039197938740301294,1.0,,0.06937087636388488,0.010000000000005116,px4,,0.4035819930713092,1.0,,100/50/50 Hz,1.0,2000,gps,307,40,0.009848705567093642,0.016810169747510192,0.4016739308567608,after_return,0.1545951228868167
0.44491368119552693,1.0,,,held-out,zero,60,1.0,,,0.85,0.6259574468085106,,0.14232362408357904,,,0.34404877041906956,0.010000000000005116,ekf3,,0.14868816317664646,1.0,,100/50/50 Hz,1.0,4700,gps,307,13,0.040171123691450907,0.0688790449541416,0.04303668082648939,flight,0.40494183212663776
0.4780961867721703,1.0,,,held-out,zero,25,1.0,,,0.85,0.0,,0.21129365099264644,,,0.3060785435231266,0.010000000000001563,ekf3,,0.2156301567991612,1.0,,100/50/50 Hz,1.0,700,gps,307,18,0.1627691533194211,0.09910600776199295,0.04302740488837981,before_outage,0.40178064260685853
0.41818310434431033,1.0,,,held-out,zero,40,1.0,,,0.85,0.628,,0.18604241936805635,,,0.34404877041906956,0.010000000000005116,ekf3,,0.19604976272446686,1.0,,100/50/50 Hz,1.0,1500,gps,307,25,0.03230728847295874,0.07665001301181844,0.06183629726948404,outage_window,0.3521407683341814
0.4812540474063982,1.0,,,held-out,zero,60,1.0,,,0.85,1.0,,0.052953727164922276,,,0.11227270517957856,0.010000000000005116,ekf3,,0.06005433477824084,1.0,,100/50/50 Hz,1.0,2000,gps,307,40,0.040171123691450907,0.04074486804798163,0.028327123133138673,after_return,0.4666380791737019
0.24741656478683377,1.0,1.0,,held-out,zero,60,1.0,1.0,,0.85,0.0,,0.05575985732103051,1.0,,0.10059323695289987,0.010000000000005116,px4,,0.0885236968760168,1.0,,100/50/50 Hz,1.0,4700,denied,307,13,0.08943274758696639,0.020178762482869726,0.06875524140118501,flight,0.22161263830035008
0.4175018343098693,1.0,1.0,,held-out,zero,25,1.0,1.0,,0.85,0.0,,0.043687579418952134,1.0,,0.05886629433441904,0.010000000000001563,px4,,0.10009073806157325,1.0,,100/50/50 Hz,1.0,700,denied,307,18,0.011770846384799525,0.03000853438041527,0.09005304686807224,before_outage,0.3972001690301016
0.18527332237671984,1.0,1.0,,held-out,zero,40,1.0,1.0,,0.85,0.0,,0.04011175181724393,1.0,,0.054201574990250384,0.010000000000005116,px4,,0.07330591442568378,1.0,,100/50/50 Hz,1.0,1500,denied,307,25,0.041732848101804346,0.01956311785743312,0.06135800237896847,outage_window,0.1550379545720393
0.11679704821006091,1.0,1.0,,held-out,zero,60,1.0,1.0,,0.85,0.0,,0.07249467727683753,1.0,,0.10059323695289987,0.010000000000005116,px4,,0.09205876499868004,1.0,,100/50/50 Hz,1.0,2000,denied,307,40,0.08943274758696639,0.015131168638125228,0.05673921024837564,after_return,0.07756733479860656
0.4003135394213257,1.0,,,held-out,zero,60,1.0,,,0.85,0.0,,0.23896748957436284,,,0.4329308589277275,0.010000000000005116,ekf3,,0.24331250547316663,1.0,,100/50/50 Hz,1.0,4700,denied,307,13,0.28202387701323095,0.09792928142100554,0.045776787197842214,flight,0.353866993314881
0.5291570857774286,1.0,,,held-out,zero,25,1.0,,,0.85,0.0,,0.2210379039122561,,,0.3209564006410066,0.010000000000001563,ekf3,,0.22415846603350761,1.0,,100/50/50 Hz,1.0,700,denied,307,18,0.1366181370191639,0.10361841340409161,0.03727281755611492,before_outage,0.4650735541852486
0.37004864080916716,1.0,,,held-out,zero,40,1.0,,,0.85,0.0,,0.22539886355880845,,,0.3507355922747943,0.010000000000005116,ekf3,,0.23127494241040397,1.0,,100/50/50 Hz,1.0,1500,denied,307,25,0.12353828816216902,0.10261393432552565,0.05180203947079046,outage_window,0.3085294268272048
0.3912272241272928,1.0,,,held-out,zero,60,1.0,,,0.85,0.0,,0.2747538927416046,,,0.4329308589277275,0.010000000000005116,ekf3,,0.2788243659127824,1.0,,100/50/50 Hz,1.0,2000,denied,307,40,0.28202387701323095,0.09614795819270984,0.04746920528089764,after_return,0.35857956732183704
0.3350000874399833,1.0,1.0,,held-out,zero,60,1.0,1.0,,0.85,0.8004255319148936,,0.05721498639907179,1.0,,0.10039902494773076,0.010000000000005116,px4,,0.4244373656767532,1.0,,100/50/50 Hz,1.0,4700,transition,307,13,0.013407056503618777,0.018194332341067123,0.4205633397170704,flight,0.32205442095762
0.3342037381145524,1.0,1.0,,held-out,zero,25,1.0,1.0,,0.85,1.0,,0.061062484880708416,1.0,,0.0926142830963888,0.010000000000001563,px4,,0.42350450561355935,1.0,,100/50/50 Hz,1.0,700,transition,307,18,0.05872124760596618,0.019222611568055884,0.41907927557346303,before_outage,0.31394177340014084
0.3130531600571593,1.0,1.0,,held-out,zero,40,1.0,1.0,,0.85,0.46066666666666667,,0.06876448889006838,1.0,,0.09269001546889907,0.010000000000005116,px4,,0.40396439636564796,1.0,,100/50/50 Hz,1.0,1500,transition,307,25,0.09269001546889907,0.0174277195279132,0.39806868578016785,outage_window,0.3020815549583915
0.31964481426161356,1.0,1.0,,held-out,zero,60,1.0,1.0,,0.85,0.9355,,0.04698725807816873,1.0,,0.10039902494773076,0.010000000000005116,px4,,0.43495341433826784,1.0,,100/50/50 Hz,1.0,2000,transition,307,40,0.013407056503618777,0.016465398440902376,0.4324079904705884,after_return,0.3118463333257512
0.49969848265314254,1.0,,,held-out,zero,60,1.0,,,0.85,0.4238297872340426,,0.15862205443654695,,,0.34404877041906956,0.010000000000005116,ekf3,,0.16228029538234431,1.0,,100/50/50 Hz,1.0,4700,transition,307,13,0.04061121084840772,0.07884820826469635,0.034262780326617635,flight,0.4634785027522533
0.4780961867721703,1.0,,,held-out,zero,25,1.0,,,0.85,0.0,,0.21129365099264644,,,0.3060785435231266,0.010000000000001563,ekf3,,0.2156301567991612,1.0,,100/50/50 Hz,1.0,700,transition,307,18,0.1627691533194211,0.09910600776199295,0.04302740488837981,before_outage,0.40178064260685853
0.36584953206331916,1.0,,,held-out,zero,40,1.0,,,0.85,0.0,,0.220004392592332,,,0.34404877041906956,0.010000000000005116,ekf3,,0.22529769588980328,1.0,,100/50/50 Hz,1.0,1500,transition,307,25,0.14463076990375584,0.09912087591270038,0.048550170064927005,outage_window,0.2993769545920575
0.6196711190468063,1.0,,,held-out,zero,60,1.0,,,0.85,0.996,,0.06315139056438462,,,0.15184234911347938,0.010000000000005116,ekf3,,0.06554897966570834,1.0,,100/50/50 Hz,1.0,2000,transition,307,40,0.04061121084840772,0.04646220858921382,0.017566177871124956,after_return,0.6024901984878458
0.24312937114255928,1.0,1.0,,held-out,nominal,60,1.0,1.0,,0.85,1.0,,0.04962174429703782,1.0,,0.09278395075141457,0.010000000000005116,px4,,0.4017747347561356,1.0,,100/50/50 Hz,1.0,4700,gps,307,13,0.009848705567093642,0.01851414588587027,0.3986986581132203,flight,0.22959868960999777
0.33248112776342825,1.0,1.0,,held-out,nominal,25,1.0,1.0,,0.85,1.0,,0.061221009995630404,1.0,,0.09278395075141457,0.010000000000001563,px4,,0.4171417073339399,1.0,,100/50/50 Hz,1.0,700,gps,307,18,0.05884380078601658,0.0191719476425463,0.4126247592336036,before_outage,0.3139619600536607
0.18623201307055254,1.0,1.0,,held-out,nominal,40,1.0,1.0,,0.85,1.0,,0.055262290551879145,1.0,,0.07844962963653664,0.010000000000005116,px4,,0.38805828940964565,1.0,,100/50/50 Hz,1.0,1500,gps,307,25,0.04126694464824743,0.018259685180097334,0.3841032611453592,outage_window,0.1699002206519524
0.15978806362795292,1.0,1.0,,held-out,nominal,60,1.0,1.0,,0.85,1.0,,0.039204805420805004,1.0,,0.06938989333933604,0.010000000000005116,px4,,0.3973934691926749,1.0,,100/50/50 Hz,1.0,2000,gps,307,40,0.009848705567093642,0.016765851388266435,0.3954548679544939,after_return,0.15456765173195505
0.4735505553418313,1.0,,,held-out,nominal,60,1.0,,,0.85,0.6229787234042553,,0.15939220343838978,,,0.6637442611291932,0.010000000000005116,ekf3,,0.1676813749203395,1.0,,100/50/50 Hz,1.0,4700,gps,307,13,0.0362419903650428,0.08931497277243783,0.052068886854151536,flight,0.41896685319658844
0.5054439829769198,1.0,,,held-out,nominal,25,1.0,,,0.85,0.0,,0.2426820845723558,,,0.31393773934446556,0.010000000000001563,ekf3,,0.24541864907794023,1.0,,100/50/50 Hz,1.0,700,gps,307,18,0.20715824669501567,0.12545011059201885,0.03654749160827789,before_outage,0.38500977614370124
0.5104936389826715,1.0,,,held-out,nominal,40,1.0,,,0.85,0.6186666666666667,,0.20010859785528198,,,0.6637442611291932,0.010000000000005116,ekf3,,0.21277269414943023,1.0,,100/50/50 Hz,1.0,1500,gps,307,25,0.041115932224247885,0.1091791957353434,0.07231022362017697,outage_window,0.43272035912352846
0.48339999091760044,1.0,,,held-out,nominal,60,1.0,,,0.85,1.0,,0.06085421248051958,,,0.12839977134336902,0.010000000000005116,ekf3,,0.0674271435448976,1.0,,100/50/50 Hz,1.0,2000,gps,307,40,0.0362419903650428,0.048747425736930465,0.029037639539053445,after_return,0.4662642575312112
0.23600204630632457,1.0,1.0,,held-out,nominal,60,1.0,1.0,,0.85,0.0,,0.05856337497696245,1.0,,0.10474668073779661,0.010000000000005116,px4,,0.09083528403609914,1.0,,100/50/50 Hz,1.0,4700,denied,307,13,0.09394856360302026,0.019705852240018744,0.06943615727577741,flight,0.21153263543906697
0.40161446322803346,1.0,1.0,,held-out,nominal,25,1.0,1.0,,0.85,0.0,,0.04450181525755606,1.0,,0.06282441723790601,0.010000000000001563,px4,,0.10105857469324485,1.0,,100/50/50 Hz,1.0,700,denied,307,18,0.007043571390765737,0.029189272464514197,0.0907327061087263,before_outage,0.3825619889731499
0.1753415661818243,1.0,1.0,,held-out,nominal,40,1.0,1.0,,0.85,0.0,,0.043193468775983734,1.0,,0.058251744480056905,0.010000000000005116,px4,,0.07557782202737708,1.0,,100/50/50 Hz,1.0,1500,denied,307,25,0.04502532089702656,0.01911213692460529,0.062018799065283424,outage_window,0.1462823687569508
0.11344772368248833,1.0,1.0,,held-out,nominal,60,1.0,1.0,,0.85,0.0,,0.07612672869152685,1.0,,0.10474668073779661,0.010000000000005116,px4,,0.09543542929044467,1.0,,100/50/50 Hz,1.0,2000,denied,307,40,0.09394856360302026,0.014996008610205013,0.05755555874612047,after_return,0.07622706274213956
0.34120783975575525,1.0,,,held-out,nominal,60,1.0,,,0.85,0.0,,0.27049467885276035,,,0.49154842632749357,0.010000000000005116,ekf3,,0.27483866421751346,1.0,,100/50/50 Hz,1.0,4700,denied,307,13,0.26846553462014444,0.11704275864385358,0.048671552894983316,flight,0.25013149446670013
0.5054419514111435,1.0,,,held-out,nominal,25,1.0,,,0.85,0.0,,0.2426820845723558,,,0.31393773934446556,0.010000000000001563,ekf3,,0.24541864907794023,1.0,,100/50/50 Hz,1.0,700,denied,307,18,0.20715824669501567,0.12545001231448938,0.03654749160827789,before_outage,0.38500711210279254
0.3245577946052786,1.0,,,held-out,nominal,40,1.0,,,0.85,0.0,,0.23820281368216065,,,0.34225471013650655,0.010000000000005116,ekf3,,0.24470124757773132,1.0,,100/50/50 Hz,1.0,1500,denied,307,25,0.17858124640189144,0.12473746891323208,0.05601892644455085,outage_window,0.20357629436606434
0.31101674802552537,1.0,,,held-out,nominal,60,1.0,,,0.85,0.0,,0.3215896569887186,,,0.49154842632749357,0.010000000000005116,ekf3,,0.32407837520748234,1.0,,100/50/50 Hz,1.0,2000,denied,307,40,0.26846553462014444,0.11442528848439715,0.04008598003042959,after_return,0.247552332990244
0.33402925182075777,1.0,1.0,,held-out,nominal,60,1.0,1.0,,0.85,0.8029787234042554,,0.05732289982540947,1.0,,0.10038283532697742,0.010000000000005116,px4,,0.41799095661936286,1.0,,100/50/50 Hz,1.0,4700,transition,307,13,0.013469158690503734,0.018086586591198793,0.4140416947255145,flight,0.32221514902530246
0.33248112776342825,1.0,1.0,,held-out,nominal,25,1.0,1.0,,0.85,1.0,,0.061221009995630404,1.0,,0.09278395075141457,0.010000000000001563,px4,,0.4171417073339399,1.0,,100/50/50 Hz,1.0,700,transition,307,18,0.05884380078601658,0.0191719476425463,0.4126247592336036,before_outage,0.3139619600536607
0.3121313947941342,1.0,1.0,,held-out,nominal,40,1.0,1.0,,0.85,0.4686666666666667,,0.06885329172560013,1.0,,0.09274021446801801,0.010000000000005116,px4,,0.397779837094006,1.0,,100/50/50 Hz,1.0,1500,transition,307,25,0.09274021446801801,0.017318055420990252,0.391775475262405,outage_window,0.3021379234407693
0.31900481029372907,1.0,1.0,,held-out,nominal,60,1.0,1.0,,0.85,0.9355,,0.04698222262155949,1.0,,0.10038283532697742,0.010000000000005116,px4,,0.4282891870123276,1.0,,100/50/50 Hz,1.0,2000,transition,307,40,0.013469158690503734,0.016414763365815953,0.4257044731609227,after_return,0.31173190803573725
0.5077776213803574,1.0,,,held-out,nominal,60,1.0,,,0.85,0.4208510638297872,,0.18040823797105437,,,0.5157929259804895,0.010000000000005116,ekf3,,0.1853895665248284,1.0,,100/50/50 Hz,1.0,4700,transition,307,13,0.037090081530131935,0.10330642671648656,0.042686754953301397,flight,0.4545656598968148
0.5054439829769198,1.0,,,held-out,nominal,25,1.0,,,0.85,0.0,,0.2426820845723558,,,0.31393773934446556,0.010000000000001563,ekf3,,0.24541864907794023,1.0,,100/50/50 Hz,1.0,700,transition,307,18,0.20715824669501567,0.12545011059201885,0.03654749160827789,before_outage,0.38500977614370124
0.3245578121942741,1.0,,,held-out,nominal,40,1.0,,,0.85,0.0,,0.23820251497697784,,,0.34225471013650655,0.010000000000005116,ekf3,,0.244700956805153,1.0,,100/50/50 Hz,1.0,1500,transition,307,25,0.17858124640189144,0.12473746891323208,0.05601892644455085,outage_window,0.20357632159356012
0.6550242749982895,1.0,,,held-out,nominal,60,1.0,,,0.85,0.989,,0.08923256483968721,,,0.5157929259804895,0.010000000000005116,ekf3,,0.09101894331878932,1.0,,100/50/50 Hz,1.0,2000,transition,307,40,0.037090081530131935,0.07733164017341701,0.01794428641657282,after_return,0.632322964278458
0.2430619571767532,1.0,1.0,,held-out,stress,60,1.0,1.0,,0.85,1.0,,0.04962967098352185,1.0,,0.0928792591054048,0.010000000000005116,px4,,0.4111271400147162,1.0,,100/50/50 Hz,1.0,4700,gps,307,13,0.009848705567093642,0.018509156064047724,0.4081205961658238,flight,0.22953351788064327
0.33212638516913734,1.0,1.0,,held-out,stress,25,1.0,1.0,,0.85,1.0,,0.061268236477337146,1.0,,0.0928792591054048,0.010000000000001563,px4,,0.42647391635317433,1.0,,100/50/50 Hz,1.0,700,gps,307,18,0.058852307744891454,0.01918690580346904,0.42205000240323587,before_outage,0.31359327528697073
0.18610832210402395,1.0,1.0,,held-out,stress,40,1.0,1.0,,0.85,1.0,,0.05525693725911528,1.0,,0.07849254657450636,0.010000000000005116,px4,,0.39737949412624285,1.0,,100/50/50 Hz,1.0,1500,gps,307,25,0.04126856734962177,0.018243127440508985,0.3935189109010783,outage_window,0.1697816336832336
0.15980882111715086,1.0,1.0,,held-out,stress,60,1.0,1.0,,0.85,1.0,,0.039207218856568284,1.0,,0.06938989333933604,0.010000000000005116,px4,,0.4067493772628891,1.0,,100/50/50 Hz,1.0,2000,gps,307,40,0.009848705567093642,0.016763343500436508,0.40485534440498777,after_return,0.15458450857387912
0.3949233823109045,1.0,,,held-out,stress,60,1.0,,,0.85,0.5974468085106382,,0.14051898051291564,,,0.5643406889056358,0.010000000000005116,ekf3,,0.14556924487571046,1.0,,100/50/50 Hz,1.0,4700,gps,307,13,0.03194077679239873,0.0756001410039101,0.038010803323468345,flight,0.35263689176587454
0.3521827748828831,1.0,,,held-out,stress,25,1.0,,,0.85,0.0,,0.22881350035527892,,,0.3133339078117891,0.010000000000001563,ekf3,,0.23220920177222168,1.0,,100/50/50 Hz,1.0,700,gps,307,18,0.20128375065211543,0.10641565656456198,0.03956634229818499,before_outage,0.24071619561474644
0.4407357938765223,1.0,,,held-out,stress,40,1.0,,,0.85,0.5386666666666666,,0.1747490809124093,,,0.5643406889056358,0.010000000000005116,ekf3,,0.18123075566727567,1.0,,100/50/50 Hz,1.0,1500,gps,307,25,0.0395355148582505,0.09526502565650563,0.04803483652517202,outage_window,0.37804975813903274
0.41436184934675,1.0,,,held-out,stress,60,1.0,,,0.85,1.0,,0.05575262343703451,,,0.11681298014373004,0.010000000000005116,ekf3,,0.06134226043366652,1.0,,100/50/50 Hz,1.0,2000,gps,307,40,0.03194077679239873,0.03960583106867876,0.02558354734981058,after_return,0.4022235372104984
0.2344727421179102,1.0,1.0,,held-out,stress,60,1.0,1.0,,0.85,0.0,,0.058093452136561675,1.0,,0.10415669282165398,0.010000000000005116,px4,,0.09357326650219873,1.0,,100/50/50 Hz,1.0,4700,denied,307,13,0.09340499655034606,0.019629830394913908,0.07335602921879376,flight,0.20984851124607776
0.39985552734198054,1.0,1.0,,held-out,stress,25,1.0,1.0,,0.85,0.0,,0.04430071762923503,1.0,,0.06255478525413231,0.010000000000001563,px4,,0.1045512902340668,1.0,,100/50/50 Hz,1.0,700,denied,307,18,0.0076406781372181,0.029129344955842438,0.09470173550227502,before_outage,0.38087020480371153
0.17416873064705937,1.0,1.0,,held-out,stress,40,1.0,1.0,,0.85,0.0,,0.04274227459693006,1.0,,0.057885211803890994,0.010000000000005116,px4,,0.0786197881368152,1.0,,100/50/50 Hz,1.0,1500,denied,307,25,0.04443328000998188,0.019042535984197185,0.06598612770089131,outage_window,0.1449988280754378
0.11312846684912971,1.0,1.0,,held-out,stress,60,1.0,1.0,,0.85,0.0,,0.07553209613062141,1.0,,0.10415669282165398,0.010000000000005116,px4,,0.0974507184155846,1.0,,100/50/50 Hz,1.0,2000,denied,307,40,0.09340499655034606,0.014956055762430488,0.061575522521762856,after_return,0.07543929783996954
0.24532151779193723,1.0,,,held-out,stress,60,1.0,,,0.85,0.0,,0.22030462302120907,,,0.36440299591397857,0.010000000000005116,ekf3,,0.22481544919457042,1.0,,100/50/50 Hz,1.0,4700,denied,307,13,0.16917964249346867,0.08937762426562247,0.044809142728236,flight,0.17113522548754795
0.3521814860175004,1.0,,,held-out,stress,25,1.0,,,0.85,0.0,,0.22881363786518766,,,0.3133339078117891,0.010000000000001563,ekf3,,0.23220933727126128,1.0,,100/50/50 Hz,1.0,700,denied,307,18,0.20128375065211543,0.10641565656456198,0.03956634229818499,before_outage,0.24071485865478
0.2945204517353606,1.0,,,held-out,stress,40,1.0,,,0.85,0.0,,0.20881252826829225,,,0.30655598959990626,0.010000000000005116,ekf3,,0.2139563016797192,1.0,,100/50/50 Hz,1.0,1500,denied,307,25,0.18997242587807595,0.09488702409144738,0.04663289682902689,outage_window,0.22579362286881077
0.16503959618352068,1.0,,,held-out,stress,60,1.0,,,0.85,0.0,,0.24690551962960872,,,0.36440299591397857,0.010000000000005116,ekf3,,0.25107673471185477,1.0,,100/50/50 Hz,1.0,2000,denied,307,40,0.16917964249346867,0.08345075165364861,0.04557621188734316,after_return,0.08563992953541966
0.3340214900872598,1.0,1.0,,held-out,stress,60,1.0,1.0,,0.85,0.8042553191489362,,0.05734529186971952,1.0,,0.10048152534791213,0.010000000000005116,px4,,0.4272119693022059,1.0,,100/50/50 Hz,1.0,4700,transition,307,13,0.013407056503618777,0.018078428658512943,0.4233457029608846,flight,0.32220059898196485
0.33212638516913734,1.0,1.0,,held-out,stress,25,1.0,1.0,,0.85,1.0,,0.061268236477337146,1.0,,0.0928792591054048,0.010000000000001563,px4,,0.42647391635317433,1.0,,100/50/50 Hz,1.0,700,transition,307,18,0.058852307744891454,0.01918690580346904,0.42205000240323587,before_outage,0.31359327528697073
0.31203950932243013,1.0,1.0,,held-out,stress,40,1.0,1.0,,0.85,0.4726666666666667,,0.06888137925699685,1.0,,0.0927476119566239,0.010000000000005116,px4,,0.4070577378261953,1.0,,100/50/50 Hz,1.0,1500,transition,307,25,0.0927476119566239,0.01730364079303006,0.40118743439424087,outage_window,0.3020565376518354
0.31913009001388243,1.0,1.0,,held-out,stress,60,1.0,1.0,,0.85,0.9355,,0.04699317446420957,1.0,,0.10048152534791213,0.010000000000005116,px4,,0.4373723512658849,1.0,,100/50/50 Hz,1.0,2000,transition,307,40,0.013407056503618777,0.016401895427403317,0.43484044798710364,after_return,0.31182839118754063
0.39279598374858254,1.0,,,held-out,stress,60,1.0,,,0.85,0.4208510638297872,,0.16036607053356128,,,0.5157929259804895,0.010000000000005116,ekf3,,0.16421516823845914,1.0,,100/50/50 Hz,1.0,4700,transition,307,13,0.03209507328668708,0.08355076580758168,0.0353460733492461,flight,0.3529171319829242
0.3521827748828831,1.0,,,held-out,stress,25,1.0,,,0.85,0.0,,0.22881350035527892,,,0.3133339078117891,0.010000000000001563,ekf3,,0.23220920177222168,1.0,,100/50/50 Hz,1.0,700,transition,307,18,0.20128375065211543,0.10641565656456198,0.03956634229818499,before_outage,0.24071619561474644
0.2945189873655108,1.0,,,held-out,stress,40,1.0,,,0.85,0.0,,0.20881247276216108,,,0.30655598959990626,0.010000000000005116,ekf3,,0.21395624750802422,1.0,,100/50/50 Hz,1.0,1500,transition,307,25,0.18997242587807595,0.09488698909150982,0.04663289682902689,outage_window,0.22579163676953867
0.49838497479136595,1.0,,,held-out,stress,60,1.0,,,0.85,0.989,,0.08569000656430997,,,0.5157929259804895,0.010000000000005116,ekf3,,0.08739258967436248,1.0,,100/50/50 Hz,1.0,2000,transition,307,40,0.03209507328668708,0.06779458430785483,0.017166464545735675,after_return,0.48083598453270565
0.15655952950311694,1.0,1.0,,held-out,zero,60,1.0,1.0,,0.85,1.0,,0.0445616051138303,1.0,,0.09669062570116616,0.010000000000005116,px4,,0.08231050784396558,1.0,,100/50/50 Hz,1.0,4700,gps,911,13,0.023783378883482136,0.017023935409240673,0.0692046461678013,flight,0.11909863939668298
0.17427593296907098,1.0,1.0,,held-out,zero,25,1.0,1.0,,0.85,1.0,,0.03205575686346608,1.0,,0.0612812948323019,0.010000000000001563,px4,,0.09024787214230955,1.0,,100/50/50 Hz,1.0,700,gps,911,18,0.052792212677670466,0.01711201022401474,0.08436294730582258,before_outage,0.10684755938786704
0.13053737981021293,1.0,1.0,,held-out,zero,40,1.0,1.0,,0.85,1.0,,0.04279328702282197,1.0,,0.08562524249883727,0.010000000000005116,px4,,0.07107942754960905,1.0,,100/50/50 Hz,1.0,1500,gps,911,25,0.03127593195254346,0.018621871143879136,0.056754027227699885,outage_window,0.07608252329055633
0.10496540889396845,1.0,1.0,,held-out,zero,60,1.0,1.0,,0.85,1.0,,0.048237806827393814,1.0,,0.09669062570116616,0.010000000000005116,px4,,0.08512202594300702,1.0,,100/50/50 Hz,1.0,2000,gps,911,40,0.023783378883482136,0.01632152283277652,0.07013467967507231,after_return,0.07345903926658898
0.3884322994339891,1.0,,,held-out,zero,60,1.0,,,0.85,0.6323404255319149,,0.12694245657095649,,,0.2552347849835027,0.010000000000005116,ekf3,,0.13109268776476882,1.0,,100/50/50 Hz,1.0,4700,gps,911,13,0.023424763530712343,0.0686549140397262,0.03272469259018321,flight,0.33824784743383174
0.4077191533481338,1.0,,,held-out,zero,25,1.0,,,0.85,0.0,,0.1962656157959613,,,0.2552347849835027,0.010000000000001563,ekf3,,0.2008257423049628,1.0,,100/50/50 Hz,1.0,700,gps,911,18,0.18181030912665266,0.10116011391656936,0.042553340980132554,before_outage,0.30630287027262076
0.4165925951517174,1.0,,,held-out,zero,40,1.0,,,0.85,0.648,,0.1355810004182781,,,0.2384323895130967,0.010000000000005116,ekf3,,0.13690504760996872,1.0,,100/50/50 Hz,1.0,1500,gps,911,25,0.019366542372941248,0.07610662606792415,0.0189943251174309,outage_window,0.3477679488451538
0.35530912252959373,1.0,,,held-out,zero,60,1.0,,,0.85,1.0,,0.07701283791423714,,,0.16791055128116905,0.010000000000005116,ekf3,,0.08453858109528786,1.0,,100/50/50 Hz,1.0,2000,gps,911,40,0.023424763530712343,0.038394686116005335,0.034868244722096355,after_return,0.33115952117779046
0.1925377098879287,1.0,1.0,,held-out,zero,60,1.0,1.0,,0.85,0.0,,0.09413892303926687,1.0,,0.1444336316163864,0.010000000000005116,px4,,0.09533195333206126,1.0,,100/50/50 Hz,1.0,4700,denied,911,13,0.13230973915978494,0.01551039009459572,0.015034776190994446,flight,0.16668315259965702
0.2737218879441227,1.0,1.0,,held-out,zero,25,1.0,1.0,,0.85,0.0,,0.06025867326985709,1.0,,0.08270308939909261,0.010000000000001563,px4,,0.0633531714855626,1.0,,100/50/50 Hz,1.0,700,denied,911,18,0.03435181126332146,0.021660512307901426,0.0195580324428536,before_outage,0.24947922183299498
0.21094485225707163,1.0,1.0,,held-out,zero,40,1.0,1.0,,0.85,0.0,,0.07881490090031168,1.0,,0.1010985531362569,0.010000000000005116,px4,,0.07945899867206746,1.0,,100/50/50 Hz,1.0,1500,denied,911,25,0.08196694021871946,0.016101803246364167,0.010096725510860763,outage_window,0.1868454686038212
0.09730265475408244,1.0,1.0,,held-out,zero,60,1.0,1.0,,0.85,0.0,,0.12097331261001056,1.0,,0.1444336316163864,0.010000000000005116,px4,,0.12161639476210882,1.0,,100/50/50 Hz,1.0,2000,denied,911,40,0.13230973915978494,0.012740812873951249,0.012490200602622445,after_return,0.05954714903460542
0.41774699696285705,1.0,,,held-out,zero,60,1.0,,,0.85,0.0,,0.18870332517555627,,,0.3529389095439907,0.010000000000005116,ekf3,,0.1940564695926803,1.0,,100/50/50 Hz,1.0,4700,denied,911,13,0.23967663380028137,0.09764378239964698,0.04526553278669243,flight,0.36819291656063435
0.5075879248935554,1.0,,,held-out,zero,25,1.0,,,0.85,0.0,,0.20649432336521606,,,0.271915747285259,0.010000000000001563,ekf3,,0.2112177447816112,1.0,,100/50/50 Hz,1.0,700,denied,911,18,0.18314986796376106,0.10643716275141807,0.04441880377240508,before_outage,0.42715697152533516
0.3951581708126494,1.0,,,held-out,zero,40,1.0,,,0.85,0.0,,0.17561236916509365,,,0.24820915173855757,0.010000000000005116,ekf3,,0.17995800813090762,1.0,,100/50/50 Hz,1.0,1500,denied,911,25,0.12836135087799996,0.10333739792804043,0.03930878383601643,outage_window,0.331635929494392
0.4099863704142638,1.0,,,held-out,zero,60,1.0,,,0.85,0.0,,0.20078836473136355,,,0.3529389095439907,0.010000000000005116,ekf3,,0.20587363896695243,1.0,,100/50/50 Hz,1.0,2000,denied,911,40,0.23967663380028137,0.09402322231963525,0.045475133974514026,after_return,0.37660785218976606
0.1608793462441084,1.0,1.0,,held-out,zero,60,1.0,1.0,,0.85,0.8004255319148936,,0.052352243772681606,1.0,,0.09459510599596437,0.010000000000005116,px4,,0.09929771491089529,1.0,,100/50/50 Hz,1.0,4700,transition,911,13,0.024424698991670844,0.01703185288714125,0.08437581856486583,flight,0.12469810204465172
0.17427593296907098,1.0,1.0,,held-out,zero,25,1.0,1.0,,0.85,1.0,,0.03205575686346608,1.0,,0.0612812948323019,0.010000000000001563,px4,,0.09024787214230955,1.0,,100/50/50 Hz,1.0,700,transition,911,18,0.052792212677670466,0.01711201022401474,0.08436294730582258,before_outage,0.10684755938786704
0.10859043685213104,1.0,1.0,,held-out,zero,40,1.0,1.0,,0.85,0.46066666666666667,,0.06286777378850422,1.0,,0.08998010893144645,0.010000000000005116,px4,,0.08306281048397976,1.0,,100/50/50 Hz,1.0,1500,transition,911,25,0.05934826469266795,0.018165548143244167,0.054286955195286084,outage_window,0.03891175078931428
0.13481963223894397,1.0,1.0,,held-out,zero,60,1.0,1.0,,0.85,0.9355,,0.050103554364581825,1.0,,0.09459510599596437,0.010000000000005116,px4,,0.11449973337016818,1.0,,100/50/50 Hz,1.0,2000,transition,911,40,0.024424698991670844,0.016721721240119322,0.10295544075897592,after_return,0.10867431714499083
0.47860630850453045,1.0,,,held-out,zero,60,1.0,,,0.85,0.4238297872340426,,0.14008263696282147,,,0.2764099799671638,0.010000000000005116,ekf3,,0.1450902167199255,1.0,,100/50/50 Hz,1.0,4700,transition,911,13,0.022958007420893347,0.07967287266740751,0.037789228748114335,flight,0.4378509740340722
0.4077191533481338,1.0,,,held-out,zero,25,1.0,,,0.85,0.0,,0.1962656157959613,,,0.2552347849835027,0.010000000000001563,ekf3,,0.2008257423049628,1.0,,100/50/50 Hz,1.0,700,transition,911,18,0.18181030912665266,0.10116011391656936,0.042553340980132554,before_outage,0.30630287027262076
0.3580717983319298,1.0,,,held-out,zero,40,1.0,,,0.85,0.0,,0.16689034094881963,,,0.2384323895130967,0.010000000000005116,ekf3,,0.1711422257519943,1.0,,100/50/50 Hz,1.0,1500,transition,911,25,0.12531467879600933,0.09979846703722085,0.03791141692595165,outage_window,0.2833005557385988
0.5864966085844534,1.0,,,held-out,zero,60,1.0,,,0.85,0.996,,0.08410662633617734,,,0.2764099799671638,0.010000000000005116,ekf3,,0.09122271339229808,1.0,,100/50/50 Hz,1.0,2000,transition,911,40,0.022958007420893347,0.04678726786092436,0.03532221461063844,after_return,0.5673081411679162
0.15867244468855965,1.0,1.0,,held-out,nominal,60,1.0,1.0,,0.85,1.0,,0.04456059394562869,1.0,,0.09669062570116616,0.010000000000005116,px4,,0.08141929363353867,1.0,,100/50/50 Hz,1.0,4700,gps,911,13,0.023761870542078876,0.017061301858904747,0.068142900165734,flight,0.11968267197049146
0.17752172381012896,1.0,1.0,,held-out,nominal,25,1.0,1.0,,0.85,1.0,,0.032083108102127736,1.0,,0.06125637306805642,0.010000000000001563,px4,,0.08931587412926639,1.0,,100/50/50 Hz,1.0,700,gps,911,18,0.05273704458027883,0.017098746480846732,0.08335466121328874,before_outage,0.10781559498096471
0.1327728208380346,1.0,1.0,,held-out,nominal,40,1.0,1.0,,0.85,1.0,,0.04281834185423849,1.0,,0.08569314131291798,0.010000000000005116,px4,,0.07028650601645098,1.0,,100/50/50 Hz,1.0,1500,gps,911,25,0.031250446229116206,0.018698757749827086,0.05573851925602408,outage_window,0.076339835729805
0.10615041296229531,1.0,1.0,,held-out,nominal,60,1.0,1.0,,0.85,1.0,,0.04823751303199147,1.0,,0.09669062570116616,0.010000000000005116,px4,,0.08421415597810915,1.0,,100/50/50 Hz,1.0,2000,gps,911,40,0.023761870542078876,0.01634457374745363,0.06903018472808653,after_return,0.0734890926777507
0.4245062374151026,1.0,,,held-out,nominal,60,1.0,,,0.85,0.6251063829787235,,0.1774224633641275,,,0.8283299210062913,0.010000000000005116,ekf3,,0.18162917949578972,1.0,,100/50/50 Hz,1.0,4700,gps,911,13,0.030908344189293252,0.08949981974023113,0.0388642295448994,flight,0.37741001923058626
0.5466277100016292,1.0,,,held-out,nominal,25,1.0,,,0.85,0.0,,0.2658331952914369,,,0.36916262264898303,0.010000000000001563,ekf3,,0.2691775330074895,1.0,,100/50/50 Hz,1.0,700,gps,911,18,0.13263847155077993,0.12665656705227968,0.04229960469251288,before_outage,0.4670185667884952
0.47069172483884575,1.0,,,held-out,nominal,40,1.0,,,0.85,0.6253333333333333,,0.22442934804794032,,,0.8283299210062913,0.010000000000005116,ekf3,,0.22648842368921096,1.0,,100/50/50 Hz,1.0,1500,gps,911,25,0.006469124897151615,0.11091041885568408,0.03047086805458617,outage_window,0.40278803073023794
0.3755244861694279,1.0,,,held-out,nominal,60,1.0,,,0.85,1.0,,0.08406072035874293,,,0.17382736065929547,0.010000000000005116,ekf3,,0.09145999900082427,1.0,,100/50/50 Hz,1.0,2000,gps,911,40,0.030908344189293252,0.04684925052646922,0.03603785107355876,after_return,0.35783442413654737
0.19842247295816098,1.0,1.0,,held-out,nominal,60,1.0,1.0,,0.85,0.0,,0.09777360263089992,1.0,,0.14859184716306628,0.010000000000005116,px4,,0.09890175012616192,1.0,,100/50/50 Hz,1.0,4700,denied,911,13,0.13624478759204084,0.015779121321096636,0.014895596886081804,flight,0.17178064566118864
0.2822575321274803,1.0,1.0,,held-out,nominal,25,1.0,1.0,,0.85,0.0,,0.06326567911659235,1.0,,0.08586848289466409,0.010000000000001563,px4,,0.06611746922802887,1.0,,100/50/50 Hz,1.0,700,denied,911,18,0.03532806189767378,0.02209085241614128,0.01920868509387653,before_outage,0.2571285684944094
0.2153484325239668,1.0,1.0,,held-out,nominal,40,1.0,1.0,,0.85,0.0,,0.08262199181627064,1.0,,0.10537948870383126,0.010000000000005116,px4,,0.08320432663166957,1.0,,100/50/50 Hz,1.0,1500,denied,911,25,0.08605992337752688,0.016351599835837893,0.009826822403079572,outage_window,0.19033692685059259
0.0975269498457504,1.0,1.0,,held-out,nominal,60,1.0,1.0,,0.85,0.0,,0.12503733502851247,1.0,,0.14859184716306628,0.010000000000005116,px4,,0.1256728785239728,1.0,,100/50/50 Hz,1.0,2000,denied,911,40,0.13624478759204084,0.012836502275220872,0.012622885782132002,after_return,0.05759897363139726
0.3001700120391858,1.0,,,held-out,nominal,60,1.0,,,0.85,0.0,,0.26105007600431457,,,0.44252606498374086,0.010000000000005116,ekf3,,0.2665922803202674,1.0,,100/50/50 Hz,1.0,4700,denied,911,13,0.3046030350404638,0.11416453525022544,0.05407681337229117,flight,0.22026466444821566
0.5466277100016292,1.0,,,held-out,nominal,25,1.0,,,0.85,0.0,,0.2658331952914369,,,0.36916262264898303,0.010000000000001563,ekf3,,0.2691775330074895,1.0,,100/50/50 Hz,1.0,700,denied,911,18,0.13263847155077993,0.12665656705227968,0.04229960469251288,before_outage,0.4670185667884952
0.27065902615564563,1.0,,,held-out,nominal,40,1.0,,,0.85,0.0,,0.2652244609067129,,,0.3996096037782231,0.010000000000005116,ekf3,,0.2717817433957927,1.0,,100/50/50 Hz,1.0,1500,denied,911,25,0.08885548653468199,0.12338793425130186,0.05934055426097736,outage_window,0.1446740580031879
0.20123673982668594,1.0,,,held-out,nominal,60,1.0,,,0.85,0.0,,0.27974159566734913,,,0.44252606498374086,0.010000000000005116,ekf3,,0.28448562156375257,1.0,,100/50/50 Hz,1.0,2000,denied,911,40,0.3046030350404638,0.1086603249855115,0.05173691651036037,after_return,0.11536894805457219
0.1628681670590746,1.0,1.0,,held-out,nominal,60,1.0,1.0,,0.85,0.8029787234042554,,0.05237401633316928,1.0,,0.09459510599596437,0.010000000000005116,px4,,0.09816440887574332,1.0,,100/50/50 Hz,1.0,4700,transition,911,13,0.024424698991670844,0.017053127318894905,0.08302537915033589,flight,0.12519407659944298
0.17752172381012896,1.0,1.0,,held-out,nominal,25,1.0,1.0,,0.85,1.0,,0.032083108102127736,1.0,,0.06125637306805642,0.010000000000001563,px4,,0.08931587412926639,1.0,,100/50/50 Hz,1.0,700,transition,911,18,0.05273704458027883,0.017098746480846732,0.08335466121328874,before_outage,0.10781559498096471
0.11118549569303794,1.0,1.0,,held-out,nominal,40,1.0,1.0,,0.85,0.4686666666666667,,0.06292669249510878,1.0,,0.09008798784995055,0.010000000000005116,px4,,0.0825157089913984,1.0,,100/50/50 Hz,1.0,1500,transition,911,25,0.059409955126590634,0.018285765801716713,0.053376714042540754,outage_window,0.039400231228536454
0.13560268939566897,1.0,1.0,,held-out,nominal,60,1.0,1.0,,0.85,0.9355,,0.050119437034733434,1.0,,0.09459510599596437,0.010000000000005116,px4,,0.11294839134121935,1.0,,100/50/50 Hz,1.0,2000,transition,911,40,0.024424698991670844,0.016671696969982736,0.10121947015219268,after_return,0.10853011496138446
0.46547760838796487,1.0,,,held-out,nominal,60,1.0,,,0.85,0.4208510638297872,,0.19724327050716062,,,0.5265598197156317,0.010000000000005116,ekf3,,0.20327376494644075,1.0,,100/50/50 Hz,1.0,4700,transition,911,13,0.031228313542870558,0.10288188079167672,0.049145862034762476,flight,0.4203301589226172
0.5466277100016292,1.0,,,held-out,nominal,25,1.0,,,0.85,0.0,,0.2658331952914369,,,0.36916262264898303,0.010000000000001563,ekf3,,0.2691775330074895,1.0,,100/50/50 Hz,1.0,700,transition,911,18,0.13263847155077993,0.12665656705227968,0.04229960469251288,before_outage,0.4670185667884952
0.27065902615564563,1.0,,,held-out,nominal,40,1.0,,,0.85,0.0,,0.2652244609067129,,,0.3996096037782231,0.010000000000005116,ekf3,,0.2717817433957927,1.0,,100/50/50 Hz,1.0,1500,transition,911,25,0.08885548653468199,0.12338789742810591,0.05934055426097736,outage_window,0.1446740580031879
0.5813170393827185,1.0,,,held-out,nominal,60,1.0,,,0.85,0.989,,0.09765300536079573,,,0.5265598197156317,0.010000000000005116,ekf3,,0.10496047308866133,1.0,,100/50/50 Hz,1.0,2000,transition,911,40,0.031228313542870558,0.07779622557775662,0.03847845442582121,after_return,0.5607924017009505
0.15814067899965198,1.0,1.0,,held-out,stress,60,1.0,1.0,,0.85,1.0,,0.044632769668374934,1.0,,0.09669062570116616,0.010000000000005116,px4,,0.08470930814724557,1.0,,100/50/50 Hz,1.0,4700,gps,911,13,0.023783378883482136,0.017046268426322096,0.07199710243138119,flight,0.11849778883530131
0.17632616554766206,1.0,1.0,,held-out,stress,25,1.0,1.0,,0.85,1.0,,0.032055092837882514,1.0,,0.06089490987058687,0.010000000000001563,px4,,0.09290394647481487,1.0,,100/50/50 Hz,1.0,700,gps,911,18,0.05284380542062754,0.017091010270067045,0.08719870580318266,before_outage,0.10524252220180355
0.1329789890227045,1.0,1.0,,held-out,stress,40,1.0,1.0,,0.85,1.0,,0.04284002229561731,1.0,,0.08572687306183963,0.010000000000005116,px4,,0.07327216412669835,1.0,,100/50/50 Hz,1.0,1500,gps,911,25,0.03127593195254346,0.018684908548570585,0.05944360794501654,outage_window,0.07644696382590596
0.10664567894247558,1.0,1.0,,held-out,stress,60,1.0,1.0,,0.85,1.0,,0.0482453630844956,1.0,,0.09669062570116616,0.010000000000005116,px4,,0.08742461793381519,1.0,,100/50/50 Hz,1.0,2000,gps,911,40,0.023783378883482136,0.01633596840865411,0.07290712421786194,after_return,0.07352874162481605
0.3769864760411826,1.0,,,held-out,stress,60,1.0,,,0.85,0.6059574468085106,,0.14521622891630848,,,0.7351782457185773,0.010000000000005116,ekf3,,0.1491710705679932,1.0,,100/50/50 Hz,1.0,4700,gps,911,13,0.02052891351308717,0.07311386568880858,0.034121183357666646,flight,0.3144498016387269
0.37194545145753566,1.0,,,held-out,stress,25,1.0,,,0.85,0.0,,0.22094793794334436,,,0.28187343696823136,0.010000000000001563,ekf3,,0.22310460614119096,1.0,,100/50/50 Hz,1.0,700,gps,911,18,0.23909188737603604,0.10688438182287768,0.030946308342030073,before_outage,0.21577086121899944
0.44818031766512867,1.0,,,held-out,stress,40,1.0,,,0.85,0.5653333333333334,,0.17600900359326788,,,0.7351782457185773,0.010000000000005116,ekf3,,0.17868034355396134,1.0,,100/50/50 Hz,1.0,1500,gps,911,25,0.008808704452355596,0.08920474965166132,0.030781420153506028,outage_window,0.37391393995228345
0.32700387165362643,1.0,,,held-out,stress,60,1.0,,,0.85,1.0,,0.07740303565968769,,,0.1669876204879554,0.010000000000005116,ekf3,,0.08316283174793224,1.0,,100/50/50 Hz,1.0,2000,gps,911,40,0.02052891351308717,0.03836110379234528,0.03041096274372122,after_return,0.29869897283046914
0.1984794950501271,1.0,1.0,,held-out,stress,60,1.0,1.0,,0.85,0.0,,0.09422477879168441,1.0,,0.14472552022313143,0.010000000000005116,px4,,0.09562916376189497,1.0,,100/50/50 Hz,1.0,4700,denied,911,13,0.13291054828033946,0.015759079609223424,0.016328748373879348,flight,0.17123458617004003
0.28236414065028836,1.0,1.0,,held-out,stress,25,1.0,1.0,,0.85,0.0,,0.06140803509628257,1.0,,0.08559882564895188,0.010000000000001563,px4,,0.06516435740455645,1.0,,100/50/50 Hz,1.0,700,denied,911,18,0.03770623891018304,0.022108534172139743,0.021804740346138024,before_outage,0.2569752641965735
0.21550085232951627,1.0,1.0,,held-out,stress,40,1.0,1.0,,0.85,0.0,,0.07866319946649972,1.0,,0.10081386264815098,0.010000000000005116,px4,,0.07941842851246589,1.0,,100/50/50 Hz,1.0,1500,denied,911,25,0.08124630754003878,0.016308538841488106,0.010926474137768928,outage_window,0.1900307589583357
0.09887803717644723,1.0,1.0,,held-out,stress,60,1.0,1.0,,0.85,0.0,,0.12084814838263469,1.0,,0.14472552022313143,0.010000000000005116,px4,,0.12155264940363308,1.0,,100/50/50 Hz,1.0,2000,denied,911,40,0.13291054828033946,0.012830062723848549,0.013067961184945801,after_return,0.05832875063979894
0.34822019788727493,1.0,,,held-out,stress,60,1.0,,,0.85,0.0,,0.21063043070458207,,,0.3710778996683863,0.010000000000005116,ekf3,,0.21568244018269903,1.0,,100/50/50 Hz,1.0,4700,denied,911,13,0.2784088638075733,0.08809559268446544,0.04640836847343166,flight,0.27889560076189274
0.37194545145753566,1.0,,,held-out,stress,25,1.0,,,0.85,0.0,,0.22094793794334436,,,0.28187343696823136,0.010000000000001563,ekf3,,0.22310460614119096,1.0,,100/50/50 Hz,1.0,700,denied,911,18,0.23909188737603604,0.10688438182287768,0.030946308342030073,before_outage,0.21577086121899944
0.44215181306706364,1.0,,,held-out,stress,40,1.0,,,0.85,0.0,,0.19486681171794565,,,0.2636034029841218,0.010000000000005116,ekf3,,0.20208983694333557,1.0,,100/50/50 Hz,1.0,1500,denied,911,25,0.12785528690141412,0.09102670319818089,0.05354650209553064,outage_window,0.3834262806726599
0.2488624979107102,1.0,,,held-out,stress,60,1.0,,,0.85,0.0,,0.2354734601234493,,,0.3710778996683863,0.010000000000005116,ekf3,,0.23928656373166812,1.0,,100/50/50 Hz,1.0,2000,denied,911,40,0.2784088638075733,0.08307228843078067,0.042547728023949766,after_return,0.18504756654251306
0.1624436600138849,1.0,1.0,,held-out,stress,60,1.0,1.0,,0.85,0.8040425531914893,,0.052461032250566926,1.0,,0.09459510599596437,0.010000000000005116,px4,,0.10125108716653645,1.0,,100/50/50 Hz,1.0,4700,transition,911,13,0.024424698991670844,0.01702639068335848,0.08660036228336773,flight,0.12408265961669246
0.17632616554766206,1.0,1.0,,held-out,stress,25,1.0,1.0,,0.85,1.0,,0.032055092837882514,1.0,,0.06089490987058687,0.010000000000001563,px4,,0.09290394647481487,1.0,,100/50/50 Hz,1.0,700,transition,911,18,0.05284380542062754,0.017091010270067045,0.08719870580318266,before_outage,0.10524252220180355
0.11135665572647375,1.0,1.0,,held-out,stress,40,1.0,1.0,,0.85,0.472,,0.06300936232333626,1.0,,0.09012090579105296,0.010000000000005116,px4,,0.08488210567628081,1.0,,100/50/50 Hz,1.0,1500,transition,911,25,0.05954793512462183,0.018255962712084666,0.05687523295465112,outage_window,0.038940270107741294
0.13629886815099573,1.0,1.0,,held-out,stress,60,1.0,1.0,,0.85,0.9355,,0.05012593102785983,1.0,,0.09459510599596437,0.010000000000005116,px4,,0.11616718339922752,1.0,,100/50/50 Hz,1.0,2000,transition,911,40,0.024424698991670844,0.016648016782049982,0.10479601871015903,after_return,0.10879363563401541
0.43794345694210485,1.0,,,held-out,stress,60,1.0,,,0.85,0.4208510638297872,,0.15605612748610467,,,0.5265598197156317,0.010000000000005116,ekf3,,0.16143097639978826,1.0,,100/50/50 Hz,1.0,4700,transition,911,13,0.02043752259756072,0.08339322009391868,0.041309142032117246,flight,0.3858042747506545
0.37194545145753566,1.0,,,held-out,stress,25,1.0,,,0.85,0.0,,0.22094793794334436,,,0.28187343696823136,0.010000000000001563,ekf3,,0.22310460614119096,1.0,,100/50/50 Hz,1.0,700,transition,911,18,0.23909188737603604,0.10688438182287768,0.030946308342030073,before_outage,0.21577086121899944
0.4421517729901589,1.0,,,held-out,stress,40,1.0,,,0.85,0.0,,0.19486681171794565,,,0.2636034029841218,0.010000000000005116,ekf3,,0.20208983694333557,1.0,,100/50/50 Hz,1.0,1500,transition,911,25,0.12785528690141412,0.09102670319818089,0.05354650209553064,outage_window,0.38342628162291914
0.4771738758687233,1.0,,,held-out,stress,60,1.0,,,0.85,0.989,,0.0917624182459216,,,0.5265598197156317,0.010000000000005116,ekf3,,0.09580978894319436,1.0,,100/50/50 Hz,1.0,2000,transition,911,40,0.02043752259756072,0.07075277391777507,0.027553116974309826,after_return,0.44859639958641745
0.2587851008494411,1.0,1.0,,held-out,zero,60,1.0,1.0,,0.85,1.0,,0.053444964362169,1.0,,0.10689451577825894,0.010000000000005116,px4,,0.1093932528757656,1.0,,25/25/25 Hz,1.0,4700,gps,101,13,0.061327707843184115,0.019856434135823737,0.09544904168752918,flight,0.24717670355404178
0.24875552358123923,1.0,1.0,,held-out,zero,25,1.0,1.0,,0.85,1.0,,0.0625413337596899,1.0,,0.10218254805694373,0.010000000000001563,px4,,0.09571337386890871,1.0,,25/25/25 Hz,1.0,700,gps,101,18,0.03146671702773602,0.024835587115298745,0.0724543408563529,before_outage,0.23060653033805262
0.14088169520217717,1.0,1.0,,held-out,zero,40,1.0,1.0,,0.85,1.0,,0.05067717910731122,1.0,,0.10689451577825894,0.010000000000005116,px4,,0.10282652680700231,1.0,,25/25/25 Hz,1.0,1500,gps,101,25,0.03204618512199736,0.017418743135867137,0.08947132575812582,outage_window,0.11290322464029104
0.08556855842735298,1.0,1.0,,held-out,zero,60,1.0,1.0,,0.85,1.0,,0.05162133780613725,1.0,,0.09502863153883172,0.010000000000005116,px4,,0.12160281502069693,1.0,,25/25/25 Hz,1.0,2000,gps,101,40,0.061327707843184115,0.017589678025769804,0.11010214395761103,after_return,0.05860733852847261
0.48736776391497266,1.0,,,held-out,zero,60,1.0,,,0.85,0.5621276595744681,,0.14500410917732875,,,0.342342783126111,0.010000000000005116,ekf3,,0.1519760166113481,1.0,,25/25/25 Hz,1.0,4700,gps,101,13,0.07644330428891631,0.07428317391125017,0.045502944374425695,flight,0.4522395868003057
0.40832132707244695,1.0,,,held-out,zero,25,1.0,,,0.85,0.0,,0.22304032479467764,,,0.3053082778761567,0.010000000000001563,ekf3,,0.22564179877838206,1.0,,25/25/25 Hz,1.0,700,gps,101,18,0.15142985778260873,0.10357735762234409,0.034164819206730354,before_outage,0.31365785047268874
0.5988927132151395,1.0,,,held-out,zero,40,1.0,,,0.85,0.428,,0.17834750291557794,,,0.342342783126111,0.010000000000005116,ekf3,,0.1840899772472384,1.0,,25/25/25 Hz,1.0,1500,gps,101,25,0.028800885477203397,0.08999953228250095,0.045621134649049086,outage_window,0.5619071005859482
0.4300841304367049,1.0,,,held-out,zero,60,1.0,,,0.85,1.0,,0.0587265574899683,,,0.10645853273218565,0.010000000000005116,ekf3,,0.07533508485176446,1.0,,25/25/25 Hz,1.0,2000,gps,101,40,0.07644330428891631,0.03670558595611776,0.047186507128627354,after_return,0.41006057457813055
0.3797051536798796,1.0,1.0,,held-out,zero,60,1.0,1.0,,0.85,0.0,,0.09973431524298665,1.0,,0.18604313992963145,0.010000000000005116,px4,,0.25835578872630266,1.0,,25/25/25 Hz,1.0,4700,denied,101,13,0.18002196205754611,0.02339326079145593,0.2383291420103771,flight,0.3681232107917806
0.43629914487721483,1.0,1.0,,held-out,zero,25,1.0,1.0,,0.85,0.0,,0.04480306743341285,1.0,,0.06059382162460824,0.010000000000001563,px4,,0.21053163128237087,1.0,,25/25/25 Hz,1.0,700,denied,101,18,0.034107514835472516,0.026041802410263864,0.2057091464154504,before_outage,0.42481887419877606
0.44729578435655654,1.0,1.0,,held-out,zero,40,1.0,1.0,,0.85,0.0,,0.06912882629577718,1.0,,0.11073525826639347,0.010000000000005116,px4,,0.25249845662818426,1.0,,25/25/25 Hz,1.0,1500,denied,101,25,0.04773862292344828,0.026410451802392675,0.24285113953733745,outage_window,0.4365399557584445
0.16314034470549257,1.0,1.0,,held-out,zero,60,1.0,1.0,,0.85,0.0,,0.1369778943851029,1.0,,0.18604313992963145,0.010000000000005116,px4,,0.285410801290802,1.0,,25/25/25 Hz,1.0,2000,denied,101,40,0.18002196205754611,0.01816257053420509,0.2503924558433845,after_return,0.1425687009140976
0.3795284303689831,1.0,,,held-out,zero,60,1.0,,,0.85,0.0,,0.3005508693576894,,,0.5433863158446492,0.010000000000005116,ekf3,,0.30601636701787094,1.0,,25/25/25 Hz,1.0,4700,denied,101,13,0.4201413209082325,0.09810369861241283,0.05757770237820739,flight,0.32638418886141857
0.4240813174188348,1.0,,,held-out,zero,25,1.0,,,0.85,0.0,,0.23818605554206948,,,0.32124452927031383,0.010000000000001563,ekf3,,0.24231516307216475,1.0,,25/25/25 Hz,1.0,700,denied,101,18,0.14950232739869682,0.10641136880061101,0.044542577383891925,before_outage,0.33403438438791305
0.3807445831561096,1.0,,,held-out,zero,40,1.0,,,0.85,0.0,,0.24961721570047635,,,0.3726461511812462,0.010000000000005116,ekf3,,0.25629690857946663,1.0,,25/25/25 Hz,1.0,1500,denied,101,25,0.09434787996266177,0.10634656427265572,0.058132185347992325,outage_window,0.3118085672281854
0.3452934340099202,1.0,,,held-out,zero,60,1.0,,,0.85,0.0,,0.37472525969521575,,,0.5433863158446492,0.010000000000005116,ekf3,,0.37798481596308453,1.0,,25/25/25 Hz,1.0,2000,denied,101,40,0.4201413209082325,0.09223243267771487,0.04953282593391982,after_return,0.3092975594457804
0.26388491774598166,1.0,1.0,,held-out,zero,60,1.0,1.0,,0.85,0.8004255319148936,,0.06715137271192004,1.0,,0.14536696627529144,0.010000000000005116,px4,,0.10945526260262178,1.0,,25/25/25 Hz,1.0,4700,transition,101,13,0.060979427006974424,0.019246624864806817,0.08643580076746958,flight,0.25142066948278985
0.24875552358123923,1.0,1.0,,held-out,zero,25,1.0,1.0,,0.85,1.0,,0.0625413337596899,1.0,,0.10218254805694373,0.010000000000001563,px4,,0.09571337386890871,1.0,,25/25/25 Hz,1.0,700,transition,101,18,0.03146671702773602,0.024835587115298745,0.0724543408563529,before_outage,0.23060653033805262
0.12045136562625844,1.0,1.0,,held-out,zero,40,1.0,1.0,,0.85,0.46066666666666667,,0.07566490019686146,1.0,,0.10827221618374848,0.010000000000005116,px4,,0.12445630636404155,1.0,,25/25/25 Hz,1.0,1500,transition,101,25,0.10175452800011378,0.01348963972500294,0.09881394168830207,outage_window,0.07842471359508578
0.1326284052691569,1.0,1.0,,held-out,zero,60,1.0,1.0,,0.85,0.9355,,0.06466395630172513,1.0,,0.14536696627529144,0.010000000000005116,px4,,0.10550866157896785,1.0,,25/25/25 Hz,1.0,2000,transition,101,40,0.060979427006974424,0.018559141652262526,0.08337056089288203,after_return,0.11556391336398603
0.45450843403559626,1.0,,,held-out,zero,60,1.0,,,0.85,0.4238297872340426,,0.16467391631549527,,,0.3320220898865847,0.010000000000005116,ekf3,,0.17247385664900716,1.0,,25/25/25 Hz,1.0,4700,transition,101,13,0.0764004045705375,0.08026175481893995,0.05128091762731558,flight,0.4114389296572024
0.40832132707244695,1.0,,,held-out,zero,25,1.0,,,0.85,0.0,,0.22304032479467764,,,0.3053082778761567,0.010000000000001563,ekf3,,0.22564179877838206,1.0,,25/25/25 Hz,1.0,700,transition,101,18,0.15142985778260873,0.10357735762234409,0.034164819206730354,before_outage,0.31365785047268874
0.3913343290604322,1.0,,,held-out,zero,40,1.0,,,0.85,0.0,,0.2246427599997484,,,0.3320220898865847,0.010000000000005116,ekf3,,0.23136676410763474,1.0,,25/25/25 Hz,1.0,1500,transition,101,25,0.08314431354455278,0.10223361404121344,0.05537336826790775,outage_window,0.32363873533908527
0.5161285346242526,1.0,,,held-out,zero,60,1.0,,,0.85,0.996,,0.06140827893724966,,,0.11010671031487497,0.010000000000005116,ekf3,,0.08107407672638067,1.0,,25/25/25 Hz,1.0,2000,transition,101,40,0.0764004045705375,0.041889825917653285,0.052934196839094484,after_return,0.4935453514179571
0.2514044526915803,1.0,1.0,,held-out,nominal,60,1.0,1.0,,0.85,1.0,,0.05343509192090839,1.0,,0.10683299431434881,0.010000000000005116,px4,,0.06496917368229856,1.0,,25/25/25 Hz,1.0,4700,gps,101,13,0.061327707843184115,0.019866123122569104,0.03695516852031319,flight,0.23895864151614662
0.24957365888338115,1.0,1.0,,held-out,nominal,25,1.0,1.0,,0.85,1.0,,0.06256103096402085,1.0,,0.10226702103790765,0.010000000000001563,px4,,0.07235106236703315,1.0,,25/25/25 Hz,1.0,700,gps,101,18,0.031368409681793864,0.024856973435260415,0.03634272458632048,before_outage,0.23078070515920782
0.1412703473104188,1.0,1.0,,held-out,nominal,40,1.0,1.0,,0.85,1.0,,0.050653119398248764,1.0,,0.10683299431434881,0.010000000000005116,px4,,0.058573184540104004,1.0,,25/25/25 Hz,1.0,1500,gps,101,25,0.03203105895665295,0.017396168992112358,0.029412232869944332,outage_window,0.11221453452491743
0.08599168048375316,1.0,1.0,,held-out,nominal,60,1.0,1.0,,0.85,1.0,,0.051625643741965745,1.0,,0.09506657842311896,0.010000000000005116,px4,,0.06862586470976516,1.0,,25/25/25 Hz,1.0,2000,gps,101,40,0.061327707843184115,0.01759644722055935,0.0452139604037362,after_return,0.05820606754515884
0.4251584567733972,1.0,,,held-out,nominal,60,1.0,,,0.85,0.5612765957446808,,0.16042578233591864,,,0.4021671801981514,0.010000000000005116,ekf3,,0.16853015613522687,1.0,,25/25/25 Hz,1.0,4700,gps,101,13,0.0863692594105906,0.08437460910570609,0.051633147191241395,flight,0.39269226269974794
0.30224112069399545,1.0,,,held-out,nominal,25,1.0,,,0.85,0.0,,0.24526546401193258,,,0.3026290181280088,0.010000000000001563,ekf3,,0.24671117591771735,1.0,,25/25/25 Hz,1.0,700,gps,101,18,0.2682646316920051,0.10459256604044816,0.026669392301180875,before_outage,0.20309823330607563
0.5450396824157216,1.0,,,held-out,nominal,40,1.0,,,0.85,0.42533333333333334,,0.20388364472203144,,,0.4021671801981514,0.010000000000005116,ekf3,,0.21166991604494217,1.0,,25/25/25 Hz,1.0,1500,gps,101,25,0.048004914210162015,0.11522978880841275,0.05688244697033817,outage_window,0.5081108185665351
0.4052429173103049,1.0,,,held-out,nominal,60,1.0,,,0.85,1.0,,0.06277775813440585,,,0.11342586341321066,0.010000000000005116,ekf3,,0.0806531256144606,1.0,,25/25/25 Hz,1.0,2000,gps,101,40,0.0863692594105906,0.03948613488241405,0.050634768242779585,after_return,0.38924869317634936
0.36386946815802484,1.0,1.0,,held-out,nominal,60,1.0,1.0,,0.85,0.0,,0.09918890572636646,1.0,,0.18546393922620147,0.010000000000005116,px4,,0.22324793580662783,1.0,,25/25/25 Hz,1.0,4700,denied,101,13,0.17948775122928456,0.022823302400153636,0.20000300453424746,flight,0.3513788334958043
0.4127573352280023,1.0,1.0,,held-out,nominal,25,1.0,1.0,,0.85,0.0,,0.04340491984962927,1.0,,0.05938287513278776,0.010000000000001563,px4,,0.17278834636283932,1.0,,25/25/25 Hz,1.0,700,denied,101,18,0.0330578926319269,0.024811084010790962,0.1672477969112053,before_outage,0.40006080010542533
0.43764276404759006,1.0,1.0,,held-out,nominal,40,1.0,1.0,,0.85,0.0,,0.06846530471964934,1.0,,0.1100583029506523,0.010000000000005116,px4,,0.21561176548259398,1.0,,25/25/25 Hz,1.0,1500,denied,101,25,0.04755331462697882,0.025916106410698244,0.20445277074220997,outage_window,0.4262998575750038
0.16294119459349787,1.0,1.0,,held-out,nominal,60,1.0,1.0,,0.85,0.0,,0.13657136031870015,1.0,,0.18546393922620147,0.010000000000005116,px4,,0.2521773113152546,1.0,,25/25/25 Hz,1.0,2000,denied,101,40,0.17948775122928456,0.01815438574542537,0.21199448078403038,after_return,0.14170813128452195
0.24705403117966412,1.0,,,held-out,nominal,60,1.0,,,0.85,0.0,,0.22345545887258547,,,0.3590265556386459,0.010000000000005116,ekf3,,0.23015643135286368,1.0,,25/25/25 Hz,1.0,4700,denied,101,13,0.3158166089000257,0.09698256775672383,0.05513293746144602,flight,0.17410741866571133
0.30224112069399545,1.0,,,held-out,nominal,25,1.0,,,0.85,0.0,,0.24526546401193258,,,0.3026290181280088,0.010000000000001563,ekf3,,0.24671117591771735,1.0,,25/25/25 Hz,1.0,700,denied,101,18,0.2682646316920051,0.10459256604044816,0.026669392301180875,before_outage,0.20309823330607563
0.3191511649736128,1.0,,,held-out,nominal,40,1.0,,,0.85,0.0,,0.2264211771235145,,,0.33237205104365186,0.010000000000005116,ekf3,,0.2349375931249217,1.0,,25/25/25 Hz,1.0,1500,denied,101,25,0.1658714633796333,0.10208600792288572,0.06268271861791999,outage_window,0.2467860232142385
0.17110952415066058,1.0,,,held-out,nominal,60,1.0,,,0.85,0.0,,0.23136103788910461,,,0.3590265556386459,0.010000000000005116,ekf3,,0.2375916143367095,1.0,,25/25/25 Hz,1.0,2000,denied,101,40,0.3158166089000257,0.09526172452080205,0.054054096514510354,after_return,0.09120863596876465
0.25653202470891157,1.0,1.0,,held-out,nominal,60,1.0,1.0,,0.85,0.8029787234042554,,0.06712980281755405,1.0,,0.14539929508024776,0.010000000000005116,px4,,0.07411248981973409,1.0,,25/25/25 Hz,1.0,4700,transition,101,13,0.06101148460181012,0.01924889280475062,0.03140462897339343,flight,0.24318733344641602
0.24957365888338115,1.0,1.0,,held-out,nominal,25,1.0,1.0,,0.85,1.0,,0.06256103096402085,1.0,,0.10226702103790765,0.010000000000001563,px4,,0.07235106236703315,1.0,,25/25/25 Hz,1.0,700,transition,101,18,0.031368409681793864,0.024856973435260415,0.03634272458632048,before_outage,0.23078070515920782
0.12084325538692534,1.0,1.0,,held-out,nominal,40,1.0,1.0,,0.85,0.4686666666666667,,0.07561304954001663,1.0,,0.10823255552817213,0.010000000000005116,px4,,0.08333641686968855,1.0,,25/25/25 Hz,1.0,1500,transition,101,25,0.10167068442061312,0.013472207655337345,0.03503748158668799,outage_window,0.07718599388127888
0.13240378825765825,1.0,1.0,,held-out,nominal,60,1.0,1.0,,0.85,0.9355,,0.06466528637883524,1.0,,0.14539929508024776,0.010000000000005116,px4,,0.07115000272720849,1.0,,25/25/25 Hz,1.0,2000,transition,101,40,0.06101148460181012,0.01854032642464095,0.029676988149490505,after_return,0.11469548528291595
0.35990555253661577,1.0,,,held-out,nominal,60,1.0,,,0.85,0.4208510638297872,,0.17352049543727488,,,0.4478745254744513,0.010000000000005116,ekf3,,0.18254492549964169,1.0,,25/25/25 Hz,1.0,4700,transition,101,13,0.08650547964073614,0.08641639932598785,0.05668586674712135,flight,0.31607620603628034
0.30224112069399545,1.0,,,held-out,nominal,25,1.0,,,0.85,0.0,,0.24526546401193258,,,0.3026290181280088,0.010000000000001563,ekf3,,0.24671117591771735,1.0,,25/25/25 Hz,1.0,700,transition,101,18,0.2682646316920051,0.10459256604044816,0.026669392301180875,before_outage,0.20309823330607563
0.3191511649736128,1.0,,,held-out,nominal,40,1.0,,,0.85,0.0,,0.2264211771235145,,,0.33237205104365186,0.010000000000005116,ekf3,,0.2349375931249217,1.0,,25/25/25 Hz,1.0,1500,transition,101,25,0.1658714633796333,0.10208600792288572,0.06268271861791999,outage_window,0.2467860232142385
0.4361706127798977,1.0,,,held-out,nominal,60,1.0,,,0.85,0.989,,0.08333023106710293,,,0.4478745254744513,0.010000000000005116,ekf3,,0.10135996495015558,1.0,,25/25/25 Hz,1.0,2000,transition,101,40,0.08650547964073614,0.06723770426303,0.057705416426883184,after_return,0.4145567946937241
0.24472020545428808,1.0,1.0,,held-out,stress,60,1.0,1.0,,0.85,1.0,,0.053411399752732534,1.0,,0.10687037254006393,0.010000000000005116,px4,,0.12730481700024882,1.0,,25/25/25 Hz,1.0,4700,gps,101,13,0.061327707843184115,0.019927902020782692,0.11555837835449509,flight,0.23166024190725779
0.25052043309036254,1.0,1.0,,held-out,stress,25,1.0,1.0,,0.85,1.0,,0.06253690290299932,1.0,,0.10237171081267735,0.010000000000001563,px4,,0.11096403955751781,1.0,,25/25/25 Hz,1.0,700,gps,101,18,0.031248151532928467,0.02491626827774818,0.09166326336228278,before_outage,0.23086505753845604
0.14066528600686545,1.0,1.0,,held-out,stress,40,1.0,1.0,,0.85,1.0,,0.050616721040795065,1.0,,0.10687037254006393,0.010000000000005116,px4,,0.12092122635024284,1.0,,25/25/25 Hz,1.0,1500,gps,101,25,0.03203105895665295,0.01739906062587735,0.10981753290401765,outage_window,0.11151631186964668
0.08421685448715316,1.0,1.0,,held-out,stress,60,1.0,1.0,,0.85,1.0,,0.05161948604019319,1.0,,0.0951970879085231,0.010000000000005116,px4,,0.14033018950488016,1.0,,25/25/25 Hz,1.0,2000,gps,101,40,0.061327707843184115,0.01757145857507873,0.1304913435727515,after_return,0.057642986243035495
0.46499667307840886,1.0,,,held-out,stress,60,1.0,,,0.85,0.5591489361702128,,0.16154546618649243,,,0.4218874194392792,0.010000000000005116,ekf3,,0.16920393623838173,1.0,,25/25/25 Hz,1.0,4700,gps,101,13,0.08536583653176427,0.08685692034012558,0.05032925981127863,flight,0.4266741897821975
0.4521777426175794,1.0,,,held-out,stress,25,1.0,,,0.85,0.0,,0.24696855690201824,,,0.3238547346018093,0.010000000000001563,ekf3,,0.2497958284816559,1.0,,25/25/25 Hz,1.0,700,gps,101,18,0.29194876731962577,0.11215964108364862,0.0374764970157488,before_outage,0.3607514594765287
0.5248660702887593,1.0,,,held-out,stress,40,1.0,,,0.85,0.4186666666666667,,0.20531945851742162,,,0.4218874194392792,0.010000000000005116,ekf3,,0.21209958673357637,1.0,,25/25/25 Hz,1.0,1500,gps,101,25,0.0441946626446788,0.1150864815855966,0.05319919780096939,outage_window,0.4814225635928892
0.4522865296132143,1.0,,,held-out,stress,60,1.0,,,0.85,1.0,,0.06462791537479527,,,0.11534025835956681,0.010000000000005116,ekf3,,0.08008473550366324,1.0,,25/25/25 Hz,1.0,2000,gps,101,40,0.08536583653176427,0.042742290736561196,0.0472947926837617,after_return,0.43248042745325427
0.3701936674814289,1.0,1.0,,held-out,stress,60,1.0,1.0,,0.85,0.0,,0.10052077434734713,1.0,,0.18730528565991036,0.010000000000005116,px4,,0.2686562854965601,1.0,,25/25/25 Hz,1.0,4700,denied,101,13,0.18125831988902621,0.023111696735245595,0.24914207525309515,flight,0.3563785287655787
0.42328066763651584,1.0,1.0,,held-out,stress,25,1.0,1.0,,0.85,0.0,,0.04423691201890973,1.0,,0.06236260385334754,0.010000000000001563,px4,,0.22066814371796634,1.0,,25/25/25 Hz,1.0,700,denied,101,18,0.03351975988317983,0.025512736575833205,0.21618863352860226,before_outage,0.40878311815914936
0.4396357336664963,1.0,1.0,,held-out,stress,40,1.0,1.0,,0.85,0.0,,0.06888063878535323,1.0,,0.10982324079084343,0.010000000000005116,px4,,0.26295786051586756,1.0,,25/25/25 Hz,1.0,1500,denied,101,25,0.04921490989164145,0.026025559910778387,0.25377607059690277,outage_window,0.42722935288766495
0.1649731466636773,1.0,1.0,,held-out,stress,60,1.0,1.0,,0.85,0.0,,0.1385964028644044,1.0,,0.18730528565991036,0.010000000000005116,px4,,0.2958321560348332,1.0,,25/25/25 Hz,1.0,2000,denied,101,40,0.18125831988902621,0.018260624231696047,0.2613574212783437,after_return,0.1427425760567681
0.32307857897186465,1.0,,,held-out,stress,60,1.0,,,0.85,0.0,,0.22461865838057074,,,0.39191193157035237,0.010000000000005116,ekf3,,0.2311546945245377,1.0,,25/25/25 Hz,1.0,4700,denied,101,13,0.2915716810343248,0.09903765133782852,0.05457976830332649,flight,0.254814800136929
0.4521777426175794,1.0,,,held-out,stress,25,1.0,,,0.85,0.0,,0.24696855690201824,,,0.3238547346018093,0.010000000000001563,ekf3,,0.2497958284816559,1.0,,25/25/25 Hz,1.0,700,denied,101,18,0.29194876731962577,0.11215964108364862,0.0374764970157488,before_outage,0.3607514594765287
0.27406193933466305,1.0,,,held-out,stress,40,1.0,,,0.85,0.0,,0.20881693896872075,,,0.2930383906768981,0.010000000000005116,ekf3,,0.2182326227681518,1.0,,25/25/25 Hz,1.0,1500,denied,101,25,0.14706351883914345,0.10217487604763925,0.06341106874986417,outage_window,0.16466118526772341
0.303339603315631,1.0,,,held-out,stress,60,1.0,,,0.85,0.0,,0.2456185283951656,,,0.39191193157035237,0.010000000000005116,ekf3,,0.25043972616381527,1.0,,25/25/25 Hz,1.0,2000,denied,101,40,0.2915716810343248,0.0961872018089431,0.048903935935668816,after_return,0.2555336413606329
0.24995015774963092,1.0,1.0,,held-out,stress,60,1.0,1.0,,0.85,0.8040425531914893,,0.06708468173301926,1.0,,0.14541703417383575,0.010000000000005116,px4,,0.12588041702749003,1.0,,25/25/25 Hz,1.0,4700,transition,101,13,0.06101148460181012,0.019300929102108604,0.1065153738565204,flight,0.23592304176832019
0.25052043309036254,1.0,1.0,,held-out,stress,25,1.0,1.0,,0.85,1.0,,0.06253690290299932,1.0,,0.10237171081267735,0.010000000000001563,px4,,0.11096403955751781,1.0,,25/25/25 Hz,1.0,700,transition,101,18,0.031248151532928467,0.02491626827774818,0.09166326336228278,before_outage,0.23086505753845604
0.12053572454084031,1.0,1.0,,held-out,stress,40,1.0,1.0,,0.85,0.472,,0.07553622742266118,1.0,,0.10820316533205059,0.010000000000005116,px4,,0.14111214923155266,1.0,,25/25/25 Hz,1.0,1500,transition,101,25,0.101476506925143,0.01345805315804362,0.11919277246335029,outage_window,0.07622136314586091
0.13082647121582797,1.0,1.0,,held-out,stress,60,1.0,1.0,,0.85,0.9355,,0.06464228608305511,1.0,,0.14541703417383575,0.010000000000005116,px4,,0.1219714855299684,1.0,,25/25/25 Hz,1.0,2000,transition,101,40,0.06101148460181012,0.018497649004615212,0.1034331577993428,after_return,0.11391404817285002
0.422935002430735,1.0,,,held-out,stress,60,1.0,,,0.85,0.4208510638297872,,0.16682196258774717,,,0.4478745254744513,0.010000000000005116,ekf3,,0.17601663168845472,1.0,,25/25/25 Hz,1.0,4700,transition,101,13,0.08553356545079724,0.08912747197933457,0.05614523514352219,flight,0.3743509098998
0.4521777426175794,1.0,,,held-out,stress,25,1.0,,,0.85,0.0,,0.24696855690201824,,,0.3238547346018093,0.010000000000001563,ekf3,,0.2497958284816559,1.0,,25/25/25 Hz,1.0,700,transition,101,18,0.29194876731962577,0.11215964108364862,0.0374764970157488,before_outage,0.3607514594765287
0.27406193933466305,1.0,,,held-out,stress,40,1.0,,,0.85,0.0,,0.2088168515728948,,,0.2930383906768981,0.010000000000005116,ekf3,,0.2182325391430352,1.0,,25/25/25 Hz,1.0,1500,transition,101,25,0.14706351883914345,0.10217487604763925,0.06341106874986417,outage_window,0.16466118526772341
0.5167943478334583,1.0,,,held-out,stress,60,1.0,,,0.85,0.989,,0.084629479565951,,,0.4478745254744513,0.010000000000005116,ekf3,,0.09980523090802264,1.0,,25/25/25 Hz,1.0,2000,transition,101,40,0.08553356545079724,0.06978405983662557,0.0529049648426308,after_return,0.4919718407550269
0.2314322082326789,1.0,1.0,,held-out,zero,60,1.0,1.0,,0.85,1.0,,0.06295192253479022,1.0,,0.11676948294565909,0.010000000000005116,px4,,0.10249842981119973,1.0,,25/25/25 Hz,1.0,4700,gps,307,13,0.035673387192167574,0.021817963316000416,0.08088871097338127,flight,0.21939427650402943
0.27363648331257234,1.0,1.0,,held-out,zero,25,1.0,1.0,,0.85,1.0,,0.07009508143716187,1.0,,0.11676948294565909,0.010000000000001563,px4,,0.10014807735068855,1.0,,25/25/25 Hz,1.0,700,gps,307,18,0.07836261460042958,0.020552220018986177,0.07152843459322415,before_outage,0.25460340525515895
0.1844230518651886,1.0,1.0,,held-out,zero,40,1.0,1.0,,0.85,1.0,,0.0723815746746826,1.0,,0.11387736781586653,0.010000000000005116,px4,,0.11784264607584763,1.0,,25/25/25 Hz,1.0,1500,gps,307,25,0.037828346574196606,0.02171161038454616,0.09299353139746244,outage_window,0.1706556155563012
0.17642945963693676,1.0,1.0,,held-out,zero,60,1.0,1.0,,0.85,1.0,,0.05504474232545959,1.0,,0.09615972853129394,0.010000000000005116,px4,,0.0986456199575879,1.0,,25/25/25 Hz,1.0,2000,gps,307,40,0.035673387192167574,0.021148095378155568,0.0818598477835173,after_return,0.1732297470565268
0.4485581863110114,1.0,,,held-out,zero,60,1.0,,,0.85,0.5621276595744681,,0.14341086744454604,,,0.28737099714032077,0.010000000000005116,ekf3,,0.15007482090754817,1.0,,25/25/25 Hz,1.0,4700,gps,307,13,0.03856389953388806,0.07387635415234256,0.04422414464108384,flight,0.4134976336619061
0.3279289957744593,1.0,,,held-out,zero,25,1.0,,,0.85,0.0,,0.2302392526282663,,,0.28737099714032077,0.010000000000001563,ekf3,,0.2315550225434731,1.0,,25/25/25 Hz,1.0,700,gps,307,18,0.25571152335250974,0.10033057205608117,0.024649848159485982,before_outage,0.2043772232295421
0.5496503604849152,1.0,,,held-out,zero,40,1.0,,,0.85,0.428,,0.16854718257581192,,,0.2674052941928464,0.010000000000005116,ekf3,,0.1793635660539158,1.0,,25/25/25 Hz,1.0,1500,gps,307,25,0.03773283512376127,0.0916072488726535,0.06134440539554795,outage_window,0.512086028105467
0.40978427901497966,1.0,,,held-out,zero,60,1.0,,,0.85,1.0,,0.05334310635952911,,,0.10956707156499605,0.010000000000005116,ekf3,,0.06351030897487459,1.0,,25/25/25 Hz,1.0,2000,gps,307,40,0.03856389953388806,0.03579669505622232,0.034468425406449885,after_return,0.39469146875059513
0.3323234192152736,1.0,1.0,,held-out,zero,60,1.0,1.0,,0.85,0.0,,0.09182448264028338,1.0,,0.1563965586289346,0.010000000000005116,px4,,0.277600458676588,1.0,,25/25/25 Hz,1.0,4700,denied,307,13,0.13884655218871392,0.02247030524663188,0.2619738136633056,flight,0.3156900149069309
0.5700795069942226,1.0,1.0,,held-out,zero,25,1.0,1.0,,0.85,0.0,,0.07842967168665478,1.0,,0.11951811263466827,0.010000000000001563,px4,,0.2482713132732077,1.0,,25/25/25 Hz,1.0,700,denied,307,18,0.0391699486647323,0.036245720919715466,0.23555770332028367,before_outage,0.5596974151128579
0.35449743897695835,1.0,1.0,,held-out,zero,40,1.0,1.0,,0.85,0.0,,0.06955083889716955,1.0,,0.10406314363060296,0.010000000000005116,px4,,0.27510130410970884,1.0,,25/25/25 Hz,1.0,1500,denied,307,25,0.10406314363060296,0.023929734569710183,0.26616425066406363,outage_window,0.340259844427377
0.10025108425775921,1.0,1.0,,held-out,zero,60,1.0,1.0,,0.85,0.0,,0.11665007147987275,1.0,,0.1563965586289346,0.010000000000005116,px4,,0.29734688270408616,1.0,,25/25/25 Hz,1.0,2000,denied,307,40,0.13884655218871392,0.014100739405307003,0.27351038276010314,after_return,0.04922413577560686
0.2782501173740779,1.0,,,held-out,zero,60,1.0,,,0.85,0.0,,0.21025690549178588,,,0.32332764825529203,0.010000000000005116,ekf3,,0.217233892968082,1.0,,25/25/25 Hz,1.0,4700,denied,307,13,0.1917929230445791,0.09633141619410676,0.054613166426113,flight,0.20576267197744685
0.3394518598609749,1.0,,,held-out,zero,25,1.0,,,0.85,0.0,,0.24508387443227653,,,0.3098616867707056,0.010000000000001563,ekf3,,0.24711869396453173,1.0,,25/25/25 Hz,1.0,700,denied,307,18,0.2729014048681157,0.10233999268903682,0.03164717048963462,before_outage,0.2265098795937081
0.3000990028858027,1.0,,,held-out,zero,40,1.0,,,0.85,0.0,,0.2090471991820413,,,0.29973931571141293,0.010000000000005116,ekf3,,0.2173859844589558,1.0,,25/25/25 Hz,1.0,1500,denied,307,25,0.15804919729464947,0.10319168781170025,0.059631658985251565,outage_window,0.21802662558238248
0.1698836869577048,1.0,,,held-out,zero,60,1.0,,,0.85,0.0,,0.2084382146043521,,,0.32332764825529203,0.010000000000005116,ekf3,,0.21513872241521267,1.0,,25/25/25 Hz,1.0,2000,denied,307,40,0.1917929230445791,0.09147053373998017,0.053274577192127956,after_return,0.08120135729475614
0.2731168449987349,1.0,1.0,,held-out,zero,60,1.0,1.0,,0.85,0.8004255319148936,,0.09508272534688522,1.0,,0.1761902487017562,0.010000000000005116,px4,,0.11278668607701883,1.0,,25/25/25 Hz,1.0,4700,transition,307,13,0.0410800295798642,0.02078763377568691,0.060663925827832685,flight,0.2597509515002248
0.27363648331257234,1.0,1.0,,held-out,zero,25,1.0,1.0,,0.85,1.0,,0.07009508143716187,1.0,,0.11676948294565909,0.010000000000001563,px4,,0.10014807735068855,1.0,,25/25/25 Hz,1.0,700,transition,307,18,0.07836261460042958,0.020552220018986177,0.07152843459322415,before_outage,0.25460340525515895
0.21688986832878598,1.0,1.0,,held-out,zero,40,1.0,1.0,,0.85,0.46066666666666667,,0.13642754726377584,1.0,,0.17243455004552616,0.010000000000005116,px4,,0.1583215552292937,1.0,,25/25/25 Hz,1.0,1500,transition,307,25,0.17243455004552616,0.018678867308987625,0.08033205585451239,outage_window,0.20206127757270534
0.26604587568463905,1.0,1.0,,held-out,zero,60,1.0,1.0,,0.85,0.9355,,0.07023296546342464,1.0,,0.1761902487017562,0.010000000000005116,px4,,0.0809436468450951,1.0,,25/25/25 Hz,1.0,2000,transition,307,40,0.0410800295798642,0.020879476811106332,0.04023934053630695,after_return,0.2582067854553596
0.4019983946725438,1.0,,,held-out,zero,60,1.0,,,0.85,0.4238297872340426,,0.15346953488164727,,,0.28737099714032077,0.010000000000005116,ekf3,,0.15813199965388186,1.0,,25/25/25 Hz,1.0,4700,transition,307,13,0.03912380887311212,0.07788084846372763,0.03811602258560228,flight,0.35721690821201524
0.3279289957744593,1.0,,,held-out,zero,25,1.0,,,0.85,0.0,,0.2302392526282663,,,0.28737099714032077,0.010000000000001563,ekf3,,0.2315550225434731,1.0,,25/25/25 Hz,1.0,700,transition,307,18,0.25571152335250974,0.10033057205608117,0.024649848159485982,before_outage,0.2043772232295421
0.3022296580368521,1.0,,,held-out,zero,40,1.0,,,0.85,0.0,,0.19025610407525723,,,0.2674052941928464,0.010000000000005116,ekf3,,0.19813042680154347,1.0,,25/25/25 Hz,1.0,1500,transition,307,25,0.15046691256108455,0.10020658034421101,0.05530172589229622,outage_window,0.21921497824005837
0.4826371694924812,1.0,,,held-out,zero,60,1.0,,,0.85,0.996,,0.06341279533333112,,,0.1512674863414306,0.010000000000005116,ekf3,,0.06749798842918905,1.0,,25/25/25 Hz,1.0,2000,transition,307,40,0.03912380887311212,0.038372136525492186,0.023125653071859396,after_return,0.463119366716228
0.23120974634248995,1.0,1.0,,held-out,nominal,60,1.0,1.0,,0.85,1.0,,0.06289885733602266,1.0,,0.11662698722807219,0.010000000000005116,px4,,0.07223802796400172,1.0,,25/25/25 Hz,1.0,4700,gps,307,13,0.035635981440379355,0.02178749769836489,0.03552557430852543,flight,0.21978026358392144
0.27247660277789676,1.0,1.0,,held-out,nominal,25,1.0,1.0,,0.85,1.0,,0.06996092036333562,1.0,,0.11662698722807219,0.010000000000001563,px4,,0.07911036840685877,1.0,,25/25/25 Hz,1.0,700,gps,307,18,0.07829837100540755,0.02045283060768193,0.036931287702758615,before_outage,0.2542876638881788
0.18365652256661585,1.0,1.0,,held-out,nominal,40,1.0,1.0,,0.85,1.0,,0.07235738618626633,1.0,,0.11388273016108166,0.010000000000005116,px4,,0.08208181554337102,1.0,,25/25/25 Hz,1.0,1500,gps,307,25,0.037828346574196606,0.02167527725157065,0.0387534915483431,outage_window,0.1708521677580091
0.1762382113265184,1.0,1.0,,held-out,nominal,60,1.0,1.0,,0.85,1.0,,0.055022430248776,1.0,,0.09607212543764249,0.010000000000005116,px4,,0.06465609068320281,1.0,,25/25/25 Hz,1.0,2000,gps,307,40,0.035635981440379355,0.021127652265775662,0.03395500304746158,after_return,0.17348245038462184
0.4055401689958624,1.0,,,held-out,nominal,60,1.0,,,0.85,0.563404255319149,,0.15910071414287785,,,0.5329144336858278,0.010000000000005116,ekf3,,0.16759650361835612,1.0,,25/25/25 Hz,1.0,4700,gps,307,13,0.03225853313760287,0.08141650155068864,0.05268349631833411,flight,0.37671823113191544
0.32804512267956276,1.0,,,held-out,nominal,25,1.0,,,0.85,0.0,,0.23872423873748005,,,0.3133212039529467,0.010000000000001563,ekf3,,0.2430830251244346,1.0,,25/25/25 Hz,1.0,700,gps,307,18,0.18712946730974048,0.1013473676303224,0.045826792849348964,before_outage,0.2590664440312506
0.519126059192616,1.0,,,held-out,nominal,40,1.0,,,0.85,0.432,,0.20301329925606543,,,0.5329144336858278,0.010000000000005116,ekf3,,0.21205707689558354,1.0,,25/25/25 Hz,1.0,1500,gps,307,25,0.03881406666718879,0.10610375115351829,0.061268296750168164,outage_window,0.4819042375998202
0.3536303456108854,1.0,,,held-out,nominal,60,1.0,,,0.85,1.0,,0.055619059579472586,,,0.11295309578815853,0.010000000000005116,ekf3,,0.0675748206694248,1.0,,25/25/25 Hz,1.0,2000,gps,307,40,0.03225853313760287,0.036453819213463017,0.038378074469676046,after_return,0.34246684140973394
0.3348798506257114,1.0,1.0,,held-out,nominal,60,1.0,1.0,,0.85,0.0,,0.09118861355361156,1.0,,0.15533127413029263,0.010000000000005116,px4,,0.24873331974765367,1.0,,25/25/25 Hz,1.0,4700,denied,307,13,0.13772773661666243,0.022543973594921995,0.2314149975927632,flight,0.3189034402473471
0.5745576853299814,1.0,1.0,,held-out,nominal,25,1.0,1.0,,0.85,0.0,,0.07888151367463399,1.0,,0.12016905775984528,0.010000000000001563,px4,,0.2196034893808889,1.0,,25/25/25 Hz,1.0,700,denied,307,18,0.04046676424747556,0.03642160013798942,0.20494730871289993,before_outage,0.5644019150234951
0.35528999157493485,1.0,1.0,,held-out,nominal,40,1.0,1.0,,0.85,0.0,,0.06893826967810641,1.0,,0.10288873207826742,0.010000000000005116,px4,,0.24545078295620792,1.0,,25/25/25 Hz,1.0,1500,denied,307,25,0.10288873207826742,0.023945815195111547,0.2355708000317615,outage_window,0.3416031484508208
0.09819062979600555,1.0,1.0,,held-out,nominal,60,1.0,1.0,,0.85,0.0,,0.11554652094936793,1.0,,0.15533127413029263,0.010000000000005116,px4,,0.2689878461595423,1.0,,25/25/25 Hz,1.0,2000,denied,307,40,0.13772773661666243,0.014032715426049842,0.24290628414688425,after_return,0.04913687303453496
0.2690067461658621,1.0,,,held-out,nominal,60,1.0,,,0.85,0.0,,0.2782007754941376,,,0.5018000643999222,0.010000000000005116,ekf3,,0.28383262461046954,1.0,,25/25/25 Hz,1.0,4700,denied,307,13,0.289953430250794,0.0974933340105357,0.056260886126403835,flight,0.21350348013204007
0.32804512267956276,1.0,,,held-out,nominal,25,1.0,,,0.85,0.0,,0.23872423873748005,,,0.3133212039529467,0.010000000000001563,ekf3,,0.2430830251244346,1.0,,25/25/25 Hz,1.0,700,denied,307,18,0.18712946730974048,0.1013473676303224,0.045826792849348964,before_outage,0.2590664440312506
0.3361185994708798,1.0,,,held-out,nominal,40,1.0,,,0.85,0.0,,0.2553292699630206,,,0.3876319246364017,0.010000000000005116,ekf3,,0.26060124202796064,1.0,,25/25/25 Hz,1.0,1500,denied,307,25,0.08832716678829325,0.10433373719952276,0.05215334358089294,outage_window,0.27464439432201676
0.16127854031353192,1.0,,,held-out,nominal,60,1.0,,,0.85,0.0,,0.32787755785497485,,,0.5018000643999222,0.010000000000005116,ekf3,,0.3326677397643817,1.0,,25/25/25 Hz,1.0,2000,denied,307,40,0.289953430250794,0.0914743243481488,0.05625061897437219,after_return,0.0922109536736837
0.27230993115007407,1.0,1.0,,held-out,nominal,60,1.0,1.0,,0.85,0.8029787234042554,,0.09494716040205074,1.0,,0.17579742229426093,0.010000000000005116,px4,,0.1044882737145276,1.0,,25/25/25 Hz,1.0,4700,transition,307,13,0.0410800295798642,0.02073598666779613,0.043621509320853236,flight,0.25959373580530015
0.27247660277789676,1.0,1.0,,held-out,nominal,25,1.0,1.0,,0.85,1.0,,0.06996092036333562,1.0,,0.11662698722807219,0.010000000000001563,px4,,0.07911036840685877,1.0,,25/25/25 Hz,1.0,700,transition,307,18,0.07829837100540755,0.02045283060768193,0.036931287702758615,before_outage,0.2542876638881788
0.2155779541525948,1.0,1.0,,held-out,nominal,40,1.0,1.0,,0.85,0.4686666666666667,,0.136249092130271,1.0,,0.1719438703750534,0.010000000000005116,px4,,0.13828490163189872,1.0,,25/25/25 Hz,1.0,1500,transition,307,25,0.1719438703750534,0.018634489720028784,0.023641042976587,outage_window,0.2016711516969908
0.26482913705476624,1.0,1.0,,held-out,nominal,60,1.0,1.0,,0.85,0.9355,,0.07013727957351724,1.0,,0.17579742229426093,0.010000000000005116,px4,,0.0910230164871877,1.0,,25/25/25 Hz,1.0,2000,transition,307,40,0.0410800295798642,0.020814179604917844,0.058016821219824904,after_return,0.25755891549634397
0.38625912004142166,1.0,,,held-out,nominal,60,1.0,,,0.85,0.4208510638297872,,0.18620233454288515,,,0.5157929259804895,0.010000000000005116,ekf3,,0.1916818349897397,1.0,,25/25/25 Hz,1.0,4700,transition,307,13,0.03274640085395386,0.08825567023721112,0.04550402702853107,flight,0.3516763511631852
0.32804512267956276,1.0,,,held-out,nominal,25,1.0,,,0.85,0.0,,0.23872423873748005,,,0.3133212039529467,0.010000000000001563,ekf3,,0.2430830251244346,1.0,,25/25/25 Hz,1.0,700,transition,307,18,0.18712946730974048,0.1013473676303224,0.045826792849348964,before_outage,0.2590664440312506
0.3361185994708798,1.0,,,held-out,nominal,40,1.0,,,0.85,0.0,,0.25532923912557215,,,0.3876319246364017,0.010000000000005116,ekf3,,0.26060121181435486,1.0,,25/25/25 Hz,1.0,1500,transition,307,25,0.08832716678829325,0.10433373719952276,0.05215334358089294,outage_window,0.27464439432201676
0.45449394016518113,1.0,,,held-out,nominal,60,1.0,,,0.85,0.989,,0.08427012417901592,,,0.5157929259804895,0.010000000000005116,ekf3,,0.08771037287086839,1.0,,25/25/25 Hz,1.0,2000,transition,307,40,0.03274640085395386,0.06584237179350845,0.02432397335963021,after_return,0.43820118876375164
0.23276823197719754,1.0,1.0,,held-out,stress,60,1.0,1.0,,0.85,1.0,,0.06292832570624009,1.0,,0.11649930683135912,0.010000000000005116,px4,,0.07046656571704765,1.0,,25/25/25 Hz,1.0,4700,gps,307,13,0.03556667731729123,0.021905505583523638,0.031710608757391553,flight,0.21984124612995645
0.27485915542478206,1.0,1.0,,held-out,stress,25,1.0,1.0,,0.85,1.0,,0.06989431492095148,1.0,,0.11649930683135912,0.010000000000001563,px4,,0.08002795782547228,1.0,,25/25/25 Hz,1.0,700,gps,307,18,0.07815115120752661,0.02052510468168753,0.038977670215732875,before_outage,0.25451396417762895
0.18595664256769692,1.0,1.0,,held-out,stress,40,1.0,1.0,,0.85,1.0,,0.07242930119033608,1.0,,0.11392091516798693,0.010000000000005116,px4,,0.07748915715402545,1.0,,25/25/25 Hz,1.0,1500,gps,307,25,0.03788932987685092,0.021829283965085933,0.02754207337004303,outage_window,0.17102574362107476
0.17758145438962913,1.0,1.0,,held-out,stress,60,1.0,1.0,,0.85,1.0,,0.05505883529311073,1.0,,0.09620797194360947,0.010000000000005116,px4,,0.06199732258210447,1.0,,25/25/25 Hz,1.0,2000,gps,307,40,0.03556667731729123,0.021208692151025974,0.02849899407901312,after_return,0.17392416582865564
0.4385804172806951,1.0,,,held-out,stress,60,1.0,,,0.85,0.5612765957446808,,0.15625434167269725,,,0.3652584246181987,0.010000000000005116,ekf3,,0.16270503283485774,1.0,,25/25/25 Hz,1.0,4700,gps,307,13,0.03176800445422751,0.082805787788344,0.04535976651421519,flight,0.40631958310866667
0.3861592991763478,1.0,,,held-out,stress,25,1.0,,,0.85,0.0,,0.2539945155672473,,,0.3176639018443948,0.010000000000001563,ekf3,,0.25662686126739526,1.0,,25/25/25 Hz,1.0,700,gps,307,18,0.2864702928836933,0.11094840322083432,0.03666240561821176,before_outage,0.2960091962799463
0.5301427517428067,1.0,,,held-out,stress,40,1.0,,,0.85,0.42533333333333334,,0.19009875347271446,,,0.3652584246181987,0.010000000000005116,ekf3,,0.19667275850647578,1.0,,25/25/25 Hz,1.0,1500,gps,307,25,0.038730691175462045,0.1074541703210223,0.05042457601871003,outage_window,0.49255000510320873
0.4196766211008449,1.0,,,held-out,stress,60,1.0,,,0.85,1.0,,0.05665570731243063,,,0.11524859830959376,0.010000000000005116,ekf3,,0.0653251338006422,1.0,,25/25/25 Hz,1.0,2000,gps,307,40,0.03176800445422751,0.04026816496766525,0.03251928558563364,after_return,0.4074348149420456
0.3378810292840893,1.0,1.0,,held-out,stress,60,1.0,1.0,,0.85,0.0,,0.09077803477807246,1.0,,0.15460468844466432,0.010000000000005116,px4,,0.24143098081077424,1.0,,25/25/25 Hz,1.0,4700,denied,307,13,0.13706463900740104,0.02272063406923542,0.22371469977872155,flight,0.32055379942709616
0.5785666818633103,1.0,1.0,,held-out,stress,25,1.0,1.0,,0.85,0.0,,0.07925635384492553,1.0,,0.12056469328282252,0.010000000000001563,px4,,0.21241793431999614,1.0,,25/25/25 Hz,1.0,700,denied,307,18,0.04175467145555973,0.03664049394031946,0.19707818041574807,before_outage,0.5676252982780504
0.359144652564032,1.0,1.0,,held-out,stress,40,1.0,1.0,,0.85,0.0,,0.06841353787590886,1.0,,0.10212413928343024,0.010000000000005116,px4,,0.23793254552479098,1.0,,25/25/25 Hz,1.0,1500,denied,307,25,0.10212413928343024,0.02414206326670283,0.22788480435344594,outage_window,0.34420709878048616
0.10153932406090689,1.0,1.0,,held-out,stress,60,1.0,1.0,,0.85,0.0,,0.11487668907276315,1.0,,0.15460468844466432,0.010000000000005116,px4,,0.26180752976717275,1.0,,25/25/25 Hz,1.0,2000,denied,307,40,0.13706463900740104,0.014185673002057956,0.23525843013687894,after_return,0.047746120615729776
0.29335423784249565,1.0,,,held-out,stress,60,1.0,,,0.85,0.0,,0.21502948273710543,,,0.3613204304767105,0.010000000000005116,ekf3,,0.2208901320348392,1.0,,25/25/25 Hz,1.0,4700,denied,307,13,0.11882587791149612,0.09850428786992954,0.050544752291227665,flight,0.2314854858897313
0.3861592991763478,1.0,,,held-out,stress,25,1.0,,,0.85,0.0,,0.2539945155672473,,,0.3176639018443948,0.010000000000001563,ekf3,,0.25662686126739526,1.0,,25/25/25 Hz,1.0,700,denied,307,18,0.2864702928836933,0.11094840322083432,0.03666240561821176,before_outage,0.2960091962799463
0.33656505038847523,1.0,,,held-out,stress,40,1.0,,,0.85,0.0,,0.21503854620956628,,,0.3059333913106009,0.010000000000005116,ekf3,,0.21986053020628882,1.0,,25/25/25 Hz,1.0,1500,denied,307,25,0.16047241497247094,0.10307890553492641,0.04579384660264594,outage_window,0.26908078860516793
0.2283947711526068,1.0,,,held-out,stress,60,1.0,,,0.85,0.0,,0.2165967404449887,,,0.3613204304767105,0.010000000000005116,ekf3,,0.2224283983586489,1.0,,25/25/25 Hz,1.0,2000,denied,307,40,0.11882587791149612,0.09487452098875655,0.050598857941657145,after_return,0.17777860779903454
0.2733337644091776,1.0,1.0,,held-out,stress,60,1.0,1.0,,0.85,0.8042553191489362,,0.09495898915864744,1.0,,0.17599123584054815,0.010000000000005116,px4,,0.1073817019875885,1.0,,25/25/25 Hz,1.0,4700,transition,307,13,0.04101758093846764,0.020807074394165383,0.050136017988260145,flight,0.2590113171643627
0.27485915542478206,1.0,1.0,,held-out,stress,25,1.0,1.0,,0.85,1.0,,0.06989431492095148,1.0,,0.11649930683135912,0.010000000000001563,px4,,0.08002795782547228,1.0,,25/25/25 Hz,1.0,700,transition,307,18,0.07815115120752661,0.02052510468168753,0.038977670215732875,before_outage,0.25451396417762895
0.2166488100704766,1.0,1.0,,held-out,stress,40,1.0,1.0,,0.85,0.4726666666666667,,0.13624169106450995,1.0,,0.17221908701997898,0.010000000000005116,px4,,0.136688589047455,1.0,,25/25/25 Hz,1.0,1500,transition,307,25,0.17221908701997898,0.018740385857362818,0.011044093066733308,outage_window,0.2004580924031571
0.2655442435437393,1.0,1.0,,held-out,stress,60,1.0,1.0,,0.85,0.9355,,0.07020778166744533,1.0,,0.17599123584054815,0.010000000000005116,px4,,0.09880640653147787,1.0,,25/25/25 Hz,1.0,2000,transition,307,40,0.04101758093846764,0.02082164149283894,0.06952390498957894,after_return,0.2571528787469499
0.41649844738967134,1.0,,,held-out,stress,60,1.0,,,0.85,0.4208510638297872,,0.17148698063684722,,,0.5157929259804895,0.010000000000005116,ekf3,,0.17640609260416334,1.0,,25/25/25 Hz,1.0,4700,transition,307,13,0.032267939439973914,0.08857153153313048,0.041368163845235444,flight,0.3778754878087732
0.3861592991763478,1.0,,,held-out,stress,25,1.0,,,0.85,0.0,,0.2539945155672473,,,0.3176639018443948,0.010000000000001563,ekf3,,0.25662686126739526,1.0,,25/25/25 Hz,1.0,700,transition,307,18,0.2864702928836933,0.11094840322083432,0.03666240561821176,before_outage,0.2960091962799463
0.33656505038847523,1.0,,,held-out,stress,40,1.0,,,0.85,0.0,,0.21503854620956628,,,0.3059333913106009,0.010000000000005116,ekf3,,0.21986053020628882,1.0,,25/25/25 Hz,1.0,1500,transition,307,25,0.16047241497247094,0.10307890553492641,0.04579384660264594,outage_window,0.26908078860516793
0.507530938822267,1.0,,,held-out,stress,60,1.0,,,0.85,0.989,,0.0858131532081109,,,0.5157929259804895,0.010000000000005116,ekf3,,0.08911813075081138,1.0,,25/25/25 Hz,1.0,2000,transition,307,40,0.032267939439973914,0.06807683295988139,0.024044624451215704,after_return,0.49115727170365636
0.1794699694770626,1.0,1.0,,held-out,zero,60,1.0,1.0,,0.85,1.0,,0.05660518078436993,1.0,,0.14515615737984444,0.010000000000005116,px4,,0.34941007470435814,1.0,,25/25/25 Hz,1.0,4700,gps,911,13,0.020953372734441412,0.021884587649350664,0.34479450954630053,flight,0.14194256634870495
0.21034125903166012,1.0,1.0,,held-out,zero,25,1.0,1.0,,0.85,1.0,,0.0450314992306319,1.0,,0.08598298215138343,0.010000000000001563,px4,,0.33641138902678613,1.0,,25/25/25 Hz,1.0,700,gps,911,18,0.08119847142145274,0.020526108007411774,0.33338384295579354,before_outage,0.14165908280817696
0.16576248001611602,1.0,1.0,,held-out,zero,40,1.0,1.0,,0.85,1.0,,0.05492366776503893,1.0,,0.11079697189204635,0.010000000000005116,px4,,0.3655457748837315,1.0,,25/25/25 Hz,1.0,1500,gps,911,25,0.0295812217385773,0.022452808727343634,0.36139604903012335,outage_window,0.11978096163374892
0.11923808601303502,1.0,1.0,,held-out,zero,60,1.0,1.0,,0.85,1.0,,0.0622508204220703,1.0,,0.14515615737984444,0.010000000000005116,px4,,0.3444939635144691,1.0,,25/25/25 Hz,1.0,2000,gps,911,40,0.020953372734441412,0.02193224257060005,0.3388228537963275,after_return,0.088799035487071
0.3767746169248003,1.0,,,held-out,zero,60,1.0,,,0.85,0.5642553191489361,,0.14646550435830155,,,0.30408847532017164,0.010000000000005116,ekf3,,0.1507723034116047,1.0,,25/25/25 Hz,1.0,4700,gps,911,13,0.021662180181131446,0.07389790769437678,0.03577909318455866,flight,0.3361388797671573
0.335277659035542,1.0,,,held-out,zero,25,1.0,,,0.85,0.0,,0.23197674754254882,,,0.30408847532017164,0.010000000000001563,ekf3,,0.23465173656260888,1.0,,25/25/25 Hz,1.0,700,gps,911,18,0.20921049849583795,0.10372088775431308,0.035330243014003906,before_outage,0.21424191305654433
0.4534304411839778,1.0,,,held-out,zero,40,1.0,,,0.85,0.43466666666666665,,0.17135946239096486,,,0.29026799201641235,0.010000000000005116,ekf3,,0.17310235485858408,1.0,,25/25/25 Hz,1.0,1500,gps,911,25,0.021267941443142774,0.0884009055509451,0.02450224289053283,outage_window,0.4134580975164693
0.33874594314167705,1.0,,,held-out,zero,60,1.0,,,0.85,1.0,,0.07334749059081183,,,0.16683460596229513,0.010000000000005116,ekf3,,0.08178584936264482,1.0,,25/25/25 Hz,1.0,2000,gps,911,40,0.021662180181131446,0.036041403828064957,0.03618108317892101,after_return,0.3168693885018674
0.1747301902976881,1.0,1.0,,held-out,zero,60,1.0,1.0,,0.85,0.0,,0.10546132540614865,1.0,,0.18709835784036788,0.010000000000005116,px4,,0.2709962910214982,1.0,,25/25/25 Hz,1.0,4700,denied,911,13,0.17490864127051603,0.016333891018431773,0.24963352857936963,flight,0.14044968930089477
0.21697171972878884,1.0,1.0,,held-out,zero,25,1.0,1.0,,0.85,0.0,,0.06059486989114859,1.0,,0.0733696450337096,0.010000000000001563,px4,,0.2467993937273323,1.0,,25/25/25 Hz,1.0,700,denied,911,18,0.048190658566229005,0.01590460884550374,0.23924506784269048,before_outage,0.17805233653035818
0.19418072936153874,1.0,1.0,,held-out,zero,40,1.0,1.0,,0.85,0.0,,0.08387926245362785,1.0,,0.10813908948073675,0.010000000000005116,px4,,0.26527929319000676,1.0,,25/25/25 Hz,1.0,1500,denied,911,25,0.0872629123348541,0.01688526021625116,0.25166917317308646,outage_window,0.16241939817270445
0.1248663070287887,1.0,1.0,,held-out,zero,60,1.0,1.0,,0.85,0.0,,0.13855536129585078,1.0,,0.18709835784036788,0.010000000000005116,px4,,0.29161859250568306,1.0,,25/25/25 Hz,1.0,2000,denied,911,40,0.17490864127051603,0.0162689455677223,0.2566004975661035,after_return,0.09127122907009913
0.2878644615395298,1.0,,,held-out,zero,60,1.0,,,0.85,0.0,,0.25045666162530444,,,0.47153134099646615,0.010000000000005116,ekf3,,0.25542900938997287,1.0,,25/25/25 Hz,1.0,4700,denied,911,13,0.332115948702814,0.09743182911332582,0.05015415721005175,flight,0.21678654384766782
0.3517013267416737,1.0,,,held-out,zero,25,1.0,,,0.85,0.0,,0.24491651226838695,,,0.3266827092300996,0.010000000000001563,ekf3,,0.24783542081446383,1.0,,25/25/25 Hz,1.0,700,denied,911,18,0.19717276930131908,0.10622959654044803,0.03792489721240427,before_outage,0.23839326424871263
0.29980511696345763,1.0,,,held-out,zero,40,1.0,,,0.85,0.0,,0.22909267788267332,,,0.3315702971380132,0.010000000000005116,ekf3,,0.2315814213031513,1.0,,25/25/25 Hz,1.0,1500,denied,911,25,0.05829160094829249,0.10480382818032567,0.033860000492222875,outage_window,0.21510568499931332
0.2513193698831496,1.0,,,held-out,zero,60,1.0,,,0.85,0.0,,0.28812881927515827,,,0.47153134099646615,0.010000000000005116,ekf3,,0.2925255753295716,1.0,,25/25/25 Hz,1.0,2000,denied,911,40,0.332115948702814,0.09142457390933409,0.0505271780826913,after_return,0.19918606946802628
0.1700154755498017,1.0,1.0,,held-out,zero,60,1.0,1.0,,0.85,0.8004255319148936,,0.06985003803782872,1.0,,0.14240034761897558,0.010000000000005116,px4,,0.334022307340139,1.0,,25/25/25 Hz,1.0,4700,transition,911,13,0.019604955600151443,0.02195825301483325,0.3266372207617254,flight,0.12915327562596982
0.21034125903166012,1.0,1.0,,held-out,zero,25,1.0,1.0,,0.85,1.0,,0.0450314992306319,1.0,,0.08598298215138343,0.010000000000001563,px4,,0.33641138902678613,1.0,,25/25/25 Hz,1.0,700,transition,911,18,0.08119847142145274,0.020526108007411774,0.33338384295579354,before_outage,0.14165908280817696
0.14357508953262932,1.0,1.0,,held-out,zero,40,1.0,1.0,,0.85,0.46066666666666667,,0.08845490997866765,1.0,,0.12054268825722247,0.010000000000005116,px4,,0.38018945101472224,1.0,,25/25/25 Hz,1.0,1500,transition,911,25,0.07801129798349975,0.02285804149750178,0.36975633539337993,outage_window,0.09173556000121652
0.10770504816216593,1.0,1.0,,held-out,zero,60,1.0,1.0,,0.85,0.9355,,0.0648489736741649,1.0,,0.14240034761897558,0.010000000000005116,px4,,0.2928687258272659,1.0,,25/25/25 Hz,1.0,2000,transition,911,40,0.019604955600151443,0.021790869086170506,0.28559884660322726,after_return,0.0647037691558583
0.4069351429672537,1.0,,,held-out,zero,60,1.0,,,0.85,0.4238297872340426,,0.16308141038169355,,,0.30408847532017164,0.010000000000005116,ekf3,,0.16715860424872891,1.0,,25/25/25 Hz,1.0,4700,transition,911,13,0.0211023250775787,0.08042489677815536,0.036694039874355905,flight,0.3617956514216643
0.335277659035542,1.0,,,held-out,zero,25,1.0,,,0.85,0.0,,0.23197674754254882,,,0.30408847532017164,0.010000000000001563,ekf3,,0.23465173656260888,1.0,,25/25/25 Hz,1.0,700,transition,911,18,0.20921049849583795,0.10372088775431308,0.035330243014003906,before_outage,0.21424191305654433
0.30504635521316875,1.0,,,held-out,zero,40,1.0,,,0.85,0.0,,0.2093476540782685,,,0.2965421040648327,0.010000000000005116,ekf3,,0.211904575665733,1.0,,25/25/25 Hz,1.0,1500,transition,911,25,0.08918617756450282,0.10208529314412788,0.032819337592340285,outage_window,0.22157566727990283
0.5046834754392782,1.0,,,held-out,zero,60,1.0,,,0.85,0.996,,0.08136380604548908,,,0.2764099799671638,0.010000000000005116,ekf3,,0.08790565527432218,1.0,,25/25/25 Hz,1.0,2000,transition,911,40,0.0211023250775787,0.04136467358418702,0.03327664789307962,after_return,0.4836072074833996
0.17801504758795897,1.0,1.0,,held-out,nominal,60,1.0,1.0,,0.85,1.0,,0.05657616218347808,1.0,,0.145133681285493,0.010000000000005116,px4,,0.3711163885572492,1.0,,25/25/25 Hz,1.0,4700,gps,911,13,0.02091676861973871,0.02186592248911576,0.3667785595265404,flight,0.14126804341288798
0.2079851981762094,1.0,1.0,,held-out,nominal,25,1.0,1.0,,0.85,1.0,,0.04499093284308978,1.0,,0.08595372970709945,0.010000000000001563,px4,,0.3583306943356189,1.0,,25/25/25 Hz,1.0,700,gps,911,18,0.08116613725594246,0.02053163841370679,0.3554950104642193,before_outage,0.14104804431321405
0.16423840247628907,1.0,1.0,,held-out,nominal,40,1.0,1.0,,0.85,1.0,,0.054915497141871016,1.0,,0.11082482878560652,0.010000000000005116,px4,,0.3872493861967716,1.0,,25/25/25 Hz,1.0,1500,gps,911,25,0.0295812217385773,0.02237147794169587,0.3833358518107033,outage_window,0.11921288975768785
0.11875573870515288,1.0,1.0,,held-out,nominal,60,1.0,1.0,,0.85,1.0,,0.06225849333533766,1.0,,0.145133681285493,0.010000000000005116,px4,,0.3660512327731325,1.0,,25/25/25 Hz,1.0,2000,gps,911,40,0.02091676861973871,0.021915844839423784,0.3607178745534296,after_return,0.08854644573046776
0.39243682788556117,1.0,,,held-out,nominal,60,1.0,,,0.85,0.5591489361702128,,0.16464943073191332,,,0.5442353558573687,0.010000000000005116,ekf3,,0.1712991693150999,1.0,,25/25/25 Hz,1.0,4700,gps,911,13,0.016089810721006258,0.08452066946207744,0.04726489572293733,flight,0.35911987976863224
0.5372923697385357,1.0,,,held-out,nominal,25,1.0,,,0.85,0.0,,0.25342700760094417,,,0.30775622614583903,0.010000000000001563,ekf3,,0.25656236609420086,1.0,,25/25/25 Hz,1.0,700,gps,911,18,0.21664177835078122,0.11028935944322447,0.039987491972937154,before_outage,0.47591890119894753
0.3967250219996833,1.0,,,held-out,nominal,40,1.0,,,0.85,0.4186666666666667,,0.19778156815235645,,,0.5442353558573687,0.010000000000005116,ekf3,,0.20355620780054473,1.0,,25/25/25 Hz,1.0,1500,gps,911,25,0.016687539702632825,0.11170119451426866,0.04814126123538242,outage_window,0.35838072286467326
0.3658838027187324,1.0,,,held-out,nominal,60,1.0,,,0.85,1.0,,0.0777666255469244,,,0.17024383352776654,0.010000000000005116,ekf3,,0.08606350590671726,1.0,,25/25/25 Hz,1.0,2000,gps,911,40,0.016089810721006258,0.04025220270770365,0.03686840110446885,after_return,0.34873717956828976
0.1668007275146603,1.0,1.0,,held-out,nominal,60,1.0,1.0,,0.85,0.0,,0.10588822892079111,1.0,,0.18769853959429753,0.010000000000005116,px4,,0.28214672478759306,1.0,,25/25/25 Hz,1.0,4700,denied,911,13,0.17521337637198206,0.01609852332227595,0.26152333984633935,flight,0.131636246737329
0.20411254644258192,1.0,1.0,,held-out,nominal,25,1.0,1.0,,0.85,0.0,,0.06051761067681729,1.0,,0.07146392892436379,0.010000000000001563,px4,,0.2584879796943186,1.0,,25/25/25 Hz,1.0,700,denied,911,18,0.04676379404389219,0.015026394056721815,0.25130390853390966,before_outage,0.16394383829587383
0.18732890807823627,1.0,1.0,,held-out,nominal,40,1.0,1.0,,0.85,0.0,,0.08420602336708569,1.0,,0.10695189781760445,0.010000000000005116,px4,,0.2766390550459476,1.0,,25/25/25 Hz,1.0,1500,denied,911,25,0.08803426814942697,0.016550333173967858,0.26351188285429683,outage_window,0.15504819040142093
0.12597778610019372,1.0,1.0,,held-out,nominal,60,1.0,1.0,,0.85,0.0,,0.1391532206671308,1.0,,0.18769853959429753,0.010000000000005116,px4,,0.3023739574175973,1.0,,25/25/25 Hz,1.0,2000,denied,911,40,0.17521337637198206,0.01626056382421369,0.268451841681788,after_return,0.09320171677112447
0.33450271473657156,1.0,,,held-out,nominal,60,1.0,,,0.85,0.0,,0.21806015221701672,,,0.3370299138253138,0.010000000000005116,ekf3,,0.22493163285065965,1.0,,25/25/25 Hz,1.0,4700,denied,911,13,0.28931052095902093,0.09635901489443616,0.05517254273599739,flight,0.28241589489908464
0.5372923697385357,1.0,,,held-out,nominal,25,1.0,,,0.85,0.0,,0.25342700760094417,,,0.30775622614583903,0.010000000000001563,ekf3,,0.25656236609420086,1.0,,25/25/25 Hz,1.0,700,denied,911,18,0.21664177835078122,0.11028935944322447,0.039987491972937154,before_outage,0.47591890119894753
0.2829018150989365,1.0,,,held-out,nominal,40,1.0,,,0.85,0.0,,0.21810692996452305,,,0.293900436570639,0.010000000000005116,ekf3,,0.22629573685456245,1.0,,25/25/25 Hz,1.0,1500,denied,911,25,0.1393748509535095,0.09855772584807831,0.0603251823039102,outage_window,0.20489003742762155
0.30482721668684853,1.0,,,held-out,nominal,60,1.0,,,0.85,0.0,,0.2185033249641206,,,0.3370299138253138,0.010000000000005116,ekf3,,0.2236412617907887,1.0,,25/25/25 Hz,1.0,2000,denied,911,40,0.28931052095902093,0.09340760946787999,0.04766246904011583,after_return,0.26612141664233546
0.1684628714661773,1.0,1.0,,held-out,nominal,60,1.0,1.0,,0.85,0.8029787234042554,,0.06979656450782987,1.0,,0.14243529302008748,0.010000000000005116,px4,,0.3555812585101158,1.0,,25/25/25 Hz,1.0,4700,transition,911,13,0.019604955600151443,0.02191052242406311,0.34866383664862943,flight,0.12840305494692078
0.2079851981762094,1.0,1.0,,held-out,nominal,25,1.0,1.0,,0.85,1.0,,0.04499093284308978,1.0,,0.08595372970709945,0.010000000000001563,px4,,0.3583306943356189,1.0,,25/25/25 Hz,1.0,700,transition,911,18,0.08116613725594246,0.02053163841370679,0.3554950104642193,before_outage,0.14104804431321405
0.1416823090127093,1.0,1.0,,held-out,nominal,40,1.0,1.0,,0.85,0.4686666666666667,,0.08838149309044249,1.0,,0.12034912731260061,0.010000000000005116,px4,,0.40142367091191317,1.0,,25/25/25 Hz,1.0,1500,transition,911,25,0.07793459271695713,0.02272225717953596,0.3915733331669817,outage_window,0.09074547835630467
0.10724087396595945,1.0,1.0,,held-out,nominal,60,1.0,1.0,,0.85,0.9355,,0.06485043255235003,1.0,,0.14243529302008748,0.010000000000005116,px4,,0.31476879278010156,1.0,,25/25/25 Hz,1.0,2000,transition,911,40,0.019604955600151443,0.02174922982537287,0.308015931902906,after_return,0.06457793658586627
0.4278352421039805,1.0,,,held-out,nominal,60,1.0,,,0.85,0.4208510638297872,,0.17573266659538314,,,0.5265598197156317,0.010000000000005116,ekf3,,0.1828447519939891,1.0,,25/25/25 Hz,1.0,4700,transition,911,13,0.015831481855335026,0.08802262606755323,0.050499833891006894,flight,0.3916373673085717
0.5372923697385357,1.0,,,held-out,nominal,25,1.0,,,0.85,0.0,,0.25342700760094417,,,0.30775622614583903,0.010000000000001563,ekf3,,0.25656236609420086,1.0,,25/25/25 Hz,1.0,700,transition,911,18,0.21664177835078122,0.11028935944322447,0.039987491972937154,before_outage,0.47591890119894753
0.2829018150989365,1.0,,,held-out,nominal,40,1.0,,,0.85,0.0,,0.21810692996452305,,,0.293900436570639,0.010000000000005116,ekf3,,0.22629573685456245,1.0,,25/25/25 Hz,1.0,1500,transition,911,25,0.1393748509535095,0.09855772584807831,0.0603251823039102,outage_window,0.20489003742762155
0.5100238360607611,1.0,,,held-out,nominal,60,1.0,,,0.85,0.989,,0.0925920747760991,,,0.5265598197156317,0.010000000000005116,ekf3,,0.09841051306310078,1.0,,25/25/25 Hz,1.0,2000,transition,911,40,0.015831481855335026,0.07150419872461335,0.033336718044822584,after_return,0.4937916254661052
0.17996139883808954,1.0,1.0,,held-out,stress,60,1.0,1.0,,0.85,1.0,,0.05661125331252119,1.0,,0.14515615737984444,0.010000000000005116,px4,,0.34314760090023094,1.0,,25/25/25 Hz,1.0,4700,gps,911,13,0.020953372734441412,0.02187129920328367,0.33844562635964104,flight,0.14256656378936608
0.2095190120941923,1.0,1.0,,held-out,stress,25,1.0,1.0,,0.85,1.0,,0.045038276992120825,1.0,,0.0860818911043383,0.010000000000001563,px4,,0.3300985138391851,1.0,,25/25/25 Hz,1.0,700,gps,911,18,0.08113934309036173,0.020487547895687182,0.32701159374618455,before_outage,0.1415968988779718
0.16588936526383002,1.0,1.0,,held-out,stress,40,1.0,1.0,,0.85,1.0,,0.05492112502251199,1.0,,0.11074606666634002,0.010000000000005116,px4,,0.35924408969200067,1.0,,25/25/25 Hz,1.0,1500,gps,911,25,0.0295812217385773,0.022442928109334362,0.355021106421711,outage_window,0.11981280739420279
0.11991796927096318,1.0,1.0,,held-out,stress,60,1.0,1.0,,0.85,1.0,,0.062248077005741476,1.0,,0.14515615737984444,0.010000000000005116,px4,,0.33831196264652075,1.0,,25/25/25 Hz,1.0,2000,gps,911,40,0.020953372734441412,0.021940455532077754,0.33253595441520023,after_return,0.0888593546107213
0.3551109865829244,1.0,,,held-out,stress,60,1.0,,,0.85,0.563404255319149,,0.16118989787386492,,,0.65550488454884,0.010000000000005116,ekf3,,0.16776015444367023,1.0,,25/25/25 Hz,1.0,4700,gps,911,13,0.01810876788083056,0.08453404735660602,0.046489635859803084,flight,0.3189973149397378
0.3903333749946285,1.0,,,held-out,stress,25,1.0,,,0.85,0.0,,0.24664824674696906,,,0.30906453853366866,0.010000000000001563,ekf3,,0.24947819508597086,1.0,,25/25/25 Hz,1.0,700,gps,911,18,0.25230651977910334,0.11087539845820737,0.03747015078699312,before_outage,0.30108010508723937
0.39496357369604385,1.0,,,held-out,stress,40,1.0,,,0.85,0.432,,0.20281698019267227,,,0.65550488454884,0.010000000000005116,ekf3,,0.20777318033809886,1.0,,25/25/25 Hz,1.0,1500,gps,911,25,0.012640399108610227,0.11263739559716794,0.04511060865620562,outage_window,0.35531925335077846
0.34327329051321537,1.0,,,held-out,stress,60,1.0,,,0.85,1.0,,0.07776755751245168,,,0.16747993679375836,0.010000000000005116,ekf3,,0.08544189178296838,1.0,,25/25/25 Hz,1.0,2000,gps,911,40,0.01810876788083056,0.04057349574520666,0.03539101397247612,after_return,0.32732768514252836
0.17889498760067332,1.0,1.0,,held-out,stress,60,1.0,1.0,,0.85,0.0,,0.10476633281612757,1.0,,0.18629860189124398,0.010000000000005116,px4,,0.26779353741611955,1.0,,25/25/25 Hz,1.0,4700,denied,911,13,0.1741160384493352,0.016451990635416414,0.2464495773786172,flight,0.1452802127777662
0.22341796987620843,1.0,1.0,,held-out,stress,25,1.0,1.0,,0.85,0.0,,0.06012462054670332,1.0,,0.07349782071207646,0.010000000000001563,px4,,0.2435649379866092,1.0,,25/25/25 Hz,1.0,700,denied,911,18,0.04812329807021586,0.01629039044645325,0.23602734803521333,before_outage,0.1859135661961979
0.19757873930086928,1.0,1.0,,held-out,stress,40,1.0,1.0,,0.85,0.0,,0.08313577738414779,1.0,,0.10792411583770904,0.010000000000005116,px4,,0.2620083154529163,1.0,,25/25/25 Hz,1.0,1500,denied,911,25,0.0862590241511647,0.017044851033262712,0.24846891130523419,outage_window,0.1661159482151843
0.1247417536935291,1.0,1.0,,held-out,stress,60,1.0,1.0,,0.85,0.0,,0.13777705034377027,1.0,,0.18629860189124398,0.010000000000005116,px4,,0.288453072452368,1.0,,25/25/25 Hz,1.0,2000,denied,911,40,0.1741160384493352,0.01629754824459427,0.25342190001217585,after_return,0.09009079809720502
0.24322824455603104,1.0,,,held-out,stress,60,1.0,,,0.85,0.0,,0.2080446518780831,,,0.30906453853366866,0.010000000000005116,ekf3,,0.2147698669194513,1.0,,25/25/25 Hz,1.0,4700,denied,911,13,0.2779350034506121,0.09623133277321001,0.05332465247449838,flight,0.17148504938399003
0.3903333749946285,1.0,,,held-out,stress,25,1.0,,,0.85,0.0,,0.24664824674696906,,,0.30906453853366866,0.010000000000001563,ekf3,,0.24947819508597086,1.0,,25/25/25 Hz,1.0,700,denied,911,18,0.25230651977910334,0.11087539845820737,0.03747015078699312,before_outage,0.30108010508723937
0.239164220948694,1.0,,,held-out,stress,40,1.0,,,0.85,0.0,,0.2116948117492859,,,0.2779069196771888,0.010000000000005116,ekf3,,0.2187809813829779,1.0,,25/25/25 Hz,1.0,1500,denied,911,25,0.2456147653036989,0.100613260989557,0.055230648134286214,outage_window,0.14712314275386393
0.18605393686892524,1.0,,,held-out,stress,60,1.0,,,0.85,0.0,,0.20962763295323447,,,0.302862763670674,0.010000000000005116,ekf3,,0.21456449195422805,1.0,,25/25/25 Hz,1.0,2000,denied,911,40,0.2779350034506121,0.0924030058076142,0.045762175538319856,after_return,0.1247827741994054
0.17054657246650734,1.0,1.0,,held-out,stress,60,1.0,1.0,,0.85,0.8040425531914893,,0.06984870122315244,1.0,,0.14240034761897558,0.010000000000005116,px4,,0.3282321272159463,1.0,,25/25/25 Hz,1.0,4700,transition,911,13,0.019604955600151443,0.021916942292932097,0.3207140288078211,flight,0.12985159807491092
0.2095190120941923,1.0,1.0,,held-out,stress,25,1.0,1.0,,0.85,1.0,,0.045038276992120825,1.0,,0.0860818911043383,0.010000000000001563,px4,,0.3300985138391851,1.0,,25/25/25 Hz,1.0,700,transition,911,18,0.08113934309036173,0.020487547895687182,0.32701159374618455,before_outage,0.1415968988779718
0.14378699398930198,1.0,1.0,,held-out,stress,40,1.0,1.0,,0.85,0.472,,0.08843770368964415,1.0,,0.12054268825722247,0.010000000000005116,px4,,0.3740270558132869,1.0,,25/25/25 Hz,1.0,1500,transition,911,25,0.07801129798349975,0.022851913972840913,0.3634212583854422,outage_window,0.09187568911782502
0.10843810344602955,1.0,1.0,,held-out,stress,60,1.0,1.0,,0.85,0.9355,,0.06484648478536413,1.0,,0.14240034761897558,0.010000000000005116,px4,,0.2877364549831739,1.0,,25/25/25 Hz,1.0,2000,transition,911,40,0.019604955600151443,0.021729856381592257,0.2803340880757558,after_return,0.06474225045057275
0.38166846442746505,1.0,,,held-out,stress,60,1.0,,,0.85,0.4208510638297872,,0.16857836758353206,,,0.5265598197156317,0.010000000000005116,ekf3,,0.17552129254338714,1.0,,25/25/25 Hz,1.0,4700,transition,911,13,0.017765579113268492,0.0882451922001538,0.04887799217411486,flight,0.34235862108368315
0.3903333749946285,1.0,,,held-out,stress,25,1.0,,,0.85,0.0,,0.24664824674696906,,,0.30906453853366866,0.010000000000001563,ekf3,,0.24947819508597086,1.0,,25/25/25 Hz,1.0,700,transition,911,18,0.25230651977910334,0.11087539845820737,0.03747015078699312,before_outage,0.30108010508723937
0.239164220948694,1.0,,,held-out,stress,40,1.0,,,0.85,0.0,,0.2116948117492859,,,0.2779069196771888,0.010000000000005116,ekf3,,0.2187809813829779,1.0,,25/25/25 Hz,1.0,1500,transition,911,25,0.2456147653036989,0.100613260989557,0.055230648134286214,outage_window,0.14712314275386393
0.48776688717835415,1.0,,,held-out,stress,60,1.0,,,0.85,0.989,,0.09493973497122692,,,0.5265598197156317,0.010000000000005116,ekf3,,0.10019854263614221,1.0,,25/25/25 Hz,1.0,2000,transition,911,40,0.017765579113268492,0.07124721151909326,0.03203427336463245,after_return,0.4710691599085156
