attitude_rmse_deg,attitude_valid_fraction,baro_fused_accepted_hz,cpu_ms,dataset,delay_profile,end_s,finite_fraction,flow_fused_accepted_hz,frequency,gps_fused_accepted_hz,horizontal_position_rmse_m,instance_bytes,mag_fused_accepted_hz,max_horizontal_error_m,max_output_gap_s,name,nonzero_step_status_rows,position_3d_rmse_m,position_valid_fraction,prediction_accepted_fraction,profile,row_coverage,rows,scenario,seed,start_s,terminal_horizontal_error_m,velocity_3d_rmse_m_s,vertical_position_rmse_m,window,yaw_rmse_deg
0.4433865663851775,1.0,49.8936170212766,338.06078,original,zero,60,1.0,99.7872340425532,0.6,10.0,0.036849711011498636,34080,50.0,0.07775603319993435,0.010000000000005116,retrodiction,0,0.05389810457238286,1.0,1.0,100/50/50 Hz,1.0,4700,gps,7,13,0.01821383288339827,0.041131328399802915,0.03933324897417646,flight,0.37275884918272056
0.3854350384075639,1.0,49.714285714285715,338.06078,original,zero,25,1.0,100.0,0.6,10.0,0.031806881665775014,34080,50.0,0.05286116499312554,0.010000000000001563,retrodiction,0,0.04368174947765019,1.0,1.0,100/50/50 Hz,1.0,700,gps,7,18,0.02713901499497529,0.040026133031588335,0.02994023239935818,before_outage,0.34323984933437596
0.35207659363873683,1.0,49.93333333333333,338.06078,original,zero,40,1.0,99.93333333333334,0.6,10.0,0.03450240693020604,34080,50.0,0.0547566513439185,0.010000000000005116,retrodiction,0,0.050308818350709175,1.0,1.0,100/50/50 Hz,1.0,1500,gps,7,25,0.008073198644146972,0.04076582932323782,0.036613673946588904,outage_window,0.2860532347661454
0.3941493209659818,1.0,50.0,338.06078,original,zero,60,1.0,100.0,0.6,10.0,0.042083108560997354,34080,50.0,0.07775603319993435,0.010000000000005116,retrodiction,0,0.06183093930297615,1.0,1.0,100/50/50 Hz,1.0,2000,gps,7,40,0.01821383288339827,0.040357945533607255,0.045299856831248736,after_return,0.33812437391296846
1.070131358437063,1.0,49.8936170212766,628.724319,original,zero,60,1.0,99.74468085106383,0.6,10.0,0.036349817354294454,77860,49.97872340425532,0.08181297887351263,0.010000000000005116,horizon,0,0.065809408755782,1.0,1.0,100/50/50 Hz,1.0,4700,gps,7,13,0.03816874715858823,0.04437706968367431,0.05485953936276745,flight,0.8275380899271648
0.7584680594426969,1.0,49.714285714285715,628.724319,original,zero,25,1.0,99.85714285714286,0.6,10.0,0.03051845072367392,77860,50.0,0.05889685785899114,0.010000000000001563,horizon,0,0.0503176319759314,1.0,1.0,100/50/50 Hz,1.0,700,gps,7,18,0.024593671221402495,0.04311011080885102,0.04000610269811295,before_outage,0.3282112217935347
0.77230547238821,1.0,49.93333333333333,628.724319,original,zero,40,1.0,99.93333333333334,0.6,10.0,0.03172948941510871,77860,50.0,0.061492512680986225,0.010000000000005116,horizon,0,0.059614834366162,1.0,1.0,100/50/50 Hz,1.0,1500,gps,7,25,0.018474996168917072,0.044019937065886236,0.05046947570523628,outage_window,0.33680493222574337
0.5781294791514677,1.0,50.0,628.724319,original,zero,60,1.0,100.0,0.6,10.0,0.0436240531118603,77860,50.0,0.08181297887351263,0.010000000000005116,horizon,0,0.07849873458148898,1.0,1.0,100/50/50 Hz,1.0,2000,gps,7,40,0.03816874715858823,0.04200082920322247,0.06526096322449314,after_return,0.3075073686498069
0.8804008466721167,1.0,49.87234042553192,332.532699,original,zero,60,1.0,99.76595744680851,0.6,0.0,0.4650769322003339,34080,50.0,0.6081555165095495,0.010000000000005116,retrodiction,0,0.46697258786173795,1.0,1.0,100/50/50 Hz,1.0,4700,denied,7,13,0.5426236636355948,0.058191396566854674,0.04203385480079835,flight,0.7960152907262026
0.8286256272044306,1.0,49.714285714285715,332.532699,original,zero,25,1.0,99.85714285714286,0.6,0.0,0.39045391532036117,34080,50.0,0.4569176251667451,0.010000000000001563,retrodiction,0,0.39198328090231427,1.0,1.0,100/50/50 Hz,1.0,700,denied,7,18,0.44810904705355975,0.054449939835758285,0.03459237658708694,before_outage,0.7324287057226581
0.9818602937566211,1.0,49.86666666666667,332.532699,original,zero,40,1.0,99.93333333333334,0.6,0.0,0.4919538233636338,34080,50.0,0.6081555165095495,0.010000000000005116,retrodiction,0,0.493525855770133,1.0,1.0,100/50/50 Hz,1.0,1500,denied,7,25,0.5154028045100134,0.056504155753566064,0.03935995416085659,outage_window,0.8972381080666867
0.8334279155367869,1.0,50.0,332.532699,original,zero,60,1.0,100.0,0.6,0.0,0.4964353766649364,34080,50.0,0.5850677519462186,0.010000000000005116,retrodiction,0,0.4987282030908336,1.0,1.0,100/50/50 Hz,1.0,2000,denied,7,40,0.5426236636355948,0.060417728412227915,0.04776753451618038,after_return,0.7506276393352529
3.246950676864396,1.0,49.851063829787236,732.205609,original,zero,60,1.0,99.74468085106383,0.6,0.0,0.30479467684513467,77860,50.0,0.5262668729877288,0.010000000000005116,horizon,0,0.31169786502718594,1.0,1.0,100/50/50 Hz,1.0,4700,denied,7,13,0.31772294884201246,0.12342100009048335,0.06523621716022293,flight,2.9680666857575684
3.211831124507931,1.0,49.57142857142857,732.205609,original,zero,25,1.0,99.85714285714286,0.6,0.0,0.29394781449032176,77860,50.0,0.38959426888388426,0.010000000000001563,horizon,0,0.2987119722466061,1.0,1.0,100/50/50 Hz,1.0,700,denied,7,18,0.16155417210633408,0.11961862051066217,0.053136848982796796,before_outage,2.9061838168240315
3.3389504051943084,1.0,49.86666666666667,732.205609,original,zero,40,1.0,99.93333333333334,0.6,0.0,0.26801125457531616,77860,50.0,0.48037990953366244,0.010000000000005116,horizon,0,0.27366306952816716,1.0,1.0,100/50/50 Hz,1.0,1500,denied,7,25,0.29609956779249347,0.12137934853850489,0.05533030855275911,outage_window,3.054731745036302
3.1042263475662075,1.0,50.0,732.205609,original,zero,60,1.0,100.0,0.6,0.0,0.3282230759045284,77860,50.0,0.5262668729877288,0.010000000000005116,horizon,0,0.337552608361445,1.0,1.0,100/50/50 Hz,1.0,2000,denied,7,40,0.31772294884201246,0.12342262891618602,0.07881228238913798,after_return,2.837204884976709
0.4264321487571654,1.0,49.87234042553192,330.98418,original,zero,60,1.0,99.7872340425532,0.6,6.808510638297872,0.051737963397028436,34080,50.0,0.1371472987068459,0.010000000000005116,retrodiction,0,0.0654977772450887,1.0,1.0,100/50/50 Hz,1.0,4700,transition,7,13,0.016918724532460724,0.04292192574992074,0.04016393864619113,flight,0.3674649006272334
0.3854350384075639,1.0,49.714285714285715,330.98418,original,zero,25,1.0,100.0,0.6,10.0,0.031806881665775014,34080,50.0,0.05286116499312554,0.010000000000001563,retrodiction,0,0.04368174947765019,1.0,1.0,100/50/50 Hz,1.0,700,transition,7,18,0.02713901499497529,0.040026133031588335,0.02994023239935818,before_outage,0.34323984933437596
0.2608494513247128,1.0,49.86666666666667,330.98418,original,zero,40,1.0,99.93333333333334,0.6,0.0,0.057169618578125116,34080,50.0,0.0958565784900989,0.010000000000005116,retrodiction,0,0.06942158847991796,1.0,1.0,100/50/50 Hz,1.0,1500,transition,7,25,0.06389610984856385,0.04581584416182867,0.039382631434514,outage_window,0.2337058582350118
0.40327933487528367,1.0,50.0,330.98418,original,zero,60,1.0,100.0,0.6,10.0,0.057549786374413554,34080,50.0,0.1371472987068459,0.010000000000005116,retrodiction,0,0.07322171907577761,1.0,1.0,100/50/50 Hz,1.0,2000,transition,7,40,0.016918724532460724,0.040675824774148064,0.04527076576192916,after_return,0.35429528755572426
1.2512585234911213,1.0,49.87234042553192,613.404569,original,zero,60,1.0,99.74468085106383,0.6,6.808510638297872,0.06653513681900228,77860,49.97872340425532,0.15596424242989065,0.010000000000005116,horizon,0,0.08781771298363854,1.0,1.0,100/50/50 Hz,1.0,4700,transition,7,13,0.03666970836338967,0.051217510059124526,0.05731514880163327,flight,1.054476714813984
0.7584680594426969,1.0,49.714285714285715,613.404569,original,zero,25,1.0,99.85714285714286,0.6,10.0,0.03051845072367392,77860,50.0,0.05889685785899114,0.010000000000001563,horizon,0,0.0503176319759314,1.0,1.0,100/50/50 Hz,1.0,700,transition,7,18,0.024593671221402495,0.04311011080885102,0.04000610269811295,before_outage,0.3282112217935347
1.3887887515044606,1.0,49.86666666666667,613.404569,original,zero,40,1.0,99.93333333333334,0.6,0.13333333333333333,0.09289920184051999,77860,50.0,0.15596424242989065,0.010000000000005116,horizon,0,0.1096752142757896,1.0,1.0,100/50/50 Hz,1.0,1500,transition,7,25,0.09909061667798916,0.06152228383057954,0.05829571960131113,outage_window,1.1713848351282758
0.56843800009129,1.0,50.0,613.404569,original,zero,60,1.0,100.0,0.6,9.9,0.059022265713600176,77860,50.0,0.1540115483720325,0.010000000000005116,horizon,0,0.08804276481197991,1.0,1.0,100/50/50 Hz,1.0,2000,transition,7,40,0.03666970836338967,0.04376446556681548,0.065329171017018,after_return,0.39271042934589395
0.41293860296523777,1.0,49.87234042553192,423.6115,original,nominal,60,1.0,99.65957446808511,0.6,10.0,0.04256927424049136,34080,50.0,0.11659825729982953,0.010000000000005116,retrodiction,0,0.058081056783737026,1.0,1.0,100/50/50 Hz,1.0,4700,gps,7,13,0.03429211115832059,0.03200858262587564,0.0395128592707934,flight,0.3605606890535349
0.3900519149461695,1.0,49.714285714285715,423.6115,original,nominal,25,1.0,99.85714285714286,0.6,10.0,0.03768593160493548,34080,50.0,0.08722020770089108,0.010000000000001563,retrodiction,0,0.0480672230280338,1.0,1.0,100/50/50 Hz,1.0,700,gps,7,18,0.039500180553091714,0.03209753718242414,0.029836697013826245,before_outage,0.3453903753455161
0.31826652232332603,1.0,49.93333333333333,423.6115,original,nominal,40,1.0,99.93333333333334,0.6,10.0,0.03188199222522748,34080,50.0,0.055873585953003756,0.010000000000005116,retrodiction,0,0.04872396578578924,1.0,1.0,100/50/50 Hz,1.0,1500,gps,7,25,0.012383596810650425,0.030724202107612265,0.036845127407098145,outage_window,0.25060214598634095
0.4514893885550451,1.0,49.95,423.6115,original,nominal,60,1.0,100.0,0.6,10.0,0.052588730611260584,34080,50.0,0.11659825729982953,0.010000000000005116,retrodiction,0,0.06952458073865869,1.0,1.0,100/50/50 Hz,1.0,2000,gps,7,40,0.03429211115832059,0.030991326866947392,0.045476287662720834,after_return,0.41251194372340877
1.07050774575185,1.0,49.8936170212766,643.13791,original,nominal,60,1.0,99.74468085106383,0.6,10.0,0.03635147606690989,77860,49.97872340425532,0.08180397653292597,0.010000000000005116,horizon,0,0.06252237806981827,1.0,1.0,100/50/50 Hz,1.0,4700,gps,7,13,0.038173980644506854,0.044376586556651686,0.050868634218565086,flight,0.8274598311925127
0.7592682738096872,1.0,49.714285714285715,643.13791,original,nominal,25,1.0,99.85714285714286,0.6,10.0,0.030539225344176402,77860,50.0,0.05892790975736402,0.010000000000001563,horizon,0,0.047454951001415266,1.0,1.0,100/50/50 Hz,1.0,700,gps,7,18,0.024603881797370504,0.04311002154141754,0.036322556214070864,before_outage,0.3282557256737383
0.7729926150379012,1.0,49.93333333333333,643.13791,original,nominal,40,1.0,99.93333333333334,0.6,10.0,0.031729422973957776,77860,50.0,0.061492178138270605,0.010000000000005116,horizon,0,0.05624027078219312,1.0,1.0,100/50/50 Hz,1.0,1500,gps,7,25,0.01847612449006206,0.04402051481328059,0.0464350274619719,outage_window,0.33686402450929137
0.5786401696265869,1.0,50.0,643.13791,original,nominal,60,1.0,100.0,0.6,10.0,0.04362113850517994,77860,50.0,0.08180397653292597,0.010000000000005116,horizon,0,0.07477748159550673,1.0,1.0,100/50/50 Hz,1.0,2000,gps,7,40,0.038173980644506854,0.042000101658471754,0.060736052137739874,after_return,0.30744925515411686
5.840845711585201,1.0,0.0,297.73656,original,nominal,60,1.0,100.0,0.6,0.0,14.593653779057309,34080,49.808510638297875,27.742340378975502,0.010000000000005116,retrodiction,0,680.4063097647055,1.0,1.0,100/50/50 Hz,1.0,4700,denied,7,13,17.67642245646918,28.692393588033937,680.2497862087142,flight,4.116302357711242
6.207514436044673,1.0,0.0,297.73656,original,nominal,25,1.0,100.0,0.6,0.0,12.581347837706122,34080,50.0,20.289703362726854,0.010000000000001563,retrodiction,0,382.7263430982274,1.0,1.0,100/50/50 Hz,1.0,700,denied,7,18,20.289703362726854,29.998207471595776,382.51949412798393,before_outage,4.008554235763197
6.415042617869914,1.0,0.0,297.73656,original,nominal,40,1.0,100.0,0.6,0.0,14.375384086939135,34080,49.666666666666664,26.051748144400577,0.010000000000005116,retrodiction,0,609.3470953358589,1.0,1.0,100/50/50 Hz,1.0,1500,denied,7,25,19.792884663676453,30.899406154245014,609.1775036281308,outage_window,4.782134160634567
5.844881376837018,1.0,0.0,297.73656,original,nominal,60,1.0,100.0,0.6,0.0,16.387294534739883,34080,49.8,27.742340378975502,0.010000000000005116,retrodiction,0,861.3565829644402,1.0,1.0,100/50/50 Hz,1.0,2000,denied,7,40,17.67642245646918,26.613917098590136,861.2006848545863,after_return,4.053745353887258
3.236181756267325,1.0,49.851063829787236,620.92871,original,nominal,60,1.0,99.74468085106383,0.6,0.0,0.2964303128793571,77860,50.0,0.5182605614765107,0.010000000000005116,horizon,0,0.30270554214503076,1.0,1.0,100/50/50 Hz,1.0,4700,denied,7,13,0.31559875876572574,0.1230526777671585,0.06131651369381229,flight,2.9579449962341227
3.199574917267025,1.0,49.57142857142857,620.92871,original,nominal,25,1.0,99.85714285714286,0.6,0.0,0.28212358589893116,77860,50.0,0.37542536078108146,0.010000000000001563,horizon,0,0.2864812246353158,1.0,1.0,100/50/50 Hz,1.0,700,denied,7,18,0.14298116560064159,0.1192025678525166,0.04977724729310217,before_outage,2.8943781433338773
3.3278085451620987,1.0,49.86666666666667,620.92871,original,nominal,40,1.0,99.93333333333334,0.6,0.0,0.2630782080194476,77860,50.0,0.47414208190990054,0.010000000000005116,horizon,0,0.26811368865670054,1.0,1.0,100/50/50 Hz,1.0,1500,denied,7,25,0.2987138854732653,0.12100346402817902,0.05171853159534251,outage_window,3.044282093364279
3.0946503010016193,1.0,50.0,620.92871,original,nominal,60,1.0,100.0,0.6,0.0,0.3208570616050614,77860,50.0,0.5182605614765107,0.010000000000005116,horizon,0,0.3292952285794755,1.0,1.0,100/50/50 Hz,1.0,2000,denied,7,40,0.31559875876572574,0.12308076597067076,0.07406816848940485,after_return,2.8282677938180765
0.44707051177401136,1.0,49.851063829787236,344.056839,original,nominal,60,1.0,99.65957446808511,0.6,6.808510638297872,0.05009936164915244,34080,50.0,0.14592093139872117,0.010000000000005116,retrodiction,0,0.0642604761144891,1.0,1.0,100/50/50 Hz,1.0,4700,transition,7,13,0.03482132629748357,0.03678101838407121,0.040242549034675425,flight,0.3925581136418255
0.3900519149461695,1.0,49.714285714285715,344.056839,original,nominal,25,1.0,99.85714285714286,0.6,10.0,0.03768593160493548,34080,50.0,0.08722020770089108,0.010000000000001563,retrodiction,0,0.0480672230280338,1.0,1.0,100/50/50 Hz,1.0,700,transition,7,18,0.039500180553091714,0.03209753718242414,0.029836697013826245,before_outage,0.3453903753455161
0.42275649809103255,1.0,49.86666666666667,344.056839,original,nominal,40,1.0,99.93333333333334,0.6,0.06666666666666667,0.04112210944254196,34080,50.0,0.06850443421724862,0.010000000000005116,retrodiction,0,0.056901897256533045,1.0,1.0,100/50/50 Hz,1.0,1500,transition,7,25,0.03803706590987707,0.044132253150428354,0.03932935324142319,outage_window,0.36607346241055794
0.4634132914458087,1.0,49.95,344.056839,original,nominal,60,1.0,100.0,0.6,9.95,0.06244586956893138,34080,50.0,0.14592093139872117,0.010000000000005116,retrodiction,0,0.07721667995403346,1.0,1.0,100/50/50 Hz,1.0,2000,transition,7,40,0.03482132629748357,0.03129207164151678,0.0454194786066908,after_return,0.41640103434924924
1.2516888105793358,1.0,49.87234042553192,634.504289,original,nominal,60,1.0,99.74468085106383,0.6,6.808510638297872,0.06653952410886108,77860,49.97872340425532,0.15595447049840408,0.010000000000005116,horizon,0,0.08528269486952506,1.0,1.0,100/50/50 Hz,1.0,4700,transition,7,13,0.03667394078944511,0.05122152789312579,0.053344444655229195,flight,1.054564916470089
0.7592682738096872,1.0,49.714285714285715,634.504289,original,nominal,25,1.0,99.85714285714286,0.6,10.0,0.030539225344176402,77860,50.0,0.05892790975736402,0.010000000000001563,horizon,0,0.047454951001415266,1.0,1.0,100/50/50 Hz,1.0,700,transition,7,18,0.024603881797370504,0.04311002154141754,0.036322556214070864,before_outage,0.3282557256737383
1.389524772184035,1.0,49.86666666666667,634.504289,original,nominal,40,1.0,99.93333333333334,0.6,0.13333333333333333,0.0929053165509027,77860,50.0,0.15595447049840408,0.010000000000005116,horizon,0,0.10763376803959103,1.0,1.0,100/50/50 Hz,1.0,1500,transition,7,25,0.09913301169291418,0.06153358197820857,0.054347310687623294,outage_window,1.171800577346434
0.5688696854401771,1.0,50.0,634.504289,original,nominal,60,1.0,100.0,0.6,9.9,0.059022088459606575,77860,50.0,0.15403867400778784,0.010000000000005116,horizon,0,0.08473924090561208,1.0,1.0,100/50/50 Hz,1.0,2000,transition,7,40,0.03667394078944511,0.04376449176858667,0.06080404610818045,after_return,0.3927168144584448
0.810444792026488,1.0,49.87234042553192,391.00161,original,stress,60,1.0,99.70212765957447,0.6,10.0,0.052412380312839346,34080,50.0,0.1404719399305476,0.010000000000005116,retrodiction,0,0.06587521564071695,1.0,1.0,100/50/50 Hz,1.0,4700,gps,7,13,0.04545055462971772,0.037485105619534546,0.039905969799683486,flight,0.5786442071546614
0.7809954406143074,1.0,49.714285714285715,391.00161,original,stress,25,1.0,99.85714285714286,0.6,10.0,0.048278903027103755,34080,50.0,0.10537421544908883,0.010000000000001563,retrodiction,0,0.057006285159088475,1.0,1.0,100/50/50 Hz,1.0,700,gps,7,18,0.057525287093505816,0.03959601395358068,0.03031277074334879,before_outage,0.5213132789835332
0.6531638616526062,1.0,49.93333333333333,391.00161,original,stress,40,1.0,100.0,0.6,10.0,0.0373822238572765,34080,50.0,0.07562092125224473,0.010000000000005116,retrodiction,0,0.05257116257252204,1.0,1.0,100/50/50 Hz,1.0,1500,gps,7,25,0.017355305015149033,0.03287347903872706,0.03696344780605578,outage_window,0.3039304309714551
0.7911915094406519,1.0,49.95,391.00161,original,stress,60,1.0,100.0,0.6,10.0,0.0645887563040124,34080,50.0,0.1404719399305476,0.010000000000005116,retrodiction,0,0.07909149492568221,1.0,1.0,100/50/50 Hz,1.0,2000,gps,7,40,0.04545055462971772,0.03497341974287775,0.0456481886681182,after_return,0.596851445471089
1.0701535555945665,1.0,49.8936170212766,634.44015,original,stress,60,1.0,99.74468085106383,0.6,10.0,0.036351398934431955,77860,49.97872340425532,0.08180537556159154,0.010000000000005116,horizon,0,0.06593174085074122,1.0,1.0,100/50/50 Hz,1.0,4700,gps,7,13,0.03817285469141552,0.044375844252718746,0.05500518382042802,flight,0.8271702854061203
0.7590543966366624,1.0,49.714285714285715,634.44015,original,stress,25,1.0,99.85714285714286,0.6,10.0,0.03054146686107533,77860,50.0,0.058929595207449975,0.010000000000001563,horizon,0,0.05045098707599724,1.0,1.0,100/50/50 Hz,1.0,700,gps,7,18,0.024608246688297197,0.04310930097521148,0.040156206231618516,before_outage,0.32826137909748115
0.7728072414602923,1.0,49.93333333333333,634.44015,original,stress,40,1.0,99.93333333333334,0.6,10.0,0.03172855699310986,77860,50.0,0.06149029599070309,0.010000000000005116,horizon,0,0.05973988437899586,1.0,1.0,100/50/50 Hz,1.0,1500,gps,7,25,0.018473221495907906,0.04401991917725396,0.05061770892435543,outage_window,0.3368392047103261
0.5785353506243214,1.0,50.0,634.44015,original,stress,60,1.0,100.0,0.6,10.0,0.043620436031674016,77860,50.0,0.08180537556159154,0.010000000000005116,horizon,0,0.0786264488211244,1.0,1.0,100/50/50 Hz,1.0,2000,gps,7,40,0.03817285469141552,0.042000090020131775,0.0654169398139926,after_return,0.307460117020846
32.91136157160744,1.0,49.808510638297875,319.26646,original,stress,60,1.0,99.7872340425532,0.6,0.0,24.048153612743874,34080,0.0,28.35940132801333,0.010000000000005116,retrodiction,0,24.04819017194874,1.0,1.0,100/50/50 Hz,1.0,4700,denied,7,13,25.37634509381014,1.1907994066193486,0.04193285210452385,flight,32.83844368464494
33.70006834529062,1.0,49.285714285714285,319.26646,original,stress,25,1.0,99.85714285714286,0.6,0.0,20.705490845025192,34080,0.0,24.747598543969627,0.010000000000001563,retrodiction,0,20.705516092404018,1.0,1.0,100/50/50 Hz,1.0,700,denied,7,18,24.56249957444303,1.2525558062257005,0.032334492103744755,before_outage,33.62043385796679
32.19107765279603,1.0,49.93333333333333,319.26646,original,stress,40,1.0,100.0,0.6,0.0,24.108028338173213,34080,0.0,25.82740556803308,0.010000000000005116,retrodiction,0,24.108058940796806,1.0,1.0,100/50/50 Hz,1.0,1500,denied,7,25,23.256891869297394,1.1730104376619896,0.038412742286224585,outage_window,32.12354326637841
32.84690686834438,1.0,49.95,319.26646,original,stress,60,1.0,100.0,0.6,0.0,25.77854805741051,34080,0.0,28.35940132801333,0.010000000000005116,retrodiction,0,25.77859207065143,1.0,1.0,100/50/50 Hz,1.0,2000,denied,7,40,25.37634509381014,1.1906225634279255,0.0476360874718946,after_return,32.787457318896735
2.924232867962078,1.0,49.851063829787236,599.355229,original,stress,60,1.0,99.74468085106383,0.6,0.0,0.2749398998639121,77860,50.0,0.48688001252976176,0.010000000000005116,horizon,0,0.28260320615853496,1.0,1.0,100/50/50 Hz,1.0,4700,denied,7,13,0.307477248370869,0.11279405853915757,0.06536530879530354,flight,2.6691537194246355
2.8716399916063864,1.0,49.57142857142857,599.355229,original,stress,25,1.0,99.85714285714286,0.6,0.0,0.252191112485756,77860,50.0,0.33795523050553755,0.010000000000001563,horizon,0,0.2576652995619343,1.0,1.0,100/50/50 Hz,1.0,700,denied,7,18,0.11886458299968025,0.10852613602081354,0.05283038312882195,before_outage,2.588187865926088
3.011710518698249,1.0,49.86666666666667,599.355229,original,stress,40,1.0,99.93333333333334,0.6,0.0,0.24419060827537672,77860,50.0,0.4408696022059495,0.010000000000005116,horizon,0,0.2504862022182095,1.0,1.0,100/50/50 Hz,1.0,1500,denied,7,25,0.28194060406790544,0.11068778154359622,0.055805773283803234,outage_window,2.7521078247744244
2.80363308945469,1.0,50.0,599.355229,original,stress,60,1.0,100.0,0.6,0.0,0.301693189375237,77860,50.0,0.48688001252976176,0.010000000000005116,horizon,0,0.3118249413442213,1.0,1.0,100/50/50 Hz,1.0,2000,denied,7,40,0.307477248370869,0.11326554484444952,0.07884169917578154,after_return,2.559864480893874
0.8926088241277875,1.0,49.851063829787236,371.840609,original,stress,60,1.0,99.70212765957447,0.6,6.808510638297872,0.06860185445258667,34080,50.0,0.15083467239805062,0.010000000000005116,retrodiction,0,0.07974962758526816,1.0,1.0,100/50/50 Hz,1.0,4700,transition,7,13,0.0532618416960837,0.043588523518935156,0.040666800533790196,flight,0.6708427685652835
0.7809954406143074,1.0,49.714285714285715,371.840609,original,stress,25,1.0,99.85714285714286,0.6,10.0,0.048278903027103755,34080,50.0,0.10537421544908883,0.010000000000001563,retrodiction,0,0.057006285159088475,1.0,1.0,100/50/50 Hz,1.0,700,transition,7,18,0.057525287093505816,0.03959601395358068,0.03031277074334879,before_outage,0.5213132789835332
0.9043916736286114,1.0,49.86666666666667,371.840609,original,stress,40,1.0,100.0,0.6,0.06666666666666667,0.07535969910660113,34080,50.0,0.12456874906668232,0.010000000000005116,retrodiction,0,0.08513443540973854,1.0,1.0,100/50/50 Hz,1.0,1500,transition,7,25,0.06317375298396749,0.050531775737615234,0.0396079265185327,outage_window,0.6707811736016017
0.8132299612734151,1.0,49.95,371.840609,original,stress,60,1.0,100.0,0.6,9.95,0.07459548100425835,34080,50.0,0.15083467239805062,0.010000000000005116,retrodiction,0,0.08740957986342927,1.0,1.0,100/50/50 Hz,1.0,2000,transition,7,40,0.0532618416960837,0.03579644814001863,0.0455625818588516,after_return,0.5989770528804582
1.251221417161577,1.0,49.87234042553192,675.637189,original,stress,60,1.0,99.74468085106383,0.6,6.808510638297872,0.0665304862025392,77860,49.97872340425532,0.15591488688973454,0.010000000000005116,horizon,0,0.0879107104638762,1.0,1.0,100/50/50 Hz,1.0,4700,transition,7,13,0.03667243636284771,0.05121580486793387,0.05746292213172955,flight,1.0541509423226074
0.7590543966366624,1.0,49.714285714285715,675.637189,original,stress,25,1.0,99.85714285714286,0.6,10.0,0.03054146686107533,77860,50.0,0.058929595207449975,0.010000000000001563,horizon,0,0.05045098707599724,1.0,1.0,100/50/50 Hz,1.0,700,transition,7,18,0.024608246688297197,0.04310930097521148,0.040156206231618516,before_outage,0.32826137909748115
1.3889504720327348,1.0,49.86666666666667,675.637189,original,stress,40,1.0,99.93333333333334,0.6,0.13333333333333333,0.09288370797557205,77860,50.0,0.15591488688973454,0.010000000000005116,horizon,0,0.10974397217642755,1.0,1.0,100/50/50 Hz,1.0,1500,transition,7,25,0.0991231020584393,0.06152039930590344,0.058449604119866876,outage_window,1.1712887136481485
0.5687758004175714,1.0,50.0,675.637189,original,stress,60,1.0,100.0,0.6,9.9,0.05902289637873854,77860,50.0,0.15405106871238866,0.010000000000005116,horizon,0,0.08815898050609858,1.0,1.0,100/50/50 Hz,1.0,2000,transition,7,40,0.03667243636284771,0.0437639600294844,0.06548513989401995,after_return,0.39267615667635436
0.6435556058082977,1.0,49.8936170212766,338.03985,original,zero,60,1.0,99.65957446808511,0.6,10.0,0.041875468904816346,34080,50.0,0.09125456256046334,0.010000000000005116,retrodiction,0,0.06618491671544081,1.0,1.0,100/50/50 Hz,1.0,4700,gps,19,13,0.06915338205645408,0.04334715305631824,0.051253178483208206,flight,0.5358177765130673
0.4416218358810089,1.0,50.0,338.03985,original,zero,25,1.0,100.0,0.6,10.0,0.027522923519827918,34080,50.0,0.04879791348292319,0.010000000000001563,retrodiction,0,0.04667045015454164,1.0,1.0,100/50/50 Hz,1.0,700,gps,19,18,0.041696404203955414,0.04242165727568208,0.03769110768535808,before_outage,0.2748320463129176
0.520040189982958,1.0,49.8,338.03985,original,zero,40,1.0,100.0,0.6,10.0,0.04138210301667037,34080,50.0,0.06814122333918467,0.010000000000005116,retrodiction,0,0.06360639036471459,1.0,1.0,100/50/50 Hz,1.0,1500,gps,19,25,0.03812795951509994,0.04210430759154955,0.048304186621307865,outage_window,0.373030507579191
0.3979464508853711,1.0,49.95,338.03985,original,zero,60,1.0,100.0,0.6,10.0,0.04770958213951115,34080,50.0,0.09125456256046334,0.010000000000005116,retrodiction,0,0.07708286921378536,1.0,1.0,100/50/50 Hz,1.0,2000,gps,19,40,0.06915338205645408,0.04413088085429327,0.06054390554219952,after_return,0.285665309801863
0.6781867980776023,1.0,49.8936170212766,615.77702,original,zero,60,1.0,99.57446808510639,0.6,10.0,0.04363936279182738,77860,50.0,0.10587646567443341,0.010000000000005116,horizon,0,0.09972850882786122,1.0,1.0,100/50/50 Hz,1.0,4700,gps,19,13,0.08223570907830569,0.04692034519997537,0.08967375027371201,flight,0.5666269950838707
0.4412913726733953,1.0,49.857142857142854,615.77702,original,zero,25,1.0,100.0,0.6,10.0,0.028630790858019284,77860,50.0,0.05663511653761845,0.010000000000001563,horizon,0,0.07985569895791937,1.0,1.0,100/50/50 Hz,1.0,700,gps,19,18,0.036184319465190254,0.04602263241517643,0.07454669993300982,before_outage,0.26130278238326693
0.5368524222442196,1.0,49.8,615.77702,original,zero,40,1.0,100.0,0.6,10.0,0.04316601451204425,77860,50.0,0.0782484187869722,0.010000000000005116,horizon,0,0.09428359539195867,1.0,1.0,100/50/50 Hz,1.0,1500,gps,19,25,0.04763413079161387,0.04507780789839944,0.08382178446669192,outage_window,0.38042673208760497
0.40048492342777003,1.0,49.95,615.77702,original,zero,60,1.0,100.0,0.6,10.0,0.04905654779141232,77860,50.0,0.10587646567443341,0.010000000000005116,horizon,0,0.11492899418687848,1.0,1.0,100/50/50 Hz,1.0,2000,gps,19,40,0.08223570907830569,0.04646105155940468,0.10393329025676243,after_return,0.2864950298379264
3.1865474496322097,1.0,49.91489361702128,332.272929,original,zero,60,1.0,99.63829787234043,0.6,0.0,0.49336332585546866,34080,50.0,0.7353830798854466,0.010000000000005116,retrodiction,0,0.4962814479129562,1.0,1.0,100/50/50 Hz,1.0,4700,denied,19,13,0.6316904754729886,0.1206517863717386,0.05373922443998323,flight,2.9456143666340164
3.1033039109860185,1.0,50.0,332.272929,original,zero,25,1.0,100.0,0.6,0.0,0.3783247505764313,34080,50.0,0.5358893005846929,0.010000000000001563,retrodiction,0,0.38044582891552714,1.0,1.0,100/50/50 Hz,1.0,700,denied,19,18,0.5288944327203856,0.11915144341463947,0.04011747550013136,before_outage,2.86266973398235
3.250155386114944,1.0,49.86666666666667,332.272929,original,zero,40,1.0,100.0,0.6,0.0,0.512245842329607,34080,50.0,0.6710272275266357,0.010000000000005116,retrodiction,0,0.5146269054254544,1.0,1.0,100/50/50 Hz,1.0,1500,denied,19,25,0.46663513423480857,0.11881747241329331,0.04944743475460544,outage_window,2.9901718099943295
3.0549403096597016,1.0,49.95,332.272929,original,zero,60,1.0,100.0,0.6,0.0,0.5264461055610747,34080,50.0,0.7353830798854466,0.010000000000005116,retrodiction,0,0.5303136056078329,1.0,1.0,100/50/50 Hz,1.0,2000,denied,19,40,0.6316904754729886,0.12103363004663949,0.06392979143058426,after_return,2.8238282231825487
2.521782177173004,1.0,49.91489361702128,686.652389,original,zero,60,1.0,99.57446808510639,0.6,0.0,0.5573605118726733,77860,50.0,0.7109425295673324,0.010000000000005116,horizon,0,0.5656950224453209,1.0,1.0,100/50/50 Hz,1.0,4700,denied,19,13,0.6927279221019503,0.09848153396772404,0.09674770397504887,flight,2.3261740808641704
2.342771680863647,1.0,49.857142857142854,686.652389,original,zero,25,1.0,100.0,0.6,0.0,0.5142532751621197,77860,50.0,0.6382785086700509,0.010000000000001563,horizon,0,0.5200233216929893,1.0,1.0,100/50/50 Hz,1.0,700,denied,19,18,0.4733567154255618,0.09340194591584425,0.07725169311829624,before_outage,2.1476975438474666
2.5672684290292622,1.0,49.86666666666667,686.652389,original,zero,40,1.0,100.0,0.6,0.0,0.5870268014874711,77860,50.0,0.7109425295673324,0.010000000000005116,horizon,0,0.5932265726280751,1.0,1.0,100/50/50 Hz,1.0,1500,denied,19,25,0.6208249259816956,0.09717989368458368,0.08554122285449345,outage_window,2.3546778254818737
2.4518049387029386,1.0,49.95,686.652389,original,zero,60,1.0,100.0,0.6,0.0,0.5636988773999347,77860,50.0,0.7076031717337958,0.010000000000005116,horizon,0,0.575456208588258,1.0,1.0,100/50/50 Hz,1.0,2000,denied,19,40,0.6927279221019503,0.09898521470981032,0.11572995991024129,after_return,2.260868788947273
0.7233945825465644,1.0,49.91489361702128,338.060609,original,zero,60,1.0,99.65957446808511,0.6,6.808510638297872,0.05112213476616402,34080,50.0,0.1435077232739842,0.010000000000005116,retrodiction,0,0.07277829014010637,1.0,1.0,100/50/50 Hz,1.0,4700,transition,19,13,0.06899355743696071,0.0456038748593875,0.05179968004406655,flight,0.6194224535532965
0.4416218358810089,1.0,50.0,338.060609,original,zero,25,1.0,100.0,0.6,10.0,0.027522923519827918,34080,50.0,0.04879791348292319,0.010000000000001563,retrodiction,0,0.04667045015454164,1.0,1.0,100/50/50 Hz,1.0,700,transition,19,18,0.041696404203955414,0.04242165727568208,0.03769110768535808,before_outage,0.2748320463129176
0.7671037032108361,1.0,49.86666666666667,338.060609,original,zero,40,1.0,100.0,0.6,0.0,0.0657141858489524,34080,50.0,0.10583402654259212,0.010000000000005116,retrodiction,0,0.08265878283909679,1.0,1.0,100/50/50 Hz,1.0,1500,transition,19,25,0.05719393224024368,0.04875125650223925,0.050141002768695264,outage_window,0.6591486058623194
0.41991193558064077,1.0,49.95,338.060609,original,zero,60,1.0,100.0,0.6,10.0,0.04840045611062731,34080,50.0,0.1435077232739842,0.010000000000005116,retrodiction,0,0.07749127662373474,1.0,1.0,100/50/50 Hz,1.0,2000,transition,19,40,0.06899355743696071,0.044343365648425004,0.06051688856062759,after_return,0.29509662544794696
0.7860835191847765,1.0,49.91489361702128,709.46111,original,zero,60,1.0,99.57446808510639,0.6,6.808510638297872,0.05289288016663797,77860,50.0,0.1556436123709224,0.010000000000005116,horizon,0,0.106024936423597,1.0,1.0,100/50/50 Hz,1.0,4700,transition,19,13,0.08205337676399312,0.04928651633771446,0.09188922881004859,flight,0.6794431633267697
0.4412913726733953,1.0,49.857142857142854,709.46111,original,zero,25,1.0,100.0,0.6,10.0,0.028630790858019284,77860,50.0,0.05663511653761845,0.010000000000001563,horizon,0,0.07985569895791937,1.0,1.0,100/50/50 Hz,1.0,700,transition,19,18,0.036184319465190254,0.04602263241517643,0.07454669993300982,before_outage,0.26130278238326693
0.8646039521992492,1.0,49.86666666666667,709.46111,original,zero,40,1.0,100.0,0.6,0.13333333333333333,0.06749831878400933,77860,50.0,0.11228708089273454,0.010000000000005116,horizon,0,0.11344471516054687,1.0,1.0,100/50/50 Hz,1.0,1500,transition,19,25,0.06270728013929627,0.05206318492889306,0.0911793856043671,outage_window,0.7529701665954615
0.4326285831252888,1.0,49.95,709.46111,original,zero,60,1.0,100.0,0.6,9.9,0.04986154589809639,77860,50.0,0.1556436123709224,0.010000000000005116,horizon,0,0.11518635271744612,1.0,1.0,100/50/50 Hz,1.0,2000,transition,19,40,0.08205337676399312,0.04674037793704964,0.10383507159433143,after_return,0.3094436049413487
0.7788133029831755,1.0,49.91489361702128,396.69966,original,nominal,60,1.0,99.57446808510639,0.6,10.0,0.045700516369191084,34080,50.0,0.10851204532025761,0.010000000000005116,retrodiction,0,0.06899329678320465,1.0,1.0,100/50/50 Hz,1.0,4700,gps,19,13,0.047452811352279266,0.035700370367562975,0.05168692102074425,flight,0.672185908500146
0.8326534900304609,1.0,50.0,396.69966,original,nominal,25,1.0,100.0,0.6,10.0,0.04752117916072518,34080,50.0,0.07090575089500972,0.010000000000001563,retrodiction,0,0.06134092185760922,1.0,1.0,100/50/50 Hz,1.0,700,gps,19,18,0.031720926883815274,0.040894218248934744,0.03878719151363733,before_outage,0.6478419160395771
0.5540993729087994,1.0,49.86666666666667,396.69966,original,nominal,40,1.0,100.0,0.6,10.0,0.03502232212647738,34080,50.0,0.06685040605838076,0.010000000000005116,retrodiction,0,0.05993519183085322,1.0,1.0,100/50/50 Hz,1.0,1500,gps,19,25,0.03816473164518061,0.03582734705750857,0.04863809384289671,outage_window,0.41947865631505654
0.39304796186706803,1.0,49.95,396.69966,original,nominal,60,1.0,100.0,0.6,10.0,0.04833521758535565,34080,50.0,0.09139201895542044,0.010000000000005116,retrodiction,0,0.07770983202825842,1.0,1.0,100/50/50 Hz,1.0,2000,gps,19,40,0.047452811352279266,0.031679682255535274,0.06084837495641494,after_return,0.31458334471173827
0.670164802868124,1.0,49.8936170212766,683.491999,original,nominal,60,1.0,99.57446808510639,0.6,10.0,0.04362926291110184,77860,50.0,0.10588345074249515,0.010000000000005116,horizon,0,0.10035655355329903,1.0,1.0,100/50/50 Hz,1.0,4700,gps,19,13,0.08223790762499535,0.04690142247083964,0.0903765747244834,flight,0.5598380939386237
0.43749642966850477,1.0,49.857142857142854,683.491999,original,nominal,25,1.0,100.0,0.6,10.0,0.028629940596134648,77860,50.0,0.05656344721516554,0.010000000000001563,horizon,0,0.08051978805337003,1.0,1.0,100/50/50 Hz,1.0,700,gps,19,18,0.03625321512107743,0.0459991623536815,0.07525797479085809,before_outage,0.26131660086607367
0.5335842780233916,1.0,49.8,683.491999,original,nominal,40,1.0,100.0,0.6,10.0,0.0431706510373104,77860,50.0,0.07822196797600132,0.010000000000005116,horizon,0,0.09491531037704565,1.0,1.0,100/50/50 Hz,1.0,1500,gps,19,25,0.04760755329878447,0.0450748341074203,0.08452935012754847,outage_window,0.3800277427673951
0.3981972898058463,1.0,49.95,683.491999,original,nominal,60,1.0,100.0,0.6,10.0,0.049066910987134775,77860,50.0,0.10588345074249515,0.010000000000005116,horizon,0,0.11558459909044518,1.0,1.0,100/50/50 Hz,1.0,2000,gps,19,40,0.08223790762499535,0.04646211160973247,0.10465293972497634,after_return,0.28635719632207274
3.146493290806642,1.0,49.91489361702128,367.835839,original,nominal,60,1.0,99.63829787234043,0.6,0.0,0.8080593720962214,34080,50.0,1.0268972639371075,0.010000000000005116,retrodiction,0,0.8098583435902673,1.0,1.0,100/50/50 Hz,1.0,4700,denied,19,13,0.9628475826704826,0.11822484544702169,0.05394986422811438,flight,2.8879666604300893
2.941539446406801,1.0,50.0,367.835839,original,nominal,25,1.0,100.0,0.6,0.0,0.7107424456675493,34080,50.0,0.8569607894988254,0.010000000000001563,retrodiction,0,0.7118704655518858,1.0,1.0,100/50/50 Hz,1.0,700,denied,19,18,0.8438024270798623,0.11251874598008277,0.04005915190776608,before_outage,2.670431753907004
3.110184467935831,1.0,49.86666666666667,367.835839,original,nominal,40,1.0,100.0,0.6,0.0,0.8228224337837079,34080,50.0,1.0103767266122932,0.010000000000005116,retrodiction,0,0.8242901109252582,1.0,1.0,100/50/50 Hz,1.0,1500,denied,19,25,0.7620930586386558,0.1142853768328694,0.04916736144466428,outage_window,2.8553478986960266
3.13741242593972,1.0,49.95,367.835839,original,nominal,60,1.0,100.0,0.6,0.0,0.8292797923969006,34080,50.0,1.0268972639371075,0.010000000000005116,retrodiction,0,0.8317983008260434,1.0,1.0,100/50/50 Hz,1.0,2000,denied,19,40,0.9628475826704826,0.12115023795967135,0.0646795112786621,after_return,2.873566779011177
2.5335249529156654,1.0,49.91489361702128,618.091989,original,nominal,60,1.0,99.57446808510639,0.6,0.0,0.579183393840609,77860,50.0,0.7352527400540863,0.010000000000005116,horizon,0,0.5873363390932236,1.0,1.0,100/50/50 Hz,1.0,4700,denied,19,13,0.7196613666129072,0.09883796377666981,0.09752215911629582,flight,2.3361105458223017
2.3514571833111084,1.0,49.857142857142854,618.091989,original,nominal,25,1.0,100.0,0.6,0.0,0.5302784197582786,77860,50.0,0.6564219251068564,0.010000000000001563,horizon,0,0.5359869724584062,1.0,1.0,100/50/50 Hz,1.0,700,denied,19,18,0.5050404268987554,0.09361209620068173,0.0780181529119414,before_outage,2.153872303903179
2.57842800501952,1.0,49.86666666666667,618.091989,original,nominal,40,1.0,100.0,0.6,0.0,0.6081830858607974,77860,50.0,0.7305841213731517,0.010000000000005116,horizon,0,0.6142765544705261,1.0,1.0,100/50/50 Hz,1.0,1500,denied,19,25,0.6379977790035394,0.09748532050997567,0.08630770211875166,outage_window,2.364195371374235
2.464861946879611,1.0,49.95,618.091989,original,nominal,60,1.0,100.0,0.6,0.0,0.5880171344211582,77860,50.0,0.7352527400540863,0.010000000000005116,horizon,0,0.5994548821430534,1.0,1.0,100/50/50 Hz,1.0,2000,denied,19,40,0.7196613666129072,0.09945217633424083,0.1165418609439185,after_return,2.271956391339277
0.9471252506986371,1.0,49.91489361702128,393.938769,original,nominal,60,1.0,99.57446808510639,0.6,6.808510638297872,0.06103901000168351,34080,50.0,0.17631234095216577,0.010000000000005116,retrodiction,0,0.08034908123580338,1.0,1.0,100/50/50 Hz,1.0,4700,transition,19,13,0.04737150571484078,0.04353370064498253,0.05225145082628913,flight,0.844099871819347
0.8326534900304609,1.0,50.0,393.938769,original,nominal,25,1.0,100.0,0.6,10.0,0.04752117916072518,34080,50.0,0.07090575089500972,0.010000000000001563,retrodiction,0,0.06134092185760922,1.0,1.0,100/50/50 Hz,1.0,700,transition,19,18,0.031720926883815274,0.040894218248934744,0.03878719151363733,before_outage,0.6478419160395771
1.0769136773726393,1.0,49.86666666666667,393.938769,original,nominal,40,1.0,100.0,0.6,0.06666666666666667,0.07585020758577964,34080,50.0,0.12493911029373664,0.010000000000005116,retrodiction,0,0.09111714384982281,1.0,1.0,100/50/50 Hz,1.0,1500,transition,19,25,0.08603629671597975,0.056226013962460936,0.050488413646533226,outage_window,0.9775006961614258
0.4445388310535723,1.0,49.95,393.938769,original,nominal,60,1.0,100.0,0.6,9.95,0.0528086203509275,34080,50.0,0.17631234095216577,0.010000000000005116,retrodiction,0,0.08057048243055034,1.0,1.0,100/50/50 Hz,1.0,2000,transition,19,40,0.04737150571484078,0.03246297125434617,0.06085106618394806,after_return,0.3562020075689801
0.7751358699797374,1.0,49.91489361702128,740.595679,original,nominal,60,1.0,99.57446808510639,0.6,6.808510638297872,0.05262612274108239,77860,50.0,0.15546958252264267,0.010000000000005116,horizon,0,0.10650855222256907,1.0,1.0,100/50/50 Hz,1.0,4700,transition,19,13,0.08205150978393239,0.04918932495642532,0.09259893574868046,flight,0.6695986854582049
0.43749642966850477,1.0,49.857142857142854,740.595679,original,nominal,25,1.0,100.0,0.6,10.0,0.028629940596134648,77860,50.0,0.05656344721516554,0.010000000000001563,horizon,0,0.08051978805337003,1.0,1.0,100/50/50 Hz,1.0,700,transition,19,18,0.03625321512107743,0.0459991623536815,0.07525797479085809,before_outage,0.26131660086607367
0.85139470619706,1.0,49.86666666666667,740.595679,original,nominal,40,1.0,100.0,0.6,0.13333333333333333,0.06687540254795515,77860,50.0,0.11127974015104093,0.010000000000005116,horizon,0,0.11366262377276828,1.0,1.0,100/50/50 Hz,1.0,1500,transition,19,25,0.06214066254644616,0.051831852441780124,0.0919068690412138,outage_window,0.7412734161987786
0.43008159731007073,1.0,49.95,740.595679,original,nominal,60,1.0,100.0,0.6,9.9,0.04986172968509603,77860,50.0,0.15546958252264267,0.010000000000005116,horizon,0,0.11583515089559752,1.0,1.0,100/50/50 Hz,1.0,2000,transition,19,40,0.08205150978393239,0.04673613519166352,0.10455424475274191,after_return,0.30873818002115755
0.8400292286690555,1.0,49.91489361702128,368.75502,original,stress,60,1.0,99.44680851063829,0.6,10.0,0.05452864149721658,34080,50.0,0.1307140196860216,0.010000000000005116,retrodiction,0,0.07509261409261811,1.0,1.0,100/50/50 Hz,1.0,4700,gps,19,13,0.04439099879541071,0.04043634716284613,0.05162875117345853,flight,0.7071450659013212
0.8867817325106995,1.0,50.0,368.75502,original,stress,25,1.0,100.0,0.6,10.0,0.045319413647027906,34080,50.0,0.0698775074150259,0.010000000000001563,retrodiction,0,0.0603057571648063,1.0,1.0,100/50/50 Hz,1.0,700,gps,19,18,0.030109172341179973,0.045036174403130624,0.03978611684884776,before_outage,0.7180003374237437
0.7202947188729834,1.0,49.86666666666667,368.75502,original,stress,40,1.0,100.0,0.6,10.0,0.0435953108393372,34080,50.0,0.0870111116571949,0.010000000000005116,retrodiction,0,0.06507914561270463,1.0,1.0,100/50/50 Hz,1.0,1500,gps,19,25,0.05572613157907294,0.040137853954270816,0.04831918942305612,outage_window,0.5936273517830841
0.48780221898080817,1.0,49.95,368.75502,original,stress,60,1.0,100.0,0.6,10.0,0.05606395813420362,34080,50.0,0.12582387007068085,0.010000000000005116,retrodiction,0,0.08269703788007117,1.0,1.0,100/50/50 Hz,1.0,2000,gps,19,40,0.04439099879541071,0.03116047181113272,0.06079171549203223,after_return,0.33287525833472376
0.6711716469583257,1.0,49.8936170212766,616.162069,original,stress,60,1.0,99.57446808510639,0.6,10.0,0.0436281465958824,77860,50.0,0.10588228729358942,0.010000000000005116,horizon,0,0.08377303771127946,1.0,1.0,100/50/50 Hz,1.0,4700,gps,19,13,0.08223688869252467,0.04690359302467029,0.07151577918182564,flight,0.5607406118798384
0.4378914268515444,1.0,49.857142857142854,616.162069,original,stress,25,1.0,100.0,0.6,10.0,0.028628182603288248,77860,50.0,0.056561734823719886,0.010000000000001563,horizon,0,0.06300854575412398,1.0,1.0,100/50/50 Hz,1.0,700,gps,19,18,0.03624630734613655,0.04600127486613928,0.05612935060093177,before_outage,0.26132525213971075
0.5339418073634031,1.0,49.8,616.162069,original,stress,40,1.0,100.0,0.6,10.0,0.04316930693743542,77860,50.0,0.07822950078498746,0.010000000000005116,horizon,0,0.07857012392401387,1.0,1.0,100/50/50 Hz,1.0,1500,gps,19,25,0.047615299701525095,0.04507476265659842,0.0656481173528715,outage_window,0.380083852478203
0.3984493121845412,1.0,49.95,616.162069,original,stress,60,1.0,100.0,0.6,10.0,0.049066866257755484,77860,50.0,0.10588228729358942,0.010000000000005116,horizon,0,0.09820481123968695,1.0,1.0,100/50/50 Hz,1.0,2000,gps,19,40,0.08223688869252467,0.04646199072358611,0.08506837006940994,after_return,0.2863738973994606
4.933459559257443,1.0,49.91489361702128,347.520119,original,stress,60,1.0,99.61702127659575,0.6,0.0,0.7273008499620295,34080,50.0,1.0388183287144994,0.010000000000005116,retrodiction,0,0.7293293643240286,1.0,1.0,100/50/50 Hz,1.0,4700,denied,19,13,0.6001688058206524,0.17987237101241915,0.054358028935944665,flight,4.556838919084082
5.122461516552038,1.0,50.0,347.520119,original,stress,25,1.0,100.0,0.6,0.0,0.8660687976699449,34080,50.0,1.0256401091114087,0.010000000000001563,retrodiction,0,0.8671303281946957,1.0,1.0,100/50/50 Hz,1.0,700,denied,19,18,0.5192471542597289,0.18880298854989055,0.042893400163388995,before_outage,4.7631466588367175
4.906989600248425,1.0,49.86666666666667,347.520119,original,stress,40,1.0,100.0,0.6,0.0,0.7056588836481777,34080,50.0,1.0388183287144994,0.010000000000005116,retrodiction,0,0.7072360994533217,1.0,1.0,100/50/50 Hz,1.0,1500,denied,19,25,0.8611077261621126,0.17563293120332132,0.04720635866444609,outage_window,4.527005189685912
4.678867499825018,1.0,49.95,347.520119,original,stress,60,1.0,100.0,0.6,0.0,0.7077388797133788,34080,50.0,0.9918327185750628,0.010000000000005116,retrodiction,0,0.7108311019583248,1.0,1.0,100/50/50 Hz,1.0,2000,denied,19,40,0.6001688058206524,0.17508285297567866,0.0662309116148781,after_return,4.309604333978447
2.557284324526618,1.0,49.91489361702128,734.673539,original,stress,60,1.0,99.57446808510639,0.6,0.0,0.5134372362468776,77860,50.0,0.6863357572020506,0.010000000000005116,horizon,0,0.5194497206145513,1.0,1.0,100/50/50 Hz,1.0,4700,denied,19,13,0.6619747139577505,0.09960793672584638,0.07880492802930161,flight,2.3587782881517922
2.378721821754625,1.0,49.857142857142854,734.673539,original,stress,25,1.0,100.0,0.6,0.0,0.4526138436338731,77860,50.0,0.5821354153670041,0.010000000000001563,horizon,0,0.4565411994804738,1.0,1.0,100/50/50 Hz,1.0,700,denied,19,18,0.463687134631842,0.09450484259612853,0.05975429167885505,before_outage,2.180583540401362
2.6032047193321284,1.0,49.86666666666667,734.673539,original,stress,40,1.0,100.0,0.6,0.0,0.5402696291770391,77860,50.0,0.6546664618922333,0.010000000000005116,horizon,0,0.5445146891302574,1.0,1.0,100/50/50 Hz,1.0,1500,denied,19,25,0.5561394861193726,0.09830865806572779,0.06785996218334779,outage_window,2.3876810082919424
2.4855135797035315,1.0,49.95,734.673539,original,stress,60,1.0,100.0,0.6,0.0,0.5274121002605177,77860,50.0,0.6863357572020506,0.010000000000005116,horizon,0,0.5361757675711177,1.0,1.0,100/50/50 Hz,1.0,2000,denied,19,40,0.6619747139577505,0.10009051225220626,0.09654496480535385,after_return,2.29177655701504
0.9991008101162331,1.0,49.91489361702128,366.034859,original,stress,60,1.0,99.44680851063829,0.6,6.808510638297872,0.06596566832708245,34080,50.0,0.19658197305984165,0.010000000000005116,retrodiction,0,0.08404366876251242,1.0,1.0,100/50/50 Hz,1.0,4700,transition,19,13,0.045944329054610544,0.04757244873402478,0.052075607161359706,flight,0.8748581593255812
0.8867817325106995,1.0,50.0,366.034859,original,stress,25,1.0,100.0,0.6,10.0,0.045319413647027906,34080,50.0,0.0698775074150259,0.010000000000001563,retrodiction,0,0.0603057571648063,1.0,1.0,100/50/50 Hz,1.0,700,transition,19,18,0.030109172341179973,0.045036174403130624,0.03978611684884776,before_outage,0.7180003374237437
1.178144109443765,1.0,49.86666666666667,366.034859,original,stress,40,1.0,100.0,0.6,0.06666666666666667,0.07538892023448154,34080,50.0,0.12567093844272825,0.010000000000005116,retrodiction,0,0.090327935563288,1.0,1.0,100/50/50 Hz,1.0,1500,transition,19,25,0.10550446080642491,0.05917120027013338,0.04975587049790694,outage_window,1.0723785288999708
0.5230220074098471,1.0,49.95,366.034859,original,stress,60,1.0,100.0,0.6,9.95,0.059535627267103576,34080,50.0,0.19658197305984165,0.010000000000005116,retrodiction,0,0.0851078597803023,1.0,1.0,100/50/50 Hz,1.0,2000,transition,19,40,0.045944329054610544,0.03208162399518495,0.06081822820747175,after_return,0.36893423375218865
0.7765590116840752,1.0,49.91489361702128,667.56734,original,stress,60,1.0,99.57446808510639,0.6,6.808510638297872,0.05266430755020019,77860,50.0,0.1555089872620594,0.010000000000005116,horizon,0,0.09059034747692998,1.0,1.0,100/50/50 Hz,1.0,4700,transition,19,13,0.0820523924232515,0.0492008329359448,0.07370944150004693,flight,0.6709431690110793
0.4378914268515444,1.0,49.857142857142854,667.56734,original,stress,25,1.0,100.0,0.6,10.0,0.028628182603288248,77860,50.0,0.056561734823719886,0.010000000000001563,horizon,0,0.06300854575412398,1.0,1.0,100/50/50 Hz,1.0,700,transition,19,18,0.03624630734613655,0.04600127486613928,0.05612935060093177,before_outage,0.26132525213971075
0.8532001523508134,1.0,49.86666666666667,667.56734,original,stress,40,1.0,100.0,0.6,0.13333333333333333,0.0669703718666169,77860,50.0,0.11143091425798532,0.010000000000005116,horizon,0,0.09906267165562888,1.0,1.0,100/50/50 Hz,1.0,1500,transition,19,25,0.06222784193765241,0.05185882694224388,0.07299576842254615,outage_window,0.7429251191122209
0.43030778422550037,1.0,49.95,667.56734,original,stress,60,1.0,100.0,0.6,9.9,0.049862253240389794,77860,50.0,0.1555089872620594,0.010000000000005116,horizon,0,0.09852661155384293,1.0,1.0,100/50/50 Hz,1.0,2000,transition,19,40,0.0820523924232515,0.04673686846070255,0.08497793175921083,after_return,0.3088382442076724
0.5766734876558535,1.0,49.851063829787236,405.796319,original,zero,60,1.0,99.74468085106383,0.6,10.0,0.02919501169746834,34080,50.0,0.07649878686036703,0.010000000000005116,retrodiction,0,0.05934252839806622,1.0,1.0,100/50/50 Hz,1.0,4700,gps,41,13,0.012752664811680211,0.043658368982695255,0.05166417490544083,flight,0.4138146877594553
0.5472109261336058,1.0,49.714285714285715,405.796319,original,zero,25,1.0,100.0,0.6,10.0,0.019304623680818565,34080,50.0,0.04033887358106513,0.010000000000001563,retrodiction,0,0.043492084395337596,1.0,1.0,100/50/50 Hz,1.0,700,gps,41,18,0.013611809379739112,0.03962430651336747,0.038972976658104355,before_outage,0.327347021329466
0.5685086073072972,1.0,49.93333333333333,405.796319,original,zero,40,1.0,100.0,0.6,10.0,0.04043435123348547,34080,50.0,0.07649878686036703,0.010000000000005116,retrodiction,0,0.06637854056471951,1.0,1.0,100/50/50 Hz,1.0,1500,gps,41,25,0.02262773406365366,0.045345654706286626,0.052641940388147214,outage_window,0.40323208137435407
0.4219256246898856,1.0,49.9,405.796319,original,zero,60,1.0,100.0,0.6,10.0,0.02389590516486512,34080,50.0,0.05137663694117126,0.010000000000005116,retrodiction,0,0.06398397445762706,1.0,1.0,100/50/50 Hz,1.0,2000,gps,41,40,0.012752664811680211,0.043335054510556775,0.05935431495473639,after_return,0.2711785155204911
0.8596716905851084,1.0,49.851063829787236,757.221459,original,zero,60,1.0,99.68085106382979,0.6,10.0,0.030762194939677596,77860,49.97872340425532,0.08301240914983646,0.010000000000005116,horizon,0,0.08183456454520116,1.0,1.0,100/50/50 Hz,1.0,4700,gps,41,13,0.02063228183836979,0.04765209029633204,0.07583260062002338,flight,0.7248664040319343
0.4819369812468866,1.0,49.714285714285715,757.221459,original,zero,25,1.0,100.0,0.6,10.0,0.017433433324735355,77860,50.0,0.04543871560497057,0.010000000000001563,horizon,0,0.05982341703158985,1.0,1.0,100/50/50 Hz,1.0,700,gps,41,18,0.012571606904973848,0.04385421897057777,0.057226887280783685,before_outage,0.3188906309935878
0.6501946631597245,1.0,49.93333333333333,757.221459,original,zero,40,1.0,100.0,0.6,10.0,0.04305222021937754,77860,50.0,0.08301240914983646,0.010000000000005116,horizon,0,0.0867813124950463,1.0,1.0,100/50/50 Hz,1.0,1500,gps,41,25,0.023028403117185597,0.04867432881709245,0.0753492039277463,outage_window,0.44091943413532003
0.421792922944854,1.0,49.9,757.221459,original,zero,60,1.0,100.0,0.6,10.0,0.025311892035661084,77860,50.0,0.05787329775270963,0.010000000000005116,horizon,0,0.09127051337108474,1.0,1.0,100/50/50 Hz,1.0,2000,gps,41,40,0.02063228183836979,0.04585742089484228,0.08769044835440401,after_return,0.28394927774885503
1.8895142929896447,1.0,49.851063829787236,321.86794,original,zero,60,1.0,99.7872340425532,0.6,0.0,1.0965448965220381,34080,50.0,1.2714789462332081,0.010000000000005116,retrodiction,0,1.0978861984418222,1.0,1.0,100/50/50 Hz,1.0,4700,denied,41,13,1.047297230441051,0.08100144042885989,0.05425306111648775,flight,1.7392308356372288
1.891747678161471,1.0,49.714285714285715,321.86794,original,zero,25,1.0,100.0,0.6,0.0,1.1101006096099102,34080,50.0,1.1753975352588155,0.010000000000001563,retrodiction,0,1.110826139694085,1.0,1.0,100/50/50 Hz,1.0,700,denied,41,18,1.007838414808242,0.08381492005895803,0.0401416139606854,before_outage,1.7615345780629676
1.780827926619561,1.0,50.0,321.86794,original,zero,40,1.0,100.0,0.6,0.0,1.0882803558594452,34080,50.0,1.207175976020963,0.010000000000005116,retrodiction,0,1.0896777755022475,1.0,1.0,100/50/50 Hz,1.0,1500,denied,41,25,1.207175976020963,0.07444619415633244,0.055168120087289246,outage_window,1.6378172460663036
1.798640497367943,1.0,49.9,321.86794,original,zero,60,1.0,100.0,0.6,0.0,1.0949690448553506,34080,50.0,1.2714789462332081,0.010000000000005116,retrodiction,0,1.0967380686658974,1.0,1.0,100/50/50 Hz,1.0,2000,denied,41,40,1.047297230441051,0.08100563303357643,0.06226702232774633,after_return,1.6353478038901328
3.7612747679161482,1.0,49.851063829787236,582.298709,original,zero,60,1.0,99.72340425531915,0.6,0.0,1.1506310872174965,77860,50.0,1.3571622489195074,0.010000000000005116,horizon,0,1.15364159352333,1.0,1.0,100/50/50 Hz,1.0,4700,denied,41,13,1.0044465558189513,0.14226656789033088,0.08328881939210053,flight,3.426963359251778
4.064239267013619,1.0,49.714285714285715,582.298709,original,zero,25,1.0,100.0,0.6,0.0,1.2228912311912992,77860,50.0,1.3475939286497542,0.010000000000001563,horizon,0,1.2245215432190129,1.0,1.0,100/50/50 Hz,1.0,700,denied,41,18,1.0552316851417634,0.15306741993291312,0.06316681472815948,before_outage,3.7802282875089097
3.730089619175849,1.0,50.0,582.298709,original,zero,40,1.0,100.0,0.6,0.0,1.11417103081664,77860,50.0,1.3445049747619928,0.010000000000005116,horizon,0,1.1168460094672963,1.0,1.0,100/50/50 Hz,1.0,1500,denied,41,25,1.207645436506267,0.1354926742287564,0.07725233298749055,outage_window,3.3986146764302214
3.4308219728793365,1.0,49.9,582.298709,original,zero,60,1.0,100.0,0.6,0.0,1.1468813160778693,77860,50.0,1.348931721637941,0.010000000000005116,horizon,0,1.1511879708871051,1.0,1.0,100/50/50 Hz,1.0,2000,denied,41,40,1.0044465558189513,0.13562183734517455,0.09948362250473657,after_return,3.0885069805862444
0.591706222692349,1.0,49.87234042553192,340.627429,original,zero,60,1.0,99.74468085106383,0.6,6.808510638297872,0.03564537051558913,34080,50.0,0.1563391617662924,0.010000000000005116,retrodiction,0,0.0636302906251636,1.0,1.0,100/50/50 Hz,1.0,4700,transition,41,13,0.01196360938030398,0.04506374499118663,0.05270883650631221,flight,0.4317403236261663
0.5472109261336058,1.0,49.714285714285715,340.627429,original,zero,25,1.0,100.0,0.6,10.0,0.019304623680818565,34080,50.0,0.04033887358106513,0.010000000000001563,retrodiction,0,0.043492084395337596,1.0,1.0,100/50/50 Hz,1.0,700,transition,41,18,0.013611809379739112,0.03962430651336747,0.038972976658104355,before_outage,0.327347021329466
0.6411068837209084,1.0,50.0,340.627429,original,zero,40,1.0,100.0,0.6,0.0,0.03126003770832009,34080,50.0,0.053688150730199294,0.010000000000005116,retrodiction,0,0.06396025947882844,1.0,1.0,100/50/50 Hz,1.0,1500,transition,41,25,0.05074123686496401,0.04942866136265691,0.05580076016573134,outage_window,0.45720049495234333
0.3917071585625082,1.0,49.9,340.627429,original,zero,60,1.0,100.0,0.6,10.0,0.04524596284231036,34080,50.0,0.1563391617662924,0.010000000000005116,retrodiction,0,0.07462874558931801,1.0,1.0,100/50/50 Hz,1.0,2000,transition,41,40,0.01196360938030398,0.043367274105651325,0.0593485679246553,after_return,0.2726350359749081
0.9768861727378536,1.0,49.87234042553192,671.40419,original,zero,60,1.0,99.68085106382979,0.6,6.808510638297872,0.04984785579128083,77860,49.97872340425532,0.1596343824008058,0.010000000000005116,horizon,0,0.09286986092276525,1.0,1.0,100/50/50 Hz,1.0,4700,transition,41,13,0.02037588149023566,0.051210990487332166,0.07835816703334396,flight,0.8651308418056894
0.4819369812468866,1.0,49.714285714285715,671.40419,original,zero,25,1.0,100.0,0.6,10.0,0.017433433324735355,77860,50.0,0.04543871560497057,0.010000000000001563,horizon,0,0.05982341703158985,1.0,1.0,100/50/50 Hz,1.0,700,transition,41,18,0.012571606904973848,0.04385421897057777,0.057226887280783685,before_outage,0.3188906309935878
1.0528001267688374,1.0,50.0,671.40419,original,zero,40,1.0,100.0,0.6,0.13333333333333333,0.06649779387661427,77860,50.0,0.10660295894201882,0.010000000000005116,horizon,0,0.10639074543172121,1.0,1.0,100/50/50 Hz,1.0,1500,transition,41,25,0.08368050879937876,0.05863266205093549,0.08304838422907836,outage_window,0.9359632697210643
0.4117891269235799,1.0,49.9,671.40419,original,zero,60,1.0,100.0,0.6,9.9,0.04826811054130416,77860,50.0,0.1596343824008058,0.010000000000005116,horizon,0,0.10009950669911687,1.0,1.0,100/50/50 Hz,1.0,2000,transition,41,40,0.02037588149023566,0.04613336090331127,0.08769321949945154,after_return,0.3057963130798741
0.7204301985398741,1.0,49.8936170212766,446.17951,original,nominal,60,1.0,99.72340425531915,0.6,10.0,0.048434811007477485,34080,50.0,0.1313034736242205,0.010000000000005116,retrodiction,0,0.07092531440405055,1.0,1.0,100/50/50 Hz,1.0,4700,gps,41,13,0.03332469534208085,0.037150773561777733,0.05181186452911493,flight,0.6359768908641976
0.5389735502452774,1.0,49.714285714285715,446.17951,original,nominal,25,1.0,100.0,0.6,10.0,0.0408800292643836,34080,50.0,0.07666458069004714,0.010000000000001563,retrodiction,0,0.0567648128963338,1.0,1.0,100/50/50 Hz,1.0,700,gps,41,18,0.024029821089223913,0.03514188524957126,0.0393835903708502,before_outage,0.42062652290504077
0.668323651994312,1.0,50.0,446.17951,original,nominal,40,1.0,100.0,0.6,10.0,0.05897143105971655,34080,50.0,0.1313034736242205,0.010000000000005116,retrodiction,0,0.07971572646996217,1.0,1.0,100/50/50 Hz,1.0,1500,gps,41,25,0.058636313871302415,0.03704503176920313,0.05363736911336095,outage_window,0.5784099573356599
0.4249736089468339,1.0,49.95,446.17951,original,nominal,60,1.0,100.0,0.6,10.0,0.04114713057813523,34080,50.0,0.09582510694597765,0.010000000000005116,retrodiction,0,0.07172717270718013,1.0,1.0,100/50/50 Hz,1.0,2000,gps,41,40,0.03332469534208085,0.031921899886808075,0.05875117828394197,after_return,0.347633868006781
0.8592337567795252,1.0,49.851063829787236,684.0618,original,nominal,60,1.0,99.68085106382979,0.6,10.0,0.030766172651487223,77860,49.97872340425532,0.08302116214508037,0.010000000000005116,horizon,0,0.07236051551603573,1.0,1.0,100/50/50 Hz,1.0,4700,gps,41,13,0.020631965889429612,0.047651514225615886,0.06549417398612893,flight,0.7244869785645784
0.4817666707154012,1.0,49.714285714285715,684.0618,original,nominal,25,1.0,100.0,0.6,10.0,0.017458696449443332,77860,50.0,0.04548517497003425,0.010000000000001563,horizon,0,0.05089404283858218,1.0,1.0,100/50/50 Hz,1.0,700,gps,41,18,0.012550529966984159,0.04385274569393172,0.04780583138845756,before_outage,0.3188858718963148
0.6500400642764688,1.0,49.93333333333333,684.0618,original,nominal,40,1.0,100.0,0.6,10.0,0.043060621827719275,77860,50.0,0.08302116214508037,0.010000000000005116,horizon,0,0.07779231291298432,1.0,1.0,100/50/50 Hz,1.0,1500,gps,41,25,0.02303037415098049,0.04867401228215169,0.06478755124375216,outage_window,0.4409138464655411
0.4216652144604781,1.0,49.9,684.0618,original,nominal,60,1.0,100.0,0.6,10.0,0.025311312882090226,77860,50.0,0.0578724875366664,0.010000000000005116,horizon,0,0.08082944578588108,1.0,1.0,100/50/50 Hz,1.0,2000,gps,41,40,0.020631965889429612,0.045857253417698175,0.07676416316379422,after_return,0.28394902066728184
6.5032969708356445,1.0,0.0,330.05054,original,nominal,60,1.0,99.95744680851064,0.6,0.0,17.741202085510675,34080,50.0,31.245115978842094,0.010000000000005116,retrodiction,0,660.216900032145,1.0,1.0,100/50/50 Hz,1.0,4700,denied,41,13,23.230384750912624,28.23331858334808,659.978488162013,flight,4.922423482556556
7.1643112077218,1.0,0.0,330.05054,original,nominal,25,1.0,100.0,0.6,0.0,12.848601604977684,34080,50.0,24.80370017436402,0.010000000000001563,retrodiction,0,369.00281236723373,1.0,1.0,100/50/50 Hz,1.0,700,denied,41,18,24.80370017436402,29.2611237185229,368.7790516986078,before_outage,5.017665719014432
7.105633329594639,1.0,0.0,330.05054,original,nominal,40,1.0,100.0,0.6,0.0,17.673360659839197,34080,50.0,31.16660540676331,0.010000000000005116,retrodiction,0,596.0740494363675,1.0,1.0,100/50/50 Hz,1.0,1500,denied,41,25,22.235441620914848,30.69563920399694,595.8119877398041,outage_window,5.640761600866765
6.403800975746115,1.0,0.0,330.05054,original,nominal,60,1.0,100.0,0.6,0.0,20.806123826853007,34080,50.0,31.245115978842094,0.010000000000005116,retrodiction,0,833.854995073217,1.0,1.0,100/50/50 Hz,1.0,2000,denied,41,40,23.230384750912624,26.14044218124262,833.5953802774198,after_return,4.7629982202227765
3.8195432678802606,1.0,49.851063829787236,587.465559,original,nominal,60,1.0,99.72340425531915,0.6,0.0,0.6101104675812777,77860,50.0,0.8194107409993725,0.010000000000005116,horizon,0,0.6144617898603573,1.0,1.0,100/50/50 Hz,1.0,4700,denied,41,13,0.47058205730153785,0.14424719599002467,0.07299663380011746,flight,3.482231916015494
4.1200303429920275,1.0,49.714285714285715,587.465559,original,nominal,25,1.0,100.0,0.6,0.0,0.6808894628239687,77860,50.0,0.7959269699003424,0.010000000000001563,horizon,0,0.6830208439697618,1.0,1.0,100/50/50 Hz,1.0,700,denied,41,18,0.4971631739495741,0.15489854577682796,0.0539167201566744,before_outage,3.8328134062322357
3.7890752843441127,1.0,50.0,587.465559,original,nominal,40,1.0,100.0,0.6,0.0,0.5842933619309228,77860,50.0,0.8194107409993725,0.010000000000005116,horizon,0,0.5881154402196347,1.0,1.0,100/50/50 Hz,1.0,1500,denied,41,25,0.6757809736783045,0.137556904798492,0.06694055742369029,outage_window,3.4545812002145495
3.4870860094305014,1.0,49.9,587.465559,original,nominal,60,1.0,100.0,0.6,0.0,0.6020527092681374,77860,50.0,0.8092095429139983,0.010000000000005116,horizon,0,0.6084831766730114,1.0,1.0,100/50/50 Hz,1.0,2000,denied,41,40,0.47058205730153785,0.1373935542689702,0.08822874563868027,after_return,3.141927154886247
0.7734787471904224,1.0,49.8936170212766,439.32072,original,nominal,60,1.0,99.72340425531915,0.6,6.808510638297872,0.05098005011106759,34080,50.0,0.15384298944612596,0.010000000000005116,retrodiction,0,0.07321410507264448,1.0,1.0,100/50/50 Hz,1.0,4700,transition,41,13,0.033070866969438756,0.04250819154410551,0.05254845071228326,flight,0.694356805258486
0.5389735502452774,1.0,49.714285714285715,439.32072,original,nominal,25,1.0,100.0,0.6,10.0,0.0408800292643836,34080,50.0,0.07666458069004714,0.010000000000001563,retrodiction,0,0.0567648128963338,1.0,1.0,100/50/50 Hz,1.0,700,transition,41,18,0.024029821089223913,0.03514188524957126,0.0393835903708502,before_outage,0.42062652290504077
0.8518674406856582,1.0,50.0,439.32072,original,nominal,40,1.0,100.0,0.6,0.06666666666666667,0.05585382765883804,34080,50.0,0.08289556578725199,0.010000000000005116,retrodiction,0,0.07897991066468212,1.0,1.0,100/50/50 Hz,1.0,1500,transition,41,25,0.06642830550687347,0.05188873772205451,0.05584063237874359,outage_window,0.7608364460379016
0.3969548362810367,1.0,49.95,439.32072,original,nominal,60,1.0,100.0,0.6,9.95,0.05055889989727445,34080,50.0,0.15384298944612596,0.010000000000005116,retrodiction,0,0.07750898028638961,1.0,1.0,100/50/50 Hz,1.0,2000,transition,41,40,0.033070866969438756,0.03212208934893783,0.058748954596769765,after_return,0.34659197217163645
0.9763666428075982,1.0,49.87234042553192,750.97368,original,nominal,60,1.0,99.68085106382979,0.6,6.808510638297872,0.049834131293314564,77860,49.97872340425532,0.15963309067990955,0.010000000000005116,horizon,0,0.08435101949124586,1.0,1.0,100/50/50 Hz,1.0,4700,transition,41,13,0.0203741469107423,0.05120604916630975,0.0680562550207784,flight,0.864667612055716
0.4817666707154012,1.0,49.714285714285715,750.97368,original,nominal,25,1.0,100.0,0.6,10.0,0.017458696449443332,77860,50.0,0.04548517497003425,0.010000000000001563,horizon,0,0.05089404283858218,1.0,1.0,100/50/50 Hz,1.0,700,transition,41,18,0.012550529966984159,0.04385274569393172,0.04780583138845756,before_outage,0.3188858718963148
1.052312382771408,1.0,50.0,750.97368,original,nominal,40,1.0,100.0,0.6,0.13333333333333333,0.06646698485625169,77860,50.0,0.10655207171236294,0.010000000000005116,horizon,0,0.09842312081763091,1.0,1.0,100/50/50 Hz,1.0,1500,transition,41,25,0.08364679396174503,0.05862045837172362,0.0725896041840757,outage_window,0.935550571926089
0.4116626761002387,1.0,49.9,750.97368,original,nominal,60,1.0,100.0,0.6,9.9,0.048265992510993894,77860,50.0,0.15963309067990955,0.010000000000005116,horizon,0,0.0906783733855558,1.0,1.0,100/50/50 Hz,1.0,2000,transition,41,40,0.0203741469107423,0.04613308409971008,0.07676562620586741,after_return,0.3057713121848474
1.403030200594795,1.0,49.87234042553192,387.20593,original,stress,60,1.0,99.63829787234043,0.6,10.0,0.06301914892218623,34080,50.0,0.17974729419166202,0.010000000000005116,retrodiction,0,0.0819438828788171,1.0,1.0,100/50/50 Hz,1.0,4700,gps,41,13,0.01972712527035343,0.0505731914115242,0.05237735016570244,flight,1.2518455457646955
0.8738521889890505,1.0,49.714285714285715,387.20593,original,stress,25,1.0,100.0,0.6,10.0,0.0420559615269838,34080,50.0,0.07746942434759396,0.010000000000001563,retrodiction,0,0.05807920455756665,1.0,1.0,100/50/50 Hz,1.0,700,gps,41,18,0.03481685390385004,0.04494087258951205,0.04005608695417625,before_outage,0.5883682800996894
1.0058365222752612,1.0,50.0,387.20593,original,stress,40,1.0,100.0,0.6,10.0,0.0704167727333451,34080,50.0,0.15165710987947656,0.010000000000005116,retrodiction,0,0.08886935098353188,1.0,1.0,100/50/50 Hz,1.0,1500,gps,41,25,0.04960551772108583,0.0459355932250315,0.05421475502162308,outage_window,0.8398820322371279
0.6271879118704919,1.0,49.95,387.20593,original,stress,60,1.0,100.0,0.6,10.0,0.05059093771923474,34080,50.0,0.13214662796670282,0.010000000000005116,retrodiction,0,0.07780068842373396,1.0,1.0,100/50/50 Hz,1.0,2000,gps,41,40,0.01972712527035343,0.036303471660609495,0.059105872296206265,after_return,0.5037133260090487
0.8588163892811399,1.0,49.851063829787236,740.43665,original,stress,60,1.0,99.68085106382979,0.6,10.0,0.03076062436558547,77860,49.97872340425532,0.08300844900876223,0.010000000000005116,horizon,0,0.06983125334484944,1.0,1.0,100/50/50 Hz,1.0,4700,gps,41,13,0.020633622324996416,0.04765094479504987,0.06269121096574778,flight,0.7241420839044098
0.48150355675142187,1.0,49.714285714285715,740.43665,original,stress,25,1.0,100.0,0.6,10.0,0.01741381665692053,77860,50.0,0.04540959204600488,0.010000000000001563,horizon,0,0.04863209585878589,1.0,1.0,100/50/50 Hz,1.0,700,gps,41,18,0.012598155919907851,0.043852323309112415,0.04540748547384338,before_outage,0.3189459156566981
0.6498677367289156,1.0,49.93333333333333,740.43665,original,stress,40,1.0,100.0,0.6,10.0,0.043046953352759564,77860,50.0,0.08300844900876223,0.010000000000005116,horizon,0,0.07540515246313782,1.0,1.0,100/50/50 Hz,1.0,1500,gps,41,25,0.023022253024589528,0.04867350290079385,0.061910393513806734,outage_window,0.440854944217322
0.42154278811527557,1.0,49.9,740.43665,original,stress,60,1.0,100.0,0.6,10.0,0.025311869046490677,77860,50.0,0.05787467129575216,0.010000000000005116,horizon,0,0.07795781058392323,1.0,1.0,100/50/50 Hz,1.0,2000,gps,41,40,0.020633622324996416,0.04585725899512033,0.0737341814656687,after_return,0.28390623894224337
26.899178114855214,1.0,49.851063829787236,374.33447,original,stress,60,1.0,99.72340425531915,0.6,0.0,1.8755197835233213,34080,0.0,2.50305066608263,0.010000000000005116,retrodiction,0,1.876335934425367,1.0,1.0,100/50/50 Hz,1.0,4700,denied,41,13,2.2799754138307766,0.9831280508990299,0.05533606806187987,flight,26.88379778179065
26.350588403229434,1.0,49.714285714285715,374.33447,original,stress,25,1.0,100.0,0.6,0.0,1.7891758407620104,34080,0.0,2.4473885755232065,0.010000000000001563,retrodiction,0,1.789640999220172,1.0,1.0,100/50/50 Hz,1.0,700,denied,41,18,1.369400404821899,0.9913285108268679,0.040800942676958996,before_outage,26.334996457873043
27.172137774534548,1.0,50.0,374.33447,original,stress,40,1.0,100.0,0.6,0.0,2.018638708785242,34080,0.0,2.50305066608263,0.010000000000005116,retrodiction,0,2.019400848735849,1.0,1.0,100/50/50 Hz,1.0,1500,denied,41,25,2.401997425149492,0.9984228677114723,0.055475681779632996,outage_window,27.158110650820777
27.003381810238572,1.0,49.9,374.33447,original,stress,60,1.0,100.0,0.6,0.0,1.8963798080017433,34080,0.0,2.5007888387303034,0.010000000000005116,retrodiction,0,1.8974620727368647,1.0,1.0,100/50/50 Hz,1.0,2000,denied,41,40,2.2799754138307766,0.9867049051686837,0.06407761916730131,after_return,26.99135705210423
3.831160298695815,1.0,49.851063829787236,675.852679,original,stress,60,1.0,99.72340425531915,0.6,0.0,1.2083711330724005,77860,50.0,1.4238433578750826,0.010000000000005116,horizon,0,1.2104399411253606,1.0,1.0,100/50/50 Hz,1.0,4700,denied,41,13,1.0600909347690262,0.14464354342813907,0.07073935134625957,flight,3.489356812088943
4.145740745603855,1.0,49.714285714285715,675.852679,original,stress,25,1.0,100.0,0.6,0.0,1.2877938200768995,77860,50.0,1.4152294972805672,0.010000000000001563,horizon,0,1.2888505629118079,1.0,1.0,100/50/50 Hz,1.0,700,denied,41,18,1.1159719641031611,0.1558388085719247,0.05218093990941912,before_outage,3.855288299598138
3.8025587103856857,1.0,50.0,675.852679,original,stress,40,1.0,100.0,0.6,0.0,1.1708574578061108,77860,50.0,1.4074888547510418,0.010000000000005116,horizon,0,1.172645074559248,1.0,1.0,100/50/50 Hz,1.0,1500,denied,41,25,1.2574559420923785,0.137802088814839,0.06472468144282985,outage_window,3.463422233939773
3.491560749290555,1.0,49.9,675.852679,original,stress,60,1.0,100.0,0.6,0.0,1.202338303280363,77860,50.0,1.4006447524748475,0.010000000000005116,horizon,0,1.205382332819811,1.0,1.0,100/50/50 Hz,1.0,2000,denied,41,40,1.0600909347690262,0.1379063840811715,0.08561058777410374,after_return,3.141835484809557
1.5548725306401794,1.0,49.87234042553192,338.451359,original,stress,60,1.0,99.63829787234043,0.6,6.808510638297872,0.07763764686998247,34080,50.0,0.17974729419166202,0.010000000000005116,retrodiction,0,0.09411781353576455,1.0,1.0,100/50/50 Hz,1.0,4700,transition,41,13,0.018195642654497374,0.05920331112830293,0.05320299440111287,flight,1.405396497034668
0.8738521889890505,1.0,49.714285714285715,338.451359,original,stress,25,1.0,100.0,0.6,10.0,0.0420559615269838,34080,50.0,0.07746942434759396,0.010000000000001563,retrodiction,0,0.05807920455756665,1.0,1.0,100/50/50 Hz,1.0,700,transition,41,18,0.03481685390385004,0.04494087258951205,0.04005608695417625,before_outage,0.5883682800996894
1.524327647245131,1.0,50.0,338.451359,original,stress,40,1.0,100.0,0.6,0.06666666666666667,0.09707588247236383,34080,50.0,0.14961191740389732,0.010000000000005116,retrodiction,0,0.112310776143148,1.0,1.0,100/50/50 Hz,1.0,1500,transition,41,25,0.1468336553468255,0.07036073829952191,0.05647993874012349,outage_window,1.3792489962026142
0.6818583484263553,1.0,49.95,338.451359,original,stress,60,1.0,100.0,0.6,9.95,0.06358135113450203,34080,50.0,0.16919975969131315,0.010000000000005116,retrodiction,0,0.08690735426412496,1.0,1.0,100/50/50 Hz,1.0,2000,transition,41,40,0.018195642654497374,0.03760158535810324,0.05924778487927865,after_return,0.5611456520038196
0.9756947733571549,1.0,49.87234042553192,598.8169,original,stress,60,1.0,99.68085106382979,0.6,6.808510638297872,0.04982049617283202,77860,49.97872340425532,0.15965686015445132,0.010000000000005116,horizon,0,0.08210984004957227,1.0,1.0,100/50/50 Hz,1.0,4700,transition,41,13,0.020374123295986216,0.05119672105168631,0.06526824644541304,flight,0.8640545742919888
0.48150355675142187,1.0,49.714285714285715,598.8169,original,stress,25,1.0,100.0,0.6,10.0,0.01741381665692053,77860,50.0,0.04540959204600488,0.010000000000001563,horizon,0,0.04863209585878589,1.0,1.0,100/50/50 Hz,1.0,700,transition,41,18,0.012598155919907851,0.043852323309112415,0.04540748547384338,before_outage,0.3189459156566981
1.0512856667715686,1.0,50.0,598.8169,original,stress,40,1.0,100.0,0.6,0.13333333333333333,0.066429745465327,77860,50.0,0.10650050080823094,0.010000000000005116,horizon,0,0.09632638025190966,1.0,1.0,100/50/50 Hz,1.0,1500,transition,41,25,0.0836127644326407,0.05859603297956351,0.06975571983606334,outage_window,0.9346041208727565
0.41160388649892304,1.0,49.9,598.8169,original,stress,60,1.0,100.0,0.6,9.9,0.04827082185063672,77860,50.0,0.15965686015445132,0.010000000000005116,horizon,0,0.08813061774973809,1.0,1.0,100/50/50 Hz,1.0,2000,transition,41,40,0.020374123295986216,0.04613301221235066,0.07373556497928622,after_return,0.30568612752203644
0.4987657415697911,1.0,24.914893617021278,270.04072,original,zero,60,1.0,24.97872340425532,0.6,10.0,0.038544461987311415,34080,25.0,0.09061350890523386,0.010000000000005116,retrodiction,0,0.06643978681420473,1.0,1.0,25/25/25 Hz,1.0,4700,gps,7,13,0.010245967235378075,0.044436276127225435,0.054116261160816324,flight,0.4052233273037896
0.5203228513632565,1.0,24.714285714285715,270.04072,original,zero,25,1.0,25.0,0.6,10.0,0.03319762594734675,34080,25.0,0.05536878018856047,0.010000000000001563,retrodiction,0,0.05581674924130594,1.0,1.0,25/25/25 Hz,1.0,700,gps,7,18,0.023409045643200566,0.043225344109385104,0.04487122827967692,before_outage,0.44022991066229705
0.3458531325699967,1.0,25.0,270.04072,original,zero,40,1.0,25.0,0.6,10.0,0.028972572618253783,34080,25.0,0.044556219641364934,0.010000000000005116,retrodiction,0,0.060747816402158254,1.0,1.0,25/25/25 Hz,1.0,1500,gps,7,25,0.007993272757994802,0.04366736398155904,0.0533937003167072,outage_window,0.25886765561038144
0.4438454226015789,1.0,25.0,270.04072,original,zero,60,1.0,25.0,0.6,10.0,0.04778534153692406,34080,25.0,0.09061350890523386,0.010000000000005116,retrodiction,0,0.07774507344498427,1.0,1.0,25/25/25 Hz,1.0,2000,gps,7,40,0.010245967235378075,0.044030604157875845,0.06132583125539775,after_return,0.3431012237339862
0.4938577051505594,1.0,24.893617021276597,587.530039,original,zero,60,1.0,24.97872340425532,0.6,10.0,0.04026875144675869,77860,25.0,0.09827740069279385,0.010000000000005116,horizon,0,0.06633851051834397,1.0,1.0,25/25/25 Hz,1.0,4700,gps,7,13,0.02639616021087324,0.047771206901243514,0.05271836145700664,flight,0.39422415392609683
0.5128869001962701,1.0,24.714285714285715,587.530039,original,zero,25,1.0,25.0,0.6,10.0,0.03648744737823707,77860,25.0,0.0631482730324413,0.010000000000001563,horizon,0,0.05373843921478642,1.0,1.0,25/25/25 Hz,1.0,700,gps,7,18,0.027583667512516525,0.046696231803401364,0.039452326079227246,before_outage,0.4379386812282003
0.35253808044890955,1.0,24.933333333333334,587.530039,original,zero,40,1.0,25.0,0.6,10.0,0.030688373548106763,77860,25.0,0.056473928235703325,0.010000000000005116,horizon,0,0.058790474474245166,1.0,1.0,25/25/25 Hz,1.0,1500,gps,7,25,0.016152970118972095,0.04644413884418017,0.0501452252749824,outage_window,0.2576783692514328
0.44658805530259926,1.0,25.0,587.530039,original,zero,60,1.0,25.0,0.6,10.0,0.048811587790593504,77860,25.0,0.09827740069279385,0.010000000000005116,horizon,0,0.07899920496791475,1.0,1.0,25/25/25 Hz,1.0,2000,gps,7,40,0.02639616021087324,0.046543375335965115,0.062115241953354654,after_return,0.342246982273151
0.3082470593484978,1.0,24.893617021276597,252.576269,original,zero,60,1.0,24.97872340425532,0.6,0.0,0.46543708354063595,34080,25.0,0.6295542903054394,0.010000000000005116,retrodiction,0,0.4692682584126287,1.0,1.0,25/25/25 Hz,1.0,4700,denied,7,13,0.5573508559121503,0.051858332774528726,0.059841621124503745,flight,0.2742489117121495
0.25399383320576485,1.0,24.714285714285715,252.576269,original,zero,25,1.0,25.0,0.6,0.0,0.34411146960657973,34080,25.0,0.4343132599390713,0.010000000000001563,retrodiction,0,0.34810581046295364,1.0,1.0,25/25/25 Hz,1.0,700,denied,7,18,0.4337857098790406,0.053849788252944626,0.05258280862857874,before_outage,0.22500937254715456
0.22482466581392538,1.0,24.933333333333334,252.576269,original,zero,40,1.0,25.0,0.6,0.0,0.438986277066844,34080,25.0,0.492733730679779,0.010000000000005116,retrodiction,0,0.4428456802230134,1.0,1.0,25/25/25 Hz,1.0,1500,denied,7,25,0.49230935710786294,0.05363985217540016,0.058338195371261364,outage_window,0.19057936676031764
0.389586778494337,1.0,25.0,252.576269,original,zero,60,1.0,25.0,0.6,0.0,0.5511365361687648,34080,25.0,0.6295542903054394,0.010000000000005116,retrodiction,0,0.5551963816927746,1.0,1.0,25/25/25 Hz,1.0,2000,denied,7,40,0.5573508559121503,0.048504688844230745,0.06701895809877186,after_return,0.3534175041566098
0.32265227036085875,1.0,24.893617021276597,572.181739,original,zero,60,1.0,24.97872340425532,0.6,0.0,0.4548232718708108,77860,25.0,0.6291271755472627,0.010000000000005116,horizon,0,0.4592907765946138,1.0,1.0,25/25/25 Hz,1.0,4700,denied,7,13,0.5188874647701802,0.055398050123502456,0.0639046855059469,flight,0.2869963501100382
0.2633706353554378,1.0,24.714285714285715,572.181739,original,zero,25,1.0,25.0,0.6,0.0,0.3287566039385313,77860,25.0,0.4148234991343411,0.010000000000001563,horizon,0,0.3328640466883805,1.0,1.0,25/25/25 Hz,1.0,700,denied,7,18,0.40964686503175984,0.05728783654485414,0.052130307351559074,before_outage,0.2299138653484064
0.23919707726191594,1.0,24.933333333333334,572.181739,original,zero,40,1.0,25.0,0.6,0.0,0.4322218128170012,77860,25.0,0.4810489355457064,0.010000000000005116,horizon,0,0.4364056372480983,1.0,1.0,25/25/25 Hz,1.0,1500,denied,7,25,0.47980561919465453,0.05636874496106891,0.060284199813084284,outage_window,0.20284679215760318
0.40512779539509824,1.0,25.0,572.181739,original,zero,60,1.0,25.0,0.6,0.0,0.5390229862331102,77860,25.0,0.6291271755472627,0.010000000000005116,horizon,0,0.5440267256878165,1.0,1.0,25/25/25 Hz,1.0,2000,denied,7,40,0.5188874647701802,0.05157345210052302,0.07361588534376942,after_return,0.36861997020548687
0.5042593104125718,1.0,24.893617021276597,253.23547,original,zero,60,1.0,24.97872340425532,0.6,6.808510638297872,0.04826252182414393,34080,25.0,0.1224321139379927,0.010000000000005116,retrodiction,0,0.07372864128561887,1.0,1.0,25/25/25 Hz,1.0,4700,transition,7,13,0.009664216615475901,0.04778874360146953,0.055737254444379436,flight,0.4079564155083235
0.5203228513632565,1.0,24.714285714285715,253.23547,original,zero,25,1.0,25.0,0.6,10.0,0.03319762594734675,34080,25.0,0.05536878018856047,0.010000000000001563,retrodiction,0,0.05581674924130594,1.0,1.0,25/25/25 Hz,1.0,700,transition,7,18,0.023409045643200566,0.043225344109385104,0.04487122827967692,before_outage,0.44022991066229705
0.35240644550192607,1.0,24.933333333333334,253.23547,original,zero,40,1.0,25.0,0.6,0.0,0.0400596742425623,34080,25.0,0.0689197375975478,0.010000000000005116,retrodiction,0,0.07096545974113681,1.0,1.0,25/25/25 Hz,1.0,1500,transition,7,25,0.048180671021521904,0.05338377597629563,0.05857746132985536,outage_window,0.2623640315064297
0.45444005532236026,1.0,25.0,253.23547,original,zero,60,1.0,25.0,0.6,10.0,0.060760699069972855,34080,25.0,0.1224321139379927,0.010000000000005116,retrodiction,0,0.0862314622377808,1.0,1.0,25/25/25 Hz,1.0,2000,transition,7,40,0.009664216615475901,0.044249618052054004,0.061188254822261576,after_return,0.348675335249093
0.5010787499331593,1.0,24.893617021276597,627.217979,original,zero,60,1.0,24.97872340425532,0.6,6.808510638297872,0.04955808731380113,77860,25.0,0.12478605067533727,0.010000000000005116,horizon,0,0.0749312440039773,1.0,1.0,25/25/25 Hz,1.0,4700,transition,7,13,0.02580119896740258,0.05123301489151984,0.056202200221888536,flight,0.39878454585318357
0.5128869001962701,1.0,24.714285714285715,627.217979,original,zero,25,1.0,25.0,0.6,10.0,0.03648744737823707,77860,25.0,0.0631482730324413,0.010000000000001563,horizon,0,0.05373843921478642,1.0,1.0,25/25/25 Hz,1.0,700,transition,7,18,0.027583667512516525,0.046696231803401364,0.039452326079227246,before_outage,0.4379386812282003
0.36941745784801594,1.0,24.933333333333334,627.217979,original,zero,40,1.0,25.0,0.6,0.13333333333333333,0.04022427331146417,77860,25.0,0.07503460428657487,0.010000000000005116,horizon,0,0.07308060070812708,1.0,1.0,25/25/25 Hz,1.0,1500,transition,7,25,0.04851803716010118,0.056476100372898144,0.0610146051075096,outage_window,0.26849685049114574
0.4551755713810249,1.0,25.0,627.217979,original,zero,60,1.0,25.0,0.6,9.9,0.061938062771360027,77860,25.0,0.12478605067533727,0.010000000000005116,horizon,0,0.08763665343505786,1.0,1.0,25/25/25 Hz,1.0,2000,transition,7,40,0.02580119896740258,0.04687580241097312,0.0619988661624348,after_return,0.3483709171672606
0.39257758566305806,1.0,24.914893617021278,310.245539,original,nominal,60,1.0,24.97872340425532,0.6,10.0,0.0458306880887516,34080,25.0,0.1264340680432664,0.010000000000005116,retrodiction,0,0.07143997344595038,1.0,1.0,25/25/25 Hz,1.0,4700,gps,7,13,0.038577180297407816,0.03827473610450979,0.05480162256055615,flight,0.3548266196799856
0.349456592207318,1.0,24.857142857142858,310.245539,original,nominal,25,1.0,25.0,0.6,10.0,0.032425286039307,34080,25.0,0.07524971791799565,0.010000000000001563,retrodiction,0,0.05608614359842333,1.0,1.0,25/25/25 Hz,1.0,700,gps,7,18,0.04438544930308027,0.036788804812394854,0.045763045451675144,before_outage,0.33133046035961916
0.2987276946171004,1.0,24.933333333333334,310.245539,original,nominal,40,1.0,25.0,0.6,10.0,0.030346458664178223,34080,25.0,0.0589892818459032,0.010000000000005116,retrodiction,0,0.06250950076854292,1.0,1.0,25/25/25 Hz,1.0,1500,gps,7,25,0.004360675347929705,0.03749722913734562,0.05464915491456193,outage_window,0.25492005664255146
0.41884615405827463,1.0,25.0,310.245539,original,nominal,60,1.0,25.0,0.6,10.0,0.06102004845005042,34080,25.0,0.1264340680432664,0.010000000000005116,retrodiction,0,0.0866302578557588,1.0,1.0,25/25/25 Hz,1.0,2000,gps,7,40,0.038577180297407816,0.03742361901165858,0.0614927252877018,after_return,0.3877518053630509
0.49458469505915476,1.0,24.893617021276597,547.508569,original,nominal,60,1.0,24.97872340425532,0.6,10.0,0.04026580371181844,77860,25.0,0.09826804467974092,0.010000000000005116,horizon,0,0.06719476455694522,1.0,1.0,25/25/25 Hz,1.0,4700,gps,7,13,0.0264083969942569,0.047770452147583305,0.053794065056515385,flight,0.3940417861532577
0.5138102000709952,1.0,24.714285714285715,547.508569,original,nominal,25,1.0,25.0,0.6,10.0,0.03649365921348643,77860,25.0,0.06315252440684128,0.010000000000001563,horizon,0,0.05453645765004923,1.0,1.0,25/25/25 Hz,1.0,700,gps,7,18,0.02758292241613214,0.0466978700019294,0.04052700396310504,before_outage,0.43805929925825043
0.35383727025107864,1.0,24.933333333333334,547.508569,original,nominal,40,1.0,25.0,0.6,10.0,0.030680437710021186,77860,25.0,0.05646227425165855,0.010000000000005116,horizon,0,0.059659894531233916,1.0,1.0,25/25/25 Hz,1.0,1500,gps,7,25,0.01615144815720793,0.04644444497853184,0.05116652965952904,outage_window,0.25779879664425903
0.44741640293699303,1.0,25.0,547.508569,original,nominal,60,1.0,25.0,0.6,10.0,0.04880434204708804,77860,25.0,0.09826804467974092,0.010000000000005116,horizon,0,0.0799168094598313,1.0,1.0,25/25/25 Hz,1.0,2000,gps,7,40,0.0264083969942569,0.04654206850984431,0.06328374697811291,after_return,0.3421253854714596
1.006316572139716,1.0,24.893617021276597,258.17135,original,nominal,60,1.0,24.97872340425532,0.6,0.0,0.3764848946855313,34080,25.0,0.47852217565171,0.010000000000005116,retrodiction,0,0.38117291798757963,1.0,1.0,25/25/25 Hz,1.0,4700,denied,7,13,0.42914508823665426,0.06262364821950019,0.059597965408145576,flight,0.921963288215257
0.9249638104498751,1.0,24.714285714285715,258.17135,original,nominal,25,1.0,25.0,0.6,0.0,0.39261622201976715,34080,25.0,0.4438124800339136,0.010000000000001563,retrodiction,0,0.39607315929492104,1.0,1.0,25/25/25 Hz,1.0,700,denied,7,18,0.32251577045412705,0.06418396289001968,0.05221541650494399,before_outage,0.8541267020242301
0.9565239242533915,1.0,24.933333333333334,258.17135,original,nominal,40,1.0,25.0,0.6,0.0,0.38464989446439307,34080,25.0,0.47852217565171,0.010000000000005116,retrodiction,0,0.3889697433688921,1.0,1.0,25/25/25 Hz,1.0,1500,denied,7,25,0.41447866323754723,0.06346119022288427,0.05780934132986692,outage_window,0.8658641357364051
1.1013432417546583,1.0,25.0,258.17135,original,nominal,60,1.0,25.0,0.6,0.0,0.3841451956912051,34080,25.0,0.4727747107653171,0.010000000000005116,retrodiction,0,0.38995222629849163,1.0,1.0,25/25/25 Hz,1.0,2000,denied,7,40,0.42914508823665426,0.06052244172684465,0.0670463080453787,after_return,1.0151295276247019
0.31575395648600607,1.0,24.893617021276597,489.261569,original,nominal,60,1.0,24.97872340425532,0.6,0.0,0.4254122891644448,77860,25.0,0.5974485740043121,0.010000000000005116,horizon,0,0.4303001096848442,1.0,1.0,25/25/25 Hz,1.0,4700,denied,7,13,0.48716645739792525,0.05521495404993007,0.0646727811575766,flight,0.2805757565107529
0.2538240839803133,1.0,24.714285714285715,489.261569,original,nominal,25,1.0,25.0,0.6,0.0,0.2983031216120223,77860,25.0,0.38490416109941006,0.010000000000001563,horizon,0,0.30293465178181767,1.0,1.0,25/25/25 Hz,1.0,700,denied,7,18,0.37993743051351175,0.05716226464629827,0.05276979142174195,before_outage,0.22133898592956075
0.23376326931165783,1.0,24.933333333333334,489.261569,original,nominal,40,1.0,25.0,0.6,0.0,0.4031441701383807,77860,25.0,0.4519084282902157,0.010000000000005116,horizon,0,0.4077230685890096,1.0,1.0,25/25/25 Hz,1.0,1500,denied,7,25,0.45031195957393033,0.056253057802231866,0.06093339595882184,outage_window,0.1979167337534371
0.39713686840273893,1.0,25.0,489.261569,original,nominal,60,1.0,25.0,0.6,0.0,0.5081168936940329,77860,25.0,0.5974485740043121,0.010000000000005116,horizon,0,0.5135565358206743,1.0,1.0,25/25/25 Hz,1.0,2000,denied,7,40,0.48716645739792525,0.05131263780303607,0.0745488955441897,after_return,0.360919008205845
0.4070443239232447,1.0,24.914893617021278,319.36906,original,nominal,60,1.0,24.97872340425532,0.6,6.808510638297872,0.049255062541482084,34080,25.0,0.15415265799998376,0.010000000000005116,retrodiction,0,0.07455104483914783,1.0,1.0,25/25/25 Hz,1.0,4700,transition,7,13,0.03963721704754509,0.04452476509830366,0.055962461531309696,flight,0.36962701451660795
0.349456592207318,1.0,24.857142857142858,319.36906,original,nominal,25,1.0,25.0,0.6,10.0,0.032425286039307,34080,25.0,0.07524971791799565,0.010000000000001563,retrodiction,0,0.05608614359842333,1.0,1.0,25/25/25 Hz,1.0,700,transition,7,18,0.04438544930308027,0.036788804812394854,0.045763045451675144,before_outage,0.33133046035961916
0.3087839899260698,1.0,24.933333333333334,319.36906,original,nominal,40,1.0,25.0,0.6,0.06666666666666667,0.025125981224049163,34080,25.0,0.04643443180400451,0.010000000000005116,retrodiction,0,0.06352070770610102,1.0,1.0,25/25/25 Hz,1.0,1500,transition,7,25,0.014789035141753521,0.05459273875855884,0.05834008377618814,outage_window,0.2647505030071753
0.44501092924064356,1.0,25.0,319.36906,original,nominal,60,1.0,25.0,0.6,9.95,0.06859899732857769,34080,25.0,0.15415265799998376,0.010000000000005116,retrodiction,0,0.09206824935785639,1.0,1.0,25/25/25 Hz,1.0,2000,transition,7,40,0.03963721704754509,0.03789336190269058,0.06140635232070227,after_return,0.4143877254247173
0.5016302206909597,1.0,24.893617021276597,531.9164,original,nominal,60,1.0,24.97872340425532,0.6,6.808510638297872,0.04954427231921588,77860,25.0,0.12479301395270362,0.010000000000005116,horizon,0,0.07570215493631426,1.0,1.0,25/25/25 Hz,1.0,4700,transition,7,13,0.02581337704789199,0.051226948323361034,0.0572379362168231,flight,0.39837500395155157
0.5138102000709952,1.0,24.714285714285715,531.9164,original,nominal,25,1.0,25.0,0.6,10.0,0.03649365921348643,77860,25.0,0.06315252440684128,0.010000000000001563,horizon,0,0.05453645765004923,1.0,1.0,25/25/25 Hz,1.0,700,transition,7,18,0.02758292241613214,0.0466978700019294,0.04052700396310504,before_outage,0.43805929925825043
0.3699065174530978,1.0,24.933333333333334,531.9164,original,nominal,40,1.0,25.0,0.6,0.13333333333333333,0.040175102500986416,77860,25.0,0.07497586785393548,0.010000000000005116,horizon,0,0.07382199197537234,1.0,1.0,25/25/25 Hz,1.0,1500,transition,7,25,0.048414954260936865,0.05646096412254021,0.061932605614871176,outage_window,0.26751543438886627
0.45601890299758835,1.0,25.0,531.9164,original,nominal,60,1.0,25.0,0.6,9.9,0.06193187008743555,77860,25.0,0.12479301395270362,0.010000000000005116,horizon,0,0.08846330615042489,1.0,1.0,25/25/25 Hz,1.0,2000,transition,7,40,0.02581337704789199,0.04687463451474891,0.06316802990862394,after_return,0.3482682765998193
0.4842445572954619,1.0,24.914893617021278,296.551169,original,stress,60,1.0,24.97872340425532,0.6,10.0,0.052088913702695805,34080,25.0,0.14239570275050478,0.010000000000005116,retrodiction,0,0.07595845641391344,1.0,1.0,25/25/25 Hz,1.0,4700,gps,7,13,0.04678372054216549,0.04301498048573785,0.055285008547141405,flight,0.43650990896367253
0.4666320812433628,1.0,24.857142857142858,296.551169,original,stress,25,1.0,25.142857142857142,0.6,10.0,0.04094024550546549,34080,25.0,0.09007071373174888,0.010000000000001563,retrodiction,0,0.061224549450958135,1.0,1.0,25/25/25 Hz,1.0,700,gps,7,18,0.06329114653488674,0.043729303598128,0.04552298049804111,before_outage,0.4410458269467538
0.3280847849202881,1.0,24.933333333333334,296.551169,original,stress,40,1.0,24.933333333333334,0.6,10.0,0.03357623657321015,34080,25.0,0.06529561322948471,0.010000000000005116,retrodiction,0,0.06448936484795263,1.0,1.0,25/25/25 Hz,1.0,1500,gps,7,25,0.009031366841286591,0.04130524560255437,0.0550591910226819,outage_window,0.28896145565690395
0.5508109198227905,1.0,25.0,296.551169,original,stress,60,1.0,25.0,0.6,10.0,0.06788814959438032,34080,25.0,0.14239570275050478,0.010000000000005116,retrodiction,0,0.09182693736190009,1.0,1.0,25/25/25 Hz,1.0,2000,gps,7,40,0.04678372054216549,0.04053877914098207,0.06183353111312149,after_return,0.5011958027087937
0.49305439240762616,1.0,24.914893617021278,574.4886,original,stress,60,1.0,24.97872340425532,0.6,10.0,0.04027312742120353,77860,25.0,0.0982890618178398,0.010000000000005116,horizon,0,0.069761091200951,1.0,1.0,25/25/25 Hz,1.0,4700,gps,7,13,0.02638396811701918,0.04777060919997233,0.056962137014537194,flight,0.3942001592744445
0.5123619197683209,1.0,24.714285714285715,574.4886,original,stress,25,1.0,25.0,0.6,10.0,0.036482483107707527,77860,25.0,0.06313800476031474,0.010000000000001563,horizon,0,0.0570837913259033,1.0,1.0,25/25/25 Hz,1.0,700,gps,7,18,0.02758126609254679,0.04669568827927512,0.043904301138215474,before_outage,0.43785541391286725
0.35119692910563255,1.0,25.0,574.4886,original,stress,40,1.0,25.0,0.6,10.0,0.030692813060681723,77860,25.0,0.05648327818052671,0.010000000000005116,horizon,0,0.06191087156623424,1.0,1.0,25/25/25 Hz,1.0,1500,gps,7,25,0.016155805909129236,0.04644153981815839,0.05376715767559967,outage_window,0.2575869221472768
0.4457331032972877,1.0,25.0,574.4886,original,stress,60,1.0,25.0,0.6,10.0,0.04881933892194001,77860,25.0,0.0982890618178398,0.010000000000005116,horizon,0,0.08280470764725574,1.0,1.0,25/25/25 Hz,1.0,2000,gps,7,40,0.02638396811701918,0.04654441927009592,0.06688267156575198,after_return,0.342346644669491
0.4270153385674569,1.0,24.893617021276597,272.91183,original,stress,60,1.0,24.97872340425532,0.6,0.0,0.37810567282610363,34080,25.0,0.5626723980585047,0.010000000000005116,retrodiction,0,0.38293534082055664,1.0,1.0,25/25/25 Hz,1.0,4700,denied,7,13,0.48642573216954593,0.05646132210505025,0.060626524113422425,flight,0.37127124306004083
0.40341183726608953,1.0,24.714285714285715,272.91183,original,stress,25,1.0,25.142857142857142,0.6,0.0,0.2159788203501627,34080,25.0,0.25883008933316876,0.010000000000001563,retrodiction,0,0.22248931115971943,1.0,1.0,25/25/25 Hz,1.0,700,denied,7,18,0.25688129959623524,0.05887852295309073,0.05342885681425902,before_outage,0.3463997725758039
0.3879483923111199,1.0,24.933333333333334,272.91183,original,stress,40,1.0,24.933333333333334,0.6,0.0,0.34349476800801776,34080,25.0,0.4148594667882997,0.010000000000005116,retrodiction,0,0.3485339447268086,1.0,1.0,25/25/25 Hz,1.0,1500,denied,7,25,0.4125800824005152,0.05935565421724077,0.05905298449653633,outage_window,0.3204214334452368
0.47244670255793025,1.0,25.0,272.91183,original,stress,60,1.0,25.0,0.6,0.0,0.47374909076564387,34080,25.0,0.5626723980585047,0.010000000000005116,retrodiction,0,0.4785321363904289,1.0,1.0,25/25/25 Hz,1.0,2000,denied,7,40,0.48642573216954593,0.05220468202593037,0.06748929216634147,after_return,0.42483986970923865
0.3176909741057352,1.0,24.893617021276597,490.771999,original,stress,60,1.0,24.97872340425532,0.6,0.0,0.45405177745719294,77860,25.0,0.6302390886162079,0.010000000000005116,horizon,0,0.4591433556560922,1.0,1.0,25/25/25 Hz,1.0,4700,denied,7,13,0.5213619755347918,0.05533232763034862,0.06818800797134712,flight,0.28252186529932527
0.25878273471798874,1.0,24.714285714285715,490.771999,original,stress,25,1.0,25.0,0.6,0.0,0.32848344158980575,77860,25.0,0.4135673291457643,0.010000000000001563,horizon,0,0.33326072577904464,1.0,1.0,25/25/25 Hz,1.0,700,denied,7,18,0.4080463868303225,0.057238874387351084,0.05622579433046951,before_outage,0.22686407652024454
0.23543106742111758,1.0,24.933333333333334,490.771999,original,stress,40,1.0,25.0,0.6,0.0,0.4290087284937116,77860,25.0,0.475656794531176,0.010000000000005116,horizon,0,0.43375627780110926,1.0,1.0,25/25/25 Hz,1.0,1500,denied,7,25,0.4750856468504541,0.05630774672183506,0.06400015162546066,outage_window,0.19977657809811544
0.39902247729969104,1.0,25.0,490.771999,original,stress,60,1.0,25.0,0.6,0.0,0.539750705409436,77860,25.0,0.6302390886162079,0.010000000000005116,horizon,0,0.5454258721769129,1.0,1.0,25/25/25 Hz,1.0,2000,denied,7,40,0.5213619755347918,0.05149222479854307,0.07847648087141973,after_return,0.36254268656972355
0.48758376978811485,1.0,24.914893617021278,278.18518,original,stress,60,1.0,24.97872340425532,0.6,6.808510638297872,0.05542606194886623,34080,25.0,0.1641722635101458,0.010000000000005116,retrodiction,0,0.07921116570329281,1.0,1.0,25/25/25 Hz,1.0,4700,transition,7,13,0.05033945366244389,0.0492523979476247,0.056589402090099473,flight,0.44450526823049485
0.4666320812433628,1.0,24.857142857142858,278.18518,original,stress,25,1.0,25.142857142857142,0.6,10.0,0.04094024550546549,34080,25.0,0.09007071373174888,0.010000000000001563,retrodiction,0,0.061224549450958135,1.0,1.0,25/25/25 Hz,1.0,700,transition,7,18,0.06329114653488674,0.043729303598128,0.04552298049804111,before_outage,0.4410458269467538
0.3350703852511175,1.0,24.933333333333334,278.18518,original,stress,40,1.0,24.933333333333334,0.6,0.06666666666666667,0.031449558461689446,34080,25.0,0.06685868933263121,0.010000000000005116,retrodiction,0,0.06693747919766356,1.0,1.0,25/25/25 Hz,1.0,1500,transition,7,25,0.01810999959404159,0.05882707522009533,0.05908935093485476,outage_window,0.30361773797745584
0.5545668117518622,1.0,25.0,278.18518,original,stress,60,1.0,25.0,0.6,9.95,0.07453644796879201,34080,25.0,0.1641722635101458,0.010000000000005116,retrodiction,0,0.09683476336349535,1.0,1.0,25/25/25 Hz,1.0,2000,transition,7,40,0.05033945366244389,0.04098738080971128,0.06181657803421103,after_return,0.5111134452421664
0.5005649143484511,1.0,24.893617021276597,512.26016,original,stress,60,1.0,24.97872340425532,0.6,6.808510638297872,0.049565487819025006,77860,25.0,0.12481383538144604,0.010000000000005116,horizon,0,0.07819201631724501,1.0,1.0,25/25/25 Hz,1.0,4700,transition,7,13,0.025793162092503125,0.05122077885857197,0.06047523322004137,flight,0.3987428263197375
0.5123619197683209,1.0,24.714285714285715,512.26016,original,stress,25,1.0,25.0,0.6,10.0,0.036482483107707527,77860,25.0,0.06313800476031474,0.010000000000001563,horizon,0,0.0570837913259033,1.0,1.0,25/25/25 Hz,1.0,700,transition,7,18,0.02758126609254679,0.04669568827927512,0.043904301138215474,before_outage,0.43785541391286725
0.3686924494425941,1.0,24.933333333333334,512.26016,original,stress,40,1.0,25.0,0.6,0.13333333333333333,0.0402420129183416,77860,25.0,0.07507861417801678,0.010000000000005116,horizon,0,0.07630973386575819,1.0,1.0,25/25/25 Hz,1.0,1500,transition,7,25,0.048534001128416986,0.05644169246689691,0.06483637774384739,outage_window,0.26843143484643234
0.45471857120407994,1.0,25.0,512.26016,original,stress,60,1.0,25.0,0.6,9.9,0.061944408849663526,77860,25.0,0.12481383538144604,0.010000000000005116,horizon,0,0.09107854687087051,1.0,1.0,25/25/25 Hz,1.0,2000,transition,7,40,0.025793162092503125,0.04687599695611964,0.06676969306785141,after_return,0.34840751151542687
0.48543697246891326,1.0,24.97872340425532,258.93464,original,zero,60,1.0,25.0,0.6,10.0,0.043761417566501044,34080,25.0,0.08705489862105545,0.010000000000005116,retrodiction,0,0.07467144779839144,1.0,1.0,25/25/25 Hz,1.0,4700,gps,19,13,0.06497889183257628,0.04713907279894695,0.06050424323035724,flight,0.3916083597239462
0.4454499383110391,1.0,24.857142857142858,258.93464,original,zero,25,1.0,25.0,0.6,10.0,0.029739245310034284,34080,25.0,0.056656511682314364,0.010000000000001563,retrodiction,0,0.055216999135119224,1.0,1.0,25/25/25 Hz,1.0,700,gps,19,18,0.04591720656453141,0.04731264533646042,0.046524125804547484,before_outage,0.303049509518691
0.4331917967411392,1.0,25.0,258.93464,original,zero,40,1.0,25.0,0.6,10.0,0.044967254259117746,34080,25.0,0.06723754527363318,0.010000000000005116,retrodiction,0,0.0741328173791686,1.0,1.0,25/25/25 Hz,1.0,1500,gps,19,25,0.03454483657183216,0.04549312738995679,0.05893743001666275,outage_window,0.36400764643029143
0.3912846909821425,1.0,25.0,258.93464,original,zero,60,1.0,25.0,0.6,10.0,0.05007467688655534,34080,25.0,0.08705489862105545,0.010000000000005116,retrodiction,0,0.08548088816349998,1.0,1.0,25/25/25 Hz,1.0,2000,gps,19,40,0.06497889183257628,0.0480057788479702,0.0692784885511215,after_return,0.33556032383147527
0.47319524106058874,1.0,24.97872340425532,589.046109,original,zero,60,1.0,25.0,0.6,10.0,0.04570339299324637,77860,25.0,0.10204980838501188,0.010000000000005116,horizon,0,0.0803936359583359,1.0,1.0,25/25/25 Hz,1.0,4700,gps,19,13,0.07998447580454228,0.050937325858798864,0.06613876753845899,flight,0.38033571540909533
0.42193440937807825,1.0,24.857142857142858,589.046109,original,zero,25,1.0,25.0,0.6,10.0,0.03110299737008396,77860,25.0,0.06434955825880909,0.010000000000001563,horizon,0,0.05887786871134576,1.0,1.0,25/25/25 Hz,1.0,700,gps,19,18,0.03708934810295181,0.050769282648761085,0.049992069156887455,before_outage,0.29542816922864557
0.43370037726915844,1.0,25.0,589.046109,original,zero,40,1.0,25.0,0.6,10.0,0.04718579097598985,77860,25.0,0.08002477779693197,0.010000000000005116,horizon,0,0.07824374146313176,1.0,1.0,25/25/25 Hz,1.0,1500,gps,19,25,0.041602212334634875,0.04944173351247147,0.06241461534063636,outage_window,0.36607453720060756
0.37653704026929624,1.0,25.0,589.046109,original,zero,60,1.0,25.0,0.6,10.0,0.051828195343397235,77860,25.0,0.10204980838501188,0.010000000000005116,horizon,0,0.09349123370932584,1.0,1.0,25/25/25 Hz,1.0,2000,gps,19,40,0.07998447580454228,0.05126736977998564,0.07781033959531625,after_return,0.3294222452468015
0.40544166037476753,1.0,25.0,289.85529,original,zero,60,1.0,25.0,0.6,0.0,0.5008348716249766,34080,25.0,0.5788188855003301,0.010000000000005116,retrodiction,0,0.504994384563469,1.0,1.0,25/25/25 Hz,1.0,4700,denied,19,13,0.5748343034469545,0.05479306159841326,0.06468198980419539,flight,0.3087623951650378
0.36521299164084187,1.0,25.0,289.85529,original,zero,25,1.0,25.0,0.6,0.0,0.511917088564347,34080,25.0,0.5510759061547772,0.010000000000001563,retrodiction,0,0.5138732458746332,1.0,1.0,25/25/25 Hz,1.0,700,denied,19,18,0.48525509381447407,0.05254541927603747,0.04479517006925778,before_outage,0.2690783559928121
0.49949587649560395,1.0,25.0,289.85529,original,zero,40,1.0,25.0,0.6,0.0,0.4826450070049242,34080,25.0,0.546414596214064,0.010000000000005116,retrodiction,0,0.4867750579016824,1.0,1.0,25/25/25 Hz,1.0,1500,denied,19,25,0.5395562331032155,0.056291960735390605,0.06327522586607605,outage_window,0.41857964901584915
0.32411210769895893,1.0,25.0,289.85529,original,zero,60,1.0,25.0,0.6,0.0,0.5270162028859565,34080,25.0,0.5788188855003301,0.010000000000005116,retrodiction,0,0.5321963784978714,1.0,1.0,25/25/25 Hz,1.0,2000,denied,19,40,0.5748343034469545,0.0495008840071059,0.0740736605138279,after_return,0.20143253159679148
0.42006706550958944,1.0,25.0,511.13618,original,zero,60,1.0,25.0,0.6,0.0,0.4539833237040913,77860,25.0,0.5404461650793896,0.010000000000005116,horizon,0,0.46001481151433216,1.0,1.0,25/25/25 Hz,1.0,4700,denied,19,13,0.5107528506865023,0.05823670776703502,0.07424802092414881,flight,0.3481773236191368
0.37114526796043684,1.0,25.0,511.13618,original,zero,25,1.0,25.0,0.6,0.0,0.46699960540679925,77860,25.0,0.5096760273082671,0.010000000000001563,horizon,0,0.4696671800575085,1.0,1.0,25/25/25 Hz,1.0,700,denied,19,18,0.447883792487074,0.05770140356223111,0.049986283849331035,before_outage,0.30098250933537474
0.5275347233349784,1.0,25.0,511.13618,original,zero,40,1.0,25.0,0.6,0.0,0.4349108442551559,77860,25.0,0.5170263943376886,0.010000000000005116,horizon,0,0.4406192234925876,1.0,1.0,25/25/25 Hz,1.0,1500,denied,19,25,0.4973837529549961,0.05959692749649854,0.07069552786759842,outage_window,0.46820589489523
0.32695623326298784,1.0,25.0,511.13618,original,zero,60,1.0,25.0,0.6,0.0,0.4803902839494923,77860,25.0,0.5404461650793896,0.010000000000005116,horizon,0,0.4881619425404742,1.0,1.0,25/25/25 Hz,1.0,2000,denied,19,40,0.5107528506865023,0.052265584833740865,0.08675976735685362,after_return,0.233839505662105
0.5063040877064577,1.0,24.97872340425532,305.34458,original,zero,60,1.0,25.0,0.6,6.808510638297872,0.050326240958340755,34080,25.0,0.14460224709109612,0.010000000000005116,retrodiction,0,0.07980284776532187,1.0,1.0,25/25/25 Hz,1.0,4700,transition,19,13,0.06502481530154136,0.050252733833817384,0.061933544888518724,flight,0.4064779046904002
0.4454499383110391,1.0,24.857142857142858,305.34458,original,zero,25,1.0,25.0,0.6,10.0,0.029739245310034284,34080,25.0,0.056656511682314364,0.010000000000001563,retrodiction,0,0.055216999135119224,1.0,1.0,25/25/25 Hz,1.0,700,transition,19,18,0.04591720656453141,0.04731264533646042,0.046524125804547484,before_outage,0.303049509518691
0.4557142326223528,1.0,25.0,305.34458,original,zero,40,1.0,25.0,0.6,0.0,0.06175309946423516,34080,25.0,0.09966224800303468,0.010000000000005116,retrodiction,0,0.08864368595934276,1.0,1.0,25/25/25 Hz,1.0,1500,transition,19,25,0.059639411408152855,0.05472604997663146,0.06359447906083403,outage_window,0.39710054252634125
0.4321124666471168,1.0,25.0,305.34458,original,zero,60,1.0,25.0,0.6,10.0,0.051141485963935494,34080,25.0,0.14460224709109612,0.010000000000005116,retrodiction,0,0.08601298729786534,1.0,1.0,25/25/25 Hz,1.0,2000,transition,19,40,0.06502481530154136,0.048199520698983644,0.06915766333027262,after_return,0.3487092590092955
0.47864572781735615,1.0,24.97872340425532,526.53222,original,zero,60,1.0,25.0,0.6,6.808510638297872,0.050650708274504186,77860,25.0,0.15693965652894243,0.010000000000005116,horizon,0,0.08561627622531645,1.0,1.0,25/25/25 Hz,1.0,4700,transition,19,13,0.08000486934115539,0.05341233604984173,0.06902646236032062,flight,0.3771558053672891
0.42193440937807825,1.0,24.857142857142858,526.53222,original,zero,25,1.0,25.0,0.6,10.0,0.03110299737008396,77860,25.0,0.06434955825880909,0.010000000000001563,horizon,0,0.05887786871134576,1.0,1.0,25/25/25 Hz,1.0,700,transition,19,18,0.03708934810295181,0.050769282648761085,0.049992069156887455,before_outage,0.29542816922864557
0.39946928171965596,1.0,25.0,526.53222,original,zero,40,1.0,25.0,0.6,0.13333333333333333,0.05980949744957394,77860,25.0,0.10761852762256663,0.010000000000005116,horizon,0,0.0935173264157631,1.0,1.0,25/25/25 Hz,1.0,1500,transition,19,25,0.059647643674359464,0.05683026852728296,0.07189098938519202,outage_window,0.34026075603237704
0.41876266231403436,1.0,25.0,526.53222,original,zero,60,1.0,25.0,0.6,9.9,0.05285248501811618,77860,25.0,0.15693965652894243,0.010000000000005116,horizon,0,0.093864417947095,1.0,1.0,25/25/25 Hz,1.0,2000,transition,19,40,0.08000486934115539,0.051442916112669934,0.07757025063744952,after_return,0.3413697851039321
0.43445165622781096,1.0,24.97872340425532,287.17378,original,nominal,60,1.0,24.97872340425532,0.6,10.0,0.0439602263833547,34080,25.0,0.10308835827177461,0.010000000000005116,retrodiction,0,0.07543335121774464,1.0,1.0,25/25/25 Hz,1.0,4700,gps,19,13,0.0437083258784814,0.04188940864960689,0.06129999161715946,flight,0.3809706408484784
0.47502953458550456,1.0,24.857142857142858,287.17378,original,nominal,25,1.0,25.0,0.6,10.0,0.04448154106528638,34080,25.0,0.07041986466025735,0.010000000000001563,retrodiction,0,0.06482121483475936,1.0,1.0,25/25/25 Hz,1.0,700,gps,19,18,0.03830152552709602,0.0451581257562155,0.04715063517187515,before_outage,0.4377006864161575
0.31214400252127655,1.0,25.0,287.17378,original,nominal,40,1.0,25.0,0.6,10.0,0.03479635372902559,34080,25.0,0.06502721618521383,0.010000000000005116,retrodiction,0,0.06920365248249345,1.0,1.0,25/25/25 Hz,1.0,1500,gps,19,25,0.04141050704810084,0.03990682367355678,0.059819388864165525,outage_window,0.27815737011658465
0.4076395291611025,1.0,25.0,287.17378,original,nominal,60,1.0,25.0,0.6,10.0,0.050620539334790576,34080,25.0,0.10308835827177461,0.010000000000005116,retrodiction,0,0.08630352720201215,1.0,1.0,25/25/25 Hz,1.0,2000,gps,19,40,0.0437083258784814,0.03951193321977239,0.06989892563525829,after_return,0.3631198479508884
0.4735185195806659,1.0,24.97872340425532,642.207529,original,nominal,60,1.0,25.0,0.6,10.0,0.045703751148217286,77860,25.0,0.10205271843910857,0.010000000000005116,horizon,0,0.0848521847681162,1.0,1.0,25/25/25 Hz,1.0,4700,gps,19,13,0.07998658963405343,0.050937459504180785,0.07149168057126899,flight,0.3804889122711612
0.42231415288715324,1.0,24.857142857142858,642.207529,original,nominal,25,1.0,25.0,0.6,10.0,0.03110271903329655,77860,25.0,0.06434795937700304,0.010000000000001563,horizon,0,0.06384016449921055,1.0,1.0,25/25/25 Hz,1.0,700,gps,19,18,0.037089476223226815,0.05076957430152075,0.05575112081404352,before_outage,0.2954062146399924
0.43384570360701363,1.0,25.0,642.207529,original,nominal,40,1.0,25.0,0.6,10.0,0.047187586058403834,77860,25.0,0.08002374441653623,0.010000000000005116,horizon,0,0.08262880405390252,1.0,1.0,25/25/25 Hz,1.0,1500,gps,19,25,0.04160137156740668,0.04944185197436829,0.06782957305894642,outage_window,0.3660662970397084
0.3766027692625823,1.0,25.0,642.207529,original,nominal,60,1.0,25.0,0.6,10.0,0.05182871130853845,77860,25.0,0.10205271843910857,0.010000000000005116,horizon,0,0.09822072678853054,1.0,1.0,25/25/25 Hz,1.0,2000,gps,19,40,0.07998658963405343,0.051267360913146334,0.08343318197793571,after_return,0.32942342006327
0.3744650598828514,1.0,25.0,274.653499,original,nominal,60,1.0,25.0,0.6,0.0,0.33959622728396394,34080,25.0,0.47575875842252846,0.010000000000005116,retrodiction,0,0.3457647792663721,1.0,1.0,25/25/25 Hz,1.0,4700,denied,19,13,0.3549266442851564,0.0560532423632219,0.0650206505321298,flight,0.32966747928713525
0.27436614736800696,1.0,25.0,274.653499,original,nominal,25,1.0,25.0,0.6,0.0,0.4261158978857298,34080,25.0,0.47575875842252846,0.010000000000001563,retrodiction,0,0.42851089762096317,1.0,1.0,25/25/25 Hz,1.0,700,denied,19,18,0.3843688759020791,0.05363284906218712,0.045241915840974624,before_outage,0.2064382928806682
0.4923606230822246,1.0,25.0,274.653499,original,nominal,40,1.0,25.0,0.6,0.0,0.33232132622185884,34080,25.0,0.41651992804409893,0.010000000000005116,retrodiction,0,0.3383241242667466,1.0,1.0,25/25/25 Hz,1.0,1500,denied,19,25,0.23446426178597882,0.05758091824064564,0.06344879194284045,outage_window,0.4601877400333673
0.29228957320278365,1.0,25.0,274.653499,original,nominal,60,1.0,25.0,0.6,0.0,0.29788811724416464,34080,25.0,0.3754855772092955,0.010000000000005116,retrodiction,0,0.3070486342901076,1.0,1.0,25/25/25 Hz,1.0,2000,denied,19,40,0.3549266442851564,0.05081822034698019,0.07444147650434574,after_return,0.23168809857797543
0.5292554613782435,1.0,25.0,576.172869,original,nominal,60,1.0,25.0,0.6,0.0,0.5305220197074682,77860,25.0,0.6203685616544086,0.010000000000005116,horizon,0,0.5364944452142648,1.0,1.0,25/25/25 Hz,1.0,4700,denied,19,13,0.5928616002682121,0.05905387786240853,0.079829044534371,flight,0.408700176651651
0.5291464166500283,1.0,25.0,576.172869,original,nominal,25,1.0,25.0,0.6,0.0,0.5437323516780376,77860,25.0,0.5914091082613803,0.010000000000001563,horizon,0,0.5465095161089271,1.0,1.0,25/25/25 Hz,1.0,700,denied,19,18,0.5131176366066654,0.05862511254714858,0.055025275431246044,before_outage,0.41832510338337814
0.6320164648159092,1.0,25.0,576.172869,original,nominal,40,1.0,25.0,0.6,0.0,0.5115634367101048,77860,25.0,0.5941013065125182,0.010000000000005116,horizon,0,0.5172397065494223,1.0,1.0,25/25/25 Hz,1.0,1500,denied,19,25,0.5744273505800113,0.06060376580253274,0.07641835023526118,outage_window,0.5266323149268806
0.4236167116417833,1.0,25.0,576.172869,original,nominal,60,1.0,25.0,0.6,0.0,0.5574010224015719,77860,25.0,0.6203685616544086,0.010000000000005116,horizon,0,0.5650668037792835,1.0,1.0,25/25/25 Hz,1.0,2000,denied,19,40,0.5928616002682121,0.05292124446256917,0.09276094522490466,after_return,0.27699886572882737
0.4300198458624571,1.0,24.97872340425532,294.16671,original,nominal,60,1.0,24.97872340425532,0.6,6.808510638297872,0.051156660429940666,34080,25.0,0.15621781468303,0.010000000000005116,retrodiction,0,0.08077042720973061,1.0,1.0,25/25/25 Hz,1.0,4700,transition,19,13,0.04290686728034045,0.04722700345023276,0.06250486385312853,flight,0.36943306798049885
0.47502953458550456,1.0,24.857142857142858,294.16671,original,nominal,25,1.0,25.0,0.6,10.0,0.04448154106528638,34080,25.0,0.07041986466025735,0.010000000000001563,retrodiction,0,0.06482121483475936,1.0,1.0,25/25/25 Hz,1.0,700,transition,19,18,0.03830152552709602,0.0451581257562155,0.04715063517187515,before_outage,0.4377006864161575
0.19444315526453756,1.0,25.0,294.16671,original,nominal,40,1.0,25.0,0.6,0.06666666666666667,0.05152016526805259,34080,25.0,0.07644281482567596,0.010000000000005116,retrodiction,0,0.08194160600704957,1.0,1.0,25/25/25 Hz,1.0,1500,transition,19,25,0.06814355638462366,0.055014545848877563,0.06371890901268704,outage_window,0.14905967640513515
0.44931729395940395,1.0,25.0,294.16671,original,nominal,60,1.0,25.0,0.6,9.95,0.05557304878722223,34080,25.0,0.15621781468303,0.010000000000005116,retrodiction,0,0.08923825257610864,1.0,1.0,25/25/25 Hz,1.0,2000,transition,19,40,0.04290686728034045,0.0400434358832317,0.06982193044689024,after_return,0.39099188928175466
0.47916843613710297,1.0,24.97872340425532,599.562989,original,nominal,60,1.0,25.0,0.6,6.808510638297872,0.050660897764279386,77860,25.0,0.15694541861470845,0.010000000000005116,horizon,0,0.0899488381765738,1.0,1.0,25/25/25 Hz,1.0,4700,transition,19,13,0.08000767729401326,0.053408726008536855,0.07432541239059957,flight,0.3774708191661555
0.42231415288715324,1.0,24.857142857142858,599.562989,original,nominal,25,1.0,25.0,0.6,10.0,0.03110271903329655,77860,25.0,0.06434795937700304,0.010000000000001563,horizon,0,0.06384016449921055,1.0,1.0,25/25/25 Hz,1.0,700,transition,19,18,0.037089476223226815,0.05076957430152075,0.05575112081404352,before_outage,0.2954062146399924
0.40021380189984085,1.0,25.0,599.562989,original,nominal,40,1.0,25.0,0.6,0.13333333333333333,0.059835949379493145,77860,25.0,0.1076861285079666,0.010000000000005116,horizon,0,0.0976243339630635,1.0,1.0,25/25/25 Hz,1.0,1500,transition,19,25,0.05966232653609817,0.056818921360153284,0.07713734337910845,outage_window,0.34079495120822695
0.4189475092854683,1.0,25.0,599.562989,original,nominal,60,1.0,25.0,0.6,9.9,0.05285395987985312,77860,25.0,0.15694541861470845,0.010000000000005116,horizon,0,0.09855801955282681,1.0,1.0,25/25/25 Hz,1.0,2000,transition,19,40,0.08000767729401326,0.05144327428743114,0.0831873917321265,after_return,0.3413816739930285
0.4674020449701411,1.0,24.97872340425532,292.12669,original,stress,60,1.0,24.95744680851064,0.6,10.0,0.04805473054542102,34080,25.0,0.11347182402602105,0.010000000000005116,retrodiction,0,0.07802634827475133,1.0,1.0,25/25/25 Hz,1.0,4700,gps,19,13,0.04288355429321979,0.045558463089509005,0.06147238320823238,flight,0.4030009043767077
0.48254325015372884,1.0,24.857142857142858,292.12669,original,stress,25,1.0,25.142857142857142,0.6,10.0,0.04201166470000406,34080,25.0,0.06877489237201968,0.010000000000001563,retrodiction,0,0.06360038634309984,1.0,1.0,25/25/25 Hz,1.0,700,gps,19,18,0.027630890447067225,0.04789711405304646,0.0477496510157508,before_outage,0.42446085371593206
0.414091499210991,1.0,25.0,292.12669,original,stress,40,1.0,24.933333333333334,0.6,10.0,0.03761906092484017,34080,25.0,0.07990635351659667,0.010000000000005116,retrodiction,0,0.07064402094790247,1.0,1.0,25/25/25 Hz,1.0,1500,gps,19,25,0.06372333460767818,0.04427568993979491,0.05979451438736539,outage_window,0.3631995017762632
0.45974036315085187,1.0,25.0,292.12669,original,stress,60,1.0,25.0,0.6,10.0,0.05493746379745592,34080,25.0,0.11347182402602105,0.010000000000005116,retrodiction,0,0.08877916768309256,1.0,1.0,25/25/25 Hz,1.0,2000,gps,19,40,0.04288355429321979,0.04060481815058875,0.0697396278023183,after_return,0.41083776243725806
0.4735454340905499,1.0,24.97872340425532,516.04381,original,stress,60,1.0,25.0,0.6,10.0,0.04570434929806183,77860,25.0,0.10205083095522778,0.010000000000005116,horizon,0,0.08164485926681575,1.0,1.0,25/25/25 Hz,1.0,4700,gps,19,13,0.07998536527206938,0.05093747469578383,0.06765349584418313,flight,0.3804873602495783
0.42236703408921583,1.0,24.857142857142858,516.04381,original,stress,25,1.0,25.0,0.6,10.0,0.031103711601942224,77860,25.0,0.06434875666101342,0.010000000000001563,horizon,0,0.060270218932526765,1.0,1.0,25/25/25 Hz,1.0,700,gps,19,18,0.037090549986022826,0.050769576304861674,0.05162420376875476,before_outage,0.29540072049083427
0.43387152014584573,1.0,25.0,516.04381,original,stress,40,1.0,25.0,0.6,10.0,0.04718841627262006,77860,25.0,0.08002553328697506,0.010000000000005116,horizon,0,0.07947322594693472,1.0,1.0,25/25/25 Hz,1.0,1500,gps,19,25,0.041601721635493825,0.04944179774145709,0.06394722051891283,outage_window,0.3660667549873638
0.376614105305803,1.0,25.0,516.04381,original,stress,60,1.0,25.0,0.6,10.0,0.05182903342392296,77860,25.0,0.10205083095522778,0.010000000000005116,horizon,0,0.09482412790972564,1.0,1.0,25/25/25 Hz,1.0,2000,gps,19,40,0.07998536527206938,0.051267400165221036,0.07940633808570878,after_return,0.3294222156555803
0.4545455082567819,1.0,25.0,254.62411,original,stress,60,1.0,24.95744680851064,0.6,0.0,0.23273198312487153,34080,25.0,0.32284192114253685,0.010000000000005116,retrodiction,0,0.24180719782445048,1.0,1.0,25/25/25 Hz,1.0,4700,denied,19,13,0.2654005765596382,0.05896162494001348,0.0656242710472082,flight,0.33377306390225686
0.42887190321433655,1.0,25.0,254.62411,original,stress,25,1.0,25.142857142857142,0.6,0.0,0.2779415955862715,34080,25.0,0.32284192114253685,0.010000000000001563,retrodiction,0,0.2817955253988292,1.0,1.0,25/25/25 Hz,1.0,700,denied,19,18,0.25090470121554453,0.05677090846491608,0.0464455334532792,before_outage,0.32266977812852465
0.5462172730953582,1.0,25.0,254.62411,original,stress,40,1.0,24.933333333333334,0.6,0.0,0.22487384692301787,34080,25.0,0.2653692582275504,0.010000000000005116,retrodiction,0,0.23384838802349198,1.0,1.0,25/25/25 Hz,1.0,1500,denied,19,25,0.24925913080368178,0.06159836567062242,0.06416246216619793,outage_window,0.4395294961025385
0.38026502712445037,1.0,25.0,254.62411,original,stress,60,1.0,25.0,0.6,0.0,0.22973938813432643,34080,25.0,0.2834861002926903,0.010000000000005116,retrodiction,0,0.24153665201268087,1.0,1.0,25/25/25 Hz,1.0,2000,denied,19,40,0.2654005765596382,0.053082596544777996,0.07456385052530624,after_return,0.2329003874182682
2.099320750956219,1.0,0.0,490.835099,original,stress,60,1.0,25.0,0.6,0.0,2.388857497552443,77860,25.0,5.478078363178394,0.010000000000005116,horizon,0,190.4661565121655,1.0,1.0,25/25/25 Hz,1.0,4700,denied,19,13,2.450221807689241,7.787489460638714,190.45117520344448,flight,1.3919009899463741
2.8509384803422178,1.0,0.0,490.835099,original,stress,25,1.0,25.0,0.6,0.0,3.088219735272957,77860,25.0,4.856938940272413,0.010000000000001563,horizon,0,140.21956344170118,1.0,1.0,25/25/25 Hz,1.0,700,denied,19,18,1.0139131212653212,9.965910229490355,140.18555157593076,before_outage,1.8595590501397816
2.261306903778411,1.0,0.0,490.835099,original,stress,40,1.0,25.0,0.6,0.0,2.5740958877694555,77860,25.0,3.3910502884463525,0.010000000000005116,horizon,0,179.89292175154785,1.0,1.0,25/25/25 Hz,1.0,1500,denied,19,25,1.8591431968865633,7.73854180789939,179.87450438199707,outage_window,1.5315794153409008
1.6082735917810178,1.0,0.0,490.835099,original,stress,60,1.0,25.0,0.6,0.0,1.6077360009916821,77860,25.0,2.5213080226010534,0.010000000000005116,horizon,0,225.4171981689559,1.0,1.0,25/25/25 Hz,1.0,2000,denied,19,40,2.450221807689241,5.202172719735133,225.41146469355425,after_return,1.0471252876650898
0.4530637925202196,1.0,24.97872340425532,288.83688,original,stress,60,1.0,24.95744680851064,0.6,6.808510638297872,0.05352914718963858,34080,25.0,0.17865889638868102,0.010000000000005116,retrodiction,0,0.08247324425344722,1.0,1.0,25/25/25 Hz,1.0,4700,transition,19,13,0.04220855217414093,0.05126029351410924,0.06274126567769232,flight,0.38682656709164664
0.48254325015372884,1.0,24.857142857142858,288.83688,original,stress,25,1.0,25.142857142857142,0.6,10.0,0.04201166470000406,34080,25.0,0.06877489237201968,0.010000000000001563,retrodiction,0,0.06360038634309984,1.0,1.0,25/25/25 Hz,1.0,700,transition,19,18,0.027630890447067225,0.04789711405304646,0.0477496510157508,before_outage,0.42446085371593206
0.3194571799475303,1.0,25.0,288.83688,original,stress,40,1.0,24.933333333333334,0.6,0.06666666666666667,0.04982199795493318,34080,25.0,0.08508790230540383,0.010000000000005116,retrodiction,0,0.08101741050680113,1.0,1.0,25/25/25 Hz,1.0,1500,transition,19,25,0.07901218014524607,0.06002996568598626,0.06388731740342651,outage_window,0.2627814798757896
0.48208958015385156,1.0,25.0,288.83688,original,stress,60,1.0,25.0,0.6,9.95,0.05936927601011124,34080,25.0,0.17865889638868102,0.010000000000005116,retrodiction,0,0.09153721655670072,1.0,1.0,25/25/25 Hz,1.0,2000,transition,19,40,0.04220855217414093,0.04139577178837863,0.06967317332362259,after_return,0.431174438684397
0.4792138784986907,1.0,24.97872340425532,522.296209,original,stress,60,1.0,25.0,0.6,6.808510638297872,0.050662464631467244,77860,25.0,0.15695068913170487,0.010000000000005116,horizon,0,0.08683467317922493,1.0,1.0,25/25/25 Hz,1.0,4700,transition,19,13,0.08000727594620077,0.05340244644508489,0.07052357863585862,flight,0.3774759265073472
0.42236703408921583,1.0,24.857142857142858,522.296209,original,stress,25,1.0,25.0,0.6,10.0,0.031103711601942224,77860,25.0,0.06434875666101342,0.010000000000001563,horizon,0,0.060270218932526765,1.0,1.0,25/25/25 Hz,1.0,700,transition,19,18,0.037090549986022826,0.050769576304861674,0.05162420376875476,before_outage,0.29540072049083427
0.4002754891097714,1.0,25.0,522.296209,original,stress,40,1.0,25.0,0.6,0.13333333333333333,0.0598394389668127,77860,25.0,0.10769330142644244,0.010000000000005116,horizon,0,0.09467733193734397,1.0,1.0,25/25/25 Hz,1.0,1500,transition,19,25,0.0596648650824542,0.05680044721856215,0.07336919467263567,outage_window,0.3408158530047021
0.41898420547641707,1.0,25.0,522.296209,original,stress,60,1.0,25.0,0.6,9.9,0.05285418256175902,77860,25.0,0.15695068913170487,0.010000000000005116,horizon,0,0.09518691884373529,1.0,1.0,25/25/25 Hz,1.0,2000,transition,19,40,0.08000727594620077,0.051443220064559016,0.07916429059046821,after_return,0.34138256640162495
0.46841555312776145,1.0,24.914893617021278,269.81621,original,zero,60,1.0,25.0,0.6,10.0,0.0315996013273679,34080,25.0,0.07733562898767372,0.010000000000005116,retrodiction,0,0.062163083808537425,1.0,1.0,25/25/25 Hz,1.0,4700,gps,41,13,0.008429732211961314,0.047795921540738015,0.05353236576631614,flight,0.3946497970468259
0.37826204769876576,1.0,24.857142857142858,269.81621,original,zero,25,1.0,25.0,0.6,10.0,0.02288558982769356,34080,25.0,0.04351636160568603,0.010000000000001563,retrodiction,0,0.046868144530791224,1.0,1.0,25/25/25 Hz,1.0,700,gps,41,18,0.008690101209332309,0.043195388659618444,0.04090076710769254,before_outage,0.312996872841826
0.4997701623844489,1.0,25.0,269.81621,original,zero,40,1.0,25.0,0.6,10.0,0.04333154814478561,34080,25.0,0.07733562898767372,0.010000000000005116,retrodiction,0,0.07059808980418592,1.0,1.0,25/25/25 Hz,1.0,1500,gps,41,25,0.030774696580486604,0.048801897109529147,0.05573569071408397,outage_window,0.42548826238751486
0.30523913065432595,1.0,24.9,269.81621,original,zero,60,1.0,25.0,0.6,10.0,0.02563630464671953,34080,25.0,0.048773097291849525,0.010000000000005116,retrodiction,0,0.06543035028069273,1.0,1.0,25/25/25 Hz,1.0,2000,gps,41,40,0.008429732211961314,0.04748940220484814,0.0601989254215948,after_return,0.24487941879921712
0.4734622629297923,1.0,24.914893617021278,503.07526,original,zero,60,1.0,25.0,0.6,10.0,0.03388550714022922,77860,25.0,0.08337517322596981,0.010000000000005116,horizon,0,0.08249443486454913,1.0,1.0,25/25/25 Hz,1.0,4700,gps,41,13,0.02070099649204733,0.051956121390539456,0.07521372341182701,flight,0.3999479865723092
0.3769372921265785,1.0,24.857142857142858,503.07526,original,zero,25,1.0,25.0,0.6,10.0,0.024556498224155898,77860,25.0,0.05734074418573047,0.010000000000001563,horizon,0,0.06179093283546599,1.0,1.0,25/25/25 Hz,1.0,700,gps,41,18,0.01860002469812843,0.04711873672224372,0.05670183220711741,before_outage,0.3226129869657536
0.49202250600044184,1.0,25.0,503.07526,original,zero,40,1.0,25.0,0.6,10.0,0.0458158811348384,77860,25.0,0.08337517322596981,0.010000000000005116,horizon,0,0.08929892069086574,1.0,1.0,25/25/25 Hz,1.0,1500,gps,41,25,0.03666296709790562,0.052682647938866144,0.07664986805201879,outage_window,0.4200370958317396
0.313385445354849,1.0,24.9,503.07526,original,zero,60,1.0,25.0,0.6,10.0,0.02742470252078372,77860,25.0,0.053644795879618165,0.010000000000005116,horizon,0,0.09034113887705306,1.0,1.0,25/25/25 Hz,1.0,2000,gps,41,40,0.02070099649204733,0.05051762720281769,0.08607791276076289,after_return,0.24774051528451374
0.31409162689104425,1.0,24.851063829787233,242.36325,original,zero,60,1.0,25.0,0.6,0.0,0.16362715779065995,34080,25.0,0.2777060632521449,0.010000000000005116,retrodiction,0,0.17360688293008042,1.0,1.0,25/25/25 Hz,1.0,4700,denied,41,13,0.12472305157527105,0.05654524423346566,0.05801295574308487,flight,0.26803804447300683
0.23351587323938117,1.0,24.857142857142858,242.36325,original,zero,25,1.0,25.0,0.6,0.0,0.18664775005777207,34080,25.0,0.23010288142706034,0.010000000000001563,retrodiction,0,0.19151597707948037,1.0,1.0,25/25/25 Hz,1.0,700,denied,41,18,0.1983519727250825,0.05859290605783203,0.04290672295898979,before_outage,0.1968393631812452
0.3213286358657919,1.0,24.933333333333334,242.36325,original,zero,40,1.0,25.0,0.6,0.0,0.15797396706668335,34080,25.0,0.23514120130419003,0.010000000000005116,retrodiction,0,0.16930129262352575,1.0,1.0,25/25/25 Hz,1.0,1500,denied,41,25,0.1981740171202225,0.0594998875281585,0.06088639760415411,outage_window,0.2808989662803819
0.2638250360627642,1.0,24.9,242.36325,original,zero,60,1.0,25.0,0.6,0.0,0.13110539450911415,34080,25.0,0.2195660995611487,0.010000000000005116,retrodiction,0,0.14602396237927037,1.0,1.0,25/25/25 Hz,1.0,2000,denied,41,40,0.12472305157527105,0.04948249890736317,0.064299091125397,after_return,0.2115574093969911
0.22655205716579024,1.0,24.851063829787233,468.322349,original,zero,60,1.0,25.0,0.6,0.0,0.14785083371613345,77860,25.0,0.27655581403621204,0.010000000000005116,horizon,0,0.17033900378608877,1.0,1.0,25/25/25 Hz,1.0,4700,denied,41,13,0.118444661347226,0.05918590472686867,0.08459023099791971,flight,0.18308429604154258
0.2139551961168293,1.0,24.857142857142858,468.322349,original,zero,25,1.0,25.0,0.6,0.0,0.17665356464983337,77860,25.0,0.21336652201542883,0.010000000000001563,horizon,0,0.18730420728432584,1.0,1.0,25/25/25 Hz,1.0,700,denied,41,18,0.17062654643121644,0.06076212759475999,0.062260614861377954,before_outage,0.17887803851391187
0.21713238121801873,1.0,24.933333333333334,468.322349,original,zero,40,1.0,25.0,0.6,0.0,0.131540161959356,77860,25.0,0.2070228982613656,0.010000000000005116,horizon,0,0.15696689888571833,1.0,1.0,25/25/25 Hz,1.0,1500,denied,41,25,0.16121034585322255,0.06194335303749921,0.08564924481573503,outage_window,0.17681478477443258
0.18484716261063097,1.0,24.9,468.322349,original,zero,60,1.0,25.0,0.6,0.0,0.11783664296895593,77860,25.0,0.19100988532492671,0.010000000000005116,horizon,0,0.15157848435970975,1.0,1.0,25/25/25 Hz,1.0,2000,denied,41,40,0.118444661347226,0.05191488937251567,0.0953444413408227,after_return,0.13454746911664572
0.4135914169844124,1.0,24.893617021276597,248.46841,original,zero,60,1.0,25.0,0.6,6.808510638297872,0.034735478399643756,34080,25.0,0.14319951845477988,0.010000000000005116,retrodiction,0,0.06555022629930812,1.0,1.0,25/25/25 Hz,1.0,4700,transition,41,13,0.007765105201415774,0.05135505880973945,0.055590275302775646,flight,0.34464069557696936
0.37826204769876576,1.0,24.857142857142858,248.46841,original,zero,25,1.0,25.0,0.6,10.0,0.02288558982769356,34080,25.0,0.04351636160568603,0.010000000000001563,retrodiction,0,0.046868144530791224,1.0,1.0,25/25/25 Hz,1.0,700,transition,41,18,0.008690101209332309,0.043195388659618444,0.04090076710769254,before_outage,0.312996872841826
0.32459931116626844,1.0,24.933333333333334,248.46841,original,zero,40,1.0,25.0,0.6,0.0,0.032113588941312686,34080,25.0,0.06330508958898863,0.010000000000005116,retrodiction,0,0.06957617168362729,1.0,1.0,25/25/25 Hz,1.0,1500,transition,41,25,0.0578569935535706,0.058970576344360606,0.06172164184026522,outage_window,0.24401456554335754
0.2963784214345247,1.0,24.9,248.46841,original,zero,60,1.0,25.0,0.6,10.0,0.042199754845933704,34080,25.0,0.14319951845477988,0.010000000000005116,retrodiction,0,0.07351963120558036,1.0,1.0,25/25/25 Hz,1.0,2000,transition,41,40,0.007765105201415774,0.04756691726658468,0.06020229948720928,after_return,0.253389718638122
0.4111454084543334,1.0,24.893617021276597,495.86633,original,zero,60,1.0,25.0,0.6,6.808510638297872,0.03653482892226929,77860,25.0,0.14840799501703172,0.010000000000005116,horizon,0,0.08680146653729948,1.0,1.0,25/25/25 Hz,1.0,4700,transition,41,13,0.020696574563956682,0.055217529346318676,0.07873817923121182,flight,0.3427627281952521
0.3769372921265785,1.0,24.857142857142858,495.86633,original,zero,25,1.0,25.0,0.6,10.0,0.024556498224155898,77860,25.0,0.05734074418573047,0.010000000000001563,horizon,0,0.06179093283546599,1.0,1.0,25/25/25 Hz,1.0,700,transition,41,18,0.01860002469812843,0.04711873672224372,0.05670183220711741,before_outage,0.3226129869657536
0.28339467099341814,1.0,24.933333333333334,495.86633,original,zero,40,1.0,25.0,0.6,0.13333333333333333,0.033783273529408527,77860,25.0,0.07434409662583719,0.010000000000005116,horizon,0,0.09339719008664736,1.0,1.0,25/25/25 Hz,1.0,1500,transition,41,25,0.05982256292728087,0.0621160216626195,0.08707310460594882,outage_window,0.19786753267364937
0.2999910312374395,1.0,24.9,495.86633,original,zero,60,1.0,25.0,0.6,9.9,0.04369077430923649,77860,25.0,0.14840799501703172,0.010000000000005116,horizon,0,0.09650647939935376,1.0,1.0,25/25/25 Hz,1.0,2000,transition,41,40,0.020696574563956682,0.0506086804464487,0.08605008312789275,after_return,0.25401893485480387
0.46621851036361556,1.0,24.93617021276596,273.45458,original,nominal,60,1.0,25.0,0.6,10.0,0.04871013343622944,34080,25.0,0.1260869711052558,0.010000000000005116,retrodiction,0,0.07267998203058841,1.0,1.0,25/25/25 Hz,1.0,4700,gps,41,13,0.030464636528258347,0.04186723169874675,0.053941660046678,flight,0.431139333271743
0.3164823039140189,1.0,24.857142857142858,273.45458,original,nominal,25,1.0,25.0,0.6,10.0,0.04377611208878281,34080,25.0,0.08003507631761414,0.010000000000001563,retrodiction,0,0.060614282667164926,1.0,1.0,25/25/25 Hz,1.0,700,gps,41,18,0.004651922962500059,0.04101235431916425,0.0419254489975396,before_outage,0.2817976741563941
0.48423732901760924,1.0,25.0,273.45458,original,nominal,40,1.0,25.0,0.6,10.0,0.05661260187835434,34080,25.0,0.1260869711052558,0.010000000000005116,retrodiction,0,0.08014189412056873,1.0,1.0,25/25/25 Hz,1.0,1500,gps,41,25,0.0724436186035037,0.041060255971614085,0.05672509587295026,outage_window,0.4556028082254338
0.44568330967469016,1.0,24.95,273.45458,original,nominal,60,1.0,25.0,0.6,10.0,0.0461740245053177,34080,25.0,0.10424620915160314,0.010000000000005116,retrodiction,0,0.07559063498763988,1.0,1.0,25/25/25 Hz,1.0,2000,gps,41,40,0.030464636528258347,0.04000214737902812,0.05984900633107393,after_return,0.41507056762014893
0.47346263889227924,1.0,24.914893617021278,512.13959,original,nominal,60,1.0,25.0,0.6,10.0,0.033885577896165926,77860,25.0,0.08337457947164556,0.010000000000005116,horizon,0,0.07790160270760109,1.0,1.0,25/25/25 Hz,1.0,4700,gps,41,13,0.02070209726516015,0.051955925642889554,0.07014575764118448,flight,0.3999196633273788
0.3769681156777286,1.0,24.857142857142858,512.13959,original,nominal,25,1.0,25.0,0.6,10.0,0.02455707370654812,77860,25.0,0.05734141802233405,0.010000000000001563,horizon,0,0.057388452546164495,1.0,1.0,25/25/25 Hz,1.0,700,gps,41,18,0.018599077818432994,0.047118411831857464,0.05186891763488551,before_outage,0.3226064455504866
0.4920760387515111,1.0,25.0,512.13959,original,nominal,40,1.0,25.0,0.6,10.0,0.04581537961432146,77860,25.0,0.08337457947164556,0.010000000000005116,horizon,0,0.0847853127063189,1.0,1.0,25/25/25 Hz,1.0,1500,gps,41,25,0.03666191687143663,0.05268258415930911,0.07134073339617344,outage_window,0.42004922356622254
0.3134223820941103,1.0,24.9,512.13959,original,nominal,60,1.0,25.0,0.6,10.0,0.027425376040013938,77860,25.0,0.053645021573930446,0.010000000000005116,horizon,0,0.08526830690849108,1.0,1.0,25/25/25 Hz,1.0,2000,gps,41,40,0.02070209726516015,0.05051763118682363,0.0807374319142271,after_return,0.24774625396313305
0.4653791374279565,1.0,24.893617021276597,242.54142,original,nominal,60,1.0,25.0,0.6,0.0,0.49412937910389076,34080,25.0,0.5742940770929192,0.010000000000005116,retrodiction,0,0.4974662881402675,1.0,1.0,25/25/25 Hz,1.0,4700,denied,41,13,0.4996364838674298,0.05939820352088136,0.05752273065892318,flight,0.4205533101689912
0.5406371732532167,1.0,24.857142857142858,242.54142,original,nominal,25,1.0,25.0,0.6,0.0,0.5137310953537088,34080,25.0,0.5503737324497191,0.010000000000001563,retrodiction,0,0.5154902201924024,1.0,1.0,25/25/25 Hz,1.0,700,denied,41,18,0.5007752957359689,0.06425896626270075,0.04255030882015037,before_outage,0.48660935492415347
0.489097183902644,1.0,25.0,242.54142,original,nominal,40,1.0,25.0,0.6,0.0,0.4743507224292477,34080,25.0,0.5218228065875857,0.010000000000005116,retrodiction,0,0.47808173776850177,1.0,1.0,25/25/25 Hz,1.0,1500,denied,41,25,0.5067691974948282,0.062380614018378695,0.05961157705178887,outage_window,0.4329950439084632
0.45321511485472343,1.0,24.9,242.54142,original,nominal,60,1.0,25.0,0.6,0.0,0.49863533387599235,34080,25.0,0.5697749331445505,0.010000000000005116,retrodiction,0,0.5027600112321595,1.0,1.0,25/25/25 Hz,1.0,2000,denied,41,40,0.4996364838674298,0.052330572673758916,0.06426844252460742,after_return,0.41864505644558436
0.2972857498114968,1.0,24.851063829787233,473.20153,original,nominal,60,1.0,25.0,0.6,0.0,0.13516520035371044,77860,25.0,0.2622646396675712,0.010000000000005116,horizon,0,0.1568791830073512,1.0,1.0,25/25/25 Hz,1.0,4700,denied,41,13,0.10952182018309801,0.05970272248051562,0.07963320082977518,flight,0.2544882225860019
0.21523840329772767,1.0,24.857142857142858,473.20153,original,nominal,25,1.0,25.0,0.6,0.0,0.16230921176802315,77860,25.0,0.20461950681751925,0.010000000000001563,horizon,0,0.17229764174874923,1.0,1.0,25/25/25 Hz,1.0,700,denied,41,18,0.1522649892573294,0.060648058019265774,0.0578117386645943,before_outage,0.18067878881695124
0.2990875198194118,1.0,24.933333333333334,473.20153,original,nominal,40,1.0,25.0,0.6,0.0,0.12147695208437288,77860,25.0,0.19761933278085678,0.010000000000005116,horizon,0,0.14584622863780844,1.0,1.0,25/25/25 Hz,1.0,1500,denied,41,25,0.15001628506232878,0.062448385052661086,0.08071228233771405,outage_window,0.2617509301194205
0.24711045747311175,1.0,24.9,473.20153,original,nominal,60,1.0,25.0,0.6,0.0,0.10388624815018127,77860,25.0,0.1789108714390774,0.010000000000005116,horizon,0,0.13738533482427065,1.0,1.0,25/25/25 Hz,1.0,2000,denied,41,40,0.10952182018309801,0.05236301572231658,0.08990204486025839,after_return,0.19904948741164352
0.4344599276225828,1.0,24.914893617021278,266.4545,original,nominal,60,1.0,25.0,0.6,6.808510638297872,0.044889540565461246,34080,25.0,0.1464306204814119,0.010000000000005116,retrodiction,0,0.07161298398713987,1.0,1.0,25/25/25 Hz,1.0,4700,transition,41,13,0.029914905133503266,0.04908424178009894,0.0557973890371598,flight,0.39288970709750465
0.3164823039140189,1.0,24.857142857142858,266.4545,original,nominal,25,1.0,25.0,0.6,10.0,0.04377611208878281,34080,25.0,0.08003507631761414,0.010000000000001563,retrodiction,0,0.060614282667164926,1.0,1.0,25/25/25 Hz,1.0,700,transition,41,18,0.004651922962500059,0.04101235431916425,0.0419254489975396,before_outage,0.2817976741563941
0.2638740727668232,1.0,24.933333333333334,266.4545,original,nominal,40,1.0,25.0,0.6,0.06666666666666667,0.035144074670058145,34080,25.0,0.06320203649269719,0.010000000000005116,retrodiction,0,0.0713524848998527,1.0,1.0,25/25/25 Hz,1.0,1500,transition,41,25,0.05381086190356847,0.06073515960311084,0.06209727141323591,outage_window,0.23026399191110666
0.5050304691689497,1.0,24.95,266.4545,original,nominal,60,1.0,25.0,0.6,9.95,0.05262201429412738,34080,25.0,0.1464306204814119,0.010000000000005116,retrodiction,0,0.07969188749505214,1.0,1.0,25/25/25 Hz,1.0,2000,transition,41,40,0.029914905133503266,0.04050426087015899,0.0598474773415948,after_return,0.4627404232494562
0.4111623889469534,1.0,24.893617021276597,501.512969,original,nominal,60,1.0,25.0,0.6,6.808510638297872,0.036532456943016524,77860,25.0,0.14841622816186428,0.010000000000005116,horizon,0,0.08229580417122752,1.0,1.0,25/25/25 Hz,1.0,4700,transition,41,13,0.020698570934427608,0.05520814770121322,0.07374265369442351,flight,0.3427552309114815
0.3769681156777286,1.0,24.857142857142858,501.512969,original,nominal,25,1.0,25.0,0.6,10.0,0.02455707370654812,77860,25.0,0.05734141802233405,0.010000000000001563,horizon,0,0.057388452546164495,1.0,1.0,25/25/25 Hz,1.0,700,transition,41,18,0.018599077818432994,0.047118411831857464,0.05186891763488551,before_outage,0.3226064455504866
0.28359665495583386,1.0,24.933333333333334,501.512969,original,nominal,40,1.0,25.0,0.6,0.13333333333333333,0.0337722144180703,77860,25.0,0.07434777471143328,0.010000000000005116,horizon,0,0.08864537219964733,1.0,1.0,25/25/25 Hz,1.0,1500,transition,41,25,0.05982777224312929,0.06209044587550692,0.08195998746775093,outage_window,0.1980355904862253
0.3000056111169096,1.0,24.9,501.512969,original,nominal,60,1.0,25.0,0.6,9.9,0.04369242505302841,77860,25.0,0.14841622816186428,0.010000000000005116,horizon,0,0.09177610167813399,1.0,1.0,25/25/25 Hz,1.0,2000,transition,41,40,0.020698570934427608,0.05060859282509098,0.08070826991220098,after_return,0.25402236912393505
0.5111596404312442,1.0,24.914893617021278,274.62951,original,stress,60,1.0,25.0,0.6,10.0,0.05290342526306406,34080,25.0,0.14481168125448715,0.010000000000005116,retrodiction,0,0.07607555652704807,1.0,1.0,25/25/25 Hz,1.0,4700,gps,41,13,0.02793753106085033,0.04707970296338789,0.0546691676938243,flight,0.4393813041896135
0.3368649746238045,1.0,24.714285714285715,274.62951,original,stress,25,1.0,25.0,0.6,10.0,0.04368491428281988,34080,25.0,0.08443520054364266,0.010000000000001563,retrodiction,0,0.06117478981602958,1.0,1.0,25/25/25 Hz,1.0,700,gps,41,18,0.014919802704008275,0.04963824728206897,0.04282502975058017,before_outage,0.2491773863752401
0.5309777963141197,1.0,25.0,274.62951,original,stress,40,1.0,24.933333333333334,0.6,10.0,0.06227451826914725,34080,25.0,0.14481168125448715,0.010000000000005116,retrodiction,0,0.08498736588782442,1.0,1.0,25/25/25 Hz,1.0,1500,gps,41,25,0.07238931133619762,0.0462964790536251,0.057833698955683153,outage_window,0.45581916420499424
0.49394006128703116,1.0,24.95,274.62951,original,stress,60,1.0,25.05,0.6,10.0,0.05001222674570534,34080,25.0,0.1148174754043623,0.010000000000005116,retrodiction,0,0.07809011125362834,1.0,1.0,25/25/25 Hz,1.0,2000,gps,41,40,0.02793753106085033,0.04169790496978001,0.05997368299129383,after_return,0.44129312409200366
0.4734476734739215,1.0,24.914893617021278,511.155799,original,stress,60,1.0,25.0,0.6,10.0,0.033885004669560854,77860,25.0,0.08337439507190604,0.010000000000005116,horizon,0,0.07463293147648412,1.0,1.0,25/25/25 Hz,1.0,4700,gps,41,13,0.020701285980790157,0.05195599330432834,0.06649722489937014,flight,0.3999318401498943
0.37692513067962413,1.0,24.857142857142858,511.155799,original,stress,25,1.0,25.0,0.6,10.0,0.024555817493987515,77860,25.0,0.0573395632991549,0.010000000000001563,horizon,0,0.05434503135749217,1.0,1.0,25/25/25 Hz,1.0,700,gps,41,18,0.018601508766238308,0.04711824220660853,0.04848086488965295,before_outage,0.32260807305745354
0.49204080495371283,1.0,25.0,511.155799,original,stress,40,1.0,25.0,0.6,10.0,0.045814438031929576,77860,25.0,0.08337439507190604,0.010000000000005116,horizon,0,0.08156937083237299,1.0,1.0,25/25/25 Hz,1.0,1500,gps,41,25,0.03666139795528904,0.05268248092043865,0.06748777315786665,outage_window,0.4200443409263556
0.3133791631170804,1.0,24.9,511.155799,original,stress,60,1.0,25.0,0.6,10.0,0.02742497346588843,77860,25.0,0.05364361436968708,0.010000000000005116,horizon,0,0.08158833320468041,1.0,1.0,25/25/25 Hz,1.0,2000,gps,41,40,0.020701285980790157,0.05051768657915022,0.07684091973365019,after_return,0.247742500861695
1.9737529151721513,1.0,0.0,240.04882,original,stress,60,1.0,25.0,0.6,0.0,2.418583872347843,34080,25.0,4.045423142276511,0.010000000000005116,retrodiction,0,165.6843362781634,1.0,1.0,25/25/25 Hz,1.0,4700,denied,41,13,1.1709060863644418,6.651382491108396,165.66668264919159,flight,1.4077926938234955
2.351091464106219,1.0,0.0,240.04882,original,stress,25,1.0,25.0,0.6,0.0,3.361390999051486,34080,25.0,4.045423142276511,0.010000000000001563,retrodiction,0,115.90015523480662,1.0,1.0,25/25/25 Hz,1.0,700,denied,41,18,1.1229174513038558,8.252835799494697,115.85140065620168,before_outage,1.544716432895438
2.0568248446457256,1.0,0.0,240.04882,original,stress,40,1.0,24.933333333333334,0.6,0.0,2.0125575749346796,34080,25.0,3.102473474902589,0.010000000000005116,retrodiction,0,156.31546240753934,1.0,1.0,25/25/25 Hz,1.0,1500,denied,41,25,1.1723512197745003,6.869713980612044,156.30250605697407,outage_window,1.451807291419734
1.5953346751343387,1.0,0.0,240.04882,original,stress,60,1.0,25.05,0.6,0.0,2.329873901817808,34080,25.0,3.412334406380214,0.010000000000005116,retrodiction,0,198.64466808946673,1.0,1.0,25/25/25 Hz,1.0,2000,denied,41,40,1.1709060863644418,4.795720121203731,198.6310042465074,after_return,1.1142963323832773
0.24414753592419774,1.0,24.851063829787233,469.458019,original,stress,60,1.0,25.0,0.6,0.0,0.14607974861123602,77860,25.0,0.2724822771182809,0.010000000000005116,horizon,0,0.16467234708455702,1.0,1.0,25/25/25 Hz,1.0,4700,denied,41,13,0.11653071733250761,0.05920124613938875,0.07601111063532036,flight,0.1970997659544001
0.21821581828715844,1.0,24.857142857142858,469.458019,original,stress,25,1.0,25.0,0.6,0.0,0.1746776725608114,77860,25.0,0.21179453607675225,0.010000000000001563,horizon,0,0.18311534728184264,1.0,1.0,25/25/25 Hz,1.0,700,denied,41,18,0.16823813814607616,0.06068073945044966,0.054944891654163684,before_outage,0.17930185404280885
0.2379292251711896,1.0,24.933333333333334,469.458019,original,stress,40,1.0,25.0,0.6,0.0,0.13039940669906092,77860,25.0,0.20689113463240716,0.010000000000005116,horizon,0,0.15141640587452296,1.0,1.0,25/25/25 Hz,1.0,1500,denied,41,25,0.1605759396563162,0.061933865949170316,0.07696052689847685,outage_window,0.19402056175006635
0.20340575520862356,1.0,24.9,469.458019,original,stress,60,1.0,25.0,0.6,0.0,0.11593556958441388,77860,25.0,0.18992572170785957,0.010000000000005116,horizon,0,0.1443161068817546,1.0,1.0,25/25/25 Hz,1.0,2000,denied,41,40,0.11653071733250761,0.05194174222203793,0.08594232025401426,after_return,0.14877691781070906
0.5194279305726988,1.0,24.914893617021278,266.877769,original,stress,60,1.0,25.0,0.6,6.808510638297872,0.04998967093564733,34080,25.0,0.15053889170888182,0.010000000000005116,retrodiction,0,0.07523119407075288,1.0,1.0,25/25/25 Hz,1.0,4700,transition,41,13,0.02691321756179757,0.05436731448673204,0.05622068445916485,flight,0.43365133716933413
0.3368649746238045,1.0,24.714285714285715,266.877769,original,stress,25,1.0,25.0,0.6,10.0,0.04368491428281988,34080,25.0,0.08443520054364266,0.010000000000001563,retrodiction,0,0.06117478981602958,1.0,1.0,25/25/25 Hz,1.0,700,transition,41,18,0.014919802704008275,0.04963824728206897,0.04282502975058017,before_outage,0.2491773863752401
0.31892180548345334,1.0,25.0,266.877769,original,stress,40,1.0,24.933333333333334,0.6,0.06666666666666667,0.04484759656035544,34080,25.0,0.06704980767645112,0.010000000000005116,retrodiction,0,0.07679518199112062,1.0,1.0,25/25/25 Hz,1.0,1500,transition,41,25,0.053292659108998656,0.06580992502863692,0.06233933798019461,outage_window,0.22083153551895535
0.6318000663530151,1.0,24.95,266.877769,original,stress,60,1.0,25.05,0.6,9.95,0.05654013729418332,34080,25.0,0.15053889170888182,0.010000000000005116,retrodiction,0,0.08241267545224196,1.0,1.0,25/25/25 Hz,1.0,2000,transition,41,40,0.02691321756179757,0.042841554006291235,0.05995883546193561,after_return,0.5497611076944212
0.4111390391014861,1.0,24.893617021276597,497.96438,original,stress,60,1.0,25.0,0.6,6.808510638297872,0.03653034323010572,77860,25.0,0.14842492478506655,0.010000000000005116,horizon,0,0.07909950537763084,1.0,1.0,25/25/25 Hz,1.0,4700,transition,41,13,0.020697160494661436,0.05519871379728037,0.07015886098331786,flight,0.3427588481148842
0.37692513067962413,1.0,24.857142857142858,497.96438,original,stress,25,1.0,25.0,0.6,10.0,0.024555817493987515,77860,25.0,0.0573395632991549,0.010000000000001563,horizon,0,0.05434503135749217,1.0,1.0,25/25/25 Hz,1.0,700,transition,41,18,0.018601508766238308,0.04711824220660853,0.04848086488965295,before_outage,0.32260807305745354
0.28347668149178357,1.0,24.933333333333334,497.96438,original,stress,40,1.0,25.0,0.6,0.13333333333333333,0.03376355842494149,77860,25.0,0.07433164887262723,0.010000000000005116,horizon,0,0.08525571394296712,1.0,1.0,25/25/25 Hz,1.0,1500,transition,41,25,0.05980974639252086,0.06206389789096348,0.07828511277638041,outage_window,0.19796699615331814
0.29998246092669556,1.0,24.9,497.96438,original,stress,60,1.0,25.0,0.6,9.9,0.04369334083106878,77860,25.0,0.14842492478506655,0.010000000000005116,horizon,0,0.0883689417763103,1.0,1.0,25/25/25 Hz,1.0,2000,transition,41,40,0.020697160494661436,0.05060864486513181,0.07681120906277272,after_return,0.25401917176863514
0.3967764636813661,1.0,49.8936170212766,320.69983,held-out,zero,60,1.0,99.87234042553192,0.85,10.0,0.030532828755532728,34080,50.0,0.06147024099647877,0.010000000000005116,retrodiction,0,0.0669435290295965,1.0,1.0,100/50/50 Hz,1.0,4700,gps,101,13,0.0459033024949634,0.043399515736980004,0.05957501529266897,flight,0.3030452655097759
0.4003006703176593,1.0,49.857142857142854,320.69983,held-out,zero,25,1.0,100.0,0.85,10.0,0.034400757247946515,34080,50.0,0.04883791225423163,0.010000000000001563,retrodiction,0,0.055528948317917166,1.0,1.0,100/50/50 Hz,1.0,700,gps,101,18,0.03788041500777335,0.043725088359193726,0.04358958593588348,before_outage,0.23430825734363436
0.3023164424006743,1.0,49.93333333333333,320.69983,held-out,zero,40,1.0,100.0,0.85,10.0,0.0279983913015285,34080,50.0,0.044851180190732275,0.010000000000005116,retrodiction,0,0.06842165556145555,1.0,1.0,100/50/50 Hz,1.0,1500,gps,101,25,0.03034210140059597,0.042732987851250154,0.06243086603833838,outage_window,0.2211556164036916
0.3455263219127247,1.0,49.95,320.69983,held-out,zero,60,1.0,100.0,0.85,10.0,0.03236536947690574,34080,50.0,0.06147024099647877,0.010000000000005116,retrodiction,0,0.07253038409001535,1.0,1.0,100/50/50 Hz,1.0,2000,gps,101,40,0.0459033024949634,0.043264271476572136,0.06490870107210996,after_return,0.2618834313417593
0.8644984137582399,1.0,49.8936170212766,579.51848,held-out,zero,60,1.0,99.85106382978724,0.85,10.0,0.032057930534676794,77860,50.0,0.07654194019306117,0.010000000000005116,horizon,0,0.09786799897214755,1.0,1.0,100/50/50 Hz,1.0,4700,gps,101,13,0.034563751353400084,0.04833273092770951,0.09246855850853367,flight,0.4361059741674391
1.0526456713366905,1.0,49.857142857142854,579.51848,held-out,zero,25,1.0,100.0,0.85,10.0,0.03551491582924096,77860,50.0,0.06088815516965801,0.010000000000001563,horizon,0,0.07931159183023587,1.0,1.0,100/50/50 Hz,1.0,700,gps,101,18,0.048111713051878634,0.046174048703414704,0.0709155790520522,before_outage,0.23867536031311798
0.767250330184588,1.0,49.93333333333333,579.51848,held-out,zero,40,1.0,100.0,0.85,10.0,0.028497921745732364,77860,50.0,0.05405352540611074,0.010000000000005116,horizon,0,0.09633247432530463,1.0,1.0,100/50/50 Hz,1.0,1500,gps,101,25,0.01878685534161593,0.04834200701233991,0.09202072628386276,outage_window,0.2635535910853539
0.631911626251051,1.0,49.95,579.51848,held-out,zero,60,1.0,100.0,0.85,10.0,0.03357658158760305,77860,50.0,0.07654194019306117,0.010000000000005116,horizon,0,0.10809419492876457,1.0,1.0,100/50/50 Hz,1.0,2000,gps,101,40,0.034563751353400084,0.047393368995690716,0.10274710772663524,after_return,0.262063280916071
0.6601083864429496,1.0,49.91489361702128,325.06175,held-out,zero,60,1.0,99.87234042553192,0.85,0.0,0.7011480598234329,34080,50.0,0.8553272549776515,0.010000000000005116,retrodiction,0,0.7038603191825841,1.0,1.0,100/50/50 Hz,1.0,4700,denied,101,13,0.6349708763792893,0.049896371511123846,0.06173124918260476,flight,0.5460638381456903
0.7450289645782012,1.0,49.857142857142854,325.06175,held-out,zero,25,1.0,100.0,0.85,0.0,0.7637660840994769,34080,50.0,0.8553272549776515,0.010000000000001563,retrodiction,0,0.7650995372090943,1.0,1.0,100/50/50 Hz,1.0,700,denied,101,18,0.777452945474683,0.05460918510556986,0.045151640246187175,before_outage,0.635654014123075
0.5685933734037585,1.0,49.93333333333333,325.06175,held-out,zero,40,1.0,100.0,0.85,0.0,0.7054754732957567,34080,50.0,0.8359978701280775,0.010000000000005116,retrodiction,0,0.7084395933972332,1.0,1.0,100/50/50 Hz,1.0,1500,denied,101,25,0.6961223164450246,0.047956346398949884,0.0647380419148216,outage_window,0.42879004985407654
0.6472123156845091,1.0,50.0,325.06175,held-out,zero,60,1.0,100.0,0.85,0.0,0.6496075493376273,34080,50.0,0.7155424484385587,0.010000000000005116,retrodiction,0,0.6530706967491342,1.0,1.0,100/50/50 Hz,1.0,2000,denied,101,40,0.6349708763792893,0.046624334244679246,0.06716670898563995,after_return,0.5574069471535325
0.6308263719174995,1.0,49.8936170212766,554.358389,held-out,zero,60,1.0,99.85106382978724,0.85,0.0,0.4987177511900965,77860,50.0,0.6354194363090769,0.010000000000005116,horizon,0,0.5081935578855119,1.0,1.0,100/50/50 Hz,1.0,4700,denied,101,13,0.4849998303425283,0.051180075996846,0.09767956246947548,flight,0.45432795304220297
0.6087019778703655,1.0,49.857142857142854,554.358389,held-out,zero,25,1.0,100.0,0.85,0.0,0.5191064058618657,77860,50.0,0.5803736430592716,0.010000000000001563,horizon,0,0.5243644368372221,1.0,1.0,100/50/50 Hz,1.0,700,denied,101,18,0.5461102812591239,0.05007110118764185,0.07407160058209232,before_outage,0.3011178936869827
0.7373402320801486,1.0,49.93333333333333,554.358389,held-out,zero,40,1.0,100.0,0.85,0.0,0.5284756370803722,77860,50.0,0.6354194363090769,0.010000000000005116,horizon,0,0.5372944294384302,1.0,1.0,100/50/50 Hz,1.0,1500,denied,101,25,0.4606559877953049,0.05681944553692994,0.09694743378791967,outage_window,0.6042303380078013
0.49728070930101953,1.0,50.0,554.358389,held-out,zero,60,1.0,100.0,0.85,0.0,0.4650882179013047,77860,50.0,0.5238552868284908,0.010000000000005116,horizon,0,0.4776819310398491,1.0,1.0,100/50/50 Hz,1.0,2000,denied,101,40,0.4849998303425283,0.043278146447874914,0.10896319016689812,after_return,0.32435206019311763
0.40698652585563866,1.0,49.8936170212766,319.009469,held-out,zero,60,1.0,99.87234042553192,0.85,6.808510638297872,0.0327689006013413,34080,50.0,0.07270469825297658,0.010000000000005116,retrodiction,0,0.06871464008099669,1.0,1.0,100/50/50 Hz,1.0,4700,transition,101,13,0.04666861914852965,0.04325037364759997,0.060397855217220506,flight,0.30655113189457683
0.4003006703176593,1.0,49.857142857142854,319.009469,held-out,zero,25,1.0,100.0,0.85,10.0,0.034400757247946515,34080,50.0,0.04883791225423163,0.010000000000001563,retrodiction,0,0.055528948317917166,1.0,1.0,100/50/50 Hz,1.0,700,transition,101,18,0.03788041500777335,0.043725088359193726,0.04358958593588348,before_outage,0.23430825734363436
0.3039220649157954,1.0,49.93333333333333,319.009469,held-out,zero,40,1.0,100.0,0.85,0.0,0.030161787627468642,34080,50.0,0.0528158341233588,0.010000000000005116,retrodiction,0,0.07153273297479537,1.0,1.0,100/50/50 Hz,1.0,1500,transition,101,25,0.03622803139236114,0.04189984104207586,0.06486292048588976,outage_window,0.20874452944569608
0.37140759444816496,1.0,49.95,319.009469,held-out,zero,60,1.0,100.0,0.85,10.0,0.03585785071797007,34080,50.0,0.07270469825297658,0.010000000000005116,retrodiction,0,0.07415338338452947,1.0,1.0,100/50/50 Hz,1.0,2000,transition,101,40,0.04666861914852965,0.04352368864044183,0.0649071553009434,after_return,0.27858017149211034
1.1314815921721697,1.0,49.8936170212766,572.24428,held-out,zero,60,1.0,99.85106382978724,0.85,6.808510638297872,0.05789963357810939,77860,50.0,0.17065179852477969,0.010000000000005116,horizon,0,0.11185229567019883,1.0,1.0,100/50/50 Hz,1.0,4700,transition,101,13,0.035353956335339026,0.0623918110956644,0.09570041002113965,flight,0.7860354837619487
1.0526456713366905,1.0,49.857142857142854,572.24428,held-out,zero,25,1.0,100.0,0.85,10.0,0.03551491582924096,77860,50.0,0.06088815516965801,0.010000000000001563,horizon,0,0.07931159183023587,1.0,1.0,100/50/50 Hz,1.0,700,transition,101,18,0.048111713051878634,0.046174048703414704,0.0709155790520522,before_outage,0.23867536031311798
1.4757828232616963,1.0,49.93333333333333,572.24428,held-out,zero,40,1.0,100.0,0.85,0.13333333333333333,0.08737994977766453,77860,50.0,0.17065179852477969,0.010000000000005116,horizon,0,0.13408319804052274,1.0,1.0,100/50/50 Hz,1.0,1500,transition,101,25,0.09121953487450918,0.08438982052398143,0.10170077862841986,outage_window,1.1739027039552234
0.6779857309498589,1.0,49.95,572.24428,held-out,zero,60,1.0,100.0,0.85,9.9,0.0383795117042146,77860,50.0,0.10753662215565545,0.010000000000005116,horizon,0,0.10978453726761749,1.0,1.0,100/50/50 Hz,1.0,2000,transition,101,40,0.035353956335339026,0.048122993988653114,0.1028574630467374,after_return,0.3037198781551308
0.5559144866378968,1.0,49.8936170212766,345.43387,held-out,nominal,60,1.0,99.82978723404256,0.85,10.0,0.041495849991614375,34080,50.0,0.09095104538140841,0.010000000000005116,retrodiction,0,0.07300503079491331,1.0,1.0,100/50/50 Hz,1.0,4700,gps,101,13,0.034742387684013366,0.03518926423728207,0.06006520585863066,flight,0.3415293218514907
0.5210940422800037,1.0,49.857142857142854,345.43387,held-out,nominal,25,1.0,100.0,0.85,10.0,0.04121818395770058,34080,50.0,0.07836550958913414,0.010000000000001563,retrodiction,0,0.06049942715295398,1.0,1.0,100/50/50 Hz,1.0,700,gps,101,18,0.005049993646825106,0.03556546179393365,0.044285911947985666,before_outage,0.28465631825134435
0.5407423921860981,1.0,49.93333333333333,345.43387,held-out,nominal,40,1.0,100.0,0.85,10.0,0.04137224871217852,34080,50.0,0.08277789359822368,0.010000000000005116,retrodiction,0,0.0748519516647121,1.0,1.0,100/50/50 Hz,1.0,1500,gps,101,25,0.040903837320335854,0.034351786499532945,0.062379096695239514,outage_window,0.30099705714465347
0.4640520293962343,1.0,49.95,345.43387,held-out,nominal,60,1.0,100.0,0.85,10.0,0.04002892591207668,34080,50.0,0.09073873693653664,0.010000000000005116,retrodiction,0,0.07679038335409882,1.0,1.0,100/50/50 Hz,1.0,2000,gps,101,40,0.034742387684013366,0.03306832744639727,0.06553203846970528,after_return,0.27220453200971684
0.8644202319856219,1.0,49.8936170212766,602.37745,held-out,nominal,60,1.0,99.85106382978724,0.85,10.0,0.03205897455329461,77860,50.0,0.07654175263082019,0.010000000000005116,horizon,0,0.09742363789829626,1.0,1.0,100/50/50 Hz,1.0,4700,gps,101,13,0.0345636591362893,0.048332435512857416,0.09199775742880668,flight,0.43611385847721623
1.0525174745365324,1.0,49.857142857142854,602.37745,held-out,nominal,25,1.0,100.0,0.85,10.0,0.03551865270976973,77860,50.0,0.060890851103541796,0.010000000000001563,horizon,0,0.07889749920900047,1.0,1.0,100/50/50 Hz,1.0,700,gps,101,18,0.04811381504057357,0.04617388879306761,0.07045027105069927,before_outage,0.2386712696951545
0.7671614828209425,1.0,49.93333333333333,602.37745,held-out,nominal,40,1.0,100.0,0.85,10.0,0.028499005476595625,77860,50.0,0.05405359582665177,0.010000000000005116,horizon,0,0.09588262080387587,1.0,1.0,100/50/50 Hz,1.0,1500,gps,101,25,0.01878676302946102,0.04834170036513487,0.09154935094835366,outage_window,0.2635492782941662
0.6318483367736866,1.0,49.95,602.37745,held-out,nominal,60,1.0,100.0,0.85,10.0,0.03357653612483049,77860,50.0,0.07654175263082019,0.010000000000005116,horizon,0,0.10763743976972072,1.0,1.0,100/50/50 Hz,1.0,2000,gps,101,40,0.0345636591362893,0.04739318395768203,0.10226648846048353,after_return,0.26206383655686855
4.826685250691263,1.0,0.0,298.23729,held-out,nominal,60,1.0,100.0,0.85,0.0,10.935378978953565,34080,49.97872340425532,21.831148322326747,0.010000000000005116,retrodiction,0,655.3917111182749,1.0,1.0,100/50/50 Hz,1.0,4700,denied,101,13,6.710835477908082,27.216471348777237,655.3004749648263,flight,3.18295436133465
5.013021917856002,1.0,0.0,298.23729,held-out,nominal,25,1.0,100.0,0.85,0.0,12.804025247439506,34080,49.857142857142854,16.60712944716583,0.010000000000001563,retrodiction,0,392.08163150026405,1.0,1.0,100/50/50 Hz,1.0,700,denied,101,18,16.602031789757444,30.190521982758522,391.87250821838956,before_outage,2.666826898957605
5.591159451138303,1.0,0.0,298.23729,held-out,nominal,40,1.0,100.0,0.85,0.0,12.400084470483435,34080,50.0,21.831148322326747,0.010000000000005116,retrodiction,0,607.288523745223,1.0,1.0,100/50/50 Hz,1.0,1500,denied,101,25,9.751934070386039,29.739847018370675,607.1619133128963,outage_window,4.1027683647054465
4.554329095420097,1.0,0.0,298.23729,held-out,nominal,60,1.0,100.0,0.85,0.0,8.911933814890778,34080,50.0,18.67681735606,0.010000000000005116,retrodiction,0,813.6329117201883,1.0,1.0,100/50/50 Hz,1.0,2000,denied,101,40,6.710835477908082,23.732091525371857,813.5841028866964,after_return,2.8184522686139672
0.623183154386164,1.0,49.8936170212766,547.29931,held-out,nominal,60,1.0,99.85106382978724,0.85,0.0,0.5323092074534841,77860,50.0,0.6712356830176347,0.010000000000005116,horizon,0,0.5411292295437311,1.0,1.0,100/50/50 Hz,1.0,4700,denied,101,13,0.5185431300181537,0.05093769300671328,0.09730236752944739,flight,0.447070377187188
0.6008004861887493,1.0,49.857142857142854,547.29931,held-out,nominal,25,1.0,100.0,0.85,0.0,0.5556306091550964,77860,50.0,0.617170920820855,0.010000000000001563,horizon,0,0.5605003174071409,1.0,1.0,100/50/50 Hz,1.0,700,denied,101,18,0.5820087878356993,0.0497808054136541,0.0737240258222665,before_outage,0.2926869223866
0.7292378764077198,1.0,49.93333333333333,547.29931,held-out,nominal,40,1.0,100.0,0.85,0.0,0.5624247794330517,77860,50.0,0.6712356830176347,0.010000000000005116,horizon,0,0.5706554814711251,1.0,1.0,100/50/50 Hz,1.0,1500,denied,101,25,0.4921171128450794,0.05650174874543183,0.09657145547585348,outage_window,0.5967094707931812
0.49040061488008885,1.0,50.0,547.29931,held-out,nominal,60,1.0,100.0,0.85,0.0,0.4964238819147533,77860,50.0,0.5562031716243445,0.010000000000005116,horizon,0,0.5081562624686536,1.0,1.0,100/50/50 Hz,1.0,2000,denied,101,40,0.5185431300181537,0.043130028803446185,0.10856388234950985,after_return,0.3175991797954443
0.5978128209615838,1.0,49.87234042553192,338.295179,held-out,nominal,60,1.0,99.82978723404256,0.85,6.808510638297872,0.04013154985709378,34080,50.0,0.1085160120414924,0.010000000000005116,retrodiction,0,0.07336582192575192,1.0,1.0,100/50/50 Hz,1.0,4700,transition,101,13,0.0342677869562244,0.04010430579161373,0.06141663075184715,flight,0.3766456331271563
0.5210940422800037,1.0,49.857142857142854,338.295179,held-out,nominal,25,1.0,100.0,0.85,10.0,0.04121818395770058,34080,50.0,0.07836550958913414,0.010000000000001563,retrodiction,0,0.06049942715295398,1.0,1.0,100/50/50 Hz,1.0,700,transition,101,18,0.005049993646825106,0.03556546179393365,0.044285911947985666,before_outage,0.28465631825134435
0.6106432210561791,1.0,49.86666666666667,338.295179,held-out,nominal,40,1.0,100.0,0.85,0.06666666666666667,0.03092983614835346,34080,50.0,0.05451472891860712,0.010000000000005116,retrodiction,0,0.07319346831481101,1.0,1.0,100/50/50 Hz,1.0,1500,transition,101,25,0.019091440155819372,0.047988072739032224,0.06633723720345347,outage_window,0.40279319375983685
0.5182464883752926,1.0,49.95,338.295179,held-out,nominal,60,1.0,100.0,0.85,9.95,0.04366766559574743,34080,50.0,0.1085160120414924,0.010000000000005116,retrodiction,0,0.07877190483658711,1.0,1.0,100/50/50 Hz,1.0,2000,transition,101,40,0.0342677869562244,0.033482439768099274,0.06556026214866986,after_return,0.2821863758806028
1.1314011948811116,1.0,49.8936170212766,573.456419,held-out,nominal,60,1.0,99.85106382978724,0.85,6.808510638297872,0.057900328841488026,77860,50.0,0.17065300985975693,0.010000000000005116,horizon,0,0.11145103258577965,1.0,1.0,100/50/50 Hz,1.0,4700,transition,101,13,0.03535254152656973,0.062391636455859656,0.09523069139980066,flight,0.7860286410890213
1.0525174745365324,1.0,49.857142857142854,573.456419,held-out,nominal,25,1.0,100.0,0.85,10.0,0.03551865270976973,77860,50.0,0.060890851103541796,0.010000000000001563,horizon,0,0.07889749920900047,1.0,1.0,100/50/50 Hz,1.0,700,transition,101,18,0.04811381504057357,0.04617388879306761,0.07045027105069927,before_outage,0.2386712696951545
1.4756972413794955,1.0,49.93333333333333,573.456419,held-out,nominal,40,1.0,100.0,0.85,0.13333333333333333,0.08738068259138254,77860,50.0,0.17065300985975693,0.010000000000005116,horizon,0,0.1337282019973856,1.0,1.0,100/50/50 Hz,1.0,1500,transition,101,25,0.09122110770150761,0.08438983871489251,0.10123165670538847,outage_window,1.1738799778484876
0.6779100101778852,1.0,49.95,573.456419,held-out,nominal,60,1.0,100.0,0.85,9.9,0.038379239663963616,77860,50.0,0.10753698522415155,0.010000000000005116,horizon,0,0.10933400959232983,1.0,1.0,100/50/50 Hz,1.0,2000,transition,101,40,0.03535254152656973,0.0481227219573105,0.10237655794346531,after_return,0.3037152083535281
0.9256761640257358,1.0,49.87234042553192,346.4969,held-out,stress,60,1.0,99.7872340425532,0.85,10.0,0.054297985141704114,34080,50.0,0.11877273185200467,0.010000000000005116,retrodiction,0,0.08115838137742844,1.0,1.0,100/50/50 Hz,1.0,4700,gps,101,13,0.04384929674166198,0.04185175764536684,0.06031924798400095,flight,0.43656052826342
1.0329155519039104,1.0,49.857142857142854,346.4969,held-out,stress,25,1.0,100.0,0.85,10.0,0.059920411735913275,34080,50.0,0.11029868185700518,0.010000000000001563,retrodiction,0,0.07455368676665647,1.0,1.0,100/50/50 Hz,1.0,700,gps,101,18,0.027873242963291446,0.04623221876798416,0.0443598519823878,before_outage,0.544274570109916
0.9390966715247163,1.0,49.86666666666667,346.4969,held-out,stress,40,1.0,100.0,0.85,10.0,0.05412179533869702,34080,50.0,0.09946474177645823,0.010000000000005116,retrodiction,0,0.08296966932157349,1.0,1.0,100/50/50 Hz,1.0,1500,gps,101,25,0.05842625695355965,0.042095507069273966,0.06288717911186227,outage_window,0.4132937429178697
0.7090217428385331,1.0,50.0,346.4969,held-out,stress,60,1.0,100.0,0.85,10.0,0.04721282302870546,34080,50.0,0.11877273185200467,0.010000000000005116,retrodiction,0,0.08061662298332939,1.0,1.0,100/50/50 Hz,1.0,2000,gps,101,40,0.04384929674166198,0.034587777727157716,0.06534515470099073,after_return,0.28370323385734386
0.8708066378076496,1.0,49.8936170212766,591.685529,held-out,stress,60,1.0,99.85106382978724,0.85,10.0,0.03204296056640483,77860,50.0,0.07656634600053953,0.010000000000005116,horizon,0,0.07615731608617099,1.0,1.0,100/50/50 Hz,1.0,4700,gps,101,13,0.034553064405003976,0.04835550123969842,0.06908824409108097,flight,0.43857814098321085
1.0599266610536235,1.0,49.857142857142854,591.685529,held-out,stress,25,1.0,100.0,0.85,10.0,0.03544770587366172,77860,50.0,0.06082440493562035,0.010000000000001563,horizon,0,0.05990992843072432,1.0,1.0,100/50/50 Hz,1.0,700,gps,101,18,0.048050437697424474,0.04618327751075277,0.04829761560231393,before_outage,0.23887107459814985
0.7727797720482281,1.0,49.93333333333333,591.685529,held-out,stress,40,1.0,100.0,0.85,10.0,0.028476255113489182,77860,50.0,0.054044922051178036,0.010000000000005116,horizon,0,0.07426253812459993,1.0,1.0,100/50/50 Hz,1.0,1500,gps,101,25,0.018791187758901602,0.04837323453604072,0.06858591301002807,outage_window,0.2638542933371852
0.6360457231115781,1.0,49.95,591.685529,held-out,stress,60,1.0,100.0,0.85,10.0,0.03358335632591155,77860,50.0,0.07656634600053953,0.010000000000005116,horizon,0,0.08550254144381317,1.0,1.0,100/50/50 Hz,1.0,2000,gps,101,40,0.034553064405003976,0.04740792331763377,0.07863105475089245,after_return,0.2620894273395825
24.26252485785475,1.0,49.87234042553192,293.373689,held-out,stress,60,1.0,99.87234042553192,0.85,0.0,30.027454883649543,34080,0.0,32.65576803432955,0.010000000000005116,retrodiction,0,30.02751993183907,1.0,1.0,100/50/50 Hz,1.0,4700,denied,101,13,28.328605143037198,1.230155243223903,0.06250173904742724,flight,24.088295583017516
23.54834015618655,1.0,49.857142857142854,293.373689,held-out,stress,25,1.0,100.0,0.85,0.0,30.353684779165928,34080,0.0,32.65576803432955,0.010000000000001563,retrodiction,0,30.35371491029131,1.0,1.0,100/50/50 Hz,1.0,700,denied,101,18,30.885704765900847,1.2180453600305445,0.04276894050087151,before_outage,23.30901550126548
23.936598312974848,1.0,49.8,293.373689,held-out,stress,40,1.0,100.0,0.85,0.0,29.81011884283839,34080,0.0,32.005968185432465,0.010000000000005116,retrodiction,0,29.810191126878856,1.0,1.0,100/50/50 Hz,1.0,1500,denied,101,25,31.346916723025792,1.240019354708779,0.06564752012461736,outage_window,23.77307712638095
24.94290904355729,1.0,50.0,293.373689,held-out,stress,60,1.0,100.0,0.85,0.0,30.227277728919354,34080,0.0,32.08802858439023,0.010000000000005116,retrodiction,0,30.22735753576079,1.0,1.0,100/50/50 Hz,1.0,2000,denied,101,40,28.328605143037198,1.278502903529457,0.06946001361066387,after_return,24.78380666116648
0.6184735454406916,1.0,49.8936170212766,549.29198,held-out,stress,60,1.0,99.85106382978724,0.85,0.0,0.45602081940436995,77860,50.0,0.6050046398525448,0.010000000000005116,horizon,0,0.46207946991441545,1.0,1.0,100/50/50 Hz,1.0,4700,denied,101,13,0.43609167761258216,0.05095501963847707,0.07458182611168887,flight,0.4503710966739753
0.596582337989997,1.0,49.857142857142854,549.29198,held-out,stress,25,1.0,100.0,0.85,0.0,0.493398364587387,77860,50.0,0.5597846262514933,0.010000000000001563,horizon,0,0.49622292028608006,1.0,1.0,100/50/50 Hz,1.0,700,denied,101,18,0.5117747525049688,0.05000507203133741,0.05287003347584769,before_outage,0.30271726436193597
0.7257575250964086,1.0,49.93333333333333,549.29198,held-out,stress,40,1.0,100.0,0.85,0.0,0.48767924624589565,77860,50.0,0.6050046398525448,0.010000000000005116,horizon,0,0.4932645870875156,1.0,1.0,100/50/50 Hz,1.0,1500,denied,101,25,0.4024374766097188,0.056499739316609135,0.07401963020477952,outage_window,0.5998094660166413
0.4843465211363483,1.0,50.0,549.29198,held-out,stress,60,1.0,100.0,0.85,0.0,0.4073282529922808,77860,50.0,0.47104308061147954,0.010000000000005116,horizon,0,0.41601695431128205,1.0,1.0,100/50/50 Hz,1.0,2000,denied,101,40,0.43609167761258216,0.043067977913650836,0.08458014299285523,after_return,0.3193762894720005
0.9333617839568614,1.0,49.851063829787236,335.93966,held-out,stress,60,1.0,99.7872340425532,0.85,6.808510638297872,0.04893642640596797,34080,50.0,0.12843219867302133,0.010000000000005116,retrodiction,0,0.07892731659510278,1.0,1.0,100/50/50 Hz,1.0,4700,transition,101,13,0.04703515161278702,0.04569895832830647,0.06192533791201198,flight,0.41822235998343027
1.0329155519039104,1.0,49.857142857142854,335.93966,held-out,stress,25,1.0,100.0,0.85,10.0,0.059920411735913275,34080,50.0,0.11029868185700518,0.010000000000001563,retrodiction,0,0.07455368676665647,1.0,1.0,100/50/50 Hz,1.0,700,transition,101,18,0.027873242963291446,0.04623221876798416,0.0443598519823878,before_outage,0.544274570109916
0.9242878397565362,1.0,49.86666666666667,335.93966,held-out,stress,40,1.0,100.0,0.85,0.06666666666666667,0.031852746000541825,34080,50.0,0.0637385931311763,0.010000000000005116,retrodiction,0,0.07364828848681607,1.0,1.0,100/50/50 Hz,1.0,1500,transition,101,25,0.06077691675555384,0.052491926570280414,0.06640386260800084,outage_window,0.34932724710211766
0.7463137487186692,1.0,49.95,335.93966,held-out,stress,60,1.0,100.0,0.85,9.95,0.04862366025944301,34080,50.0,0.12843219867302133,0.010000000000005116,retrodiction,0,0.08218656794842139,1.0,1.0,100/50/50 Hz,1.0,2000,transition,101,40,0.04703515161278702,0.03535994270278889,0.06625987936990792,after_return,0.28326235352543117
1.139215913178453,1.0,49.8936170212766,618.08348,held-out,stress,60,1.0,99.85106382978724,0.85,6.808510638297872,0.058080524504828125,77860,50.0,0.17132615455883463,0.010000000000005116,horizon,0,0.09280001517326601,1.0,1.0,100/50/50 Hz,1.0,4700,transition,101,13,0.03534936107377431,0.06256582772296164,0.07237745152602751,flight,0.7905015554527043
1.0599266610536235,1.0,49.857142857142854,618.08348,held-out,stress,25,1.0,100.0,0.85,10.0,0.03544770587366172,77860,50.0,0.06082440493562035,0.010000000000001563,horizon,0,0.05990992843072432,1.0,1.0,100/50/50 Hz,1.0,700,transition,101,18,0.048050437697424474,0.04618327751075277,0.04829761560231393,before_outage,0.23887107459814985
1.4852102139158587,1.0,49.93333333333333,618.08348,held-out,stress,40,1.0,100.0,0.85,0.13333333333333333,0.08775352545503709,77860,50.0,0.17132615455883463,0.010000000000005116,horizon,0,0.11765756166532731,1.0,1.0,100/50/50 Hz,1.0,1500,transition,101,25,0.09196428855643839,0.0847605989037069,0.07837487216731172,outage_window,1.1802901544872026
0.6825716049091338,1.0,49.95,618.08348,held-out,stress,60,1.0,100.0,0.85,9.9,0.0384057852444615,77860,50.0,0.10830536264518106,0.010000000000005116,horizon,0,0.08759212755993659,1.0,1.0,100/50/50 Hz,1.0,2000,transition,101,40,0.03534936107377431,0.048149306480239226,0.07872341754670274,after_return,0.30424507797396144
0.6895167710526175,1.0,49.91489361702128,324.95994,held-out,zero,60,1.0,99.68085106382979,0.85,10.0,0.049698752024538766,34080,50.0,0.08823485120074742,0.010000000000005116,retrodiction,0,0.06235339740912912,1.0,1.0,100/50/50 Hz,1.0,4700,gps,307,13,0.026077873935601507,0.04315098014730616,0.037656078070667336,flight,0.31645024093353613
0.6515361837531306,1.0,49.857142857142854,324.95994,held-out,zero,25,1.0,100.0,0.85,10.0,0.0635825105074416,34080,50.0,0.08823485120074742,0.010000000000001563,retrodiction,0,0.07047282327253968,1.0,1.0,100/50/50 Hz,1.0,700,gps,307,18,0.08823485120074742,0.044650598192732815,0.030392156514036466,before_outage,0.2999996951916283
0.7011440819095505,1.0,49.86666666666667,324.95994,held-out,zero,40,1.0,100.0,0.85,10.0,0.05799931882869362,34080,50.0,0.08572241190325504,0.010000000000005116,retrodiction,0,0.06870951151819679,1.0,1.0,100/50/50 Hz,1.0,1500,gps,307,25,0.035628002070616095,0.04257086551741468,0.03683851229999337,outage_window,0.2342640237874671
0.6724001597970727,1.0,50.0,324.95994,held-out,zero,60,1.0,99.95,0.85,10.0,0.036820489733983976,34080,50.0,0.06131145706155735,0.010000000000005116,retrodiction,0,0.055454309278107725,1.0,1.0,100/50/50 Hz,1.0,2000,gps,307,40,0.026077873935601507,0.043103269748260384,0.041466033729567205,after_return,0.30447372331512873
0.4526678337681631,1.0,49.91489361702128,585.88244,held-out,zero,60,1.0,99.57446808510639,0.85,10.0,0.051229271764337975,77860,50.0,0.09676930444912617,0.010000000000005116,horizon,0,0.0645783873864618,1.0,1.0,100/50/50 Hz,1.0,4700,gps,307,13,0.021943245636612402,0.04631931377023118,0.039318314205107154,flight,0.27992670881560555
0.38330392939304214,1.0,49.857142857142854,585.88244,held-out,zero,25,1.0,99.85714285714286,0.85,10.0,0.06439828215037488,77860,50.0,0.090997092724708,0.010000000000001563,horizon,0,0.0716112980929978,1.0,1.0,100/50/50 Hz,1.0,700,gps,307,18,0.08287860541752164,0.047690223906041024,0.03132154642805649,before_outage,0.29027147680959303
0.4614036569570422,1.0,49.86666666666667,585.88244,held-out,zero,40,1.0,100.0,0.85,10.0,0.058996942680605076,77860,50.0,0.09676930444912617,0.010000000000005116,horizon,0,0.06982217907385457,1.0,1.0,100/50/50 Hz,1.0,1500,gps,307,25,0.032594950088118885,0.0450166630516036,0.03734297048927434,outage_window,0.2309310869589409
0.47241062276753304,1.0,50.0,585.88244,held-out,zero,60,1.0,99.95,0.85,10.0,0.038879819594683805,77860,50.0,0.07352319516278717,0.010000000000005116,horizon,0,0.05760928887359628,1.0,1.0,100/50/50 Hz,1.0,2000,gps,307,40,0.021943245636612402,0.045809536444261986,0.04251105494816972,after_return,0.30182319332773416
1.0302971714942584,1.0,49.93617021276596,312.26431,held-out,zero,60,1.0,99.68085106382979,0.85,0.0,1.3892835650324118,34080,50.0,1.5876004438749212,0.010000000000005116,retrodiction,0,1.3898445492174207,1.0,1.0,100/50/50 Hz,1.0,4700,denied,307,13,1.4423799970949813,0.06194289094193961,0.03948476820506782,flight,0.9045560230403987
1.2298070068684352,1.0,49.857142857142854,312.26431,held-out,zero,25,1.0,99.85714285714286,0.85,0.0,1.2760149756820696,34080,50.0,1.3535260469841681,0.010000000000001563,retrodiction,0,1.2764481651778659,1.0,1.0,100/50/50 Hz,1.0,700,denied,307,18,1.3473936282868428,0.07266694483084316,0.03325207092841217,before_outage,1.1282372180335762
0.8841942740188323,1.0,49.93333333333333,312.26431,held-out,zero,40,1.0,100.0,0.85,0.0,1.3738531456733116,34080,50.0,1.4515356950890648,0.010000000000005116,retrodiction,0,1.3743658616299665,1.0,1.0,100/50/50 Hz,1.0,1500,denied,307,25,1.4309036338815153,0.057023101953124274,0.03753739119101383,outage_window,0.7520963155407233
0.7446091485627541,1.0,50.0,312.26431,held-out,zero,60,1.0,99.95,0.85,0.0,1.4763413376159416,34080,50.0,1.5876004438749212,0.010000000000005116,retrodiction,0,1.4769935442175135,1.0,1.0,100/50/50 Hz,1.0,2000,denied,307,40,1.4423799970949813,0.0525587481154325,0.043888318566386336,after_return,0.5943041726885127
0.4841445020080473,1.0,49.93617021276596,572.877359,held-out,zero,60,1.0,99.59574468085107,0.85,0.0,0.25768129702877074,77860,50.0,0.3941491477291133,0.010000000000005116,horizon,0,0.2620095201622948,1.0,1.0,100/50/50 Hz,1.0,4700,denied,307,13,0.16370863466939098,0.047935006398055036,0.047427184369793485,flight,0.31125944019329926
0.4139667796223314,1.0,49.857142857142854,572.877359,held-out,zero,25,1.0,99.85714285714286,0.85,0.0,0.2808927447131864,77860,50.0,0.32721768006759383,0.010000000000001563,horizon,0,0.2837152098488584,1.0,1.0,100/50/50 Hz,1.0,700,denied,307,18,0.27910565384864766,0.04645346046709251,0.0399197478333018,before_outage,0.2338274281778699
0.40063303658843274,1.0,49.93333333333333,572.877359,held-out,zero,40,1.0,100.0,0.85,0.0,0.22617995819895564,77860,50.0,0.3025959829318489,0.010000000000005116,horizon,0,0.23019739641802392,1.0,1.0,100/50/50 Hz,1.0,1500,denied,307,25,0.2824555904869867,0.042666921283159645,0.04281901244488865,outage_window,0.15912967305092668
0.4684016760349076,1.0,50.0,572.877359,held-out,zero,60,1.0,99.95,0.85,0.0,0.24856193647030342,77860,50.0,0.30281022557519754,0.010000000000005116,horizon,0,0.2540134824145468,1.0,1.0,100/50/50 Hz,1.0,2000,denied,307,40,0.16370863466939098,0.046393573279106634,0.05234322292807465,after_return,0.28119271202895335
0.6650425602416845,1.0,49.93617021276596,319.99761,held-out,zero,60,1.0,99.68085106382979,0.85,6.808510638297872,0.06513961720820542,34080,50.0,0.10911747555408255,0.010000000000005116,retrodiction,0,0.07539184970097558,1.0,1.0,100/50/50 Hz,1.0,4700,transition,307,13,0.025962184426109633,0.043768220957011376,0.03795736122681555,flight,0.3295587672874605
0.6515361837531306,1.0,49.857142857142854,319.99761,held-out,zero,25,1.0,100.0,0.85,10.0,0.0635825105074416,34080,50.0,0.08823485120074742,0.010000000000001563,retrodiction,0,0.07047282327253968,1.0,1.0,100/50/50 Hz,1.0,700,transition,307,18,0.08823485120074742,0.044650598192732815,0.030392156514036466,before_outage,0.2999996951916283
0.6280196153991382,1.0,49.93333333333333,319.99761,held-out,zero,40,1.0,100.0,0.85,0.0,0.09152346210287433,34080,50.0,0.10903983214214946,0.010000000000005116,retrodiction,0,0.09901873302178962,1.0,1.0,100/50/50 Hz,1.0,1500,transition,307,25,0.10713742793590042,0.04435415595807934,0.037791075321352986,outage_window,0.2686400165317768
0.6686636700297292,1.0,50.0,319.99761,held-out,zero,60,1.0,99.95,0.85,10.0,0.04199178482423261,34080,50.0,0.10911747555408255,0.010000000000005116,retrodiction,0,0.05901661111616627,1.0,1.0,100/50/50 Hz,1.0,2000,transition,307,40,0.025962184426109633,0.04321701200411188,0.0414686676288514,after_return,0.31565599996677846
0.4358768556909948,1.0,49.93617021276596,567.97132,held-out,zero,60,1.0,99.57446808510639,0.85,6.808510638297872,0.06597765315800126,77860,50.0,0.116049484812636,0.010000000000005116,horizon,0,0.07761632977129336,1.0,1.0,100/50/50 Hz,1.0,4700,transition,307,13,0.022127845461147187,0.045330796541930986,0.04088085041836394,flight,0.30647753178261417
0.38330392939304214,1.0,49.857142857142854,567.97132,held-out,zero,25,1.0,99.85714285714286,0.85,10.0,0.06439828215037488,77860,50.0,0.090997092724708,0.010000000000001563,horizon,0,0.0716112980929978,1.0,1.0,100/50/50 Hz,1.0,700,transition,307,18,0.08287860541752164,0.047690223906041024,0.03132154642805649,before_outage,0.29027147680959303
0.4093484603034448,1.0,49.93333333333333,567.97132,held-out,zero,40,1.0,100.0,0.85,0.13333333333333333,0.09116996987707418,77860,50.0,0.116049484812636,0.010000000000005116,horizon,0,0.10048389632147744,1.0,1.0,100/50/50 Hz,1.0,1500,transition,307,25,0.10598787395702142,0.042158750630026186,0.04224985221937248,outage_window,0.29750761473099047
0.4712815190371548,1.0,50.0,567.97132,held-out,zero,60,1.0,99.95,0.85,9.9,0.04416317994259445,77860,50.0,0.11257207277807846,0.010000000000005116,horizon,0,0.06131190718281813,1.0,1.0,100/50/50 Hz,1.0,2000,transition,307,40,0.022127845461147187,0.045524320718224244,0.0425295603051869,after_return,0.3182756514054584
0.5829134380303155,1.0,49.93617021276596,356.124579,held-out,nominal,60,1.0,99.57446808510639,0.85,10.0,0.0571986413394735,34080,50.0,0.11491625100789268,0.010000000000005116,retrodiction,0,0.0688063252909192,1.0,1.0,100/50/50 Hz,1.0,4700,gps,307,13,0.030472417258127826,0.03609905961782335,0.03824429145582465,flight,0.5144539236331267
0.3732960662173972,1.0,49.857142857142854,356.124579,held-out,nominal,25,1.0,99.85714285714286,0.85,10.0,0.0638091405060819,34080,50.0,0.09607661245420863,0.010000000000001563,retrodiction,0,0.07058521649359202,1.0,1.0,100/50/50 Hz,1.0,700,gps,307,18,0.08424380195267905,0.032306326659035996,0.030177249300132606,before_outage,0.25042127299084266
0.33065971257453164,1.0,49.86666666666667,356.124579,held-out,nominal,40,1.0,100.0,0.85,10.0,0.06760206092658311,34080,50.0,0.11415978170234284,0.010000000000005116,retrodiction,0,0.07715119278866422,1.0,1.0,100/50/50 Hz,1.0,1500,gps,307,25,0.0270906323324974,0.03380906243686956,0.03717886371572133,outage_window,0.2591341327926631
0.4697277821991054,1.0,50.0,356.124579,held-out,nominal,60,1.0,99.95,0.85,10.0,0.04487554970488696,34080,50.0,0.084803851875286,0.010000000000005116,retrodiction,0,0.061940394248409546,1.0,1.0,100/50/50 Hz,1.0,2000,gps,307,40,0.030472417258127826,0.03596007425293902,0.04269423237783561,after_return,0.39556245296830717
0.5023549466418622,1.0,49.91489361702128,596.205119,held-out,nominal,60,1.0,99.57446808510639,0.85,10.0,0.05125483112728194,77860,50.0,0.09688109827936947,0.010000000000005116,horizon,0,0.06507494948299775,1.0,1.0,100/50/50 Hz,1.0,4700,gps,307,13,0.022215978355700536,0.04642290813480787,0.04009602644064022,flight,0.3145122293915253
0.43169208084054683,1.0,49.857142857142854,596.205119,held-out,nominal,25,1.0,99.85714285714286,0.85,10.0,0.06475975610095815,77860,50.0,0.09220532673642662,0.010000000000001563,horizon,0,0.0718839062287387,1.0,1.0,100/50/50 Hz,1.0,700,gps,307,18,0.08289135742971337,0.047669453589542936,0.03120048019576802,before_outage,0.2837617582215821
0.4953408294541702,1.0,49.86666666666667,596.205119,held-out,nominal,40,1.0,100.0,0.85,10.0,0.05864568698581487,77860,50.0,0.09688109827936947,0.010000000000005116,horizon,0,0.07009168068553004,1.0,1.0,100/50/50 Hz,1.0,1500,gps,307,25,0.0325602458939612,0.045028739200655366,0.038386548415872565,outage_window,0.23534247491334037
0.476991602284745,1.0,50.0,596.205119,held-out,nominal,60,1.0,99.95,0.85,10.0,0.039236228646845506,77860,50.0,0.07461396685719053,0.010000000000005116,horizon,0,0.059006088262835814,1.0,1.0,100/50/50 Hz,1.0,2000,gps,307,40,0.022215978355700536,0.045743077183578264,0.04407081589503455,after_return,0.3022769522827101
5.044066522642166,1.0,0.0,298.0426,held-out,nominal,60,1.0,99.93617021276596,0.85,0.0,10.672970314351257,34080,50.0,22.097688795240806,0.010000000000005116,retrodiction,0,603.7730044538838,1.0,1.0,100/50/50 Hz,1.0,4700,denied,307,13,11.218558688645206,25.511397282917443,603.678663373105,flight,3.4955805769868693
5.252758711410921,1.0,0.0,298.0426,held-out,nominal,25,1.0,100.0,0.85,0.0,10.60320763539397,34080,50.0,14.446973141056676,0.010000000000001563,retrodiction,0,336.07511928634403,1.0,1.0,100/50/50 Hz,1.0,700,denied,307,18,14.446973141056676,26.838801175981118,335.90781144708603,before_outage,3.135733263950006
5.741308361323651,1.0,0.0,298.0426,held-out,nominal,40,1.0,100.0,0.85,0.0,10.443983821065197,34080,50.0,19.17113826813801,0.010000000000005116,retrodiction,0,534.8310195203313,1.0,1.0,100/50/50 Hz,1.0,1500,denied,307,25,12.975312235674094,27.12866301145206,534.7290366560454,outage_window,4.246295826561329
4.92898253266194,1.0,0.0,298.0426,held-out,nominal,60,1.0,100.0,0.85,0.0,11.494715972947118,34080,50.0,22.097688795240806,0.010000000000005116,retrodiction,0,768.2745012722122,1.0,1.0,100/50/50 Hz,1.0,2000,denied,307,40,11.218558688645206,23.90626028368209,768.1885060385683,after_return,3.3579008897156744
0.47583303793137605,1.0,49.93617021276596,553.190569,held-out,nominal,60,1.0,99.59574468085107,0.85,0.0,0.29056816207940406,77860,50.0,0.3966953063498901,0.010000000000005116,horizon,0,0.2945708949339464,1.0,1.0,100/50/50 Hz,1.0,4700,denied,307,13,0.21538295190497886,0.048040747964073496,0.04839581932340082,flight,0.3127999982286841
0.37931554273691737,1.0,49.857142857142854,553.190569,held-out,nominal,25,1.0,99.85714285714286,0.85,0.0,0.29019908803572736,77860,50.0,0.337134620161522,0.010000000000001563,horizon,0,0.29291822285939,1.0,1.0,100/50/50 Hz,1.0,700,denied,307,18,0.2975784819135274,0.045709846856814285,0.03981927405585685,before_outage,0.1879239412025584
0.40709559057502726,1.0,49.93333333333333,553.190569,held-out,nominal,40,1.0,100.0,0.85,0.0,0.2596684147770245,77860,50.0,0.34010389831327614,0.010000000000005116,horizon,0,0.263318038982469,1.0,1.0,100/50/50 Hz,1.0,1500,denied,307,25,0.3211846523095237,0.042939466944765366,0.04368871731649087,outage_window,0.1947304552753662
0.477238198056026,1.0,50.0,553.190569,held-out,nominal,60,1.0,99.95,0.85,0.0,0.2997189246362173,77860,50.0,0.34610529315754546,0.010000000000005116,horizon,0,0.30459461852736036,1.0,1.0,100/50/50 Hz,1.0,2000,denied,307,40,0.21538295190497886,0.047176884900806335,0.05428119242184803,after_return,0.30769148769234905
0.656648606172506,1.0,49.95744680851064,340.200919,held-out,nominal,60,1.0,99.57446808510639,0.85,6.808510638297872,0.07469503444441397,34080,50.0,0.156884852076107,0.010000000000005116,retrodiction,0,0.08404904247861164,1.0,1.0,100/50/50 Hz,1.0,4700,transition,307,13,0.030248229421191708,0.04261777624577332,0.03853431420071304,flight,0.5883320496483763
0.3732960662173972,1.0,49.857142857142854,340.200919,held-out,nominal,25,1.0,99.85714285714286,0.85,10.0,0.0638091405060819,34080,50.0,0.09607661245420863,0.010000000000001563,retrodiction,0,0.07058521649359202,1.0,1.0,100/50/50 Hz,1.0,700,transition,307,18,0.08424380195267905,0.032306326659035996,0.030177249300132606,before_outage,0.25042127299084266
0.6251117624772525,1.0,49.93333333333333,340.200919,held-out,nominal,40,1.0,100.0,0.85,0.06666666666666667,0.10500530523691338,34080,50.0,0.156884852076107,0.010000000000005116,retrodiction,0,0.11168073873693116,1.0,1.0,100/50/50 Hz,1.0,1500,transition,307,25,0.13174135302814158,0.05221134126052702,0.03803252919448461,outage_window,0.5528782857196327
0.47366752985207544,1.0,50.0,340.200919,held-out,nominal,60,1.0,99.95,0.85,9.95,0.05093886341021407,34080,50.0,0.13174450517447783,0.010000000000005116,retrodiction,0,0.06649616515381217,1.0,1.0,100/50/50 Hz,1.0,2000,transition,307,40,0.030248229421191708,0.036218231670487905,0.04274309505216739,after_return,0.41113910998141323
0.5648622372117108,1.0,49.93617021276596,583.572659,held-out,nominal,60,1.0,99.57446808510639,0.85,6.808510638297872,0.06648511191852684,77860,50.0,0.12059097535361002,0.010000000000005116,horizon,0,0.0784556454661751,1.0,1.0,100/50/50 Hz,1.0,4700,transition,307,13,0.022419018219611352,0.04768961461274492,0.04165354965300223,flight,0.42961554964199095
0.43169208084054683,1.0,49.857142857142854,583.572659,held-out,nominal,25,1.0,99.85714285714286,0.85,10.0,0.06475975610095815,77860,50.0,0.09220532673642662,0.010000000000001563,horizon,0,0.0718839062287387,1.0,1.0,100/50/50 Hz,1.0,700,transition,307,18,0.08289135742971337,0.047669453589542936,0.03120048019576802,before_outage,0.2837617582215821
0.6645975993565376,1.0,49.93333333333333,583.572659,held-out,nominal,40,1.0,100.0,0.85,0.13333333333333333,0.09234426538908308,77860,50.0,0.12059097535361002,0.010000000000005116,horizon,0,0.10195841290242803,1.0,1.0,100/50/50 Hz,1.0,1500,transition,307,25,0.09823206137501139,0.04903389162166872,0.043220997343103904,outage_window,0.5487945570433793
0.48686879462480376,1.0,50.0,583.572659,held-out,nominal,60,1.0,99.95,0.85,9.9,0.04401614136497329,77860,50.0,0.10918547347692854,0.010000000000005116,horizon,0,0.06231356198164657,1.0,1.0,100/50/50 Hz,1.0,2000,transition,307,40,0.022419018219611352,0.04571682561447721,0.04410849471676852,after_return,0.3291056446029889
5.012804055554016,1.0,49.91489361702128,343.675,held-out,stress,60,1.0,99.55319148936171,0.85,10.0,0.08713532028665655,34080,46.829787234042556,0.4602082585359061,0.010000000000005116,retrodiction,0,0.09520389405168869,1.0,1.0,100/50/50 Hz,1.0,4700,gps,307,13,0.027951355224172917,0.11442857849048826,0.038356451884226,flight,4.972800664601841
0.823984309880076,1.0,49.857142857142854,343.675,held-out,stress,25,1.0,100.0,0.85,10.0,0.055045333945297,34080,50.0,0.11417177251837496,0.010000000000001563,retrodiction,0,0.06269911652858474,1.0,1.0,100/50/50 Hz,1.0,700,gps,307,18,0.09782745008912369,0.04401538149543947,0.030019833848903662,before_outage,0.5900210804385059
0.6839240307210437,1.0,49.86666666666667,343.675,held-out,stress,40,1.0,100.0,0.85,10.0,0.06761229522522628,34080,50.0,0.12450597760963958,0.010000000000005116,retrodiction,0,0.07737952508622359,1.0,1.0,100/50/50 Hz,1.0,1500,gps,307,25,0.023529187581939993,0.0410068522258755,0.03763201345857472,outage_window,0.39592502209182245
0.7333356730081146,1.0,49.95,343.675,held-out,stress,60,1.0,99.9,0.85,10.0,0.04933170506099338,34080,50.0,0.10330327305170497,0.010000000000005116,retrodiction,0,0.06533778633762931,1.0,1.0,100/50/50 Hz,1.0,2000,gps,307,40,0.027951355224172917,0.03972622975583587,0.042841675962511774,after_return,0.43687516865156933
0.5095244446111984,1.0,49.91489361702128,626.01008,held-out,stress,60,1.0,99.57446808510639,0.85,10.0,0.05121304040226495,77860,50.0,0.09690218495647268,0.010000000000005116,horizon,0,0.06626437637207172,1.0,1.0,100/50/50 Hz,1.0,4700,gps,307,13,0.02221530819683673,0.04642580536655174,0.04204987596575706,flight,0.3088653163648575
0.4404496363694181,1.0,49.857142857142854,626.01008,held-out,stress,25,1.0,99.85714285714286,0.85,10.0,0.0646294197846955,77860,50.0,0.0918913369628295,0.010000000000001563,horizon,0,0.07203934624072629,1.0,1.0,100/50/50 Hz,1.0,700,gps,307,18,0.08291825294694743,0.047672787408119116,0.03182303419042339,before_outage,0.28502850765389415
0.5101640290202708,1.0,49.86666666666667,626.01008,held-out,stress,40,1.0,100.0,0.85,10.0,0.05873584091825562,77860,50.0,0.09690218495647268,0.010000000000005116,horizon,0,0.0714937357398063,1.0,1.0,100/50/50 Hz,1.0,1500,gps,307,25,0.03253455812558993,0.04511912754358455,0.04076095241353697,outage_window,0.23520107503894214
0.4897502816294684,1.0,50.0,626.01008,held-out,stress,60,1.0,99.95,0.85,10.0,0.03915328467555006,77860,50.0,0.07443233861568264,0.010000000000005116,horizon,0,0.06134290305228187,1.0,1.0,100/50/50 Hz,1.0,2000,gps,307,40,0.02221530819683673,0.04574254602950126,0.047222579916783344,after_return,0.30229621147115443
3.7948629098194058,1.0,49.8936170212766,328.106859,held-out,stress,60,1.0,99.68085106382979,0.85,0.0,36.795204106359066,34080,50.0,38.450043459549185,0.010000000000005116,retrodiction,0,36.79522797898667,1.0,1.0,100/50/50 Hz,1.0,4700,denied,307,13,37.47981816903699,0.16591861173126884,0.041914162044973675,flight,2.7808269399131715
3.416544528021031,1.0,49.857142857142854,328.106859,held-out,stress,25,1.0,99.85714285714286,0.85,0.0,37.78670927051945,34080,50.0,38.43097499786819,0.010000000000001563,retrodiction,0,37.78672285643237,1.0,1.0,100/50/50 Hz,1.0,700,denied,307,18,37.947652367622325,0.12078617034053886,0.03204269132899915,before_outage,2.003863793385268
3.7481482660363477,1.0,49.86666666666667,328.106859,held-out,stress,40,1.0,100.0,0.85,0.0,36.344597615728055,34080,50.0,38.450043459549185,0.010000000000005116,retrodiction,0,36.344619391269006,1.0,1.0,100/50/50 Hz,1.0,1500,denied,307,25,35.76044964601666,0.16442737888265496,0.0397850100121655,outage_window,2.7155191592302024
3.8552752632100855,1.0,49.95,328.106859,held-out,stress,60,1.0,100.0,0.85,0.0,36.73325872568154,34080,50.0,37.67588286805302,0.010000000000005116,retrodiction,0,36.73328768813377,1.0,1.0,100/50/50 Hz,1.0,2000,denied,307,40,37.47981816903699,0.18119286344690427,0.046127771913189404,after_return,2.9582785113731673
0.41223114657363785,1.0,49.93617021276596,612.339819,held-out,stress,60,1.0,99.59574468085107,0.85,0.0,0.2906815068459471,77860,50.0,0.3876908767555141,0.010000000000005116,horizon,0,0.29505893499349056,1.0,1.0,100/50/50 Hz,1.0,4700,denied,307,13,0.27262908107197753,0.04767999054737257,0.050636317967072915,flight,0.3077956751151903
0.2803796393953775,1.0,49.857142857142854,612.339819,held-out,stress,25,1.0,99.85714285714286,0.85,0.0,0.22383156860368736,77860,50.0,0.26333889447705483,0.010000000000001563,horizon,0,0.22748931990516455,1.0,1.0,100/50/50 Hz,1.0,700,denied,307,18,0.24324414588742305,0.04532814359806476,0.04063027894719757,before_outage,0.14636972047238916
0.35409593002930984,1.0,49.93333333333333,612.339819,held-out,stress,40,1.0,100.0,0.85,0.0,0.2534645809000407,77860,50.0,0.33609553755894844,0.010000000000005116,horizon,0,0.2575740255867621,1.0,1.0,100/50/50 Hz,1.0,1500,denied,307,25,0.31774627031493097,0.04281326667607744,0.045826683123882196,outage_window,0.2215387791821538
0.404698186034491,1.0,50.0,612.339819,held-out,stress,60,1.0,99.95,0.85,0.0,0.341430297439858,77860,50.0,0.3876908767555141,0.010000000000005116,horizon,0,0.34631702934405256,1.0,1.0,100/50/50 Hz,1.0,2000,denied,307,40,0.27262908107197753,0.046882699351252534,0.05797272465409477,after_return,0.2880569817486087
5.01920025874646,1.0,49.93617021276596,368.16564,held-out,stress,60,1.0,99.55319148936171,0.85,6.808510638297872,0.09150503003472167,34080,46.829787234042556,0.4602082585359061,0.010000000000005116,retrodiction,0,0.09931516608239829,1.0,1.0,100/50/50 Hz,1.0,4700,transition,307,13,0.029348926677614896,0.11612326086510898,0.03860481436711022,flight,4.977160669898439
0.823984309880076,1.0,49.857142857142854,368.16564,held-out,stress,25,1.0,100.0,0.85,10.0,0.055045333945297,34080,50.0,0.11417177251837496,0.010000000000001563,retrodiction,0,0.06269911652858474,1.0,1.0,100/50/50 Hz,1.0,700,transition,307,18,0.09782745008912369,0.04401538149543947,0.030019833848903662,before_outage,0.5900210804385059
0.7572000072291437,1.0,49.93333333333333,368.16564,held-out,stress,40,1.0,100.0,0.85,0.06666666666666667,0.07794951023269533,34080,50.0,0.11201016864317635,0.010000000000005116,retrodiction,0,0.08685279494185093,1.0,1.0,100/50/50 Hz,1.0,1500,transition,307,25,0.10425638269809333,0.05154845655339713,0.038305115111354655,outage_window,0.4652330456233969
0.7806236066727601,1.0,49.95,368.16564,held-out,stress,60,1.0,99.9,0.85,9.95,0.05603137150532345,34080,50.0,0.11296585720230375,0.010000000000005116,retrodiction,0,0.07057979400110218,1.0,1.0,100/50/50 Hz,1.0,2000,transition,307,40,0.029348926677614896,0.04200697291680735,0.042918442754490124,after_return,0.49803962487805004
0.5635840518698861,1.0,49.93617021276596,577.601719,held-out,stress,60,1.0,99.57446808510639,0.85,6.808510638297872,0.06632091449855697,77860,50.0,0.11982985914389174,0.010000000000005116,horizon,0,0.07933720227364435,1.0,1.0,100/50/50 Hz,1.0,4700,transition,307,13,0.02241070684432795,0.04753308363832445,0.043542254933389174,flight,0.4192068858018179
0.4404496363694181,1.0,49.857142857142854,577.601719,held-out,stress,25,1.0,99.85714285714286,0.85,10.0,0.0646294197846955,77860,50.0,0.0918913369628295,0.010000000000001563,horizon,0,0.07203934624072629,1.0,1.0,100/50/50 Hz,1.0,700,transition,307,18,0.08291825294694743,0.047672787408119116,0.03182303419042339,before_outage,0.28502850765389415
0.6568702345185464,1.0,49.93333333333333,577.601719,held-out,stress,40,1.0,100.0,0.85,0.13333333333333333,0.09205394804811447,77860,50.0,0.11982985914389174,0.010000000000005116,horizon,0,0.10260381450331779,1.0,1.0,100/50/50 Hz,1.0,1500,transition,307,25,0.09895237239361432,0.048653193785198744,0.04531681144328545,outage_window,0.5336419975330516
0.49776977416564194,1.0,50.0,577.601719,held-out,stress,60,1.0,99.95,0.85,9.9,0.044020724625248836,77860,50.0,0.1092755837683549,0.010000000000005116,horizon,0,0.06460539441650891,1.0,1.0,100/50/50 Hz,1.0,2000,transition,307,40,0.02241070684432795,0.04569817409928882,0.04728670839866834,after_return,0.3287604018199004
0.6388456796708772,1.0,49.91489361702128,331.877279,held-out,zero,60,1.0,99.7872340425532,0.85,10.0,0.03867594870391807,34080,50.0,0.07149638415294961,0.010000000000005116,retrodiction,0,0.061798337651176316,1.0,1.0,100/50/50 Hz,1.0,4700,gps,911,13,0.06358976916968394,0.043973021777028186,0.04819964240843177,flight,0.30680956982104035
0.5505529691793971,1.0,49.714285714285715,331.877279,held-out,zero,25,1.0,100.0,0.85,10.0,0.0430490272557346,34080,50.0,0.06585248646998221,0.010000000000001563,retrodiction,0,0.05825117190141315,1.0,1.0,100/50/50 Hz,1.0,700,gps,911,18,0.03714170517253263,0.047453000506717254,0.03924258248666879,before_outage,0.27332506584008653
0.5466198867052884,1.0,49.93333333333333,331.877279,held-out,zero,40,1.0,100.0,0.85,10.0,0.035343519912613565,34080,50.0,0.06669745776079548,0.010000000000005116,retrodiction,0,0.06209688802762813,1.0,1.0,100/50/50 Hz,1.0,1500,gps,911,25,0.033927999896213805,0.04258838703303521,0.05105740987263724,outage_window,0.29160969278601667
0.7113428735837547,1.0,49.95,331.877279,held-out,zero,60,1.0,100.0,0.85,10.0,0.03908179482791694,34080,50.0,0.07149638415294961,0.010000000000005116,retrodiction,0,0.06566353010156524,1.0,1.0,100/50/50 Hz,1.0,2000,gps,911,40,0.06358976916968394,0.04419258072762393,0.05276658505558011,after_return,0.27231606038572403
0.4406944360446308,1.0,49.91489361702128,621.174249,held-out,zero,60,1.0,99.74468085106383,0.85,10.0,0.03898360512196443,77860,50.0,0.08902971616833329,0.010000000000005116,horizon,0,0.0559737627815335,1.0,1.0,100/50/50 Hz,1.0,4700,gps,911,13,0.065570099223584,0.0471216256160754,0.04016641198337404,flight,0.2855095998202825
0.36195666857924746,1.0,49.714285714285715,621.174249,held-out,zero,25,1.0,100.0,0.85,10.0,0.042462175440277396,77860,50.0,0.06562417615063237,0.010000000000001563,horizon,0,0.053070425663604766,1.0,1.0,100/50/50 Hz,1.0,700,gps,911,18,0.034735765314139216,0.05029021512339177,0.03183447403358978,before_outage,0.2837546265737874
0.36756544975607686,1.0,49.93333333333333,621.174249,held-out,zero,40,1.0,100.0,0.85,10.0,0.03666667370872839,77860,50.0,0.07645622375610317,0.010000000000005116,horizon,0,0.05442311662445844,1.0,1.0,100/50/50 Hz,1.0,1500,gps,911,25,0.021938056821901707,0.045186478168465126,0.04021729307470917,outage_window,0.28935894386979977
0.49383440417841684,1.0,49.95,621.174249,held-out,zero,60,1.0,100.0,0.85,10.0,0.03944875027705882,77860,50.0,0.08902971616833329,0.010000000000005116,horizon,0,0.059935059431462115,1.0,1.0,100/50/50 Hz,1.0,2000,gps,911,40,0.065570099223584,0.047419985387925544,0.04512213925149324,after_return,0.2688729799565635
1.1307020861093395,1.0,49.95744680851064,339.42367,held-out,zero,60,1.0,99.7872340425532,0.85,0.0,0.7692978798464535,34080,50.0,0.9095212227105832,0.010000000000005116,retrodiction,0,0.7709159303129516,1.0,1.0,100/50/50 Hz,1.0,4700,denied,911,13,0.8286695954522715,0.06821452718950055,0.04992137492132343,flight,1.0493189160519723
1.0947201053298368,1.0,49.857142857142854,339.42367,held-out,zero,25,1.0,100.0,0.85,0.0,0.7993482037221482,34080,50.0,0.9095212227105832,0.010000000000001563,retrodiction,0,0.800310993086972,1.0,1.0,100/50/50 Hz,1.0,700,denied,911,18,0.8537516208527012,0.06925029635812321,0.03924455200445696,before_outage,1.028745439318206
1.2194035695523533,1.0,49.93333333333333,339.42367,held-out,zero,40,1.0,100.0,0.85,0.0,0.742406677704953,34080,50.0,0.8954302444767575,0.010000000000005116,retrodiction,0,0.7442684088854266,1.0,1.0,100/50/50 Hz,1.0,1500,denied,911,25,0.7967418157451008,0.07355670119984237,0.052609783918377215,outage_window,1.1196777707477543
0.9749341658465212,1.0,50.0,339.42367,held-out,zero,60,1.0,100.0,0.85,0.0,0.7767367460516554,34080,50.0,0.8927897599930091,0.010000000000005116,retrodiction,0,0.7786871241288199,1.0,1.0,100/50/50 Hz,1.0,2000,denied,911,40,0.8286695954522715,0.06123106814038432,0.05507871292158433,after_return,0.9103440422353214
0.4687644112413589,1.0,49.95744680851064,600.27954,held-out,zero,60,1.0,99.74468085106383,0.85,0.0,0.8185612490222087,77860,50.0,0.9337235032605335,0.010000000000005116,horizon,0,0.8199648617050455,1.0,1.0,100/50/50 Hz,1.0,4700,denied,911,13,0.8146652341793165,0.04987242327960919,0.04795681422046148,flight,0.4280007579197683
0.2668501906867655,1.0,49.857142857142854,600.27954,held-out,zero,25,1.0,100.0,0.85,0.0,0.8200563758699124,77860,50.0,0.8847790433011469,0.010000000000001563,horizon,0,0.8209749628677773,1.0,1.0,100/50/50 Hz,1.0,700,denied,911,18,0.8107096115703353,0.04659223563236281,0.03882563651574833,before_outage,0.2343556612787639
0.5224973825021804,1.0,49.93333333333333,600.27954,held-out,zero,40,1.0,100.0,0.85,0.0,0.799186857114715,77860,50.0,0.8913202719323892,0.010000000000005116,horizon,0,0.8006212587651662,1.0,1.0,100/50/50 Hz,1.0,1500,denied,911,25,0.8492709087152486,0.05136620156410888,0.04790373056269663,outage_window,0.47491543256215724
0.453825400098199,1.0,50.0,600.27954,held-out,zero,60,1.0,100.0,0.85,0.0,0.827350185318984,77860,50.0,0.890312851758943,0.010000000000005116,horizon,0,0.8290920046711263,1.0,1.0,100/50/50 Hz,1.0,2000,denied,911,40,0.8146652341793165,0.04878835746347302,0.05371427242577076,after_return,0.41225505382440003
0.5740705610132277,1.0,49.91489361702128,334.01252,held-out,zero,60,1.0,99.7872340425532,0.85,6.808510638297872,0.037485282853744945,34080,50.0,0.11461634702758958,0.010000000000005116,retrodiction,0,0.061647333582777436,1.0,1.0,100/50/50 Hz,1.0,4700,transition,911,13,0.06447644493477017,0.044799924352550966,0.0489412638500578,flight,0.2713249243295765
0.5505529691793971,1.0,49.714285714285715,334.01252,held-out,zero,25,1.0,100.0,0.85,10.0,0.0430490272557346,34080,50.0,0.06585248646998221,0.010000000000001563,retrodiction,0,0.05825117190141315,1.0,1.0,100/50/50 Hz,1.0,700,transition,911,18,0.03714170517253263,0.047453000506717254,0.03924258248666879,before_outage,0.27332506584008653
0.41911182696181154,1.0,49.93333333333333,334.01252,held-out,zero,40,1.0,100.0,0.85,0.0,0.023079159085944694,34080,50.0,0.04165636018981207,0.010000000000005116,retrodiction,0,0.057996340474829745,1.0,1.0,100/50/50 Hz,1.0,1500,transition,911,25,0.0227362038280895,0.045044518775078264,0.05320646506166363,outage_window,0.12957440107311657
0.6432189767581313,1.0,49.95,334.01252,held-out,zero,60,1.0,100.0,0.85,10.0,0.0430310381186296,34080,50.0,0.11461634702758958,0.010000000000005116,retrodiction,0,0.0680972048208494,1.0,1.0,100/50/50 Hz,1.0,2000,transition,911,40,0.06447644493477017,0.04431772983778631,0.05277839579644081,after_return,0.2777247613850258
0.39907606279072755,1.0,49.91489361702128,573.709919,held-out,zero,60,1.0,99.74468085106383,0.85,6.808510638297872,0.036658085638189515,77860,50.0,0.11636677451027351,0.010000000000005116,horizon,0,0.056411005468349096,1.0,1.0,100/50/50 Hz,1.0,4700,transition,911,13,0.06630979250415593,0.04748573493882267,0.04287640721064763,flight,0.2676827918425056
0.36195666857924746,1.0,49.714285714285715,573.709919,held-out,zero,25,1.0,100.0,0.85,10.0,0.042462175440277396,77860,50.0,0.06562417615063237,0.010000000000001563,horizon,0,0.053070425663604766,1.0,1.0,100/50/50 Hz,1.0,700,transition,911,18,0.034735765314139216,0.05029021512339177,0.03183447403358978,before_outage,0.2837546265737874
0.31461969641817134,1.0,49.93333333333333,573.709919,held-out,zero,40,1.0,100.0,0.85,0.13333333333333333,0.01954748222315867,77860,50.0,0.047083720629288485,0.010000000000005116,horizon,0,0.0519583954247155,1.0,1.0,100/50/50 Hz,1.0,1500,transition,911,25,0.009587295753949768,0.046536581610416634,0.04814115488691971,outage_window,0.22473162035302394
0.4345449352485902,1.0,49.95,573.709919,held-out,zero,60,1.0,100.0,0.85,9.9,0.04318078210090933,77860,50.0,0.11636677451027351,0.010000000000005116,horizon,0,0.06248471459022547,1.0,1.0,100/50/50 Hz,1.0,2000,transition,911,40,0.06630979250415593,0.047294077238120666,0.0451636979727715,after_return,0.2720955973324946
0.3278696242151759,1.0,49.95744680851064,351.50607,held-out,nominal,60,1.0,99.72340425531915,0.85,10.0,0.046425362830469774,34080,50.0,0.1265991695069189,0.010000000000005116,retrodiction,0,0.06700315106181744,1.0,1.0,100/50/50 Hz,1.0,4700,gps,911,13,0.02519684728517401,0.03415816404901941,0.04831260641149434,flight,0.2704281254007959
0.2843107926702264,1.0,49.857142857142854,351.50607,held-out,nominal,25,1.0,100.0,0.85,10.0,0.04272973331470503,34080,50.0,0.08958694858972702,0.010000000000001563,retrodiction,0,0.05782167732391756,1.0,1.0,100/50/50 Hz,1.0,700,gps,911,18,0.06493882332240537,0.03708691612884334,0.03895531105517486,before_outage,0.24237801169232967
0.26088463589546645,1.0,49.93333333333333,351.50607,held-out,nominal,40,1.0,100.0,0.85,10.0,0.04304921460923223,34080,50.0,0.09287217561880348,0.010000000000005116,retrodiction,0,0.06705472508412788,1.0,1.0,100/50/50 Hz,1.0,1500,gps,911,25,0.04471332948800961,0.03233137929666263,0.05141110072383429,outage_window,0.22730137945077214
0.33915953563794915,1.0,50.0,351.50607,held-out,nominal,60,1.0,100.0,0.85,10.0,0.04795060930339748,34080,50.0,0.1265991695069189,0.010000000000005116,retrodiction,0,0.071272123625743,1.0,1.0,100/50/50 Hz,1.0,2000,gps,911,40,0.02519684728517401,0.03240724693002336,0.0527300168173321,after_return,0.2859168124218091
0.44029564154565837,1.0,49.91489361702128,579.509529,held-out,nominal,60,1.0,99.74468085106383,0.85,10.0,0.038987177416867386,77860,50.0,0.08902368501346025,0.010000000000005116,horizon,0,0.05611861425983401,1.0,1.0,100/50/50 Hz,1.0,4700,gps,911,13,0.06557055357767577,0.04712148469192586,0.04036457436304452,flight,0.2854366334518545
0.3629384979439553,1.0,49.714285714285715,579.509529,held-out,nominal,25,1.0,100.0,0.85,10.0,0.04247719879414385,77860,50.0,0.0656361523717141,0.010000000000001563,horizon,0,0.053110663987112755,1.0,1.0,100/50/50 Hz,1.0,700,gps,911,18,0.03475295943403553,0.05029101491030375,0.031881502658356306,before_outage,0.2838595838062334
0.36737773185048617,1.0,49.93333333333333,579.509529,held-out,nominal,40,1.0,100.0,0.85,10.0,0.03667137404901793,77860,50.0,0.07645143042887004,0.010000000000005116,horizon,0,0.05457968728587161,1.0,1.0,100/50/50 Hz,1.0,1500,gps,911,25,0.02193966238776598,0.045183918077494445,0.04042465324007801,outage_window,0.28929408182506844
0.4925239804880642,1.0,49.95,579.509529,held-out,nominal,60,1.0,100.0,0.85,10.0,0.03944107769929987,77860,50.0,0.08902368501346025,0.010000000000005116,horizon,0,0.060152952827413425,1.0,1.0,100/50/50 Hz,1.0,2000,gps,911,40,0.06557055357767577,0.047418461016762614,0.04541782825911886,after_return,0.268834366670784
14.26234921182317,1.0,49.93617021276596,307.859739,held-out,nominal,60,1.0,99.76595744680851,0.85,0.0,12.742702796149308,34080,20.5531914893617,14.12960719937777,0.010000000000005116,retrodiction,0,12.742804501947544,1.0,1.0,100/50/50 Hz,1.0,4700,denied,911,13,13.180935018250558,0.7126918072902356,0.0509119226039897,flight,13.992654355588657
18.28421659468711,1.0,49.714285714285715,307.859739,held-out,nominal,25,1.0,100.0,0.85,0.0,11.957913896689952,34080,0.0,13.340345778741732,0.010000000000001563,retrodiction,0,11.95797462615263,1.0,1.0,100/50/50 Hz,1.0,700,denied,911,18,13.144027933877888,0.9450652600694337,0.03811035370440169,before_outage,18.012865195009077
17.66602796135079,1.0,49.93333333333333,307.859739,held-out,nominal,40,1.0,100.0,0.85,0.0,12.52400188748596,34080,0.0,13.89879997260085,0.010000000000005116,retrodiction,0,12.5241088647818,1.0,1.0,100/50/50 Hz,1.0,1500,denied,911,25,13.710092558794221,0.914650615219721,0.0517646515895585,outage_window,17.47243443411589
6.533849900496787,1.0,50.0,307.859739,held-out,nominal,60,1.0,100.0,0.85,0.0,13.362185093365124,34080,48.3,14.12960719937777,0.010000000000005116,retrodiction,0,13.36231292245457,1.0,1.0,100/50/50 Hz,1.0,2000,denied,911,40,13.180935018250558,0.3194574577992276,0.05844799609290832,after_return,5.90708141883126
0.4640268610030818,1.0,49.95744680851064,550.24165,held-out,nominal,60,1.0,99.74468085106383,0.85,0.0,0.8240171757675064,77860,50.0,0.937913106707796,0.010000000000005116,horizon,0,0.8254242347043903,1.0,1.0,100/50/50 Hz,1.0,4700,denied,911,13,0.8201513513978897,0.04978160027751596,0.048175318135649015,flight,0.4236065426347556
0.26365279270280995,1.0,49.857142857142854,550.24165,held-out,nominal,25,1.0,100.0,0.85,0.0,0.825657321035979,77860,50.0,0.889818086552953,0.010000000000001563,horizon,0,0.8265683474009659,1.0,1.0,100/50/50 Hz,1.0,700,denied,911,18,0.8158861360376914,0.046534277652571454,0.03879717959922192,before_outage,0.23153783441198353
0.5175836702575959,1.0,49.93333333333333,550.24165,held-out,nominal,40,1.0,100.0,0.85,0.0,0.8047244002587685,77860,50.0,0.8959928237555027,0.010000000000005116,horizon,0,0.8061623161183556,1.0,1.0,100/50/50 Hz,1.0,1500,denied,911,25,0.8542743969585668,0.05124434724583452,0.048128157636429636,outage_window,0.470511631457468
0.449297493741676,1.0,50.0,550.24165,held-out,nominal,60,1.0,100.0,0.85,0.0,0.8327850032172835,77860,50.0,0.8948507865777361,0.010000000000005116,horizon,0,0.8345375343934422,1.0,1.0,100/50/50 Hz,1.0,2000,denied,911,40,0.8201513513978897,0.04872427281135094,0.05405584823009306,after_return,0.40793891790222675
0.3653312616543995,1.0,49.95744680851064,338.87308,held-out,nominal,60,1.0,99.72340425531915,0.85,6.808510638297872,0.0485689537976658,34080,50.0,0.12548072422719075,0.010000000000005116,retrodiction,0,0.0690736744260828,1.0,1.0,100/50/50 Hz,1.0,4700,transition,911,13,0.0256285788806307,0.039153957231513735,0.04911445027403533,flight,0.30993841069861594
0.2843107926702264,1.0,49.857142857142854,338.87308,held-out,nominal,25,1.0,100.0,0.85,10.0,0.04272973331470503,34080,50.0,0.08958694858972702,0.010000000000001563,retrodiction,0,0.05782167732391756,1.0,1.0,100/50/50 Hz,1.0,700,transition,911,18,0.06493882332240537,0.03708691612884334,0.03895531105517486,before_outage,0.24237801169232967
0.39041854943922033,1.0,49.93333333333333,338.87308,held-out,nominal,40,1.0,100.0,0.85,0.06666666666666667,0.04841616702720631,34080,50.0,0.07586770588280765,0.010000000000005116,retrodiction,0,0.07233469819556144,1.0,1.0,100/50/50 Hz,1.0,1500,transition,911,25,0.030341295788898527,0.04685011130373537,0.05374182108411121,outage_window,0.3482229771893664
0.335828285508905,1.0,50.0,338.87308,held-out,nominal,60,1.0,100.0,0.85,9.95,0.04908789283524845,34080,50.0,0.12548072422719075,0.010000000000005116,retrodiction,0,0.07204060924378125,1.0,1.0,100/50/50 Hz,1.0,2000,transition,911,40,0.0256285788806307,0.03238381049210086,0.05272786888553664,after_return,0.28885979557969876
0.3995170663248537,1.0,49.91489361702128,572.518909,held-out,nominal,60,1.0,99.74468085106383,0.85,6.808510638297872,0.036672969631618625,77860,50.0,0.11635166882150173,0.010000000000005116,horizon,0,0.05658354018269349,1.0,1.0,100/50/50 Hz,1.0,4700,transition,911,13,0.06630778519244923,0.0474945450890424,0.04309048987891489,flight,0.2679273322588932
0.3629384979439553,1.0,49.714285714285715,572.518909,held-out,nominal,25,1.0,100.0,0.85,10.0,0.04247719879414385,77860,50.0,0.0656361523717141,0.010000000000001563,horizon,0,0.053110663987112755,1.0,1.0,100/50/50 Hz,1.0,700,transition,911,18,0.03475295943403553,0.05029101491030375,0.031881502658356306,before_outage,0.2838595838062334
0.31650434945342254,1.0,49.93333333333333,572.518909,held-out,nominal,40,1.0,100.0,0.85,0.13333333333333333,0.01962055321651062,77860,50.0,0.04709412034012922,0.010000000000005116,horizon,0,0.052218704754171744,1.0,1.0,100/50/50 Hz,1.0,1500,transition,911,25,0.009406468347713597,0.04656187596599786,0.04839242727619098,outage_window,0.2258445002187471
0.43381385176938675,1.0,49.95,572.518909,held-out,nominal,60,1.0,100.0,0.85,9.9,0.043174031854127604,77860,50.0,0.11635166882150173,0.010000000000005116,horizon,0,0.06269469871770578,1.0,1.0,100/50/50 Hz,1.0,2000,transition,911,40,0.06630778519244923,0.047293162029847916,0.04546018280608508,after_return,0.2720601476100247
0.4000056856942382,1.0,49.95744680851064,345.15169,held-out,stress,60,1.0,99.65957446808511,0.85,10.0,0.050174413799886124,34080,50.0,0.14753719042229743,0.010000000000005116,retrodiction,0,0.06992344815256359,1.0,1.0,100/50/50 Hz,1.0,4700,gps,911,13,0.03576581656658297,0.03743736075250953,0.04870130184483826,flight,0.313799768902503
0.3824898975616665,1.0,49.857142857142854,345.15169,held-out,stress,25,1.0,100.0,0.85,10.0,0.046220802792123074,34080,50.0,0.12058238058034905,0.010000000000001563,retrodiction,0,0.060614525588933356,1.0,1.0,100/50/50 Hz,1.0,700,gps,911,18,0.07996724368490025,0.03892976719389079,0.039214258906973165,before_outage,0.2542217870952847
0.36561359113812547,1.0,49.93333333333333,345.15169,held-out,stress,40,1.0,100.0,0.85,10.0,0.04581092183496097,34080,50.0,0.09783867696481087,0.010000000000005116,retrodiction,0,0.06906524644460808,1.0,1.0,100/50/50 Hz,1.0,1500,gps,911,25,0.03129524253954162,0.03643112951580526,0.05168527553458088,outage_window,0.31418801916239586
0.38816676907638503,1.0,50.0,345.15169,held-out,stress,60,1.0,100.0,0.85,10.0,0.05256018609568862,34080,50.0,0.14753719042229743,0.010000000000005116,retrodiction,0,0.07480696010955383,1.0,1.0,100/50/50 Hz,1.0,2000,gps,911,40,0.03576581656658297,0.03509526170242379,0.05323070653691305,after_return,0.3327985035615309
0.44011876176175585,1.0,49.91489361702128,580.359449,held-out,stress,60,1.0,99.74468085106383,0.85,10.0,0.0389755744378544,77860,50.0,0.08901932889627179,0.010000000000005116,horizon,0,0.060976245127105165,1.0,1.0,100/50/50 Hz,1.0,4700,gps,911,13,0.06556952541490221,0.04712158776664919,0.04689357170274074,flight,0.285398224847898
0.3634042748475291,1.0,49.714285714285715,580.359449,held-out,stress,25,1.0,100.0,0.85,10.0,0.04245484477500761,77860,50.0,0.06561275074401177,0.010000000000001563,horizon,0,0.05542491206896305,1.0,1.0,100/50/50 Hz,1.0,700,gps,911,18,0.034741630763160294,0.050292339339780216,0.035630142197054106,before_outage,0.2839215610658684
0.36726442207230137,1.0,49.93333333333333,580.359449,held-out,stress,40,1.0,100.0,0.85,10.0,0.03666913483313342,77860,50.0,0.0764490348836419,0.010000000000005116,horizon,0,0.059708084095434356,1.0,1.0,100/50/50 Hz,1.0,1500,gps,911,25,0.021937225289685346,0.045182571732929624,0.04712143733946306,outage_window,0.2892541954264413
0.49194738155544826,1.0,49.95,580.359449,held-out,stress,60,1.0,100.0,0.85,10.0,0.03943633931714691,77860,50.0,0.08901932889627179,0.010000000000005116,horizon,0,0.06673241286825604,1.0,1.0,100/50/50 Hz,1.0,2000,gps,911,40,0.06556952541490221,0.047417926561015684,0.05383298309105893,after_return,0.2688193081658598
0.8031018275813802,1.0,49.93617021276596,321.596149,held-out,stress,60,1.0,99.74468085106383,0.85,0.0,0.7157982522134393,34080,50.0,0.8340828016034976,0.010000000000005116,retrodiction,0,0.7176631858381326,1.0,1.0,100/50/50 Hz,1.0,4700,denied,911,13,0.692079557797285,0.05539289344484149,0.05170406594769554,flight,0.5716880588223628
1.0200530286206158,1.0,49.714285714285715,321.596149,held-out,stress,25,1.0,100.0,0.85,0.0,0.6963559932641948,34080,50.0,0.7693915446365459,0.010000000000001563,retrodiction,0,0.6975429742836509,1.0,1.0,100/50/50 Hz,1.0,700,denied,911,18,0.6345536441730196,0.06407702480499902,0.040675934132096546,before_outage,0.8432983357898681
0.7875483519809993,1.0,49.93333333333333,321.596149,held-out,stress,40,1.0,100.0,0.85,0.0,0.696487723666539,34080,50.0,0.8340828016034976,0.010000000000005116,retrodiction,0,0.6985602322442881,1.0,1.0,100/50/50 Hz,1.0,1500,denied,911,25,0.8002556840518175,0.05243415153675901,0.05377033433963657,outage_window,0.5461153577337701
0.7034563889850832,1.0,50.0,321.596149,held-out,stress,60,1.0,100.0,0.85,0.0,0.730481230855133,34080,50.0,0.8146999786367106,0.010000000000005116,retrodiction,0,0.7327515241988541,1.0,1.0,100/50/50 Hz,1.0,2000,denied,911,40,0.692079557797285,0.05258128655824436,0.05763651259500217,after_return,0.4978398154269935
0.4771446217549609,1.0,49.95744680851064,545.442539,held-out,stress,60,1.0,99.74468085106383,0.85,0.0,1.1026214705689106,77860,50.0,1.2151697394951817,0.010000000000005116,horizon,0,1.103992633734564,1.0,1.0,100/50/50 Hz,1.0,4700,denied,911,13,1.0974049785327393,0.05036424070082264,0.055005708618582436,flight,0.4361377764075005
0.27315232242656823,1.0,49.857142857142854,545.442539,held-out,stress,25,1.0,100.0,0.85,0.0,1.1034491914530093,77860,50.0,1.167444812511426,0.010000000000001563,horizon,0,1.1042015269581527,1.0,1.0,100/50/50 Hz,1.0,700,denied,911,18,1.0947933437418487,0.04657834256251585,0.04075406750762357,before_outage,0.24083873772735728
0.5313928943584489,1.0,49.93333333333333,545.442539,held-out,stress,40,1.0,100.0,0.85,0.0,1.0840396389501157,77860,50.0,1.1754950549762175,0.010000000000005116,horizon,0,1.0854444660464753,1.0,1.0,100/50/50 Hz,1.0,1500,denied,911,25,1.1337395943651833,0.05197586441883593,0.055206431290389046,outage_window,0.4831790626007534
0.4604682193598226,1.0,50.0,545.442539,held-out,stress,60,1.0,100.0,0.85,0.0,1.111446425694727,77860,50.0,1.1735801265940242,0.010000000000005116,horizon,0,1.113238601121115,1.0,1.0,100/50/50 Hz,1.0,2000,denied,911,40,1.0974049785327393,0.049437085346165685,0.06314290012750882,after_return,0.4189784401156941
0.40244247832754276,1.0,49.95744680851064,338.05684,held-out,stress,60,1.0,99.65957446808511,0.85,6.808510638297872,0.0540768399904343,34080,50.0,0.14770147157410451,0.010000000000005116,retrodiction,0,0.07338072288730389,1.0,1.0,100/50/50 Hz,1.0,4700,transition,911,13,0.038505279585561554,0.04091770899183635,0.049602680049693385,flight,0.3009661396503142
0.3824898975616665,1.0,49.857142857142854,338.05684,held-out,stress,25,1.0,100.0,0.85,10.0,0.046220802792123074,34080,50.0,0.12058238058034905,0.010000000000001563,retrodiction,0,0.060614525588933356,1.0,1.0,100/50/50 Hz,1.0,700,transition,911,18,0.07996724368490025,0.03892976719389079,0.039214258906973165,before_outage,0.2542217870952847
0.2980132560459443,1.0,49.93333333333333,338.05684,held-out,stress,40,1.0,100.0,0.85,0.06666666666666667,0.054653544321780906,34080,50.0,0.0832540985637507,0.010000000000005116,retrodiction,0,0.07704786999555278,1.0,1.0,100/50/50 Hz,1.0,1500,transition,911,25,0.03051146938040871,0.04578165661967435,0.054308050636335065,outage_window,0.19813052149682317
0.4346431617086548,1.0,50.0,338.05684,held-out,stress,60,1.0,100.0,0.85,9.95,0.05524810663031085,34080,50.0,0.14770147157410451,0.010000000000005116,retrodiction,0,0.0767176330372897,1.0,1.0,100/50/50 Hz,1.0,2000,transition,911,40,0.038505279585561554,0.03599971685155204,0.053228206175016335,after_return,0.36987552925841516
0.39971298339685896,1.0,49.91489361702128,575.150589,held-out,stress,60,1.0,99.74468085106383,0.85,6.808510638297872,0.036667111207350285,77860,50.0,0.11636293999510708,0.010000000000005116,horizon,0,0.061897914455716706,1.0,1.0,100/50/50 Hz,1.0,4700,transition,911,13,0.0663107473490357,0.04750090513156634,0.04986857497136879,flight,0.2680430750076731
0.3634042748475291,1.0,49.714285714285715,575.150589,held-out,stress,25,1.0,100.0,0.85,10.0,0.04245484477500761,77860,50.0,0.06561275074401177,0.010000000000001563,horizon,0,0.05542491206896305,1.0,1.0,100/50/50 Hz,1.0,700,transition,911,18,0.034741630763160294,0.050292339339780216,0.035630142197054106,before_outage,0.2839215610658684
0.31733039366447047,1.0,49.93333333333333,575.150589,held-out,stress,40,1.0,100.0,0.85,0.13333333333333333,0.019644315989380764,77860,50.0,0.04707996971298996,0.010000000000005116,horizon,0,0.05916159918161627,1.0,1.0,100/50/50 Hz,1.0,1500,transition,911,25,0.009282333563863104,0.04658007126305069,0.055804978873175634,outage_window,0.22637868364042896
0.43348082870987026,1.0,49.95,575.150589,held-out,stress,60,1.0,100.0,0.85,9.9,0.043173098572791765,77860,50.0,0.11636293999510708,0.010000000000005116,horizon,0,0.06905122194774231,1.0,1.0,100/50/50 Hz,1.0,2000,transition,911,40,0.0663107473490357,0.04729299276810058,0.05389021072607134,after_return,0.2720430997151894
0.35076890796388227,1.0,25.0,251.65569,held-out,zero,60,1.0,25.0,0.85,10.0,0.03430703457509693,34080,25.0,0.06750169598944168,0.010000000000005116,retrodiction,0,0.07873945787296846,1.0,1.0,25/25/25 Hz,1.0,4700,gps,101,13,0.048426521792722235,0.047168962860917776,0.07087262944742546,flight,0.25597780959285404
0.339896050117006,1.0,25.0,251.65569,held-out,zero,25,1.0,25.0,0.85,10.0,0.04867127457590304,34080,25.0,0.06750169598944168,0.010000000000001563,retrodiction,0,0.07309323861188426,1.0,1.0,25/25/25 Hz,1.0,700,gps,101,18,0.04413956092733635,0.04925732746960574,0.05453190407395381,before_outage,0.2588908689127901
0.31445862360784815,1.0,25.0,251.65569,held-out,zero,40,1.0,25.0,0.85,10.0,0.02779594939341684,34080,25.0,0.044819401030187146,0.010000000000005116,retrodiction,0,0.07721512731798297,1.0,1.0,25/25/25 Hz,1.0,1500,gps,101,25,0.02395626636074425,0.04652685069024761,0.07203860828785442,outage_window,0.23796508554576432
0.3729203034864643,1.0,25.0,251.65569,held-out,zero,60,1.0,25.0,0.85,10.0,0.03367193309608143,34080,25.0,0.06293618947642832,0.010000000000005116,retrodiction,0,0.08474382069759057,1.0,1.0,25/25/25 Hz,1.0,2000,gps,101,40,0.048426521792722235,0.046669742075363334,0.07776706287367678,after_return,0.2685384515301216
0.3560537748476914,1.0,25.0,505.97575,held-out,zero,60,1.0,25.0,0.85,10.0,0.0361099179894789,77860,25.0,0.08039202363858183,0.010000000000005116,horizon,0,0.094496377724365,1.0,1.0,25/25/25 Hz,1.0,4700,gps,101,13,0.03543010087088123,0.05090769943699158,0.08732490610254885,flight,0.2576478087552677
0.3464638279150864,1.0,25.0,505.97575,held-out,zero,25,1.0,25.0,0.85,10.0,0.04978128494686849,77860,25.0,0.08039202363858183,0.010000000000001563,horizon,0,0.08127625881027112,1.0,1.0,25/25/25 Hz,1.0,700,gps,101,18,0.05358208307686336,0.05207794870645884,0.0642468202733245,before_outage,0.254069000386965
0.32696682543492983,1.0,25.0,505.97575,held-out,zero,40,1.0,25.0,0.85,10.0,0.029729459618077363,77860,25.0,0.05411105197318098,0.010000000000005116,horizon,0,0.09069083748484603,1.0,1.0,25/25/25 Hz,1.0,1500,gps,101,25,0.022625450269937182,0.049563538871236594,0.08567956135812008,outage_window,0.24119948993359908
0.3713225220804438,1.0,25.0,505.97575,held-out,zero,60,1.0,25.0,0.85,10.0,0.03549688038928466,77860,25.0,0.07542674128488945,0.010000000000005116,horizon,0,0.10495147713432686,1.0,1.0,25/25/25 Hz,1.0,2000,gps,101,40,0.03543010087088123,0.05016525090717983,0.09876631022421538,after_return,0.26647781395734127
0.7233413428806849,1.0,24.97872340425532,243.00455,held-out,zero,60,1.0,25.0,0.85,0.0,0.3028134000863705,34080,25.0,0.48173138056518217,0.010000000000005116,retrodiction,0,0.3126962956121388,1.0,1.0,25/25/25 Hz,1.0,4700,denied,101,13,0.32111045621735584,0.06869211269025557,0.0779937049875555,flight,0.6477526710142566
1.0881416659752834,1.0,25.0,243.00455,held-out,zero,25,1.0,25.0,0.85,0.0,0.341270860628809,34080,25.0,0.48173138056518217,0.010000000000001563,retrodiction,0,0.34694224672631846,1.0,1.0,25/25/25 Hz,1.0,700,denied,101,18,0.3304114890537091,0.08831370875968704,0.06247497298260863,before_outage,0.9956440740971019
0.6335024321647938,1.0,25.0,243.00455,held-out,zero,40,1.0,25.0,0.85,0.0,0.265167964889949,34080,25.0,0.3538925680586367,0.010000000000005116,retrodiction,0,0.27645592004928327,1.0,1.0,25/25/25 Hz,1.0,1500,denied,101,25,0.28119868244425633,0.062324052318904984,0.07819095936499607,outage_window,0.5384478189208282
0.553415040965406,1.0,25.0,243.00455,held-out,zero,60,1.0,25.0,0.85,0.0,0.3134431134384122,34080,25.0,0.38779472311005014,0.010000000000005116,retrodiction,0,0.32450219072337855,1.0,1.0,25/25/25 Hz,1.0,2000,denied,101,40,0.32111045621735584,0.05543183802789051,0.08399456186150758,after_return,0.5044979545646178
0.6295817601868805,1.0,24.95744680851064,488.68086,held-out,zero,60,1.0,25.0,0.85,0.0,0.3235508762598234,77860,25.0,0.4916722039968761,0.010000000000005116,horizon,0,0.3387367422303371,1.0,1.0,25/25/25 Hz,1.0,4700,denied,101,13,0.36371272783948033,0.07003875825454484,0.10028664421707567,flight,0.5647085267430243
0.9535900362845894,1.0,25.0,488.68086,held-out,zero,25,1.0,25.0,0.85,0.0,0.3587293555902822,77860,25.0,0.4916722039968761,0.010000000000001563,horizon,0,0.367540969558517,1.0,1.0,25/25/25 Hz,1.0,700,denied,101,18,0.3155537644598871,0.08861045400360533,0.07999758584979676,before_outage,0.8697010285463781
0.5513280472245232,1.0,25.0,488.68086,held-out,zero,40,1.0,25.0,0.85,0.0,0.2885321108960106,77860,25.0,0.3714954784956023,0.010000000000005116,horizon,0,0.30430663631570914,1.0,1.0,25/25/25 Hz,1.0,1500,denied,101,25,0.3107342482073909,0.06334197468808199,0.0967044460594935,outage_window,0.4660230802821292
0.49068588368307914,1.0,25.0,488.68086,held-out,zero,60,1.0,25.0,0.85,0.0,0.34347085960156704,77860,25.0,0.41680165088387383,0.010000000000005116,horizon,0,0.3604921014186314,1.0,1.0,25/25/25 Hz,1.0,2000,denied,101,40,0.36371272783948033,0.05613157806766958,0.10946380127595359,after_return,0.4530096261606137
0.35368567356618485,1.0,25.0,248.61232,held-out,zero,60,1.0,25.0,0.85,6.808510638297872,0.03606920549109047,34080,25.0,0.07174723652151181,0.010000000000005116,retrodiction,0,0.08132061414254473,1.0,1.0,25/25/25 Hz,1.0,4700,transition,101,13,0.04886313977114162,0.05021048787745627,0.07288384388712038,flight,0.2775720873083016
0.339896050117006,1.0,25.0,248.61232,held-out,zero,25,1.0,25.0,0.85,10.0,0.04867127457590304,34080,25.0,0.06750169598944168,0.010000000000001563,retrodiction,0,0.07309323861188426,1.0,1.0,25/25/25 Hz,1.0,700,transition,101,18,0.04413956092733635,0.04925732746960574,0.05453190407395381,before_outage,0.2588908689127901
0.33972135496893047,1.0,25.0,248.61232,held-out,zero,40,1.0,25.0,0.85,0.0,0.0289178689323263,34080,25.0,0.049002811570425894,0.010000000000005116,retrodiction,0,0.08324477639433038,1.0,1.0,25/25/25 Hz,1.0,1500,transition,101,25,0.012635572245724602,0.055426931583237526,0.07806055119812351,outage_window,0.2935413930097367
0.36263395573595775,1.0,25.0,248.61232,held-out,zero,60,1.0,25.0,0.85,10.0,0.03711486207422059,34080,25.0,0.07174723652151181,0.010000000000005116,retrodiction,0,0.08617863192803944,1.0,1.0,25/25/25 Hz,1.0,2000,transition,101,40,0.04886313977114162,0.046835295735822347,0.07777688354646309,after_return,0.2775506120894804
0.36104907283083004,1.0,25.0,500.565759,held-out,zero,60,1.0,25.0,0.85,6.808510638297872,0.037319867925030545,77860,25.0,0.08039202363858183,0.010000000000005116,horizon,0,0.09832414234345553,1.0,1.0,25/25/25 Hz,1.0,4700,transition,101,13,0.035671250715753465,0.053843821172032146,0.09096628180614166,flight,0.2803000981909047
0.3464638279150864,1.0,25.0,500.565759,held-out,zero,25,1.0,25.0,0.85,10.0,0.04978128494686849,77860,25.0,0.08039202363858183,0.010000000000001563,horizon,0,0.08127625881027112,1.0,1.0,25/25/25 Hz,1.0,700,transition,101,18,0.05358208307686336,0.05207794870645884,0.0642468202733245,before_outage,0.254069000386965
0.3485663699312726,1.0,25.0,500.565759,held-out,zero,40,1.0,25.0,0.85,0.13333333333333333,0.030011462495421446,77860,25.0,0.059443390174179156,0.010000000000005116,horizon,0,0.10110110693853012,1.0,1.0,25/25/25 Hz,1.0,1500,transition,101,25,0.018698457763701246,0.05844040456280001,0.09654401039464858,outage_window,0.2987761262114376
0.3679062966036353,1.0,25.0,500.565759,held-out,zero,60,1.0,25.0,0.85,9.9,0.038159954671745086,77860,25.0,0.07652256556871587,0.010000000000005116,horizon,0,0.10607462639104687,1.0,1.0,25/25/25 Hz,1.0,2000,transition,101,40,0.035671250715753465,0.05020232646196683,0.09897294692718074,after_return,0.276277862059926
0.4242202716336899,1.0,25.0,275.71603,held-out,nominal,60,1.0,25.0,0.85,10.0,0.04433710521829238,34080,25.0,0.0970607219513133,0.010000000000005116,retrodiction,0,0.08421608014475948,1.0,1.0,25/25/25 Hz,1.0,4700,gps,101,13,0.03317316434472101,0.04316045204477016,0.07160006463551986,flight,0.3150996278045989
0.37357635989370297,1.0,25.0,275.71603,held-out,nominal,25,1.0,25.0,0.85,10.0,0.054653773513462935,34080,25.0,0.09541207560542025,0.010000000000001563,retrodiction,0,0.07854498285587384,1.0,1.0,25/25/25 Hz,1.0,700,gps,101,18,0.029439317705296227,0.04862689803598887,0.05641169535272462,before_outage,0.27932759599689083
0.40887713960683686,1.0,25.0,275.71603,held-out,nominal,40,1.0,25.0,0.85,10.0,0.04087380481049654,34080,25.0,0.07806861240677788,0.010000000000005116,retrodiction,0,0.08307273082424403,1.0,1.0,25/25/25 Hz,1.0,1500,gps,101,25,0.03121889906556464,0.04030517986285687,0.07232157829383104,outage_window,0.27286318967778733
0.31315983893847127,1.0,25.0,275.71603,held-out,nominal,60,1.0,25.0,0.85,10.0,0.0396452923576422,34080,25.0,0.08509484305840943,0.010000000000005116,retrodiction,0,0.08751648454710269,1.0,1.0,25/25/25 Hz,1.0,2000,gps,101,40,0.03317316434472101,0.039104940169875826,0.07802170122062414,after_return,0.23127771786946963
0.3559656758999524,1.0,25.0,509.477699,held-out,nominal,60,1.0,25.0,0.85,10.0,0.03610776710814327,77860,25.0,0.0803835032558518,0.010000000000005116,horizon,0,0.08964603843262381,1.0,1.0,25/25/25 Hz,1.0,4700,gps,101,13,0.03543346577479993,0.050908151670183956,0.08205267430820004,flight,0.2578071793966042
0.3462296802093349,1.0,25.0,509.477699,held-out,nominal,25,1.0,25.0,0.85,10.0,0.049776367255709796,77860,25.0,0.0803835032558518,0.010000000000001563,horizon,0,0.07754632046178543,1.0,1.0,25/25/25 Hz,1.0,700,gps,101,18,0.053583612147707536,0.052078937552517524,0.05946213147866989,before_outage,0.2541039144843971
0.3266746167031158,1.0,25.0,509.477699,held-out,nominal,40,1.0,25.0,0.85,10.0,0.02972671543384971,77860,25.0,0.05411254126068066,0.010000000000005116,horizon,0,0.08562128788867117,1.0,1.0,25/25/25 Hz,1.0,1500,gps,101,25,0.02262264960131634,0.04956176592254036,0.08029525097556908,outage_window,0.24115476665110078
0.37111769443433873,1.0,25.0,509.477699,held-out,nominal,60,1.0,25.0,0.85,10.0,0.03549763372525479,77860,25.0,0.07543171336474462,0.010000000000005116,horizon,0,0.09980001964936859,1.0,1.0,25/25/25 Hz,1.0,2000,gps,101,40,0.03543346577479993,0.0501652747752698,0.09327358641074122,after_return,0.2664619708536801
0.5502006256976356,1.0,24.97872340425532,242.98654,held-out,nominal,60,1.0,25.0,0.85,0.0,0.15323692971327676,34080,25.0,0.2340995473626714,0.010000000000005116,retrodiction,0,0.17218153716626688,1.0,1.0,25/25/25 Hz,1.0,4700,denied,101,13,0.23027993549712353,0.06637049870922924,0.078517037087417,flight,0.47011575237512093
0.8030406898138541,1.0,25.0,242.98654,held-out,nominal,25,1.0,25.0,0.85,0.0,0.15928708291215993,34080,25.0,0.2043519395092524,0.010000000000001563,retrodiction,0,0.17138238501055927,1.0,1.0,25/25/25 Hz,1.0,700,denied,101,18,0.1599234150963915,0.08459126684121636,0.06324197268620152,before_outage,0.720479637555155
0.425410030720627,1.0,25.0,242.98654,held-out,nominal,40,1.0,25.0,0.85,0.0,0.15237178688768316,34080,25.0,0.19037403488802393,0.010000000000005116,retrodiction,0,0.17145436092525634,1.0,1.0,25/25/25 Hz,1.0,1500,denied,101,25,0.1578730340477071,0.058212860660094595,0.07860939155687781,outage_window,0.32063529325480755
0.4656932265308211,1.0,25.0,242.98654,held-out,nominal,60,1.0,25.0,0.85,0.0,0.16524824960331616,34080,25.0,0.2340995473626714,0.010000000000005116,retrodiction,0,0.18554435269131045,1.0,1.0,25/25/25 Hz,1.0,2000,denied,101,40,0.23027993549712353,0.05439990382550077,0.08437844996607567,after_return,0.40585288141472503
0.6087170481124416,1.0,24.95744680851064,502.75394,held-out,nominal,60,1.0,25.0,0.85,0.0,0.31755899473471594,77860,25.0,0.48608251639267896,0.010000000000005116,horizon,0,0.331463408309586,1.0,1.0,25/25/25 Hz,1.0,4700,denied,101,13,0.35742287902493625,0.06958152132809786,0.09499618893031424,flight,0.5444498122072341
0.9330251217376689,1.0,25.0,502.75394,held-out,nominal,25,1.0,25.0,0.85,0.0,0.3540260843217519,77860,25.0,0.48608251639267896,0.010000000000001563,horizon,0,0.36206164972590543,1.0,1.0,25/25/25 Hz,1.0,700,denied,101,18,0.31073108863519,0.08807816584144972,0.07585624444995966,before_outage,0.8516074447023251
0.5335006834814308,1.0,25.0,502.75394,held-out,nominal,40,1.0,25.0,0.85,0.0,0.28258542262313,77860,25.0,0.3659379365458797,0.010000000000005116,horizon,0,0.29694030375404945,1.0,1.0,25/25/25 Hz,1.0,1500,denied,101,25,0.30385175930170705,0.06293776853292914,0.09120867784621232,outage_window,0.44897069314176735
0.4680051014763027,1.0,25.0,502.75394,held-out,nominal,60,1.0,25.0,0.85,0.0,0.33655636479525963,77860,25.0,0.40855017696117574,0.010000000000005116,horizon,0,0.35219177916153893,1.0,1.0,25/25/25 Hz,1.0,2000,denied,101,40,0.35742287902493625,0.05556196102172673,0.10377313055300172,after_return,0.4302546451423631
0.40134635906560007,1.0,25.0,265.759689,held-out,nominal,60,1.0,25.0,0.85,6.808510638297872,0.04233280005085466,34080,25.0,0.10413549976038333,0.010000000000005116,retrodiction,0,0.08487842865919416,1.0,1.0,25/25/25 Hz,1.0,4700,transition,101,13,0.03297676467993112,0.04827245104959236,0.07356821114794264,flight,0.3015964369659728
0.37357635989370297,1.0,25.0,265.759689,held-out,nominal,25,1.0,25.0,0.85,10.0,0.054653773513462935,34080,25.0,0.09541207560542025,0.010000000000001563,retrodiction,0,0.07854498285587384,1.0,1.0,25/25/25 Hz,1.0,700,transition,101,18,0.029439317705296227,0.04862689803598887,0.05641169535272462,before_outage,0.27932759599689083
0.3280124820683942,1.0,25.0,265.759689,held-out,nominal,40,1.0,25.0,0.85,0.06666666666666667,0.027625382875619584,34080,25.0,0.05655647939397007,0.010000000000005116,retrodiction,0,0.0829529536531317,1.0,1.0,25/25/25 Hz,1.0,1500,transition,101,25,0.023418911596954597,0.055358065943748966,0.07821784157565358,outage_window,0.2226608931009439
0.31366076167471346,1.0,25.0,265.759689,held-out,nominal,60,1.0,25.0,0.85,9.95,0.0429436072656634,34080,25.0,0.10413549976038333,0.010000000000005116,retrodiction,0,0.0890912366613848,1.0,1.0,25/25/25 Hz,1.0,2000,transition,101,40,0.03297676467993112,0.03933944492961437,0.07805827979700383,after_return,0.22929764733663716
0.3606851712984462,1.0,25.0,496.109719,held-out,nominal,60,1.0,25.0,0.85,6.808510638297872,0.03730011370302642,77860,25.0,0.0803835032558518,0.010000000000005116,horizon,0,0.09343883027209456,1.0,1.0,25/25/25 Hz,1.0,4700,transition,101,13,0.03567219572137475,0.053833297628437936,0.0856709782852898,flight,0.2799805094601094
0.3462296802093349,1.0,25.0,496.109719,held-out,nominal,25,1.0,25.0,0.85,10.0,0.049776367255709796,77860,25.0,0.0803835032558518,0.010000000000001563,horizon,0,0.07754632046178543,1.0,1.0,25/25/25 Hz,1.0,700,transition,101,18,0.053583612147707536,0.052078937552517524,0.05946213147866989,before_outage,0.2541039144843971
0.34720885695308623,1.0,25.0,496.109719,held-out,nominal,40,1.0,25.0,0.85,0.13333333333333333,0.02994049962081786,77860,25.0,0.0594374402399106,0.010000000000005116,horizon,0,0.09589261753790371,1.0,1.0,25/25/25 Hz,1.0,1500,transition,101,25,0.01862320341439474,0.05840710074693682,0.09109863105846587,outage_window,0.29737158292382887
0.36782920036845923,1.0,25.0,496.109719,held-out,nominal,60,1.0,25.0,0.85,9.9,0.03816025440293285,77860,25.0,0.07652218938831325,0.010000000000005116,horizon,0,0.10096335287414379,1.0,1.0,25/25/25 Hz,1.0,2000,transition,101,40,0.03567219572137475,0.05020250665737621,0.09347402637894829,after_return,0.2762589048439476
0.44841659529744915,1.0,24.97872340425532,276.91349,held-out,stress,60,1.0,24.97872340425532,0.85,10.0,0.051943806091423954,34080,25.0,0.13112573950974818,0.010000000000005116,retrodiction,0,0.08963686679149885,1.0,1.0,25/25/25 Hz,1.0,4700,gps,101,13,0.041626542913436856,0.05219858527273638,0.07305209714261088,flight,0.37838597155206877
0.5200833400677842,1.0,25.0,276.91349,held-out,stress,25,1.0,25.0,0.85,10.0,0.06360135117203505,34080,25.0,0.11742487181787092,0.010000000000001563,retrodiction,0,0.0858477458783514,1.0,1.0,25/25/25 Hz,1.0,700,gps,101,18,0.030864004935152307,0.0642375968118066,0.05766024281500618,before_outage,0.4600584560832577
0.4510223182106089,1.0,25.0,276.91349,held-out,stress,40,1.0,25.0,0.85,10.0,0.04836687918424971,34080,25.0,0.09667461734265054,0.010000000000005116,retrodiction,0,0.08767419982882992,1.0,1.0,25/25/25 Hz,1.0,1500,gps,101,25,0.03604567678175405,0.046606423025499805,0.07312598931708064,outage_window,0.3909422502261469
0.3416253305435561,1.0,25.0,276.91349,held-out,stress,60,1.0,25.0,0.85,10.0,0.044316664754921395,34080,25.0,0.1050808760087772,0.010000000000005116,retrodiction,0,0.0906151330836616,1.0,1.0,25/25/25 Hz,1.0,2000,gps,101,40,0.041626542913436856,0.04162301916217086,0.07903882317424527,after_return,0.28292772332554167
0.35566076254481743,1.0,25.0,540.42664,held-out,stress,60,1.0,25.0,0.85,10.0,0.03611031703009994,77860,25.0,0.08038255950224242,0.010000000000005116,horizon,0,0.08173746265456379,1.0,1.0,25/25/25 Hz,1.0,4700,gps,101,13,0.03543969820739245,0.05090743533764592,0.07332842426502757,flight,0.258064397500068
0.34513997699172405,1.0,25.0,540.42664,held-out,stress,25,1.0,25.0,0.85,10.0,0.04977882506142662,77860,25.0,0.08038255950224242,0.010000000000001563,horizon,0,0.07193905647154289,1.0,1.0,25/25/25 Hz,1.0,700,gps,101,18,0.05359501848157008,0.0520798074281232,0.05193550251532878,before_outage,0.254104884997458
0.3261953497415607,1.0,25.0,540.42664,held-out,stress,40,1.0,25.0,0.85,10.0,0.02973050124273097,77860,25.0,0.05412396509781848,0.010000000000005116,horizon,0,0.077298254052388,1.0,1.0,25/25/25 Hz,1.0,1500,gps,101,25,0.02262316244147361,0.0495577751380849,0.07135206637094324,outage_window,0.2410500911806275
0.37070429505800484,1.0,25.0,540.42664,held-out,stress,60,1.0,25.0,0.85,10.0,0.03549870019376522,77860,25.0,0.07543534235432947,0.010000000000005116,horizon,0,0.09124680165794828,1.0,1.0,25/25/25 Hz,1.0,2000,gps,101,40,0.03543969820739245,0.050163970831444846,0.08405843858505893,after_return,0.2664450213013528
0.6570870721865328,1.0,24.95744680851064,244.35889,held-out,stress,60,1.0,24.97872340425532,0.85,0.0,0.26266326209639307,34080,25.0,0.45106867068960527,0.010000000000005116,retrodiction,0,0.27459462374957055,1.0,1.0,25/25/25 Hz,1.0,4700,denied,101,13,0.2786445935049682,0.07250487996870893,0.08006383788608774,flight,0.582369121950738
0.9528260848980923,1.0,25.0,244.35889,held-out,stress,25,1.0,25.0,0.85,0.0,0.3066896775066753,34080,25.0,0.45106867068960527,0.010000000000001563,retrodiction,0,0.31356762892510065,1.0,1.0,25/25/25 Hz,1.0,700,denied,101,18,0.2615806596300988,0.09354000195446027,0.06531538578743215,before_outage,0.8789462367709355
0.5902668129316133,1.0,25.0,244.35889,held-out,stress,40,1.0,25.0,0.85,0.0,0.21605953039141126,34080,25.0,0.29445352035940053,0.010000000000005116,retrodiction,0,0.23018588504699583,1.0,1.0,25/25/25 Hz,1.0,1500,denied,101,25,0.24343746808407382,0.06598566375070983,0.07939660573293805,outage_window,0.48244090105910853
0.5421084045051588,1.0,25.0,244.35889,held-out,stress,60,1.0,25.0,0.85,0.0,0.2831092023827678,34080,25.0,0.35758976837275724,0.010000000000005116,retrodiction,0,0.29559837045042187,1.0,1.0,25/25/25 Hz,1.0,2000,denied,101,40,0.2786445935049682,0.05812889924178675,0.0850151524090728,after_return,0.49963041518929446
0.6570010263920191,1.0,24.97872340425532,481.835809,held-out,stress,60,1.0,25.0,0.85,0.0,0.3758599340809199,77860,25.0,0.5261821293194272,0.010000000000005116,horizon,0,0.3854718055324408,1.0,1.0,25/25/25 Hz,1.0,4700,denied,101,13,0.41830920905479285,0.06970654461911724,0.08554427399380035,flight,0.5863247509119479
0.9936649148427749,1.0,25.0,481.835809,held-out,stress,25,1.0,25.0,0.85,0.0,0.39656927557308125,77860,25.0,0.5261821293194272,0.010000000000001563,horizon,0,0.4026092130900045,1.0,1.0,25/25/25 Hz,1.0,700,denied,101,18,0.3540347345642846,0.088781221235379,0.06947652939226442,before_outage,0.9086815531856867
0.5838346696750509,1.0,25.0,481.835809,held-out,stress,40,1.0,25.0,0.85,0.0,0.3385405838925213,77860,25.0,0.410659689417351,0.010000000000005116,horizon,0,0.34828833858898783,1.0,1.0,25/25/25 Hz,1.0,1500,denied,101,25,0.3648604991910644,0.06392666017416149,0.08182322319970142,outage_window,0.4929493466098357
0.4985663682799861,1.0,25.0,481.835809,held-out,stress,60,1.0,25.0,0.85,0.0,0.40046113342690587,77860,25.0,0.47299652588690894,0.010000000000005116,horizon,0,0.411354068900173,1.0,1.0,25/25/25 Hz,1.0,2000,denied,101,40,0.41830920905479285,0.05592814784388007,0.09403749579378515,after_return,0.45376111675346514
0.4310465374707677,1.0,24.97872340425532,267.33657,held-out,stress,60,1.0,24.97872340425532,0.85,6.808510638297872,0.05034318374546731,34080,25.0,0.13112573950974818,0.010000000000005116,retrodiction,0,0.09028062584526793,1.0,1.0,25/25/25 Hz,1.0,4700,transition,101,13,0.041396134198469645,0.056755433019598754,0.07494101182519071,flight,0.3599771712092469
0.5200833400677842,1.0,25.0,267.33657,held-out,stress,25,1.0,25.0,0.85,10.0,0.06360135117203505,34080,25.0,0.11742487181787092,0.010000000000001563,retrodiction,0,0.0858477458783514,1.0,1.0,25/25/25 Hz,1.0,700,transition,101,18,0.030864004935152307,0.0642375968118066,0.05766024281500618,before_outage,0.4600584560832577
0.3825012553243672,1.0,25.0,267.33657,held-out,stress,40,1.0,25.0,0.85,0.06666666666666667,0.03787687130107409,34080,25.0,0.07115576813190522,0.010000000000005116,retrodiction,0,0.0874553224822761,1.0,1.0,25/25/25 Hz,1.0,1500,transition,101,25,0.041660070104183676,0.06081211620192258,0.07882750821204978,outage_window,0.34158809388392536
0.3516304061196317,1.0,25.0,267.33657,held-out,stress,60,1.0,25.0,0.85,9.95,0.04751569544908783,34080,25.0,0.11890849887688551,0.010000000000005116,retrodiction,0,0.09226069866117502,1.0,1.0,25/25/25 Hz,1.0,2000,transition,101,40,0.041396134198469645,0.04188978118686872,0.07908410209035491,after_return,0.2742645934768221
0.3595619564748783,1.0,25.0,497.09318,held-out,stress,60,1.0,25.0,0.85,6.808510638297872,0.03726944663509901,77860,25.0,0.08038255950224242,0.010000000000005116,horizon,0,0.08547380023755828,1.0,1.0,25/25/25 Hz,1.0,4700,transition,101,13,0.03567600953172209,0.053813823347096085,0.0769204711020644,flight,0.2792740242667166
0.34513997699172405,1.0,25.0,497.09318,held-out,stress,25,1.0,25.0,0.85,10.0,0.04977882506142662,77860,25.0,0.08038255950224242,0.010000000000001563,horizon,0,0.07193905647154289,1.0,1.0,25/25/25 Hz,1.0,700,transition,101,18,0.05359501848157008,0.0520798074281232,0.05193550251532878,before_outage,0.254104884997458
0.3440074102491169,1.0,25.0,497.09318,held-out,stress,40,1.0,25.0,0.85,0.13333333333333333,0.029817016745749797,77860,25.0,0.059446787568576936,0.010000000000005116,horizon,0,0.08734288119370034,1.0,1.0,25/25/25 Hz,1.0,1500,transition,101,25,0.018418354083056622,0.05834990242718023,0.08209582454425152,outage_window,0.29450602747360605
0.3674580632333158,1.0,25.0,497.09318,held-out,stress,60,1.0,25.0,0.85,9.9,0.03815988758568608,77860,25.0,0.07652156700267,0.010000000000005116,horizon,0,0.09248697398437197,1.0,1.0,25/25/25 Hz,1.0,2000,transition,101,40,0.03567600953172209,0.05020077566096939,0.08424763104226551,after_return,0.27623145255904963
0.46155593114191107,1.0,24.95744680851064,252.23292,held-out,zero,60,1.0,24.95744680851064,0.85,10.0,0.05029001793946673,34080,25.0,0.08807395838265449,0.010000000000005116,retrodiction,0,0.06997596679644288,1.0,1.0,25/25/25 Hz,1.0,4700,gps,307,13,0.03140570516441891,0.04627961578749453,0.048657476555458476,flight,0.289980639767829
0.4227326666001337,1.0,25.0,252.23292,held-out,zero,25,1.0,25.0,0.85,10.0,0.06125767166721098,34080,25.0,0.08761364735951943,0.010000000000001563,retrodiction,0,0.07335906793218118,1.0,1.0,25/25/25 Hz,1.0,700,gps,307,18,0.08711298325407128,0.046765831263884554,0.04036149786356486,before_outage,0.3059147909797177
0.4417066428441992,1.0,24.933333333333334,252.23292,held-out,zero,40,1.0,25.0,0.85,10.0,0.05916376168957969,34080,25.0,0.08807395838265449,0.010000000000005116,retrodiction,0,0.07596448104230166,1.0,1.0,25/25/25 Hz,1.0,1500,gps,307,25,0.027338629931490954,0.04546969993656204,0.04764715818141551,outage_window,0.2771734418162812
0.4479017312755917,1.0,24.95,252.23292,held-out,zero,60,1.0,24.95,0.85,10.0,0.03956070016250203,34080,25.0,0.07436705376273502,0.010000000000005116,retrodiction,0,0.06756012423454481,1.0,1.0,25/25/25 Hz,1.0,2000,gps,307,40,0.03140570516441891,0.046958194463069425,0.05476606055980054,after_return,0.27250743306292813
0.48093919459609635,1.0,24.95744680851064,514.860409,held-out,zero,60,1.0,24.95744680851064,0.85,10.0,0.05187859364295353,77860,25.0,0.1026324027334927,0.010000000000005116,horizon,0,0.07234324022848784,1.0,1.0,25/25/25 Hz,1.0,4700,gps,307,13,0.018793229766170837,0.05015008673490534,0.05041979698874246,flight,0.29499730260658297
0.43379050840633987,1.0,25.0,514.860409,held-out,zero,25,1.0,25.0,0.85,10.0,0.061141316609531496,77860,25.0,0.09079161988228288,0.010000000000001563,horizon,0,0.07229252523030201,1.0,1.0,25/25/25 Hz,1.0,700,gps,307,18,0.0825567267097754,0.0502819071069737,0.03857393689302247,before_outage,0.30690148602594597
0.47037062767642485,1.0,24.933333333333334,514.860409,held-out,zero,40,1.0,25.0,0.85,10.0,0.06199154997826249,77860,25.0,0.1026324027334927,0.010000000000005116,horizon,0,0.07878292526517379,1.0,1.0,25/25/25 Hz,1.0,1500,gps,307,25,0.0281507201100175,0.04946588091342575,0.04861889596268659,outage_window,0.2749944818311741
0.4531416093585609,1.0,24.95,514.860409,held-out,zero,60,1.0,24.95,0.85,10.0,0.04116979275431984,77860,25.0,0.08293566308943659,0.010000000000005116,horizon,0,0.0715019160024261,1.0,1.0,25/25/25 Hz,1.0,2000,gps,307,40,0.018793229766170837,0.049952605067787884,0.058460004760385965,after_return,0.27436773290522837
0.3098418590399624,1.0,24.95744680851064,249.02249,held-out,zero,60,1.0,24.97872340425532,0.85,0.0,0.11985044894616971,34080,25.0,0.17737875230313516,0.010000000000005116,retrodiction,0,0.13151436081639004,1.0,1.0,25/25/25 Hz,1.0,4700,denied,307,13,0.1495497154785311,0.05748971121576391,0.05414699426879751,flight,0.2496215445134135
0.31165251572884745,1.0,25.0,249.02249,held-out,zero,25,1.0,25.0,0.85,0.0,0.13547286814177437,34080,25.0,0.1669448939205502,0.010000000000001563,retrodiction,0,0.14392770209464903,1.0,1.0,25/25/25 Hz,1.0,700,denied,307,18,0.1666957481957266,0.06360077397589783,0.048603347906162324,before_outage,0.2723272434223707
0.3612615886466446,1.0,24.933333333333334,249.02249,held-out,zero,40,1.0,25.0,0.85,0.0,0.12240507790775494,34080,25.0,0.17737875230313516,0.010000000000005116,retrodiction,0,0.13222768425535364,1.0,1.0,25/25/25 Hz,1.0,1500,denied,307,25,0.08452652390396562,0.05378838248284575,0.050011572520067264,outage_window,0.2967613890529044
0.28623353274156543,1.0,24.95,249.02249,held-out,zero,60,1.0,25.0,0.85,0.0,0.11226058435640097,34080,25.0,0.15799315674665668,0.010000000000005116,retrodiction,0,0.12724034620848762,1.0,1.0,25/25/25 Hz,1.0,2000,denied,307,40,0.1495497154785311,0.0491791266521438,0.05989713601847059,after_return,0.22478030360367574
0.376797826907593,1.0,24.95744680851064,497.278579,held-out,zero,60,1.0,24.97872340425532,0.85,0.0,0.07482072267095209,77860,25.0,0.14593301173065928,0.010000000000005116,horizon,0,0.0973796751952491,1.0,1.0,25/25/25 Hz,1.0,4700,denied,307,13,0.09546046595436224,0.061476343981773214,0.062327045494942966,flight,0.31251558119852646
0.37896573444973425,1.0,25.0,497.278579,held-out,zero,25,1.0,25.0,0.85,0.0,0.06735748852040542,77860,25.0,0.1005397390532471,0.010000000000001563,horizon,0,0.08712906500462034,1.0,1.0,25/25/25 Hz,1.0,700,denied,307,18,0.07468906395770265,0.06629402090318157,0.05526701284494043,before_outage,0.3378985530424777
0.4375297137323541,1.0,24.933333333333334,497.278579,held-out,zero,40,1.0,25.0,0.85,0.0,0.09991088716957917,77860,25.0,0.14593301173065928,0.010000000000005116,horizon,0,0.11404521767971097,1.0,1.0,25/25/25 Hz,1.0,1500,denied,307,25,0.06898200633780918,0.05852223980130075,0.0549920567045849,outage_window,0.3681376483985484
0.3548676725398704,1.0,24.95,497.278579,held-out,zero,60,1.0,25.0,0.85,0.0,0.05236643021766811,77860,25.0,0.1161200265321223,0.010000000000005116,horizon,0,0.08713547416952541,1.0,1.0,25/25/25 Hz,1.0,2000,denied,307,40,0.09546046595436224,0.052540339964720524,0.06964443872274459,after_return,0.288103947146633
0.43848668998904194,1.0,24.95744680851064,251.5965,held-out,zero,60,1.0,24.95744680851064,0.85,6.808510638297872,0.07820080795717906,34080,25.0,0.14914284059951313,0.010000000000005116,retrodiction,0,0.09252633499019362,1.0,1.0,25/25/25 Hz,1.0,4700,transition,307,13,0.03131670353947982,0.04839343360946207,0.049454588276134,flight,0.27741690843494465
0.4227326666001337,1.0,25.0,251.5965,held-out,zero,25,1.0,25.0,0.85,10.0,0.06125767166721098,34080,25.0,0.08761364735951943,0.010000000000001563,retrodiction,0,0.07335906793218118,1.0,1.0,25/25/25 Hz,1.0,700,transition,307,18,0.08711298325407128,0.046765831263884554,0.04036149786356486,before_outage,0.3059147909797177
0.34609755257383806,1.0,24.933333333333334,251.5965,held-out,zero,40,1.0,25.0,0.85,0.0,0.11862016481465014,34080,25.0,0.14914284059951313,0.010000000000005116,retrodiction,0,0.1287855311032103,1.0,1.0,25/25/25 Hz,1.0,1500,transition,307,25,0.14486678327425845,0.0518101094490175,0.05014947179064987,outage_window,0.20605331244899427
0.4564133401428744,1.0,24.95,251.5965,held-out,zero,60,1.0,24.95,0.85,10.0,0.04544241936441188,34080,25.0,0.10989389512477642,0.010000000000005116,retrodiction,0,0.07116587130685154,1.0,1.0,25/25/25 Hz,1.0,2000,transition,307,40,0.03131670353947982,0.047040008146893034,0.054768309825776795,after_return,0.2885886028573337
0.45676749953183354,1.0,24.95744680851064,525.49607,held-out,zero,60,1.0,24.95744680851064,0.85,6.808510638297872,0.07867875577878164,77860,25.0,0.15754002975157197,0.010000000000005116,horizon,0,0.09475282208466582,1.0,1.0,25/25/25 Hz,1.0,4700,transition,307,13,0.019051587053106948,0.05182628019029588,0.05279915417988405,flight,0.27882873099169103
0.43379050840633987,1.0,25.0,525.49607,held-out,zero,25,1.0,25.0,0.85,10.0,0.061141316609531496,77860,25.0,0.09079161988228288,0.010000000000001563,horizon,0,0.07229252523030201,1.0,1.0,25/25/25 Hz,1.0,700,transition,307,18,0.0825567267097754,0.0502819071069737,0.03857393689302247,before_outage,0.30690148602594597
0.3564750833216531,1.0,24.933333333333334,525.49607,held-out,zero,40,1.0,25.0,0.85,0.13333333333333333,0.117682149036266,77860,25.0,0.15754002975157197,0.010000000000005116,horizon,0,0.13022622392840716,1.0,1.0,25/25/25 Hz,1.0,1500,transition,307,25,0.15239491896250204,0.05477544171624321,0.05576541219122942,outage_window,0.17748439700271304
0.47191402104705316,1.0,24.95,525.49607,held-out,zero,60,1.0,24.95,0.85,9.9,0.04912129372335349,77860,25.0,0.15304878208804215,0.010000000000005116,horizon,0,0.0764730881469035,1.0,1.0,25/25/25 Hz,1.0,2000,transition,307,40,0.019051587053106948,0.04981813426696919,0.05861084979479572,after_return,0.29422001470700454
0.38520197647967264,1.0,24.95744680851064,279.181209,held-out,nominal,60,1.0,24.97872340425532,0.85,10.0,0.056729000375878635,34080,25.0,0.11258887910400651,0.010000000000005116,retrodiction,0,0.07565203708962473,1.0,1.0,25/25/25 Hz,1.0,4700,gps,307,13,0.03260352634709651,0.042028356219064526,0.0500504868324327,flight,0.34754498140584095
0.3615847417843618,1.0,25.0,279.181209,held-out,nominal,25,1.0,25.0,0.85,10.0,0.06636881592727112,34080,25.0,0.09342950701680888,0.010000000000001563,retrodiction,0,0.0781637640261572,1.0,1.0,25/25/25 Hz,1.0,700,gps,307,18,0.09207835865871737,0.03926826179457425,0.041288670106323255,before_outage,0.34159942309543234
0.29180221570193604,1.0,24.933333333333334,279.181209,held-out,nominal,40,1.0,25.0,0.85,10.0,0.06826207543217692,34080,25.0,0.11258887910400651,0.010000000000005116,retrodiction,0,0.08369971264192758,1.0,1.0,25/25/25 Hz,1.0,1500,gps,307,25,0.02953990129589236,0.0390356593535029,0.048434811386367946,outage_window,0.2602346758346691
0.4115607833329687,1.0,24.95,279.181209,held-out,nominal,60,1.0,25.0,0.85,10.0,0.044965637373747876,34080,25.0,0.08316757599723011,0.010000000000005116,retrodiction,0,0.07201475601172509,1.0,1.0,25/25/25 Hz,1.0,2000,gps,307,40,0.03260352634709651,0.04081739220087666,0.056251369218899054,after_return,0.37078950044777037
0.4805140554218212,1.0,24.95744680851064,531.388419,held-out,nominal,60,1.0,24.95744680851064,0.85,10.0,0.05188101060831963,77860,25.0,0.10262562804129602,0.010000000000005116,horizon,0,0.07421078300456267,1.0,1.0,25/25/25 Hz,1.0,4700,gps,307,13,0.018791974320452348,0.05014853431607396,0.053062237536780445,flight,0.29517536485684215
0.43311219396210276,1.0,25.0,531.388419,held-out,nominal,25,1.0,25.0,0.85,10.0,0.06114977545036155,77860,25.0,0.09079151900597221,0.010000000000001563,horizon,0,0.07344821277345982,1.0,1.0,25/25/25 Hz,1.0,700,gps,307,18,0.08255598651470915,0.05027979128901895,0.0406859302706204,before_outage,0.30682258590664646
0.4697261774281346,1.0,24.933333333333334,531.388419,held-out,nominal,40,1.0,25.0,0.85,10.0,0.061989088647211046,77860,25.0,0.10262562804129602,0.010000000000005116,horizon,0,0.08046545530159055,1.0,1.0,25/25/25 Hz,1.0,1500,gps,307,25,0.028150461519206547,0.04946359039783921,0.05130343444234975,outage_window,0.2749874431554034
0.4525747220206784,1.0,24.95,531.388419,held-out,nominal,60,1.0,24.95,0.85,10.0,0.04117281635047253,77860,25.0,0.08294427199200641,0.010000000000005116,horizon,0,0.07401536812112278,1.0,1.0,25/25/25 Hz,1.0,2000,gps,307,40,0.018791974320452348,0.049951578752054096,0.061506698105780154,after_return,0.2743682965741101
0.6118817167866328,1.0,24.95744680851064,245.25823,held-out,nominal,60,1.0,24.97872340425532,0.85,0.0,0.1368963445766382,34080,25.0,0.231226024459981,0.010000000000005116,retrodiction,0,0.14746241710340513,1.0,1.0,25/25/25 Hz,1.0,4700,denied,307,13,0.17203798081009483,0.06407325973092322,0.05481382398203003,flight,0.551053244981841
0.6857027113574344,1.0,25.0,245.25823,held-out,nominal,25,1.0,25.0,0.85,0.0,0.0848449188462119,34080,25.0,0.11992059502776979,0.010000000000001563,retrodiction,0,0.09820694370680878,1.0,1.0,25/25/25 Hz,1.0,700,denied,307,18,0.09958092941978092,0.07268403435950845,0.04945648125586805,before_outage,0.6263978146151331
0.6580404263072189,1.0,24.933333333333334,245.25823,held-out,nominal,40,1.0,25.0,0.85,0.0,0.13420190314192854,34080,25.0,0.18004905516736527,0.010000000000005116,retrodiction,0,0.14340898675630256,1.0,1.0,25/25/25 Hz,1.0,1500,denied,307,25,0.09706026605684077,0.061214809225875265,0.05055676686215006,outage_window,0.5906846681997592
0.56324106454527,1.0,24.95,245.25823,held-out,nominal,60,1.0,25.0,0.85,0.0,0.1595182529358061,34080,25.0,0.231226024459981,0.010000000000005116,retrodiction,0,0.17056066406535547,1.0,1.0,25/25/25 Hz,1.0,2000,denied,307,40,0.17203798081009483,0.055049349031983635,0.060372734795793616,after_return,0.5072979028679203
0.4284962132834926,1.0,24.95744680851064,475.144419,held-out,nominal,60,1.0,24.97872340425532,0.85,0.0,0.12023471038993268,77860,25.0,0.2160062231028433,0.010000000000005116,horizon,0,0.13681592887864108,1.0,1.0,25/25/25 Hz,1.0,4700,denied,307,13,0.12787786652835986,0.06221442735981181,0.06528562485244661,flight,0.3611523534677389
0.44468512429278606,1.0,25.0,475.144419,held-out,nominal,25,1.0,25.0,0.85,0.0,0.10915252592591235,77860,25.0,0.15121440695776953,0.010000000000001563,horizon,0,0.12340522295057443,1.0,1.0,25/25/25 Hz,1.0,700,denied,307,18,0.09580270582059319,0.0675707497404523,0.05757234696861,before_outage,0.3998546634476612
0.4900428629260072,1.0,24.933333333333334,475.144419,held-out,nominal,40,1.0,25.0,0.85,0.0,0.15459923118993663,77860,25.0,0.2160062231028433,0.010000000000005116,horizon,0,0.16500679645668545,1.0,1.0,25/25/25 Hz,1.0,1500,denied,307,25,0.1316838313170607,0.05909202595606657,0.057674262824751826,outage_window,0.41684438421583947
0.40221741591778826,1.0,24.95,475.144419,held-out,nominal,60,1.0,25.0,0.85,0.0,0.10132072839579252,77860,25.0,0.1767040594402307,0.010000000000005116,horizon,0,0.12508663886785903,1.0,1.0,25/25/25 Hz,1.0,2000,denied,307,40,0.12787786652835986,0.05363979649216804,0.07335378122908337,after_return,0.3327422096585062
0.37664958911435786,1.0,24.95744680851064,269.48654,held-out,nominal,60,1.0,24.97872340425532,0.85,6.808510638297872,0.07642512531973439,34080,25.0,0.1456240911395954,0.010000000000005116,retrodiction,0,0.09178612318755296,1.0,1.0,25/25/25 Hz,1.0,4700,transition,307,13,0.0321547362218381,0.04701115489709651,0.050832003990237684,flight,0.34230754353674103
0.3615847417843618,1.0,25.0,269.48654,held-out,nominal,25,1.0,25.0,0.85,10.0,0.06636881592727112,34080,25.0,0.09342950701680888,0.010000000000001563,retrodiction,0,0.0781637640261572,1.0,1.0,25/25/25 Hz,1.0,700,transition,307,18,0.09207835865871737,0.03926826179457425,0.041288670106323255,before_outage,0.34159942309543234
0.1997547841378588,1.0,24.933333333333334,269.48654,held-out,nominal,40,1.0,25.0,0.85,0.06666666666666667,0.11030946677237723,34080,25.0,0.1456240911395954,0.010000000000005116,retrodiction,0,0.12141381312592207,1.0,1.0,25/25/25 Hz,1.0,1500,transition,307,25,0.13385733281292425,0.05350084957176881,0.050726083607648374,outage_window,0.15846390631319365
0.43359591908894846,1.0,24.95,269.48654,held-out,nominal,60,1.0,25.0,0.85,9.95,0.05053430125377191,34080,25.0,0.13399413112926897,0.010000000000005116,retrodiction,0,0.07571529550381552,1.0,1.0,25/25/25 Hz,1.0,2000,transition,307,40,0.0321547362218381,0.04128868919255816,0.05638342282996957,after_return,0.4011890089901818
0.4564522635256598,1.0,24.95744680851064,499.780909,held-out,nominal,60,1.0,24.95744680851064,0.85,6.808510638297872,0.07867343778409928,77860,25.0,0.1574979612079547,0.010000000000005116,horizon,0,0.09617311072692741,1.0,1.0,25/25/25 Hz,1.0,4700,transition,307,13,0.01905303257827593,0.051819645701106753,0.05531507402259623,flight,0.2791982449648053
0.43311219396210276,1.0,25.0,499.780909,held-out,nominal,25,1.0,25.0,0.85,10.0,0.06114977545036155,77860,25.0,0.09079151900597221,0.010000000000001563,horizon,0,0.07344821277345982,1.0,1.0,25/25/25 Hz,1.0,700,transition,307,18,0.08255598651470915,0.05027979128901895,0.0406859302706204,before_outage,0.30682258590664646
0.35617458052072726,1.0,24.933333333333334,499.780909,held-out,nominal,40,1.0,25.0,0.85,0.13333333333333333,0.11766795013163782,77860,25.0,0.1574979612079547,0.010000000000005116,horizon,0,0.13121218114866748,1.0,1.0,25/25/25 Hz,1.0,1500,transition,307,25,0.15236067364463948,0.05475726990266394,0.05805936611442741,outage_window,0.17830649584749728
0.4713593993044588,1.0,24.95,499.780909,held-out,nominal,60,1.0,24.95,0.85,9.9,0.04912099417248286,77860,25.0,0.15301517763981526,0.010000000000005116,horizon,0,0.07883893533260597,1.0,1.0,25/25/25 Hz,1.0,2000,transition,307,40,0.01905303257827593,0.04981783600353867,0.061666081891796315,after_return,0.2942466024875453
0.43546177124769536,1.0,24.93617021276596,279.39036,held-out,stress,60,1.0,24.95744680851064,0.85,10.0,0.060329867209515144,34080,25.0,0.12328991508726347,0.010000000000005116,retrodiction,0,0.0791175096131294,1.0,1.0,25/25/25 Hz,1.0,4700,gps,307,13,0.03397956148163252,0.04836996346780841,0.05118483613206057,flight,0.38054805777311607
0.44750965317938224,1.0,25.0,279.39036,held-out,stress,25,1.0,24.857142857142858,0.85,10.0,0.06749312767757182,34080,25.0,0.10169391300292376,0.010000000000001563,retrodiction,0,0.07998791433304253,1.0,1.0,25/25/25 Hz,1.0,700,gps,307,18,0.1008456613523423,0.04762049635632234,0.04292719599099317,before_outage,0.39791451292170094
0.2983075523926293,1.0,24.933333333333334,279.39036,held-out,stress,40,1.0,25.0,0.85,10.0,0.07067307440435265,34080,25.0,0.12328991508726347,0.010000000000005116,retrodiction,0,0.08611102299310201,1.0,1.0,25/25/25 Hz,1.0,1500,gps,307,25,0.03490157846353062,0.04347999321116256,0.049197813316806845,outage_window,0.250177228830624
0.4935337608787813,1.0,24.95,279.39036,held-out,stress,60,1.0,25.0,0.85,10.0,0.05140951853849275,34080,25.0,0.09650737712186479,0.010000000000005116,retrodiction,0,0.07666871361440517,1.0,1.0,25/25/25 Hz,1.0,2000,gps,307,40,0.03397956148163252,0.044382851643536905,0.05687840584024878,after_return,0.440657717868825
0.4805246750710095,1.0,24.95744680851064,510.58845,held-out,stress,60,1.0,24.95744680851064,0.85,10.0,0.05188071146727744,77860,25.0,0.10262785979017483,0.010000000000005116,horizon,0,0.07319217608165045,1.0,1.0,25/25/25 Hz,1.0,4700,gps,307,13,0.01879221267076023,0.050148664857790744,0.051628348968531135,flight,0.2951497803408992
0.43315324712152253,1.0,25.0,510.58845,held-out,stress,25,1.0,25.0,0.85,10.0,0.06114818474182099,77860,25.0,0.09079077809433467,0.010000000000001563,horizon,0,0.07281499098372642,1.0,1.0,25/25/25 Hz,1.0,700,gps,307,18,0.08255588301331257,0.050279915737337616,0.039533813561814256,before_outage,0.30682929755207194
0.46975931274939176,1.0,24.933333333333334,510.58845,held-out,stress,40,1.0,25.0,0.85,10.0,0.06198978149302651,77860,25.0,0.10262785979017483,0.010000000000005116,horizon,0,0.07954407599488536,1.0,1.0,25/25/25 Hz,1.0,1500,gps,307,25,0.028150792754072795,0.04946367563628419,0.04984503000627972,outage_window,0.27498760995642646
0.4526069868975713,1.0,24.95,510.58845,held-out,stress,60,1.0,24.95,0.85,10.0,0.041172297326258094,77860,25.0,0.08294261545834393,0.010000000000005116,horizon,0,0.07264949548882867,1.0,1.0,25/25/25 Hz,1.0,2000,gps,307,40,0.01879221267076023,0.049951774723638986,0.05985642093927382,after_return,0.27436726173585657
0.236510204208662,1.0,24.95744680851064,245.25425,held-out,stress,60,1.0,24.95744680851064,0.85,0.0,0.22304905224138213,34080,25.0,0.31731305389379716,0.010000000000005116,retrodiction,0,0.23000549017758207,1.0,1.0,25/25/25 Hz,1.0,4700,denied,307,13,0.22444242834494532,0.06151646583840889,0.056139520892602844,flight,0.1785653689731022
0.24236183575125722,1.0,25.0,245.25425,held-out,stress,25,1.0,24.857142857142858,0.85,0.0,0.19320533145600058,34080,25.0,0.23106236351709866,0.010000000000001563,retrodiction,0,0.2001179419406973,1.0,1.0,25/25/25 Hz,1.0,700,denied,307,18,0.22117824236966083,0.06937266657180402,0.05214298211223861,before_outage,0.1868374787660949
0.20793806749301652,1.0,24.933333333333334,245.25425,held-out,stress,40,1.0,25.0,0.85,0.0,0.2676495336008874,34080,25.0,0.31731305389379716,0.010000000000005116,retrodiction,0,0.2725838087316377,1.0,1.0,25/25/25 Hz,1.0,1500,denied,307,25,0.2426489860056827,0.0593645251122521,0.051630029497120034,outage_window,0.14330508135713507
0.210200861050341,1.0,24.95,245.25425,held-out,stress,60,1.0,25.0,0.85,0.0,0.21801480722374017,34080,25.0,0.2684200251964411,0.010000000000005116,retrodiction,0,0.22632322198042076,1.0,1.0,25/25/25 Hz,1.0,2000,denied,307,40,0.22444242834494532,0.051268847055760784,0.06075972875839911,after_return,0.14648033049116996
0.420672052701992,1.0,24.95744680851064,470.211719,held-out,stress,60,1.0,24.97872340425532,0.85,0.0,0.10305534900790678,77860,25.0,0.19708976525392977,0.010000000000005116,horizon,0,0.12127593372356128,1.0,1.0,25/25/25 Hz,1.0,4700,denied,307,13,0.10728537110487499,0.062051516216310755,0.06393314587426586,flight,0.3513536196285546
0.4240794126746926,1.0,25.0,470.211719,held-out,stress,25,1.0,25.0,0.85,0.0,0.08925402741070315,77860,25.0,0.13004468738031985,0.010000000000001563,horizon,0,0.10561948213204284,1.0,1.0,25/25/25 Hz,1.0,700,denied,307,18,0.0778432173370306,0.06701278533448804,0.05647294570686364,before_outage,0.37861908395223237
0.47906395534824836,1.0,24.933333333333334,470.211719,held-out,stress,40,1.0,25.0,0.85,0.0,0.13527615683769992,77860,25.0,0.19708976525392977,0.010000000000005116,horizon,0,0.1465886524140439,1.0,1.0,25/25/25 Hz,1.0,1500,denied,307,25,0.11243327623007796,0.05892972766518033,0.056467640359655465,outage_window,0.4042435253573454
0.40167292879678,1.0,24.95,470.211719,held-out,stress,60,1.0,25.0,0.85,0.0,0.08314536134713293,77860,25.0,0.15723772961557445,0.010000000000005116,horizon,0,0.10977160405264769,1.0,1.0,25/25/25 Hz,1.0,2000,denied,307,40,0.10728537110487499,0.05354498026621448,0.07167045376405781,after_return,0.3292139259774222
0.4689020676234665,1.0,24.93617021276596,268.58604,held-out,stress,60,1.0,24.95744680851064,0.85,6.808510638297872,0.07862531220536892,34080,25.0,0.15430651142987176,0.010000000000005116,retrodiction,0,0.09428031581385436,1.0,1.0,25/25/25 Hz,1.0,4700,transition,307,13,0.03184966302188162,0.05411407728982124,0.05202728352094104,flight,0.415611255831925
0.44750965317938224,1.0,25.0,268.58604,held-out,stress,25,1.0,24.857142857142858,0.85,10.0,0.06749312767757182,34080,25.0,0.10169391300292376,0.010000000000001563,retrodiction,0,0.07998791433304253,1.0,1.0,25/25/25 Hz,1.0,700,transition,307,18,0.1008456613523423,0.04762049635632234,0.04292719599099317,before_outage,0.39791451292170094
0.3761481292437626,1.0,24.933333333333334,268.58604,held-out,stress,40,1.0,25.0,0.85,0.06666666666666667,0.10977057837031674,34080,25.0,0.15430651142987176,0.010000000000005116,retrodiction,0,0.12132091675778109,1.0,1.0,25/25/25 Hz,1.0,1500,transition,307,25,0.14413344510852313,0.06041477413307726,0.05166415553548318,outage_window,0.33575642670355327
0.5246615255817557,1.0,24.95,268.58604,held-out,stress,60,1.0,25.0,0.85,9.95,0.057671885284517374,34080,25.0,0.1422769647763403,0.010000000000005116,retrodiction,0,0.08111081086279445,1.0,1.0,25/25/25 Hz,1.0,2000,transition,307,40,0.03184966302188162,0.04509611031400081,0.05703435181142574,after_return,0.4713531273102868
0.45645660613409283,1.0,24.95744680851064,507.89897,held-out,stress,60,1.0,24.95744680851064,0.85,6.808510638297872,0.07867574264195813,77860,25.0,0.1575048422727629,0.010000000000005116,horizon,0,0.09539395674229782,1.0,1.0,25/25/25 Hz,1.0,4700,transition,307,13,0.01905369420954524,0.051814115115282014,0.053945662501147955,flight,0.2791468753611439
0.43315324712152253,1.0,25.0,507.89897,held-out,stress,25,1.0,25.0,0.85,10.0,0.06114818474182099,77860,25.0,0.09079077809433467,0.010000000000001563,horizon,0,0.07281499098372642,1.0,1.0,25/25/25 Hz,1.0,700,transition,307,18,0.08255588301331257,0.050279915737337616,0.039533813561814256,before_outage,0.30682929755207194
0.3561635112444714,1.0,24.933333333333334,507.89897,held-out,stress,40,1.0,25.0,0.85,0.13333333333333333,0.11767283952502805,77860,25.0,0.1575048422727629,0.010000000000005116,horizon,0,0.13066456273394567,1.0,1.0,25/25/25 Hz,1.0,1500,transition,307,25,0.15236485206179332,0.05474075261211138,0.056800799224748746,outage_window,0.17819764185476022
0.47140585784096434,1.0,24.95,507.89897,held-out,stress,60,1.0,24.95,0.85,9.9,0.04912184808177877,77860,25.0,0.15301935523863533,0.010000000000005116,horizon,0,0.07755202934355779,1.0,1.0,25/25/25 Hz,1.0,2000,transition,307,40,0.01905369420954524,0.049817882942796175,0.0600113430639133,after_return,0.29424098806229537
0.47004857196867644,1.0,25.0,253.410499,held-out,zero,60,1.0,25.0,0.85,10.0,0.04049198287485024,34080,25.0,0.07093082149858473,0.010000000000005116,retrodiction,0,0.06463632522395653,1.0,1.0,25/25/25 Hz,1.0,4700,gps,911,13,0.06380025469507751,0.04791692060680177,0.05038108634517437,flight,0.28478513684478735
0.3000226164189879,1.0,25.0,253.410499,held-out,zero,25,1.0,25.0,0.85,10.0,0.04435464730130197,34080,25.0,0.06422032406727463,0.010000000000001563,retrodiction,0,0.05784307215759531,1.0,1.0,25/25/25 Hz,1.0,700,gps,911,18,0.05427943927330723,0.05136340021270689,0.03712797138823885,before_outage,0.23331916650183518
0.3892170772944657,1.0,25.0,253.410499,held-out,zero,40,1.0,25.0,0.85,10.0,0.04115787464648085,34080,25.0,0.0639404340508081,0.010000000000005116,retrodiction,0,0.06689931317166199,1.0,1.0,25/25/25 Hz,1.0,1500,gps,911,25,0.02990205067032652,0.04628429170390866,0.052740377865774506,outage_window,0.3028370870603132
0.5618320153179823,1.0,25.0,253.410499,held-out,zero,60,1.0,25.0,0.85,10.0,0.03895653113015303,34080,25.0,0.07093082149858473,0.010000000000005116,retrodiction,0,0.06761652430879896,1.0,1.0,25/25/25 Hz,1.0,2000,gps,911,40,0.06380025469507751,0.047961403962940366,0.05526647303662338,after_return,0.25395123668328556
0.5000127531242734,1.0,25.0,503.75068,held-out,zero,60,1.0,25.0,0.85,10.0,0.04164275405647369,77860,25.0,0.09235043814092954,0.010000000000005116,horizon,0,0.06195528881323074,1.0,1.0,25/25/25 Hz,1.0,4700,gps,911,13,0.06896675825689347,0.05180126156563511,0.04587307321864186,flight,0.2871915889345421
0.3162973872720639,1.0,25.0,503.75068,held-out,zero,25,1.0,25.0,0.85,10.0,0.044145306802722405,77860,25.0,0.07724071884352583,0.010000000000001563,horizon,0,0.053061393330384767,1.0,1.0,25/25/25 Hz,1.0,700,gps,911,18,0.055489183869995906,0.05454955666186762,0.029439825907354004,before_outage,0.24172594931629182
0.3915302610065989,1.0,25.0,503.75068,held-out,zero,40,1.0,25.0,0.85,10.0,0.04188592819885756,77860,25.0,0.07625594565496363,0.010000000000005116,horizon,0,0.06130041515116775,1.0,1.0,25/25/25 Hz,1.0,1500,gps,911,25,0.011188385620954703,0.04969834743932873,0.04475835024468244,outage_window,0.2983275170631966
0.6123005950687507,1.0,25.0,503.75068,held-out,zero,60,1.0,25.0,0.85,10.0,0.04159936686995314,77860,25.0,0.09235043814092954,0.010000000000005116,horizon,0,0.06753575258784415,1.0,1.0,25/25/25 Hz,1.0,2000,gps,911,40,0.06896675825689347,0.05226232061826773,0.05320310661630148,after_return,0.2493116124831115
0.46620873372282384,1.0,25.0,243.524859,held-out,zero,60,1.0,25.0,0.85,0.0,0.1019033079714977,34080,25.0,0.1542011669086623,0.010000000000005116,retrodiction,0,0.11569693603831858,1.0,1.0,25/25/25 Hz,1.0,4700,denied,911,13,0.13060161388545935,0.05625475018310744,0.05478591820094719,flight,0.3793036172984416
0.581866196344775,1.0,25.0,243.524859,held-out,zero,25,1.0,25.0,0.85,0.0,0.10316080528494434,34080,25.0,0.13181100859786762,0.010000000000001563,retrodiction,0,0.11056909383980056,1.0,1.0,25/25/25 Hz,1.0,700,denied,911,18,0.055229868368193664,0.059660540571147024,0.039791616774346075,before_outage,0.5136854348291507
0.5366047274448097,1.0,25.0,243.524859,held-out,zero,40,1.0,25.0,0.85,0.0,0.11036165359374638,34080,25.0,0.1542011669086623,0.010000000000005116,retrodiction,0,0.12378786009715519,1.0,1.0,25/25/25 Hz,1.0,1500,denied,911,25,0.041414562596769795,0.053052369889604975,0.056069062088524316,outage_window,0.4210041224901597
0.35225627976418233,1.0,25.0,243.524859,held-out,zero,60,1.0,25.0,0.85,0.0,0.08601943962512766,34080,25.0,0.15415809832548638,0.010000000000005116,retrodiction,0,0.10488852043605386,1.0,1.0,25/25/25 Hz,1.0,2000,denied,911,40,0.13060161388545935,0.04867302888299247,0.06001881143311242,after_return,0.26804693459079454
0.4936587306971072,1.0,25.0,470.51746,held-out,zero,60,1.0,25.0,0.85,0.0,0.09109227448323573,77860,25.0,0.16150227909233986,0.010000000000005116,horizon,0,0.10674490988047942,1.0,1.0,25/25/25 Hz,1.0,4700,denied,911,13,0.11846335964654651,0.05981288846572688,0.05564776109478724,flight,0.4010067808384581
0.6091057257226057,1.0,25.0,470.51746,held-out,zero,25,1.0,25.0,0.85,0.0,0.09628504220891294,77860,25.0,0.137579567873576,0.010000000000001563,horizon,0,0.1036274280020919,1.0,1.0,25/25/25 Hz,1.0,700,denied,911,18,0.03415697510157454,0.06213508056234847,0.03831232805712272,before_outage,0.5344850029213232
0.5642064342896161,1.0,25.0,470.51746,held-out,zero,40,1.0,25.0,0.85,0.0,0.09599820122833189,77860,25.0,0.1453800491895566,0.010000000000005116,horizon,0,0.10989919252893474,1.0,1.0,25/25/25 Hz,1.0,1500,denied,911,25,0.013795783802826369,0.057466759885358314,0.05349932597179672,outage_window,0.44287083757081164
0.37839167038182214,1.0,25.0,470.51746,held-out,zero,60,1.0,25.0,0.85,0.0,0.07268593005605556,77860,25.0,0.1462981728519543,0.010000000000005116,horizon,0,0.09540848939657502,1.0,1.0,25/25/25 Hz,1.0,2000,denied,911,40,0.11846335964654651,0.05183056361339107,0.061802390089887034,after_return,0.2887410953612478
0.4044730352346712,1.0,25.0,248.91578,held-out,zero,60,1.0,25.0,0.85,6.808510638297872,0.04239677219986042,34080,25.0,0.10443324959586835,0.010000000000005116,retrodiction,0,0.06683987638078394,1.0,1.0,25/25/25 Hz,1.0,4700,transition,911,13,0.0642200818290525,0.04882599754319804,0.05167284375406119,flight,0.2475024308609328
0.3000226164189879,1.0,25.0,248.91578,held-out,zero,25,1.0,25.0,0.85,10.0,0.04435464730130197,34080,25.0,0.06422032406727463,0.010000000000001563,retrodiction,0,0.05784307215759531,1.0,1.0,25/25/25 Hz,1.0,700,transition,911,18,0.05427943927330723,0.05136340021270689,0.03712797138823885,before_outage,0.23331916650183518
0.2384477677180096,1.0,25.0,248.91578,held-out,zero,40,1.0,25.0,0.85,0.0,0.04188252230959815,34080,25.0,0.06185030252454299,0.010000000000005116,retrodiction,0,0.0702993448086333,1.0,1.0,25/25/25 Hz,1.0,1500,transition,911,25,0.03339180697245424,0.04907621148355789,0.056461068051438155,outage_window,0.15666122364210527
0.5018602236223642,1.0,25.0,248.91578,held-out,zero,60,1.0,25.0,0.85,10.0,0.042936129805741026,34080,25.0,0.10443324959586835,0.010000000000005116,retrodiction,0,0.07002116598766712,1.0,1.0,25/25/25 Hz,1.0,2000,transition,911,40,0.0642200818290525,0.04803427931788582,0.05531231728626986,after_return,0.2612103907989344
0.4311754096738351,1.0,25.0,500.33647,held-out,zero,60,1.0,25.0,0.85,6.808510638297872,0.04374560272596725,77860,25.0,0.11167628290333734,0.010000000000005116,horizon,0,0.06561751369545311,1.0,1.0,25/25/25 Hz,1.0,4700,transition,911,13,0.06937921809556097,0.052523721387104566,0.04890787611126476,flight,0.250687913689661
0.3162973872720639,1.0,25.0,500.33647,held-out,zero,25,1.0,25.0,0.85,10.0,0.044145306802722405,77860,25.0,0.07724071884352583,0.010000000000001563,horizon,0,0.053061393330384767,1.0,1.0,25/25/25 Hz,1.0,700,transition,911,18,0.055489183869995906,0.05454955666186762,0.029439825907354004,before_outage,0.24172594931629182
0.24517995050531668,1.0,25.0,500.33647,held-out,zero,40,1.0,25.0,0.85,0.13333333333333333,0.042412495190970026,77860,25.0,0.07184582319423208,0.010000000000005116,horizon,0,0.06841510970399549,1.0,1.0,25/25/25 Hz,1.0,1500,transition,911,25,0.05994411012550143,0.05216089204786307,0.05368246908894636,outage_window,0.14926020848528693
0.5423678189616923,1.0,25.0,500.33647,held-out,zero,60,1.0,25.0,0.85,9.9,0.046034540410497905,77860,25.0,0.11167628290333734,0.010000000000005116,horizon,0,0.07047576753315543,1.0,1.0,25/25/25 Hz,1.0,2000,transition,911,40,0.06937921809556097,0.05215694005353884,0.053363422852939255,after_return,0.25701273005430136
0.3975503496068058,1.0,25.0,276.64224,held-out,nominal,60,1.0,25.0,0.85,10.0,0.04642426965233094,34080,25.0,0.1127097828038915,0.010000000000005116,retrodiction,0,0.06886046890643338,1.0,1.0,25/25/25 Hz,1.0,4700,gps,911,13,0.014613047457484525,0.04248233881918886,0.050858149447866687,flight,0.3343369340986932
0.27172759660447016,1.0,25.0,276.64224,held-out,nominal,25,1.0,25.0,0.85,10.0,0.04735961603795404,34080,25.0,0.10529632416053349,0.010000000000001563,retrodiction,0,0.059847960475852904,1.0,1.0,25/25/25 Hz,1.0,700,gps,911,18,0.07950687428283905,0.04379572414207781,0.03659023287513783,before_outage,0.23228794314085632
0.34267315820552013,1.0,25.0,276.64224,held-out,nominal,40,1.0,25.0,0.85,10.0,0.0470772020699489,34080,25.0,0.0999600106114782,0.010000000000005116,retrodiction,0,0.07117408352484653,1.0,1.0,25/25/25 Hz,1.0,1500,gps,911,25,0.0439079389167372,0.041062200771349935,0.05338058833384125,outage_window,0.28565491796578013
0.3257441006166282,1.0,25.0,276.64224,held-out,nominal,60,1.0,25.0,0.85,10.0,0.04382034707512841,34080,25.0,0.1127097828038915,0.010000000000005116,retrodiction,0,0.07074541617003915,1.0,1.0,25/25/25 Hz,1.0,2000,gps,911,40,0.014613047457484525,0.04001744193434086,0.0555399954203034,after_return,0.23775430697894612
0.49947378041608276,1.0,25.0,507.37675,held-out,nominal,60,1.0,25.0,0.85,10.0,0.041642157905928144,77860,25.0,0.09234952685921194,0.010000000000005116,horizon,0,0.06046850404515804,1.0,1.0,25/25/25 Hz,1.0,4700,gps,911,13,0.06896714624915082,0.05180066045227983,0.0438448476607804,flight,0.28700132956832036
0.31602477140844165,1.0,25.0,507.37675,held-out,nominal,25,1.0,25.0,0.85,10.0,0.04414497852513542,77860,25.0,0.07723980173578146,0.010000000000001563,horizon,0,0.05234551805091176,1.0,1.0,25/25/25 Hz,1.0,700,gps,911,18,0.05549063326264825,0.054549195606454715,0.028129595287413246,before_outage,0.2417517058140389
0.39115807553422444,1.0,25.0,507.37675,held-out,nominal,40,1.0,25.0,0.85,10.0,0.041886939004466175,77860,25.0,0.07625601264458849,0.010000000000005116,horizon,0,0.05974379232147246,1.0,1.0,25/25/25 Hz,1.0,1500,gps,911,25,0.011186098730524025,0.04969659814465923,0.04260052889093469,outage_window,0.29830191931212985
0.6117007081273906,1.0,25.0,507.37675,held-out,nominal,60,1.0,25.0,0.85,10.0,0.04159755488429178,77860,25.0,0.09234952685921194,0.010000000000005116,horizon,0,0.06561309681973283,1.0,1.0,25/25/25 Hz,1.0,2000,gps,911,40,0.06896714624915082,0.052261438993844014,0.05074171756970755,after_return,0.2493006051229338
0.752141824988456,1.0,25.0,243.89295,held-out,nominal,60,1.0,25.0,0.85,0.0,0.1989575927635906,34080,25.0,0.2930572288485019,0.010000000000005116,retrodiction,0,0.20662233949645895,1.0,1.0,25/25/25 Hz,1.0,4700,denied,911,13,0.1930766859756556,0.06438790596030122,0.05575542539257672,flight,0.6713992298828747
1.0968419216123373,1.0,25.0,243.89295,held-out,nominal,25,1.0,25.0,0.85,0.0,0.2051663608231541,34080,25.0,0.2930572288485019,0.010000000000001563,retrodiction,0,0.20906968759282915,1.0,1.0,25/25/25 Hz,1.0,700,denied,911,18,0.2914813173176886,0.07538836603859547,0.040210678392020714,before_outage,1.0188017654390802
0.7672869801444905,1.0,25.0,243.89295,held-out,nominal,40,1.0,25.0,0.85,0.0,0.1928600271849597,34080,25.0,0.2904703614543725,0.010000000000005116,retrodiction,0,0.20111291860476407,1.0,1.0,25/25/25 Hz,1.0,1500,denied,911,25,0.173912466807337,0.06125000209442097,0.05702118855252899,outage_window,0.6727896944803188
0.4658898042516796,1.0,25.0,243.89295,held-out,nominal,60,1.0,25.0,0.85,0.0,0.19129013173632373,34080,25.0,0.24265716320118658,0.010000000000005116,retrodiction,0,0.20074832917795785,1.0,1.0,25/25/25 Hz,1.0,2000,denied,911,40,0.1930766859756556,0.052489039767870366,0.06089316191528929,after_return,0.3978912373863
0.497274707608461,1.0,25.0,469.98495,held-out,nominal,60,1.0,25.0,0.85,0.0,0.07919127727171983,77860,25.0,0.1394523846123688,0.010000000000005116,horizon,0,0.09566632521961548,1.0,1.0,25/25/25 Hz,1.0,4700,denied,911,13,0.11524586235015846,0.05983431049044175,0.05367296698617309,flight,0.4030956118937686
0.6092885141344847,1.0,25.0,469.98495,held-out,nominal,25,1.0,25.0,0.85,0.0,0.0749248415790099,77860,25.0,0.11461008451340783,0.010000000000001563,horizon,0,0.0839078215647246,1.0,1.0,25/25/25 Hz,1.0,700,denied,911,18,0.04256224632433416,0.06218808877671366,0.03777288225828062,before_outage,0.5329486069772591
0.5678225720918398,1.0,25.0,469.98495,held-out,nominal,40,1.0,25.0,0.85,0.0,0.08106127478508149,77860,25.0,0.13275674230395262,0.010000000000005116,horizon,0,0.09593552547712823,1.0,1.0,25/25/25 Hz,1.0,1500,denied,911,25,0.028796228596163216,0.05745721952912379,0.051309792231017955,outage_window,0.44497922261841594
0.3834553334068976,1.0,25.0,469.98495,held-out,nominal,60,1.0,25.0,0.85,0.0,0.07100737692686114,77860,25.0,0.1394523846123688,0.010000000000005116,horizon,0,0.09245383328827217,1.0,1.0,25/25/25 Hz,1.0,2000,denied,911,40,0.11524586235015846,0.05181747274630721,0.059208645582062513,after_return,0.2925333287409729
0.35604012458718143,1.0,25.0,266.923249,held-out,nominal,60,1.0,25.0,0.85,6.808510638297872,0.05338516800394988,34080,25.0,0.11201700846625462,0.010000000000005116,retrodiction,0,0.0745997938218404,1.0,1.0,25/25/25 Hz,1.0,4700,transition,911,13,0.015046939887916779,0.045831860597959136,0.05210713075435206,flight,0.3029040436227358
0.27172759660447016,1.0,25.0,266.923249,held-out,nominal,25,1.0,25.0,0.85,10.0,0.04735961603795404,34080,25.0,0.10529632416053349,0.010000000000001563,retrodiction,0,0.059847960475852904,1.0,1.0,25/25/25 Hz,1.0,700,transition,911,18,0.07950687428283905,0.04379572414207781,0.03659023287513783,before_outage,0.23228794314085632
0.17799986192173167,1.0,25.0,266.923249,held-out,nominal,40,1.0,25.0,0.85,0.06666666666666667,0.06424652423819636,34080,25.0,0.0912833945266339,0.010000000000005116,retrodiction,0,0.08591330483312164,1.0,1.0,25/25/25 Hz,1.0,1500,transition,911,25,0.04188505261078625,0.05098188844242794,0.05703928532739281,outage_window,0.11478481854853542
0.31129231776852373,1.0,25.0,266.923249,held-out,nominal,60,1.0,25.0,0.85,9.95,0.046036963398494835,34080,25.0,0.11201700846625462,0.010000000000005116,retrodiction,0,0.072133989660511,1.0,1.0,25/25/25 Hz,1.0,2000,transition,911,40,0.015046939887916779,0.040146774240265456,0.055532967374239565,after_return,0.24652226655781725
0.43053654914533357,1.0,25.0,504.17629,held-out,nominal,60,1.0,25.0,0.85,6.808510638297872,0.04373674096578583,77860,25.0,0.1116770977612292,0.010000000000005116,horizon,0,0.06413707479395941,1.0,1.0,25/25/25 Hz,1.0,4700,transition,911,13,0.06937682543415875,0.05251722253186824,0.04691121244241824,flight,0.2503232478309844
0.31602477140844165,1.0,25.0,504.17629,held-out,nominal,25,1.0,25.0,0.85,10.0,0.04414497852513542,77860,25.0,0.07723980173578146,0.010000000000001563,horizon,0,0.05234551805091176,1.0,1.0,25/25/25 Hz,1.0,700,transition,911,18,0.05549063326264825,0.054549195606454715,0.028129595287413246,before_outage,0.2417517058140389
0.2440084982503739,1.0,25.0,504.17629,held-out,nominal,40,1.0,25.0,0.85,0.13333333333333333,0.0423901146835446,77860,25.0,0.0718470555495226,0.010000000000005116,horizon,0,0.06680106076087669,1.0,1.0,25/25/25 Hz,1.0,1500,transition,911,25,0.059841184171949516,0.0521406971626476,0.05162809211944864,outage_window,0.14844270482811683
0.5418598837287636,1.0,25.0,504.17629,held-out,nominal,60,1.0,25.0,0.85,9.9,0.04603053289273988,77860,25.0,0.1116770977612292,0.010000000000005116,horizon,0,0.06862597921211712,1.0,1.0,25/25/25 Hz,1.0,2000,transition,911,40,0.06937682543415875,0.05215597513865445,0.050899067422029674,after_return,0.25699904444023225
0.4223875210957639,1.0,25.0,274.05278,held-out,stress,60,1.0,24.97872340425532,0.85,10.0,0.05230195648842876,34080,25.0,0.13614771615022744,0.010000000000005116,retrodiction,0,0.0732524176005034,1.0,1.0,25/25/25 Hz,1.0,4700,gps,911,13,0.014067796465653972,0.04772036159976125,0.05128764014654062,flight,0.3441679504133707
0.3453838829038611,1.0,25.0,274.05278,held-out,stress,25,1.0,25.0,0.85,10.0,0.05121331200030489,34080,25.0,0.12171867841055406,0.010000000000001563,retrodiction,0,0.06262470551733232,1.0,1.0,25/25/25 Hz,1.0,700,gps,911,18,0.08768796983886482,0.04685620156905547,0.036042341975682145,before_outage,0.2819596029895932
0.41908364217093536,1.0,25.0,274.05278,held-out,stress,40,1.0,25.0,0.85,10.0,0.05147017498949019,34080,25.0,0.11210130173378631,0.010000000000005116,retrodiction,0,0.07436847471811242,1.0,1.0,25/25/25 Hz,1.0,1500,gps,911,25,0.03627810926989836,0.04591561677733403,0.053679522338129886,outage_window,0.34940085460808007
0.3963670736220718,1.0,25.0,274.05278,held-out,stress,60,1.0,24.95,0.85,10.0,0.0518526020099253,34080,25.0,0.13614771615022744,0.010000000000005116,retrodiction,0,0.0760296363865217,1.0,1.0,25/25/25 Hz,1.0,2000,gps,911,40,0.014067796465653972,0.042415255079524025,0.055604076054431434,after_return,0.2977273694198106
0.5002486346570454,1.0,25.0,507.561409,held-out,stress,60,1.0,25.0,0.85,10.0,0.04164318170109333,77860,25.0,0.092351028179639,0.010000000000005116,horizon,0,0.0638413487775675,1.0,1.0,25/25/25 Hz,1.0,4700,gps,911,13,0.06896783144610195,0.051801651201813834,0.048389701709648375,flight,0.2872452398867352
0.31644815096409823,1.0,25.0,507.561409,held-out,stress,25,1.0,25.0,0.85,10.0,0.04414507447286973,77860,25.0,0.0772402747411605,0.010000000000001563,horizon,0,0.05416195761150768,1.0,1.0,25/25/25 Hz,1.0,700,gps,911,18,0.055488585149061034,0.054550298994470045,0.03138040873053664,before_outage,0.24171651648596273
0.3917015836056663,1.0,25.0,507.561409,held-out,stress,40,1.0,25.0,0.85,10.0,0.04188554472171741,77860,25.0,0.07625678624609021,0.010000000000005116,horizon,0,0.06326615469827,1.0,1.0,25/25/25 Hz,1.0,1500,gps,911,25,0.011187884290524232,0.049699140875420565,0.04741526625118161,outage_window,0.2983344360428319
0.612588188809399,1.0,25.0,507.561409,held-out,stress,60,1.0,25.0,0.85,10.0,0.04160075116401582,77860,25.0,0.092351028179639,0.010000000000005116,horizon,0,0.06985949571389694,1.0,1.0,25/25/25 Hz,1.0,2000,gps,911,40,0.06896783144610195,0.05226285523331747,0.05612242549988035,after_return,0.24931743717273477
1.8417888134957738,1.0,0.0,235.41848,held-out,stress,60,1.0,24.97872340425532,0.85,0.0,1.7014221921425863,34080,25.0,3.3738003070334615,0.010000000000005116,retrodiction,0,162.00226824024014,1.0,1.0,25/25/25 Hz,1.0,4700,denied,911,13,0.8534783274761636,6.446461422305916,161.99333343538183,flight,1.280070492684795
2.9841674925491177,1.0,0.0,235.41848,held-out,stress,25,1.0,25.0,0.85,0.0,2.690703637436801,34080,25.0,3.2855724683643572,0.010000000000001563,retrodiction,0,116.0291634840034,1.0,1.0,25/25/25 Hz,1.0,700,denied,911,18,1.1670152433839163,8.084880567975823,115.99796072661395,before_outage,2.1386105025090663
1.919961299713524,1.0,0.0,235.41848,held-out,stress,40,1.0,25.0,0.85,0.0,1.3499354633063823,34080,25.0,2.145629115509322,0.010000000000005116,retrodiction,0,152.0926897312189,1.0,1.0,25/25/25 Hz,1.0,1500,denied,911,25,0.4746108341597759,6.371353111891637,152.08669877383008,outage_window,1.360298601483127
1.2637626441217884,1.0,0.0,235.41848,held-out,stress,60,1.0,24.95,0.85,0.0,1.4214183382999819,34080,25.0,2.6267592081752738,0.010000000000005116,retrodiction,0,193.27168710744343,1.0,1.0,25/25/25 Hz,1.0,2000,denied,911,40,0.8534783274761636,4.502656199040667,193.26646011986938,after_return,0.7890889831203153
0.4905413158399695,1.0,25.0,500.629529,held-out,stress,60,1.0,25.0,0.85,0.0,0.08799446739641603,77860,25.0,0.1600573695238196,0.010000000000005116,horizon,0,0.10534442105614819,1.0,1.0,25/25/25 Hz,1.0,4700,denied,911,13,0.11335939860468906,0.05970242237497454,0.057917361432269276,flight,0.39628056252965904
0.6024132610217823,1.0,25.0,500.629529,held-out,stress,25,1.0,25.0,0.85,0.0,0.09321722409042865,77860,25.0,0.13635824088983223,0.010000000000001563,horizon,0,0.1011688368123204,1.0,1.0,25/25/25 Hz,1.0,700,denied,911,18,0.0300872074634182,0.06192915897142134,0.039315171051805514,before_outage,0.5260717318391993
0.5606247757727184,1.0,25.0,500.629529,held-out,stress,40,1.0,25.0,0.85,0.0,0.09191254949382682,77860,25.0,0.1400333172516849,0.010000000000005116,horizon,0,0.10761263686551109,1.0,1.0,25/25/25 Hz,1.0,1500,denied,911,25,0.018256825062999738,0.05734300187920941,0.05596930282479128,outage_window,0.437722535806564
0.37790333128009407,1.0,25.0,500.629529,held-out,stress,60,1.0,25.0,0.85,0.0,0.06957000862521774,77860,25.0,0.1409749148219008,0.010000000000005116,horizon,0,0.094975970052272,1.0,1.0,25/25/25 Hz,1.0,2000,denied,911,40,0.11335939860468906,0.05178213276104107,0.06465639015021792,after_return,0.28677976873812555
0.3628071154561099,1.0,24.97872340425532,265.6089,held-out,stress,60,1.0,24.97872340425532,0.85,6.808510638297872,0.05872790014512275,34080,25.0,0.13578450671524406,0.010000000000005116,retrodiction,0,0.0787035710052723,1.0,1.0,25/25/25 Hz,1.0,4700,transition,911,13,0.013954582207211602,0.05045820909345842,0.05239547531539752,flight,0.2996586923678309
0.3453838829038611,1.0,25.0,265.6089,held-out,stress,25,1.0,25.0,0.85,10.0,0.05121331200030489,34080,25.0,0.12171867841055406,0.010000000000001563,retrodiction,0,0.06262470551733232,1.0,1.0,25/25/25 Hz,1.0,700,transition,911,18,0.08768796983886482,0.04685620156905547,0.036042341975682145,before_outage,0.2819596029895932
0.22286139295348079,1.0,24.933333333333334,265.6089,held-out,stress,40,1.0,25.0,0.85,0.06666666666666667,0.06841706240599232,34080,25.0,0.10366550714698257,0.010000000000005116,retrodiction,0,0.0889771498057322,1.0,1.0,25/25/25 Hz,1.0,1500,transition,911,25,0.032504485642865004,0.05400852671046739,0.05688619128827539,outage_window,0.14143568264378395
0.37635299376312376,1.0,25.0,265.6089,held-out,stress,60,1.0,24.95,0.85,9.95,0.053306322007727294,34080,25.0,0.13578450671524406,0.010000000000005116,retrodiction,0,0.07705450306948845,1.0,1.0,25/25/25 Hz,1.0,2000,transition,911,40,0.013954582207211602,0.04271090299477182,0.05564020558278244,after_return,0.31282117357248057
0.4314461390406967,1.0,25.0,495.8125,held-out,stress,60,1.0,25.0,0.85,6.808510638297872,0.04374734423163591,77860,25.0,0.11168999503643089,0.010000000000005116,horizon,0,0.06748520456228216,1.0,1.0,25/25/25 Hz,1.0,4700,transition,911,13,0.06938017532368633,0.052516181759570776,0.05138504361671615,flight,0.25079703609655496
0.31644815096409823,1.0,25.0,495.8125,held-out,stress,25,1.0,25.0,0.85,10.0,0.04414507447286973,77860,25.0,0.0772402747411605,0.010000000000001563,horizon,0,0.05416195761150768,1.0,1.0,25/25/25 Hz,1.0,700,transition,911,18,0.055488585149061034,0.054550298994470045,0.03138040873053664,before_outage,0.24171651648596273
0.2456236072276789,1.0,25.0,495.8125,held-out,stress,40,1.0,25.0,0.85,0.13333333333333333,0.04241551596796757,77860,25.0,0.07184609677983038,0.010000000000005116,horizon,0,0.07042204841880118,1.0,1.0,25/25/25 Hz,1.0,1500,transition,911,25,0.05998865243949448,0.052136658723593986,0.05621555753233322,outage_window,0.1495233550721815
0.5426295187116155,1.0,25.0,495.8125,held-out,stress,60,1.0,25.0,0.85,9.9,0.04603642226349384,77860,25.0,0.11168999503643089,0.010000000000005116,horizon,0,0.07271459627219343,1.0,1.0,25/25/25 Hz,1.0,2000,transition,911,40,0.06938017532368633,0.052157464080692634,0.05628552510375447,after_return,0.25701896984966405
