attitude_rmse_deg,attitude_valid_fraction,baro_active_fraction,baro_fused_accepted_hz,dataset,delay_profile,end_s,finite_fraction,flow_active_fraction,flow_fused_accepted_hz,frequency,gps_active_fraction,gps_fused_accepted_hz,horizontal_position_rmse_m,mag_active_fraction,mag_fused_accepted_hz,max_horizontal_error_m,max_output_gap_s,name,nonzero_step_status_rows,position_3d_rmse_m,position_valid_fraction,prediction_accepted_fraction,profile,row_coverage,rows,scenario,seed,start_s,terminal_horizontal_error_m,velocity_3d_rmse_m_s,vertical_position_rmse_m,window,yaw_rmse_deg
0.6774609583892225,1.0,,49.91489361702128,original,zero,60,1.0,,98.82978723404256,0.6,,10.0,0.03250432250150986,,49.40425531914894,0.09339348669629585,0.010000000000005116,retrodiction,0,0.05109787691807429,1.0,1.0,100/50/50 Hz,1.0,4700,gps,7,13,0.028012700479285613,0.01587974487410653,0.039426666664232585,flight,0.5358668274643884
0.20722950421356326,1.0,,49.857142857142854,original,zero,25,1.0,,99.71428571428571,0.6,,10.0,0.02272292498739808,,49.285714285714285,0.04934487614269324,0.010000000000001563,retrodiction,0,0.03837991159290073,1.0,1.0,100/50/50 Hz,1.0,700,gps,7,18,0.010048324219042252,0.010860415988396212,0.03093034584184205,before_outage,0.1862582708304862
0.1382940676726609,1.0,,49.93333333333333,original,zero,40,1.0,,99.86666666666666,0.6,,10.0,0.019621206573877177,,49.733333333333334,0.029570579531055935,0.010000000000005116,retrodiction,0,0.041392896280415835,1.0,1.0,100/50/50 Hz,1.0,1500,gps,7,25,0.018745146233406,0.009375628840114923,0.03644694932455256,outage_window,0.11456800059464008
0.07251134363830522,1.0,,50.0,original,zero,60,1.0,,100.0,0.6,,10.0,0.028695231725015494,,49.2,0.04446329779677358,0.010000000000005116,retrodiction,0,0.053821419559241544,1.0,1.0,100/50/50 Hz,1.0,2000,gps,7,40,0.028012700479285613,0.010677993861587338,0.045533821271880666,after_return,0.0661705517427319
1.4338043829504892,1.0,,49.8936170212766,original,zero,60,1.0,,98.70212765957447,0.6,,10.0,0.05461159958101741,,49.319148936170215,0.20356844526916731,0.010000000000005116,horizon,0,0.07812671436328349,1.0,1.0,100/50/50 Hz,1.0,4700,gps,7,13,0.024839837875405266,0.04305650439377972,0.05586910316449249,flight,1.159678098282026
0.6183332874721342,1.0,,49.714285714285715,original,zero,25,1.0,,99.85714285714286,0.6,,10.0,0.05804505484946753,,49.0,0.10409952527794678,0.010000000000001563,horizon,0,0.07416160798386438,1.0,1.0,100/50/50 Hz,1.0,700,gps,7,18,0.056627193847507994,0.03935215272677884,0.04615967619334741,before_outage,0.36349881884941254
0.27916435218416524,1.0,,49.93333333333333,original,zero,40,1.0,,99.8,0.6,,10.0,0.03275965073737853,,49.666666666666664,0.06019458999663947,0.010000000000005116,horizon,0,0.06003759900256409,1.0,1.0,100/50/50 Hz,1.0,1500,gps,7,25,0.022631855728273226,0.021864253002862107,0.050312211018376636,outage_window,0.1937860601270079
0.10849253293273158,1.0,,50.0,original,zero,60,1.0,,100.0,0.6,,10.0,0.024103395610348098,,49.3,0.03931709109618416,0.010000000000005116,horizon,0,0.07017251732411975,1.0,1.0,100/50/50 Hz,1.0,2000,gps,7,40,0.024839837875405266,0.011377322233644674,0.06590302350920585,after_return,0.07711263875949208
1.1184598188450907,1.0,,49.87234042553192,original,zero,60,1.0,,98.82978723404256,0.6,,0.0,0.12564522663961997,,49.38297872340426,0.28312848974021887,0.010000000000005116,retrodiction,0,0.13170187410766754,1.0,1.0,100/50/50 Hz,1.0,4700,denied,7,13,0.13777489198838375,0.04113813802871617,0.039479876724103864,flight,0.8862934501105997
0.8130411256715183,1.0,,49.714285714285715,original,zero,25,1.0,,99.71428571428571,0.6,,0.0,0.08617065618155119,,49.285714285714285,0.13195199317907208,0.010000000000001563,retrodiction,0,0.09188783711712105,1.0,1.0,100/50/50 Hz,1.0,700,denied,7,18,0.13195199317907208,0.03132698167906734,0.03190599666682525,before_outage,0.7433404998835647
0.4836376162596996,1.0,,49.86666666666667,original,zero,40,1.0,,99.86666666666666,0.6,,0.0,0.12108154785925324,,49.666666666666664,0.1442621731883598,0.010000000000005116,retrodiction,0,0.12669452544237267,1.0,1.0,100/50/50 Hz,1.0,1500,denied,7,25,0.11794054961011989,0.031757316331264517,0.03729291548103178,outage_window,0.43241844742525176
0.18205511207452926,1.0,,50.0,original,zero,60,1.0,,100.0,0.6,,0.0,0.13064424661943075,,49.2,0.14774564901108544,0.010000000000005116,retrodiction,0,0.1382185756164173,1.0,1.0,100/50/50 Hz,1.0,2000,denied,7,40,0.13777489198838375,0.01920466028683535,0.04512710350413177,after_return,0.15926757709472286
3.843070288357114,1.0,,49.829787234042556,original,zero,60,1.0,,98.0,0.6,,0.0,0.3070877509913568,,49.297872340425535,0.7591438755932188,0.010000000000005116,horizon,0,0.3140286370244144,1.0,1.0,100/50/50 Hz,1.0,4700,denied,7,13,0.18724446761063737,0.15554686272643956,0.06565895264533099,flight,3.4787058831890105
5.541416146373625,1.0,,49.42857142857143,original,zero,25,1.0,,98.42857142857143,0.6,,0.0,0.4250063654929604,,49.0,0.6611585636931488,0.010000000000001563,horizon,0,0.4303303688900085,1.0,1.0,100/50/50 Hz,1.0,700,denied,7,18,0.4522935127628854,0.2262411265399555,0.0674819655869253,before_outage,5.068318727919233
2.231626373883383,1.0,,49.86666666666667,original,zero,40,1.0,,99.53333333333333,0.6,,0.0,0.2860977679805007,,49.86666666666667,0.5358533269371056,0.010000000000005116,horizon,0,0.2927040605411584,1.0,1.0,100/50/50 Hz,1.0,1500,denied,7,25,0.18683741851676583,0.1366715174996741,0.06183635026307508,outage_window,2.046795424984514
0.4500109619769718,1.0,,50.0,original,zero,60,1.0,,100.0,0.6,,0.0,0.20042644994872377,,49.0,0.23344115722716918,0.010000000000005116,horizon,0,0.21308907588823026,1.0,1.0,100/50/50 Hz,1.0,2000,denied,7,40,0.18724446761063737,0.03565879875717537,0.07236153967303124,after_return,0.3710153903387874
0.6849839322172792,1.0,,49.8936170212766,original,zero,60,1.0,,98.82978723404256,0.6,,6.808510638297872,0.035427066133149096,,49.40425531914894,0.09339348669629585,0.010000000000005116,retrodiction,0,0.05313949205010695,1.0,1.0,100/50/50 Hz,1.0,4700,transition,7,13,0.03190633546789419,0.018135090169307914,0.039607178649089116,flight,0.5440996596650771
0.20722950421356326,1.0,,49.857142857142854,original,zero,25,1.0,,99.71428571428571,0.6,,10.0,0.02272292498739808,,49.285714285714285,0.04934487614269324,0.010000000000001563,retrodiction,0,0.03837991159290073,1.0,1.0,100/50/50 Hz,1.0,700,transition,7,18,0.010048324219042252,0.010860415988396212,0.03093034584184205,before_outage,0.1862582708304862
0.19013899299010442,1.0,,49.86666666666667,original,zero,40,1.0,,99.86666666666666,0.6,,0.0,0.021592667974439945,,49.733333333333334,0.03430817501924387,0.010000000000005116,retrodiction,0,0.04294368767925966,1.0,1.0,100/50/50 Hz,1.0,1500,transition,7,25,0.031530083750921034,0.016848060468753465,0.03712030443354948,outage_window,0.1648393910085056
0.1287394728792501,1.0,,50.0,original,zero,60,1.0,,100.0,0.6,,10.0,0.03505796386551061,,49.2,0.05479234016487624,0.010000000000005116,retrodiction,0,0.057434862693863706,1.0,1.0,100/50/50 Hz,1.0,2000,transition,7,40,0.03190633546789419,0.012138131016673043,0.04549398446242677,after_return,0.12140087773039766
1.4383004636784,1.0,,49.87234042553192,original,zero,60,1.0,,98.70212765957447,0.6,,6.808510638297872,0.05593003082004488,,49.319148936170215,0.20356844526916731,0.010000000000005116,horizon,0,0.07996137253956802,1.0,1.0,100/50/50 Hz,1.0,4700,transition,7,13,0.02528048986972328,0.04611336927341984,0.05714589006114449,flight,1.1634893511023423
0.6183332874721342,1.0,,49.714285714285715,original,zero,25,1.0,,99.85714285714286,0.6,,10.0,0.05804505484946753,,49.0,0.10409952527794678,0.010000000000001563,horizon,0,0.07416160798386438,1.0,1.0,100/50/50 Hz,1.0,700,transition,7,18,0.056627193847507994,0.03935215272677884,0.04615967619334741,before_outage,0.36349881884941254
0.33621241633016224,1.0,,49.86666666666667,original,zero,40,1.0,,99.8,0.6,,0.13333333333333333,0.037751491073298456,,49.666666666666664,0.06420891511778658,0.010000000000005116,horizon,0,0.0669121042643778,1.0,1.0,100/50/50 Hz,1.0,1500,transition,7,25,0.019885477407380538,0.03674830824456172,0.055245403599119725,outage_window,0.2463268136656078
0.1256469081007916,1.0,,50.0,original,zero,60,1.0,,100.0,0.6,,9.9,0.025680362626073316,,49.3,0.043590775921953276,0.010000000000005116,horizon,0,0.07036500016432527,1.0,1.0,100/50/50 Hz,1.0,2000,transition,7,40,0.02528048986972328,0.010756979649409328,0.06551146635146304,after_return,0.09700918509567717
1.9505277621836594,1.0,,49.851063829787236,original,nominal,60,1.0,,98.61702127659575,0.6,,9.893617021276595,0.10340117617804777,,49.297872340425535,0.3686786914688007,0.010000000000005116,retrodiction,0,0.11070590605781667,1.0,1.0,100/50/50 Hz,1.0,4700,gps,7,13,0.019483856704183095,0.06026208384266455,0.03954736907909876,flight,1.6451259096550588
0.7637463353407979,1.0,,49.57142857142857,original,nominal,25,1.0,,99.57142857142857,0.6,,10.0,0.1335876760987344,,49.0,0.2081451453061641,0.010000000000001563,retrodiction,0,0.13709166736584363,1.0,1.0,100/50/50 Hz,1.0,700,gps,7,18,0.10818962529348292,0.045700169118991975,0.030797046216914016,before_outage,0.46493074308906585
0.3174842423735439,1.0,,49.93333333333333,original,nominal,40,1.0,,99.73333333333333,0.6,,10.0,0.0616481733966684,,49.733333333333334,0.1093868881988361,0.010000000000005116,retrodiction,0,0.07172350450338753,1.0,1.0,100/50/50 Hz,1.0,1500,gps,7,25,0.035061795351276084,0.027484379159840963,0.0366573841824776,outage_window,0.16226261196517314
0.13460420436679296,1.0,,49.95,original,nominal,60,1.0,,100.0,0.6,,10.0,0.027079190389116367,,49.15,0.04063343490427489,0.010000000000005116,retrodiction,0,0.05280129016853012,1.0,1.0,100/50/50 Hz,1.0,2000,gps,7,40,0.019483856704183095,0.010631879783824835,0.04532872920490165,after_return,0.07670246360960946
1.4285263192697453,1.0,,49.8936170212766,original,nominal,60,1.0,,98.70212765957447,0.6,,10.0,0.05441328863289732,,49.319148936170215,0.20285000419413346,0.010000000000005116,horizon,0,0.07516396468738656,1.0,1.0,100/50/50 Hz,1.0,4700,gps,7,13,0.024861906039514714,0.04290330410989233,0.05185379067801796,flight,1.1549117878689326
0.6156360775943475,1.0,,49.714285714285715,original,nominal,25,1.0,,99.85714285714286,0.6,,10.0,0.05774155138818603,,49.0,0.10362637990745853,0.010000000000001563,horizon,0,0.0714477147895781,1.0,1.0,100/50/50 Hz,1.0,700,gps,7,18,0.056402523461516425,0.039186587682335294,0.042079557886679025,before_outage,0.36235222997914734
0.2780317423222642,1.0,,49.93333333333333,original,nominal,40,1.0,,99.8,0.6,,10.0,0.03265075390998156,,49.666666666666664,0.05996003741080181,0.010000000000005116,horizon,0,0.056463850351005616,1.0,1.0,100/50/50 Hz,1.0,1500,gps,7,25,0.0226185378175078,0.02175873401397214,0.046066198731505734,outage_window,0.19320716365920673
0.10821523067757911,1.0,,50.0,original,nominal,60,1.0,,100.0,0.6,,10.0,0.024120249740000595,,49.3,0.039340879226943605,0.010000000000005116,horizon,0,0.06594186036650032,1.0,1.0,100/50/50 Hz,1.0,2000,gps,7,40,0.024861906039514714,0.011376546984633553,0.061372163894350566,after_return,0.07698299138043921
3.0113498237614698,1.0,,49.87234042553192,original,nominal,60,1.0,,98.40425531914893,0.6,,0.0,0.2587045704373133,,49.46808510638298,0.6821432505126197,0.010000000000005116,retrodiction,0,0.2618983889957202,1.0,1.0,100/50/50 Hz,1.0,4700,denied,7,13,0.1242730838076353,0.12003875870430583,0.04077635826552903,flight,2.6830097249247062
4.259191842136812,1.0,,49.714285714285715,original,nominal,25,1.0,,99.57142857142857,0.6,,0.0,0.40044041626907206,,49.285714285714285,0.6029011168426258,0.010000000000001563,retrodiction,0,0.4019856517972466,1.0,1.0,100/50/50 Hz,1.0,700,denied,7,18,0.369812093967033,0.1777643468364005,0.03521274299326181,before_outage,3.8967180404506894
1.7322678707957295,1.0,,49.86666666666667,original,nominal,40,1.0,,99.66666666666667,0.6,,0.0,0.2351981701543518,,49.93333333333333,0.43363455082227337,0.010000000000005116,retrodiction,0,0.23833602033107604,1.0,1.0,100/50/50 Hz,1.0,1500,denied,7,25,0.14219841629701588,0.10208079554434743,0.038547105511304816,outage_window,1.5901914393150944
0.43296124803919567,1.0,,50.0,original,nominal,60,1.0,,100.0,0.6,,0.0,0.13047343481959284,,49.2,0.1680089887175057,0.010000000000005116,retrodiction,0,0.13835084917174537,1.0,1.0,100/50/50 Hz,1.0,2000,denied,7,40,0.1242730838076353,0.02551756168064183,0.04601782559965754,after_return,0.3786218723074905
3.8417442378371276,1.0,,49.829787234042556,original,nominal,60,1.0,,98.0,0.6,,0.0,0.312564842304355,,49.297872340425535,0.7709588748191404,0.010000000000005116,horizon,0,0.3186250468071848,1.0,1.0,100/50/50 Hz,1.0,4700,denied,7,13,0.18958977860618006,0.15549818289225714,0.06184771465571217,flight,3.4777013988574415
5.53526584643816,1.0,,49.42857142857143,original,nominal,25,1.0,,98.42857142857143,0.6,,0.0,0.43520975633946396,,49.0,0.6734790396669937,0.010000000000001563,horizon,0,0.4400726033261253,1.0,1.0,100/50/50 Hz,1.0,700,denied,7,18,0.4603037767603902,0.2260054405294965,0.065240816864733,before_outage,5.062683421520934
2.227836403661051,1.0,,49.86666666666667,original,nominal,40,1.0,,99.53333333333333,0.6,,0.0,0.2923497692868432,,49.86666666666667,0.5453753235975877,0.010000000000005116,horizon,0,0.29809290339463,1.0,1.0,100/50/50 Hz,1.0,1500,denied,7,25,0.19201997542188817,0.1366859613440972,0.05823222005187306,outage_window,2.0432356033743018
0.4467313916791331,1.0,,50.0,original,nominal,60,1.0,,100.0,0.6,,0.0,0.20257760397499416,,49.0,0.23586408847184373,0.010000000000005116,horizon,0,0.21351547447226174,1.0,1.0,100/50/50 Hz,1.0,2000,denied,7,40,0.18958977860618006,0.035526743706504785,0.067462376231982,after_return,0.367770020412002
1.9540387002430555,1.0,,49.829787234042556,original,nominal,60,1.0,,98.61702127659575,0.6,,6.702127659574468,0.10794723237374974,,49.319148936170215,0.3686786914688007,0.010000000000005116,retrodiction,0,0.11514538661708867,1.0,1.0,100/50/50 Hz,1.0,4700,transition,7,13,0.017704466767778496,0.0644424982322572,0.04007312169081039,flight,1.6468624481875502
0.7637463353407979,1.0,,49.57142857142857,original,nominal,25,1.0,,99.57142857142857,0.6,,10.0,0.1335876760987344,,49.0,0.2081451453061641,0.010000000000001563,retrodiction,0,0.13709166736584363,1.0,1.0,100/50/50 Hz,1.0,700,transition,7,18,0.10818962529348292,0.045700169118991975,0.030797046216914016,before_outage,0.46493074308906585
0.37735468619550183,1.0,,49.86666666666667,original,nominal,40,1.0,,99.73333333333333,0.6,,0.06666666666666667,0.07729888365505964,,49.733333333333334,0.11317358308524927,0.010000000000005116,retrodiction,0,0.08640481917310583,1.0,1.0,100/50/50 Hz,1.0,1500,transition,7,25,0.05740751330548489,0.04894242690957481,0.0386092652354156,outage_window,0.20573002454294761
0.13832382080014544,1.0,,49.95,original,nominal,60,1.0,,100.0,0.6,,9.95,0.036880910343967586,,49.2,0.0612460213705787,0.010000000000005116,retrodiction,0,0.058335959572276615,1.0,1.0,100/50/50 Hz,1.0,2000,transition,7,40,0.017704466767778496,0.010399705583431252,0.04519825916358412,after_return,0.08556087885975908
1.4329893836330467,1.0,,49.87234042553192,original,nominal,60,1.0,,98.70212765957447,0.6,,6.808510638297872,0.055722131143801486,,49.319148936170215,0.20285000419413346,0.010000000000005116,horizon,0,0.07691811863823429,1.0,1.0,100/50/50 Hz,1.0,4700,transition,7,13,0.025321551593114992,0.04593605240982621,0.05302302401446444,flight,1.158699847716616
0.6156360775943475,1.0,,49.714285714285715,original,nominal,25,1.0,,99.85714285714286,0.6,,10.0,0.05774155138818603,,49.0,0.10362637990745853,0.010000000000001563,horizon,0,0.0714477147895781,1.0,1.0,100/50/50 Hz,1.0,700,transition,7,18,0.056402523461516425,0.039186587682335294,0.042079557886679025,before_outage,0.36235222997914734
0.3347083345536243,1.0,,49.86666666666667,original,nominal,40,1.0,,99.8,0.6,,0.13333333333333333,0.037571416205930415,,49.666666666666664,0.06395387785074623,0.010000000000005116,horizon,0,0.06307145108082732,1.0,1.0,100/50/50 Hz,1.0,1500,transition,7,25,0.01979806815624841,0.03655094928709057,0.050659615333339666,outage_window,0.2454118960225449
0.12520652587927472,1.0,,50.0,original,nominal,60,1.0,,100.0,0.6,,9.9,0.025717388463727023,,49.3,0.04366139169130918,0.010000000000005116,horizon,0,0.0662032472772964,1.0,1.0,100/50/50 Hz,1.0,2000,transition,7,40,0.025321551593114992,0.010755611925139286,0.06100398249839608,after_return,0.09668775230361258
0.9382844348518854,1.0,,49.851063829787236,original,stress,60,1.0,,98.68085106382979,0.6,,10.0,0.031482460591894135,,49.361702127659576,0.11332877009438158,0.010000000000005116,retrodiction,0,0.05072446834560138,1.0,1.0,100/50/50 Hz,1.0,4700,gps,7,13,0.02836335795574084,0.02820263472827378,0.039772180780336265,flight,0.6513763417200983
0.402325077537901,1.0,,49.57142857142857,original,stress,25,1.0,,99.85714285714286,0.6,,10.0,0.01659353147095127,,49.285714285714285,0.03598598777891472,0.010000000000001563,retrodiction,0,0.03602350852388016,1.0,1.0,100/50/50 Hz,1.0,700,gps,7,18,0.0354094866631278,0.032533232810520375,0.03197417519956717,before_outage,0.29174899092023765
0.24902026731487648,1.0,,49.93333333333333,original,stress,40,1.0,,99.8,0.6,,10.0,0.021312024120129315,,49.666666666666664,0.03627391677943068,0.010000000000005116,retrodiction,0,0.04232751006294564,1.0,1.0,100/50/50 Hz,1.0,1500,gps,7,25,0.027180681995459748,0.01890257120268793,0.03657069504441761,outage_window,0.2008461277882624
0.13004617515279862,1.0,,49.95,original,stress,60,1.0,,100.0,0.6,,10.0,0.028406624152527305,,49.15,0.047340972262945605,0.010000000000005116,retrodiction,0,0.053513381506968105,1.0,1.0,100/50/50 Hz,1.0,2000,gps,7,40,0.02836335795574084,0.01350367388340526,0.04535135835415924,after_return,0.11391556965594221
1.4283998697927716,1.0,,49.8936170212766,original,stress,60,1.0,,98.70212765957447,0.6,,10.0,0.054454076069184815,,49.319148936170215,0.20301344444571476,0.010000000000005116,horizon,0,0.07811459997786725,1.0,1.0,100/50/50 Hz,1.0,4700,gps,7,13,0.024859679385892317,0.04291485679252071,0.056005752643399534,flight,1.1552124116080005
0.6166398225121574,1.0,,49.714285714285715,original,stress,25,1.0,,99.85714285714286,0.6,,10.0,0.057754512713142976,,49.0,0.10381567869733077,0.010000000000001563,horizon,0,0.07401739721905301,1.0,1.0,100/50/50 Hz,1.0,700,gps,7,18,0.05640117790921356,0.03919999297408464,0.04629245459413966,before_outage,0.36384708445593783
0.2786581851166702,1.0,,49.93333333333333,original,stress,40,1.0,,99.8,0.6,,10.0,0.032680831419122924,,49.666666666666664,0.059978624642244495,0.010000000000005116,horizon,0,0.060113829352699884,1.0,1.0,100/50/50 Hz,1.0,1500,gps,7,25,0.02264880752296766,0.021764852027963594,0.05045429354574683,outage_window,0.19383075136245795
0.10836310305568812,1.0,,50.0,original,stress,60,1.0,,100.0,0.6,,10.0,0.02412376441910814,,49.3,0.039344702943173354,0.010000000000005116,horizon,0,0.07032625507679326,1.0,1.0,100/50/50 Hz,1.0,2000,gps,7,40,0.024859679385892317,0.011384012217581058,0.06605926235871516,after_return,0.07711471668997245
1.4641574041690857,1.0,,49.851063829787236,original,stress,60,1.0,,98.70212765957447,0.6,,0.0,0.12390468136603315,,49.42553191489362,0.3231476930197046,0.010000000000005116,retrodiction,0,0.12974855604554492,1.0,1.0,100/50/50 Hz,1.0,4700,denied,7,13,0.12783231592805996,0.05984066910720135,0.038500879619636136,flight,1.3059302236847596
1.3035244071819456,1.0,,49.57142857142857,original,stress,25,1.0,,100.0,0.6,,0.0,0.08769071863909476,,49.285714285714285,0.18730714308033028,0.010000000000001563,retrodiction,0,0.0936424299936725,1.0,1.0,100/50/50 Hz,1.0,700,denied,7,18,0.13224918620256515,0.05527440221296481,0.032851827341549435,before_outage,1.1587495734559843
0.4961563816241438,1.0,,49.86666666666667,original,stress,40,1.0,,99.8,0.6,,0.0,0.10088585681196867,,49.733333333333334,0.1373386958198516,0.010000000000005116,retrodiction,0,0.1071034334986956,1.0,1.0,100/50/50 Hz,1.0,1500,denied,7,25,0.10882060973060395,0.044491580522085655,0.035960942180711344,outage_window,0.4451816167796677
0.07505549231881362,1.0,,50.0,original,stress,60,1.0,,99.95,0.6,,0.0,0.1208277175247985,,49.25,0.14537523435018357,0.010000000000005116,retrodiction,0,0.12849193203246936,1.0,1.0,100/50/50 Hz,1.0,2000,denied,7,40,0.12783231592805996,0.03112240354535906,0.04371314762384681,after_return,0.050664587214275685
3.8519878657201296,1.0,,49.829787234042556,original,stress,60,1.0,,98.0,0.6,,0.0,0.3112089367004292,,49.297872340425535,0.767335413173918,0.010000000000005116,horizon,0,0.3180939804976017,1.0,1.0,100/50/50 Hz,1.0,4700,denied,7,13,0.18860297727425518,0.15592095947616716,0.06582384177938001,flight,3.4870607083964393
5.550514123973266,1.0,,49.42857142857143,original,stress,25,1.0,,98.42857142857143,0.6,,0.0,0.43347118232515,,49.0,0.6701683773744584,0.010000000000001563,horizon,0,0.4387014951726913,1.0,1.0,100/50/50 Hz,1.0,700,denied,7,18,0.4587959945431676,0.22657596608485112,0.06754062451881435,before_outage,5.076737950578078
2.235371113395849,1.0,,49.86666666666667,original,stress,40,1.0,,99.53333333333333,0.6,,0.0,0.2908858820924816,,49.86666666666667,0.5440529708088444,0.010000000000005116,horizon,0,0.2974172546038527,1.0,1.0,100/50/50 Hz,1.0,1500,denied,7,25,0.19051837838408614,0.1370605061446205,0.06198731269680789,outage_window,2.050181066386449
0.4489187335953398,1.0,,50.0,original,stress,60,1.0,,100.0,0.6,,0.0,0.20162812366598554,,49.0,0.23494951672871361,0.010000000000005116,horizon,0,0.21429404337781185,1.0,1.0,100/50/50 Hz,1.0,2000,denied,7,40,0.18860297727425518,0.035772047386873874,0.07258124257785585,after_return,0.369642403029218
0.9396136587180781,1.0,,49.829787234042556,original,stress,60,1.0,,98.68085106382979,0.6,,6.808510638297872,0.03222831445761489,,49.38297872340426,0.11332877009438158,0.010000000000005116,retrodiction,0,0.05136712699943567,1.0,1.0,100/50/50 Hz,1.0,4700,transition,7,13,0.029551641773352,0.031074493982969874,0.0399989685291664,flight,0.6515658117909455
0.402325077537901,1.0,,49.57142857142857,original,stress,25,1.0,,99.85714285714286,0.6,,10.0,0.01659353147095127,,49.285714285714285,0.03598598777891472,0.010000000000001563,retrodiction,0,0.03602350852388016,1.0,1.0,100/50/50 Hz,1.0,700,transition,7,18,0.0354094866631278,0.032533232810520375,0.03197417519956717,before_outage,0.29174899092023765
0.26904383207101296,1.0,,49.86666666666667,original,stress,40,1.0,,99.8,0.6,,0.06666666666666667,0.022050065805852802,,49.666666666666664,0.036120870711516005,0.010000000000005116,retrodiction,0,0.043612958327355095,1.0,1.0,100/50/50 Hz,1.0,1500,transition,7,25,0.020903316012692866,0.029840414053880146,0.03762824380729418,outage_window,0.209178157207041
0.1224656503124429,1.0,,49.95,original,stress,60,1.0,,100.0,0.6,,9.95,0.02990992316526225,,49.2,0.051202500902355154,0.010000000000005116,retrodiction,0,0.054175747266234704,1.0,1.0,100/50/50 Hz,1.0,2000,transition,7,40,0.029551641773352,0.013510938709965066,0.04517087654787147,after_return,0.10485536362204011
1.4328922728941116,1.0,,49.87234042553192,original,stress,60,1.0,,98.70212765957447,0.6,,6.808510638297872,0.05576803504986918,,49.319148936170215,0.20301344444571476,0.010000000000005116,horizon,0,0.0799395169660235,1.0,1.0,100/50/50 Hz,1.0,4700,transition,7,13,0.025308173692696622,0.04594377240716182,0.05727348984860029,flight,1.1590300420372532
0.6166398225121574,1.0,,49.714285714285715,original,stress,25,1.0,,99.85714285714286,0.6,,10.0,0.057754512713142976,,49.0,0.10381567869733077,0.010000000000001563,horizon,0,0.07401739721905301,1.0,1.0,100/50/50 Hz,1.0,700,transition,7,18,0.05640117790921356,0.03919999297408464,0.04629245459413966,before_outage,0.36384708445593783
0.3355183207078366,1.0,,49.86666666666667,original,stress,40,1.0,,99.8,0.6,,0.13333333333333333,0.03762511393952266,,49.666666666666664,0.06404513637506835,0.010000000000005116,horizon,0,0.06693320584794811,1.0,1.0,100/50/50 Hz,1.0,1500,transition,7,25,0.019878066128923733,0.0365426731045226,0.05535706681284453,outage_window,0.24624635850420648
0.12553097283164508,1.0,,50.0,original,stress,60,1.0,,100.0,0.6,,9.9,0.02572140935547425,,49.3,0.043659594575800674,0.010000000000005116,horizon,0,0.07052531276134824,1.0,1.0,100/50/50 Hz,1.0,2000,transition,7,40,0.025308173692696622,0.010763063415028588,0.06566756307991115,after_return,0.09699776038932406
3.864402982529714,1.0,,49.8936170212766,original,zero,60,1.0,,86.61702127659575,0.6,,9.106382978723405,0.18880880968836,,48.87234042553192,1.0496686302139377,0.010000000000005116,retrodiction,0,0.19568930660456893,1.0,1.0,100/50/50 Hz,1.0,4700,gps,19,13,0.03478161298206361,0.1504583685765156,0.051434794676771506,flight,3.507373400302077
5.853602007705804,1.0,,50.0,original,zero,25,1.0,,45.285714285714285,0.6,,7.0,0.3114950018724111,,49.142857142857146,1.0496686302139377,0.010000000000001563,retrodiction,0,0.31376011331894177,1.0,1.0,100/50/50 Hz,1.0,700,gps,19,18,0.13658188503893737,0.31446684724715823,0.03763339631792203,before_outage,5.2684807686113855
1.2465762896342922,1.0,,49.8,original,zero,40,1.0,,99.86666666666666,0.6,,10.0,0.07290606575238268,,48.666666666666664,0.1515481319137095,0.010000000000005116,retrodiction,0,0.08790011365549827,1.0,1.0,100/50/50 Hz,1.0,1500,gps,19,25,0.03209838714278465,0.050689139348450374,0.04910331513410034,outage_window,1.018156311976634
0.27220462854778527,1.0,,49.95,original,zero,60,1.0,,99.9,0.6,,10.0,0.026959824806292422,,48.7,0.04018580733657693,0.010000000000005116,retrodiction,0,0.0663505135054931,1.0,1.0,100/50/50 Hz,1.0,2000,gps,19,40,0.03478161298206361,0.011215616916827093,0.06062638442837114,after_return,0.14087965155251594
3.0010063562971316,1.0,,49.8936170212766,original,zero,60,1.0,,96.31914893617021,0.6,,9.51063829787234,0.14659977582003156,,49.0,0.8305353020375963,0.010000000000005116,horizon,0,0.1728639341271346,1.0,1.0,100/50/50 Hz,1.0,4700,gps,19,13,0.03709877337688864,0.09476260827895504,0.09159937473272858,flight,2.7189413163792353
2.7901611352167057,1.0,,49.857142857142854,original,zero,25,1.0,,97.0,0.6,,9.857142857142858,0.12593818612725505,,48.714285714285715,0.320422089677321,0.010000000000001563,horizon,0,0.15069965934755308,1.0,1.0,100/50/50 Hz,1.0,700,gps,19,18,0.042056355603303695,0.08968919371476605,0.08276448877656045,before_outage,2.416080508482817
0.5065528325149251,1.0,,49.8,original,zero,40,1.0,,99.86666666666666,0.6,,10.0,0.029450109467486607,,48.93333333333333,0.04486372440270976,0.010000000000005116,horizon,0,0.09101467485531888,1.0,1.0,100/50/50 Hz,1.0,1500,gps,19,25,0.025808204474533778,0.03453496428473566,0.08611830288256074,outage_window,0.29461263547268124
0.13621093119158334,1.0,,49.95,original,zero,60,1.0,,99.9,0.6,,10.0,0.026081640674227104,,48.95,0.03974538930374151,0.010000000000005116,horizon,0,0.10666461497870376,1.0,1.0,100/50/50 Hz,1.0,2000,gps,19,40,0.03709877337688864,0.008067372548622118,0.10342672821034037,after_return,0.055866185009618666
4.038003746626255,1.0,,49.8936170212766,original,zero,60,1.0,,98.14893617021276,0.6,,0.0,0.546673510545199,,49.234042553191486,1.083090521490491,0.010000000000005116,retrodiction,0,0.5493394120238115,1.0,1.0,100/50/50 Hz,1.0,4700,denied,19,13,0.5136675682148945,0.15884321721826417,0.054054254882065444,flight,3.7066248025232458
5.1537308922824145,1.0,,50.0,original,zero,25,1.0,,98.14285714285714,0.6,,0.0,0.528105313836251,,49.0,0.9352926595114783,0.010000000000001563,retrodiction,0,0.5297561893187609,1.0,1.0,100/50/50 Hz,1.0,700,denied,19,18,0.622472121804149,0.21565734351233595,0.04178992246283452,before_outage,4.715460202728481
1.8231835032941477,1.0,,49.8,original,zero,40,1.0,,99.8,0.6,,0.0,0.5458754860744516,,49.333333333333336,0.7032203642616859,0.010000000000005116,retrodiction,0,0.5485623432743703,1.0,1.0,100/50/50 Hz,1.0,1500,denied,19,25,0.5078255184658272,0.13312761222691588,0.05422728244757668,outage_window,1.663467145059301
0.28271399251111673,1.0,,49.95,original,zero,60,1.0,,99.9,0.6,,0.0,0.5090696816556814,,49.1,0.5233499726344971,0.010000000000005116,retrodiction,0,0.5128231770752664,1.0,1.0,100/50/50 Hz,1.0,2000,denied,19,40,0.5136675682148945,0.032713875389379636,0.061932787476047066,after_return,0.23196232097003375
4.008626595872358,1.0,,49.91489361702128,original,zero,60,1.0,,98.0,0.6,,0.0,0.6756229193455304,,49.170212765957444,1.0741123094966443,0.010000000000005116,horizon,0,0.6841414119340569,1.0,1.0,100/50/50 Hz,1.0,4700,denied,19,13,0.6918350426923208,0.16646487668004317,0.10762500814470524,flight,3.65878908915085
4.813567194749499,1.0,,49.857142857142854,original,zero,25,1.0,,98.57142857142857,0.6,,0.0,0.6186330602260537,,49.0,1.0741123094966443,0.010000000000001563,horizon,0,0.6268564612249665,1.0,1.0,100/50/50 Hz,1.0,700,denied,19,18,0.4839157282768415,0.21650425239282015,0.10120355613730046,before_outage,4.399885947038473
1.617674165624868,1.0,,49.86666666666667,original,zero,40,1.0,,99.73333333333333,0.6,,0.0,0.6898537115341465,,49.266666666666666,0.7929266476895356,0.010000000000005116,horizon,0,0.6999224413137708,1.0,1.0,100/50/50 Hz,1.0,1500,denied,19,25,0.7111084264143451,0.15318797049231403,0.1182931973411468,outage_window,1.4709835882234066
0.11312212119272955,1.0,,49.95,original,zero,60,1.0,,99.9,0.6,,0.0,0.6992651753251092,,49.05,0.7203010065766863,0.010000000000005116,horizon,0,0.7077010778420578,1.0,1.0,100/50/50 Hz,1.0,2000,denied,19,40,0.6918350426923208,0.03320504860229318,0.10894507862383895,after_return,0.02898229926643933
3.919508686857242,1.0,,49.91489361702128,original,zero,60,1.0,,86.61702127659575,0.6,,5.914893617021277,0.19791749456322424,,49.0,1.0496686302139377,0.010000000000005116,retrodiction,0,0.20480525143151485,1.0,1.0,100/50/50 Hz,1.0,4700,transition,19,13,0.03373218807874065,0.15911226797251635,0.05266741269268991,flight,3.5568026767559227
5.853602007705804,1.0,,50.0,original,zero,25,1.0,,45.285714285714285,0.6,,7.0,0.3114950018724111,,49.142857142857146,1.0496686302139377,0.010000000000001563,retrodiction,0,0.31376011331894177,1.0,1.0,100/50/50 Hz,1.0,700,transition,19,18,0.13658188503893737,0.31446684724715823,0.03763339631792203,before_outage,5.2684807686113855
1.678359820616824,1.0,,49.86666666666667,original,zero,40,1.0,,99.86666666666666,0.6,,0.0,0.12566091185799105,,49.0,0.2313753392259673,0.010000000000005116,retrodiction,0,0.1363822891906576,1.0,1.0,100/50/50 Hz,1.0,1500,transition,19,25,0.07180705481770734,0.10413787608576709,0.05300437751641241,outage_window,1.4345386954876909
0.3672806498895574,1.0,,49.95,original,zero,60,1.0,,99.9,0.6,,10.0,0.03388715515282731,,48.75,0.07738690485329641,0.010000000000005116,retrodiction,0,0.06947445081795785,1.0,1.0,100/50/50 Hz,1.0,2000,transition,19,40,0.03373218807874065,0.014660922956262396,0.06064948501104567,after_return,0.2728901702891309
3.0053405238723068,1.0,,49.91489361702128,original,zero,60,1.0,,96.31914893617021,0.6,,6.319148936170213,0.14691251904858027,,49.08510638297872,0.8305353020375963,0.010000000000005116,horizon,0,0.17466832595462387,1.0,1.0,100/50/50 Hz,1.0,4700,transition,19,13,0.0374444484878155,0.09800565094650704,0.09447611252899474,flight,2.7220133105026196
2.7901611352167057,1.0,,49.857142857142854,original,zero,25,1.0,,97.0,0.6,,9.857142857142858,0.12593818612725505,,48.714285714285715,0.320422089677321,0.010000000000001563,horizon,0,0.15069965934755308,1.0,1.0,100/50/50 Hz,1.0,700,transition,19,18,0.042056355603303695,0.08968919371476605,0.08276448877656045,before_outage,2.416080508482817
0.5816819438217666,1.0,,49.86666666666667,original,zero,40,1.0,,99.86666666666666,0.6,,0.13333333333333333,0.03151309599374854,,49.06666666666667,0.0491010077904531,0.010000000000005116,horizon,0,0.10078990631595071,1.0,1.0,100/50/50 Hz,1.0,1500,transition,19,25,0.03085429874335321,0.05593482666924253,0.09573677452299564,outage_window,0.3664490867501079
0.13568803077561137,1.0,,49.95,original,zero,60,1.0,,99.9,0.6,,9.9,0.028313303163774176,,49.05,0.04386846626758197,0.010000000000005116,horizon,0,0.10698031466421759,1.0,1.0,100/50/50 Hz,1.0,2000,transition,19,40,0.0374444484878155,0.009064632544270352,0.10316561728410886,after_return,0.08236533846349924
1.2586078260310356,1.0,,49.91489361702128,original,nominal,60,1.0,,98.7872340425532,0.6,,10.0,0.058562473085061725,,49.319148936170215,0.18175520582161575,0.010000000000005116,retrodiction,0,0.0779424910883661,1.0,1.0,100/50/50 Hz,1.0,4700,gps,19,13,0.03893293037223276,0.03396540939934803,0.05143411964077396,flight,1.0826773015059579
0.37987283782807074,1.0,,50.0,original,nominal,25,1.0,,99.71428571428571,0.6,,10.0,0.06582512780435695,,49.285714285714285,0.13094592691234297,0.010000000000001563,retrodiction,0,0.07676188653228887,1.0,1.0,100/50/50 Hz,1.0,700,gps,19,18,0.034534991652050456,0.028719120958525936,0.03948974263699452,before_outage,0.3467876182431275
0.10567635936081089,1.0,,49.86666666666667,original,nominal,40,1.0,,99.93333333333334,0.6,,10.0,0.03365260939366435,,49.53333333333333,0.042899163642352696,0.010000000000005116,retrodiction,0,0.059127959345413574,1.0,1.0,100/50/50 Hz,1.0,1500,gps,19,25,0.0320790868003094,0.01814678795454026,0.04861704903992358,outage_window,0.08162849856715965
0.04424937013399539,1.0,,49.95,original,nominal,60,1.0,,99.9,0.6,,10.0,0.0316821380425457,,49.1,0.04302305836243685,0.010000000000005116,retrodiction,0,0.06812410271189442,1.0,1.0,100/50/50 Hz,1.0,2000,gps,19,40,0.03893293037223276,0.009458049825203067,0.060308668525791705,after_return,0.032080688642666874
2.9983187394120483,1.0,,49.8936170212766,original,nominal,60,1.0,,96.31914893617021,0.6,,9.51063829787234,0.14644321479691838,,49.0,0.8298222423136704,0.010000000000005116,horizon,0,0.17311015864340887,1.0,1.0,100/50/50 Hz,1.0,4700,gps,19,13,0.0370919549791636,0.09467047042274554,0.09231203532308133,flight,2.7165010848038293
2.7848180264612745,1.0,,49.857142857142854,original,nominal,25,1.0,,97.0,0.6,,9.857142857142858,0.12570852433182986,,48.714285714285715,0.3200535290053215,0.010000000000001563,horizon,0,0.15089706243358197,1.0,1.0,100/50/50 Hz,1.0,700,gps,19,18,0.04182039216958343,0.08950728511999001,0.08347029628195934,before_outage,2.411428356180681
0.5047539333029115,1.0,,49.8,original,nominal,40,1.0,,99.86666666666666,0.6,,10.0,0.029390911793169463,,48.93333333333333,0.04464106215396796,0.010000000000005116,horizon,0,0.09167205253465571,1.0,1.0,100/50/50 Hz,1.0,1500,gps,19,25,0.025779002698249575,0.03448294563676149,0.08683282512899605,outage_window,0.29293477907271914
0.13569707220628308,1.0,,49.95,original,nominal,60,1.0,,99.9,0.6,,10.0,0.0260806113444534,,48.95,0.039753656133621834,0.010000000000005116,horizon,0,0.10736420255479522,1.0,1.0,100/50/50 Hz,1.0,2000,gps,19,40,0.0370919549791636,0.008061716399042622,0.10414832548882706,after_return,0.055476340658213316
3.929268060514012,1.0,,49.91489361702128,original,nominal,60,1.0,,98.08510638297872,0.6,,0.0,0.7992924480405929,,49.170212765957444,1.1644633754546705,0.010000000000005116,retrodiction,0,0.8012479346692528,1.0,1.0,100/50/50 Hz,1.0,4700,denied,19,13,0.8208835082175148,0.15942567268735924,0.05594493111104451,flight,3.5854709518147256
4.743499923533859,1.0,,50.0,original,nominal,25,1.0,,98.57142857142857,0.6,,0.0,0.7305485584584821,,49.142857142857146,1.1404541279471887,0.010000000000001563,retrodiction,0,0.7320805218314921,1.0,1.0,100/50/50 Hz,1.0,700,denied,19,18,0.4700219318602681,0.21500859553858084,0.04733597130411063,before_outage,4.35013619414651
1.5505867172949137,1.0,,49.86666666666667,original,nominal,40,1.0,,99.8,0.6,,0.0,0.8315915054593201,,49.266666666666666,0.9811930823495729,0.010000000000005116,retrodiction,0,0.8335853856349791,1.0,1.0,100/50/50 Hz,1.0,1500,denied,19,25,0.8586668869766593,0.13747903274363305,0.057620857266428925,outage_window,1.4132618477862453
0.1248030895443472,1.0,,49.95,original,nominal,60,1.0,,99.9,0.6,,0.0,0.8376081024118601,,49.05,0.861030252650462,0.010000000000005116,retrodiction,0,0.8398989712846888,1.0,1.0,100/50/50 Hz,1.0,2000,denied,19,40,0.8208835082175148,0.034586965473097316,0.06199152150964991,after_return,0.03536369445468193
4.007502193205143,1.0,,49.91489361702128,original,nominal,60,1.0,,98.0,0.6,,0.0,0.6746274499484541,,49.170212765957444,1.0738815854035733,0.010000000000005116,horizon,0,0.6832720832638933,1.0,1.0,100/50/50 Hz,1.0,4700,denied,19,13,0.6907314382564779,0.16641297135717917,0.1083445593642192,flight,3.6577897137197244
4.81151710529471,1.0,,49.857142857142854,original,nominal,25,1.0,,98.57142857142857,0.6,,0.0,0.6170454703294861,,49.0,1.0738815854035733,0.010000000000001563,horizon,0,0.6253971047253379,1.0,1.0,100/50/50 Hz,1.0,700,denied,19,18,0.48512414043464347,0.2164138610697991,0.10186474436574532,before_outage,4.397958440523686
1.616681386177846,1.0,,49.86666666666667,original,nominal,40,1.0,,99.73333333333333,0.6,,0.0,0.688818484207109,,49.266666666666666,0.791167251094097,0.010000000000005116,horizon,0,0.6990276801451958,1.0,1.0,100/50/50 Hz,1.0,1500,denied,19,25,0.7098134379754785,0.15314163218997803,0.11903274097404792,outage_window,1.4700674914160152
0.1130683697700455,1.0,,49.95,original,nominal,60,1.0,,99.9,0.6,,0.0,0.6981321882762203,,49.05,0.7193146313709969,0.010000000000005116,horizon,0,0.7066964093074362,1.0,1.0,100/50/50 Hz,1.0,2000,denied,19,40,0.6907314382564779,0.03320103447527797,0.1096871123727824,after_return,0.029003195053690315
1.2597150633708467,1.0,,49.91489361702128,original,nominal,60,1.0,,98.7872340425532,0.6,,6.808510638297872,0.060841586273309003,,49.319148936170215,0.18175520582161575,0.010000000000005116,retrodiction,0,0.08009539346466582,1.0,1.0,100/50/50 Hz,1.0,4700,transition,19,13,0.04054185208617633,0.03674276712263416,0.05209197091689976,flight,1.0839934643059363
0.37987283782807074,1.0,,50.0,original,nominal,25,1.0,,99.71428571428571,0.6,,10.0,0.06582512780435695,,49.285714285714285,0.13094592691234297,0.010000000000001563,retrodiction,0,0.07676188653228887,1.0,1.0,100/50/50 Hz,1.0,700,transition,19,18,0.034534991652050456,0.028719120958525936,0.03948974263699452,before_outage,0.3467876182431275
0.13724640117347683,1.0,,49.86666666666667,original,nominal,40,1.0,,99.93333333333334,0.6,,0.06666666666666667,0.037315275288594574,,49.53333333333333,0.05137454122377602,0.010000000000005116,retrodiction,0,0.0630457708651014,1.0,1.0,100/50/50 Hz,1.0,1500,transition,19,25,0.04126506311262508,0.03051178845614036,0.050816724157616365,outage_window,0.1164308316190614
0.052525147770927635,1.0,,49.95,original,nominal,60,1.0,,99.9,0.6,,9.95,0.03805689482700677,,49.1,0.04932474551030101,0.010000000000005116,retrodiction,0,0.07128441244061229,1.0,1.0,100/50/50 Hz,1.0,2000,transition,19,40,0.04054185208617633,0.009985223111413697,0.06027553577637834,after_return,0.050605834041609656
3.0026002657354227,1.0,,49.91489361702128,original,nominal,60,1.0,,96.31914893617021,0.6,,6.319148936170213,0.14675545681176796,,49.08510638297872,0.8298222423136704,0.010000000000005116,horizon,0,0.17492889451301674,1.0,1.0,100/50/50 Hz,1.0,4700,transition,19,13,0.037442798586027864,0.09791287156095914,0.09519954848377934,flight,2.7195276971621962
2.7848180264612745,1.0,,49.857142857142854,original,nominal,25,1.0,,97.0,0.6,,9.857142857142858,0.12570852433182986,,48.714285714285715,0.3200535290053215,0.010000000000001563,horizon,0,0.15089706243358197,1.0,1.0,100/50/50 Hz,1.0,700,transition,19,18,0.04182039216958343,0.08950728511999001,0.08347029628195934,before_outage,2.411428356180681
0.5793252016186825,1.0,,49.86666666666667,original,nominal,40,1.0,,99.86666666666666,0.6,,0.13333333333333333,0.031436349638663534,,49.06666666666667,0.048962463456611066,0.010000000000005116,horizon,0,0.10147474293219758,1.0,1.0,100/50/50 Hz,1.0,1500,transition,19,25,0.030826608722058203,0.05588339677355358,0.09648253403881596,outage_window,0.36414011243650996
0.13476496644426042,1.0,,49.95,original,nominal,60,1.0,,99.9,0.6,,9.9,0.028320037420742388,,49.05,0.043899533456015875,0.010000000000005116,horizon,0,0.10767814272542878,1.0,1.0,100/50/50 Hz,1.0,2000,transition,19,40,0.037442798586027864,0.009055227824946159,0.1038872364695758,after_return,0.08155466754090304
0.9806437505866633,1.0,,49.91489361702128,original,stress,60,1.0,,98.72340425531915,0.6,,10.0,0.029792990923520137,,49.38297872340426,0.1075742653243229,0.010000000000005116,retrodiction,0,0.0591733600858853,1.0,1.0,100/50/50 Hz,1.0,4700,gps,19,13,0.0384030741760065,0.023345396251876743,0.05112596439858019,flight,0.8948151923560111
0.24937555123754923,1.0,,50.0,original,stress,25,1.0,,99.85714285714286,0.6,,10.0,0.014621565393837244,,49.42857142857143,0.04078868195698691,0.010000000000001563,retrodiction,0,0.042116292186039676,1.0,1.0,100/50/50 Hz,1.0,700,gps,19,18,0.008325462259154467,0.019714081264822575,0.03949673268681358,before_outage,0.09381756862970851
0.06150947884064403,1.0,,49.86666666666667,original,stress,40,1.0,,99.93333333333334,0.6,,10.0,0.018375834855578282,,49.4,0.03614844110127641,0.010000000000005116,retrodiction,0,0.05207456711515084,1.0,1.0,100/50/50 Hz,1.0,1500,gps,19,25,0.028635342381827453,0.014297067264181331,0.04872462656184102,outage_window,0.04996323764767464
0.10700941403160077,1.0,,49.95,original,stress,60,1.0,,99.9,0.6,,10.0,0.02554400155757624,,49.3,0.04075874197918843,0.010000000000005116,retrodiction,0,0.06516300449222258,1.0,1.0,100/50/50 Hz,1.0,2000,gps,19,40,0.0384030741760065,0.011802378293290049,0.05994765332254435,after_return,0.10148769376344777
3.006621192444615,1.0,,49.8936170212766,original,stress,60,1.0,,96.31914893617021,0.6,,9.51063829787234,0.14688728852708094,,49.0,0.8319905430255078,0.010000000000005116,horizon,0,0.16403746953471982,1.0,1.0,100/50/50 Hz,1.0,4700,gps,19,13,0.03709202350430629,0.0949563340019437,0.07302339269382255,flight,2.7238310968710016
2.8003038189439864,1.0,,49.857142857142854,original,stress,25,1.0,,97.0,0.6,,9.857142857142858,0.1264110315977857,,48.714285714285715,0.32127301235523503,0.010000000000001563,horizon,0,0.14161251289310464,1.0,1.0,100/50/50 Hz,1.0,700,gps,19,18,0.04246233390738303,0.08997974631024518,0.06383067364741933,before_outage,2.425137223373451
0.5091381830616355,1.0,,49.8,original,stress,40,1.0,,99.86666666666666,0.6,,10.0,0.029535589616852494,,48.93333333333333,0.04525180232851254,0.010000000000005116,horizon,0,0.0738338904402174,1.0,1.0,100/50/50 Hz,1.0,1500,gps,19,25,0.025826459160364936,0.03461641051647045,0.06766899085639523,outage_window,0.2970930612544441
0.13660197383433748,1.0,,49.95,original,stress,60,1.0,,99.9,0.6,,10.0,0.02607832888901004,,48.95,0.03974346482220224,0.010000000000005116,horizon,0,0.08840724194856053,1.0,1.0,100/50/50 Hz,1.0,2000,gps,19,40,0.03709202350430629,0.008073586016158232,0.08447343482603242,after_return,0.056114680239437234
1.3219817047602775,1.0,,49.93617021276596,original,stress,60,1.0,,98.72340425531915,0.6,,0.0,0.05776092075525832,,49.361702127659576,0.24716656353887986,0.010000000000005116,retrodiction,0,0.07682523971472974,1.0,1.0,100/50/50 Hz,1.0,4700,denied,19,13,0.008766015640756334,0.04839274563949741,0.05065366216504446,flight,1.2156613771447906
0.6735949218174131,1.0,,50.0,original,stress,25,1.0,,99.85714285714286,0.6,,0.0,0.08158072699005202,,49.142857142857146,0.12327661469084211,0.010000000000001563,retrodiction,0,0.09141146128618663,1.0,1.0,100/50/50 Hz,1.0,700,denied,19,18,0.024876376366931918,0.0348006734787818,0.04123881955452403,before_outage,0.5984360193012752
0.29396868561681533,1.0,,49.93333333333333,original,stress,40,1.0,,99.93333333333334,0.6,,0.0,0.030146141983596827,,49.53333333333333,0.07369677413585551,0.010000000000005116,retrodiction,0,0.05734765807864108,1.0,1.0,100/50/50 Hz,1.0,1500,denied,19,25,0.006676299644092388,0.015184331358365968,0.048784874813916954,outage_window,0.2800590878007907
0.07471798499763559,1.0,,49.95,original,stress,60,1.0,,99.9,0.6,,0.0,0.011197624928726837,,49.25,0.020078767251142052,0.010000000000005116,retrodiction,0,0.05957673278752187,1.0,1.0,100/50/50 Hz,1.0,2000,denied,19,40,0.008766015640756334,0.03419469720444033,0.05851495779363887,after_return,0.06523388814215433
4.003779649715029,1.0,,49.91489361702128,original,stress,60,1.0,,98.0,0.6,,0.0,0.6699913963196885,,49.170212765957444,1.0614092590411037,0.010000000000005116,horizon,0,0.675834774265633,1.0,1.0,100/50/50 Hz,1.0,4700,denied,19,13,0.6886001740178777,0.16634551257638674,0.08868016105236363,flight,3.654147626548552
4.803295410963663,1.0,,49.857142857142854,original,stress,25,1.0,,98.57142857142857,0.6,,0.0,0.5856044061912065,,49.0,1.0580431505351358,0.010000000000001563,horizon,0,0.5915904415434128,1.0,1.0,100/50/50 Hz,1.0,700,denied,19,18,0.5104565996387922,0.21626068233260845,0.08394480314453376,before_outage,4.39106968767487
1.610960207225512,1.0,,49.86666666666667,original,stress,40,1.0,,99.73333333333333,0.6,,0.0,0.6868955789839969,,49.266666666666666,0.7798723278175416,0.010000000000005116,horizon,0,0.6939542668039106,1.0,1.0,100/50/50 Hz,1.0,1500,denied,19,25,0.704267955412386,0.15312284133708723,0.0987268351948586,outage_window,1.4651297303781248
0.111958785341723,1.0,,49.95,original,stress,60,1.0,,99.9,0.6,,0.0,0.6955632454795928,,49.05,0.718947938198193,0.010000000000005116,horizon,0,0.7012790585795211,1.0,1.0,100/50/50 Hz,1.0,2000,denied,19,40,0.6886001740178777,0.03323359709342625,0.08935373265888309,after_return,0.028562460199197746
0.9791891832186538,1.0,,49.93617021276596,original,stress,60,1.0,,98.72340425531915,0.6,,6.808510638297872,0.029263808631829483,,49.38297872340426,0.1075742653243229,0.010000000000005116,retrodiction,0,0.05924723350682361,1.0,1.0,100/50/50 Hz,1.0,4700,transition,19,13,0.03770627380859966,0.023900160115108815,0.051515669291699435,flight,0.8934926197360055
0.24937555123754923,1.0,,50.0,original,stress,25,1.0,,99.85714285714286,0.6,,10.0,0.014621565393837244,,49.42857142857143,0.04078868195698691,0.010000000000001563,retrodiction,0,0.042116292186039676,1.0,1.0,100/50/50 Hz,1.0,700,transition,19,18,0.008325462259154467,0.019714081264822575,0.03949673268681358,before_outage,0.09381756862970851
0.0917934495832209,1.0,,49.93333333333333,original,stress,40,1.0,,99.93333333333334,0.6,,0.06666666666666667,0.016997901606852106,,49.46666666666667,0.041020375575569264,0.010000000000005116,retrodiction,0,0.05291774292179025,1.0,1.0,100/50/50 Hz,1.0,1500,transition,19,25,0.0255758123572948,0.017116394788909726,0.05011345983765695,outage_window,0.08731849378636149
0.0356354095839022,1.0,,49.95,original,stress,60,1.0,,99.9,0.6,,9.95,0.02481151429948716,,49.25,0.040999380321458403,0.010000000000005116,retrodiction,0,0.06481033897778603,1.0,1.0,100/50/50 Hz,1.0,2000,transition,19,40,0.03770627380859966,0.011595960677714264,0.05987293876687427,after_return,0.029924304101964314
3.011026009956542,1.0,,49.91489361702128,original,stress,60,1.0,,96.31914893617021,0.6,,6.319148936170213,0.14719919354578506,,49.08510638297872,0.8319905430255078,0.010000000000005116,horizon,0,0.16548222207217572,1.0,1.0,100/50/50 Hz,1.0,4700,transition,19,13,0.037438366378883266,0.09819915470145597,0.07560928012760999,flight,2.726962701527609
2.8003038189439864,1.0,,49.857142857142854,original,stress,25,1.0,,97.0,0.6,,9.857142857142858,0.1264110315977857,,48.714285714285715,0.32127301235523503,0.010000000000001563,horizon,0,0.14161251289310464,1.0,1.0,100/50/50 Hz,1.0,700,transition,19,18,0.04246233390738303,0.08997974631024518,0.06383067364741933,before_outage,2.425137223373451
0.5850340948656946,1.0,,49.86666666666667,original,stress,40,1.0,,99.86666666666666,0.6,,0.13333333333333333,0.03161202405444593,,49.06666666666667,0.049278072682568605,0.010000000000005116,horizon,0,0.08269530066285598,1.0,1.0,100/50/50 Hz,1.0,1500,transition,19,25,0.030811612337036713,0.05601732747580853,0.07641461042825043,outage_window,0.36975568325836095
0.1366319728507966,1.0,,49.95,original,stress,60,1.0,,99.9,0.6,,9.9,0.028291536655256733,,49.05,0.04383916597851849,0.010000000000005116,horizon,0,0.08884994802026042,1.0,1.0,100/50/50 Hz,1.0,2000,transition,19,40,0.037438366378883266,0.009078282641868466,0.08422530627363277,after_return,0.08319550506561983
0.6484266332888715,1.0,,49.851063829787236,original,zero,60,1.0,,98.80851063829788,0.6,,10.0,0.02518718149351219,,49.276595744680854,0.08758268845411216,0.010000000000005116,retrodiction,0,0.05748010093729183,1.0,1.0,100/50/50 Hz,1.0,4700,gps,41,13,0.01836851768381417,0.01784869064194024,0.05166786130830397,flight,0.5251357600769542
0.2564357815817708,1.0,,49.714285714285715,original,zero,25,1.0,,100.0,0.6,,10.0,0.029030813243230476,,49.42857142857143,0.05533476098608564,0.010000000000001563,retrodiction,0,0.04827092855049704,1.0,1.0,100/50/50 Hz,1.0,700,gps,41,18,0.022133744578205473,0.01331007227561603,0.03856545637696855,before_outage,0.19878705077798453
0.12112215951207837,1.0,,49.93333333333333,original,zero,40,1.0,,99.93333333333334,0.6,,10.0,0.010281596525991645,,49.6,0.025377297898075107,0.010000000000005116,retrodiction,0,0.05360788475107428,1.0,1.0,100/50/50 Hz,1.0,1500,gps,41,25,0.005015580376447077,0.010918062254746024,0.05261267984394236,outage_window,0.10443118552494011
0.03215789421677402,1.0,,49.9,original,zero,60,1.0,,99.8,0.6,,10.0,0.011624019804178107,,49.0,0.02361309863458021,0.010000000000005116,retrodiction,0,0.060477923387642005,1.0,1.0,100/50/50 Hz,1.0,2000,gps,41,40,0.01836851768381417,0.0071683772968575005,0.059350327554897046,after_return,0.020645947973344684
0.6480327957333835,1.0,,49.851063829787236,original,zero,60,1.0,,98.40425531914893,0.6,,10.0,0.02097519373132826,,49.12765957446808,0.06345527327510458,0.010000000000005116,horizon,0,0.07823405464786208,1.0,1.0,100/50/50 Hz,1.0,4700,gps,41,13,0.021605759147634632,0.018133356975033137,0.0753698119579578,flight,0.589557010920294
0.21990300603814553,1.0,,49.714285714285715,original,zero,25,1.0,,100.0,0.6,,10.0,0.02452566281002499,,49.285714285714285,0.05236933454661049,0.010000000000001563,horizon,0,0.061117064496231256,1.0,1.0,100/50/50 Hz,1.0,700,gps,41,18,0.014359162540621957,0.016137797744145737,0.05598024148184293,before_outage,0.1437682075675587
0.09102205662478391,1.0,,49.93333333333333,original,zero,40,1.0,,99.93333333333334,0.6,,10.0,0.009078888312879054,,49.46666666666667,0.015711193218803165,0.010000000000005116,horizon,0,0.07481801444101095,1.0,1.0,100/50/50 Hz,1.0,1500,gps,41,25,0.008046541271902746,0.008993314294209222,0.07426512688939266,outage_window,0.06163264218646616
0.031243179449399982,1.0,,49.9,original,zero,60,1.0,,99.8,0.6,,10.0,0.011797191699462022,,48.9,0.025257732003858554,0.010000000000005116,horizon,0,0.08798526505945505,1.0,1.0,100/50/50 Hz,1.0,2000,gps,41,40,0.021605759147634632,0.007810558573085277,0.0871907858411008,after_return,0.023672312082402953
1.074371927713667,1.0,,49.851063829787236,original,zero,60,1.0,,98.80851063829788,0.6,,0.0,0.2881203562931382,,49.255319148936174,0.36713061949985865,0.010000000000005116,retrodiction,0,0.29296704516899624,1.0,1.0,100/50/50 Hz,1.0,4700,denied,41,13,0.303726928400966,0.05101758040742026,0.05306929285912696,flight,0.9319803176409855
0.8600033710071119,1.0,,49.714285714285715,original,zero,25,1.0,,100.0,0.6,,0.0,0.3063898334221668,,49.57142857142857,0.36713061949985865,0.010000000000001563,retrodiction,0,0.3090175550089584,1.0,1.0,100/50/50 Hz,1.0,700,denied,41,18,0.23858935683188692,0.05377098659480238,0.04021342163073804,before_outage,0.7863646881059644
0.5874355959171763,1.0,,49.93333333333333,original,zero,40,1.0,,99.93333333333334,0.6,,0.0,0.28747767524537177,,49.53333333333333,0.3207678047351147,0.010000000000005116,retrodiction,0,0.29287749929312556,1.0,1.0,100/50/50 Hz,1.0,1500,denied,41,25,0.2964685719669887,0.05692134571013865,0.0559804950649005,outage_window,0.5427104631870308
0.19515156670969003,1.0,,49.95,original,zero,60,1.0,,99.8,0.6,,0.0,0.2876009203034685,,48.95,0.3042166472729861,0.010000000000005116,retrodiction,0,0.2936348633570893,1.0,1.0,100/50/50 Hz,1.0,2000,denied,41,40,0.303726928400966,0.018143469147775045,0.05922114165848602,after_return,0.17653482485412633
0.9809031167006393,1.0,,49.87234042553192,original,zero,60,1.0,,98.38297872340425,0.6,,0.0,0.26469590459120473,,49.276595744680854,0.38477699149972644,0.010000000000005116,horizon,0,0.277071147380827,1.0,1.0,100/50/50 Hz,1.0,4700,denied,41,13,0.2582501897605338,0.05443065243720411,0.08188100392381481,flight,0.7036538547579474
0.7278551964077055,1.0,,49.714285714285715,original,zero,25,1.0,,100.0,0.6,,0.0,0.2859712518379315,,49.714285714285715,0.3169859616111399,0.010000000000001563,horizon,0,0.29327668039233856,1.0,1.0,100/50/50 Hz,1.0,700,denied,41,18,0.23878007360352102,0.04869518582218076,0.06505116743146333,before_outage,0.6442776665066947
0.48666974440208943,1.0,,49.93333333333333,original,zero,40,1.0,,99.93333333333334,0.6,,0.0,0.258225943578928,,49.53333333333333,0.3125343246003768,0.010000000000005116,horizon,0,0.27335833328724995,1.0,1.0,100/50/50 Hz,1.0,1500,denied,41,25,0.25332049412210084,0.06588266877223828,0.08968913223103198,outage_window,0.4375129564962088
0.12067138097025897,1.0,,49.95,original,zero,60,1.0,,99.8,0.6,,0.0,0.2575065509526639,,49.05,0.27173169854765133,0.010000000000005116,horizon,0,0.2715877942145167,1.0,1.0,100/50/50 Hz,1.0,2000,denied,41,40,0.2582501897605338,0.016824116969383882,0.08631515615909968,after_return,0.09721788297186762
0.6595963204764894,1.0,,49.87234042553192,original,zero,60,1.0,,98.80851063829788,0.6,,6.808510638297872,0.03415011412010685,,49.234042553191486,0.08758268845411216,0.010000000000005116,retrodiction,0,0.062387869714473146,1.0,1.0,100/50/50 Hz,1.0,4700,transition,41,13,0.0228696314239119,0.021668834189528096,0.05221126308655781,flight,0.5370590728622996
0.2564357815817708,1.0,,49.714285714285715,original,zero,25,1.0,,100.0,0.6,,10.0,0.029030813243230476,,49.42857142857143,0.05533476098608564,0.010000000000001563,retrodiction,0,0.04827092855049704,1.0,1.0,100/50/50 Hz,1.0,700,transition,41,18,0.022133744578205473,0.01331007227561603,0.03856545637696855,before_outage,0.19878705077798453
0.23071019856339264,1.0,,50.0,original,zero,40,1.0,,99.93333333333334,0.6,,0.0,0.03265015851672049,,49.53333333333333,0.04230073405319626,0.010000000000005116,retrodiction,0,0.06343662120111893,1.0,1.0,100/50/50 Hz,1.0,1500,transition,41,25,0.03271514823382435,0.02307792267178944,0.05438908032176381,outage_window,0.21028407561245943
0.08031596042213152,1.0,,49.9,original,zero,60,1.0,,99.8,0.6,,10.0,0.02578161453485356,,48.95,0.045511935243828384,0.010000000000005116,retrodiction,0,0.06463162989314039,1.0,1.0,100/50/50 Hz,1.0,2000,transition,41,40,0.0228696314239119,0.009803466765071916,0.059266819845678456,after_return,0.07213588637876829
0.6560546057672321,1.0,,49.87234042553192,original,zero,60,1.0,,98.40425531914893,0.6,,6.808510638297872,0.026117723400360966,,49.170212765957444,0.06345527327510458,0.010000000000005116,horizon,0,0.08060194632235736,1.0,1.0,100/50/50 Hz,1.0,4700,transition,41,13,0.024761020325948215,0.02046753356275436,0.07625311977443555,flight,0.5974031471343852
0.21990300603814553,1.0,,49.714285714285715,original,zero,25,1.0,,100.0,0.6,,10.0,0.02452566281002499,,49.285714285714285,0.05236933454661049,0.010000000000001563,horizon,0,0.061117064496231256,1.0,1.0,100/50/50 Hz,1.0,700,transition,41,18,0.014359162540621957,0.016137797744145737,0.05598024148184293,before_outage,0.1437682075675587
0.18356391906756916,1.0,,50.0,original,zero,40,1.0,,99.93333333333334,0.6,,0.13333333333333333,0.02102999910038001,,49.46666666666667,0.030282605962968643,0.010000000000005116,horizon,0,0.0804581062325827,1.0,1.0,100/50/50 Hz,1.0,1500,transition,41,25,0.022285505915994024,0.017360868711819164,0.07766109705876927,outage_window,0.16287689312594705
0.08063371109067534,1.0,,49.9,original,zero,60,1.0,,99.8,0.6,,9.9,0.02093831524897695,,49.0,0.03621680571214941,0.010000000000005116,horizon,0,0.08926605363449489,1.0,1.0,100/50/50 Hz,1.0,2000,transition,41,40,0.024761020325948215,0.01036112074295584,0.0867756606774675,after_return,0.07347328494487461
0.6372479244943581,1.0,,49.8936170212766,original,nominal,60,1.0,,98.87234042553192,0.6,,10.0,0.02265957436619712,,49.297872340425535,0.08943383828949704,0.010000000000005116,retrodiction,0,0.05638667973527536,1.0,1.0,100/50/50 Hz,1.0,4700,gps,41,13,0.010968080942417262,0.017530327962816585,0.051633335560578454,flight,0.46573106648947815
0.19765312876484836,1.0,,49.714285714285715,original,nominal,25,1.0,,100.0,0.6,,10.0,0.021594241725806672,,49.714285714285715,0.03263125499747157,0.010000000000001563,retrodiction,0,0.04413051080115985,1.0,1.0,100/50/50 Hz,1.0,700,gps,41,18,0.03129485514338372,0.010543297323142766,0.0384862405004531,before_outage,0.17757882825093452
0.09237047561530065,1.0,,50.0,original,nominal,40,1.0,,99.93333333333334,0.6,,10.0,0.02143813801420101,,49.53333333333333,0.03302855199087509,0.010000000000005116,retrodiction,0,0.0576791217975406,1.0,1.0,100/50/50 Hz,1.0,1500,gps,41,25,0.015153390557682767,0.010537996487612333,0.053547057153681125,outage_window,0.083545859050254
0.0671110521545695,1.0,,49.95,original,nominal,60,1.0,,99.8,0.6,,10.0,0.00977475818982628,,49.0,0.019565539822391217,0.010000000000005116,retrodiction,0,0.059458560197546945,1.0,1.0,100/50/50 Hz,1.0,2000,gps,41,40,0.010968080942417262,0.007703701073732603,0.058649590647298966,after_return,0.05344086513640666
0.637522905403216,1.0,,49.851063829787236,original,nominal,60,1.0,,98.40425531914893,0.6,,10.0,0.020767778175961035,,49.12765957446808,0.06284346646439368,0.010000000000005116,horizon,0,0.06805087349220709,1.0,1.0,100/50/50 Hz,1.0,4700,gps,41,13,0.021586202839218256,0.01789783090777742,0.06480448111578743,flight,0.5798041130520699
0.21479969849395544,1.0,,49.714285714285715,original,nominal,25,1.0,,100.0,0.6,,10.0,0.02413315917213248,,49.285714285714285,0.051634526323071556,0.010000000000001563,horizon,0,0.05206211221484949,1.0,1.0,100/50/50 Hz,1.0,700,gps,41,18,0.014267786696859117,0.01601150264907566,0.046130837372023704,before_outage,0.1384455426439272
0.08874482198366976,1.0,,49.93333333333333,original,nominal,40,1.0,,99.93333333333334,0.6,,10.0,0.009110969976270634,,49.46666666666667,0.015838889124777496,0.010000000000005116,horizon,0,0.06415369750882875,1.0,1.0,100/50/50 Hz,1.0,1500,gps,41,25,0.008121647086137652,0.008949750489849606,0.0635034418763723,outage_window,0.05951760948077258
0.031394945918122426,1.0,,49.9,original,nominal,60,1.0,,99.8,0.6,,10.0,0.011805389121214423,,48.9,0.025261299680206652,0.010000000000005116,horizon,0,0.0770924530893259,1.0,1.0,100/50/50 Hz,1.0,2000,gps,41,40,0.021586202839218256,0.007801280899677866,0.0761831944133785,after_return,0.02402846176723037
1.5117802495808041,1.0,,49.8936170212766,original,nominal,60,1.0,,98.61702127659575,0.6,,0.0,0.44931409192873256,,49.319148936170215,0.7162549051559798,0.010000000000005116,retrodiction,0,0.45233994042972114,1.0,1.0,100/50/50 Hz,1.0,4700,denied,41,13,0.438168206369253,0.058103991536220374,0.052232829735924524,flight,1.3972584073962857
0.8375853604510288,1.0,,49.714285714285715,original,nominal,25,1.0,,99.85714285714286,0.6,,0.0,0.4299805118190348,,49.714285714285715,0.5389531107144896,0.010000000000001563,retrodiction,0,0.43166028612549884,1.0,1.0,100/50/50 Hz,1.0,700,denied,41,18,0.46694721101654296,0.0410827603304733,0.03804421209314817,before_outage,0.7536529355316023
0.285783990372337,1.0,,50.0,original,nominal,40,1.0,,99.93333333333334,0.6,,0.0,0.43584828997337177,,49.6,0.4754301913301299,0.010000000000005116,retrodiction,0,0.43925994734806423,1.0,1.0,100/50/50 Hz,1.0,1500,denied,41,25,0.4226737525269929,0.024936841838162676,0.05464036485522225,outage_window,0.263373228443323
0.044726797349064304,1.0,,49.95,original,nominal,60,1.0,,99.8,0.6,,0.0,0.43015431498564016,,49.0,0.4414240312161118,0.010000000000005116,retrodiction,0,0.4341974419589627,1.0,1.0,100/50/50 Hz,1.0,2000,denied,41,40,0.438168206369253,0.013562730711197997,0.0591158515369738,after_return,0.028795954297491842
0.9835251103549857,1.0,,49.87234042553192,original,nominal,60,1.0,,98.38297872340425,0.6,,0.0,0.31463802687751824,,49.255319148936174,0.3802130960278208,0.010000000000005116,horizon,0,0.3224983770331526,1.0,1.0,100/50/50 Hz,1.0,4700,denied,41,13,0.32566615943638444,0.054764965127330326,0.07076803820680322,flight,0.7013555634441481
0.7278411158897549,1.0,,49.714285714285715,original,nominal,25,1.0,,100.0,0.6,,0.0,0.3437144348462827,,49.714285714285715,0.3802130960278208,0.010000000000001563,horizon,0,0.34794961751568704,1.0,1.0,100/50/50 Hz,1.0,700,denied,41,18,0.2758207233652356,0.04873471031954316,0.05412322613826151,before_outage,0.6424547246839093
0.48823261437295795,1.0,,49.93333333333333,original,nominal,40,1.0,,99.93333333333334,0.6,,0.0,0.3171692821366957,,49.53333333333333,0.3599752970423969,0.010000000000005116,horizon,0,0.32668677639561033,1.0,1.0,100/50/50 Hz,1.0,1500,denied,41,25,0.3132742614341334,0.06653320569639326,0.07828088106714584,outage_window,0.43830030402975195
0.12386593564646219,1.0,,49.95,original,nominal,60,1.0,,99.8,0.6,,0.0,0.31196936163063504,,49.0,0.3291449464388951,0.010000000000005116,horizon,0,0.32089091486574844,1.0,1.0,100/50/50 Hz,1.0,2000,denied,41,40,0.32566615943638444,0.016805525504570155,0.07514051268890211,after_return,0.10061850866020407
0.6458727655038774,1.0,,49.8936170212766,original,nominal,60,1.0,,98.87234042553192,0.6,,6.808510638297872,0.023448427634476226,,49.297872340425535,0.08943383828949704,0.010000000000005116,retrodiction,0,0.05701060425247578,1.0,1.0,100/50/50 Hz,1.0,4700,transition,41,13,0.01271789863222285,0.020212066753562415,0.051965182946884174,flight,0.4766508166488955
0.19765312876484836,1.0,,49.714285714285715,original,nominal,25,1.0,,100.0,0.6,,10.0,0.021594241725806672,,49.714285714285715,0.03263125499747157,0.010000000000001563,retrodiction,0,0.04413051080115985,1.0,1.0,100/50/50 Hz,1.0,700,transition,41,18,0.03129485514338372,0.010543297323142766,0.0384862405004531,before_outage,0.17757882825093452
0.2072128967885802,1.0,,50.0,original,nominal,40,1.0,,99.93333333333334,0.6,,0.06666666666666667,0.02006494682316456,,49.53333333333333,0.034590156168263275,0.010000000000005116,retrodiction,0,0.058306894178071916,1.0,1.0,100/50/50 Hz,1.0,1500,transition,41,25,0.01730194822061075,0.019523790098669065,0.054745701362540374,outage_window,0.19593654364136165
0.06860762730749874,1.0,,49.95,original,nominal,60,1.0,,99.8,0.6,,9.95,0.014958773462872115,,49.0,0.02819599696175612,0.010000000000005116,retrodiction,0,0.060390201440775615,1.0,1.0,100/50/50 Hz,1.0,2000,transition,41,40,0.01271789863222285,0.009726565486946663,0.058508217598418864,after_return,0.058994599143097154
0.6453655408672953,1.0,,49.87234042553192,original,nominal,60,1.0,,98.40425531914893,0.6,,6.808510638297872,0.02588348534608884,,49.170212765957444,0.06284346646439368,0.010000000000005116,horizon,0,0.07051187939746117,1.0,1.0,100/50/50 Hz,1.0,4700,transition,41,13,0.024722830519955136,0.02022606953119493,0.06558940709063404,flight,0.587486711896025
0.21479969849395544,1.0,,49.714285714285715,original,nominal,25,1.0,,100.0,0.6,,10.0,0.02413315917213248,,49.285714285714285,0.051634526323071556,0.010000000000001563,horizon,0,0.05206211221484949,1.0,1.0,100/50/50 Hz,1.0,700,transition,41,18,0.014267786696859117,0.01601150264907566,0.046130837372023704,before_outage,0.1384455426439272
0.18000983704899315,1.0,,50.0,original,nominal,40,1.0,,99.93333333333334,0.6,,0.13333333333333333,0.020845154396074424,,49.46666666666667,0.029974715196349172,0.010000000000005116,horizon,0,0.06974770210925287,1.0,1.0,100/50/50 Hz,1.0,1500,transition,41,25,0.022041971544460474,0.017241744098887353,0.06655990901229429,outage_window,0.159703635887982
0.07895315841847521,1.0,,49.9,original,nominal,60,1.0,,99.8,0.6,,9.9,0.020894295253284345,,49.0,0.03615117461307735,0.010000000000005116,horizon,0,0.07863091859464517,1.0,1.0,100/50/50 Hz,1.0,2000,transition,41,40,0.024722830519955136,0.010323023657907144,0.07580402222116116,after_return,0.0719693104813839
0.43686723715955056,1.0,,49.8936170212766,original,stress,60,1.0,,98.80851063829788,0.6,,10.0,0.02162610264365482,,49.297872340425535,0.0704459952053197,0.010000000000005116,retrodiction,0,0.05596550620443992,1.0,1.0,100/50/50 Hz,1.0,4700,gps,41,13,0.008541432312755745,0.013676746558863263,0.05161830653135871,flight,0.3799731546327991
0.3245231712890715,1.0,,49.714285714285715,original,stress,25,1.0,,100.0,0.6,,10.0,0.01763824355180276,,49.714285714285715,0.028310373045451594,0.010000000000001563,retrodiction,0,0.042632009353868704,1.0,1.0,100/50/50 Hz,1.0,700,gps,41,18,0.020073054021635534,0.015203728969557883,0.03881211906036099,before_outage,0.13690153837041555
0.11249606206770872,1.0,,50.0,original,stress,40,1.0,,99.93333333333334,0.6,,10.0,0.024388028313311952,,49.53333333333333,0.03978225291663923,0.010000000000005116,retrodiction,0,0.05870889242222279,1.0,1.0,100/50/50 Hz,1.0,1500,gps,41,25,0.01998641753678608,0.009771274416896495,0.0534037276267605,outage_window,0.05883854480207787
0.13792433430752077,1.0,,49.95,original,stress,60,1.0,,99.75,0.6,,10.0,0.014319980690278044,,49.0,0.024137488556129807,0.010000000000005116,retrodiction,0,0.06043810904310155,1.0,1.0,100/50/50 Hz,1.0,2000,gps,41,40,0.008541432312755745,0.010829707500304655,0.058717145517607525,after_return,0.11800476821710498
0.6520832195037338,1.0,,49.851063829787236,original,stress,60,1.0,,98.40425531914893,0.6,,10.0,0.021055703229413376,,49.12765957446808,0.06369748005461388,0.010000000000005116,horizon,0,0.06540780181086445,1.0,1.0,100/50/50 Hz,1.0,4700,gps,41,13,0.021596658040236777,0.018189425952559256,0.0619260680105252,flight,0.5932641407762365
0.22239992460460553,1.0,,49.714285714285715,original,stress,25,1.0,,100.0,0.6,,10.0,0.024673990494264907,,49.285714285714285,0.052673380067146995,0.010000000000001563,horizon,0,0.05010803494475028,1.0,1.0,100/50/50 Hz,1.0,700,gps,41,18,0.01438563634825658,0.01621827291737784,0.04361203227451387,before_outage,0.14482999952637085
0.09260492467656324,1.0,,49.93333333333333,original,stress,40,1.0,,99.93333333333334,0.6,,10.0,0.009086251685396106,,49.46666666666667,0.015676393906241023,0.010000000000005116,horizon,0,0.061239879917689144,1.0,1.0,100/50/50 Hz,1.0,1500,gps,41,25,0.008021266292538356,0.008992240729411013,0.06056205844126026,outage_window,0.06249843644257231
0.031414194961506145,1.0,,49.9,original,stress,60,1.0,,99.8,0.6,,10.0,0.011785922727570047,,48.9,0.025240801341165416,0.010000000000005116,horizon,0,0.07406582895294925,1.0,1.0,100/50/50 Hz,1.0,2000,gps,41,40,0.021596658040236777,0.007817440617100527,0.07312208314830262,after_return,0.023494812818169862
0.9852787815124386,1.0,,49.8936170212766,original,stress,60,1.0,,98.7872340425532,0.6,,0.0,0.3904654619329467,,49.40425531914894,0.5319619162619376,0.010000000000005116,retrodiction,0,0.3937803697813944,1.0,1.0,100/50/50 Hz,1.0,4700,denied,41,13,0.38895583373575915,0.03670278174663797,0.050987279420090216,flight,0.9064934472930904
0.6013006911067212,1.0,,49.714285714285715,original,stress,25,1.0,,100.0,0.6,,0.0,0.38215727813743905,,49.714285714285715,0.39987780375364285,0.010000000000001563,retrodiction,0,0.3841098484321129,1.0,1.0,100/50/50 Hz,1.0,700,denied,41,18,0.3774005206626085,0.026595709908773222,0.03868062084719912,before_outage,0.5292908667682824
0.3514794372909036,1.0,,50.0,original,stress,40,1.0,,99.86666666666666,0.6,,0.0,0.3849482807667021,,49.666666666666664,0.42691858751191425,0.010000000000005116,retrodiction,0,0.3885307897243385,1.0,1.0,100/50/50 Hz,1.0,1500,denied,41,25,0.3739264984727063,0.016775199358678862,0.052640247896247924,outage_window,0.3412140973795904
0.08935628932157219,1.0,,49.95,original,stress,60,1.0,,99.75,0.6,,0.0,0.3862274976274094,,49.15,0.3963444293553842,0.010000000000005116,retrodiction,0,0.3905068273919872,1.0,1.0,100/50/50 Hz,1.0,2000,denied,41,40,0.38895583373575915,0.022876211040880192,0.05765329406221984,after_return,0.08579200278852567
0.9841947221353056,1.0,,49.87234042553192,original,stress,60,1.0,,98.38297872340425,0.6,,0.0,0.34609755723109376,,49.276595744680854,0.4998257408664885,0.010000000000005116,horizon,0,0.3526362433566868,1.0,1.0,100/50/50 Hz,1.0,4700,denied,41,13,0.3314830048484635,0.054536179275504186,0.06759290648719163,flight,0.7080819305652812
0.7307765951445262,1.0,,49.714285714285715,original,stress,25,1.0,,100.0,0.6,,0.0,0.35740996093455213,,49.714285714285715,0.38649668714000557,0.010000000000001563,horizon,0,0.36104837401314804,1.0,1.0,100/50/50 Hz,1.0,700,denied,41,18,0.3327406320998485,0.04871617615392676,0.05112776351748573,before_outage,0.6468619841567396
0.48886837618241785,1.0,,49.93333333333333,original,stress,40,1.0,,99.93333333333334,0.6,,0.0,0.33639927030415523,,49.53333333333333,0.3814479716074028,0.010000000000005116,horizon,0,0.3446324190433339,1.0,1.0,100/50/50 Hz,1.0,1500,denied,41,25,0.33183899409410583,0.06596700126099947,0.07488013885198136,outage_window,0.4394627400371681
0.1216465553721582,1.0,,49.95,original,stress,60,1.0,,99.8,0.6,,0.0,0.33619668009410275,,49.05,0.35173856890584254,0.010000000000005116,horizon,0,0.3438235717969836,1.0,1.0,100/50/50 Hz,1.0,2000,denied,41,40,0.3314830048484635,0.01684744546839059,0.07201694812291796,after_return,0.09811239814297779
0.43431067654683947,1.0,,49.8936170212766,original,stress,60,1.0,,98.80851063829788,0.6,,6.808510638297872,0.01810692947183955,,49.319148936170215,0.0704459952053197,0.010000000000005116,retrodiction,0,0.05457787482664118,1.0,1.0,100/50/50 Hz,1.0,4700,transition,41,13,0.008124984656162427,0.01361136008275706,0.051486731549927896,flight,0.3803497571418235
0.3245231712890715,1.0,,49.714285714285715,original,stress,25,1.0,,100.0,0.6,,10.0,0.01763824355180276,,49.714285714285715,0.028310373045451594,0.010000000000001563,retrodiction,0,0.042632009353868704,1.0,1.0,100/50/50 Hz,1.0,700,transition,41,18,0.020073054021635534,0.015203728969557883,0.03881211906036099,before_outage,0.13690153837041555
0.15494873867180203,1.0,,50.0,original,stress,40,1.0,,99.93333333333334,0.6,,0.06666666666666667,0.013066253100066436,,49.53333333333333,0.022227567911247463,0.010000000000005116,retrodiction,0,0.054864019480586335,1.0,1.0,100/50/50 Hz,1.0,1500,transition,41,25,0.015577311634675196,0.010218576809552278,0.053285398220255055,outage_window,0.135523656165852
0.0726212523078137,1.0,,49.95,original,stress,60,1.0,,99.75,0.6,,9.95,0.013946473555380269,,49.05,0.02635573997978082,0.010000000000005116,retrodiction,0,0.060164735899998656,1.0,1.0,100/50/50 Hz,1.0,2000,transition,41,40,0.008124984656162427,0.01031423247110556,0.05852598842638769,after_return,0.05847655868417121
0.6601944252495939,1.0,,49.87234042553192,original,stress,60,1.0,,98.40425531914893,0.6,,6.808510638297872,0.02619408929835922,,49.170212765957444,0.06369748005461388,0.010000000000005116,horizon,0,0.06793414936597994,1.0,1.0,100/50/50 Hz,1.0,4700,transition,41,13,0.024750669248651665,0.020514267835581,0.06268108435492206,flight,0.6012022194247987
0.22239992460460553,1.0,,49.714285714285715,original,stress,25,1.0,,100.0,0.6,,10.0,0.024673990494264907,,49.285714285714285,0.052673380067146995,0.010000000000001563,horizon,0,0.05010803494475028,1.0,1.0,100/50/50 Hz,1.0,700,transition,41,18,0.01438563634825658,0.01621827291737784,0.04361203227451387,before_outage,0.14482999952637085
0.1853224776429104,1.0,,50.0,original,stress,40,1.0,,99.93333333333334,0.6,,0.13333333333333333,0.02107381745779943,,49.46666666666667,0.030385954873065796,0.010000000000005116,horizon,0,0.06691563913725382,1.0,1.0,100/50/50 Hz,1.0,1500,transition,41,25,0.022367706884527026,0.017339411766061512,0.06351060524749015,outage_window,0.1642180000664698
0.08169487129518889,1.0,,49.9,original,stress,60,1.0,,99.8,0.6,,9.9,0.02093560729916768,,49.0,0.03623761105403166,0.010000000000005116,horizon,0,0.07570899669721742,1.0,1.0,100/50/50 Hz,1.0,2000,transition,41,40,0.024750669248651665,0.010378785965743894,0.07275680399738788,after_return,0.07441799565700352
0.6120476402082831,1.0,,24.893617021276597,original,zero,60,1.0,,24.74468085106383,0.6,,10.0,0.03875705149658926,,24.70212765957447,0.07599370023145238,0.010000000000005116,retrodiction,0,0.06689045367892404,1.0,1.0,25/25/25 Hz,1.0,4700,gps,7,13,0.027004989804542325,0.015142360452369531,0.05451810481540066,flight,0.4931777289108631
0.15759857730538301,1.0,,24.714285714285715,original,zero,25,1.0,,25.0,0.6,,10.0,0.033506700356018174,,24.428571428571427,0.051669733189278394,0.010000000000001563,retrodiction,0,0.05622756940473354,1.0,1.0,25/25/25 Hz,1.0,700,gps,7,18,0.026488034352617987,0.010066011646097378,0.04515352248071173,before_outage,0.06986638155821374
0.1016362198445259,1.0,,24.933333333333334,original,zero,40,1.0,,25.0,0.6,,10.0,0.015439416585587406,,24.866666666666667,0.02687106750325843,0.010000000000005116,retrodiction,0,0.05608851098420591,1.0,1.0,25/25/25 Hz,1.0,1500,gps,7,25,0.004510251678508947,0.01006479023462448,0.05392166058201542,outage_window,0.055528727267836024
0.07672455081254388,1.0,,25.0,original,zero,60,1.0,,24.95,0.6,,10.0,0.04572143343253693,,24.65,0.07599370023145238,0.010000000000005116,retrodiction,0,0.07667959586206391,1.0,1.0,25/25/25 Hz,1.0,2000,gps,7,40,0.027004989804542325,0.011855181747663795,0.06155737930129533,after_return,0.0710355610400415
0.5621733785968097,1.0,,24.893617021276597,original,zero,60,1.0,,24.638297872340427,0.6,,10.0,0.03780256818536815,,24.680851063829788,0.07796700537059971,0.010000000000005116,horizon,0,0.06466286505841629,1.0,1.0,25/25/25 Hz,1.0,4700,gps,7,13,0.024148479871402673,0.01767718807486999,0.05246190957402852,flight,0.4442171116744999
0.19150516305517631,1.0,,24.714285714285715,original,zero,25,1.0,,25.0,0.6,,10.0,0.029456791733740877,,24.428571428571427,0.04300425907045654,0.010000000000001563,horizon,0,0.04826727479732112,1.0,1.0,25/25/25 Hz,1.0,700,gps,7,18,0.02592472991446233,0.010866288305921028,0.03823646475702384,before_outage,0.13540544321344603
0.0848525072519017,1.0,,24.933333333333334,original,zero,40,1.0,,25.0,0.6,,10.0,0.01663751628839287,,24.866666666666667,0.02993196717637689,0.010000000000005116,horizon,0,0.05208801950246468,1.0,1.0,25/25/25 Hz,1.0,1500,gps,7,25,0.006318151038159761,0.011115638130387821,0.04935944516951748,outage_window,0.03423491329033044
0.06777892322403345,1.0,,25.0,original,zero,60,1.0,,24.95,0.6,,10.0,0.04639262386737765,,24.65,0.07796700537059971,0.010000000000005116,horizon,0,0.07773271997727108,1.0,1.0,25/25/25 Hz,1.0,2000,gps,7,40,0.024148479871402673,0.0119699881871686,0.06237066783164069,after_return,0.06360784686821043
1.552261114086201,1.0,,24.914893617021278,original,zero,60,1.0,,24.78723404255319,0.6,,0.0,0.10653257382360083,,24.70212765957447,0.2543513351274206,0.010000000000005116,retrodiction,0,0.1216297592461603,1.0,1.0,25/25/25 Hz,1.0,4700,denied,7,13,0.12738251175722412,0.062053582404488536,0.0586907918569681,flight,1.268806689386244
1.1711226881165477,1.0,,24.857142857142858,original,zero,25,1.0,,25.0,0.6,,0.0,0.12643351442838013,,24.428571428571427,0.1503033597838948,0.010000000000001563,retrodiction,0,0.13704077743955861,1.0,1.0,25/25/25 Hz,1.0,700,denied,7,18,0.11323800105470476,0.0471376800702665,0.05286531103216199,before_outage,1.0205130998951608
0.6292591855118819,1.0,,24.933333333333334,original,zero,40,1.0,,25.0,0.6,,0.0,0.0724605406993193,,24.866666666666667,0.12444882066374985,0.010000000000005116,retrodiction,0,0.09349177596424853,1.0,1.0,25/25/25 Hz,1.0,1500,denied,7,25,0.025408993350659086,0.053266822644505094,0.059077764129251954,outage_window,0.5389238310627145
0.1859719304094982,1.0,,25.0,original,zero,60,1.0,,24.95,0.6,,0.0,0.10147990102682007,,24.65,0.14185225012962868,0.010000000000005116,retrodiction,0,0.11953166069463163,1.0,1.0,25/25/25 Hz,1.0,2000,denied,7,40,0.12738251175722412,0.019777362980742504,0.06316365724056318,after_return,0.14123171614338503
1.2652378810416853,1.0,,24.914893617021278,original,zero,60,1.0,,24.680851063829788,0.6,,0.0,0.18349087309000384,,24.70212765957447,0.3653064731628351,0.010000000000005116,horizon,0,0.1927433665816488,1.0,1.0,25/25/25 Hz,1.0,4700,denied,7,13,0.0550596017589921,0.057639357785051686,0.05900088858564732,flight,0.9170580787894604
0.9026890943456816,1.0,,24.857142857142858,original,zero,25,1.0,,25.0,0.6,,0.0,0.27647015931979474,,24.428571428571427,0.3271301124959509,0.010000000000001563,horizon,0,0.28076100674028476,1.0,1.0,25/25/25 Hz,1.0,700,denied,7,18,0.22144914873674906,0.0390913174368581,0.04889779045627245,before_outage,0.7351626739081768
0.4673847665791213,1.0,,24.933333333333334,original,zero,40,1.0,,25.0,0.6,,0.0,0.19743679322539845,,24.866666666666667,0.2690723372890841,0.010000000000005116,horizon,0,0.20644389504876304,1.0,1.0,25/25/25 Hz,1.0,1500,denied,7,25,0.14717778521590807,0.05314982580296341,0.060314131708712755,outage_window,0.37333686993492476
0.13756828244918545,1.0,,25.0,original,zero,60,1.0,,24.95,0.6,,0.0,0.08890096960301914,,24.7,0.15209201069308537,0.010000000000005116,horizon,0,0.10851762399939992,1.0,1.0,25/25/25 Hz,1.0,2000,denied,7,40,0.0550596017589921,0.01786771672070353,0.06223095951468371,after_return,0.09644149554196142
0.6176676191546072,1.0,,24.893617021276597,original,zero,60,1.0,,24.74468085106383,0.6,,6.808510638297872,0.045899010241945135,,24.70212765957447,0.082468819845097,0.010000000000005116,retrodiction,0,0.07160431206987165,1.0,1.0,25/25/25 Hz,1.0,4700,transition,7,13,0.027371990384217178,0.018197531278708243,0.0549586969078542,flight,0.49865581138361886
0.15759857730538301,1.0,,24.714285714285715,original,zero,25,1.0,,25.0,0.6,,10.0,0.033506700356018174,,24.428571428571427,0.051669733189278394,0.010000000000001563,retrodiction,0,0.05622756940473354,1.0,1.0,25/25/25 Hz,1.0,700,transition,7,18,0.026488034352617987,0.010066011646097378,0.04515352248071173,before_outage,0.06986638155821374
0.14332879472246657,1.0,,24.933333333333334,original,zero,40,1.0,,25.0,0.6,,0.0,0.04172859800533834,,24.866666666666667,0.057694090929859526,0.010000000000005116,retrodiction,0,0.06954605405713557,1.0,1.0,25/25/25 Hz,1.0,1500,transition,7,25,0.05407659516506977,0.019576079820291387,0.05563611905432383,outage_window,0.09860448186793563
0.12028104018089272,1.0,,25.0,original,zero,60,1.0,,24.95,0.6,,10.0,0.048827328219094565,,24.65,0.082468819845097,0.010000000000005116,retrodiction,0,0.07839576564282083,1.0,1.0,25/25/25 Hz,1.0,2000,transition,7,40,0.027371990384217178,0.012979674957881592,0.061333417397931606,after_return,0.11329104402126929
0.5658651722835215,1.0,,24.893617021276597,original,zero,60,1.0,,24.638297872340427,0.6,,6.808510638297872,0.044969756142236215,,24.680851063829788,0.08488991148375634,0.010000000000005116,horizon,0,0.0692870506989633,1.0,1.0,25/25/25 Hz,1.0,4700,transition,7,13,0.02515574835904548,0.020120690673468694,0.05271068608041941,flight,0.4476887022004442
0.19150516305517631,1.0,,24.714285714285715,original,zero,25,1.0,,25.0,0.6,,10.0,0.029456791733740877,,24.428571428571427,0.04300425907045654,0.010000000000001563,horizon,0,0.04826727479732112,1.0,1.0,25/25/25 Hz,1.0,700,transition,7,18,0.02592472991446233,0.010866288305921028,0.03823646475702384,before_outage,0.13540544321344603
0.10911443212922702,1.0,,24.933333333333334,original,zero,40,1.0,,25.0,0.6,,0.13333333333333333,0.04055494847476211,,24.866666666666667,0.0621821567413093,0.010000000000005116,horizon,0,0.06521916474941968,1.0,1.0,25/25/25 Hz,1.0,1500,transition,7,25,0.04792908953112266,0.019577607023796427,0.051076761886608826,outage_window,0.0564272581405787
0.10416820585303406,1.0,,25.0,original,zero,60,1.0,,24.95,0.6,,9.9,0.05020436405768393,,24.65,0.08488991148375634,0.010000000000005116,horizon,0,0.07964109680194933,1.0,1.0,25/25/25 Hz,1.0,2000,transition,7,40,0.02515574835904548,0.012865877662167116,0.0618241549022791,after_return,0.09906226941143809
0.33810585869451915,1.0,,24.914893617021278,original,nominal,60,1.0,,24.78723404255319,0.6,,10.0,0.03302587857247433,,24.70212765957447,0.07738369973325909,0.010000000000005116,retrodiction,0,0.06334852245461031,1.0,1.0,25/25/25 Hz,1.0,4700,gps,7,13,0.032325246247711804,0.013016122946502022,0.054058548275905886,flight,0.30059917324695684
0.12752119071679632,1.0,,24.857142857142858,original,nominal,25,1.0,,25.0,0.6,,10.0,0.015283471676750949,,24.571428571428573,0.023250443048314282,0.010000000000001563,retrodiction,0,0.047734675894277205,1.0,1.0,25/25/25 Hz,1.0,700,gps,7,18,0.0208729910706117,0.010842034315475724,0.045221839593692345,before_outage,0.12013363505286588
0.053682292505039225,1.0,,24.933333333333334,original,nominal,40,1.0,,25.0,0.6,,10.0,0.012446554775845612,,24.866666666666667,0.02467931714776114,0.010000000000005116,retrodiction,0,0.05501695341692296,1.0,1.0,25/25/25 Hz,1.0,1500,gps,7,25,0.008672322299569223,0.00900873104192353,0.053590562951808474,outage_window,0.03258112457850616
0.05063391170321548,1.0,,25.0,original,nominal,60,1.0,,25.0,0.6,,10.0,0.04620973625047872,,24.7,0.07738369973325909,0.010000000000005116,retrodiction,0,0.07649309912153106,1.0,1.0,25/25/25 Hz,1.0,2000,gps,7,40,0.032325246247711804,0.011810184972838426,0.060957809088561965,after_return,0.04815438642694139
0.5634412141042073,1.0,,24.893617021276597,original,nominal,60,1.0,,24.638297872340427,0.6,,10.0,0.037828712599199024,,24.680851063829788,0.0779635707566856,0.010000000000005116,horizon,0,0.06557769636119616,1.0,1.0,25/25/25 Hz,1.0,4700,gps,7,13,0.024148995583805812,0.017685549390059445,0.05356699322463826,flight,0.44557919570520194
0.19070000160826953,1.0,,24.714285714285715,original,nominal,25,1.0,,25.0,0.6,,10.0,0.029520909743316653,,24.428571428571427,0.04318335209102462,0.010000000000001563,horizon,0,0.04921499607693965,1.0,1.0,25/25/25 Hz,1.0,700,gps,7,18,0.025932483114728778,0.0108445711001951,0.03937806149088775,before_outage,0.13429362816000381
0.08492037512877205,1.0,,24.933333333333334,original,nominal,40,1.0,,25.0,0.6,,10.0,0.0166445839195799,,24.866666666666667,0.029932024985630246,0.010000000000005116,horizon,0,0.053085725219690724,1.0,1.0,25/25/25 Hz,1.0,1500,gps,7,25,0.006291647349745746,0.011109528865087454,0.05040884890814875,outage_window,0.03441126745381191
0.06802238316356009,1.0,,25.0,original,nominal,60,1.0,,24.95,0.6,,10.0,0.046393484601441215,,24.65,0.0779635707566856,0.010000000000005116,horizon,0,0.07867709819126907,1.0,1.0,25/25/25 Hz,1.0,2000,gps,7,40,0.024148995583805812,0.011973317805529909,0.06354313783827828,after_return,0.06384672335395802
0.7084945654810794,1.0,,24.914893617021278,original,nominal,60,1.0,,24.70212765957447,0.6,,0.0,0.18078342193059757,,24.680851063829788,0.4066200276142152,0.010000000000005116,retrodiction,0,0.18914494028795906,1.0,1.0,25/25/25 Hz,1.0,4700,denied,7,13,0.12477484614886683,0.031021339538152826,0.05561620979174272,flight,0.6419938739801991
0.3514567137064711,1.0,,24.857142857142858,original,nominal,25,1.0,,25.0,0.6,,0.0,0.2127876240446997,,24.428571428571427,0.4065214302250617,0.010000000000001563,retrodiction,0,0.21830946416157862,1.0,1.0,25/25/25 Hz,1.0,700,denied,7,18,0.22832609826682415,0.018262545310302202,0.048789847262797656,before_outage,0.3206107980987901
0.10745216939019957,1.0,,24.933333333333334,original,nominal,40,1.0,,25.0,0.6,,0.0,0.19476897378686653,,24.8,0.2333244515205907,0.010000000000005116,retrodiction,0,0.20205733097257475,1.0,1.0,25/25/25 Hz,1.0,1500,denied,7,25,0.1709756812135252,0.01680004339017223,0.053779288297368805,outage_window,0.10153622453685178
0.0959138903839388,1.0,,25.0,original,nominal,60,1.0,,25.0,0.6,,0.0,0.14831129806925636,,24.7,0.1809285230916909,0.010000000000005116,retrodiction,0,0.16095106342169815,1.0,1.0,25/25/25 Hz,1.0,2000,denied,7,40,0.12477484614886683,0.021266069207697615,0.06252202557169512,after_return,0.09235580929130037
1.2672444217987666,1.0,,24.914893617021278,original,nominal,60,1.0,,24.680851063829788,0.6,,0.0,0.20441046167226237,,24.70212765957447,0.37221722251869016,0.010000000000005116,horizon,0,0.21310927766364962,1.0,1.0,25/25/25 Hz,1.0,4700,denied,7,13,0.0885248712890513,0.057710338159146383,0.06026547423902897,flight,0.9178371179286252
0.9053628495770776,1.0,,24.857142857142858,original,nominal,25,1.0,,25.0,0.6,,0.0,0.2969455335405842,,24.428571428571427,0.3504190433288878,0.010000000000001563,horizon,0,0.3011485169341756,1.0,1.0,25/25/25 Hz,1.0,700,denied,7,18,0.23900197626731384,0.03901892778822221,0.05013760427016066,before_outage,0.7367829070409957
0.46991110710803763,1.0,,24.933333333333334,original,nominal,40,1.0,,25.0,0.6,,0.0,0.22057141652890994,,24.866666666666667,0.2911669029619826,0.010000000000005116,horizon,0,0.22901038348890543,1.0,1.0,25/25/25 Hz,1.0,1500,denied,7,25,0.17588024540979885,0.053297670586021535,0.06159550272678718,outage_window,0.37538433797335224
0.13828870674256138,1.0,,25.0,original,nominal,60,1.0,,24.95,0.6,,0.0,0.11749768317988805,,24.7,0.1801511309901657,0.010000000000005116,horizon,0,0.13355086029240212,1.0,1.0,25/25/25 Hz,1.0,2000,denied,7,40,0.0885248712890513,0.01786629916369308,0.06348327915443062,after_return,0.09692246716256413
0.3450875639439161,1.0,,24.914893617021278,original,nominal,60,1.0,,24.78723404255319,0.6,,6.808510638297872,0.03780872654804545,,24.70212765957447,0.08228821423336873,0.010000000000005116,retrodiction,0,0.06601415214767956,1.0,1.0,25/25/25 Hz,1.0,4700,transition,7,13,0.0321867191328197,0.014940365904307348,0.054114401785403735,flight,0.308209206076225
0.12752119071679632,1.0,,24.857142857142858,original,nominal,25,1.0,,25.0,0.6,,10.0,0.015283471676750949,,24.571428571428573,0.023250443048314282,0.010000000000001563,retrodiction,0,0.047734675894277205,1.0,1.0,25/25/25 Hz,1.0,700,transition,7,18,0.0208729910706117,0.010842034315475724,0.045221839593692345,before_outage,0.12013363505286588
0.0910568395163567,1.0,,24.933333333333334,original,nominal,40,1.0,,25.0,0.6,,0.06666666666666667,0.030381102436900544,,24.866666666666667,0.046626353100571054,0.010000000000005116,retrodiction,0,0.062188540209021925,1.0,1.0,25/25/25 Hz,1.0,1500,transition,7,25,0.04318398009057063,0.014872188875314057,0.05426235479637512,outage_window,0.07684868872091549
0.09856867094050802,1.0,,25.0,original,nominal,60,1.0,,25.0,0.6,,9.95,0.048532751074056205,,24.7,0.08228821423336873,0.010000000000005116,retrodiction,0,0.07766041272216502,1.0,1.0,25/25/25 Hz,1.0,2000,transition,7,40,0.0321867191328197,0.012683860782332686,0.06062764862140629,after_return,0.09784361549489122
0.5671759699979608,1.0,,24.893617021276597,original,nominal,60,1.0,,24.638297872340427,0.6,,6.808510638297872,0.04500139745693816,,24.680851063829788,0.08489544698256817,0.010000000000005116,horizon,0,0.07016830203146546,1.0,1.0,25/25/25 Hz,1.0,4700,transition,7,13,0.025160266413460957,0.02013350527438051,0.053837392552961175,flight,0.44909966692173664
0.19070000160826953,1.0,,24.714285714285715,original,nominal,25,1.0,,25.0,0.6,,10.0,0.029520909743316653,,24.428571428571427,0.04318335209102462,0.010000000000001563,horizon,0,0.04921499607693965,1.0,1.0,25/25/25 Hz,1.0,700,transition,7,18,0.025932483114728778,0.0108445711001951,0.03937806149088775,before_outage,0.13429362816000381
0.10963660732924758,1.0,,24.933333333333334,original,nominal,40,1.0,,25.0,0.6,,0.13333333333333333,0.040581192779691175,,24.866666666666667,0.06216265957945274,0.010000000000005116,horizon,0,0.06611890546480459,1.0,1.0,25/25/25 Hz,1.0,1500,transition,7,25,0.04797523727713375,0.01958705186732804,0.05220034916014746,outage_window,0.05736315632369151
0.10461151488356107,1.0,,25.0,original,nominal,60,1.0,,24.95,0.6,,9.9,0.050211360141664114,,24.65,0.08489544698256817,0.010000000000005116,horizon,0,0.08055613957874216,1.0,1.0,25/25/25 Hz,1.0,2000,transition,7,40,0.025160266413460957,0.012874340730217109,0.06299294354571704,after_return,0.09949060801663795
0.31845008998569746,1.0,,24.914893617021278,original,stress,60,1.0,,24.76595744680851,0.6,,10.0,0.0352473892158364,,24.659574468085108,0.080029975113607,0.010000000000005116,retrodiction,0,0.0645929928000503,1.0,1.0,25/25/25 Hz,1.0,4700,gps,7,13,0.035007075265106546,0.015959291745151406,0.05412833151257012,flight,0.27467433011898595
0.1934651727899296,1.0,,24.857142857142858,original,stress,25,1.0,,25.142857142857142,0.6,,10.0,0.024490011411024956,,24.428571428571427,0.038723216381401686,0.010000000000001563,retrodiction,0,0.051769177962413225,1.0,1.0,25/25/25 Hz,1.0,700,gps,7,18,0.038723216381401686,0.014953225927022371,0.045610164744187,before_outage,0.17763623281252028
0.08977281160943276,1.0,,24.933333333333334,original,stress,40,1.0,,24.933333333333334,0.6,,10.0,0.014026427675116493,,24.866666666666667,0.03887054179695697,0.010000000000005116,retrodiction,0,0.05529799983160272,1.0,1.0,25/25/25 Hz,1.0,1500,gps,7,25,0.013264478100584636,0.011599198881913424,0.053489514038273525,outage_window,0.06984139217598713
0.047153615359040515,1.0,,25.0,original,stress,60,1.0,,25.0,0.6,,10.0,0.045855162489761875,,24.7,0.080029975113607,0.010000000000005116,retrodiction,0,0.07620523356602647,1.0,1.0,25/25/25 Hz,1.0,2000,gps,7,40,0.035007075265106546,0.01286503558657532,0.06086494636398018,after_return,0.037416594892688046
0.5630003703328285,1.0,,24.893617021276597,original,stress,60,1.0,,24.638297872340427,0.6,,10.0,0.037811499501921635,,24.680851063829788,0.07796248439252662,0.010000000000005116,horizon,0,0.06840336916053325,1.0,1.0,25/25/25 Hz,1.0,4700,gps,7,13,0.02414747511513987,0.017679115538966915,0.057002731670757416,flight,0.4451560443818707
0.19083020159231678,1.0,,24.714285714285715,original,stress,25,1.0,,25.0,0.6,,10.0,0.029470703695804176,,24.428571428571427,0.043110556932066536,0.010000000000001563,horizon,0,0.05207965641402751,1.0,1.0,25/25/25 Hz,1.0,700,gps,7,18,0.02589939972259547,0.010848522946153486,0.04293912243953375,before_outage,0.1343855604879411
0.0849977243907168,1.0,,24.933333333333334,original,stress,40,1.0,,25.0,0.6,,10.0,0.01663626529594097,,24.866666666666667,0.029926282327339723,0.010000000000005116,horizon,0,0.05620749886277812,1.0,1.0,25/25/25 Hz,1.0,1500,gps,7,25,0.0062922738145464495,0.01111428534038188,0.05368908273953163,outage_window,0.03439145549021394
0.06797358352129969,1.0,,25.0,original,stress,60,1.0,,24.95,0.6,,10.0,0.04639255029868783,,24.65,0.07796248439252662,0.010000000000005116,horizon,0,0.08162073440958673,1.0,1.0,25/25/25 Hz,1.0,2000,gps,7,40,0.02414747511513987,0.011971439583678958,0.06715411798500533,after_return,0.06379232361225758
0.4258764711066751,1.0,,24.914893617021278,original,stress,60,1.0,,24.617021276595743,0.6,,0.0,0.12027136937240988,,24.680851063829788,0.20617086298968088,0.010000000000005116,retrodiction,0,0.13159206756910471,1.0,1.0,25/25/25 Hz,1.0,4700,denied,7,13,0.09351254142699805,0.02733191171589609,0.05339728416686721,flight,0.3870966648674215
0.3119387180952156,1.0,,24.857142857142858,original,stress,25,1.0,,25.142857142857142,0.6,,0.0,0.11552945645253866,,24.428571428571427,0.14663062696360554,0.010000000000001563,retrodiction,0,0.12456752279620695,1.0,1.0,25/25/25 Hz,1.0,700,denied,7,18,0.13993852860282516,0.018354674871566792,0.04658339218395882,before_outage,0.27448735338306707
0.18297773085270047,1.0,,24.933333333333334,original,stress,40,1.0,,24.933333333333334,0.6,,0.0,0.12847988696205032,,24.866666666666667,0.147223002613053,0.010000000000005116,retrodiction,0,0.13831530061103742,1.0,1.0,25/25/25 Hz,1.0,1500,denied,7,25,0.13618907613526263,0.024941086937286288,0.05122539437954982,outage_window,0.16503486173038018
0.08815668614862456,1.0,,25.0,original,stress,60,1.0,,24.95,0.6,,0.0,0.10791960867231729,,24.7,0.14093808771826166,0.010000000000005116,retrodiction,0,0.12367307878251636,1.0,1.0,25/25/25 Hz,1.0,2000,denied,7,40,0.09351254142699805,0.026260972033563187,0.060401891357476534,after_return,0.08459324153345482
1.266546450779729,1.0,,24.914893617021278,original,stress,60,1.0,,24.680851063829788,0.6,,0.0,0.17155343462682124,,24.70212765957447,0.3466591079460062,0.010000000000005116,horizon,0,0.18314758079459037,1.0,1.0,25/25/25 Hz,1.0,4700,denied,7,13,0.049151513514979,0.05769814192986428,0.06412842909858298,flight,0.918212311140156
0.9043110880737801,1.0,,24.857142857142858,original,stress,25,1.0,,25.0,0.6,,0.0,0.2613318500141069,,24.428571428571427,0.31202677032786,0.010000000000001563,horizon,0,0.26690513113865416,1.0,1.0,25/25/25 Hz,1.0,700,denied,7,18,0.20553928981214442,0.03909713660786481,0.05425876147081235,before_outage,0.7363472474154192
0.4687116658265925,1.0,,24.933333333333334,original,stress,40,1.0,,25.0,0.6,,0.0,0.18417842884593721,,24.866666666666667,0.2547818903142753,0.010000000000005116,horizon,0,0.19544940565610872,1.0,1.0,25/25/25 Hz,1.0,1500,denied,7,25,0.13613027730637509,0.053250519822415715,0.06541235754173809,outage_window,0.3744298038540489
0.13791303362130622,1.0,,25.0,original,stress,60,1.0,,24.95,0.6,,0.0,0.08028866699964801,,24.7,0.14064991710696856,0.010000000000005116,horizon,0,0.10476501886313146,1.0,1.0,25/25/25 Hz,1.0,2000,denied,7,40,0.049151513514979,0.017870146612076757,0.06730110793153349,after_return,0.09668728404017232
0.31962431255272244,1.0,,24.914893617021278,original,stress,60,1.0,,24.76595744680851,0.6,,6.808510638297872,0.03879681865211186,,24.659574468085108,0.08269041821279453,0.010000000000005116,retrodiction,0,0.06656388954296938,1.0,1.0,25/25/25 Hz,1.0,4700,transition,7,13,0.03328917612238849,0.017360934283950438,0.054088429941751635,flight,0.2761432286692301
0.1934651727899296,1.0,,24.857142857142858,original,stress,25,1.0,,25.142857142857142,0.6,,10.0,0.024490011411024956,,24.428571428571427,0.038723216381401686,0.010000000000001563,retrodiction,0,0.051769177962413225,1.0,1.0,25/25/25 Hz,1.0,700,transition,7,18,0.038723216381401686,0.014953225927022371,0.045610164744187,before_outage,0.17763623281252028
0.08275138180253364,1.0,,24.933333333333334,original,stress,40,1.0,,24.933333333333334,0.6,,0.06666666666666667,0.03073457567994066,,24.866666666666667,0.043490279380399496,0.010000000000005116,retrodiction,0,0.062108687646459965,1.0,1.0,25/25/25 Hz,1.0,1500,transition,7,25,0.039528109647115055,0.016632427932401175,0.05397105649271217,outage_window,0.05638097492166922
0.06994787723564348,1.0,,25.0,original,stress,60,1.0,,25.0,0.6,,9.95,0.04646940228923303,,24.7,0.08269041821279453,0.010000000000005116,retrodiction,0,0.07625607897558367,1.0,1.0,25/25/25 Hz,1.0,2000,transition,7,40,0.03328917612238849,0.012988037421290717,0.06046142763458269,after_return,0.06764339868889493
0.5667327924550812,1.0,,24.893617021276597,original,stress,60,1.0,,24.638297872340427,0.6,,6.808510638297872,0.04498328276684361,,24.680851063829788,0.08489498147906141,0.010000000000005116,horizon,0,0.07287753564305074,1.0,1.0,25/25/25 Hz,1.0,4700,transition,7,13,0.02515986302794225,0.020127910941465675,0.05733794095467958,flight,0.44867183292434915
0.19083020159231678,1.0,,24.714285714285715,original,stress,25,1.0,,25.0,0.6,,10.0,0.029470703695804176,,24.428571428571427,0.043110556932066536,0.010000000000001563,horizon,0,0.05207965641402751,1.0,1.0,25/25/25 Hz,1.0,700,transition,7,18,0.02589939972259547,0.010848522946153486,0.04293912243953375,before_outage,0.1343855604879411
0.10965802514780527,1.0,,24.933333333333334,original,stress,40,1.0,,25.0,0.6,,0.13333333333333333,0.04056399078557937,,24.866666666666667,0.062156761150289445,0.010000000000005116,horizon,0,0.06890569051644761,1.0,1.0,25/25/25 Hz,1.0,1500,transition,7,25,0.04795945544033284,0.019589764284950555,0.05570059997069951,outage_window,0.05724204975001051
0.1045433523767307,1.0,,25.0,original,stress,60,1.0,,24.95,0.6,,9.9,0.050211177578153104,,24.65,0.08489498147906141,0.010000000000005116,horizon,0,0.0834019149756282,1.0,1.0,25/25/25 Hz,1.0,2000,transition,7,40,0.02515986302794225,0.01287278725823467,0.06659367137962202,after_return,0.09941804951150014
0.23339336173080433,1.0,,25.0,original,zero,60,1.0,,24.5531914893617,0.6,,10.0,0.04628028859246792,,24.74468085106383,0.11809359128068285,0.010000000000005116,retrodiction,0,0.07591854954742398,1.0,1.0,25/25/25 Hz,1.0,4700,gps,19,13,0.018713033176230985,0.013890398832021297,0.06018106889365255,flight,0.21055217478006166
0.09920543605901182,1.0,,25.0,original,zero,25,1.0,,25.0,0.6,,10.0,0.059656717681457964,,24.714285714285715,0.09683913044435306,0.010000000000001563,retrodiction,0,0.07387946083688726,1.0,1.0,25/25/25 Hz,1.0,700,gps,19,18,0.030089406590162106,0.0089903827798273,0.04358039431928054,before_outage,0.06422440773128248
0.11413114016465166,1.0,,25.0,original,zero,40,1.0,,24.933333333333334,0.6,,10.0,0.018316173355736636,,24.733333333333334,0.03409379241916284,0.010000000000005116,retrodiction,0,0.06197566299637187,1.0,1.0,25/25/25 Hz,1.0,1500,gps,19,25,0.011240343584349301,0.014821750278595168,0.05920726811331916,outage_window,0.09198311820606977
0.09492604198098828,1.0,,25.0,original,zero,60,1.0,,24.95,0.6,,10.0,0.02891134551680645,,24.7,0.051795589091560665,0.010000000000005116,retrodiction,0,0.07503582429040219,1.0,1.0,25/25/25 Hz,1.0,2000,gps,19,40,0.018713033176230985,0.011103492758443499,0.06924239328148576,after_return,0.09096464743539952
0.2524982239528767,1.0,,25.0,original,zero,60,1.0,,24.4468085106383,0.6,,10.0,0.047382328577778604,,24.74468085106383,0.12459349921493765,0.010000000000005116,horizon,0,0.08051477684205911,1.0,1.0,25/25/25 Hz,1.0,4700,gps,19,13,0.021436784515242873,0.014822382007324851,0.06509642254743347,flight,0.2286638406441655
0.10213120790889693,1.0,,25.0,original,zero,25,1.0,,25.0,0.6,,10.0,0.06099398653255925,,24.714285714285715,0.09695047334607491,0.010000000000001563,horizon,0,0.0757104278665451,1.0,1.0,25/25/25 Hz,1.0,700,gps,19,18,0.028889117551363242,0.009642888791645456,0.04485312134736344,before_outage,0.06758084464902042
0.1147507316453609,1.0,,25.0,original,zero,40,1.0,,24.933333333333334,0.6,,10.0,0.018823198977346644,,24.733333333333334,0.034709455611127836,0.010000000000005116,horizon,0,0.06556454218467511,1.0,1.0,25/25/25 Hz,1.0,1500,gps,19,25,0.014892478267884653,0.015714992132154257,0.06280442955831426,outage_window,0.09134351324233893
0.09699117597120219,1.0,,25.0,original,zero,60,1.0,,24.95,0.6,,10.0,0.02872017721567459,,24.7,0.05271863686436438,0.010000000000005116,horizon,0,0.08224032450988701,1.0,1.0,25/25/25 Hz,1.0,2000,gps,19,40,0.021436784515242873,0.011307131965076945,0.07706245776116778,after_return,0.0928714268187712
0.2833891563514152,1.0,,25.0,original,zero,60,1.0,,24.5531914893617,0.6,,0.0,0.18884701563275813,,24.74468085106383,0.23332926913016214,0.010000000000005116,retrodiction,0,0.19883297512485665,1.0,1.0,25/25/25 Hz,1.0,4700,denied,19,13,0.19662032253085415,0.017653368967970137,0.062220227286652385,flight,0.2606821135734539
0.24915642765186582,1.0,,25.0,original,zero,25,1.0,,25.0,0.6,,0.0,0.1839147743382021,,24.714285714285715,0.23332926913016214,0.010000000000001563,retrodiction,0,0.1888212273975094,1.0,1.0,25/25/25 Hz,1.0,700,denied,19,18,0.18792397574935293,0.015691700484892195,0.04276460798405795,before_outage,0.221964993985301
0.17042559152022993,1.0,,25.0,original,zero,40,1.0,,24.933333333333334,0.6,,0.0,0.1958002581150164,,24.733333333333334,0.21293046212320677,0.010000000000005116,retrodiction,0,0.20493181243465006,1.0,1.0,25/25/25 Hz,1.0,1500,denied,19,25,0.19508753476209245,0.010828314289005039,0.060492203380630355,outage_window,0.15449480892515755
0.12353114334150873,1.0,,25.0,original,zero,60,1.0,,24.95,0.6,,0.0,0.1912429898622243,,24.7,0.21440570571489678,0.010000000000005116,retrodiction,0,0.20451170349110823,1.0,1.0,25/25/25 Hz,1.0,2000,denied,19,40,0.19662032253085415,0.018365104636815958,0.07246485833417564,after_return,0.12038243319861555
0.29249204766266923,1.0,,25.0,original,zero,60,1.0,,24.46808510638298,0.6,,0.0,0.19225758570592102,,24.74468085106383,0.23208401160960293,0.010000000000005116,horizon,0,0.20392393268421313,1.0,1.0,25/25/25 Hz,1.0,4700,denied,19,13,0.19983358531597348,0.018606067782222464,0.0679852267770427,flight,0.26872483352362075
0.2635866639010923,1.0,,25.0,original,zero,25,1.0,,25.0,0.6,,0.0,0.1859161651286202,,24.714285714285715,0.23208401160960293,0.010000000000001563,horizon,0,0.19104131666742513,1.0,1.0,25/25/25 Hz,1.0,700,denied,19,18,0.19221426307511677,0.01633282179193819,0.04395411491420388,before_outage,0.23537599612473412
0.17588503177603745,1.0,,25.0,original,zero,40,1.0,,24.933333333333334,0.6,,0.0,0.19910899174466493,,24.733333333333334,0.2172051616346466,0.010000000000005116,horizon,0,0.20885839622802524,1.0,1.0,25/25/25 Hz,1.0,1500,denied,19,25,0.1937491485173756,0.011675428855400816,0.06306694127168155,outage_window,0.1589064571632714
0.12736456998066292,1.0,,25.0,original,zero,60,1.0,,24.95,0.6,,0.0,0.1945226822578334,,24.7,0.22195279130462994,0.010000000000005116,horizon,0,0.21129945859830698,1.0,1.0,25/25/25 Hz,1.0,2000,denied,19,40,0.19983358531597348,0.019039079334803356,0.0825129522629971,after_return,0.12395594785720852
0.23224686999493868,1.0,,25.0,original,zero,60,1.0,,24.5531914893617,0.6,,6.808510638297872,0.047669091859529306,,24.74468085106383,0.11809359128068285,0.010000000000005116,retrodiction,0,0.07761260173951479,1.0,1.0,25/25/25 Hz,1.0,4700,transition,19,13,0.01627069256465813,0.015430283004785293,0.06124845818520079,flight,0.21057765768631326
0.09920543605901182,1.0,,25.0,original,zero,25,1.0,,25.0,0.6,,10.0,0.059656717681457964,,24.714285714285715,0.09683913044435306,0.010000000000001563,retrodiction,0,0.07387946083688726,1.0,1.0,25/25/25 Hz,1.0,700,transition,19,18,0.030089406590162106,0.0089903827798273,0.04358039431928054,before_outage,0.06422440773128248
0.1403888978067279,1.0,,25.0,original,zero,40,1.0,,24.933333333333334,0.6,,0.0,0.02719410254635892,,24.733333333333334,0.04175307017222678,0.010000000000005116,retrodiction,0,0.06823307893489995,1.0,1.0,25/25/25 Hz,1.0,1500,transition,19,25,0.02006342215721385,0.01877471706798403,0.0625798198114568,outage_window,0.1270659440694148
0.052383733637758584,1.0,,25.0,original,zero,60,1.0,,24.95,0.6,,10.0,0.028973428856671386,,24.7,0.04741301695520285,0.010000000000005116,retrodiction,0,0.07503671251519929,1.0,1.0,25/25/25 Hz,1.0,2000,transition,19,40,0.01627069256465813,0.011392402220078172,0.06921740131914855,after_return,0.05036011607251154
0.2511867888858912,1.0,,25.0,original,zero,60,1.0,,24.4468085106383,0.6,,6.808510638297872,0.04870415681443663,,24.74468085106383,0.12459349921493765,0.010000000000005116,horizon,0,0.08261086802835173,1.0,1.0,25/25/25 Hz,1.0,4700,transition,19,13,0.019037060659885297,0.01646753571984939,0.06672676093886554,flight,0.22843654667852945
0.10213120790889693,1.0,,25.0,original,zero,25,1.0,,25.0,0.6,,10.0,0.06099398653255925,,24.714285714285715,0.09695047334607491,0.010000000000001563,horizon,0,0.0757104278665451,1.0,1.0,25/25/25 Hz,1.0,700,transition,19,18,0.028889117551363242,0.009642888791645456,0.04485312134736344,before_outage,0.06758084464902042
0.14082989039890767,1.0,,25.0,original,zero,40,1.0,,24.933333333333334,0.6,,0.13333333333333333,0.02746603384957228,,24.733333333333334,0.043575139447718354,0.010000000000005116,horizon,0,0.07334049479478189,1.0,1.0,25/25/25 Hz,1.0,1500,transition,19,25,0.014528343685483853,0.01985823022585344,0.0680032731662056,outage_window,0.1263913296145636
0.05344155275357334,1.0,,25.0,original,zero,60,1.0,,24.95,0.6,,9.9,0.028692665125162234,,24.7,0.04851123918367394,0.010000000000005116,horizon,0,0.08220041586911665,1.0,1.0,25/25/25 Hz,1.0,2000,transition,19,40,0.019037060659885297,0.011759263919152042,0.07703011967452097,after_return,0.05155189473995872
0.22115149607905743,1.0,,24.97872340425532,original,nominal,60,1.0,,24.595744680851062,0.6,,10.0,0.028429081791407018,,24.72340425531915,0.05460843992248731,0.010000000000005116,retrodiction,0,0.06673502142788171,1.0,1.0,25/25/25 Hz,1.0,4700,gps,19,13,0.02646695442022472,0.013861713781950313,0.060376737188070385,flight,0.19782441963481123
0.1225509823391889,1.0,,24.857142857142858,original,nominal,25,1.0,,25.0,0.6,,10.0,0.025164258941125856,,24.714285714285715,0.037146941444427574,0.010000000000001563,retrodiction,0,0.0517978312214367,1.0,1.0,25/25/25 Hz,1.0,700,gps,19,18,0.029352971094805336,0.011020021174455026,0.04527444523335885,before_outage,0.10303572182828699
0.11232516613578637,1.0,,25.0,original,nominal,40,1.0,,24.933333333333334,0.6,,10.0,0.02616312305151914,,24.733333333333334,0.03941090905809426,0.010000000000005116,retrodiction,0,0.06488797390498101,1.0,1.0,25/25/25 Hz,1.0,1500,gps,19,25,0.026116541605836124,0.014895884966145079,0.05937962739597281,outage_window,0.0903870346795391
0.11188101653916667,1.0,,25.0,original,nominal,60,1.0,,24.95,0.6,,10.0,0.03134439557189455,,24.65,0.05460843992248731,0.010000000000005116,retrodiction,0,0.0760076617361029,1.0,1.0,25/25/25 Hz,1.0,2000,gps,19,40,0.02646695442022472,0.011999682395453216,0.06924372541120559,after_return,0.10400000466061349
0.25254708841853907,1.0,,25.0,original,nominal,60,1.0,,24.4468085106383,0.6,,10.0,0.047389379622745476,,24.74468085106383,0.12459265202792234,0.010000000000005116,horizon,0,0.08495697340917371,1.0,1.0,25/25/25 Hz,1.0,4700,gps,19,13,0.021433488165343424,0.014827609406906075,0.07051194246238267,flight,0.2287059921810082
0.10215657574951399,1.0,,25.0,original,nominal,25,1.0,,25.0,0.6,,10.0,0.061011247902006537,,24.714285714285715,0.09697425863922725,0.010000000000001563,horizon,0,0.07931328430977458,1.0,1.0,25/25/25 Hz,1.0,700,gps,19,18,0.02891521334284826,0.00964411562722259,0.05067765481396151,before_outage,0.06756718863904389
0.11480259707596346,1.0,,25.0,original,nominal,40,1.0,,24.933333333333334,0.6,,10.0,0.018827147573230806,,24.733333333333334,0.034734117608215966,0.010000000000005116,horizon,0,0.07087880617428402,1.0,1.0,25/25/25 Hz,1.0,1500,gps,19,25,0.014882308213717345,0.01571579200963176,0.06833259602084142,outage_window,0.0914013389747556
0.09689800195696821,1.0,,25.0,original,nominal,60,1.0,,24.95,0.6,,10.0,0.02871737136055549,,24.7,0.052714017201866005,0.010000000000005116,horizon,0,0.0875560183440845,1.0,1.0,25/25/25 Hz,1.0,2000,gps,19,40,0.021433488165343424,0.011308189577067454,0.08271256815266714,after_return,0.09278937517194538
1.0890514036445575,1.0,,25.0,original,nominal,60,1.0,,24.617021276595743,0.6,,0.0,0.049037333241374444,,24.74468085106383,0.14738696855815664,0.010000000000005116,retrodiction,0,0.08013024034884689,1.0,1.0,25/25/25 Hz,1.0,4700,denied,19,13,0.017871585818847513,0.0373222594237011,0.0633734594837489,flight,0.9911617345974422
0.4111674034213155,1.0,,25.0,original,nominal,25,1.0,,25.0,0.6,,0.0,0.05830591726137892,,24.714285714285715,0.08612230472725559,0.010000000000001563,retrodiction,0,0.07545247764969186,1.0,1.0,25/25/25 Hz,1.0,700,denied,19,18,0.04677575591724483,0.025036383920136913,0.047890462472046404,before_outage,0.3783828258306509
0.286150373919344,1.0,,25.0,original,nominal,40,1.0,,24.933333333333334,0.6,,0.0,0.04194948001933051,,24.733333333333334,0.05863388675627548,0.010000000000005116,retrodiction,0,0.0750008135440791,1.0,1.0,25/25/25 Hz,1.0,1500,denied,19,25,0.037636148379580965,0.016373223691545417,0.06217204483030546,outage_window,0.27796719123702335
0.051895630536858806,1.0,,25.0,original,nominal,60,1.0,,24.95,0.6,,0.0,0.035883802295092,,24.7,0.060701621002563044,0.010000000000005116,retrodiction,0,0.08083786911285543,1.0,1.0,25/25/25 Hz,1.0,2000,denied,19,40,0.017871585818847513,0.020699903495635313,0.07243696442807289,after_return,0.045544161033360994
0.2922859227070734,1.0,,25.0,original,nominal,60,1.0,,24.46808510638298,0.6,,0.0,0.19271219208053758,,24.74468085106383,0.23181087079998103,0.010000000000005116,horizon,0,0.20633433683698832,1.0,1.0,25/25/25 Hz,1.0,4700,denied,19,13,0.20056558145964776,0.018598697993242885,0.07372834991693321,flight,0.2685520667162131
0.262711702814756,1.0,,25.0,original,nominal,25,1.0,,25.0,0.6,,0.0,0.1863373889001054,,24.714285714285715,0.23181087079998103,0.010000000000001563,horizon,0,0.1929128271606009,1.0,1.0,25/25/25 Hz,1.0,700,denied,19,18,0.192924457942531,0.016238631898358436,0.049937324527719304,before_outage,0.23465154548743067
0.17560429393635546,1.0,,25.0,original,nominal,40,1.0,,24.933333333333334,0.6,,0.0,0.1995808452500993,,24.733333333333334,0.2175143390825133,0.010000000000005116,horizon,0,0.2111365942609075,1.0,1.0,25/25/25 Hz,1.0,1500,denied,19,25,0.19405736183454725,0.011667555430093767,0.0688922901735092,outage_window,0.15872847564304496
0.12726471298677128,1.0,,25.0,original,nominal,60,1.0,,24.95,0.6,,0.0,0.1949568262419755,,24.7,0.22239212305893283,0.010000000000005116,horizon,0,0.21413455222672398,1.0,1.0,25/25/25 Hz,1.0,2000,denied,19,40,0.20056558145964776,0.019042626072442597,0.08857450174285904,after_return,0.12386085344030172
0.21970399381828049,1.0,,24.97872340425532,original,nominal,60,1.0,,24.595744680851062,0.6,,6.808510638297872,0.028699343964559636,,24.72340425531915,0.04977429731108597,0.010000000000005116,retrodiction,0,0.06766694062620486,1.0,1.0,25/25/25 Hz,1.0,4700,transition,19,13,0.024317359453539425,0.013890036728541853,0.06127938078762079,flight,0.1990310728610626
0.1225509823391889,1.0,,24.857142857142858,original,nominal,25,1.0,,25.0,0.6,,10.0,0.025164258941125856,,24.714285714285715,0.037146941444427574,0.010000000000001563,retrodiction,0,0.0517978312214367,1.0,1.0,25/25/25 Hz,1.0,700,transition,19,18,0.029352971094805336,0.011020021174455026,0.04527444523335885,before_outage,0.10303572182828699
0.1569527123324098,1.0,,25.0,original,nominal,40,1.0,,24.933333333333334,0.6,,0.06666666666666667,0.02816183421592738,,24.733333333333334,0.04561687349060908,0.010000000000005116,retrodiction,0,0.06832404862370318,1.0,1.0,25/25/25 Hz,1.0,1500,transition,19,25,0.031756717818285235,0.015235441501353425,0.062250194489083956,outage_window,0.14723959428412972
0.044775286074191574,1.0,,25.0,original,nominal,60,1.0,,24.95,0.6,,9.95,0.030615672345712386,,24.65,0.04977429731108597,0.010000000000005116,retrodiction,0,0.07568494864882995,1.0,1.0,25/25/25 Hz,1.0,2000,transition,19,40,0.024317359453539425,0.01175440503156348,0.06921627018841747,after_return,0.0425332430128997
0.2512563685004086,1.0,,25.0,original,nominal,60,1.0,,24.4468085106383,0.6,,6.808510638297872,0.04871614621766897,,24.74468085106383,0.12459265202792234,0.010000000000005116,horizon,0,0.08717820635028688,1.0,1.0,25/25/25 Hz,1.0,4700,transition,19,13,0.019030938918556582,0.01647203749924483,0.07229645053632922,flight,0.22849886843171155
0.10215657574951399,1.0,,25.0,original,nominal,25,1.0,,25.0,0.6,,10.0,0.061011247902006537,,24.714285714285715,0.09697425863922725,0.010000000000001563,horizon,0,0.07931328430977458,1.0,1.0,25/25/25 Hz,1.0,700,transition,19,18,0.02891521334284826,0.00964411562722259,0.05067765481396151,before_outage,0.06756718863904389
0.14093301671767877,1.0,,25.0,original,nominal,40,1.0,,24.933333333333334,0.6,,0.13333333333333333,0.027497261962392126,,24.733333333333334,0.04361695379694211,0.010000000000005116,horizon,0,0.07893845771090358,1.0,1.0,25/25/25 Hz,1.0,1500,transition,19,25,0.014566587593159111,0.019858180473376202,0.07399446391688837,outage_window,0.12650331500716064
0.05337818923270615,1.0,,25.0,original,nominal,60,1.0,,24.95,0.6,,9.9,0.028689833279187105,,24.7,0.04850126268966611,0.010000000000005116,horizon,0,0.08751558787856493,1.0,1.0,25/25/25 Hz,1.0,2000,transition,19,40,0.019030938918556582,0.011760475561281453,0.08267932987236455,after_return,0.0514846086141779
0.7677713225089967,1.0,,24.97872340425532,original,stress,60,1.0,,24.574468085106382,0.6,,10.0,0.032485326900877125,,24.74468085106383,0.07680361038533576,0.010000000000005116,retrodiction,0,0.06833481059381763,1.0,1.0,25/25/25 Hz,1.0,4700,gps,19,13,0.026136520984166706,0.020226300238144222,0.06011946336284182,flight,0.7010382533342747
0.24059025658502314,1.0,,24.857142857142858,original,stress,25,1.0,,25.0,0.6,,10.0,0.036067851108018335,,24.714285714285715,0.05552464100708558,0.010000000000001563,retrodiction,0,0.05927472380280679,1.0,1.0,25/25/25 Hz,1.0,700,gps,19,18,0.035085951183450086,0.018529437306885263,0.0470383141529206,before_outage,0.1957957292858256
0.08879897125633672,1.0,,25.0,original,stress,40,1.0,,24.866666666666667,0.6,,10.0,0.025669123682091455,,24.733333333333334,0.03948486939529487,0.010000000000005116,retrodiction,0,0.06473542265727233,1.0,1.0,25/25/25 Hz,1.0,1500,gps,19,25,0.030025469697202052,0.015555147025222734,0.059428705488250196,outage_window,0.0781077392297506
0.1277019482302557,1.0,,25.0,original,stress,60,1.0,,24.95,0.6,,10.0,0.03127684746555781,,24.7,0.054452832130065666,0.010000000000005116,retrodiction,0,0.07527461808563171,1.0,1.0,25/25/25 Hz,1.0,2000,gps,19,40,0.026136520984166706,0.014220947185968193,0.0684691678097079,after_return,0.1201206722023031
0.2525896892467837,1.0,,25.0,original,stress,60,1.0,,24.4468085106383,0.6,,10.0,0.047388641218046944,,24.74468085106383,0.12459518585331239,0.010000000000005116,horizon,0,0.08176404997394862,1.0,1.0,25/25/25 Hz,1.0,4700,gps,19,13,0.02143712006560838,0.014826769737778555,0.0666308978751569,flight,0.2287392187928123
0.10218865120983721,1.0,,25.0,original,stress,25,1.0,,25.0,0.6,,10.0,0.061007792058037066,,24.714285714285715,0.09696813537496635,0.010000000000001563,horizon,0,0.07671441924274801,1.0,1.0,25/25/25 Hz,1.0,700,gps,19,18,0.028924648883545366,0.009649593876024277,0.04650969176371111,before_outage,0.06753403153613276
0.11469936494118144,1.0,,25.0,original,stress,40,1.0,,24.933333333333334,0.6,,10.0,0.01882802480874539,,24.733333333333334,0.03474369600343989,0.010000000000005116,horizon,0,0.06706880603760836,1.0,1.0,25/25/25 Hz,1.0,1500,gps,19,25,0.014890906016530987,0.015715945192403043,0.06437181234912993,outage_window,0.091227301962331
0.09700104833642906,1.0,,25.0,original,stress,60,1.0,,24.95,0.6,,10.0,0.028719302535572696,,24.7,0.05271744839436697,0.010000000000005116,horizon,0,0.08374530057661102,1.0,1.0,25/25/25 Hz,1.0,2000,gps,19,40,0.02143712006560838,0.01130855728847608,0.07866687378139019,after_return,0.09288406529170425
1.163241407340127,1.0,,25.0,original,stress,60,1.0,,24.595744680851062,0.6,,0.0,0.1164700205379765,,24.74468085106383,0.22413443502436453,0.010000000000005116,retrodiction,0,0.13216246993502223,1.0,1.0,25/25/25 Hz,1.0,4700,denied,19,13,0.0955933579430462,0.03961555971313018,0.062463211374448116,flight,1.0606264724717278
0.4099903784305639,1.0,,25.0,original,stress,25,1.0,,25.142857142857142,0.6,,0.0,0.08622484923963655,,24.714285714285715,0.164376628079339,0.010000000000001563,retrodiction,0,0.09888829432931504,1.0,1.0,25/25/25 Hz,1.0,700,denied,19,18,0.09171334311441126,0.02254160889648324,0.04841663070643381,before_outage,0.37957483105677814
0.2642857696178936,1.0,,25.0,original,stress,40,1.0,,24.866666666666667,0.6,,0.0,0.11278233220477407,,24.733333333333334,0.1419087369741778,0.010000000000005116,retrodiction,0,0.12841550125011994,1.0,1.0,25/25/25 Hz,1.0,1500,denied,19,25,0.12155350587717274,0.012909766659043578,0.0614059158694953,outage_window,0.25736590006133786
0.06238001842072343,1.0,,25.0,original,stress,60,1.0,,24.95,0.6,,0.0,0.12046946087839255,,24.7,0.14924163265658585,0.010000000000005116,retrodiction,0,0.139772498993643,1.0,1.0,25/25/25 Hz,1.0,2000,denied,19,40,0.0955933579430462,0.023141668318972446,0.07087637455878636,after_return,0.059483012210597236
0.29262672777587023,1.0,,25.0,original,stress,60,1.0,,24.46808510638298,0.6,,0.0,0.19277057563433106,,24.74468085106383,0.2319348582646967,0.010000000000005116,horizon,0,0.2049567261451587,1.0,1.0,25/25/25 Hz,1.0,4700,denied,19,13,0.200645571435238,0.018608536163554075,0.06961870985410622,flight,0.26885232632017353
0.2646731860509545,1.0,,25.0,original,stress,25,1.0,,25.0,0.6,,0.0,0.18640888832782967,,24.714285714285715,0.2319348582646967,0.010000000000001563,horizon,0,0.19192336479481523,1.0,1.0,25/25/25 Hz,1.0,700,denied,19,18,0.19313047702189812,0.016325592783777914,0.04567608024498657,before_outage,0.23635405393681336
0.17628354467975793,1.0,,25.0,original,stress,40,1.0,,24.933333333333334,0.6,,0.0,0.19964279758388181,,24.733333333333334,0.21750636455605746,0.010000000000005116,horizon,0,0.209876290164089,1.0,1.0,25/25/25 Hz,1.0,1500,denied,19,25,0.19405898325984053,0.011708243726157577,0.06473646998348057,outage_window,0.15924745265223322
0.12730198580213775,1.0,,25.0,original,stress,60,1.0,,24.95,0.6,,0.0,0.19497883726999146,,24.7,0.2224151421076287,0.010000000000005116,horizon,0,0.21239457493000027,1.0,1.0,25/25/25 Hz,1.0,2000,denied,19,40,0.200645571435238,0.019034870914068806,0.08423009246425943,after_return,0.12389364856482898
0.7669648899354056,1.0,,24.97872340425532,original,stress,60,1.0,,24.574468085106382,0.6,,6.808510638297872,0.033444497908282335,,24.74468085106383,0.07680361038533576,0.010000000000005116,retrodiction,0,0.06963562509236092,1.0,1.0,25/25/25 Hz,1.0,4700,transition,19,13,0.024493537380756502,0.019938098726187632,0.06107852193420158,flight,0.7007121501284176
0.24059025658502314,1.0,,24.857142857142858,original,stress,25,1.0,,25.0,0.6,,10.0,0.036067851108018335,,24.714285714285715,0.05552464100708558,0.010000000000001563,retrodiction,0,0.05927472380280679,1.0,1.0,25/25/25 Hz,1.0,700,transition,19,18,0.035085951183450086,0.018529437306885263,0.0470383141529206,before_outage,0.1957957292858256
0.14727402457604719,1.0,,25.0,original,stress,40,1.0,,24.866666666666667,0.6,,0.06666666666666667,0.030419975305462192,,24.733333333333334,0.05031266086499236,0.010000000000005116,retrodiction,0,0.06958252455917427,1.0,1.0,25/25/25 Hz,1.0,1500,transition,19,25,0.03826216223221379,0.015400326457111431,0.06258077042065846,outage_window,0.14295892287008075
0.055190559200793375,1.0,,25.0,original,stress,60,1.0,,24.95,0.6,,9.95,0.03044662857983693,,24.7,0.048678686447832846,0.010000000000005116,retrodiction,0,0.07483142595988039,1.0,1.0,25/25/25 Hz,1.0,2000,transition,19,40,0.024493537380756502,0.013365158497544855,0.06835748034641503,after_return,0.05101400698823313
0.25126534187551386,1.0,,25.0,original,stress,60,1.0,,24.4468085106383,0.6,,6.808510638297872,0.0487134273619858,,24.74468085106383,0.12459518585331239,0.010000000000005116,horizon,0,0.08389733630862066,1.0,1.0,25/25/25 Hz,1.0,4700,transition,19,13,0.019033059126483926,0.0164729889349282,0.0683064055146392,flight,0.2284981638517162
0.10218865120983721,1.0,,25.0,original,stress,25,1.0,,25.0,0.6,,10.0,0.061007792058037066,,24.714285714285715,0.09696813537496635,0.010000000000001563,horizon,0,0.07671441924274801,1.0,1.0,25/25/25 Hz,1.0,700,transition,19,18,0.028924648883545366,0.009649593876024277,0.04650969176371111,before_outage,0.06753403153613276
0.14070679217729573,1.0,,25.0,original,stress,40,1.0,,24.933333333333334,0.6,,0.13333333333333333,0.027487094929975756,,24.733333333333334,0.043582806353585475,0.010000000000005116,horizon,0,0.0749303955473348,1.0,1.0,25/25/25 Hz,1.0,1500,transition,19,25,0.014557095083138943,0.019863138686098417,0.06970669830934867,outage_window,0.12622473133223747
0.053471999599377706,1.0,,25.0,original,stress,60,1.0,,24.95,0.6,,9.9,0.02869152235120324,,24.7,0.048507188331405736,0.010000000000005116,horizon,0,0.08370494756349413,1.0,1.0,25/25/25 Hz,1.0,2000,transition,19,40,0.019033059126483926,0.0117603222112003,0.0786340561829142,after_return,0.05158233734900846
0.2583889360091751,1.0,,24.914893617021278,original,zero,60,1.0,,24.74468085106383,0.6,,10.0,0.022466192631716363,,24.659574468085108,0.04781465431781744,0.010000000000005116,retrodiction,0,0.05777854587301809,1.0,1.0,25/25/25 Hz,1.0,4700,gps,41,13,0.012169603908505482,0.011432519967456005,0.0532318565507072,flight,0.14604024479806024
0.10958820585070826,1.0,,24.857142857142858,original,zero,25,1.0,,25.0,0.6,,10.0,0.01311729405453136,,25.0,0.02920391629787758,0.010000000000001563,retrodiction,0,0.04158066633389778,1.0,1.0,25/25/25 Hz,1.0,700,gps,41,18,0.006479283427332965,0.00932463819743634,0.039457425276592704,before_outage,0.10310843243743015
0.051920766267020434,1.0,,25.0,original,zero,40,1.0,,25.0,0.6,,10.0,0.026074427694242248,,24.8,0.04553806412536765,0.010000000000005116,retrodiction,0,0.06120366950010381,1.0,1.0,25/25/25 Hz,1.0,1500,gps,41,25,0.03670380182537699,0.011465710085628984,0.05537159362611545,outage_window,0.0355279551765487
0.05962338854557258,1.0,,24.9,original,zero,60,1.0,,25.0,0.6,,10.0,0.0184427029227273,,24.5,0.033061046005877615,0.010000000000005116,retrodiction,0,0.06298878870982556,1.0,1.0,25/25/25 Hz,1.0,2000,gps,41,40,0.012169603908505482,0.008981832939510612,0.06022835056711312,after_return,0.050358550449779216
0.2535516871810396,1.0,,24.914893617021278,original,zero,60,1.0,,24.72340425531915,0.6,,10.0,0.023264059942260103,,24.638297872340427,0.047565687286876636,0.010000000000005116,horizon,0,0.07766437683915339,1.0,1.0,25/25/25 Hz,1.0,4700,gps,41,13,0.02179466215992039,0.01270012811784399,0.07409817099508567,flight,0.14613860856843872
0.1207343374428856,1.0,,24.857142857142858,original,zero,25,1.0,,25.0,0.6,,10.0,0.014727316141011356,,25.0,0.03558454768549039,0.010000000000001563,horizon,0,0.054852011274325485,1.0,1.0,25/25/25 Hz,1.0,700,gps,41,18,0.014469092401064046,0.009706316542795707,0.05283795321661728,before_outage,0.11607000985297011
0.05284302434968418,1.0,,25.0,original,zero,40,1.0,,25.0,0.6,,10.0,0.026705864598808353,,24.8,0.04689092479990112,0.010000000000005116,horizon,0,0.07962717991340876,1.0,1.0,25/25/25 Hz,1.0,1500,gps,41,25,0.03340130439802977,0.012317943937333929,0.07501522896714027,outage_window,0.03715305375431714
0.059260614604286374,1.0,,24.9,original,zero,60,1.0,,25.0,0.6,,10.0,0.01965568087100219,,24.5,0.03727082051349421,0.010000000000005116,horizon,0,0.08783152220391413,1.0,1.0,25/25/25 Hz,1.0,2000,gps,41,40,0.02179466215992039,0.009445182232736408,0.08560391639495228,after_return,0.04943214404582632
0.5445561860982747,1.0,,24.893617021276597,original,zero,60,1.0,,24.74468085106383,0.6,,0.0,0.37878316831349546,,24.638297872340427,0.41177448961207436,0.010000000000005116,retrodiction,0,0.38288209350702773,1.0,1.0,25/25/25 Hz,1.0,4700,denied,41,13,0.39796212751741933,0.030980197254033455,0.05587494009584711,flight,0.18137409603213858
0.36525028184147557,1.0,,24.857142857142858,original,zero,25,1.0,,25.0,0.6,,0.0,0.35658033217482127,,24.857142857142858,0.38097870681194373,0.010000000000001563,retrodiction,0,0.3585862095904931,1.0,1.0,25/25/25 Hz,1.0,700,denied,41,18,0.3775974781796506,0.01840864854465419,0.037875274448790026,before_outage,0.18368461870081434
0.1549455588103012,1.0,,24.933333333333334,original,zero,40,1.0,,25.0,0.6,,0.0,0.38661989891478654,,24.8,0.41177448961207436,0.010000000000005116,retrodiction,0,0.39141500007622876,1.0,1.0,25/25/25 Hz,1.0,1500,denied,41,25,0.36674865698119846,0.030740493631484497,0.0610799152569353,outage_window,0.061998995850929356
0.0847391067598258,1.0,,24.95,original,zero,60,1.0,,25.0,0.6,,0.0,0.38595078306463,,24.5,0.41101973741351894,0.010000000000005116,retrodiction,0,0.3908451179811372,1.0,1.0,25/25/25 Hz,1.0,2000,denied,41,40,0.39796212751741933,0.022767576165714367,0.06165954347453413,after_return,0.059005830507718085
0.568203393153842,1.0,,24.893617021276597,original,zero,60,1.0,,24.72340425531915,0.6,,0.0,0.09996977218923359,,24.617021276595743,0.13642666946104295,0.010000000000005116,horizon,0,0.12775822014152183,1.0,1.0,25/25/25 Hz,1.0,4700,denied,41,13,0.11238670034386404,0.03352570373026188,0.07955003118894609,flight,0.2675954572475491
0.34091175397984613,1.0,,24.857142857142858,original,zero,25,1.0,,25.0,0.6,,0.0,0.07769903146125148,,24.857142857142858,0.09735432683676006,0.010000000000001563,horizon,0,0.09311619469333306,1.0,1.0,25/25/25 Hz,1.0,700,denied,41,18,0.09735432683676006,0.01684627965878076,0.0513175040717118,before_outage,0.1316013678429481
0.1649363307278808,1.0,,24.933333333333334,original,zero,40,1.0,,25.0,0.6,,0.0,0.10270221338655403,,24.8,0.13642666946104295,0.010000000000005116,horizon,0,0.13404789480119667,1.0,1.0,25/25/25 Hz,1.0,1500,denied,41,25,0.08296654135519527,0.030899954082215297,0.08614576870708977,outage_window,0.06206806318535561
0.09024000246606168,1.0,,24.95,original,zero,60,1.0,,25.0,0.6,,0.0,0.10678803510436634,,24.5,0.12529192163841357,0.010000000000005116,horizon,0,0.13828609217543322,1.0,1.0,25/25/25 Hz,1.0,2000,denied,41,40,0.11238670034386404,0.023601099779638115,0.08785988190124679,after_return,0.06083694980216755
0.26248307874489246,1.0,,24.914893617021278,original,zero,60,1.0,,24.74468085106383,0.6,,6.808510638297872,0.019870355879227992,,24.659574468085108,0.04781465431781744,0.010000000000005116,retrodiction,0,0.0575480390829173,1.0,1.0,25/25/25 Hz,1.0,4700,transition,41,13,0.016116714771387763,0.013786969655496166,0.05400875632267241,flight,0.1551442094280702
0.10958820585070826,1.0,,24.857142857142858,original,zero,25,1.0,,25.0,0.6,,10.0,0.01311729405453136,,25.0,0.02920391629787758,0.010000000000001563,retrodiction,0,0.04158066633389778,1.0,1.0,25/25/25 Hz,1.0,700,transition,41,18,0.006479283427332965,0.00932463819743634,0.039457425276592704,before_outage,0.10310843243743015
0.10792398109764796,1.0,,25.0,original,zero,40,1.0,,25.0,0.6,,0.0,0.016524623437747566,,24.8,0.030784987260123534,0.010000000000005116,retrodiction,0,0.06018326048927706,1.0,1.0,25/25/25 Hz,1.0,1500,transition,41,25,0.017342414512110188,0.016317686981399446,0.057870213956411294,outage_window,0.10543383814244278
0.04304086371451103,1.0,,24.9,original,zero,60,1.0,,25.0,0.6,,10.0,0.019671823371445508,,24.5,0.036169347763838205,0.010000000000005116,retrodiction,0,0.06322985349387893,1.0,1.0,25/25/25 Hz,1.0,2000,transition,41,40,0.016116714771387763,0.010913678033952828,0.06009187747191832,after_return,0.039863207181426344
0.2592995954385602,1.0,,24.914893617021278,original,zero,60,1.0,,24.72340425531915,0.6,,6.808510638297872,0.020776318425244425,,24.638297872340427,0.047565687286876636,0.010000000000005116,horizon,0,0.07822433738851586,1.0,1.0,25/25/25 Hz,1.0,4700,transition,41,13,0.025513430488135463,0.014820185906884943,0.07541479664207291,flight,0.15786543854244023
0.1207343374428856,1.0,,24.857142857142858,original,zero,25,1.0,,25.0,0.6,,10.0,0.014727316141011356,,25.0,0.03558454768549039,0.010000000000001563,horizon,0,0.054852011274325485,1.0,1.0,25/25/25 Hz,1.0,700,transition,41,18,0.014469092401064046,0.009706316542795707,0.05283795321661728,before_outage,0.11607000985297011
0.11789109454055889,1.0,,25.0,original,zero,40,1.0,,25.0,0.6,,0.13333333333333333,0.017331007452924922,,24.8,0.03212397317566617,0.010000000000005116,horizon,0,0.08157898607662331,1.0,1.0,25/25/25 Hz,1.0,1500,transition,41,25,0.014197986657635447,0.016838819506470076,0.07971679339986375,outage_window,0.11564312145930858
0.045932109884058,1.0,,24.9,original,zero,60,1.0,,25.0,0.6,,9.9,0.020940553870630506,,24.5,0.03837225751391167,0.010000000000005116,horizon,0,0.08765574138097343,1.0,1.0,25/25/25 Hz,1.0,2000,transition,41,40,0.025513430488135463,0.011289855384820928,0.08511769616618697,after_return,0.04273826301680757
0.3464866147097218,1.0,,24.93617021276596,original,nominal,60,1.0,,24.70212765957447,0.6,,10.0,0.02144588643617672,,24.638297872340427,0.046222121096984044,0.010000000000005116,retrodiction,0,0.05730740278984153,1.0,1.0,25/25/25 Hz,1.0,4700,gps,41,13,0.012602985555772243,0.011824239070325338,0.05314331914252015,flight,0.3117904589918543
0.10803892739468299,1.0,,24.857142857142858,original,nominal,25,1.0,,25.0,0.6,,10.0,0.009999785412327905,,24.857142857142858,0.022345788272457864,0.010000000000001563,retrodiction,0,0.04097741405092075,1.0,1.0,25/25/25 Hz,1.0,700,gps,41,18,0.008707028732014758,0.009887051455032183,0.03973855500654234,before_outage,0.06742615697028957
0.061607608314259855,1.0,,25.0,original,nominal,40,1.0,,25.0,0.6,,10.0,0.02760841486492653,,24.8,0.046222121096984044,0.010000000000005116,retrodiction,0,0.062245919839471066,1.0,1.0,25/25/25 Hz,1.0,1500,gps,41,25,0.03083574330292972,0.01213002987152045,0.05578826010289227,outage_window,0.034848387714084834
0.08122114713291397,1.0,,24.95,original,nominal,60,1.0,,25.0,0.6,,10.0,0.017931893440654136,,24.5,0.034248869573163185,0.010000000000005116,retrodiction,0,0.06225737110811957,1.0,1.0,25/25/25 Hz,1.0,2000,gps,41,40,0.012602985555772243,0.0095293362332163,0.059619019238219155,after_return,0.0678197824944533
0.2538355485423149,1.0,,24.914893617021278,original,nominal,60,1.0,,24.72340425531915,0.6,,10.0,0.02325962466297905,,24.638297872340427,0.047535907204816916,0.010000000000005116,horizon,0,0.07273087432542528,1.0,1.0,25/25/25 Hz,1.0,4700,gps,41,13,0.021791849554084308,0.01270649272123972,0.06891131939440823,flight,0.14631868214994057
0.1207113760807803,1.0,,24.857142857142858,original,nominal,25,1.0,,25.0,0.6,,10.0,0.014714463297695725,,25.0,0.035559616155468696,0.010000000000001563,horizon,0,0.05010164748960148,1.0,1.0,25/25/25 Hz,1.0,700,gps,41,18,0.014466971124734215,0.00971067289420726,0.047892166906844544,before_outage,0.11602727769452943
0.05285076605352331,1.0,,25.0,original,nominal,40,1.0,,25.0,0.6,,10.0,0.026706040104398504,,24.8,0.04689485866613506,0.010000000000005116,horizon,0,0.07451892576890605,1.0,1.0,25/25/25 Hz,1.0,1500,gps,41,25,0.033405456783723676,0.012319780379926896,0.06956908594838651,outage_window,0.03715437300232611
0.059340763034109394,1.0,,24.9,original,nominal,60,1.0,,25.0,0.6,,10.0,0.019656058468882704,,24.5,0.03727364469966524,0.010000000000005116,horizon,0,0.08257181345230323,1.0,1.0,25/25/25 Hz,1.0,2000,gps,41,40,0.021791849554084308,0.009445145578775101,0.08019815298540127,after_return,0.04951220567480775
0.3554870430249708,1.0,,24.914893617021278,original,nominal,60,1.0,,24.74468085106383,0.6,,0.0,0.31088592422596145,,24.638297872340427,0.3525290323342002,0.010000000000005116,retrodiction,0,0.31564715969084145,1.0,1.0,25/25/25 Hz,1.0,4700,denied,41,13,0.33774481813565654,0.024235632664712705,0.05461750213132523,flight,0.25398448612017227
0.2617380996160921,1.0,,24.857142857142858,original,nominal,25,1.0,,25.0,0.6,,0.0,0.29419622257657313,,24.857142857142858,0.3232638323754186,0.010000000000001563,retrodiction,0,0.29656890209572345,1.0,1.0,25/25/25 Hz,1.0,700,denied,41,18,0.30889956371073624,0.0159581967492377,0.037439234927255476,before_outage,0.15193572792151164
0.1368778127752815,1.0,,25.0,original,nominal,40,1.0,,25.0,0.6,,0.0,0.31554487101421247,,24.8,0.33553930263770837,0.010000000000005116,retrodiction,0,0.3209720184947455,1.0,1.0,25/25/25 Hz,1.0,1500,denied,41,25,0.3016904470147509,0.01907120840769183,0.05877474826160683,outage_window,0.07396823246536836
0.08986587485661443,1.0,,24.95,original,nominal,60,1.0,,25.0,0.6,,0.0,0.32281112967298814,,24.5,0.3525290323342002,0.010000000000005116,retrodiction,0,0.328525869702267,1.0,1.0,25/25/25 Hz,1.0,2000,denied,41,40,0.33774481813565654,0.024034526463168664,0.06101001248057697,after_return,0.06921950432026495
0.5687213302995155,1.0,,24.893617021276597,original,nominal,60,1.0,,24.72340425531915,0.6,,0.0,0.10704207736511039,,24.617021276595743,0.14342347648988304,0.010000000000005116,horizon,0,0.13013549246009445,1.0,1.0,25/25/25 Hz,1.0,4700,denied,41,13,0.1207314943085334,0.0335387964013207,0.07400837838510599,flight,0.26851111335654615
0.34080321095374894,1.0,,24.857142857142858,original,nominal,25,1.0,,25.0,0.6,,0.0,0.08453340193868498,,24.857142857142858,0.10463337888905243,0.010000000000001563,horizon,0,0.09634519441077968,1.0,1.0,25/25/25 Hz,1.0,700,denied,41,18,0.10463337888905243,0.016866217610484936,0.046222293784749194,before_outage,0.1316424185762084
0.16489235778186823,1.0,,24.933333333333334,original,nominal,40,1.0,,25.0,0.6,,0.0,0.11024475826221787,,24.8,0.14342347648988304,0.010000000000005116,horizon,0,0.13640969691785534,1.0,1.0,25/25/25 Hz,1.0,1500,denied,41,25,0.09006043960932189,0.030894985276564584,0.0803349157522823,outage_window,0.06200193809871939
0.09025008117903542,1.0,,24.95,original,nominal,60,1.0,,25.0,0.6,,0.0,0.1139954369694269,,24.5,0.13126576821979333,0.010000000000005116,horizon,0,0.14053226069182398,1.0,1.0,25/25/25 Hz,1.0,2000,denied,41,40,0.1207314943085334,0.0236048711331397,0.08218489304795738,after_return,0.060836871575913165
0.3479439443616108,1.0,,24.93617021276596,original,nominal,60,1.0,,24.70212765957447,0.6,,6.808510638297872,0.017503461774752045,,24.638297872340427,0.04214283818453864,0.010000000000005116,retrodiction,0,0.056379610520743015,1.0,1.0,25/25/25 Hz,1.0,4700,transition,41,13,0.017203519947278947,0.012348386025942905,0.05359374318304769,flight,0.31524486445100036
0.10803892739468299,1.0,,24.857142857142858,original,nominal,25,1.0,,25.0,0.6,,10.0,0.009999785412327905,,24.857142857142858,0.022345788272457864,0.010000000000001563,retrodiction,0,0.04097741405092075,1.0,1.0,25/25/25 Hz,1.0,700,transition,41,18,0.008707028732014758,0.009887051455032183,0.03973855500654234,before_outage,0.06742615697028957
0.11317541710470756,1.0,,25.0,original,nominal,40,1.0,,25.0,0.6,,0.06666666666666667,0.015906998850147024,,24.8,0.026975444667578664,0.010000000000005116,retrodiction,0,0.05958346502183937,1.0,1.0,25/25/25 Hz,1.0,1500,transition,41,25,0.015133760360360614,0.012471190808239978,0.05742087330919112,outage_window,0.10895538341822239
0.047066176721344215,1.0,,24.95,original,nominal,60,1.0,,25.0,0.6,,9.95,0.01850926321806149,,24.5,0.032639038591511495,0.010000000000005116,retrodiction,0,0.06222042302552084,1.0,1.0,25/25/25 Hz,1.0,2000,transition,41,40,0.017203519947278947,0.010690558258703626,0.059403604407470764,after_return,0.04119531872347481
0.2595387348965537,1.0,,24.914893617021278,original,nominal,60,1.0,,24.72340425531915,0.6,,6.808510638297872,0.02076838218684994,,24.638297872340427,0.047535907204816916,0.010000000000005116,horizon,0,0.0731525029042754,1.0,1.0,25/25/25 Hz,1.0,4700,transition,41,13,0.025512654622200166,0.014826878432688808,0.07014244779376433,flight,0.15797230726275963
0.1207113760807803,1.0,,24.857142857142858,original,nominal,25,1.0,,25.0,0.6,,10.0,0.014714463297695725,,25.0,0.035559616155468696,0.010000000000001563,horizon,0,0.05010164748960148,1.0,1.0,25/25/25 Hz,1.0,700,transition,41,18,0.014466971124734215,0.00971067289420726,0.047892166906844544,before_outage,0.11602727769452943
0.11771706867597567,1.0,,25.0,original,nominal,40,1.0,,25.0,0.6,,0.13333333333333333,0.017319615697899856,,24.8,0.03210027633234068,0.010000000000005116,horizon,0,0.07598599934501489,1.0,1.0,25/25/25 Hz,1.0,1500,transition,41,25,0.014203603882129849,0.01684454290511236,0.0739858297820445,outage_window,0.11547110016818278
0.0458665478009913,1.0,,24.9,original,nominal,60,1.0,,25.0,0.6,,9.9,0.020941222892772594,,24.5,0.0383722933723435,0.010000000000005116,horizon,0,0.08244421289675499,1.0,1.0,25/25/25 Hz,1.0,2000,transition,41,40,0.025512654622200166,0.011288744799111386,0.07974028733281992,after_return,0.04266065725385545
0.46772764090096924,1.0,,24.93617021276596,original,stress,60,1.0,,24.74468085106383,0.6,,10.0,0.03452252158721253,,24.659574468085108,0.10009131654993841,0.010000000000005116,retrodiction,0,0.06351376130875094,1.0,1.0,25/25/25 Hz,1.0,4700,gps,41,13,0.010717900999937793,0.016459565214092805,0.05331222541636612,flight,0.42428299209831816
0.10430282868626026,1.0,,24.857142857142858,original,stress,25,1.0,,25.0,0.6,,10.0,0.02700701820214049,,25.0,0.05215448820247498,0.010000000000001563,retrodiction,0,0.0478747240343986,1.0,1.0,25/25/25 Hz,1.0,700,gps,41,18,0.020165688328557724,0.012478552726222607,0.03952986426992984,before_outage,0.07205993518739047
0.11608316229644418,1.0,,25.0,original,stress,40,1.0,,24.933333333333334,0.6,,10.0,0.034625603429413385,,24.8,0.0513583028395583,0.010000000000005116,retrodiction,0,0.06592846191476849,1.0,1.0,25/25/25 Hz,1.0,1500,gps,41,25,0.031774434332141464,0.014934671153961474,0.05610374031734494,outage_window,0.09775676372472974
0.13503140468922048,1.0,,24.95,original,stress,60,1.0,,25.05,0.6,,10.0,0.01974988446078329,,24.5,0.03678296348491122,0.010000000000005116,retrodiction,0,0.06305135255727307,1.0,1.0,25/25/25 Hz,1.0,2000,gps,41,40,0.010717900999937793,0.011544822497533594,0.05987833600800256,after_return,0.12283530440600628
0.25401485816955865,1.0,,24.914893617021278,original,stress,60,1.0,,24.72340425531915,0.6,,10.0,0.02325944277128224,,24.638297872340427,0.04750475027097797,0.010000000000005116,horizon,0,0.06919118056021303,1.0,1.0,25/25/25 Hz,1.0,4700,gps,41,13,0.021794628839819034,0.012706965780449253,0.06516454395824042,flight,0.1458622414295038
0.12109916366383941,1.0,,24.857142857142858,original,stress,25,1.0,,25.0,0.6,,10.0,0.014725899249028852,,25.0,0.035558747353543065,0.010000000000001563,horizon,0,0.04680115186025119,1.0,1.0,25/25/25 Hz,1.0,700,gps,41,18,0.014451860993093322,0.009703045976422908,0.04442404424130861,before_outage,0.11646596947627039
0.052900587044261975,1.0,,25.0,original,stress,40,1.0,,25.0,0.6,,10.0,0.02671356148119255,,24.8,0.046894185666790114,0.010000000000005116,horizon,0,0.07083222871005107,1.0,1.0,25/25/25 Hz,1.0,1500,gps,41,25,0.03340384768966619,0.012315484900129195,0.06560175498432591,outage_window,0.03723712398681318
0.05923230306609243,1.0,,24.9,original,stress,60,1.0,,25.0,0.6,,10.0,0.019654875005441528,,24.5,0.03727378441988653,0.010000000000005116,horizon,0,0.07874003385794127,1.0,1.0,25/25/25 Hz,1.0,2000,gps,41,40,0.021794628839819034,0.009445498157255408,0.07624748402714811,after_return,0.049389585438814894
0.34914641448264705,1.0,,24.914893617021278,original,stress,60,1.0,,24.74468085106383,0.6,,0.0,0.1727390822512764,,24.638297872340427,0.26373581412317176,0.010000000000005116,retrodiction,0,0.18079298300149302,1.0,1.0,25/25/25 Hz,1.0,4700,denied,41,13,0.18943574403247565,0.023188656380034835,0.05336021144602881,flight,0.305460052277006
0.22200918214319568,1.0,,24.857142857142858,original,stress,25,1.0,,25.0,0.6,,0.0,0.17025223803818507,,24.857142857142858,0.20909268508263462,0.010000000000001563,retrodiction,0,0.17419585567781867,1.0,1.0,25/25/25 Hz,1.0,700,denied,41,18,0.175335230653237,0.016113757665874133,0.036856092824885896,before_outage,0.1785680857804286
0.15293879148436054,1.0,,25.0,original,stress,40,1.0,,24.933333333333334,0.6,,0.0,0.16996693757251854,,24.8,0.19201476345677218,0.010000000000005116,retrodiction,0,0.17946276601890002,1.0,1.0,25/25/25 Hz,1.0,1500,denied,41,25,0.15836891339564713,0.01414171766673469,0.05760316414376934,outage_window,0.12259674735652192
0.09958032376632868,1.0,,24.95,original,stress,60,1.0,,25.05,0.6,,0.0,0.1719444846908731,,24.5,0.20268605964230718,0.010000000000005116,retrodiction,0,0.18193792382700114,1.0,1.0,25/25/25 Hz,1.0,2000,denied,41,40,0.18943574403247565,0.026561599835834775,0.05946849847498904,after_return,0.08432564940931721
0.5690936783561013,1.0,,24.893617021276597,original,stress,60,1.0,,24.72340425531915,0.6,,0.0,0.1240313615073127,,24.617021276595743,0.16004845940846124,0.010000000000005116,horizon,0,0.14241500731796797,1.0,1.0,25/25/25 Hz,1.0,4700,denied,41,13,0.14004769500778158,0.033536400172151946,0.06998753940537686,flight,0.26884700523940347
0.3403896105839923,1.0,,24.857142857142858,original,stress,25,1.0,,25.0,0.6,,0.0,0.10144697011315677,,24.857142857142858,0.12203703231373939,0.010000000000001563,horizon,0,0.1100563341506761,1.0,1.0,25/25/25 Hz,1.0,700,denied,41,18,0.12203703231373939,0.01687910937743744,0.042672109644890384,before_outage,0.1313266582355516
0.16478608483570523,1.0,,24.933333333333334,original,stress,40,1.0,,25.0,0.6,,0.0,0.12808243843759373,,24.8,0.16004845940846124,0.010000000000005116,horizon,0,0.14897140866082745,1.0,1.0,25/25/25 Hz,1.0,1500,denied,41,25,0.10719104573191929,0.030874674621964956,0.07607476297873869,outage_window,0.06196678529873611
0.09029910783575541,1.0,,24.95,original,stress,60,1.0,,25.0,0.6,,0.0,0.13110264887101006,,24.5,0.1503942281940424,0.010000000000005116,horizon,0,0.15257388881283945,1.0,1.0,25/25/25 Hz,1.0,2000,denied,41,40,0.14004769500778158,0.023609395932814456,0.07804413499089691,after_return,0.06086694356883491
0.45756827586826615,1.0,,24.93617021276596,original,stress,60,1.0,,24.74468085106383,0.6,,6.808510638297872,0.031764580735202774,,24.659574468085108,0.10009131654993841,0.010000000000005116,retrodiction,0,0.062309304530977376,1.0,1.0,25/25/25 Hz,1.0,4700,transition,41,13,0.014200857527395508,0.015538114625202765,0.0536046718285903,flight,0.4151640845574733
0.10430282868626026,1.0,,24.857142857142858,original,stress,25,1.0,,25.0,0.6,,10.0,0.02700701820214049,,25.0,0.05215448820247498,0.010000000000001563,retrodiction,0,0.0478747240343986,1.0,1.0,25/25/25 Hz,1.0,700,transition,41,18,0.020165688328557724,0.012478552726222607,0.03952986426992984,before_outage,0.07205993518739047
0.05869347133983453,1.0,,25.0,original,stress,40,1.0,,24.933333333333334,0.6,,0.06666666666666667,0.026079700744851556,,24.8,0.04312827124521974,0.010000000000005116,retrodiction,0,0.06320239505357603,1.0,1.0,25/25/25 Hz,1.0,1500,transition,41,25,0.02611730572372211,0.011536033300344278,0.05757075602740753,outage_window,0.04847767514694777
0.060541542666168055,1.0,,24.95,original,stress,60,1.0,,25.05,0.6,,9.95,0.01869563505539157,,24.5,0.04093890014728455,0.010000000000005116,retrodiction,0,0.062316520500554244,1.0,1.0,25/25/25 Hz,1.0,2000,transition,41,40,0.014200857527395508,0.011465954820221719,0.05944595829130532,after_return,0.050043603549332294
0.25981350553827576,1.0,,24.914893617021278,original,stress,60,1.0,,24.72340425531915,0.6,,6.808510638297872,0.02076807300627869,,24.638297872340427,0.04750475027097797,0.010000000000005116,horizon,0,0.06950666711367312,1.0,1.0,25/25/25 Hz,1.0,4700,transition,41,13,0.025505984676082134,0.014829423710859256,0.06633147003389,flight,0.15771146166619826
0.12109916366383941,1.0,,24.857142857142858,original,stress,25,1.0,,25.0,0.6,,10.0,0.014725899249028852,,25.0,0.035558747353543065,0.010000000000001563,horizon,0,0.04680115186025119,1.0,1.0,25/25/25 Hz,1.0,700,transition,41,18,0.014451860993093322,0.009703045976422908,0.04442404424130861,before_outage,0.11646596947627039
0.1182634518532899,1.0,,25.0,original,stress,40,1.0,,25.0,0.6,,0.13333333333333333,0.01733815369103965,,24.8,0.03212253816484946,0.010000000000005116,horizon,0,0.07192213137132375,1.0,1.0,25/25/25 Hz,1.0,1500,transition,41,25,0.014212808112398787,0.01684669438226181,0.06980101294092975,outage_window,0.11602191212408028
0.04603785480592225,1.0,,24.9,original,stress,60,1.0,,25.0,0.6,,9.9,0.02093555530265252,,24.5,0.03837313746242361,0.010000000000005116,horizon,0,0.07865196331418675,1.0,1.0,25/25/25 Hz,1.0,2000,transition,41,40,0.025505984676082134,0.011289722067651282,0.07581446997338803,after_return,0.04285654031120932
0.2246225024264301,1.0,1.0,,original,zero,60,1.0,1.0,,0.6,1.0,,0.034516098226853954,1.0,,0.07787809147960056,0.010000000000005116,px4,,0.3003383658456188,1.0,,100/50/50 Hz,1.0,4700,gps,7,13,0.017389228813790656,0.014060839324095293,0.2983484086802055,flight,0.20485070016988363
0.1436713735241017,1.0,1.0,,original,zero,25,1.0,1.0,,0.6,1.0,,0.02301196042818542,1.0,,0.04765258218404001,0.010000000000001563,px4,,0.2916896378074161,1.0,,100/50/50 Hz,1.0,700,gps,7,18,0.028258553250286613,0.011308015584260579,0.29078049192040584,before_outage,0.10688943912022864
0.1731465924512702,1.0,1.0,,original,zero,40,1.0,1.0,,0.6,1.0,,0.030003588206891012,1.0,,0.052907825332490326,0.010000000000005116,px4,,0.3045327386667516,1.0,,100/50/50 Hz,1.0,1500,gps,7,25,0.006662220340021253,0.015511011596142356,0.3030511072650673,outage_window,0.14166706977542645
0.18963389943939976,1.0,1.0,,original,zero,60,1.0,1.0,,0.6,1.0,,0.043249333018085784,1.0,,0.07787809147960056,0.010000000000005116,px4,,0.306030602737026,1.0,,100/50/50 Hz,1.0,2000,gps,7,40,0.017389228813790656,0.013136790024493267,0.30295911441162837,after_return,0.17663697333104367
0.5880045455168409,1.0,,,original,zero,60,1.0,,,0.6,0.6302127659574468,,0.09533772860478497,,,0.20365669848474294,0.010000000000005116,ekf3,,0.10894809623688717,1.0,,100/50/50 Hz,1.0,4700,gps,7,13,0.0321672019705418,0.048454840934817056,0.05272954748641788,flight,0.5620975310019006
0.3440610839867129,1.0,,,original,zero,25,1.0,,,0.6,0.0,,0.17269427134205634,,,0.20365669848474294,0.010000000000001563,ekf3,,0.1830562156358948,1.0,,100/50/50 Hz,1.0,700,gps,7,18,0.18842393423604378,0.07392150971023152,0.06071463356202876,before_outage,0.29182568551933646
0.46579907442659735,1.0,,,original,zero,40,1.0,,,0.6,0.6413333333333333,,0.07665417720796673,,,0.18863694043993234,0.010000000000005116,ekf3,,0.08737557757613794,1.0,,100/50/50 Hz,1.0,1500,gps,7,25,0.024546397649329546,0.050193392374785054,0.04193600688350445,outage_window,0.4173802589275279
0.7144154997285963,1.0,,,original,zero,60,1.0,,,0.6,1.0,,0.05702007501869693,,,0.1037708889580204,0.010000000000005116,ekf3,,0.08428299443029909,1.0,,100/50/50 Hz,1.0,2000,gps,7,40,0.0321672019705418,0.02681480236743804,0.062067174859179786,after_return,0.7007912236589785
0.30626513959019036,1.0,1.0,,original,zero,60,1.0,1.0,,0.6,0.0,,0.08919664219799435,1.0,,0.1524002691081275,0.010000000000005116,px4,,0.14620840919914083,1.0,,100/50/50 Hz,1.0,4700,denied,7,13,0.14055031095679124,0.0161090953487343,0.11584842658036572,flight,0.286904208627987
0.30721896348095656,1.0,1.0,,original,zero,25,1.0,1.0,,0.6,0.0,,0.03884123142347116,1.0,,0.06733403255349989,0.010000000000001563,px4,,0.11357737856091076,1.0,,100/50/50 Hz,1.0,700,denied,7,18,0.05955224482900056,0.019545177724060718,0.10672946951183064,before_outage,0.2819226917988726
0.17237357323763491,1.0,1.0,,original,zero,40,1.0,1.0,,0.6,0.0,,0.05377526245703112,1.0,,0.07372092573829071,0.010000000000005116,px4,,0.12318623538133937,1.0,,100/50/50 Hz,1.0,1500,denied,7,25,0.0681307136366998,0.011506563807850046,0.11082901125203712,outage_window,0.13796688209759267
0.1048514722542802,1.0,1.0,,original,zero,60,1.0,1.0,,0.6,0.0,,0.12352988990455183,1.0,,0.1524002691081275,0.010000000000005116,px4,,0.17509750020252843,1.0,,100/50/50 Hz,1.0,2000,denied,7,40,0.14055031095679124,0.010671713030300362,0.12409472542112235,after_return,0.06869116606497211
0.3190140842167779,1.0,,,original,zero,60,1.0,,,0.6,0.0,,0.2543518003332721,,,0.4706326828785474,0.010000000000005116,ekf3,,0.26173976758062467,1.0,,100/50/50 Hz,1.0,4700,denied,7,13,0.24538804402155748,0.0697903531827234,0.061748421845280406,flight,0.2651881037173967
0.3648343261356281,1.0,,,original,zero,25,1.0,,,0.6,0.0,,0.18454924869989728,,,0.2328637779688365,0.010000000000001563,ekf3,,0.19881290011676653,1.0,,100/50/50 Hz,1.0,700,denied,7,18,0.2259291282069331,0.07616687337893231,0.07394690025378249,before_outage,0.32099785147218574
0.2560078368022474,1.0,,,original,zero,40,1.0,,,0.6,0.0,,0.18993083627040824,,,0.2999898536668337,0.010000000000005116,ekf3,,0.19503732817004532,1.0,,100/50/50 Hz,1.0,1500,denied,7,25,0.08619222051087339,0.07335339678728865,0.04433775832553257,outage_window,0.14688919363588235
0.2090308821855287,1.0,,,original,zero,60,1.0,,,0.6,0.0,,0.33008932785874673,,,0.4706326828785474,0.010000000000005116,ekf3,,0.3378324388232119,1.0,,100/50/50 Hz,1.0,2000,denied,7,40,0.24538804402155748,0.06605397533419109,0.07191517471994349,after_return,0.1439964650084863
0.29986340275557205,1.0,1.0,,original,zero,60,1.0,1.0,,0.6,0.8004255319148936,,0.03918909413545717,1.0,,0.09116769919399761,0.010000000000005116,px4,,0.2761747753159996,1.0,,100/50/50 Hz,1.0,4700,transition,7,13,0.018603998947737913,0.015880964541816672,0.27338017744833865,flight,0.2819268261709037
0.1436713735241017,1.0,1.0,,original,zero,25,1.0,1.0,,0.6,1.0,,0.02301196042818542,1.0,,0.04765258218404001,0.010000000000001563,px4,,0.2916896378074161,1.0,,100/50/50 Hz,1.0,700,transition,7,18,0.028258553250286613,0.011308015584260579,0.29078049192040584,before_outage,0.10688943912022864
0.26751919779219174,1.0,1.0,,original,zero,40,1.0,1.0,,0.6,0.46066666666666667,,0.03834918571268586,1.0,,0.05309046896526243,0.010000000000005116,px4,,0.30238507352197225,1.0,,100/50/50 Hz,1.0,1500,transition,7,25,0.03217550272158164,0.016727704021012552,0.29994344907675935,outage_window,0.24631807962252986
0.31226349821327976,1.0,1.0,,original,zero,60,1.0,1.0,,0.6,0.9355,,0.04745595640573687,1.0,,0.09116769919399761,0.010000000000005116,px4,,0.24878775575093387,1.0,,100/50/50 Hz,1.0,2000,transition,7,40,0.018603998947737913,0.016468961934420632,0.24421973633022195,after_return,0.2981909087706776
0.5716666100457252,1.0,,,original,zero,60,1.0,,,0.6,0.4238297872340426,,0.13090718246476604,,,0.30301703450226886,0.010000000000005116,ekf3,,0.13943044516679806,1.0,,100/50/50 Hz,1.0,4700,transition,7,13,0.031959629145045444,0.0551116314305115,0.04800165224810423,flight,0.5426051996724942
0.3440610839867129,1.0,,,original,zero,25,1.0,,,0.6,0.0,,0.17269427134205634,,,0.20365669848474294,0.010000000000001563,ekf3,,0.1830562156358948,1.0,,100/50/50 Hz,1.0,700,transition,7,18,0.18842393423604378,0.07392150971023152,0.06071463356202876,before_outage,0.29182568551933646
0.2520845874849629,1.0,,,original,zero,40,1.0,,,0.6,0.0,,0.16630436328718248,,,0.27098892420002824,0.010000000000005116,ekf3,,0.17089870926474304,1.0,,100/50/50 Hz,1.0,1500,transition,7,25,0.08235204506011397,0.0674895954893449,0.03936022840380883,outage_window,0.14473354253638154
0.7621886405131107,1.0,,,original,zero,60,1.0,,,0.6,0.996,,0.07633307805926887,,,0.30301703450226886,0.010000000000005116,ekf3,,0.093364577897629,1.0,,100/50/50 Hz,1.0,2000,transition,7,40,0.031959629145045444,0.028505608325963473,0.05376063243675617,after_return,0.7452845808433954
0.22557254387430012,1.0,1.0,,original,nominal,60,1.0,1.0,,0.6,1.0,,0.03452116899386432,1.0,,0.07784554037721259,0.010000000000005116,px4,,0.299273582405967,1.0,,100/50/50 Hz,1.0,4700,gps,7,13,0.017389228813790656,0.014114129766437812,0.2972759089085394,flight,0.20504705195103143
0.14768524294518914,1.0,1.0,,original,nominal,25,1.0,1.0,,0.6,1.0,,0.02292271031708852,1.0,,0.04727639541317266,0.010000000000001563,px4,,0.29032584412485213,1.0,,100/50/50 Hz,1.0,700,gps,7,18,0.028448965591446076,0.011265723122188603,0.2894194967836942,before_outage,0.10969166262877456
0.17526166273452568,1.0,1.0,,original,nominal,40,1.0,1.0,,0.6,1.0,,0.03007181041476419,1.0,,0.053032553731485,0.010000000000005116,px4,,0.3035450746065097,1.0,,100/50/50 Hz,1.0,1500,gps,7,25,0.006662220340021253,0.0156222724549651,0.3020518143237183,outage_window,0.14287922747173223
0.189920301727365,1.0,1.0,,original,nominal,60,1.0,1.0,,0.6,1.0,,0.04322623453691928,1.0,,0.07784554037721259,0.010000000000005116,px4,,0.3049868411224749,1.0,,100/50/50 Hz,1.0,2000,gps,7,40,0.017389228813790656,0.013165229829053243,0.3019080421347285,after_return,0.1766072559734831
0.6599292945348825,1.0,,,original,nominal,60,1.0,,,0.6,0.6251063829787235,,0.11718082293735008,,,0.4439712122565648,0.010000000000005116,ekf3,,0.13408228393350222,1.0,,100/50/50 Hz,1.0,4700,gps,7,13,0.03401492974525246,0.06435810712273318,0.06516681364429075,flight,0.6388227377808858
0.28049482321100033,1.0,,,original,nominal,25,1.0,,,0.6,0.0,,0.21717824410222822,,,0.2684994906495788,0.010000000000001563,ekf3,,0.23118433636982325,1.0,,100/50/50 Hz,1.0,700,gps,7,18,0.22856786140653462,0.08469597021546163,0.07924523753152975,before_outage,0.21976985094907284
0.6196237756112748,1.0,,,original,nominal,40,1.0,,,0.6,0.6253333333333333,,0.10842392665987806,,,0.4439712122565648,0.010000000000005116,ekf3,,0.11584833682742257,1.0,,100/50/50 Hz,1.0,1500,gps,7,25,0.03174002148176649,0.0779147995679966,0.04080550542921057,outage_window,0.5813849499188929
0.8189415379081316,1.0,,,original,nominal,60,1.0,,,0.6,1.0,,0.059841383533135686,,,0.09788360677180018,0.010000000000005116,ekf3,,0.08739761975111131,1.0,,100/50/50 Hz,1.0,2000,gps,7,40,0.03401492974525246,0.033101093898051305,0.06369735280998733,after_return,0.809640456957206
0.31151328634947734,1.0,1.0,,original,nominal,60,1.0,1.0,,0.6,0.0,,0.0968829488887192,1.0,,0.16250328821336676,0.010000000000005116,px4,,0.15071083707759222,1.0,,100/50/50 Hz,1.0,4700,denied,7,13,0.15015169520740226,0.016323084920749437,0.11544457816309248,flight,0.2919590799277039
0.3142731224542593,1.0,1.0,,original,nominal,25,1.0,1.0,,0.6,0.0,,0.044521365321203384,1.0,,0.06478161029477304,0.010000000000001563,px4,,0.1150406955555439,1.0,,100/50/50 Hz,1.0,700,denied,7,18,0.06477363367554129,0.01970975921917882,0.10607643312177915,before_outage,0.2886714386214603
0.17437150174603808,1.0,1.0,,original,nominal,40,1.0,1.0,,0.6,0.0,,0.06203357765152589,1.0,,0.08351148630934999,0.010000000000005116,px4,,0.12667590663529074,1.0,,100/50/50 Hz,1.0,1500,denied,7,25,0.07810158712007995,0.011632477175825547,0.11044736558933854,outage_window,0.13916563978388136
0.10494403288505759,1.0,1.0,,original,nominal,60,1.0,1.0,,0.6,0.0,,0.13322395922424382,1.0,,0.16250328821336676,0.010000000000005116,px4,,0.18180658960006915,1.0,,100/50/50 Hz,1.0,2000,denied,7,40,0.15015169520740226,0.01073091404744236,0.12371342979088809,after_return,0.06793181451866695
0.32642844382787806,1.0,,,original,nominal,60,1.0,,,0.6,0.0,,0.22038511840681654,,,0.4047882781568253,0.010000000000005116,ekf3,,0.23010233428035487,1.0,,100/50/50 Hz,1.0,4700,denied,7,13,0.07386053468398417,0.08074275033796341,0.06616255607276396,flight,0.2776703717334929
0.28049466574526855,1.0,,,original,nominal,25,1.0,,,0.6,0.0,,0.21717824240726835,,,0.2684994906495788,0.010000000000001563,ekf3,,0.23118433477755104,1.0,,100/50/50 Hz,1.0,700,denied,7,18,0.22856786140653462,0.08469597021546163,0.07924523753152975,before_outage,0.2197698537806013
0.37274776938854065,1.0,,,original,nominal,40,1.0,,,0.6,0.0,,0.17366220076117891,,,0.28639587684037143,0.010000000000005116,ekf3,,0.1775715315956249,1.0,,100/50/50 Hz,1.0,1500,denied,7,25,0.0687438608278364,0.08662614496790035,0.03705521366825456,outage_window,0.3051055750303016
0.2852623806803148,1.0,,,original,nominal,60,1.0,,,0.6,0.0,,0.26767288188254285,,,0.4047882781568253,0.010000000000005116,ekf3,,0.27610221801047835,1.0,,100/50/50 Hz,1.0,2000,denied,7,40,0.07386053468398417,0.07488393185039606,0.06770275544614118,after_return,0.24773345755358311
0.3010880136912924,1.0,1.0,,original,nominal,60,1.0,1.0,,0.6,0.8029787234042554,,0.03917671563996586,1.0,,0.09100577245140991,0.010000000000005116,px4,,0.2754039415716842,1.0,,100/50/50 Hz,1.0,4700,transition,7,13,0.018603998947737913,0.015875029766320017,0.27260322078963944,flight,0.2825715627464712
0.14768524294518914,1.0,1.0,,original,nominal,25,1.0,1.0,,0.6,1.0,,0.02292271031708852,1.0,,0.04727639541317266,0.010000000000001563,px4,,0.29032584412485213,1.0,,100/50/50 Hz,1.0,700,transition,7,18,0.028448965591446076,0.011265723122188603,0.2894194967836942,before_outage,0.10969166262877456
0.2711804723267718,1.0,1.0,,original,nominal,40,1.0,1.0,,0.6,0.4686666666666667,,0.03843744084169491,1.0,,0.05324779035539651,0.010000000000005116,px4,,0.3014063161221985,1.0,,100/50/50 Hz,1.0,1500,transition,7,25,0.031788537275246796,0.016909273436664245,0.2989453638039832,outage_window,0.24947913939169403
0.31211371017443845,1.0,1.0,,original,nominal,60,1.0,1.0,,0.6,0.9355,,0.047381001495826774,1.0,,0.09100577245140991,0.010000000000005116,px4,,0.24849867933096126,1.0,,100/50/50 Hz,1.0,2000,transition,7,40,0.018603998947737913,0.01631014312381567,0.24393981701740367,after_return,0.2977527910280879
0.6200622761903098,1.0,,,original,nominal,60,1.0,,,0.6,0.4208510638297872,,0.14249672704621852,,,0.28639587684037143,0.010000000000005116,ekf3,,0.1551508928062715,1.0,,100/50/50 Hz,1.0,4700,transition,7,13,0.03386176958213587,0.06884962686696491,0.06137167359375704,flight,0.5953123201708377
0.28049482321100033,1.0,,,original,nominal,25,1.0,,,0.6,0.0,,0.21717824410222822,,,0.2684994906495788,0.010000000000001563,ekf3,,0.23118433636982325,1.0,,100/50/50 Hz,1.0,700,transition,7,18,0.22856786140653462,0.08469597021546163,0.07924523753152975,before_outage,0.21976985094907284
0.3727481711405872,1.0,,,original,nominal,40,1.0,,,0.6,0.0,,0.17366216229133302,,,0.28639587684037143,0.010000000000005116,ekf3,,0.17757149397271313,1.0,,100/50/50 Hz,1.0,1500,transition,7,25,0.0687438608278364,0.0866261531370108,0.03705521366825456,outage_window,0.3051060564368281
0.8570241298872955,1.0,,,original,nominal,60,1.0,,,0.6,0.989,,0.07230301668656107,,,0.14915717125424516,0.010000000000005116,ekf3,,0.09151795330413114,1.0,,100/50/50 Hz,1.0,2000,transition,7,40,0.03386176958213587,0.0377712688257049,0.05610534337298007,after_return,0.844403378514851
0.22375304256656975,1.0,1.0,,original,stress,60,1.0,1.0,,0.6,1.0,,0.034486843125599104,1.0,,0.0778284989897468,0.010000000000005116,px4,,0.3212141334128641,1.0,,100/50/50 Hz,1.0,4700,gps,7,13,0.017389228813790656,0.013991435957409953,0.3193574441834848,flight,0.20455697805015002
0.14238080288348923,1.0,1.0,,original,stress,25,1.0,1.0,,0.6,1.0,,0.022947264427558612,1.0,,0.04778056939948148,0.010000000000001563,px4,,0.3124035261682272,1.0,,100/50/50 Hz,1.0,700,gps,7,18,0.028168479112072712,0.011039621182767856,0.31155960299376734,before_outage,0.10599876219055722
0.1727816180536065,1.0,1.0,,original,stress,40,1.0,1.0,,0.6,1.0,,0.03004104381807469,1.0,,0.05295480201983666,0.010000000000005116,px4,,0.3254733806110537,1.0,,100/50/50 Hz,1.0,1500,gps,7,25,0.006649829636181477,0.015556219090581287,0.32408402795063557,outage_window,0.14193182066489893
0.1889320676218502,1.0,1.0,,original,stress,60,1.0,1.0,,0.6,1.0,,0.043245521400789896,1.0,,0.0778284989897468,0.010000000000005116,px4,,0.3268573985357442,1.0,,100/50/50 Hz,1.0,2000,gps,7,40,0.017389228813790656,0.013075285067075433,0.3239839253054511,after_return,0.17647949219121198
0.5679442265333202,1.0,,,original,stress,60,1.0,,,0.6,0.6059574468085106,,0.0918553030911716,,,0.43814412466631963,0.010000000000005116,ekf3,,0.10485263144219506,1.0,,100/50/50 Hz,1.0,4700,gps,7,13,0.026193160780006178,0.04765403781327186,0.050563599697626284,flight,0.5461795843345331
0.20195211064984236,1.0,,,original,stress,25,1.0,,,0.6,0.0,,0.1480003858902731,,,0.17836045017860763,0.010000000000001563,ekf3,,0.16171111931275484,1.0,,100/50/50 Hz,1.0,700,gps,7,18,0.12496563410536862,0.06635729071259361,0.06516419174450248,before_outage,0.10769680245172501
0.4635071548562666,1.0,,,original,stress,40,1.0,,,0.6,0.5653333333333334,,0.0948718620567411,,,0.43814412466631963,0.010000000000005116,ekf3,,0.09817118126065975,1.0,,100/50/50 Hz,1.0,1500,gps,7,25,0.028354395099755,0.05655439413503211,0.025237088183861466,outage_window,0.42845628417454323
0.7285639210629767,1.0,,,original,stress,60,1.0,,,0.6,1.0,,0.059699835312163,,,0.10802081326631476,0.010000000000005116,ekf3,,0.08375657619733141,1.0,,100/50/50 Hz,1.0,2000,gps,7,40,0.026193160780006178,0.028732202741793646,0.05874601024750532,after_return,0.7160088178749782
0.3045414662813999,1.0,1.0,,original,stress,60,1.0,1.0,,0.6,0.0,,0.09289262021403359,1.0,,0.15597897015942788,0.010000000000005116,px4,,0.1568239350167524,1.0,,100/50/50 Hz,1.0,4700,denied,7,13,0.14464846323397254,0.016057475434012043,0.126351524343436,flight,0.2857286931865476
0.3061348377294584,1.0,1.0,,original,stress,25,1.0,1.0,,0.6,0.0,,0.04213848229092668,1.0,,0.07066261584881393,0.010000000000001563,px4,,0.1242508721631745,1.0,,100/50/50 Hz,1.0,700,denied,7,18,0.06705131770395875,0.019414293410712342,0.11688724286048836,before_outage,0.28142447946223553
0.17171123872406588,1.0,1.0,,original,stress,40,1.0,1.0,,0.6,0.0,,0.05853156611172279,1.0,,0.07781959339284616,0.010000000000005116,px4,,0.13481587490263083,1.0,,100/50/50 Hz,1.0,1500,denied,7,25,0.07189245035259301,0.01152685097998651,0.12144700858510611,outage_window,0.13791485359655614
0.10327378730949736,1.0,1.0,,original,stress,60,1.0,1.0,,0.6,0.0,,0.12730482769107074,1.0,,0.15597897015942788,0.010000000000005116,px4,,0.18526941283725865,1.0,,100/50/50 Hz,1.0,2000,denied,7,40,0.14464846323397254,0.010613244116410684,0.13460399763606345,after_return,0.06778493203866384
0.2453189132821243,1.0,,,original,stress,60,1.0,,,0.6,0.0,,0.18703878295582396,,,0.38089375540292214,0.010000000000005116,ekf3,,0.19509037940264246,1.0,,100/50/50 Hz,1.0,4700,denied,7,13,0.14186623671850634,0.06220971592998704,0.05546845775637857,flight,0.17849688189709947
0.20195200733933136,1.0,,,original,stress,25,1.0,,,0.6,0.0,,0.1480003858902731,,,0.17836045017860763,0.010000000000001563,ekf3,,0.16171111931275484,1.0,,100/50/50 Hz,1.0,700,denied,7,18,0.12496563410536862,0.06635729071259361,0.06516419174450248,before_outage,0.10769661326779668
0.20974772747439735,1.0,,,original,stress,40,1.0,,,0.6,0.0,,0.13911962224045177,,,0.21353306798837726,0.010000000000005116,ekf3,,0.14155079158730502,1.0,,100/50/50 Hz,1.0,1500,denied,7,25,0.03988420980386814,0.06747458978825262,0.0261219698083178,outage_window,0.06849316549138791
0.20578553140411868,1.0,,,original,stress,60,1.0,,,0.6,0.0,,0.24120992649590148,,,0.38089375540292214,0.010000000000005116,ekf3,,0.25064198968879536,1.0,,100/50/50 Hz,1.0,2000,denied,7,40,0.14186623671850634,0.05973027934880627,0.06811151411472219,after_return,0.14377549623100394
0.2992057944920385,1.0,1.0,,original,stress,60,1.0,1.0,,0.6,0.8040425531914893,,0.03909756432539411,1.0,,0.0910864789005688,0.010000000000005116,px4,,0.2971870154840841,1.0,,100/50/50 Hz,1.0,4700,transition,7,13,0.018648387828869604,0.015764206474902603,0.29460397593406457,flight,0.28176478577563646
0.14238080288348923,1.0,1.0,,original,stress,25,1.0,1.0,,0.6,1.0,,0.022947264427558612,1.0,,0.04778056939948148,0.010000000000001563,px4,,0.3124035261682272,1.0,,100/50/50 Hz,1.0,700,transition,7,18,0.028168479112072712,0.011039621182767856,0.31155960299376734,before_outage,0.10599876219055722
0.2674909965133546,1.0,1.0,,original,stress,40,1.0,1.0,,0.6,0.472,,0.038264575746651396,1.0,,0.05300588438950232,0.010000000000005116,px4,,0.3234099774629597,1.0,,100/50/50 Hz,1.0,1500,transition,7,25,0.03177206737038873,0.016799931847507037,0.3211383436550685,outage_window,0.24675071130353848
0.3116885832149908,1.0,1.0,,original,stress,60,1.0,1.0,,0.6,0.9355,,0.047394002037100605,1.0,,0.0910864789005688,0.010000000000005116,px4,,0.27004204528290976,1.0,,100/50/50 Hz,1.0,2000,transition,7,40,0.018648387828869604,0.01627095837859384,0.2658505497295132,after_return,0.29803770701998594
0.5349649264157594,1.0,,,original,stress,60,1.0,,,0.6,0.4208510638297872,,0.11146521919641678,,,0.21353306798837726,0.010000000000005116,ekf3,,0.12130452152819739,1.0,,100/50/50 Hz,1.0,4700,transition,7,13,0.025769220372064965,0.053163152192092715,0.047856993769768534,flight,0.5065515366353478
0.20195211064984236,1.0,,,original,stress,25,1.0,,,0.6,0.0,,0.1480003858902731,,,0.17836045017860763,0.010000000000001563,ekf3,,0.16171111931275484,1.0,,100/50/50 Hz,1.0,700,transition,7,18,0.12496563410536862,0.06635729071259361,0.06516419174450248,before_outage,0.10769680245172501
0.20974772747439735,1.0,,,original,stress,40,1.0,,,0.6,0.0,,0.13911962224045177,,,0.21353306798837726,0.010000000000005116,ekf3,,0.14155079158730502,1.0,,100/50/50 Hz,1.0,1500,transition,7,25,0.03988420980386814,0.06747458978825262,0.0261219698083178,outage_window,0.06849316549138791
0.7572727467968281,1.0,,,original,stress,60,1.0,,,0.6,0.989,,0.071892643770384,,,0.15136224380733893,0.010000000000005116,ekf3,,0.08921633478962994,1.0,,100/50/50 Hz,1.0,2000,transition,7,40,0.025769220372064965,0.03339079901896276,0.05282993625776961,after_return,0.7408067809779059
0.2852071305193677,1.0,1.0,,original,zero,60,1.0,1.0,,0.6,1.0,,0.03938867631020554,1.0,,0.10020665110256127,0.010000000000005116,px4,,0.14575746064848427,1.0,,100/50/50 Hz,1.0,4700,gps,19,13,0.04506938092544975,0.016625179488045087,0.14033449153085745,flight,0.2737750110675721
0.36941248986187264,1.0,1.0,,original,zero,25,1.0,1.0,,0.6,1.0,,0.039913591750156976,1.0,,0.0743183037313527,0.010000000000001563,px4,,0.13585287729587417,1.0,,100/50/50 Hz,1.0,700,gps,19,18,0.011146432555455391,0.023385715425927482,0.1298572657311467,before_outage,0.35539204747052644
0.24580706907922145,1.0,1.0,,original,zero,40,1.0,1.0,,0.6,1.0,,0.03770254957375357,1.0,,0.06241804017878465,0.010000000000005116,px4,,0.14152061124505452,1.0,,100/50/50 Hz,1.0,1500,gps,19,25,0.013267804815151612,0.016917631960433503,0.13640601586005108,outage_window,0.23124332809863193
0.19052472602585035,1.0,1.0,,original,zero,60,1.0,1.0,,0.6,1.0,,0.03416122399038003,1.0,,0.06708756043280562,0.010000000000005116,px4,,0.15512347572248386,1.0,,100/50/50 Hz,1.0,2000,gps,19,40,0.04506938092544975,0.011708208205919725,0.15131524541731786,after_return,0.1820050572120588
0.5719370965800622,1.0,,,original,zero,60,1.0,,,0.6,0.6302127659574468,,0.09632575997476517,,,0.2456593830828462,0.010000000000005116,ekf3,,0.10665681514617019,1.0,,100/50/50 Hz,1.0,4700,gps,19,13,0.05605020155595542,0.04931769630430613,0.0457932766070331,flight,0.5513604963203221
0.34427222142045977,1.0,,,original,zero,25,1.0,,,0.6,0.0,,0.18853409047864117,,,0.2456593830828462,0.010000000000001563,ekf3,,0.19635642206684803,1.0,,100/50/50 Hz,1.0,700,gps,19,18,0.18463297115201502,0.07092118872646332,0.054870221562207264,before_outage,0.2880671685805369
0.5089794177175945,1.0,,,original,zero,40,1.0,,,0.6,0.6413333333333333,,0.07839480403480507,,,0.2050864360809489,0.010000000000005116,ekf3,,0.08437038611378297,1.0,,100/50/50 Hz,1.0,1500,gps,19,25,0.013336803166764053,0.05481368485138721,0.031186804153893886,outage_window,0.47950563617997366
0.7170031359424576,1.0,,,original,zero,60,1.0,,,0.6,1.0,,0.04796095411438697,,,0.09467684692426635,0.010000000000005116,ekf3,,0.0712511723381611,1.0,,100/50/50 Hz,1.0,2000,gps,19,40,0.05605020155595542,0.028790402887431774,0.05269228064906662,after_return,0.7052707422324773
0.22392032040314727,1.0,1.0,,original,zero,60,1.0,1.0,,0.6,0.0,,0.08511584795258462,1.0,,0.14344906378491826,0.010000000000005116,px4,,0.15237467227059118,1.0,,100/50/50 Hz,1.0,4700,denied,19,13,0.11759387979495814,0.015210052245806597,0.12638565257529263,flight,0.21127671149287347
0.2266822200451427,1.0,1.0,,original,zero,25,1.0,1.0,,0.6,0.0,,0.03856759341805958,1.0,,0.06467272549343892,0.010000000000001563,px4,,0.11897400909520425,1.0,,100/50/50 Hz,1.0,700,denied,19,18,0.06467272549343892,0.01908579840448081,0.11254934730208342,before_outage,0.20994154988241207
0.30220123327450676,1.0,1.0,,original,zero,40,1.0,1.0,,0.6,0.0,,0.06588081679767532,1.0,,0.08944096190494454,0.010000000000005116,px4,,0.1404213379635393,1.0,,100/50/50 Hz,1.0,1500,denied,19,25,0.06230976788997098,0.01714953788231855,0.12400754063177638,outage_window,0.291958446265322
0.139308614151114,1.0,1.0,,original,zero,60,1.0,1.0,,0.6,0.0,,0.1147167199024661,1.0,,0.14344906378491826,0.010000000000005116,px4,,0.1793809123126928,1.0,,100/50/50 Hz,1.0,2000,denied,19,40,0.11759387979495814,0.01313850683021713,0.13790426344733916,after_return,0.12780094535390374
0.29792480376190544,1.0,,,original,zero,60,1.0,,,0.6,0.0,,0.184308914832675,,,0.33502120176618905,0.010000000000005116,ekf3,,0.19459706208395894,1.0,,100/50/50 Hz,1.0,4700,denied,19,13,0.1319957240936634,0.06926455831857903,0.06243589099956785,flight,0.2530292361343403
0.3423784212544656,1.0,,,original,zero,25,1.0,,,0.6,0.0,,0.20666920578286052,,,0.275139343820712,0.010000000000001563,ekf3,,0.21805609177864188,1.0,,100/50/50 Hz,1.0,700,denied,19,18,0.21987371465998565,0.07442576085178713,0.06954350108282688,before_outage,0.2923125266972879
0.37116693475009693,1.0,,,original,zero,40,1.0,,,0.6,0.0,,0.14348587711674526,,,0.21961502622724302,0.010000000000005116,ekf3,,0.14758868714085685,1.0,,100/50/50 Hz,1.0,1500,denied,19,25,0.035823927637809755,0.07246860460123244,0.03455754100048208,outage_window,0.31919556443788577
0.21866766995029502,1.0,,,original,zero,60,1.0,,,0.6,0.0,,0.21519467742821316,,,0.33502120176618905,0.010000000000005116,ekf3,,0.22789861221260807,1.0,,100/50/50 Hz,1.0,2000,denied,19,40,0.1319957240936634,0.06707654799749466,0.07502685022710202,after_return,0.17683432387354628
0.2915857489283414,1.0,1.0,,original,zero,60,1.0,1.0,,0.6,0.8004255319148936,,0.041647812693927734,1.0,,0.10020665110256127,0.010000000000005116,px4,,0.14532657836053,1.0,,100/50/50 Hz,1.0,4700,transition,19,13,0.045476626449605,0.01672695050105203,0.13923100974923217,flight,0.27862555468006206
0.36941248986187264,1.0,1.0,,original,zero,25,1.0,1.0,,0.6,1.0,,0.039913591750156976,1.0,,0.0743183037313527,0.010000000000001563,px4,,0.13585287729587417,1.0,,100/50/50 Hz,1.0,700,transition,19,18,0.011146432555455391,0.023385715425927482,0.1298572657311467,before_outage,0.35539204747052644
0.25977150313821956,1.0,1.0,,original,zero,40,1.0,1.0,,0.6,0.46066666666666667,,0.0354950374424751,1.0,,0.05694804997403625,0.010000000000005116,px4,,0.1415501015664043,1.0,,100/50/50 Hz,1.0,1500,transition,19,25,0.022685955684940733,0.015656079991233543,0.13702749202410686,outage_window,0.24420676114592751
0.19912449672973295,1.0,1.0,,original,zero,60,1.0,1.0,,0.6,0.9355,,0.041453564083176186,1.0,,0.08200929141118661,0.010000000000005116,px4,,0.15415021208947216,1.0,,100/50/50 Hz,1.0,2000,transition,19,40,0.045476626449605,0.013261929360573224,0.14847184888736062,after_return,0.1865474013093574
0.5309264607213785,1.0,,,original,zero,60,1.0,,,0.6,0.4238297872340426,,0.1119321582041184,,,0.2695566799822053,0.010000000000005116,ekf3,,0.12149991320057155,1.0,,100/50/50 Hz,1.0,4700,transition,19,13,0.05611923923984025,0.05386737723288881,0.0472590823812167,flight,0.5066470010909784
0.34427222142045977,1.0,,,original,zero,25,1.0,,,0.6,0.0,,0.18853409047864117,,,0.2456593830828462,0.010000000000001563,ekf3,,0.19635642206684803,1.0,,100/50/50 Hz,1.0,700,transition,19,18,0.18463297115201502,0.07092118872646332,0.054870221562207264,before_outage,0.2880671685805369
0.38246999516114427,1.0,,,original,zero,40,1.0,,,0.6,0.0,,0.12040516607396165,,,0.18437083852444927,0.010000000000005116,ekf3,,0.12387871562122749,1.0,,100/50/50 Hz,1.0,1500,transition,19,25,0.030887995254419185,0.06635791734269914,0.029129575463206915,outage_window,0.33725906979768816
0.701703349560404,1.0,,,original,zero,60,1.0,,,0.6,0.996,,0.0606166288595149,,,0.2695566799822053,0.010000000000005116,ekf3,,0.08285196306842811,1.0,,100/50/50 Hz,1.0,2000,transition,19,40,0.05611923923984025,0.029715172335090436,0.056480723171715846,after_return,0.688019876226523
0.28583990861167996,1.0,1.0,,original,nominal,60,1.0,1.0,,0.6,1.0,,0.03939746278600224,1.0,,0.10049347973675712,0.010000000000005116,px4,,0.16867407709906865,1.0,,100/50/50 Hz,1.0,4700,gps,19,13,0.04506938092544975,0.016666041837030108,0.16400848822926245,flight,0.2729104580137353
0.3708499320144448,1.0,1.0,,original,nominal,25,1.0,1.0,,0.6,1.0,,0.0398428367120777,1.0,,0.07462427602455601,0.010000000000001563,px4,,0.15851787421955518,1.0,,100/50/50 Hz,1.0,700,gps,19,18,0.010992010700905146,0.023364076089232976,0.1534290220584796,before_outage,0.3550947622422569
0.24759753866608095,1.0,1.0,,original,nominal,40,1.0,1.0,,0.6,1.0,,0.037701102812322786,1.0,,0.06241804017878465,0.010000000000005116,px4,,0.164599396105409,1.0,,100/50/50 Hz,1.0,1500,gps,19,25,0.013240984450720434,0.016964508691706178,0.16022355646096487,outage_window,0.23139056316379267
0.19168496665209483,1.0,1.0,,original,nominal,60,1.0,1.0,,0.6,1.0,,0.03414832671252184,1.0,,0.06708756043280562,0.010000000000005116,px4,,0.17828542953295287,1.0,,100/50/50 Hz,1.0,2000,gps,19,40,0.04506938092544975,0.011790047430544645,0.17498453122057497,after_return,0.1821247328290992
0.6663931351613819,1.0,,,original,nominal,60,1.0,,,0.6,0.6251063829787235,,0.11697894188379213,,,0.4686820532152577,0.010000000000005116,ekf3,,0.13158970423918437,1.0,,100/50/50 Hz,1.0,4700,gps,19,13,0.078226748492464,0.06258858419888633,0.060264230000095405,flight,0.6448324968829814
0.3383556431995193,1.0,,,original,nominal,25,1.0,,,0.6,0.0,,0.17819585933723234,,,0.2619864966540803,0.010000000000001563,ekf3,,0.19449234714821148,1.0,,100/50/50 Hz,1.0,700,gps,19,18,0.18422883092184247,0.0855050517066367,0.07793271979268859,before_outage,0.28198850584526197
0.6444926355321285,1.0,,,original,nominal,40,1.0,,,0.6,0.6253333333333333,,0.13477042715063917,,,0.4686820532152577,0.010000000000005116,ekf3,,0.1433444617266362,1.0,,100/50/50 Hz,1.0,1500,gps,19,25,0.02239197327336274,0.07628035524123541,0.048832025079176604,outage_window,0.6113062264837962
0.8225853631651826,1.0,,,original,nominal,60,1.0,,,0.6,1.0,,0.05103533403739158,,,0.09758308974276954,0.010000000000005116,ekf3,,0.07917488430877646,1.0,,100/50/50 Hz,1.0,2000,gps,19,40,0.078226748492464,0.0346703056583885,0.06053145450920537,after_return,0.8108067633823145
0.23035355745261055,1.0,1.0,,original,nominal,60,1.0,1.0,,0.6,0.0,,0.08403564512977922,1.0,,0.14226178526029848,0.010000000000005116,px4,,0.160621849578867,1.0,,100/50/50 Hz,1.0,4700,denied,19,13,0.11620765593405105,0.015494133038528304,0.13688458243994464,flight,0.2162068919694446
0.23998387776054264,1.0,1.0,,original,nominal,25,1.0,1.0,,0.6,0.0,,0.03746855253557689,1.0,,0.06378022694909222,0.010000000000001563,px4,,0.12851562676176162,1.0,,100/50/50 Hz,1.0,700,denied,19,18,0.06378022694909222,0.019569705719217567,0.12293239561993875,before_outage,0.2217360744985564
0.31015858537078655,1.0,1.0,,original,nominal,40,1.0,1.0,,0.6,0.0,,0.06487702413992263,1.0,,0.08823350321337332,0.010000000000005116,px4,,0.14935477551650447,1.0,,100/50/50 Hz,1.0,1500,denied,19,25,0.06076593557114143,0.01739761231366095,0.1345281409532345,outage_window,0.2988818522619073
0.14259581917657696,1.0,1.0,,original,nominal,60,1.0,1.0,,0.6,0.0,,0.11337500914315961,1.0,,0.14226178526029848,0.010000000000005116,px4,,0.18686006692699625,1.0,,100/50/50 Hz,1.0,2000,denied,19,40,0.11620765593405105,0.013309669032434109,0.14853549041811523,after_return,0.12973964808377253
0.35905461786868687,1.0,,,original,nominal,60,1.0,,,0.6,0.0,,0.18933879456103697,,,0.31391756387381714,0.010000000000005116,ekf3,,0.2010543362375622,1.0,,100/50/50 Hz,1.0,4700,denied,19,13,0.08905201430853407,0.07948194735708462,0.06762889171131037,flight,0.3142269643455217
0.33835496382246166,1.0,,,original,nominal,25,1.0,,,0.6,0.0,,0.17819585933723234,,,0.2619864966540803,0.010000000000001563,ekf3,,0.19449234714821148,1.0,,100/50/50 Hz,1.0,700,denied,19,18,0.18422883092184247,0.0855049344207337,0.07793271979268859,before_outage,0.2819877019579376
0.47182312366384066,1.0,,,original,nominal,40,1.0,,,0.6,0.0,,0.17874410660725298,,,0.2455388779177232,0.010000000000005116,ekf3,,0.18502922632246963,1.0,,100/50/50 Hz,1.0,1500,denied,19,25,0.10877241384736802,0.08843116052237723,0.047815885923682994,outage_window,0.41962745443548793
0.2838786190161492,1.0,,,original,nominal,60,1.0,,,0.6,0.0,,0.21060107875475095,,,0.31391756387381714,0.010000000000005116,ekf3,,0.22428546020120166,1.0,,100/50/50 Hz,1.0,2000,denied,19,40,0.08905201430853407,0.07308296172363642,0.07714371837680628,after_return,0.24596439738832063
0.29232377798706555,1.0,1.0,,original,nominal,60,1.0,1.0,,0.6,0.8029787234042554,,0.04164450247027579,1.0,,0.10049347973675712,0.010000000000005116,px4,,0.16827581551411086,1.0,,100/50/50 Hz,1.0,4700,transition,19,13,0.045476626449605,0.016773243659280963,0.16304136131958133,flight,0.2777975423565556
0.3708499320144448,1.0,1.0,,original,nominal,25,1.0,1.0,,0.6,1.0,,0.0398428367120777,1.0,,0.07462427602455601,0.010000000000001563,px4,,0.15851787421955518,1.0,,100/50/50 Hz,1.0,700,transition,19,18,0.010992010700905146,0.023364076089232976,0.1534290220584796,before_outage,0.3550947622422569
0.2616736876480436,1.0,1.0,,original,nominal,40,1.0,1.0,,0.6,0.4686666666666667,,0.03544715840910583,1.0,,0.05681187682306084,0.010000000000005116,px4,,0.1648896196491163,1.0,,100/50/50 Hz,1.0,1500,transition,19,25,0.022565394177553186,0.015687891307278757,0.1610344237383734,outage_window,0.24444236326174662
0.20044008351765819,1.0,1.0,,original,nominal,60,1.0,1.0,,0.6,0.9355,,0.04144523984737613,1.0,,0.08204008556917121,0.010000000000005116,px4,,0.17719655446836335,1.0,,100/50/50 Hz,1.0,2000,transition,19,40,0.045476626449605,0.013367604591882245,0.1722814877154627,after_return,0.18664471270183428
0.5993535876090893,1.0,,,original,nominal,60,1.0,,,0.6,0.4208510638297872,,0.1367895758348651,,,0.37806518712744225,0.010000000000005116,ekf3,,0.15000398462832226,1.0,,100/50/50 Hz,1.0,4700,transition,19,13,0.07828582283719093,0.06927369810062688,0.06156141118664868,flight,0.5724011881346374
0.3383556431995193,1.0,,,original,nominal,25,1.0,,,0.6,0.0,,0.17819585933723234,,,0.2619864966540803,0.010000000000001563,ekf3,,0.19449234714821148,1.0,,100/50/50 Hz,1.0,700,transition,19,18,0.18422883092184247,0.0855050517066367,0.07793271979268859,before_outage,0.28198850584526197
0.4718233150078978,1.0,,,original,nominal,40,1.0,,,0.6,0.0,,0.1787440520778326,,,0.2455388779177232,0.010000000000005116,ekf3,,0.18502917364531893,1.0,,100/50/50 Hz,1.0,1500,transition,19,25,0.10877241384736802,0.08843119981968872,0.047815885923682994,outage_window,0.4196276710656885
0.7885444574099176,1.0,,,original,nominal,60,1.0,,,0.6,0.989,,0.06386720583626913,,,0.37806518712744225,0.010000000000005116,ekf3,,0.09048813787636681,1.0,,100/50/50 Hz,1.0,2000,transition,19,40,0.07828582283719093,0.04210166861173708,0.06410213034681453,after_return,0.7735785996843878
0.2873056128918385,1.0,1.0,,original,stress,60,1.0,1.0,,0.6,1.0,,0.039400356448718504,1.0,,0.10035568692982971,0.010000000000005116,px4,,0.15489369937831513,1.0,,100/50/50 Hz,1.0,4700,gps,19,13,0.04506938092544975,0.016699283711532387,0.14979876507773282,flight,0.2750409486668975
0.3736288823877128,1.0,1.0,,original,stress,25,1.0,1.0,,0.6,1.0,,0.04006390021894569,1.0,,0.07449797018704023,0.010000000000001563,px4,,0.1447884207864496,1.0,,100/50/50 Hz,1.0,700,gps,19,18,0.011097376259675858,0.02344106961223325,0.139135080741991,before_outage,0.3586452003068636
0.24725296601578417,1.0,1.0,,original,stress,40,1.0,1.0,,0.6,1.0,,0.03772391739320272,1.0,,0.06241804017878465,0.010000000000005116,px4,,0.15075746474003648,1.0,,100/50/50 Hz,1.0,1500,gps,19,25,0.013267804815151612,0.016962758842858285,0.14596136211804192,outage_window,0.23167452697339302
0.1912789574671971,1.0,1.0,,original,stress,60,1.0,1.0,,0.6,1.0,,0.0341518642718482,1.0,,0.06708756043280562,0.010000000000005116,px4,,0.1643906229651428,1.0,,100/50/50 Hz,1.0,2000,gps,19,40,0.04506938092544975,0.011737909474565492,0.16080400208211548,after_return,0.18215352877582436
0.5189496074214599,1.0,,,original,stress,60,1.0,,,0.6,0.6038297872340426,,0.11482469064914937,,,0.27538027999775033,0.010000000000005116,ekf3,,0.12920826593819398,1.0,,100/50/50 Hz,1.0,4700,gps,19,13,0.06814237812928484,0.05225467812729773,0.05924581338864555,flight,0.4942668171670694
0.28738472296187645,1.0,,,original,stress,25,1.0,,,0.6,0.0,,0.2305825911499773,,,0.27538027999775033,0.010000000000001563,ekf3,,0.2406961786123337,1.0,,100/50/50 Hz,1.0,700,gps,19,18,0.21256868450808278,0.0748919977405355,0.06903853313290235,before_outage,0.2274030499025993
0.427795181435454,1.0,,,original,stress,40,1.0,,,0.6,0.5586666666666666,,0.11027373269779948,,,0.24381184049453075,0.010000000000005116,ekf3,,0.12199421411050225,1.0,,100/50/50 Hz,1.0,1500,gps,19,25,0.02198239222107058,0.06517893429084665,0.05217558963091201,outage_window,0.386752898711766
0.6765790100929501,1.0,,,original,stress,60,1.0,,,0.6,1.0,,0.04776803770026063,,,0.09550401433913114,0.010000000000005116,ekf3,,0.07798843975701476,1.0,,100/50/50 Hz,1.0,2000,gps,19,40,0.06814237812928484,0.02869415934762815,0.06164747610405473,after_return,0.6617105006330911
0.22807549611258357,1.0,1.0,,original,stress,60,1.0,1.0,,0.6,0.0,,0.08459619138096275,1.0,,0.1427137307449228,0.010000000000005116,px4,,0.1551549996831151,1.0,,100/50/50 Hz,1.0,4700,denied,19,13,0.11668673718341606,0.015390062641351494,0.13006367029460214,flight,0.21439726330687456
0.2350932169750252,1.0,1.0,,original,stress,25,1.0,1.0,,0.6,0.0,,0.03947287365979599,1.0,,0.0629430581168506,0.010000000000001563,px4,,0.1225893780485053,1.0,,100/50/50 Hz,1.0,700,denied,19,18,0.0629430581168506,0.019345797498252413,0.11606053530531875,before_outage,0.217185836701189
0.30741116081669806,1.0,1.0,,original,stress,40,1.0,1.0,,0.6,0.0,,0.06443194078261685,1.0,,0.0880358770381486,0.010000000000005116,px4,,0.14304221405939804,1.0,,100/50/50 Hz,1.0,1500,denied,19,25,0.061871646862442654,0.017327398565663628,0.12770904435473632,outage_window,0.29642862904114803
0.14165934805244568,1.0,1.0,,original,stress,60,1.0,1.0,,0.6,0.0,,0.11439124269942351,1.0,,0.1427137307449228,0.010000000000005116,px4,,0.18206816592064917,1.0,,100/50/50 Hz,1.0,2000,denied,19,40,0.11668673718341606,0.01325100536124556,0.14164554576615046,after_return,0.12933117287062462
0.24398145124052256,1.0,,,original,stress,60,1.0,,,0.6,0.0,,0.24602926711054746,,,0.4309190689951894,0.010000000000005116,ekf3,,0.2558022188246831,1.0,,100/50/50 Hz,1.0,4700,denied,19,13,0.2162233888789317,0.060475383197020005,0.07003124217574579,flight,0.18433186351865785
0.2873848107177812,1.0,,,original,stress,25,1.0,,,0.6,0.0,,0.2305827188542561,,,0.27538027999775033,0.010000000000001563,ekf3,,0.24069630095072872,1.0,,100/50/50 Hz,1.0,700,denied,19,18,0.21256868450808278,0.07489190321325602,0.06903853313290235,before_outage,0.2274030460982513
0.3091686917147225,1.0,,,original,stress,40,1.0,,,0.6,0.0,,0.18030315631415103,,,0.26411347039901506,0.010000000000005116,ekf3,,0.18767787622282986,1.0,,100/50/50 Hz,1.0,1500,denied,19,25,0.1438782363357051,0.061743336912936604,0.05209373327634205,outage_window,0.23938125543322294
0.17418278300046744,1.0,,,original,stress,60,1.0,,,0.6,0.0,,0.31350030820773833,,,0.4309190689951894,0.010000000000005116,ekf3,,0.32460111029746486,1.0,,100/50/50 Hz,1.0,2000,denied,19,40,0.2162233888789317,0.05769049732330926,0.08416316034940703,after_return,0.1131866666737302
0.29389373823861725,1.0,1.0,,original,stress,60,1.0,1.0,,0.6,0.8042553191489362,,0.04164575290538697,1.0,,0.10035568692982971,0.010000000000005116,px4,,0.15455632721211124,1.0,,100/50/50 Hz,1.0,4700,transition,19,13,0.045476626449605,0.016820528733798207,0.14883981169781374,flight,0.2800825426264506
0.3736288823877128,1.0,1.0,,original,stress,25,1.0,1.0,,0.6,1.0,,0.04006390021894569,1.0,,0.07449797018704023,0.010000000000001563,px4,,0.1447884207864496,1.0,,100/50/50 Hz,1.0,700,transition,19,18,0.011097376259675858,0.02344106961223325,0.139135080741991,before_outage,0.3586452003068636
0.26205011591108646,1.0,1.0,,original,stress,40,1.0,1.0,,0.6,0.4726666666666667,,0.03547597346563955,1.0,,0.056887102430428625,0.010000000000005116,px4,,0.15089695356193333,1.0,,100/50/50 Hz,1.0,1500,transition,19,25,0.022488600177758892,0.01572612989640655,0.14666746708434525,outage_window,0.2455033802565107
0.19983404952849507,1.0,1.0,,original,stress,60,1.0,1.0,,0.6,0.9355,,0.041441721619271205,1.0,,0.08193190288387933,0.010000000000005116,px4,,0.16354626031695066,1.0,,100/50/50 Hz,1.0,2000,transition,19,40,0.045476626449605,0.01332843568539043,0.15820860587493535,after_return,0.18656835907761643
0.47575093355167963,1.0,,,original,stress,60,1.0,,,0.6,0.4208510638297872,,0.14265754562765065,,,0.37806518712744225,0.010000000000005116,ekf3,,0.15502089880685543,1.0,,100/50/50 Hz,1.0,4700,transition,19,13,0.06805045650952868,0.05330801736463486,0.0606655070231848,flight,0.4464154799307867
0.28738472296187645,1.0,,,original,stress,25,1.0,,,0.6,0.0,,0.2305825911499773,,,0.27538027999775033,0.010000000000001563,ekf3,,0.2406961786123337,1.0,,100/50/50 Hz,1.0,700,transition,19,18,0.21256868450808278,0.0748919977405355,0.06903853313290235,before_outage,0.2274030499025993
0.3091691933082972,1.0,,,original,stress,40,1.0,,,0.6,0.0,,0.18030297665582876,,,0.26411347039901506,0.010000000000005116,ekf3,,0.1876777036241093,1.0,,100/50/50 Hz,1.0,1500,transition,19,25,0.1438782363357051,0.061743336912936604,0.05209373327634205,outage_window,0.23938186336091682
0.6498827611545642,1.0,,,original,stress,60,1.0,,,0.6,0.989,,0.06213959662046948,,,0.37806518712744225,0.010000000000005116,ekf3,,0.0898231587796525,1.0,,100/50/50 Hz,1.0,2000,transition,19,40,0.06805045650952868,0.03757258935453287,0.06486039149588907,after_return,0.63347143113401
0.28868109728996777,1.0,1.0,,original,zero,60,1.0,1.0,,0.6,1.0,,0.04356860843213579,1.0,,0.10464918249221214,0.010000000000005116,px4,,0.1750394836253171,1.0,,100/50/50 Hz,1.0,4700,gps,41,13,0.019759411142808915,0.01915265379248248,0.16953051992813825,flight,0.2753374617455504
0.2771442653791006,1.0,1.0,,original,zero,25,1.0,1.0,,0.6,1.0,,0.037778336892499265,1.0,,0.06657287806759812,0.010000000000001563,px4,,0.15429640588761742,1.0,,100/50/50 Hz,1.0,700,gps,41,18,0.012492210539344477,0.020172402770959077,0.14960006059983133,before_outage,0.2634924327219929
0.275202833253197,1.0,1.0,,original,zero,40,1.0,1.0,,0.6,1.0,,0.05155952941385046,1.0,,0.10464918249221214,0.010000000000005116,px4,,0.19567309914232217,1.0,,100/50/50 Hz,1.0,1500,gps,41,25,0.01912761810532609,0.02027223189293833,0.18875798434657892,outage_window,0.26313125396308684
0.1428272941168354,1.0,1.0,,original,zero,60,1.0,1.0,,0.6,1.0,,0.038167888845132926,1.0,,0.06616921262383424,0.010000000000005116,px4,,0.17483378442172595,1.0,,100/50/50 Hz,1.0,2000,gps,41,40,0.019759411142808915,0.015611904108903625,0.17061671792742975,after_return,0.12348626201999846
0.45278707518213995,1.0,,,original,zero,60,1.0,,,0.6,0.6280851063829788,,0.09762844993863758,,,0.29066094533986064,0.010000000000005116,ekf3,,0.11344364403352504,1.0,,100/50/50 Hz,1.0,4700,gps,41,13,0.020617070021903418,0.04948581475628541,0.057776691962971354,flight,0.4299174174321725
0.2911773527154464,1.0,,,original,zero,25,1.0,,,0.6,0.0,,0.1417646772461806,,,0.16837495310841796,0.010000000000001563,ekf3,,0.16425656507992797,1.0,,100/50/50 Hz,1.0,700,gps,41,18,0.16508169955682195,0.06778582943954642,0.08296382016965502,before_outage,0.24364802416633824
0.4875690684203236,1.0,,,original,zero,40,1.0,,,0.6,0.6346666666666667,,0.11003336544425461,,,0.29066094533986064,0.010000000000005116,ekf3,,0.11933260623563405,1.0,,100/50/50 Hz,1.0,1500,gps,41,25,0.030935550832416964,0.05064232885090159,0.046183648621563024,outage_window,0.4561493665142239
0.48237605464561734,1.0,,,original,zero,60,1.0,,,0.6,1.0,,0.0534919085085939,,,0.11111328548611364,0.010000000000005116,ekf3,,0.07723998790064497,1.0,,100/50/50 Hz,1.0,2000,gps,41,40,0.020617070021903418,0.03164101628562244,0.05571921979891679,after_return,0.46987841702382954
0.17623596780830134,1.0,1.0,,original,zero,60,1.0,1.0,,0.6,0.0,,0.10151640397070925,1.0,,0.1784181847971796,0.010000000000005116,px4,,0.15073469446351515,1.0,,100/50/50 Hz,1.0,4700,denied,41,13,0.1670478460517817,0.012907493684851817,0.11142426952807466,flight,0.1528618602031457
0.16899316735506478,1.0,1.0,,original,zero,25,1.0,1.0,,0.6,0.0,,0.035762885780065055,1.0,,0.05616360140557963,0.010000000000001563,px4,,0.10054760808889651,1.0,,100/50/50 Hz,1.0,700,denied,41,18,0.05382835980887981,0.015762854203037118,0.09397253584468361,before_outage,0.14016615750473432
0.1340298123387576,1.0,1.0,,original,zero,40,1.0,1.0,,0.6,0.0,,0.0754006198406132,1.0,,0.09271769260383894,0.010000000000005116,px4,,0.14049173534542703,1.0,,100/50/50 Hz,1.0,1500,denied,41,25,0.0834444446869292,0.008954044883038718,0.11854397592463665,outage_window,0.10395013664300291
0.0775858065463201,1.0,1.0,,original,zero,60,1.0,1.0,,0.6,0.0,,0.13891073708450377,1.0,,0.1784181847971796,0.010000000000005116,px4,,0.18287236901221948,1.0,,100/50/50 Hz,1.0,2000,denied,41,40,0.1670478460517817,0.012099326184820342,0.11893742249931788,after_return,0.03804870033402837
0.2877577294907971,1.0,,,original,zero,60,1.0,,,0.6,0.0,,0.19362142963614676,,,0.33571481559787686,0.010000000000005116,ekf3,,0.20355838253400424,1.0,,100/50/50 Hz,1.0,4700,denied,41,13,0.24293761505256983,0.06758505924768855,0.06282322091006373,flight,0.2489461755249273
0.309322123146294,1.0,,,original,zero,25,1.0,,,0.6,0.0,,0.15734353884759397,,,0.1987475460780574,0.010000000000001563,ekf3,,0.18571181934830036,1.0,,100/50/50 Hz,1.0,700,denied,41,18,0.19850659620129724,0.07162012906848726,0.09865034530386313,before_outage,0.27390739335155123
0.3155195551558388,1.0,,,original,zero,40,1.0,,,0.6,0.0,,0.18317059487426005,,,0.2606926491587524,0.010000000000005116,ekf3,,0.18942462258091905,1.0,,100/50/50 Hz,1.0,1500,denied,41,25,0.11544530450506456,0.06856038804075412,0.048272360759893794,outage_window,0.26421039415387365
0.20493017983817205,1.0,,,original,zero,60,1.0,,,0.6,0.0,,0.22360634432510862,,,0.33571481559787686,0.010000000000005116,ekf3,,0.22970392406843865,1.0,,100/50/50 Hz,1.0,2000,denied,41,40,0.24293761505256983,0.06348629074221183,0.052574666047441515,after_return,0.16496577378287286
0.27925852950899926,1.0,1.0,,original,zero,60,1.0,1.0,,0.6,0.8004255319148936,,0.03547427971869018,1.0,,0.08080134802746618,0.010000000000005116,px4,,0.16024263474467323,1.0,,100/50/50 Hz,1.0,4700,transition,41,13,0.019703087258360306,0.017645893361913374,0.15626668700767568,flight,0.2639395849380314
0.2771442653791006,1.0,1.0,,original,zero,25,1.0,1.0,,0.6,1.0,,0.037778336892499265,1.0,,0.06657287806759812,0.010000000000001563,px4,,0.15429640588761742,1.0,,100/50/50 Hz,1.0,700,transition,41,18,0.012492210539344477,0.020172402770959077,0.14960006059983133,before_outage,0.2634924327219929
0.18871310893054108,1.0,1.0,,original,zero,40,1.0,1.0,,0.6,0.46066666666666667,,0.0308536934504432,1.0,,0.04678476782934202,0.010000000000005116,px4,,0.18385191518088614,1.0,,100/50/50 Hz,1.0,1500,transition,41,25,0.020415730035076195,0.014093303602279046,0.18124452078930783,outage_window,0.16911468544670574
0.19472211168182232,1.0,1.0,,original,zero,60,1.0,1.0,,0.6,0.9355,,0.03511532164551465,1.0,,0.06855671291195407,0.010000000000005116,px4,,0.14924157988094905,1.0,,100/50/50 Hz,1.0,2000,transition,41,40,0.019703087258360306,0.016513288190224452,0.1450515885852125,after_return,0.17687008094908507
0.40911015187401123,1.0,,,original,zero,60,1.0,,,0.6,0.4238297872340426,,0.12084603162648816,,,0.39017780107905403,0.010000000000005116,ekf3,,0.13172846992886136,1.0,,100/50/50 Hz,1.0,4700,transition,41,13,0.02055720208277562,0.053689663870646005,0.05242734429597555,flight,0.3840378462955445
0.2911773527154464,1.0,,,original,zero,25,1.0,,,0.6,0.0,,0.1417646772461806,,,0.16837495310841796,0.010000000000001563,ekf3,,0.16425656507992797,1.0,,100/50/50 Hz,1.0,700,transition,41,18,0.16508169955682195,0.06778582943954642,0.08296382016965502,before_outage,0.24364802416633824
0.325982666930439,1.0,,,original,zero,40,1.0,,,0.6,0.0,,0.1546272155650512,,,0.22382463895176635,0.010000000000005116,ekf3,,0.1601878624825681,1.0,,100/50/50 Hz,1.0,1500,transition,41,25,0.0898673730578401,0.06268791791063456,0.04183987922226035,outage_window,0.2806753205072389
0.4927626571181601,1.0,,,original,zero,60,1.0,,,0.6,0.996,,0.07700625949777225,,,0.39017780107905403,0.010000000000005116,ekf3,,0.0890841713316021,1.0,,100/50/50 Hz,1.0,2000,transition,41,40,0.02055720208277562,0.03156868647327257,0.04478867691727453,after_return,0.4795807807450143
0.28646282928320693,1.0,1.0,,original,nominal,60,1.0,1.0,,0.6,1.0,,0.043522614587416374,1.0,,0.10450948411033494,0.010000000000005116,px4,,0.17403578553892254,1.0,,100/50/50 Hz,1.0,4700,gps,41,13,0.019759411142808915,0.019077065699441415,0.1685058950530368,flight,0.27418338694943006
0.27330668979125083,1.0,1.0,,original,nominal,25,1.0,1.0,,0.6,1.0,,0.03773241400535887,1.0,,0.06657287806759812,0.010000000000001563,px4,,0.15338644711378402,1.0,,100/50/50 Hz,1.0,700,gps,41,18,0.012435590796070345,0.02009163676975999,0.14867302072507255,before_outage,0.26102500576879895
0.27351893318395837,1.0,1.0,,original,nominal,40,1.0,1.0,,0.6,1.0,,0.051490329853976814,1.0,,0.10450948411033494,0.010000000000005116,px4,,0.1946319415758789,1.0,,100/50/50 Hz,1.0,1500,gps,41,25,0.01912761810532609,0.020192096162484928,0.18769746565450743,outage_window,0.26243142802890934
0.14162940704711033,1.0,1.0,,original,nominal,60,1.0,1.0,,0.6,1.0,,0.03816067121196119,1.0,,0.0662048266048966,0.010000000000005116,px4,,0.17380277443373288,1.0,,100/50/50 Hz,1.0,2000,gps,41,40,0.019759411142808915,0.015568004005497807,0.16956169252963837,after_return,0.12345491507583484
0.6013022082483775,1.0,,,original,nominal,60,1.0,,,0.6,0.6251063829787235,,0.11025172472922089,,,0.3686293494957007,0.010000000000005116,ekf3,,0.12342898719508025,1.0,,100/50/50 Hz,1.0,4700,gps,41,13,0.02217886803915998,0.06011376446553309,0.055491189158598714,flight,0.57068421003129
0.40687256911582087,1.0,,,original,nominal,25,1.0,,,0.6,0.0,,0.1956134529337163,,,0.23464227531010184,0.010000000000001563,ekf3,,0.20275317129123094,1.0,,100/50/50 Hz,1.0,700,gps,41,18,0.2151841752436663,0.08324887239371818,0.053331280689666534,before_outage,0.34312838250933175
0.7046496157499071,1.0,,,original,nominal,40,1.0,,,0.6,0.6253333333333333,,0.1045927337490313,,,0.3686293494957007,0.010000000000005116,ekf3,,0.11886770292961168,1.0,,100/50/50 Hz,1.0,1500,gps,41,25,0.030361839010030506,0.06692404478495881,0.05647911867820413,outage_window,0.6632955558206609
0.6384157405104065,1.0,,,original,nominal,60,1.0,,,0.6,1.0,,0.06064457737503658,,,0.1194090409944004,0.010000000000005116,ekf3,,0.08478698402465322,1.0,,100/50/50 Hz,1.0,2000,gps,41,40,0.02217886803915998,0.04098298913406513,0.059254264783220455,after_return,0.622735803306404
0.16826689705859874,1.0,1.0,,original,nominal,60,1.0,1.0,,0.6,0.0,,0.10144762302916255,1.0,,0.1785706078438367,0.010000000000005116,px4,,0.14971900422098172,1.0,,100/50/50 Hz,1.0,4700,denied,41,13,0.16718957899028672,0.01262592297897117,0.11010976344836669,flight,0.1458646659397064
0.15723396626651995,1.0,1.0,,original,nominal,25,1.0,1.0,,0.6,0.0,,0.03529510162394979,1.0,,0.05611114041931636,0.010000000000001563,px4,,0.09925798323858573,1.0,,100/50/50 Hz,1.0,700,denied,41,18,0.05370286097896232,0.01539595142206897,0.09277070139837482,before_outage,0.12895968432739088
0.1351534463835399,1.0,1.0,,original,nominal,40,1.0,1.0,,0.6,0.0,,0.07549666246463911,1.0,,0.09253951267578676,0.010000000000005116,px4,,0.13940978968071246,1.0,,100/50/50 Hz,1.0,1500,denied,41,25,0.08346746414506805,0.008872997270115812,0.11719788144638467,outage_window,0.10807969839167479
0.07560365865722311,1.0,1.0,,original,nominal,60,1.0,1.0,,0.6,0.0,,0.13876194352342677,1.0,,0.1785706078438367,0.010000000000005116,px4,,0.18187140143886332,1.0,,100/50/50 Hz,1.0,2000,denied,41,40,0.16718957899028672,0.0119777535806514,0.11756840430548293,after_return,0.03804366617621918
0.398870070758369,1.0,,,original,nominal,60,1.0,,,0.6,0.0,,0.23389983104411172,,,0.46887163364010914,0.010000000000005116,ekf3,,0.23945779987673355,1.0,,100/50/50 Hz,1.0,4700,denied,41,13,0.15758814815502883,0.07964464976697319,0.051292367456979085,flight,0.34786316322747063
0.4068730770660807,1.0,,,original,nominal,25,1.0,,,0.6,0.0,,0.19561347209761779,,,0.23464227531010184,0.010000000000001563,ekf3,,0.20275318978029785,1.0,,100/50/50 Hz,1.0,700,denied,41,18,0.2151841752436663,0.08324887239371818,0.053331280689666534,before_outage,0.3431291268120173
0.5209119137015559,1.0,,,original,nominal,40,1.0,,,0.6,0.0,,0.16367374196797677,,,0.278179230079011,0.010000000000005116,ekf3,,0.17298354494903026,1.0,,100/50/50 Hz,1.0,1500,denied,41,25,0.016124290764775027,0.08421622624167113,0.05598404248831388,outage_window,0.46469968954281726
0.31727512825420473,1.0,,,original,nominal,60,1.0,,,0.6,0.0,,0.30297168005706837,,,0.46887163364010914,0.010000000000005116,ekf3,,0.30706840795920803,1.0,,100/50/50 Hz,1.0,2000,denied,41,40,0.15758814815502883,0.07831998286726496,0.04999168180807683,after_return,0.27355567834645605
0.27677243860724465,1.0,1.0,,original,nominal,60,1.0,1.0,,0.6,0.8029787234042554,,0.03542789952939609,1.0,,0.08073811121579286,0.010000000000005116,px4,,0.1594131200642351,1.0,,100/50/50 Hz,1.0,4700,transition,41,13,0.019703087258360306,0.017570490302547506,0.15542653178768823,flight,0.2626349763280257
0.27330668979125083,1.0,1.0,,original,nominal,25,1.0,1.0,,0.6,1.0,,0.03773241400535887,1.0,,0.06657287806759812,0.010000000000001563,px4,,0.15338644711378402,1.0,,100/50/50 Hz,1.0,700,transition,41,18,0.012435590796070345,0.02009163676975999,0.14867302072507255,before_outage,0.26102500576879895
0.18601386669242156,1.0,1.0,,original,nominal,40,1.0,1.0,,0.6,0.4686666666666667,,0.030761707384904084,1.0,,0.04664617453549309,0.010000000000005116,px4,,0.1828065428068845,1.0,,100/50/50 Hz,1.0,1500,transition,41,25,0.020514377022447353,0.013991789861765339,0.18019974875612574,outage_window,0.1678933235124791
0.1933681620486902,1.0,1.0,,original,nominal,60,1.0,1.0,,0.6,0.9355,,0.03511584964719661,1.0,,0.06855671291195407,0.010000000000005116,px4,,0.1486490232507353,1.0,,100/50/50 Hz,1.0,2000,transition,41,40,0.019703087258360306,0.016479585917180628,0.1444417156397456,after_return,0.17659018495358578
0.5441518104544619,1.0,,,original,nominal,60,1.0,,,0.6,0.4208510638297872,,0.1408603866635441,,,0.6854418769200508,0.010000000000005116,ekf3,,0.14937621872350418,1.0,,100/50/50 Hz,1.0,4700,transition,41,13,0.021966432270536317,0.06847568648100176,0.04971525107176872,flight,0.5095687258009459
0.40687256911582087,1.0,,,original,nominal,25,1.0,,,0.6,0.0,,0.1956134529337163,,,0.23464227531010184,0.010000000000001563,ekf3,,0.20275317129123094,1.0,,100/50/50 Hz,1.0,700,transition,41,18,0.2151841752436663,0.08324887239371818,0.053331280689666534,before_outage,0.34312838250933175
0.52091158845588,1.0,,,original,nominal,40,1.0,,,0.6,0.0,,0.16367363344383717,,,0.278179230079011,0.010000000000005116,ekf3,,0.17298344226555587,1.0,,100/50/50 Hz,1.0,1500,transition,41,25,0.016124290764775027,0.08421617136038047,0.05598404248831388,outage_window,0.4646993213824642
0.6500945293477388,1.0,,,original,nominal,60,1.0,,,0.6,0.989,,0.09926371175102607,,,0.6854418769200508,0.010000000000005116,ekf3,,0.10944448780359288,1.0,,100/50/50 Hz,1.0,2000,transition,41,40,0.021966432270536317,0.04739517639105979,0.04609567702073591,after_return,0.6329803362319881
0.28787556089499344,1.0,1.0,,original,stress,60,1.0,1.0,,0.6,1.0,,0.04359011338829162,1.0,,0.1045683519395822,0.010000000000005116,px4,,0.21237316993828181,1.0,,100/50/50 Hz,1.0,4700,gps,41,13,0.019759411142808915,0.01912166411060403,0.20785154636044978,flight,0.27587568852770267
0.2773758535552226,1.0,1.0,,original,stress,25,1.0,1.0,,0.6,1.0,,0.03809764919029507,1.0,,0.0669962945434375,0.010000000000001563,px4,,0.19211010249527855,1.0,,100/50/50 Hz,1.0,700,gps,41,18,0.012518331555734756,0.020151552271682683,0.18829461119989502,before_outage,0.2655357946663958
0.2739678222273605,1.0,1.0,,original,stress,40,1.0,1.0,,0.6,1.0,,0.051521230312905404,1.0,,0.1045683519395822,0.010000000000005116,px4,,0.23296207091641286,1.0,,100/50/50 Hz,1.0,1500,gps,41,25,0.01912761810532609,0.020215299979967728,0.22719350631721044,outage_window,0.2630880365372357
0.1413654059982994,1.0,1.0,,original,stress,60,1.0,1.0,,0.6,1.0,,0.03815116759694295,1.0,,0.06615747620685375,0.010000000000005116,px4,,0.21256747534777934,1.0,,100/50/50 Hz,1.0,2000,gps,41,40,0.019759411142808915,0.01556876151198793,0.20911580520543815,after_return,0.12339585926113927
0.4572995072444803,1.0,,,original,stress,60,1.0,,,0.6,0.6038297872340426,,0.0908627507730317,,,0.19258882216398815,0.010000000000005116,ekf3,,0.11131201427337034,1.0,,100/50/50 Hz,1.0,4700,gps,41,13,0.01643741593219819,0.05263990965216853,0.0642987172776637,flight,0.4336282522693621
0.20384381740738622,1.0,,,original,stress,25,1.0,,,0.6,0.0,,0.16309409759812427,,,0.19258882216398815,0.010000000000001563,ekf3,,0.17900989701267733,1.0,,100/50/50 Hz,1.0,700,gps,41,18,0.16751682744837576,0.073330796418188,0.07378928483962192,before_outage,0.12815478387818705
0.5104090112453967,1.0,,,original,stress,40,1.0,,,0.6,0.5586666666666666,,0.08278467189217285,,,0.1673693706451293,0.010000000000005116,ekf3,,0.10767445419857664,1.0,,100/50/50 Hz,1.0,1500,gps,41,25,0.0227207436250451,0.059966843948037994,0.06885118870917674,outage_window,0.47920883145754734
0.5259787993312577,1.0,,,original,stress,60,1.0,,,0.6,1.0,,0.056634085598157316,,,0.11154401958765131,0.010000000000005116,ekf3,,0.08178307056805466,1.0,,100/50/50 Hz,1.0,2000,gps,41,40,0.01643741593219819,0.03462405639815226,0.0590004320323165,after_return,0.5125986469825771
0.16826928263628316,1.0,1.0,,original,stress,60,1.0,1.0,,0.6,0.0,,0.1028476422102447,1.0,,0.17962330307907928,0.010000000000005116,px4,,0.1630261783558024,1.0,,100/50/50 Hz,1.0,4700,denied,41,13,0.16836966307479273,0.012621794766545902,0.1264907005320604,flight,0.1463148753422527
0.1573089451304281,1.0,1.0,,original,stress,25,1.0,1.0,,0.6,0.0,,0.037306885322374896,1.0,,0.05738257127155797,0.010000000000001563,px4,,0.11522442900511609,1.0,,100/50/50 Hz,1.0,700,denied,41,18,0.05516462450036022,0.015369561276271699,0.109017729508086,before_outage,0.12977373277752313
0.1337163468626375,1.0,1.0,,original,stress,40,1.0,1.0,,0.6,0.0,,0.07714638523162241,1.0,,0.09441007610017317,0.010000000000005116,px4,,0.15444162561241673,1.0,,100/50/50 Hz,1.0,1500,denied,41,25,0.08527684851217372,0.008874895362231898,0.13379331436024744,outage_window,0.10667097018533275
0.07495928714762481,1.0,1.0,,original,stress,60,1.0,1.0,,0.6,0.0,,0.14045724982303293,1.0,,0.17962330307907928,0.010000000000005116,px4,,0.19418713809921184,1.0,,100/50/50 Hz,1.0,2000,denied,41,40,0.16836966307479273,0.011976748680674188,0.1340910346567305,after_return,0.037690425231910546
0.24571301723521252,1.0,,,original,stress,60,1.0,,,0.6,0.0,,0.17677065097226952,,,0.35232669825763785,0.010000000000005116,ekf3,,0.18524235791337954,1.0,,100/50/50 Hz,1.0,4700,denied,41,13,0.10904670762491872,0.06338146821354977,0.05537931130077977,flight,0.19005515823733177
0.20384381740738622,1.0,,,original,stress,25,1.0,,,0.6,0.0,,0.16309409759812427,,,0.19258882216398815,0.010000000000001563,ekf3,,0.17900989701267733,1.0,,100/50/50 Hz,1.0,700,denied,41,18,0.16751682744837576,0.073330796418188,0.07378928483962192,before_outage,0.12815478387818705
0.2934527782975545,1.0,,,original,stress,40,1.0,,,0.6,0.0,,0.13247488744995525,,,0.20262290234318095,0.010000000000005116,ekf3,,0.14532954278080665,1.0,,100/50/50 Hz,1.0,1500,denied,41,25,0.004901190524455352,0.0661391517507515,0.059758515711152004,outage_window,0.22308339906809305
0.24062029892231465,1.0,,,original,stress,60,1.0,,,0.6,0.0,,0.22184676095310665,,,0.35232669825763785,0.010000000000005116,ekf3,,0.2259769170631922,1.0,,100/50/50 Hz,1.0,2000,denied,41,40,0.10904670762491872,0.059529320621281696,0.04300676342158289,after_return,0.20166600732112283
0.2784288691718684,1.0,1.0,,original,stress,60,1.0,1.0,,0.6,0.8042553191489362,,0.03550039074010415,1.0,,0.08068950405798554,0.010000000000005116,px4,,0.19793371109131194,1.0,,100/50/50 Hz,1.0,4700,transition,41,13,0.019703087258360306,0.01762554311719735,0.19472410288323033,flight,0.26461157492923393
0.2773758535552226,1.0,1.0,,original,stress,25,1.0,1.0,,0.6,1.0,,0.03809764919029507,1.0,,0.0669962945434375,0.010000000000001563,px4,,0.19211010249527855,1.0,,100/50/50 Hz,1.0,700,transition,41,18,0.012518331555734756,0.020151552271682683,0.18829461119989502,before_outage,0.2655357946663958
0.18713396951223513,1.0,1.0,,original,stress,40,1.0,1.0,,0.6,0.4726666666666667,,0.030771380608915846,1.0,,0.04665347458785065,0.010000000000005116,px4,,0.222167290786263,1.0,,100/50/50 Hz,1.0,1500,transition,41,25,0.02023434174800624,0.01405843796227886,0.22002596944617506,outage_window,0.1693913178206005
0.1934988601804914,1.0,1.0,,original,stress,60,1.0,1.0,,0.6,0.9355,,0.03510845340381754,1.0,,0.06855671291195407,0.010000000000005116,px4,,0.18694080803517868,1.0,,100/50/50 Hz,1.0,2000,transition,41,40,0.019703087258360306,0.016475782569994223,0.18361443899769295,after_return,0.17694886846109842
0.3804545362380824,1.0,,,original,stress,60,1.0,,,0.6,0.4208510638297872,,0.11936099077992961,,,0.6854418769200508,0.010000000000005116,ekf3,,0.13124540213915423,1.0,,100/50/50 Hz,1.0,4700,transition,41,13,0.016421256194435213,0.057169042482036164,0.05457388993558976,flight,0.3485480224532922
0.20384381740738622,1.0,,,original,stress,25,1.0,,,0.6,0.0,,0.16309409759812427,,,0.19258882216398815,0.010000000000001563,ekf3,,0.17900989701267733,1.0,,100/50/50 Hz,1.0,700,transition,41,18,0.16751682744837576,0.073330796418188,0.07378928483962192,before_outage,0.12815478387818705
0.2934529526785348,1.0,,,original,stress,40,1.0,,,0.6,0.0,,0.13247488744995525,,,0.20262290234318095,0.010000000000005116,ekf3,,0.14532954278080665,1.0,,100/50/50 Hz,1.0,1500,transition,41,25,0.004901190524455352,0.06613913998879567,0.059758515711152004,outage_window,0.22308363347087756
0.5061317562275928,1.0,,,original,stress,60,1.0,,,0.6,0.989,,0.09625001211233158,,,0.6854418769200508,0.010000000000005116,ekf3,,0.10442956327891052,1.0,,100/50/50 Hz,1.0,2000,transition,41,40,0.016421256194435213,0.0422350578101637,0.04051504479819811,after_return,0.4911988272715369
0.21823715890319206,1.0,1.0,,original,zero,60,1.0,1.0,,0.6,1.0,,0.04977582218279522,1.0,,0.12098503177833847,0.010000000000005116,px4,,0.591313065438901,1.0,,25/25/25 Hz,1.0,4700,gps,7,13,0.028438679180001255,0.018040379732365372,0.589214314901443,flight,0.19539887158505997
0.1786395305955621,1.0,1.0,,original,zero,25,1.0,1.0,,0.6,1.0,,0.04148249536362268,1.0,,0.07216889451238552,0.010000000000001563,px4,,0.582238934710675,1.0,,25/25/25 Hz,1.0,700,gps,7,18,0.039040728557511284,0.016157062486967796,0.5807593130303023,before_outage,0.15105735500573605
0.23359972216534236,1.0,1.0,,original,zero,40,1.0,1.0,,0.6,1.0,,0.04080513283018098,1.0,,0.07869307658195787,0.010000000000005116,px4,,0.6042823904277884,1.0,,25/25/25 Hz,1.0,1500,gps,7,25,0.008497988253272552,0.018699132260290185,0.6029031004364079,outage_window,0.2100862715110094
0.1508423879545553,1.0,1.0,,original,zero,60,1.0,1.0,,0.6,1.0,,0.061942770437603364,1.0,,0.12098503177833847,0.010000000000005116,px4,,0.5904744496192511,1.0,,25/25/25 Hz,1.0,2000,gps,7,40,0.028438679180001255,0.016964606331301056,0.5872164582534042,after_return,0.13275033593227797
0.5189802431099102,1.0,,,original,zero,60,1.0,,,0.6,0.5642553191489361,,0.11189366291443788,,,0.30732021087374456,0.010000000000005116,ekf3,,0.12860537342951178,1.0,,25/25/25 Hz,1.0,4700,gps,7,13,0.03219069837197124,0.05145368103472422,0.06339676864426393,flight,0.4970102053026512
0.2925884642605962,1.0,,,original,zero,25,1.0,,,0.6,0.0,,0.19226785413833983,,,0.24652157936303357,0.010000000000001563,ekf3,,0.21506277599965135,1.0,,25/25/25 Hz,1.0,700,gps,7,18,0.17967790827361313,0.07116543381614078,0.09635906748051419,before_outage,0.24023004718075383
0.45435700794859996,1.0,,,original,zero,40,1.0,,,0.6,0.43466666666666665,,0.1158498383429246,,,0.30732021087374456,0.010000000000005116,ekf3,,0.1265774764485442,1.0,,25/25/25 Hz,1.0,1500,gps,7,25,0.021951617730751098,0.057250948823986486,0.05099678911460995,outage_window,0.419118191924964
0.6272053907464188,1.0,,,original,zero,60,1.0,,,0.6,1.0,,0.05979597275767732,,,0.11514644839298112,0.010000000000005116,ekf3,,0.0824154862452251,1.0,,25/25/25 Hz,1.0,2000,gps,7,40,0.03219069837197124,0.02460726029098605,0.056716435140089685,after_return,0.6155179106412595
0.3567129939862372,1.0,1.0,,original,zero,60,1.0,1.0,,0.6,0.0,,0.10736539014390516,1.0,,0.1639704991639097,0.010000000000005116,px4,,0.2495721340486004,1.0,,25/25/25 Hz,1.0,4700,denied,7,13,0.13287948496030177,0.01830023883735745,0.22529741031094788,flight,0.3380123164673739
0.4328717584083797,1.0,1.0,,original,zero,25,1.0,1.0,,0.6,0.0,,0.06122629381048911,1.0,,0.09155708983747805,0.010000000000001563,px4,,0.22418540179176744,1.0,,25/25/25 Hz,1.0,700,denied,7,18,0.09149724361850826,0.025682718491734997,0.21566278149640902,before_outage,0.4145415614984354
0.27986191915114306,1.0,1.0,,original,zero,40,1.0,1.0,,0.6,0.0,,0.09401304098321155,1.0,,0.12073187723319372,0.010000000000005116,px4,,0.2384359395373022,1.0,,25/25/25 Hz,1.0,1500,denied,7,25,0.1027319113062759,0.015100819980118542,0.21911924924142334,outage_window,0.2556769124753811
0.1465191156315695,1.0,1.0,,original,zero,60,1.0,1.0,,0.6,0.0,,0.13597479579224075,1.0,,0.1639704991639097,0.010000000000005116,px4,,0.2711481167484117,1.0,,25/25/25 Hz,1.0,2000,denied,7,40,0.13287948496030177,0.011880561883421311,0.23458933506335863,after_return,0.12154591269819132
0.30393355651666165,1.0,,,original,zero,60,1.0,,,0.6,0.0,,0.18943810001617553,,,0.3186950774685036,0.010000000000005116,ekf3,,0.20380704126636637,1.0,,25/25/25 Hz,1.0,4700,denied,7,13,0.11599883152138141,0.0710649834057748,0.07516991640285249,flight,0.2563053305481168
0.30603085187791573,1.0,,,original,zero,25,1.0,,,0.6,0.0,,0.19989498136092412,,,0.26253017760235625,0.010000000000001563,ekf3,,0.23021194672766515,1.0,,25/25/25 Hz,1.0,700,denied,7,18,0.2115203714946928,0.07356416810734014,0.11419079141006575,before_outage,0.26381995445242934
0.30902844663751045,1.0,,,original,zero,40,1.0,,,0.6,0.0,,0.1678177568503746,,,0.27696628314192223,0.010000000000005116,ekf3,,0.17621511081901606,1.0,,25/25/25 Hz,1.0,1500,denied,7,25,0.005170819432063652,0.07410238675150588,0.053749100147506355,outage_window,0.23366184835815382
0.1930901287331147,1.0,,,original,zero,60,1.0,,,0.6,0.0,,0.21242847679482646,,,0.3186950774685036,0.010000000000005116,ekf3,,0.22178456720062859,1.0,,25/25/25 Hz,1.0,2000,denied,7,40,0.11599883152138141,0.0636507900436875,0.06373803020960092,after_return,0.13918553290584612
0.2737027638768565,1.0,1.0,,original,zero,60,1.0,1.0,,0.6,0.8004255319148936,,0.05427002994207783,1.0,,0.12309542161399871,0.010000000000005116,px4,,0.5405483831166364,1.0,,25/25/25 Hz,1.0,4700,transition,7,13,0.02586756547680174,0.019041680507214186,0.5378171792905987,flight,0.25082332919739203
0.1786395305955621,1.0,1.0,,original,zero,25,1.0,1.0,,0.6,1.0,,0.04148249536362268,1.0,,0.07216889451238552,0.010000000000001563,px4,,0.582238934710675,1.0,,25/25/25 Hz,1.0,700,transition,7,18,0.039040728557511284,0.016157062486967796,0.5807593130303023,before_outage,0.15105735500573605
0.31511371274400357,1.0,1.0,,original,zero,40,1.0,1.0,,0.6,0.46066666666666667,,0.05609721468765772,1.0,,0.08576359695166981,0.010000000000005116,px4,,0.5960385070219917,1.0,,25/25/25 Hz,1.0,1500,transition,7,25,0.050029590633200616,0.01658163924439445,0.5933927909549388,outage_window,0.2960213599538507
0.23093085856208684,1.0,1.0,,original,zero,60,1.0,1.0,,0.6,0.9355,,0.06184170498238317,1.0,,0.12309542161399871,0.010000000000005116,px4,,0.4701636690108097,1.0,,25/25/25 Hz,1.0,2000,transition,7,40,0.02586756547680174,0.02076256615156298,0.4660788336564729,after_return,0.2076599714699838
0.5463582807159953,1.0,,,original,zero,60,1.0,,,0.6,0.4238297872340426,,0.12991517380541678,,,0.3033346472966469,0.010000000000005116,ekf3,,0.14227977805157238,1.0,,25/25/25 Hz,1.0,4700,transition,7,13,0.03161911115475618,0.05609124487081566,0.058013643718637854,flight,0.5201951838647364
0.2925884642605962,1.0,,,original,zero,25,1.0,,,0.6,0.0,,0.19226785413833983,,,0.24652157936303357,0.010000000000001563,ekf3,,0.21506277599965135,1.0,,25/25/25 Hz,1.0,700,transition,7,18,0.17967790827361313,0.07116543381614078,0.09635906748051419,before_outage,0.24023004718075383
0.34697515165095466,1.0,,,original,zero,40,1.0,,,0.6,0.0,,0.15366938856221096,,,0.26445921919823157,0.010000000000005116,ekf3,,0.16045560730126293,1.0,,25/25/25 Hz,1.0,1500,transition,7,25,0.03547916930790492,0.06829762152233838,0.04617056349378176,outage_window,0.2863281360687661
0.7255791941504274,1.0,,,original,zero,60,1.0,,,0.6,0.996,,0.07855872821537788,,,0.3033346472966469,0.010000000000005116,ekf3,,0.09057625538085358,1.0,,25/25/25 Hz,1.0,2000,transition,7,40,0.03161911115475618,0.027155127779544843,0.045084190798992944,after_return,0.7103109328843992
0.2194426936016412,1.0,1.0,,original,nominal,60,1.0,1.0,,0.6,1.0,,0.04974926417478649,1.0,,0.12104006574669689,0.010000000000005116,px4,,0.6020123188536306,1.0,,25/25/25 Hz,1.0,4700,gps,7,13,0.028401197365762885,0.018108920149743746,0.599953200479498,flight,0.19565912776973687
0.1800050874395951,1.0,1.0,,original,nominal,25,1.0,1.0,,0.6,1.0,,0.041453827221538606,1.0,,0.07208876134770151,0.010000000000001563,px4,,0.5929783350925066,1.0,,25/25/25 Hz,1.0,700,gps,7,18,0.03917438063971518,0.01626467177568282,0.5915275869287652,before_outage,0.15121955773327814
0.2338210322425858,1.0,1.0,,original,nominal,40,1.0,1.0,,0.6,1.0,,0.040784595678648616,1.0,,0.07875925272522664,0.010000000000005116,px4,,0.6149796833569856,1.0,,25/25/25 Hz,1.0,1500,gps,7,25,0.008597303064493782,0.01869865989410321,0.6136258042954089,outage_window,0.20936386370346777
0.15146467283165793,1.0,1.0,,original,nominal,60,1.0,1.0,,0.6,1.0,,0.061924927975747106,1.0,,0.12104006574669689,0.010000000000005116,px4,,0.6011458189950839,1.0,,25/25/25 Hz,1.0,2000,gps,7,40,0.028401197365762885,0.017011861290161818,0.5979478229665769,after_return,0.13258493610120603
0.49024344526069424,1.0,,,original,nominal,60,1.0,,,0.6,0.5612765957446808,,0.13997337316359137,,,0.5803679327964889,0.010000000000005116,ekf3,,0.1542241290638833,1.0,,25/25/25 Hz,1.0,4700,gps,7,13,0.02663640689546644,0.05663696327595532,0.06474980147243185,flight,0.4654418641248023
0.26447888676545267,1.0,,,original,nominal,25,1.0,,,0.6,0.0,,0.22367460874266945,,,0.3028577317410051,0.010000000000001563,ekf3,,0.23611848402059982,1.0,,25/25/25 Hz,1.0,700,gps,7,18,0.2734473339054322,0.07958949905845661,0.07564131080302615,before_outage,0.2071784485068251
0.3919889186474038,1.0,,,original,nominal,40,1.0,,,0.6,0.42533333333333334,,0.16432050343496418,,,0.5803679327964889,0.010000000000005116,ekf3,,0.17237327825329174,1.0,,25/25/25 Hz,1.0,1500,gps,7,25,0.0156292476700901,0.06761530738403788,0.05207032942729157,outage_window,0.3444306176785331
0.6132499789354764,1.0,,,original,nominal,60,1.0,,,0.6,1.0,,0.06040231369999048,,,0.11494874756401645,0.010000000000005116,ekf3,,0.08743769416168326,1.0,,25/25/25 Hz,1.0,2000,gps,7,40,0.02663640689546644,0.026137121246315436,0.06322112669037148,after_return,0.6008461912281593
0.36343702618835505,1.0,1.0,,original,nominal,60,1.0,1.0,,0.6,0.0,,0.10968128979287341,1.0,,0.16649439976564123,0.010000000000005116,px4,,0.2561422921586566,1.0,,25/25/25 Hz,1.0,4700,denied,7,13,0.1355745306005,0.018549004874362073,0.23147113967331287,flight,0.344409178899255
0.44412858433193164,1.0,1.0,,original,nominal,25,1.0,1.0,,0.6,0.0,,0.06267392312399221,1.0,,0.09463320717413078,0.010000000000001563,px4,,0.23053124364438174,1.0,,25/25/25 Hz,1.0,700,denied,7,18,0.0945988857908179,0.026226073656164032,0.22184822211699876,before_outage,0.42570235556340663
0.28353870801281666,1.0,1.0,,original,nominal,40,1.0,1.0,,0.6,0.0,,0.09651672300713009,1.0,,0.12316454896385964,0.010000000000005116,px4,,0.24505497363949122,1.0,,25/25/25 Hz,1.0,1500,denied,7,25,0.10549950163994376,0.015167765864993698,0.22524755777902827,outage_window,0.25904580169588154
0.1473340253851564,1.0,1.0,,original,nominal,60,1.0,1.0,,0.6,0.0,,0.13851292991063247,1.0,,0.16649439976564123,0.010000000000005116,px4,,0.2778203947934871,1.0,,25/25/25 Hz,1.0,2000,denied,7,40,0.1355745306005,0.011981468226782817,0.2408284451861558,after_return,0.12149175871587461
0.2597115933219269,1.0,,,original,nominal,60,1.0,,,0.6,0.0,,0.26857133892981494,,,0.4791229701144245,0.010000000000005116,ekf3,,0.2761229459632077,1.0,,25/25/25 Hz,1.0,4700,denied,7,13,0.17354476171980104,0.06898842065861054,0.06413514787421166,flight,0.20009915700656442
0.26447888676545267,1.0,,,original,nominal,25,1.0,,,0.6,0.0,,0.22367460874266945,,,0.3028577317410051,0.010000000000001563,ekf3,,0.23611848402059982,1.0,,25/25/25 Hz,1.0,700,denied,7,18,0.2734473339054322,0.07958949905845661,0.07564131080302615,before_outage,0.2071784485068251
0.25914763552290415,1.0,,,original,nominal,40,1.0,,,0.6,0.0,,0.22952598311224265,,,0.35312051901034414,0.010000000000005116,ekf3,,0.23415404703664955,1.0,,25/25/25 Hz,1.0,1500,denied,7,25,0.11931010104779527,0.07194409997198783,0.046324300534384764,outage_window,0.15952012593869971
0.1861742919214003,1.0,,,original,nominal,60,1.0,,,0.6,0.0,,0.328408392263133,,,0.4791229701144245,0.010000000000005116,ekf3,,0.33479374352555613,1.0,,25/25/25 Hz,1.0,2000,denied,7,40,0.17354476171980104,0.062261137671745945,0.0650751764884276,after_return,0.12611030171352183
0.274556524485376,1.0,1.0,,original,nominal,60,1.0,1.0,,0.6,0.8029787234042554,,0.05433656220949898,1.0,,0.12318884232206917,0.010000000000005116,px4,,0.5516842127153931,1.0,,25/25/25 Hz,1.0,4700,transition,7,13,0.0258301274097255,0.019020746019682885,0.5490018292926322,flight,0.2508472056528222
0.1800050874395951,1.0,1.0,,original,nominal,25,1.0,1.0,,0.6,1.0,,0.041453827221538606,1.0,,0.07208876134770151,0.010000000000001563,px4,,0.5929783350925066,1.0,,25/25/25 Hz,1.0,700,transition,7,18,0.03917438063971518,0.01626467177568282,0.5915275869287652,before_outage,0.15121955773327814
0.31455439959218245,1.0,1.0,,original,nominal,40,1.0,1.0,,0.6,0.4686666666666667,,0.05629108666405008,1.0,,0.08593271994143688,0.010000000000005116,px4,,0.6066341616526962,1.0,,25/25/25 Hz,1.0,1500,transition,7,25,0.05060542959283755,0.016522711604197125,0.6040168206649961,outage_window,0.29465525822805533
0.23177347934924436,1.0,1.0,,original,nominal,60,1.0,1.0,,0.6,0.9355,,0.06186905665155189,1.0,,0.12318884232206917,0.010000000000005116,px4,,0.482258903320742,1.0,,25/25/25 Hz,1.0,2000,transition,7,40,0.0258301274097255,0.020650531318370635,0.4782738437978517,after_return,0.20795597313714745
0.5132692528337124,1.0,,,original,nominal,60,1.0,,,0.6,0.4208510638297872,,0.16886198336217817,,,0.35312051901034414,0.010000000000005116,ekf3,,0.17873576823208917,1.0,,25/25/25 Hz,1.0,4700,transition,7,13,0.026054679541288848,0.05977856244536632,0.05858417380578625,flight,0.4846631808130384
0.26447888676545267,1.0,,,original,nominal,25,1.0,,,0.6,0.0,,0.22367460874266945,,,0.3028577317410051,0.010000000000001563,ekf3,,0.23611848402059982,1.0,,25/25/25 Hz,1.0,700,transition,7,18,0.2734473339054322,0.07958949905845661,0.07564131080302615,before_outage,0.2071784485068251
0.25914763552290415,1.0,,,original,nominal,40,1.0,,,0.6,0.0,,0.22952598311224265,,,0.35312051901034414,0.010000000000005116,ekf3,,0.23415404703664955,1.0,,25/25/25 Hz,1.0,1500,transition,7,25,0.11931010104779527,0.07194409997198783,0.046324300534384764,outage_window,0.15952012593869971
0.7037397390650141,1.0,,,original,nominal,60,1.0,,,0.6,0.989,,0.07317113252796581,,,0.14804687969480554,0.010000000000005116,ekf3,,0.08937530735849322,1.0,,25/25/25 Hz,1.0,2000,transition,7,40,0.026054679541288848,0.033007937990477826,0.051321836775392204,after_return,0.6883471615186627
0.2180678205963675,1.0,1.0,,original,stress,60,1.0,1.0,,0.6,1.0,,0.04977049095092551,1.0,,0.12104856377468315,0.010000000000005116,px4,,0.6076027161730567,1.0,,25/25/25 Hz,1.0,4700,gps,7,13,0.028401197365762885,0.018062770891046732,0.6055608631107032,flight,0.194959341637424
0.17852646940545452,1.0,1.0,,original,stress,25,1.0,1.0,,0.6,1.0,,0.0414730181360671,1.0,,0.07207898823998476,0.010000000000001563,px4,,0.5987240207162603,1.0,,25/25/25 Hz,1.0,700,gps,7,18,0.03920810209242198,0.016262667266635146,0.5972858961580546,before_outage,0.15074111237770232
0.23292933041453984,1.0,1.0,,original,stress,40,1.0,1.0,,0.6,1.0,,0.04076947832377421,1.0,,0.07869711806119328,0.010000000000005116,px4,,0.6205269975072776,1.0,,25/25/25 Hz,1.0,1500,gps,7,25,0.008597303064493782,0.018664077192230826,0.619186243607369,outage_window,0.20911172456662186
0.15098444407955872,1.0,1.0,,original,stress,60,1.0,1.0,,0.6,1.0,,0.061936770729335226,1.0,,0.12104856377468315,0.010000000000005116,px4,,0.6066749840086484,1.0,,25/25/25 Hz,1.0,2000,gps,7,40,0.028401197365762885,0.016988939128547587,0.6035050725996557,after_return,0.13255741504391386
0.48899263236664314,1.0,,,original,stress,60,1.0,,,0.6,0.563404255319149,,0.13778748663529178,,,0.6958226330102175,0.010000000000005116,ekf3,,0.1531147717383735,1.0,,25/25/25 Hz,1.0,4700,gps,7,13,0.025018884719220525,0.05903818608048961,0.0667738111180088,flight,0.46453642631963765
0.17552029429061053,1.0,,,original,stress,25,1.0,,,0.6,0.0,,0.23960919538936654,,,0.3142798599051629,0.010000000000001563,ekf3,,0.2508755702409285,1.0,,25/25/25 Hz,1.0,700,gps,7,18,0.2567821444994197,0.07421267077791124,0.07433697080572646,before_outage,0.1015442318341459
0.38847031219453365,1.0,,,original,stress,40,1.0,,,0.6,0.432,,0.1525096501244627,,,0.6958226330102175,0.010000000000005116,ekf3,,0.16128649352757146,1.0,,25/25/25 Hz,1.0,1500,gps,7,25,0.014800987379935533,0.0739459067334918,0.05247989723059044,outage_window,0.333743093025958
0.6312189024893958,1.0,,,original,stress,60,1.0,,,0.6,1.0,,0.06058779464801486,,,0.11314977544715857,0.010000000000005116,ekf3,,0.08762708342921163,1.0,,25/25/25 Hz,1.0,2000,gps,7,40,0.025018884719220525,0.02610261729152899,0.06330580455218937,after_return,0.6205260541679785
0.3448138914732346,1.0,1.0,,original,stress,60,1.0,1.0,,0.6,0.0,,0.10970262669754025,1.0,,0.16669196906488737,0.010000000000005116,px4,,0.2590087426338321,1.0,,25/25/25 Hz,1.0,4700,denied,7,13,0.13575988269102704,0.017991577442699448,0.23462920205383386,flight,0.3254756031805739
0.416802522165492,1.0,1.0,,original,stress,25,1.0,1.0,,0.6,0.0,,0.06279852777390557,1.0,,0.09368813691639907,0.010000000000001563,px4,,0.23366432729917744,1.0,,25/25/25 Hz,1.0,700,denied,7,18,0.09364425316492303,0.025425505183009667,0.22506746268976138,before_outage,0.39790842642975716
0.27168070584028026,1.0,1.0,,original,stress,40,1.0,1.0,,0.6,0.0,,0.096578862977251,1.0,,0.12327419644927004,0.010000000000005116,px4,,0.2479884446302377,1.0,,25/25/25 Hz,1.0,1500,denied,7,25,0.10583503830597292,0.014805050912711741,0.22840926403310755,outage_window,0.24681239461966922
0.14529154760092244,1.0,1.0,,original,stress,60,1.0,1.0,,0.6,0.0,,0.13876167301014564,1.0,,0.16669196906488737,0.010000000000005116,px4,,0.2806640167255919,1.0,,25/25/25 Hz,1.0,2000,denied,7,40,0.13575988269102704,0.011886730993711035,0.2439620634196406,after_return,0.11983904527224812
0.2238260957129985,1.0,,,original,stress,60,1.0,,,0.6,0.0,,0.25865934396482054,,,0.4602298169935582,0.010000000000005116,ekf3,,0.2667881011717989,1.0,,25/25/25 Hz,1.0,4700,denied,7,13,0.2102127051983134,0.07023246533525755,0.06535468389138352,flight,0.15358075729402731
0.17552011246651675,1.0,,,original,stress,25,1.0,,,0.6,0.0,,0.23960919538936654,,,0.3142798599051629,0.010000000000001563,ekf3,,0.2508755702409285,1.0,,25/25/25 Hz,1.0,700,denied,7,18,0.2567821444994197,0.07421267077791124,0.07433697080572646,before_outage,0.10154343642839178
0.23895003224121672,1.0,,,original,stress,40,1.0,,,0.6,0.0,,0.2035342162390821,,,0.31248346656293563,0.010000000000005116,ekf3,,0.2082406312259708,1.0,,25/25/25 Hz,1.0,1500,denied,7,25,0.10225738952354024,0.07668208583524605,0.044022531882359224,outage_window,0.11218615766387872
0.15687451036557865,1.0,,,original,stress,60,1.0,,,0.6,0.0,,0.3203996179252199,,,0.4602298169935582,0.010000000000005116,ekf3,,0.32685626120915434,1.0,,25/25/25 Hz,1.0,2000,denied,7,40,0.2102127051983134,0.06142396452679314,0.06464596139744538,after_return,0.08640134095031897
0.2732937445398161,1.0,1.0,,original,stress,60,1.0,1.0,,0.6,0.8040425531914893,,0.054343192778556364,1.0,,0.12316335575095404,0.010000000000005116,px4,,0.5574493312355674,1.0,,25/25/25 Hz,1.0,4700,transition,7,13,0.0258301274097255,0.018969243536751473,0.5547941729088491,flight,0.2502267312352238
0.17852646940545452,1.0,1.0,,original,stress,25,1.0,1.0,,0.6,1.0,,0.0414730181360671,1.0,,0.07207898823998476,0.010000000000001563,px4,,0.5987240207162603,1.0,,25/25/25 Hz,1.0,700,transition,7,18,0.03920810209242198,0.016262667266635146,0.5972858961580546,before_outage,0.15074111237770232
0.3136729414354652,1.0,1.0,,original,stress,40,1.0,1.0,,0.6,0.472,,0.056246496155375,1.0,,0.08591252577635267,0.010000000000005116,px4,,0.6121773973807946,1.0,,25/25/25 Hz,1.0,1500,transition,7,25,0.050541262238349906,0.01649189938554931,0.6095879735806528,outage_window,0.29429950969677204
0.2312243024350496,1.0,1.0,,original,stress,60,1.0,1.0,,0.6,0.9355,,0.061877419532916644,1.0,,0.12316335575095404,0.010000000000005116,px4,,0.48832408691016493,1.0,,25/25/25 Hz,1.0,2000,transition,7,40,0.0258301274097255,0.02061028434557811,0.48438785988977234,after_return,0.20791378442324826
0.5029838757589677,1.0,,,original,stress,60,1.0,,,0.6,0.4208510638297872,,0.15970311776437768,,,0.3142798599051629,0.010000000000005116,ekf3,,0.17051820731508419,1.0,,25/25/25 Hz,1.0,4700,transition,7,13,0.02447146800443426,0.06149914964306463,0.059760967213452504,flight,0.47440550305145934
0.17552029429061053,1.0,,,original,stress,25,1.0,,,0.6,0.0,,0.23960919538936654,,,0.3142798599051629,0.010000000000001563,ekf3,,0.2508755702409285,1.0,,25/25/25 Hz,1.0,700,transition,7,18,0.2567821444994197,0.07421267077791124,0.07433697080572646,before_outage,0.1015442318341459
0.2389495097372485,1.0,,,original,stress,40,1.0,,,0.6,0.0,,0.20353429208976412,,,0.31248346656293563,0.010000000000005116,ekf3,,0.20824072644373567,1.0,,25/25/25 Hz,1.0,1500,transition,7,25,0.10225738952354024,0.07668208583524605,0.04402263160390726,outage_window,0.11218521555597316
0.7081046204456575,1.0,,,original,stress,60,1.0,,,0.6,0.989,,0.07325913988837579,,,0.15020342980081486,0.010000000000005116,ekf3,,0.08888937384291,1.0,,25/25/25 Hz,1.0,2000,transition,7,40,0.02447146800443426,0.03270071917566517,0.05034301545398327,after_return,0.693489749342586
0.31209412219541066,1.0,1.0,,original,zero,60,1.0,1.0,,0.6,1.0,,0.04851086618271557,1.0,,0.09706491990044733,0.010000000000005116,px4,,0.3780455330279731,1.0,,25/25/25 Hz,1.0,4700,gps,19,13,0.03535443929370382,0.019392699098841334,0.3749201527053553,flight,0.29695481665233986
0.4469972304453811,1.0,1.0,,original,zero,25,1.0,1.0,,0.6,1.0,,0.048644566209014556,1.0,,0.07248332423456756,0.010000000000001563,px4,,0.3630866983356322,1.0,,25/25/25 Hz,1.0,700,gps,19,18,0.018643828363277024,0.02538240911070576,0.35981336368540723,before_outage,0.4298262775311206
0.2943980745462188,1.0,1.0,,original,zero,40,1.0,1.0,,0.6,1.0,,0.04845099719767633,1.0,,0.0917303362452924,0.010000000000005116,px4,,0.37282331711713,1.0,,25/25/25 Hz,1.0,1500,gps,19,25,0.0320598106206671,0.020074794313677546,0.36966163806482655,outage_window,0.2779103906617664
0.1448073193499532,1.0,1.0,,original,zero,60,1.0,1.0,,0.6,1.0,,0.045539087749207015,1.0,,0.09026316672594277,0.010000000000005116,px4,,0.39065827866381747,1.0,,25/25/25 Hz,1.0,2000,gps,19,40,0.03535443929370382,0.01521548242862002,0.38799495122429994,after_return,0.12777276935690327
0.5594705066316172,1.0,,,original,zero,60,1.0,,,0.6,0.5642553191489361,,0.10737425687958767,,,0.22845119943789807,0.010000000000005116,ekf3,,0.12142180141817165,1.0,,25/25/25 Hz,1.0,4700,gps,19,13,0.051253937368518784,0.05180385407317136,0.05669235238716266,flight,0.5456073416921382
0.27476254202145084,1.0,,,original,zero,25,1.0,,,0.6,0.0,,0.20263319865021434,,,0.22845119943789807,0.010000000000001563,ekf3,,0.2108607633915669,1.0,,25/25/25 Hz,1.0,700,gps,19,18,0.16826805809863266,0.06954969146873133,0.058327080698909864,before_outage,0.2533868756748731
0.518911382938005,1.0,,,original,zero,40,1.0,,,0.6,0.43466666666666665,,0.10184297380712572,,,0.21219474240085043,0.010000000000005116,ekf3,,0.11315081941320132,1.0,,25/25/25 Hz,1.0,1500,gps,19,25,0.020201135944124725,0.05843255634688982,0.049306354762849794,outage_window,0.4970753106045091
0.6786496668829084,1.0,,,original,zero,60,1.0,,,0.6,1.0,,0.050192109314503616,,,0.10130766123937011,0.010000000000005116,ekf3,,0.07308917041832587,1.0,,25/25/25 Hz,1.0,2000,gps,19,40,0.051253937368518784,0.027026034565548418,0.05312983149794473,after_return,0.6691816520024367
0.2832554566936966,1.0,1.0,,original,zero,60,1.0,1.0,,0.6,0.0,,0.10637639675816711,1.0,,0.17094780562510406,0.010000000000005116,px4,,0.23057339620877018,1.0,,25/25/25 Hz,1.0,4700,denied,19,13,0.16593646393919537,0.016850715203833213,0.20456821173387507,flight,0.26914036536074465
0.4063853571457384,1.0,1.0,,original,zero,25,1.0,1.0,,0.6,0.0,,0.06619369808566526,1.0,,0.09616954603168519,0.010000000000001563,px4,,0.19353939229303677,1.0,,25/25/25 Hz,1.0,700,denied,19,18,0.060379953821468976,0.01884190936847347,0.1818677835761512,before_outage,0.3944974531462335
0.11076206844763739,1.0,1.0,,original,zero,40,1.0,1.0,,0.6,0.0,,0.07673065966722598,1.0,,0.10191536933318053,0.010000000000005116,px4,,0.22142541315340286,1.0,,25/25/25 Hz,1.0,1500,denied,19,25,0.09536867081982314,0.011341712620448172,0.20770560766909374,outage_window,0.04404771633571088
0.14651207570280356,1.0,1.0,,original,zero,60,1.0,1.0,,0.6,0.0,,0.1418177641506135,1.0,,0.17094780562510406,0.010000000000005116,px4,,0.25807263995928365,1.0,,25/25/25 Hz,1.0,2000,denied,19,40,0.16593646393919537,0.015601289589601027,0.215613564663439,after_return,0.1279574563334851
0.2709002771660899,1.0,,,original,zero,60,1.0,,,0.6,0.0,,0.19644494492348252,,,0.32955178780319744,0.010000000000005116,ekf3,,0.20885155607677652,1.0,,25/25/25 Hz,1.0,4700,denied,19,13,0.1296399709677481,0.06948312007119058,0.07091090247416712,flight,0.23546147884981025
0.29972817718999706,1.0,,,original,zero,25,1.0,,,0.6,0.0,,0.20324241743327418,,,0.2430760806203004,0.010000000000001563,ekf3,,0.2175181961547286,1.0,,25/25/25 Hz,1.0,700,denied,19,18,0.20038187746974748,0.07102842428169061,0.07750280907351496,before_outage,0.27983057359636776
0.33383436059111776,1.0,,,original,zero,40,1.0,,,0.6,0.0,,0.16344946030205473,,,0.24161100041059969,0.010000000000005116,ekf3,,0.17125925800678038,1.0,,25/25/25 Hz,1.0,1500,denied,19,25,0.04172021909418809,0.07345617300706227,0.05112736429740927,outage_window,0.28306327764918393
0.14833531350128668,1.0,,,original,zero,60,1.0,,,0.6,0.0,,0.23071475830932298,,,0.32955178780319744,0.010000000000005116,ekf3,,0.2405909346935776,1.0,,25/25/25 Hz,1.0,2000,denied,19,40,0.1296399709677481,0.06385439712187924,0.06822534833183337,after_return,0.10010889414701525
0.31651837925060716,1.0,1.0,,original,zero,60,1.0,1.0,,0.6,0.8004255319148936,,0.05309979787286149,1.0,,0.1251768562604563,0.010000000000005116,px4,,0.37513177321240915,1.0,,25/25/25 Hz,1.0,4700,transition,19,13,0.03620106027566875,0.01842045136268186,0.37135462665671426,flight,0.2985415950359185
0.4469972304453811,1.0,1.0,,original,zero,25,1.0,1.0,,0.6,1.0,,0.048644566209014556,1.0,,0.07248332423456756,0.010000000000001563,px4,,0.3630866983356322,1.0,,25/25/25 Hz,1.0,700,transition,19,18,0.018643828363277024,0.02538240911070576,0.35981336368540723,before_outage,0.4298262775311206
0.2831351699674257,1.0,1.0,,original,zero,40,1.0,1.0,,0.6,0.46066666666666667,,0.05129590527934324,1.0,,0.0817627389497715,0.010000000000005116,px4,,0.3771597864481786,1.0,,25/25/25 Hz,1.0,1500,transition,19,25,0.04857146844654956,0.015457025592594974,0.3736552349629379,outage_window,0.26321454960538376
0.17995380753804527,1.0,1.0,,original,zero,60,1.0,1.0,,0.6,0.9355,,0.0543759944065274,1.0,,0.1251768562604563,0.010000000000005116,px4,,0.3808115332891824,1.0,,25/25/25 Hz,1.0,2000,transition,19,40,0.03620106027566875,0.016376030902425513,0.37690937255308393,after_return,0.156558804074921
0.45448842171477016,1.0,,,original,zero,60,1.0,,,0.6,0.4238297872340426,,0.12286133711405746,,,0.26961216070713323,0.010000000000005116,ekf3,,0.1349303235245196,1.0,,25/25/25 Hz,1.0,4700,transition,19,13,0.05107892977979114,0.05585034042084505,0.05577888533287002,flight,0.4331183656873141
0.27476254202145084,1.0,,,original,zero,25,1.0,,,0.6,0.0,,0.20263319865021434,,,0.22845119943789807,0.010000000000001563,ekf3,,0.2108607633915669,1.0,,25/25/25 Hz,1.0,700,transition,19,18,0.16826805809863266,0.06954969146873133,0.058327080698909864,before_outage,0.2533868756748731
0.2993157849855381,1.0,,,original,zero,40,1.0,,,0.6,0.0,,0.14046486470577882,,,0.21509047271958662,0.010000000000005116,ekf3,,0.14737616278358165,1.0,,25/25/25 Hz,1.0,1500,transition,19,25,0.014035610348147298,0.0691900340233448,0.04460218761451057,outage_window,0.24532800340812644
0.5875142603070708,1.0,,,original,zero,60,1.0,,,0.6,0.996,,0.062288031637009494,,,0.26961216070713323,0.010000000000005116,ekf3,,0.08241639934025931,1.0,,25/25/25 Hz,1.0,2000,transition,19,40,0.05107892977979114,0.02691548913971261,0.05396910222525478,after_return,0.5738051551738633
0.31242596258127303,1.0,1.0,,original,nominal,60,1.0,1.0,,0.6,1.0,,0.04850106653650092,1.0,,0.09708654114294994,0.010000000000005116,px4,,0.37061813324418913,1.0,,25/25/25 Hz,1.0,4700,gps,19,13,0.03533623274403609,0.019443973201325904,0.3674308740895755,flight,0.29661316447712377
0.44757077556906455,1.0,1.0,,original,nominal,25,1.0,1.0,,0.6,1.0,,0.04854639482587702,1.0,,0.07229523189630628,0.010000000000001563,px4,,0.35546837177394097,1.0,,25/25/25 Hz,1.0,700,gps,19,18,0.018571113099416874,0.02545273776780867,0.3521377725848603,before_outage,0.42970088658686834
0.293972885559164,1.0,1.0,,original,nominal,40,1.0,1.0,,0.6,1.0,,0.048436636046014205,1.0,,0.0917303362452924,0.010000000000005116,px4,,0.36542850567019247,1.0,,25/25/25 Hz,1.0,1500,gps,19,25,0.032053660057032286,0.02008271009913643,0.36220420351632565,outage_window,0.2768041779186251
0.14606419819600255,1.0,1.0,,original,nominal,60,1.0,1.0,,0.6,1.0,,0.045510400814362174,1.0,,0.09026316672594277,0.010000000000005116,px4,,0.38328454371508075,1.0,,25/25/25 Hz,1.0,2000,gps,19,40,0.03533623274403609,0.01525639584019679,0.3805730480060218,after_return,0.1284348611652196
0.5695911642177167,1.0,,,original,nominal,60,1.0,,,0.6,0.5612765957446808,,0.11544744395838091,,,0.5354237438782973,0.010000000000005116,ekf3,,0.13034919711093196,1.0,,25/25/25 Hz,1.0,4700,gps,19,13,0.06610667102331545,0.05390984107572575,0.060521077906305426,flight,0.5439127369857716
0.27650039493545264,1.0,,,original,nominal,25,1.0,,,0.6,0.0,,0.2124083859594741,,,0.25749178843924836,0.010000000000001563,ekf3,,0.22855485746044876,1.0,,25/25/25 Hz,1.0,700,gps,19,18,0.21498227421219837,0.07745843735857179,0.08438009506309616,before_outage,0.20348185281145015
0.5336304744977013,1.0,,,original,nominal,40,1.0,,,0.6,0.42533333333333334,,0.12524422288703527,,,0.5354237438782973,0.010000000000005116,ekf3,,0.1376303391210578,1.0,,25/25/25 Hz,1.0,1500,gps,19,25,0.0226169881915566,0.06576158856656494,0.057061325606754004,outage_window,0.4954111643994096
0.7125300089223076,1.0,,,original,nominal,60,1.0,,,0.6,1.0,,0.04919393698649305,,,0.09784187936095133,0.010000000000005116,ekf3,,0.07358641067636774,1.0,,25/25/25 Hz,1.0,2000,gps,19,40,0.06610667102331545,0.029894985243881626,0.05472582936785883,after_return,0.6980441049290012
0.26697272929278915,1.0,1.0,,original,nominal,60,1.0,1.0,,0.6,0.0,,0.10683462663633927,1.0,,0.17252111600067194,0.010000000000005116,px4,,0.22737671557808442,1.0,,25/25/25 Hz,1.0,4700,denied,19,13,0.16729168076296458,0.016619364104108404,0.20071505508693435,flight,0.2512017841610544
0.37460275578695285,1.0,1.0,,original,nominal,25,1.0,1.0,,0.6,0.0,,0.06451600686403954,1.0,,0.09084632461070954,0.010000000000001563,px4,,0.1892766457373743,1.0,,25/25/25 Hz,1.0,700,denied,19,18,0.0617791588400019,0.018522923777912575,0.17794193850779164,before_outage,0.3610432220304622
0.1134413824132521,1.0,1.0,,original,nominal,40,1.0,1.0,,0.6,0.0,,0.07755875466158269,1.0,,0.10274418442402965,0.010000000000005116,px4,,0.2180834315741468,1.0,,25/25/25 Hz,1.0,1500,denied,19,25,0.09609177727587474,0.011454370965561532,0.2038259617970684,outage_window,0.04663250722194385
0.14833122328200535,1.0,1.0,,original,nominal,60,1.0,1.0,,0.6,0.0,,0.14286991817505432,1.0,,0.17252111600067194,0.010000000000005116,px4,,0.25548052126376697,1.0,,25/25/25 Hz,1.0,2000,denied,19,40,0.16729168076296458,0.01570954250750231,0.21179821346238822,after_return,0.12907624486447478
0.25669952796610734,1.0,,,original,nominal,60,1.0,,,0.6,0.0,,0.182069352526623,,,0.3256664515446185,0.010000000000005116,ekf3,,0.19432293456035885,1.0,,25/25/25 Hz,1.0,4700,denied,19,13,0.10650460310516972,0.06880533416696782,0.06791283948330958,flight,0.18514892326200522
0.27650039493545264,1.0,,,original,nominal,25,1.0,,,0.6,0.0,,0.2124083859594741,,,0.25749178843924836,0.010000000000001563,ekf3,,0.22855485746044876,1.0,,25/25/25 Hz,1.0,700,denied,19,18,0.21498227421219837,0.07745843735857179,0.08438009506309616,before_outage,0.20348185281145015
0.3304663593991931,1.0,,,original,nominal,40,1.0,,,0.6,0.0,,0.13738578455346992,,,0.21472640202783794,0.010000000000005116,ekf3,,0.14791009795606402,1.0,,25/25/25 Hz,1.0,1500,denied,19,25,0.04814336362466778,0.07288799223988059,0.054795467695786665,outage_window,0.2463151754119392
0.17831549383253056,1.0,,,original,nominal,60,1.0,,,0.6,0.0,,0.2158892334590687,,,0.3256664515446185,0.010000000000005116,ekf3,,0.22808802144905435,1.0,,25/25/25 Hz,1.0,2000,denied,19,40,0.10650460310516972,0.06669503457568932,0.0735933720181376,after_return,0.10567947592135103
0.3166331949130222,1.0,1.0,,original,nominal,60,1.0,1.0,,0.6,0.8029787234042554,,0.05309881666308844,1.0,,0.1252151450502914,0.010000000000005116,px4,,0.3678104366921245,1.0,,25/25/25 Hz,1.0,4700,transition,19,13,0.03618224332253462,0.0184664952749161,0.3639574604382098,flight,0.29791445260763894
0.44757077556906455,1.0,1.0,,original,nominal,25,1.0,1.0,,0.6,1.0,,0.04854639482587702,1.0,,0.07229523189630628,0.010000000000001563,px4,,0.35546837177394097,1.0,,25/25/25 Hz,1.0,700,transition,19,18,0.018571113099416874,0.02545273776780867,0.3521377725848603,before_outage,0.42970088658686834
0.28248044374277487,1.0,1.0,,original,nominal,40,1.0,1.0,,0.6,0.4686666666666667,,0.05129316486748698,1.0,,0.08171926459229818,0.010000000000005116,px4,,0.3697391293927414,1.0,,25/25/25 Hz,1.0,1500,transition,19,25,0.048761641177357866,0.01543956220017072,0.3661639455789977,outage_window,0.2617363187930426
0.18034105915147047,1.0,1.0,,original,nominal,60,1.0,1.0,,0.6,0.9355,,0.05436260987582524,1.0,,0.1252151450502914,0.010000000000005116,px4,,0.37370851247079745,1.0,,25/25/25 Hz,1.0,2000,transition,19,40,0.03618224332253462,0.01641267402516695,0.36973336195240075,after_return,0.15620366316020584
0.47733644459900404,1.0,,,original,nominal,60,1.0,,,0.6,0.4208510638297872,,0.12221113017865683,,,0.37806518712744225,0.010000000000005116,ekf3,,0.13621887410956376,1.0,,25/25/25 Hz,1.0,4700,transition,19,13,0.06582001916048974,0.05869974538642956,0.06016661303524222,flight,0.4413671902125908
0.27650039493545264,1.0,,,original,nominal,25,1.0,,,0.6,0.0,,0.2124083859594741,,,0.25749178843924836,0.010000000000001563,ekf3,,0.22855485746044876,1.0,,25/25/25 Hz,1.0,700,transition,19,18,0.21498227421219837,0.07745843735857179,0.08438009506309616,before_outage,0.20348185281145015
0.3304663593991931,1.0,,,original,nominal,40,1.0,,,0.6,0.0,,0.13738578455346992,,,0.21472640202783794,0.010000000000005116,ekf3,,0.14791009795606402,1.0,,25/25/25 Hz,1.0,1500,transition,19,25,0.04814336362466778,0.07288799223988059,0.054795467695786665,outage_window,0.2463151754119392
0.6421772998939383,1.0,,,original,nominal,60,1.0,,,0.6,0.989,,0.06169272621009973,,,0.37806518712744225,0.010000000000005116,ekf3,,0.08300882864029781,1.0,,25/25/25 Hz,1.0,2000,transition,19,40,0.06582001916048974,0.03768580593234984,0.05553803349957577,after_return,0.6232187438909739
0.3122174452132097,1.0,1.0,,original,stress,60,1.0,1.0,,0.6,1.0,,0.04850429590060742,1.0,,0.09699366520967063,0.010000000000005116,px4,,0.39953788741611784,1.0,,25/25/25 Hz,1.0,4700,gps,19,13,0.03535443929370382,0.019399945795729696,0.3965827237287584,flight,0.2969909150979085
0.44698608519523525,1.0,1.0,,original,stress,25,1.0,1.0,,0.6,1.0,,0.048619233600737596,1.0,,0.07245428228086806,0.010000000000001563,px4,,0.3846389566491263,1.0,,25/25/25 Hz,1.0,700,gps,19,18,0.018616530475126913,0.025410982592777586,0.38155379318807114,before_outage,0.42976903393107724
0.2943611191407656,1.0,1.0,,original,stress,40,1.0,1.0,,0.6,1.0,,0.048445679658208764,1.0,,0.09172779328097296,0.010000000000005116,px4,,0.3942967806497727,1.0,,25/25/25 Hz,1.0,1500,gps,19,25,0.0320598106206671,0.020070496324986063,0.3913092988330703,outage_window,0.27777860589442194
0.14506030462577613,1.0,1.0,,original,stress,60,1.0,1.0,,0.6,1.0,,0.04553240184249756,1.0,,0.09026316672594277,0.010000000000005116,px4,,0.4120953743032747,1.0,,25/25/25 Hz,1.0,2000,gps,19,40,0.03535443929370382,0.01522432339313372,0.4095722132965191,after_return,0.12785114827122132
0.5584000403468499,1.0,,,original,stress,60,1.0,,,0.6,0.563404255319149,,0.11283870261006809,,,0.48063846308841746,0.010000000000005116,ekf3,,0.12873174499346343,1.0,,25/25/25 Hz,1.0,4700,gps,19,13,0.06532154783306392,0.054831794337829295,0.06196199934103732,flight,0.5393784894124378
0.23119444259756178,1.0,,,original,stress,25,1.0,,,0.6,0.0,,0.1997949043219841,,,0.2436443272416052,0.010000000000001563,ekf3,,0.2191465910074205,1.0,,25/25/25 Hz,1.0,700,gps,19,18,0.09414634753916273,0.0734981591934485,0.09004012748293318,before_outage,0.17447071500112923
0.5234472796709161,1.0,,,original,stress,40,1.0,,,0.6,0.432,,0.1246687442327089,,,0.48063846308841746,0.010000000000005116,ekf3,,0.13637059432013654,1.0,,25/25/25 Hz,1.0,1500,gps,19,25,0.023603537276624727,0.0678008359007712,0.05526882671693571,outage_window,0.49447878334162465
0.7051296058632195,1.0,,,original,stress,60,1.0,,,0.6,1.0,,0.04982454187725528,,,0.09818650737730183,0.010000000000005116,ekf3,,0.07234814885868444,1.0,,25/25/25 Hz,1.0,2000,gps,19,40,0.06532154783306392,0.029580007711787308,0.0524573128362481,after_return,0.6940707758277078
0.28220846309064745,1.0,1.0,,original,stress,60,1.0,1.0,,0.6,0.0,,0.10684920203341275,1.0,,0.17173764820336443,0.010000000000005116,px4,,0.24109483935785112,1.0,,25/25/25 Hz,1.0,4700,denied,19,13,0.1666401353167313,0.01685776089453212,0.2161248934986689,flight,0.26799487532295785
0.4043484982295081,1.0,1.0,,original,stress,25,1.0,1.0,,0.6,0.0,,0.06645820869061897,1.0,,0.09595387617699674,0.010000000000001563,px4,,0.20449881304263848,1.0,,25/25/25 Hz,1.0,700,denied,19,18,0.060961749361367605,0.018875224037881336,0.19339873586319567,before_outage,0.3924064520979863
0.11085253177258074,1.0,1.0,,original,stress,40,1.0,1.0,,0.6,0.0,,0.07730122113389835,1.0,,0.10249215907772923,0.010000000000005116,px4,,0.2325088924156096,1.0,,25/25/25 Hz,1.0,1500,denied,19,25,0.0959283169399747,0.011332983442391191,0.21928270853749884,outage_window,0.044059658227362644
0.14658580671400256,1.0,1.0,,original,stress,60,1.0,1.0,,0.6,0.0,,0.14242107673510382,1.0,,0.17173764820336443,0.010000000000005116,px4,,0.26816393760763224,1.0,,25/25/25 Hz,1.0,2000,denied,19,40,0.1666401353167313,0.015618680780837729,0.22721825264455264,after_return,0.12783490718772314
0.2259998638534121,1.0,,,original,stress,60,1.0,,,0.6,0.0,,0.151558417766312,,,0.2436443272416052,0.010000000000005116,ekf3,,0.16658481073856932,1.0,,25/25/25 Hz,1.0,4700,denied,19,13,0.11717474397799249,0.0682542639747441,0.06914148662689433,flight,0.16717344625723854
0.23119444259756178,1.0,,,original,stress,25,1.0,,,0.6,0.0,,0.1997949043219841,,,0.2436443272416052,0.010000000000001563,ekf3,,0.2191465910074205,1.0,,25/25/25 Hz,1.0,700,denied,19,18,0.09414634753916273,0.0734981591934485,0.09004012748293318,before_outage,0.17447071500112923
0.3024713219390465,1.0,,,original,stress,40,1.0,,,0.6,0.0,,0.13942661872972645,,,0.196248093869007,0.010000000000005116,ekf3,,0.14945353968286548,1.0,,25/25/25 Hz,1.0,1500,denied,19,25,0.12735465724770723,0.07487417804885654,0.05381987098956419,outage_window,0.23266031131871082
0.14615885214364735,1.0,,,original,stress,60,1.0,,,0.6,0.0,,0.15367893837898267,,,0.220585705572992,0.010000000000005116,ekf3,,0.16940922479691345,1.0,,25/25/25 Hz,1.0,2000,denied,19,40,0.11717474397799249,0.06325001449010799,0.07129003678635606,after_return,0.08068408566713361
0.31660184460220414,1.0,1.0,,original,stress,60,1.0,1.0,,0.6,0.8042553191489362,,0.053106508057962944,1.0,,0.125239033191752,0.010000000000005116,px4,,0.3967934530560597,1.0,,25/25/25 Hz,1.0,4700,transition,19,13,0.03618224332253462,0.018432501605467604,0.3932235282762731,flight,0.29854822747416265
0.44698608519523525,1.0,1.0,,original,stress,25,1.0,1.0,,0.6,1.0,,0.048619233600737596,1.0,,0.07245428228086806,0.010000000000001563,px4,,0.3846389566491263,1.0,,25/25/25 Hz,1.0,700,transition,19,18,0.018616530475126913,0.025410982592777586,0.38155379318807114,before_outage,0.42976903393107724
0.2830692906155696,1.0,1.0,,original,stress,40,1.0,1.0,,0.6,0.4726666666666667,,0.051323866755114196,1.0,,0.0817627389497715,0.010000000000005116,px4,,0.3986321420316982,1.0,,25/25/25 Hz,1.0,1500,transition,19,25,0.04863230657415801,0.015449060580358977,0.3953143627065469,outage_window,0.2630440198508396
0.18003225793146918,1.0,1.0,,original,stress,60,1.0,1.0,,0.6,0.9355,,0.05437622709724314,1.0,,0.125239033191752,0.010000000000005116,px4,,0.4026269943528528,1.0,,25/25/25 Hz,1.0,2000,transition,19,40,0.03618224332253462,0.016397612595360277,0.39893824397803884,after_return,0.15653114505067997
0.4532472869920313,1.0,,,original,stress,60,1.0,,,0.6,0.4208510638297872,,0.12093683284579217,,,0.37806518712744225,0.010000000000005116,ekf3,,0.13595760971496834,1.0,,25/25/25 Hz,1.0,4700,transition,19,13,0.06512830093730403,0.059593126323875395,0.06211887072892248,flight,0.4251558511305042
0.23119444259756178,1.0,,,original,stress,25,1.0,,,0.6,0.0,,0.1997949043219841,,,0.2436443272416052,0.010000000000001563,ekf3,,0.2191465910074205,1.0,,25/25/25 Hz,1.0,700,transition,19,18,0.09414634753916273,0.0734981591934485,0.09004012748293318,before_outage,0.17447071500112923
0.3024713219390465,1.0,,,original,stress,40,1.0,,,0.6,0.0,,0.13942661872972645,,,0.196248093869007,0.010000000000005116,ekf3,,0.14945353968286548,1.0,,25/25/25 Hz,1.0,1500,transition,19,25,0.12735465724770723,0.07487417804885654,0.05381987098956419,outage_window,0.23266031131871082
0.6197594268053186,1.0,,,original,stress,60,1.0,,,0.6,0.989,,0.06331082393404375,,,0.37806518712744225,0.010000000000005116,ekf3,,0.08321250358093721,1.0,,25/25/25 Hz,1.0,2000,transition,19,40,0.06512830093730403,0.037395190809103654,0.05400055856192601,after_return,0.6046607997297726
0.3145767488188996,1.0,1.0,,original,zero,60,1.0,1.0,,0.6,1.0,,0.055806382771015364,1.0,,0.13603083249392953,0.010000000000005116,px4,,0.5150070721517005,1.0,,25/25/25 Hz,1.0,4700,gps,41,13,0.022909174709280264,0.02267795793846603,0.511974542343935,flight,0.3031914279664877
0.2535333165148248,1.0,1.0,,original,zero,25,1.0,1.0,,0.6,1.0,,0.04761290879970381,1.0,,0.08178245469542994,0.010000000000001563,px4,,0.491228424215846,1.0,,25/25/25 Hz,1.0,700,gps,41,18,0.022042175340805163,0.02067469944382588,0.4889155097490918,before_outage,0.24023872818828138
0.33900863520328467,1.0,1.0,,original,zero,40,1.0,1.0,,0.6,1.0,,0.06397934482529102,1.0,,0.13603083249392953,0.010000000000005116,px4,,0.5404208454621293,1.0,,25/25/25 Hz,1.0,1500,gps,41,25,0.02798232641421885,0.02590666606974614,0.5366202881421175,outage_window,0.3287529101549263
0.1868000010150488,1.0,1.0,,original,zero,60,1.0,1.0,,0.6,1.0,,0.05463494679871891,1.0,,0.10666239418895573,0.010000000000005116,px4,,0.5135334790408893,1.0,,25/25/25 Hz,1.0,2000,gps,41,40,0.022909174709280264,0.0209136422047135,0.5106188957374577,after_return,0.1723226877242829
0.4261026552957245,1.0,,,original,zero,60,1.0,,,0.6,0.5642553191489361,,0.11216115457113551,,,0.4180375241003359,0.010000000000005116,ekf3,,0.12460455195635226,1.0,,25/25/25 Hz,1.0,4700,gps,41,13,0.01576249528223449,0.05250218738823228,0.05427863091045255,flight,0.3954336633096841
0.32861512465588,1.0,,,original,zero,25,1.0,,,0.6,0.0,,0.18253663622163727,,,0.24170967631224355,0.010000000000001563,ekf3,,0.18601698288127672,1.0,,25/25/25 Hz,1.0,700,gps,41,18,0.19870352542569755,0.078304809653097,0.03581472263110321,before_outage,0.2828710444120228
0.40806674887581956,1.0,,,original,zero,40,1.0,,,0.6,0.43466666666666665,,0.12306077943805832,,,0.4180375241003359,0.010000000000005116,ekf3,,0.14068054761018822,1.0,,25/25/25 Hz,1.0,1500,gps,41,25,0.028428172956506223,0.0595720249897942,0.06816935557858823,outage_window,0.3579708630503236
0.4712976941636915,1.0,,,original,zero,60,1.0,,,0.6,1.0,,0.05508468303041651,,,0.1101898559922402,0.010000000000005116,ekf3,,0.07718090991016792,1.0,,25/25/25 Hz,1.0,2000,gps,41,40,0.01576249528223449,0.030924778013906414,0.05406080419305655,after_return,0.4553353431588013
0.3814863865703827,1.0,1.0,,original,zero,60,1.0,1.0,,0.6,0.0,,0.08554380871418812,1.0,,0.16505324550512088,0.010000000000005116,px4,,0.27104450393257,1.0,,25/25/25 Hz,1.0,4700,denied,41,13,0.15021394950789188,0.02031826352345501,0.25719132936925254,flight,0.37150521441426954
0.5525631306514781,1.0,1.0,,original,zero,25,1.0,1.0,,0.6,0.0,,0.053838280786184675,1.0,,0.07531364004860744,0.010000000000001563,px4,,0.2418039606671212,1.0,,25/25/25 Hz,1.0,700,denied,41,18,0.07531364004860744,0.028279554975555933,0.23573416153857427,before_outage,0.5451027195577187
0.2837868091787217,1.0,1.0,,original,zero,40,1.0,1.0,,0.6,0.0,,0.056314889100356404,1.0,,0.07668815355137412,0.010000000000005116,px4,,0.27512250755953027,1.0,,25/25/25 Hz,1.0,1500,denied,41,25,0.028785774249815498,0.017033770272981492,0.26929728448586027,outage_window,0.2701520338152423
0.20359532280759832,1.0,1.0,,original,zero,60,1.0,1.0,,0.6,0.0,,0.11496854210084634,1.0,,0.16505324550512088,0.010000000000005116,px4,,0.2873971276351772,1.0,,25/25/25 Hz,1.0,2000,denied,41,40,0.15021394950789188,0.01530217072605104,0.26339958864841884,after_return,0.1948366931322524
0.2696976971939186,1.0,,,original,zero,60,1.0,,,0.6,0.0,,0.20963327790381395,,,0.3768643675538402,0.010000000000005116,ekf3,,0.2178020900790439,1.0,,25/25/25 Hz,1.0,4700,denied,41,13,0.24207680443402813,0.07002897893435363,0.059090094246855455,flight,0.20746395869855136
0.3442605888084601,1.0,,,original,zero,25,1.0,,,0.6,0.0,,0.1943644158768476,,,0.24025745768649778,0.010000000000001563,ekf3,,0.20130937875179558,1.0,,25/25/25 Hz,1.0,700,denied,41,18,0.2391817046859914,0.08003765921062399,0.05242079562812561,before_outage,0.3086445574369327
0.2858200444280903,1.0,,,original,zero,40,1.0,,,0.6,0.0,,0.17739257682140794,,,0.23993156737185392,0.010000000000005116,ekf3,,0.19245133697813702,1.0,,25/25/25 Hz,1.0,1500,denied,41,25,0.10155727960869682,0.07306516891610357,0.07462835113636997,outage_window,0.17839271674865176
0.16865668664108296,1.0,,,original,zero,60,1.0,,,0.6,0.0,,0.25058585027854124,,,0.3768643675538402,0.010000000000005116,ekf3,,0.25568525273237697,1.0,,25/25/25 Hz,1.0,2000,denied,41,40,0.24207680443402813,0.06731209843972394,0.0508102362226353,after_return,0.10015360890913831
0.3037465951620552,1.0,1.0,,original,zero,60,1.0,1.0,,0.6,0.8004255319148936,,0.04511230337094195,1.0,,0.11018910182677759,0.010000000000005116,px4,,0.4859810520429005,1.0,,25/25/25 Hz,1.0,4700,transition,41,13,0.0208330948173148,0.02017726935925597,0.4838826955257777,flight,0.29030378838106
0.2535333165148248,1.0,1.0,,original,zero,25,1.0,1.0,,0.6,1.0,,0.04761290879970381,1.0,,0.08178245469542994,0.010000000000001563,px4,,0.491228424215846,1.0,,25/25/25 Hz,1.0,700,transition,41,18,0.022042175340805163,0.02067469944382588,0.4889155097490918,before_outage,0.24023872818828138
0.24890820715564604,1.0,1.0,,original,zero,40,1.0,1.0,,0.6,0.46066666666666667,,0.03788234435698806,1.0,,0.06319774493081914,0.010000000000005116,px4,,0.5311773286903408,1.0,,25/25/25 Hz,1.0,1500,transition,41,25,0.03156040649871703,0.01741342830295512,0.5298247658430333,outage_window,0.23292075685215471
0.24266447660372398,1.0,1.0,,original,zero,60,1.0,1.0,,0.6,0.9355,,0.04942160038300989,1.0,,0.11018910182677759,0.010000000000005116,px4,,0.45040769035037764,1.0,,25/25/25 Hz,1.0,2000,transition,41,40,0.0208330948173148,0.021482144199763326,0.44768805316017063,after_return,0.2282330786351378
0.3980827965169758,1.0,,,original,zero,60,1.0,,,0.6,0.4238297872340426,,0.12759574117138223,,,0.39017780107905403,0.010000000000005116,ekf3,,0.13622334053558005,1.0,,25/25/25 Hz,1.0,4700,transition,41,13,0.015836706612755064,0.05548289432476866,0.047708755397707046,flight,0.35964938275710784
0.32861512465588,1.0,,,original,zero,25,1.0,,,0.6,0.0,,0.18253663622163727,,,0.24170967631224355,0.010000000000001563,ekf3,,0.18601698288127672,1.0,,25/25/25 Hz,1.0,700,transition,41,18,0.19870352542569755,0.078304809653097,0.03581472263110321,before_outage,0.2828710444120228
0.3014064810409492,1.0,,,original,zero,40,1.0,,,0.6,0.0,,0.15053196768621663,,,0.19905158084741903,0.010000000000005116,ekf3,,0.16459127982819796,1.0,,25/25/25 Hz,1.0,1500,transition,41,25,0.09414836699822811,0.06782454007582164,0.06656137092939117,outage_window,0.20796503892437643
0.4739262644592758,1.0,,,original,zero,60,1.0,,,0.6,0.996,,0.07806198210514553,,,0.39017780107905403,0.010000000000005116,ekf3,,0.08720162206165698,1.0,,25/25/25 Hz,1.0,2000,transition,41,40,0.015836706612755064,0.030401221386987958,0.038864506172084576,after_return,0.4555252928158303
0.3192404210627522,1.0,1.0,,original,nominal,60,1.0,1.0,,0.6,1.0,,0.0559563695682122,1.0,,0.13593680317770132,0.010000000000005116,px4,,0.5815664269319287,1.0,,25/25/25 Hz,1.0,4700,gps,41,13,0.022811844884715854,0.02266852232540909,0.5788682005768809,flight,0.31065760573912754
0.2570896773124769,1.0,1.0,,original,nominal,25,1.0,1.0,,0.6,1.0,,0.04864945673747649,1.0,,0.08330802067403813,0.010000000000001563,px4,,0.558388295213134,1.0,,25/25/25 Hz,1.0,700,gps,41,18,0.021682090832177443,0.02048497218227122,0.5562649715649715,before_outage,0.2476475067035532
0.34060668530554855,1.0,1.0,,original,nominal,40,1.0,1.0,,0.6,1.0,,0.06400357320235679,1.0,,0.13593680317770132,0.010000000000005116,px4,,0.606836529397936,1.0,,25/25/25 Hz,1.0,1500,gps,41,25,0.027704866804622624,0.025857212983944947,0.6034518340589101,outage_window,0.3330352576807415
0.1870738372864522,1.0,1.0,,original,nominal,60,1.0,1.0,,0.6,1.0,,0.054670139255694236,1.0,,0.10730199045629367,0.010000000000005116,px4,,0.5796613827257951,1.0,,25/25/25 Hz,1.0,2000,gps,41,40,0.022811844884715854,0.02092776456042735,0.5770775463465406,after_return,0.17563786134947654
0.39468311816332624,1.0,,,original,nominal,60,1.0,,,0.6,0.5612765957446808,,0.13061158026681952,,,0.7355321971593333,0.010000000000005116,ekf3,,0.1447848622834252,1.0,,25/25/25 Hz,1.0,4700,gps,41,13,0.01769850337984753,0.05464321122299384,0.06247616702899234,flight,0.3505244838526912
0.3254547169216074,1.0,,,original,nominal,25,1.0,,,0.6,0.0,,0.21933922417657248,,,0.25959022559938655,0.010000000000001563,ekf3,,0.2345019632073365,1.0,,25/25/25 Hz,1.0,700,gps,41,18,0.2044719709870986,0.07840505056688012,0.0829546592164315,before_outage,0.2259414535829246
0.3750805488811306,1.0,,,original,nominal,40,1.0,,,0.6,0.42533333333333334,,0.15239286017716974,,,0.7355321971593333,0.010000000000005116,ekf3,,0.16172566194942103,1.0,,25/25/25 Hz,1.0,1500,gps,41,25,0.019531216401059873,0.06221305531336247,0.05414430625652156,outage_window,0.309599929395162
0.443767379811158,1.0,,,original,nominal,60,1.0,,,0.6,1.0,,0.05851025589813473,,,0.11586833123128283,0.010000000000005116,ekf3,,0.08421603285755754,1.0,,25/25/25 Hz,1.0,2000,gps,41,40,0.01769850337984753,0.03309260497113427,0.06057136406751956,after_return,0.4235564154125115
0.4258313925251007,1.0,1.0,,original,nominal,60,1.0,1.0,,0.6,0.0,,0.09142816694026504,1.0,,0.17185854216486915,0.010000000000005116,px4,,0.30613343537522714,1.0,,25/25/25 Hz,1.0,4700,denied,41,13,0.1567253374247387,0.021563784618044677,0.29216189098611306,flight,0.41778918729397474
0.6241324936342679,1.0,1.0,,original,nominal,25,1.0,1.0,,0.6,0.0,,0.05639080157306756,1.0,,0.08500760225056728,0.010000000000001563,px4,,0.2767596694804664,1.0,,25/25/25 Hz,1.0,700,denied,41,18,0.08500760225056728,0.03117581138304485,0.2709538561247725,before_outage,0.6184413814465681
0.3121293511022899,1.0,1.0,,original,nominal,40,1.0,1.0,,0.6,0.0,,0.06305349032017907,1.0,,0.08631749844072488,0.010000000000005116,px4,,0.31084517755728397,1.0,,25/25/25 Hz,1.0,1500,denied,41,25,0.03606385869655828,0.017594314296242673,0.3043829524941607,outage_window,0.3014280303575298
0.20409027252612752,1.0,1.0,,original,nominal,60,1.0,1.0,,0.6,0.0,,0.12115123545260399,1.0,,0.17185854216486915,0.010000000000005116,px4,,0.32195896314649197,1.0,,25/25/25 Hz,1.0,2000,denied,41,40,0.1567253374247387,0.015222737317935737,0.2982950755521651,after_return,0.19684422833212234
0.2644956725387384,1.0,,,original,nominal,60,1.0,,,0.6,0.0,,0.19174339717548147,,,0.35729990523683564,0.010000000000005116,ekf3,,0.20064207674948978,1.0,,25/25/25 Hz,1.0,4700,denied,41,13,0.10732826093344916,0.06865110603061637,0.05909071502320563,flight,0.17468421722064303
0.3254547169216074,1.0,,,original,nominal,25,1.0,,,0.6,0.0,,0.21933922417657248,,,0.25959022559938655,0.010000000000001563,ekf3,,0.2345019632073365,1.0,,25/25/25 Hz,1.0,700,denied,41,18,0.2044719709870986,0.07840505056688012,0.0829546592164315,before_outage,0.2259414535829246
0.29453654160786474,1.0,,,original,nominal,40,1.0,,,0.6,0.0,,0.14558056425332194,,,0.22758715681002684,0.010000000000005116,ekf3,,0.1551594408610562,1.0,,25/25/25 Hz,1.0,1500,denied,41,25,0.06942829610405919,0.07133951229345739,0.053672631759584886,outage_window,0.1713717531812548
0.18897151440532375,1.0,,,original,nominal,60,1.0,,,0.6,0.0,,0.22639634324822702,,,0.35729990523683564,0.010000000000005116,ekf3,,0.23236861227620442,1.0,,25/25/25 Hz,1.0,2000,denied,41,40,0.10732826093344916,0.06511255388815196,0.05234374590149237,after_return,0.11060626802543481
0.3103819657707358,1.0,1.0,,original,nominal,60,1.0,1.0,,0.6,0.8029787234042554,,0.045570660451835936,1.0,,0.11093844069310799,0.010000000000005116,px4,,0.5528718716342597,1.0,,25/25/25 Hz,1.0,4700,transition,41,13,0.020723609219504665,0.02024292458289931,0.5509905819071255,flight,0.29998811531869235
0.2570896773124769,1.0,1.0,,original,nominal,25,1.0,1.0,,0.6,1.0,,0.04864945673747649,1.0,,0.08330802067403813,0.010000000000001563,px4,,0.558388295213134,1.0,,25/25/25 Hz,1.0,700,transition,41,18,0.021682090832177443,0.02048497218227122,0.5562649715649715,before_outage,0.2476475067035532
0.25401085124509093,1.0,1.0,,original,nominal,40,1.0,1.0,,0.6,0.4686666666666667,,0.03866633433964603,1.0,,0.06394895964426303,0.010000000000005116,px4,,0.5981150992831866,1.0,,25/25/25 Hz,1.0,1500,transition,41,25,0.03428457115977669,0.01751425300359555,0.5968639598595905,outage_window,0.241830788687057
0.24598392141288578,1.0,1.0,,original,nominal,60,1.0,1.0,,0.6,0.9355,,0.04961796178684931,1.0,,0.11093844069310799,0.010000000000005116,px4,,0.5170989449205781,1.0,,25/25/25 Hz,1.0,2000,transition,41,40,0.020723609219504665,0.021558159654867824,0.5147129070715963,after_return,0.23422322224413172
0.3747335713168283,1.0,,,original,nominal,60,1.0,,,0.6,0.4208510638297872,,0.1378082095452369,,,0.6854418769200508,0.010000000000005116,ekf3,,0.14892100180117118,1.0,,25/25/25 Hz,1.0,4700,transition,41,13,0.018097985997079156,0.06033900462359984,0.05644787116801224,flight,0.320433851345376
0.3254547169216074,1.0,,,original,nominal,25,1.0,,,0.6,0.0,,0.21933922417657248,,,0.25959022559938655,0.010000000000001563,ekf3,,0.2345019632073365,1.0,,25/25/25 Hz,1.0,700,transition,41,18,0.2044719709870986,0.07840505056688012,0.0829546592164315,before_outage,0.2259414535829246
0.29453654160786474,1.0,,,original,nominal,40,1.0,,,0.6,0.0,,0.14558056425332194,,,0.22758715681002684,0.010000000000005116,ekf3,,0.1551594408610562,1.0,,25/25/25 Hz,1.0,1500,transition,41,25,0.06942829610405919,0.07133951229345739,0.053672631759584886,outage_window,0.1713717531812548
0.44867400376552025,1.0,,,original,nominal,60,1.0,,,0.6,0.989,,0.09739301331046449,,,0.6854418769200508,0.010000000000005116,ekf3,,0.10727391685163878,1.0,,25/25/25 Hz,1.0,2000,transition,41,40,0.018097985997079156,0.04147317573114202,0.0449699254502384,after_return,0.4264005725609575
0.31461654804011707,1.0,1.0,,original,stress,60,1.0,1.0,,0.6,1.0,,0.055772638014174876,1.0,,0.13605524519416887,0.010000000000005116,px4,,0.5289907540875409,1.0,,25/25/25 Hz,1.0,4700,gps,41,13,0.022923571441396857,0.022698602575701218,0.5260424229651492,flight,0.3023263679737571
0.25409330694622123,1.0,1.0,,original,stress,25,1.0,1.0,,0.6,1.0,,0.047383673364947344,1.0,,0.08148153701832914,0.010000000000001563,px4,,0.5051473771904191,1.0,,25/25/25 Hz,1.0,700,gps,41,18,0.022042175340805163,0.020740075268870655,0.5029201330040423,before_outage,0.2393900400888946
0.3384103347121444,1.0,1.0,,original,stress,40,1.0,1.0,,0.6,1.0,,0.06397661542761676,1.0,,0.13605524519416887,0.010000000000005116,px4,,0.5543803704995506,1.0,,25/25/25 Hz,1.0,1500,gps,41,25,0.028040188927156127,0.02592840050975863,0.5506764820415394,outage_window,0.3273311591710828
0.18676060867545932,1.0,1.0,,original,stress,60,1.0,1.0,,0.6,1.0,,0.05462437653456121,1.0,,0.10647227319959102,0.010000000000005116,px4,,0.5275374894436492,1.0,,25/25/25 Hz,1.0,2000,gps,41,40,0.022923571441396857,0.02092428496289893,0.5247018012707014,after_return,0.17138615884240765
0.39147896355346756,1.0,,,original,stress,60,1.0,,,0.6,0.563404255319149,,0.12034020321342138,,,0.5235863175110117,0.010000000000005116,ekf3,,0.13549725617942865,1.0,,25/25/25 Hz,1.0,4700,gps,41,13,0.020043142138958248,0.057440135027433316,0.062271517748535364,flight,0.35679274429261687
0.21499299269627142,1.0,,,original,stress,25,1.0,,,0.6,0.0,,0.21486174840963382,,,0.2323106046812185,0.010000000000001563,ekf3,,0.22716916217640654,1.0,,25/25/25 Hz,1.0,700,gps,41,18,0.19481692730872477,0.07990735081794113,0.07375809999102279,before_outage,0.12355485759525835
0.3546088004786587,1.0,,,original,stress,40,1.0,,,0.6,0.432,,0.13043754865868773,,,0.5235863175110117,0.010000000000005116,ekf3,,0.14209007673568974,1.0,,25/25/25 Hz,1.0,1500,gps,41,25,0.018231855701355,0.06897541943837084,0.05635277993734353,outage_window,0.29358551872927574
0.4873444266345146,1.0,,,original,stress,60,1.0,,,0.6,1.0,,0.058958204924193486,,,0.1184108712468174,0.010000000000005116,ekf3,,0.08605888032552593,1.0,,25/25/25 Hz,1.0,2000,gps,41,40,0.020043142138958248,0.03453697741576685,0.062690198237045,after_return,0.4716512936928115
0.386701680578481,1.0,1.0,,original,stress,60,1.0,1.0,,0.6,0.0,,0.08606141370945708,1.0,,0.16573350259790184,0.010000000000005116,px4,,0.2794859220250632,1.0,,25/25/25 Hz,1.0,4700,denied,41,13,0.15084156191993045,0.020520973725041778,0.265905648079407,flight,0.37603253453861346
0.5618696585502467,1.0,1.0,,original,stress,25,1.0,1.0,,0.6,0.0,,0.05408894502547514,1.0,,0.07590665782927869,0.010000000000001563,px4,,0.25033731312559476,1.0,,25/25/25 Hz,1.0,700,denied,41,18,0.07590665782927869,0.028638056251430455,0.24442413213300604,before_outage,0.5537865796441349
0.28689430422682827,1.0,1.0,,original,stress,40,1.0,1.0,,0.6,0.0,,0.05675902831202091,1.0,,0.07733134096005585,0.010000000000005116,px4,,0.2837599877881097,1.0,,25/25/25 Hz,1.0,1500,denied,41,25,0.029449844713017904,0.017144097389184723,0.2780254365603682,outage_window,0.2724022210391415
0.2041823416138169,1.0,1.0,,original,stress,60,1.0,1.0,,0.6,0.0,,0.11553387396837589,1.0,,0.16573350259790184,0.010000000000005116,px4,,0.29567103164679165,1.0,,25/25/25 Hz,1.0,2000,denied,41,40,0.15084156191993045,0.01540107646005523,0.272164073530908,after_return,0.1947050684902435
0.21340558897360098,1.0,,,original,stress,60,1.0,,,0.6,0.0,,0.17346500886349722,,,0.31831140004119857,0.010000000000005116,ekf3,,0.1828211665004675,1.0,,25/25/25 Hz,1.0,4700,denied,41,13,0.08221214012360026,0.0695028868869504,0.05773620718906374,flight,0.12061164950188238
0.21499299269627142,1.0,,,original,stress,25,1.0,,,0.6,0.0,,0.21486174840963382,,,0.2323106046812185,0.010000000000001563,ekf3,,0.22716916217640654,1.0,,25/25/25 Hz,1.0,700,denied,41,18,0.19481692730872477,0.07990735081794113,0.07375809999102279,before_outage,0.12355485759525835
0.24739989948632243,1.0,,,original,stress,40,1.0,,,0.6,0.0,,0.12945233474126216,,,0.19495710647539521,0.010000000000005116,ekf3,,0.13983016685714542,1.0,,25/25/25 Hz,1.0,1500,denied,41,25,0.11195446646039174,0.07131837891499579,0.052863679339725626,outage_window,0.10968531343812363
0.18105965807066726,1.0,,,original,stress,60,1.0,,,0.6,0.0,,0.20086740784235055,,,0.31831140004119857,0.010000000000005116,ekf3,,0.20804936190314355,1.0,,25/25/25 Hz,1.0,2000,denied,41,40,0.08221214012360026,0.06741504953512198,0.05419244832077621,after_return,0.11447483285271007
0.30352835960659047,1.0,1.0,,original,stress,60,1.0,1.0,,0.6,0.8042553191489362,,0.04504616647134543,1.0,,0.110053067052872,0.010000000000005116,px4,,0.5004196520056615,1.0,,25/25/25 Hz,1.0,4700,transition,41,13,0.020938183148123325,0.02016851757151021,0.4983880726900507,flight,0.2890993115856395
0.25409330694622123,1.0,1.0,,original,stress,25,1.0,1.0,,0.6,1.0,,0.047383673364947344,1.0,,0.08148153701832914,0.010000000000001563,px4,,0.5051473771904191,1.0,,25/25/25 Hz,1.0,700,transition,41,18,0.022042175340805163,0.020740075268870655,0.5029201330040423,before_outage,0.2393900400888946
0.24793161703861763,1.0,1.0,,original,stress,40,1.0,1.0,,0.6,0.4726666666666667,,0.037809166422771864,1.0,,0.06316131814130375,0.010000000000005116,px4,,0.5451780308632194,1.0,,25/25/25 Hz,1.0,1500,transition,41,25,0.031110149720826787,0.01743054446214097,0.5438653806506831,outage_window,0.2306866121990957
0.24199374771165513,1.0,1.0,,original,stress,60,1.0,1.0,,0.6,0.9355,,0.049397040560494196,1.0,,0.110053067052872,0.010000000000005116,px4,,0.4655834180261371,1.0,,25/25/25 Hz,1.0,2000,transition,41,40,0.020938183148123325,0.0214311509211415,0.4629555610690573,after_return,0.22679642318542223
0.36030678143982,1.0,,,original,stress,60,1.0,,,0.6,0.4208510638297872,,0.1304941387410028,,,0.6854418769200508,0.010000000000005116,ekf3,,0.14149937279146202,1.0,,25/25/25 Hz,1.0,4700,transition,41,13,0.020340663785886923,0.06049771222463573,0.05471153675981922,flight,0.31591128826700005
0.21499299269627142,1.0,,,original,stress,25,1.0,,,0.6,0.0,,0.21486174840963382,,,0.2323106046812185,0.010000000000001563,ekf3,,0.22716916217640654,1.0,,25/25/25 Hz,1.0,700,transition,41,18,0.19481692730872477,0.07990735081794113,0.07375809999102279,before_outage,0.12355485759525835
0.24739989948632243,1.0,,,original,stress,40,1.0,,,0.6,0.0,,0.12945233474126216,,,0.19495710647539521,0.010000000000005116,ekf3,,0.13983016685714542,1.0,,25/25/25 Hz,1.0,1500,transition,41,25,0.11195446646039174,0.07131837891499579,0.052863679339725626,outage_window,0.10968531343812363
0.48045636996984,1.0,,,original,stress,60,1.0,,,0.6,0.989,,0.09825197838110465,,,0.6854418769200508,0.010000000000005116,ekf3,,0.10858635688152106,1.0,,25/25/25 Hz,1.0,2000,transition,41,40,0.020340663785886923,0.042352040871607356,0.04623359865941651,after_return,0.4620048719388033
1.306310699508017,1.0,,49.8936170212766,held-out,zero,60,1.0,,99.1063829787234,0.85,,10.0,0.030180829252739627,,49.1063829787234,0.11324144257641135,0.010000000000005116,retrodiction,0,0.0666732338461076,1.0,1.0,100/50/50 Hz,1.0,4700,gps,101,13,0.0069006578286479785,0.03663845425659821,0.059451136718440656,flight,0.9576396111040246
0.8566894316949623,1.0,,49.857142857142854,held-out,zero,25,1.0,,99.85714285714286,0.85,,10.0,0.027294870569317717,,48.57142857142857,0.05450206437756669,0.010000000000001563,retrodiction,0,0.0527878977894307,1.0,1.0,100/50/50 Hz,1.0,700,gps,101,18,0.009306700567494143,0.030007669686626364,0.045183538967544096,before_outage,0.21159036459912164
0.5489565043560828,1.0,,49.93333333333333,held-out,zero,40,1.0,,99.86666666666666,0.85,,10.0,0.01862802933609592,,49.2,0.03184749234423119,0.010000000000005116,retrodiction,0,0.06522546596510245,1.0,1.0,100/50/50 Hz,1.0,1500,gps,101,25,0.02604109768719435,0.030153696498333087,0.062508862838947,outage_window,0.26727642528173895
0.2934866813636093,1.0,,49.95,held-out,zero,60,1.0,,99.95,0.85,,10.0,0.016525669116949374,,49.55,0.027420546073707128,0.010000000000005116,retrodiction,0,0.06688831963872315,1.0,1.0,100/50/50 Hz,1.0,2000,gps,101,40,0.0069006578286479785,0.018326659710785752,0.0648147326178941,after_return,0.2218657613416973
1.5572946519264366,1.0,,49.8936170212766,held-out,zero,60,1.0,,98.85106382978724,0.85,,10.0,0.0427264306189715,,48.787234042553195,0.15937701668706072,0.010000000000005116,horizon,0,0.1018386682089623,1.0,1.0,100/50/50 Hz,1.0,4700,gps,101,13,0.0028531120660141235,0.04877053717578789,0.09244223314663771,flight,1.11537420054721
1.169694997738279,1.0,,49.857142857142854,held-out,zero,25,1.0,,99.85714285714286,0.85,,10.0,0.04147922345236065,,47.857142857142854,0.08029429018752338,0.010000000000001563,horizon,0,0.08972337155066741,1.0,1.0,100/50/50 Hz,1.0,700,gps,101,18,0.013990326545764466,0.04303730560578137,0.07955977265055655,before_outage,0.30318288437255614
0.7262817663126886,1.0,,49.93333333333333,held-out,zero,40,1.0,,99.86666666666666,0.85,,10.0,0.021406751664041195,,48.53333333333333,0.03970085123025797,0.010000000000005116,horizon,0,0.09458594620368814,1.0,1.0,100/50/50 Hz,1.0,1500,gps,101,25,0.029421125304853468,0.041502148992360204,0.09213171116635713,outage_window,0.2935855844481449
0.37907854122686957,1.0,,49.95,held-out,zero,60,1.0,,99.95,0.85,,10.0,0.018081031421134562,,49.5,0.030866341784131963,0.010000000000005116,horizon,0,0.10355602840864063,1.0,1.0,100/50/50 Hz,1.0,2000,gps,101,40,0.0028531120660141235,0.022964388504705422,0.10196532411814876,after_return,0.2621636274145892
0.5750803248459545,1.0,,49.8936170212766,held-out,zero,60,1.0,,98.93617021276596,0.85,,0.0,0.4443734296648245,,49.212765957446805,0.6695425519278069,0.010000000000005116,retrodiction,0,0.44867654325483153,1.0,1.0,100/50/50 Hz,1.0,4700,denied,101,13,0.397481593830523,0.04045262438200023,0.061991091900578776,flight,0.34958713923369805
0.29806265351456157,1.0,,49.857142857142854,held-out,zero,25,1.0,,99.71428571428571,0.85,,0.0,0.5690371703075506,,49.285714285714285,0.6536612534990454,0.010000000000001563,retrodiction,0,0.5711395243867403,1.0,1.0,100/50/50 Hz,1.0,700,denied,101,18,0.47032275143069874,0.064526519741313,0.048959729626372746,before_outage,0.2775292233301879
0.29946430803453084,1.0,,49.86666666666667,held-out,zero,40,1.0,,99.86666666666666,0.85,,0.0,0.42032775717169524,,49.266666666666666,0.482477611057726,0.010000000000005116,retrodiction,0,0.42550795091316007,1.0,1.0,100/50/50 Hz,1.0,1500,denied,101,25,0.3960637549837409,0.04257840849281171,0.06619360121136089,outage_window,0.2864478445925463
0.047266259259698816,1.0,,50.0,held-out,zero,60,1.0,,99.9,0.85,,0.0,0.38932561840690433,,49.45,0.39851753382582955,0.010000000000005116,retrodiction,0,0.3949279940655579,1.0,1.0,100/50/50 Hz,1.0,2000,denied,101,40,0.397481593830523,0.019885235668996408,0.06628486515583211,after_return,0.034079341961902994
2.150723125572852,1.0,,49.8936170212766,held-out,zero,60,1.0,,98.80851063829788,0.85,,0.0,0.3031692321896344,,49.170212765957444,0.6371075710195284,0.010000000000005116,horizon,0,0.31980956674793937,1.0,1.0,100/50/50 Hz,1.0,4700,denied,101,13,0.2791530488681344,0.09698621806348522,0.101816381967993,flight,1.8365752530692312
1.1295120091739195,1.0,,49.857142857142854,held-out,zero,25,1.0,,99.71428571428571,0.85,,0.0,0.28477104660321156,,49.142857142857146,0.3310067410584646,0.010000000000001563,horizon,0,0.29791715291691373,1.0,1.0,100/50/50 Hz,1.0,700,denied,101,18,0.23901434502628818,0.06270202932917412,0.08752188879721026,before_outage,0.5377109930366291
0.8071124808540784,1.0,,49.86666666666667,held-out,zero,40,1.0,,99.86666666666666,0.85,,0.0,0.25301771399241496,,49.2,0.2930867721354933,0.010000000000005116,horizon,0,0.27495427692194446,1.0,1.0,100/50/50 Hz,1.0,1500,denied,101,25,0.2207489158306308,0.06315545996476438,0.10761919347273434,outage_window,0.48086818687621297
0.4812266086699983,1.0,,50.0,held-out,zero,60,1.0,,99.95,0.85,,0.0,0.2713836768529226,,49.5,0.3070215159228311,0.010000000000005116,horizon,0,0.2921155549230389,1.0,1.0,100/50/50 Hz,1.0,2000,denied,101,40,0.2791530488681344,0.060752092336446115,0.1080851394308369,after_return,0.3546521872110848
1.3227821331118714,1.0,,49.8936170212766,held-out,zero,60,1.0,,99.1063829787234,0.85,,6.808510638297872,0.033762092112263456,,49.1063829787234,0.11324144257641135,0.010000000000005116,retrodiction,0,0.06880240462436835,1.0,1.0,100/50/50 Hz,1.0,4700,transition,101,13,0.014555121377113284,0.03880875736058707,0.05994907854419733,flight,0.9722537118616897
0.8566894316949623,1.0,,49.857142857142854,held-out,zero,25,1.0,,99.85714285714286,0.85,,10.0,0.027294870569317717,,48.57142857142857,0.05450206437756669,0.010000000000001563,retrodiction,0,0.0527878977894307,1.0,1.0,100/50/50 Hz,1.0,700,transition,101,18,0.009306700567494143,0.030007669686626364,0.045183538967544096,before_outage,0.21159036459912164
0.6281187610310073,1.0,,49.93333333333333,held-out,zero,40,1.0,,99.86666666666666,0.85,,0.0,0.023215663121162244,,49.2,0.04088788370263339,0.010000000000005116,retrodiction,0,0.06799456870941312,1.0,1.0,100/50/50 Hz,1.0,1500,transition,101,25,0.03483835600633821,0.036806530660678204,0.0639084842554086,outage_window,0.36178878200135023
0.3435346595282008,1.0,,49.95,held-out,zero,60,1.0,,99.95,0.85,,10.0,0.02583150496930091,,49.55,0.04383171873454998,0.010000000000005116,retrodiction,0,0.06982285902400075,1.0,1.0,100/50/50 Hz,1.0,2000,transition,101,40,0.014555121377113284,0.019661047463188114,0.06486882913469662,after_return,0.26629340954136377
1.5831697284869637,1.0,,49.8936170212766,held-out,zero,60,1.0,,98.87234042553192,0.85,,6.808510638297872,0.04525633451059481,,48.91489361702128,0.15937701668706072,0.010000000000005116,horizon,0,0.10381750136896555,1.0,1.0,100/50/50 Hz,1.0,4700,transition,101,13,0.008466329513423168,0.05195953557920096,0.09343413603796157,flight,1.139179792536474
1.169694997738279,1.0,,49.857142857142854,held-out,zero,25,1.0,,99.85714285714286,0.85,,10.0,0.04147922345236065,,47.857142857142854,0.08029429018752338,0.010000000000001563,horizon,0,0.08972337155066741,1.0,1.0,100/50/50 Hz,1.0,700,transition,101,18,0.013990326545764466,0.04303730560578137,0.07955977265055655,before_outage,0.30318288437255614
0.8280166208629609,1.0,,49.93333333333333,held-out,zero,40,1.0,,99.93333333333334,0.85,,0.13333333333333333,0.027200919741352372,,48.86666666666667,0.04816465204728652,0.010000000000005116,horizon,0,0.09856488084277046,1.0,1.0,100/50/50 Hz,1.0,1500,transition,101,25,0.0460509485552564,0.050456742142634355,0.09473724558363542,outage_window,0.42883347991977444
0.46482924543707904,1.0,,49.95,held-out,zero,60,1.0,,99.95,0.85,,9.9,0.025273990435485172,,49.55,0.050963453470648894,0.010000000000005116,horizon,0,0.10537459069982855,1.0,1.0,100/50/50 Hz,1.0,2000,transition,101,40,0.008466329513423168,0.025780965724668457,0.1022987281085322,after_return,0.34867944631443254
1.6299227148333328,1.0,,49.8936170212766,held-out,nominal,60,1.0,,98.95744680851064,0.85,,10.0,0.0454484394454016,,48.638297872340424,0.1606185482555458,0.010000000000005116,retrodiction,0,0.0749519904716112,1.0,1.0,100/50/50 Hz,1.0,4700,gps,101,13,0.00651568865582289,0.04843359563119306,0.059600673046821886,flight,1.1842330167214676
1.2562009335448974,1.0,,49.857142857142854,held-out,nominal,25,1.0,,99.85714285714286,0.85,,10.0,0.04693638702556404,,47.42857142857143,0.09086517697991746,0.010000000000001563,retrodiction,0,0.06608899583991192,1.0,1.0,100/50/50 Hz,1.0,700,gps,101,18,0.011670940713607136,0.04376916382023299,0.04652666917064189,before_outage,0.29206855262111786
0.7905308450080487,1.0,,49.93333333333333,held-out,nominal,40,1.0,,99.86666666666666,0.85,,10.0,0.02342405605707473,,48.46666666666667,0.041801016686727165,0.010000000000005116,retrodiction,0,0.06639666923586048,1.0,1.0,100/50/50 Hz,1.0,1500,gps,101,25,0.03500783585332444,0.042571412634469424,0.062127540458731194,outage_window,0.31677162166450806
0.3991960808414021,1.0,,49.95,held-out,nominal,60,1.0,,99.95,0.85,,10.0,0.0186161797399882,,49.4,0.03506468981732292,0.010000000000005116,retrodiction,0,0.06768015452468094,1.0,1.0,100/50/50 Hz,1.0,2000,gps,101,40,0.00651568865582289,0.022885177866444603,0.06506951028226002,after_return,0.2656158493103111
1.5558481565021798,1.0,,49.8936170212766,held-out,nominal,60,1.0,,98.85106382978724,0.85,,10.0,0.04259778980466329,,48.787234042553195,0.15874466859855765,0.010000000000005116,horizon,0,0.10135451857731771,1.0,1.0,100/50/50 Hz,1.0,4700,gps,101,13,0.0028593546723556327,0.04873441097814717,0.09196829203479624,flight,1.112710684496018
1.1714503520540007,1.0,,49.857142857142854,held-out,nominal,25,1.0,,99.85714285714286,0.85,,10.0,0.04148598195550469,,47.857142857142854,0.08004688333926657,0.010000000000001563,horizon,0,0.08930005095604088,1.0,1.0,100/50/50 Hz,1.0,700,gps,101,18,0.014118822088252535,0.043081284247861715,0.07907852048400399,before_outage,0.3057590616032136
0.72690195254787,1.0,,49.93333333333333,held-out,nominal,40,1.0,,99.86666666666666,0.85,,10.0,0.021393838562789036,,48.53333333333333,0.0396624340983009,0.010000000000005116,horizon,0,0.09412544875783047,1.0,1.0,100/50/50 Hz,1.0,1500,gps,101,25,0.02943003192113455,0.04152243846985811,0.09166189925706476,outage_window,0.2935786645512971
0.3793206975173071,1.0,,49.95,held-out,nominal,60,1.0,,99.95,0.85,,10.0,0.018080404313214202,,49.5,0.030876924128041387,0.010000000000005116,horizon,0,0.1030809089607624,1.0,1.0,100/50/50 Hz,1.0,2000,gps,101,40,0.0028593546723556327,0.022967325696480932,0.10148286935265327,after_return,0.2622202866974019
2.465512011601114,1.0,,49.8936170212766,held-out,nominal,60,1.0,,99.0,0.85,,0.0,0.2942201947619305,,49.06382978723404,0.6443962610865605,0.010000000000005116,retrodiction,0,0.30088615599523405,1.0,1.0,100/50/50 Hz,1.0,4700,denied,101,13,0.2506423998814018,0.10769268484951662,0.06298377460775105,flight,2.116219083964867
1.8236918580320964,1.0,,49.857142857142854,held-out,nominal,25,1.0,,99.85714285714286,0.85,,0.0,0.21432887619369845,,49.0,0.30433152378738837,0.010000000000001563,retrodiction,0,0.2196847464021265,1.0,1.0,100/50/50 Hz,1.0,700,denied,101,18,0.2824259386637333,0.07956978770981822,0.04821328272699268,before_outage,1.1445953634440469
1.3306416094856055,1.0,,49.86666666666667,held-out,nominal,40,1.0,,99.86666666666666,0.85,,0.0,0.2718490224408602,,49.13333333333333,0.3231441497905057,0.010000000000005116,retrodiction,0,0.28025243771634994,1.0,1.0,100/50/50 Hz,1.0,1500,denied,101,25,0.2963943797911441,0.08529234550452508,0.06811415303668761,outage_window,0.9911185275349412
0.7391875572950389,1.0,,50.0,held-out,nominal,60,1.0,,99.95,0.85,,0.0,0.24521986332365744,,49.4,0.29567957607904394,0.010000000000005116,retrodiction,0,0.2542418662436856,1.0,1.0,100/50/50 Hz,1.0,2000,denied,101,40,0.2506423998814018,0.07129614198586413,0.06712782718514639,after_return,0.5984598890280093
2.150404092255664,1.0,,49.8936170212766,held-out,nominal,60,1.0,,98.80851063829788,0.85,,0.0,0.3040540943395952,,49.170212765957444,0.6351681915298968,0.010000000000005116,horizon,0,0.3204853529206701,1.0,1.0,100/50/50 Hz,1.0,4700,denied,101,13,0.280970061659668,0.096932084475112,0.10130137783868008,flight,1.8361819514237212
1.1296074207481284,1.0,,49.857142857142854,held-out,nominal,25,1.0,,99.71428571428571,0.85,,0.0,0.2858928513592196,,49.142857142857146,0.33231936424443237,0.010000000000001563,horizon,0,0.2988324797408041,1.0,1.0,100/50/50 Hz,1.0,700,denied,101,18,0.24035132483973384,0.06256354152879522,0.08698349550192418,before_outage,0.5360935218442026
0.8067682371360193,1.0,,49.86666666666667,held-out,nominal,40,1.0,,99.86666666666666,0.85,,0.0,0.25442922342366586,,49.2,0.29401292777420124,0.010000000000005116,horizon,0,0.2760383376192997,1.0,1.0,100/50/50 Hz,1.0,1500,denied,101,25,0.22254114748830225,0.06300057627541003,0.10706509283448458,outage_window,0.4792556745629005
0.4812339624770703,1.0,,50.0,held-out,nominal,60,1.0,,99.95,0.85,,0.0,0.27310070356706345,,49.5,0.30879585165958484,0.010000000000005116,horizon,0,0.29353009476993247,1.0,1.0,100/50/50 Hz,1.0,2000,denied,101,40,0.280970061659668,0.06078695399390718,0.10759145991583387,after_return,0.35438466714690753
1.6596395385080362,1.0,,49.8936170212766,held-out,nominal,60,1.0,,98.95744680851064,0.85,,6.808510638297872,0.04840343401962691,,48.787234042553195,0.1606185482555458,0.010000000000005116,retrodiction,0,0.0772182426022838,1.0,1.0,100/50/50 Hz,1.0,4700,transition,101,13,0.011312416558867925,0.05219445557937425,0.060164479268857485,flight,1.2114128380894253
1.2562009335448974,1.0,,49.857142857142854,held-out,nominal,25,1.0,,99.85714285714286,0.85,,10.0,0.04693638702556404,,47.42857142857143,0.09086517697991746,0.010000000000001563,retrodiction,0,0.06608899583991192,1.0,1.0,100/50/50 Hz,1.0,700,transition,101,18,0.011670940713607136,0.04376916382023299,0.04652666917064189,before_outage,0.29206855262111786
0.9033998471207798,1.0,,49.93333333333333,held-out,nominal,40,1.0,,99.86666666666666,0.85,,0.06666666666666667,0.030538440956669903,,48.8,0.054289010729034685,0.010000000000005116,retrodiction,0,0.07062274448778537,1.0,1.0,100/50/50 Hz,1.0,1500,transition,101,25,0.053094709760161146,0.05301336403936001,0.06367869080723162,outage_window,0.46992897933524025
0.49566961094456874,1.0,,49.95,held-out,nominal,60,1.0,,99.95,0.85,,9.95,0.02665256729344971,,49.5,0.05677069381746218,0.010000000000005116,retrodiction,0,0.0704040085615796,1.0,1.0,100/50/50 Hz,1.0,2000,transition,101,40,0.011312416558867925,0.02577819793364908,0.06516413951098494,after_return,0.36496728954378493
1.581721600629915,1.0,,49.8936170212766,held-out,nominal,60,1.0,,98.87234042553192,0.85,,6.808510638297872,0.04513742648443167,,48.91489361702128,0.15874466859855765,0.010000000000005116,horizon,0,0.10333906848781686,1.0,1.0,100/50/50 Hz,1.0,4700,transition,101,13,0.008494961153296945,0.051929762064905134,0.09296007641074867,flight,1.1365142837682733
1.1714503520540007,1.0,,49.857142857142854,held-out,nominal,25,1.0,,99.85714285714286,0.85,,10.0,0.04148598195550469,,47.857142857142854,0.08004688333926657,0.010000000000001563,horizon,0,0.08930005095604088,1.0,1.0,100/50/50 Hz,1.0,700,transition,101,18,0.014118822088252535,0.043081284247861715,0.07907852048400399,before_outage,0.3057590616032136
0.8284501693857177,1.0,,49.93333333333333,held-out,nominal,40,1.0,,99.93333333333334,0.85,,0.13333333333333333,0.02718703968416592,,48.86666666666667,0.0482005871650894,0.010000000000005116,horizon,0,0.09811095573987579,1.0,1.0,100/50/50 Hz,1.0,1500,transition,101,25,0.04609120600294165,0.050488028238495984,0.09426889470765769,outage_window,0.42849846978556355
0.4649721978902573,1.0,,49.95,held-out,nominal,60,1.0,,99.95,0.85,,9.9,0.02528712160082103,,49.55,0.05102917561140043,0.010000000000005116,horizon,0,0.10490796941448961,1.0,1.0,100/50/50 Hz,1.0,2000,transition,101,40,0.008494961153296945,0.025781714568069103,0.10181475103253348,after_return,0.34858395843851153
0.6412862999945034,1.0,,49.91489361702128,held-out,stress,60,1.0,,98.95744680851064,0.85,,10.0,0.018073806323819577,,49.297872340425535,0.04165856408418869,0.010000000000005116,retrodiction,0,0.061699046441955556,1.0,1.0,100/50/50 Hz,1.0,4700,gps,101,13,0.015546520583898493,0.018445808050667045,0.05899245593137862,flight,0.5399402441667859
0.30262490543066084,1.0,,49.857142857142854,held-out,stress,25,1.0,,99.85714285714286,0.85,,10.0,0.02008557820035041,,49.142857142857146,0.0366610139047538,0.010000000000001563,retrodiction,0,0.04777203990337905,1.0,1.0,100/50/50 Hz,1.0,700,gps,101,18,0.015182175808184512,0.01591622389465612,0.043344403847413206,before_outage,0.22652590098972727
0.14203753466927646,1.0,,49.93333333333333,held-out,stress,40,1.0,,99.86666666666666,0.85,,10.0,0.014378388508381346,,49.4,0.0318799888762748,0.010000000000005116,retrodiction,0,0.06369520395210093,1.0,1.0,100/50/50 Hz,1.0,1500,gps,101,25,0.022964002354208524,0.0153883571316183,0.06205111562576278,outage_window,0.06318345604199113
0.04803080417959812,1.0,,50.0,held-out,stress,60,1.0,,99.9,0.85,,10.0,0.016252878006281172,,49.5,0.03001592318881424,0.010000000000005116,retrodiction,0,0.06660865771604585,1.0,1.0,100/50/50 Hz,1.0,2000,gps,101,40,0.015546520583898493,0.012732646782593282,0.06459533450061464,after_return,0.022686322468984048
1.5612668542846868,1.0,,49.8936170212766,held-out,stress,60,1.0,,98.7872340425532,0.85,,10.0,0.04241498439005383,,48.787234042553195,0.15796557565326763,0.010000000000005116,horizon,0,0.08088357851486096,1.0,1.0,100/50/50 Hz,1.0,4700,gps,101,13,0.0028591783539899515,0.04873577258789293,0.06887033013251183,flight,1.1189398017978038
1.1666634680832342,1.0,,49.857142857142854,held-out,stress,25,1.0,,99.85714285714286,0.85,,10.0,0.04142708409875289,,47.857142857142854,0.07963489448756099,0.010000000000001563,horizon,0,0.0692698525914771,1.0,1.0,100/50/50 Hz,1.0,700,gps,101,18,0.014044969849380598,0.043051156969534266,0.055516746852817496,before_outage,0.3045161499317321
0.7251271780091464,1.0,,49.93333333333333,held-out,stress,40,1.0,,99.86666666666666,0.85,,10.0,0.021432828509240068,,48.53333333333333,0.03970957375534981,0.010000000000005116,horizon,0,0.07199406364150844,1.0,1.0,100/50/50 Hz,1.0,1500,gps,101,25,0.029470451918461826,0.0413686312277493,0.06872975383129983,outage_window,0.2943016150111132
0.3787589158570123,1.0,,49.95,held-out,stress,60,1.0,,99.95,0.85,,10.0,0.018085832797571585,,49.5,0.030915470886782162,0.010000000000005116,horizon,0,0.07977519073760643,1.0,1.0,100/50/50 Hz,1.0,2000,gps,101,40,0.0028591783539899515,0.022923095622366104,0.07769802899198776,after_return,0.26238407832820543
1.2401412482715803,1.0,,49.8936170212766,held-out,stress,60,1.0,,98.85106382978724,0.85,,0.0,0.15835574950470274,,49.12765957446808,0.44101734242424756,0.010000000000005116,retrodiction,0,0.1702828769462305,1.0,1.0,100/50/50 Hz,1.0,4700,denied,101,13,0.1337096566283735,0.052616486057044595,0.06260762557299965,flight,1.0652134208524742
0.542746547886374,1.0,,49.857142857142854,held-out,stress,25,1.0,,99.85714285714286,0.85,,0.0,0.16256685829585787,,49.0,0.2062281455519355,0.010000000000001563,retrodiction,0,0.168102345583959,1.0,1.0,100/50/50 Hz,1.0,700,denied,101,18,0.15164119901681958,0.019243315176944588,0.04278335160600734,before_outage,0.26387946158191516
0.34585405936243685,1.0,,49.86666666666667,held-out,stress,40,1.0,,99.86666666666666,0.85,,0.0,0.1326814575429568,,49.2,0.15244104717508125,0.010000000000005116,retrodiction,0,0.14940873934707655,1.0,1.0,100/50/50 Hz,1.0,1500,denied,101,25,0.14410891458593525,0.040962571859023154,0.068692082641009,outage_window,0.1138412608362823
0.16754554322055268,1.0,,50.0,held-out,stress,60,1.0,,99.9,0.85,,0.0,0.12990004662869983,,49.5,0.1460587000931867,0.010000000000005116,retrodiction,0,0.14627047054776599,1.0,1.0,100/50/50 Hz,1.0,2000,denied,101,40,0.1337096566283735,0.026449332245626435,0.06723859338301544,after_return,0.11406610196991691
2.147973920016784,1.0,,49.8936170212766,held-out,stress,60,1.0,,98.80851063829788,0.85,,0.0,0.42948631884306343,,49.170212765957444,0.7645421790003762,0.010000000000005116,horizon,0,0.4363904210360921,1.0,1.0,100/50/50 Hz,1.0,4700,denied,101,13,0.4079665822147837,0.09678250302719066,0.0773181834932261,flight,1.8297700695683219
1.1385661818104695,1.0,,49.857142857142854,held-out,stress,25,1.0,,99.71428571428571,0.85,,0.0,0.42162249979822697,,49.142857142857146,0.4824853395322618,0.010000000000001563,horizon,0,0.4261617006046093,1.0,1.0,100/50/50 Hz,1.0,700,denied,101,18,0.37152072361559935,0.06200926497197973,0.06203436729835128,before_outage,0.5417866006246616
0.8097890253595191,1.0,,49.86666666666667,held-out,stress,40,1.0,,99.86666666666666,0.85,,0.0,0.38481843643224783,,49.2,0.42415512038547604,0.010000000000005116,horizon,0,0.39358760446417956,1.0,1.0,100/50/50 Hz,1.0,1500,denied,101,25,0.3550976824924589,0.06296907003404377,0.08261944910062927,outage_window,0.4783777097992614
0.483543457840506,1.0,,50.0,held-out,stress,60,1.0,,99.95,0.85,,0.0,0.3986918471407563,,49.5,0.4332865803350034,0.010000000000005116,horizon,0,0.40731485668466216,1.0,1.0,100/50/50 Hz,1.0,2000,denied,101,40,0.4079665822147837,0.06118122118400268,0.08336788050285732,after_return,0.35580650949671583
0.6452215648998261,1.0,,49.8936170212766,held-out,stress,60,1.0,,98.95744680851064,0.85,,6.808510638297872,0.023339945589263437,,49.297872340425535,0.057227055377833354,0.010000000000005116,retrodiction,0,0.06460656073769647,1.0,1.0,100/50/50 Hz,1.0,4700,transition,101,13,0.022205998805815818,0.018998428336848356,0.060243295313618786,flight,0.5438847547907553
0.30262490543066084,1.0,,49.857142857142854,held-out,stress,25,1.0,,99.85714285714286,0.85,,10.0,0.02008557820035041,,49.142857142857146,0.0366610139047538,0.010000000000001563,retrodiction,0,0.04777203990337905,1.0,1.0,100/50/50 Hz,1.0,700,transition,101,18,0.015182175808184512,0.01591622389465612,0.043344403847413206,before_outage,0.22652590098972727
0.17012052133902442,1.0,,49.93333333333333,held-out,stress,40,1.0,,99.86666666666666,0.85,,0.06666666666666667,0.01864293225854012,,49.4,0.030748869428282758,0.010000000000005116,retrodiction,0,0.06704780121320421,1.0,1.0,100/50/50 Hz,1.0,1500,transition,101,25,0.013905918863916875,0.016017877618972,0.06440379433176924,outage_window,0.10611493035644395
0.08734798793341941,1.0,,49.95,held-out,stress,60,1.0,,99.9,0.85,,9.95,0.025904695869637298,,49.5,0.057227055377833354,0.010000000000005116,retrodiction,0,0.07050510544957553,1.0,1.0,100/50/50 Hz,1.0,2000,transition,101,40,0.022205998805815818,0.01399712069720798,0.06557374952187317,after_return,0.07148511317506744
1.5869797468323372,1.0,,49.8936170212766,held-out,stress,60,1.0,,98.80851063829788,0.85,,6.808510638297872,0.04495500080648762,,48.91489361702128,0.15796557565326763,0.010000000000005116,horizon,0,0.08300865515368912,1.0,1.0,100/50/50 Hz,1.0,4700,transition,101,13,0.008457327990413498,0.0518872781658259,0.06978169339384634,flight,1.1425535343019126
1.1666634680832342,1.0,,49.857142857142854,held-out,stress,25,1.0,,99.85714285714286,0.85,,10.0,0.04142708409875289,,47.857142857142854,0.07963489448756099,0.010000000000001563,horizon,0,0.0692698525914771,1.0,1.0,100/50/50 Hz,1.0,700,transition,101,18,0.014044969849380598,0.043051156969534266,0.055516746852817496,before_outage,0.3045161499317321
0.8266500536705319,1.0,,49.93333333333333,held-out,stress,40,1.0,,99.93333333333334,0.85,,0.13333333333333333,0.027196152633548836,,48.86666666666667,0.04818368663372743,0.010000000000005116,horizon,0,0.0761734496881638,1.0,1.0,100/50/50 Hz,1.0,1500,transition,101,25,0.046069494170102684,0.05022193174930925,0.07115310056018596,outage_window,0.42885297258352145
0.46425896713639736,1.0,,49.95,held-out,stress,60,1.0,,99.95,0.85,,9.9,0.025266850320383904,,49.55,0.05099096090902684,0.010000000000005116,horizon,0,0.08196408047410823,1.0,1.0,100/50/50 Hz,1.0,2000,transition,101,40,0.008457327990413498,0.025739607167178425,0.07797241026705157,after_return,0.3483744147894604
0.6753891965119976,1.0,,49.91489361702128,held-out,zero,60,1.0,,98.61702127659575,0.85,,10.0,0.037387796195356524,,49.255319148936174,0.10856230865826162,0.010000000000005116,retrodiction,0,0.05294021999475776,1.0,1.0,100/50/50 Hz,1.0,4700,gps,307,13,0.011761951681802031,0.015085653244859625,0.03748092299754414,flight,0.5954776214092933
0.16313704298219014,1.0,,49.857142857142854,held-out,zero,25,1.0,,99.85714285714286,0.85,,10.0,0.029315458437912913,,49.714285714285715,0.048032352403438124,0.010000000000001563,retrodiction,0,0.04225196637446351,1.0,1.0,100/50/50 Hz,1.0,700,gps,307,18,0.014859843204158585,0.009959707015633007,0.03042749676006549,before_outage,0.15727006668152327
0.11799701739204803,1.0,,49.86666666666667,held-out,zero,40,1.0,,99.93333333333334,0.85,,10.0,0.028738556644171645,,49.06666666666667,0.041493136307061175,0.010000000000005116,retrodiction,0,0.046545503050436234,1.0,1.0,100/50/50 Hz,1.0,1500,gps,307,25,0.028636535883578076,0.012307399652215584,0.036613921071470976,outage_window,0.09648454136780524
0.0746388544528221,1.0,,50.0,held-out,zero,60,1.0,,99.8,0.85,,10.0,0.028951545960244088,,49.25,0.04736769560759313,0.010000000000005116,retrodiction,0,0.05061047921557221,1.0,1.0,100/50/50 Hz,1.0,2000,gps,307,40,0.011761951681802031,0.011220706526466541,0.041511788602055455,after_return,0.04768923445626396
0.6009266432775804,1.0,,49.91489361702128,held-out,zero,60,1.0,,98.29787234042553,0.85,,10.0,0.03721072946135405,,49.276595744680854,0.10050843907296515,0.010000000000005116,horizon,0,0.05294202161208286,1.0,1.0,100/50/50 Hz,1.0,4700,gps,307,13,0.01370542903035385,0.015722428842320613,0.03765925205481604,flight,0.508735240816024
0.23832716151196492,1.0,,49.857142857142854,held-out,zero,25,1.0,,99.85714285714286,0.85,,10.0,0.026138634481025044,,49.142857142857146,0.043482664953868315,0.010000000000001563,horizon,0,0.03951884053077427,1.0,1.0,100/50/50 Hz,1.0,700,gps,307,18,0.009350600959639143,0.014089378988475792,0.029639678546909645,before_outage,0.21264199186451055
0.13585429140323999,1.0,,49.86666666666667,held-out,zero,40,1.0,,99.93333333333334,0.85,,10.0,0.03354677774664131,,49.2,0.046248605700444326,0.010000000000005116,horizon,0,0.04879756027733649,1.0,1.0,100/50/50 Hz,1.0,1500,gps,307,25,0.034384830802991755,0.014201592556270707,0.03543748850917259,outage_window,0.10548911865232932
0.06977267304255375,1.0,,50.0,held-out,zero,60,1.0,,99.8,0.85,,10.0,0.03163430213377863,,49.3,0.05217772958672299,0.010000000000005116,horizon,0,0.0525274759079382,1.0,1.0,100/50/50 Hz,1.0,2000,gps,307,40,0.01370542903035385,0.01101180486082066,0.04193335967660875,after_return,0.03843468398810944
1.191556261608943,1.0,,49.95744680851064,held-out,zero,60,1.0,,98.27659574468085,0.85,,0.0,0.28488585443234904,,49.191489361702125,0.4972096830290865,0.010000000000005116,retrodiction,0,0.2873821935181776,1.0,1.0,100/50/50 Hz,1.0,4700,denied,307,13,0.26414587673793066,0.06335353750809733,0.03779649581204217,flight,1.0316360732947167
0.8888185161854772,1.0,,49.857142857142854,held-out,zero,25,1.0,,99.85714285714286,0.85,,0.0,0.3007072937789728,,49.285714285714285,0.34080441661839966,0.010000000000001563,retrodiction,0,0.302330904261574,1.0,1.0,100/50/50 Hz,1.0,700,denied,307,18,0.2560760869689144,0.0658195111040592,0.03129055991425525,before_outage,0.7422515725511082
0.2563862268865,1.0,,49.93333333333333,held-out,zero,40,1.0,,99.8,0.85,,0.0,0.27743465543842166,,49.2,0.2900647588675788,0.010000000000005116,retrodiction,0,0.2799864848802445,1.0,1.0,100/50/50 Hz,1.0,1500,denied,307,25,0.27479031080806293,0.05487726284931042,0.03771529765704706,outage_window,0.14761783272712262
0.14377777634588304,1.0,,50.0,held-out,zero,60,1.0,,99.8,0.85,,0.0,0.26535936185870374,,49.2,0.286860047792352,0.010000000000005116,retrodiction,0,0.26862747759133015,1.0,1.0,100/50/50 Hz,1.0,2000,denied,307,40,0.26414587673793066,0.031075585690333567,0.04177476260880606,after_return,0.1062608390808642
0.8199528071756785,1.0,,49.95744680851064,held-out,zero,60,1.0,,97.76595744680851,0.85,,0.0,0.39028502876129983,,49.276595744680854,0.5481968418021451,0.010000000000005116,horizon,0,0.39212772336490226,1.0,1.0,100/50/50 Hz,1.0,4700,denied,307,13,0.4008270874212448,0.04312930694795302,0.03797035364771692,flight,0.6876818148136851
0.3840404156969086,1.0,,49.857142857142854,held-out,zero,25,1.0,,99.85714285714286,0.85,,0.0,0.3436047967346226,,49.142857142857146,0.3775620856462435,0.010000000000001563,horizon,0,0.34491174756276155,1.0,1.0,100/50/50 Hz,1.0,700,denied,307,18,0.3399581428560147,0.019087679788883764,0.029997621034956148,before_outage,0.13614112846355428
0.23283270554009397,1.0,,49.93333333333333,held-out,zero,40,1.0,,99.8,0.85,,0.0,0.3806127762839668,,49.2,0.39808847598316754,0.010000000000005116,horizon,0,0.3825198729926412,1.0,1.0,100/50/50 Hz,1.0,1500,denied,307,25,0.39505142990011405,0.04135111933884177,0.03814928261078321,outage_window,0.15823675876277207
0.15526363737572976,1.0,,50.0,held-out,zero,60,1.0,,99.8,0.85,,0.0,0.40123073477631666,,49.35,0.42481131465278565,0.010000000000005116,horizon,0,0.4033707060570057,1.0,1.0,100/50/50 Hz,1.0,2000,denied,307,40,0.4008270874212448,0.029028117231183752,0.041494866860665,after_return,0.1307670718006785
0.6770497106684933,1.0,,49.93617021276596,held-out,zero,60,1.0,,98.61702127659575,0.85,,6.808510638297872,0.03331884732209144,,49.255319148936174,0.10856230865826162,0.010000000000005116,retrodiction,0,0.049967186507065976,1.0,1.0,100/50/50 Hz,1.0,4700,transition,307,13,0.00659847518876996,0.014739420209526089,0.037236731067040195,flight,0.5982339534179685
0.16313704298219014,1.0,,49.857142857142854,held-out,zero,25,1.0,,99.85714285714286,0.85,,10.0,0.029315458437912913,,49.714285714285715,0.048032352403438124,0.010000000000001563,retrodiction,0,0.04225196637446351,1.0,1.0,100/50/50 Hz,1.0,700,transition,307,18,0.014859843204158585,0.009959707015633007,0.03042749676006549,before_outage,0.15727006668152327
0.1538124158007176,1.0,,49.93333333333333,held-out,zero,40,1.0,,99.93333333333334,0.85,,0.0,0.020747460357798935,,49.06666666666667,0.03695694712828887,0.010000000000005116,retrodiction,0,0.0413691372677496,1.0,1.0,100/50/50 Hz,1.0,1500,transition,307,25,0.01434847081305746,0.012227042012111632,0.03579033957619669,outage_window,0.1431127902740899
0.05955866455437972,1.0,,50.0,held-out,zero,60,1.0,,99.8,0.85,,10.0,0.02141678366249716,,49.25,0.03920478752845153,0.010000000000005116,retrodiction,0,0.046730648605392736,1.0,1.0,100/50/50 Hz,1.0,2000,transition,307,40,0.00659847518876996,0.010154595112899796,0.04153402095432718,after_return,0.04034084547759661
0.6044755862471791,1.0,,49.93617021276596,held-out,zero,60,1.0,,98.29787234042553,0.85,,6.808510638297872,0.03252450017212058,,49.276595744680854,0.10050843907296515,0.010000000000005116,horizon,0,0.04955382440591755,1.0,1.0,100/50/50 Hz,1.0,4700,transition,307,13,0.007705173123955157,0.015410361785891185,0.03738633977546128,flight,0.5130566872982826
0.23832716151196492,1.0,,49.857142857142854,held-out,zero,25,1.0,,99.85714285714286,0.85,,10.0,0.026138634481025044,,49.142857142857146,0.043482664953868315,0.010000000000001563,horizon,0,0.03951884053077427,1.0,1.0,100/50/50 Hz,1.0,700,transition,307,18,0.009350600959639143,0.014089378988475792,0.029639678546909645,before_outage,0.21264199186451055
0.17939298126893113,1.0,,49.93333333333333,held-out,zero,40,1.0,,99.93333333333334,0.85,,0.13333333333333333,0.02408055050556389,,49.2,0.04189358239061532,0.010000000000005116,horizon,0,0.041875588446694784,1.0,1.0,100/50/50 Hz,1.0,1500,transition,307,25,0.01821052041121946,0.014226699078775827,0.03425918847704867,outage_window,0.15653470311059287
0.06802359760714578,1.0,,50.0,held-out,zero,60,1.0,,99.8,0.85,,9.9,0.02533565101256109,,49.3,0.04629748651523261,0.010000000000005116,horizon,0,0.049130077694528845,1.0,1.0,100/50/50 Hz,1.0,2000,transition,307,40,0.007705173123955157,0.009894093013511813,0.04209357815677058,after_return,0.04269145762012247
0.882683907074557,1.0,,49.93617021276596,held-out,nominal,60,1.0,,98.48936170212765,0.85,,10.0,0.029878644705492445,,49.234042553191486,0.08419313049945451,0.010000000000005116,retrodiction,0,0.0480858706352988,1.0,1.0,100/50/50 Hz,1.0,4700,gps,307,13,0.010313757633211969,0.026740896561040617,0.03767648531003973,flight,0.5744675746258557
0.27060073984591815,1.0,,49.857142857142854,held-out,nominal,25,1.0,,99.85714285714286,0.85,,10.0,0.03266094717955496,,49.142857142857146,0.04776272144111456,0.010000000000001563,retrodiction,0,0.04424768990338615,1.0,1.0,100/50/50 Hz,1.0,700,gps,307,18,0.03847645655230982,0.02050869856183877,0.029851643022127644,before_outage,0.19141170397216004
0.10884563497812287,1.0,,49.86666666666667,held-out,nominal,40,1.0,,99.86666666666666,0.85,,10.0,0.020803577557446343,,49.333333333333336,0.040337442582751785,0.010000000000005116,retrodiction,0,0.04224415623978671,1.0,1.0,100/50/50 Hz,1.0,1500,gps,307,25,0.025589530915444057,0.013608082753805612,0.03676655949667884,outage_window,0.04462469326619617
0.07502080735169812,1.0,,50.0,held-out,nominal,60,1.0,,99.8,0.85,,10.0,0.02474410406960088,,49.25,0.04447579866421199,0.010000000000005116,retrodiction,0,0.04912625103302628,1.0,1.0,100/50/50 Hz,1.0,2000,gps,307,40,0.010313757633211969,0.012219037487160527,0.04243957886634452,after_return,0.03707797498881277
0.5959934781990338,1.0,,49.91489361702128,held-out,nominal,60,1.0,,98.29787234042553,0.85,,10.0,0.03715034781209265,,49.276595744680854,0.09992076605606856,0.010000000000005116,horizon,0,0.053531049095607124,1.0,1.0,100/50/50 Hz,1.0,4700,gps,307,13,0.013693944684417177,0.015680451241682887,0.03854121008371225,flight,0.5024948185733513
0.23668024098625293,1.0,,49.857142857142854,held-out,nominal,25,1.0,,99.85714285714286,0.85,,10.0,0.02610911547073617,,49.142857142857146,0.04339635816469581,0.010000000000001563,horizon,0,0.03947205525579378,1.0,1.0,100/50/50 Hz,1.0,700,gps,307,18,0.009265412163991711,0.014055663818895054,0.02960333149245542,before_outage,0.2110864308463431
0.13514653716716876,1.0,,49.86666666666667,held-out,nominal,40,1.0,,99.93333333333334,0.85,,10.0,0.03351934062337109,,49.2,0.04620179098997452,0.010000000000005116,horizon,0,0.04955900553083034,1.0,1.0,100/50/50 Hz,1.0,1500,gps,307,25,0.034400981037296136,0.014184153043231241,0.03650409337840479,outage_window,0.1046702640931539
0.06987843817698319,1.0,,50.0,held-out,nominal,60,1.0,,99.8,0.85,,10.0,0.03162493362734892,,49.3,0.05215893335873184,0.010000000000005116,horizon,0,0.05379742939100931,1.0,1.0,100/50/50 Hz,1.0,2000,gps,307,40,0.013693944684417177,0.011014889493045911,0.04352042028917469,after_return,0.03860503201874575
0.7141069278916372,1.0,,49.95744680851064,held-out,nominal,60,1.0,,98.36170212765957,0.85,,0.0,0.36497593313268256,,49.319148936170215,0.4312730950956624,0.010000000000005116,retrodiction,0,0.3669070931493737,1.0,1.0,100/50/50 Hz,1.0,4700,denied,307,13,0.37148944633599607,0.042107975643902104,0.03759498952321766,flight,0.33824124654991294
0.38406101702051054,1.0,,49.857142857142854,held-out,nominal,25,1.0,,99.85714285714286,0.85,,0.0,0.33717068132647143,,49.285714285714285,0.3780844411488956,0.010000000000001563,retrodiction,0,0.3385260596483842,1.0,1.0,100/50/50 Hz,1.0,700,denied,307,18,0.3344923409647872,0.013535110686555184,0.030262595971007413,before_outage,0.12484704250385809
0.21954081528507577,1.0,,49.93333333333333,held-out,nominal,40,1.0,,99.93333333333334,0.85,,0.0,0.36422860191699513,,49.266666666666666,0.3910335728737335,0.010000000000005116,retrodiction,0,0.3661517093912788,1.0,1.0,100/50/50 Hz,1.0,1500,denied,307,25,0.3910335728737335,0.04278668459272451,0.03747799135154551,outage_window,0.15406678131539428
0.2024755674755768,1.0,,50.0,held-out,nominal,60,1.0,,99.8,0.85,,0.0,0.38154087445499196,,49.35,0.39687465558254714,0.010000000000005116,retrodiction,0,0.3838259774101271,1.0,1.0,100/50/50 Hz,1.0,2000,denied,307,40,0.37148944633599607,0.03081995048587406,0.041820354553248916,after_return,0.1753665552121345
0.8058939959463499,1.0,,49.95744680851064,held-out,nominal,60,1.0,,97.76595744680851,0.85,,0.0,0.34445783570800287,,49.276595744680854,0.4965836821613111,0.010000000000005116,horizon,0,0.3466657903930021,1.0,1.0,100/50/50 Hz,1.0,4700,denied,307,13,0.3552515231647272,0.04260147991906772,0.03906366147922347,flight,0.6694097364261041
0.3852761675522104,1.0,,49.857142857142854,held-out,nominal,25,1.0,,99.85714285714286,0.85,,0.0,0.2980724689572969,,49.142857142857146,0.32948127574907454,0.010000000000001563,horizon,0,0.29962380967101765,1.0,1.0,100/50/50 Hz,1.0,700,denied,307,18,0.2946605439173637,0.01879252066704623,0.03045046094027943,before_outage,0.1318837839235229
0.23288508547151676,1.0,,49.93333333333333,held-out,nominal,40,1.0,,99.8,0.85,,0.0,0.3351457973403232,,49.2,0.35250057755408054,0.010000000000005116,horizon,0,0.3375064494375489,1.0,1.0,100/50/50 Hz,1.0,1500,denied,307,25,0.3494641736566864,0.041340183858046956,0.03984843707173209,outage_window,0.1574078572140605
0.15555435340208534,1.0,,50.0,held-out,nominal,60,1.0,,99.8,0.85,,0.0,0.35563207584986684,,49.35,0.3791376633288825,0.010000000000005116,horizon,0,0.35820389816266607,1.0,1.0,100/50/50 Hz,1.0,2000,denied,307,40,0.3552515231647272,0.029006768161828848,0.04284692854387775,after_return,0.13092692946066814
0.8825123271352937,1.0,,49.95744680851064,held-out,nominal,60,1.0,,98.51063829787235,0.85,,6.808510638297872,0.026046304403226004,,49.234042553191486,0.08419313049945451,0.010000000000005116,retrodiction,0,0.04570028072889506,1.0,1.0,100/50/50 Hz,1.0,4700,transition,307,13,0.0008412188821096517,0.026902155646908503,0.03755137395135239,flight,0.5745436724779965
0.27060073984591815,1.0,,49.857142857142854,held-out,nominal,25,1.0,,99.85714285714286,0.85,,10.0,0.03266094717955496,,49.142857142857146,0.04776272144111456,0.010000000000001563,retrodiction,0,0.04424768990338615,1.0,1.0,100/50/50 Hz,1.0,700,transition,307,18,0.03847645655230982,0.02050869856183877,0.029851643022127644,before_outage,0.19141170397216004
0.10968732975925,1.0,,49.93333333333333,held-out,nominal,40,1.0,,99.93333333333334,0.85,,0.06666666666666667,0.018939916799245213,,49.333333333333336,0.041288033892303753,0.010000000000005116,retrodiction,0,0.04097094738103401,1.0,1.0,100/50/50 Hz,1.0,1500,transition,307,25,0.014874210779768825,0.015430307016482174,0.0363304016071544,outage_window,0.04846843705262632
0.06912610343800894,1.0,,50.0,held-out,nominal,60,1.0,,99.8,0.85,,9.95,0.012812568198994392,,49.25,0.029111181035068955,0.010000000000005116,retrodiction,0,0.04435169951833865,1.0,1.0,100/50/50 Hz,1.0,2000,transition,307,40,0.0008412188821096517,0.011399453618155862,0.042460703554123055,after_return,0.036219942712977495
0.5994910353418896,1.0,,49.93617021276596,held-out,nominal,60,1.0,,98.29787234042553,0.85,,6.808510638297872,0.03244919575789608,,49.276595744680854,0.09992076605606856,0.010000000000005116,horizon,0,0.050119780721802246,1.0,1.0,100/50/50 Hz,1.0,4700,transition,307,13,0.007693765530822752,0.015355287383778608,0.038197409784791414,flight,0.5067808623023058
0.23668024098625293,1.0,,49.857142857142854,held-out,nominal,25,1.0,,99.85714285714286,0.85,,10.0,0.02610911547073617,,49.142857142857146,0.04339635816469581,0.010000000000001563,horizon,0,0.03947205525579378,1.0,1.0,100/50/50 Hz,1.0,700,transition,307,18,0.009265412163991711,0.014055663818895054,0.02960333149245542,before_outage,0.2110864308463431
0.1781296692328245,1.0,,49.93333333333333,held-out,nominal,40,1.0,,99.93333333333334,0.85,,0.13333333333333333,0.024028017419980268,,49.2,0.04179394994495954,0.010000000000005116,horizon,0,0.04249609989877364,1.0,1.0,100/50/50 Hz,1.0,1500,transition,307,25,0.018239771225116455,0.014170746370524165,0.03505100405796777,outage_window,0.155211493111643
0.06789549982407497,1.0,,50.0,held-out,nominal,60,1.0,,99.8,0.85,,9.9,0.02531543936954363,,49.3,0.046271570756459726,0.010000000000005116,horizon,0,0.050506246410653884,1.0,1.0,100/50/50 Hz,1.0,2000,transition,307,40,0.007693765530822752,0.009894311648660553,0.043703654950365975,after_return,0.042484352911336135
0.9217943488140881,1.0,,49.93617021276596,held-out,stress,60,1.0,,98.25531914893617,0.85,,10.0,0.0354496743522202,,49.148936170212764,0.0849252382554649,0.010000000000005116,retrodiction,0,0.05178783393404575,1.0,1.0,100/50/50 Hz,1.0,4700,gps,307,13,0.01631753813683123,0.021828157133028294,0.037753149959994625,flight,0.8332444565762641
0.4131219437008543,1.0,,49.857142857142854,held-out,stress,25,1.0,,99.85714285714286,0.85,,10.0,0.049646983877198445,,48.42857142857143,0.0849252382554649,0.010000000000001563,retrodiction,0,0.05789321883503757,1.0,1.0,100/50/50 Hz,1.0,700,gps,307,18,0.07139980293999082,0.017914431048999604,0.029779217232471813,before_outage,0.303279731104733
0.23403213304388226,1.0,,49.86666666666667,held-out,stress,40,1.0,,99.86666666666666,0.85,,10.0,0.030035959627975346,,49.2,0.07394224967546562,0.010000000000005116,retrodiction,0,0.047455632258870575,1.0,1.0,100/50/50 Hz,1.0,1500,gps,307,25,0.03337692797545312,0.01894272025917854,0.0367406881034609,outage_window,0.16043505493479235
0.10260733627460715,1.0,,50.0,held-out,stress,60,1.0,,99.8,0.85,,10.0,0.02712722480917638,,49.45,0.050842153231841505,0.010000000000005116,retrodiction,0,0.05022030898249916,1.0,1.0,100/50/50 Hz,1.0,2000,gps,307,40,0.01631753813683123,0.01673315202060891,0.04226337786370241,after_return,0.054192096449649146
0.5937189755940507,1.0,,49.91489361702128,held-out,stress,60,1.0,,98.29787234042553,0.85,,10.0,0.03710716726709901,,49.276595744680854,0.09960026469912411,0.010000000000005116,horizon,0,0.055074588347325024,1.0,1.0,100/50/50 Hz,1.0,4700,gps,307,13,0.013688779032247116,0.015667940885093934,0.040697277784132506,flight,0.49979199633598353
0.23690846088744924,1.0,,49.857142857142854,held-out,stress,25,1.0,,99.85714285714286,0.85,,10.0,0.02606149475473363,,49.142857142857146,0.04333222924246659,0.010000000000001563,horizon,0,0.04007867113941373,1.0,1.0,100/50/50 Hz,1.0,700,gps,307,18,0.009318348720478958,0.01407883004247461,0.030448290123589312,before_outage,0.21112305450905525
0.13525599725068377,1.0,,49.86666666666667,held-out,stress,40,1.0,,99.93333333333334,0.85,,10.0,0.033494343493561056,,49.2,0.046171012192348995,0.010000000000005116,horizon,0,0.05139577334986496,1.0,1.0,100/50/50 Hz,1.0,1500,gps,307,25,0.03438877106371361,0.014189074711438404,0.038982745826404194,outage_window,0.10467301873086304
0.06992965562090112,1.0,,50.0,held-out,stress,60,1.0,,99.8,0.85,,10.0,0.03161361100229729,,49.3,0.05214656735487548,0.010000000000005116,horizon,0,0.05641163352328214,1.0,1.0,100/50/50 Hz,1.0,2000,gps,307,40,0.013688779032247116,0.011015954445907061,0.046721001660500784,after_return,0.038596949981013894
1.4012684402779285,1.0,,49.95744680851064,held-out,stress,60,1.0,,98.17021276595744,0.85,,0.0,0.39638098328584126,,49.234042553191486,0.5425746811236785,0.010000000000005116,retrodiction,0,0.3983008686015602,1.0,1.0,100/50/50 Hz,1.0,4700,denied,307,13,0.3972039306439046,0.0758976534982524,0.03906018456314496,flight,1.2759057186137568
1.1932247410044712,1.0,,49.857142857142854,held-out,stress,25,1.0,,99.85714285714286,0.85,,0.0,0.3926802318136144,,48.714285714285715,0.4602053051373271,0.010000000000001563,retrodiction,0,0.3940021941202144,1.0,1.0,100/50/50 Hz,1.0,700,denied,307,18,0.3580766071750013,0.05852413139067381,0.032248480806840576,before_outage,1.0585432900109033
0.7336070595642772,1.0,,49.93333333333333,held-out,stress,40,1.0,,99.86666666666666,0.85,,0.0,0.3841901887716506,,49.4,0.4565576584377474,0.010000000000005116,retrodiction,0,0.3864337871199534,1.0,1.0,100/50/50 Hz,1.0,1500,denied,307,25,0.38541376457193494,0.09344637509898276,0.041580893201961365,outage_window,0.6600217724237
0.15639019098444285,1.0,,50.0,held-out,stress,60,1.0,,99.8,0.85,,0.0,0.3959047751734329,,49.35,0.43236875926879786,0.010000000000005116,retrodiction,0,0.39806177382048963,1.0,1.0,100/50/50 Hz,1.0,2000,denied,307,40,0.3972039306439046,0.04605703910856753,0.04138338763306096,after_return,0.11704363278168656
0.8123169003700195,1.0,,49.95744680851064,held-out,stress,60,1.0,,97.76595744680851,0.85,,0.0,0.21150630426054384,,49.276595744680854,0.36037958931614505,0.010000000000005116,horizon,0,0.2155593805793489,1.0,1.0,100/50/50 Hz,1.0,4700,denied,307,13,0.22148351706999722,0.04285083647215513,0.04160444463995199,flight,0.6774148416282724
0.385613240201527,1.0,,49.857142857142854,held-out,stress,25,1.0,,99.85714285714286,0.85,,0.0,0.1639875117357618,,49.142857142857146,0.1947580545465113,0.010000000000001563,horizon,0,0.16710739188565066,1.0,1.0,100/50/50 Hz,1.0,700,denied,307,18,0.1603002005947302,0.018932436181898032,0.03213995049059347,before_outage,0.13454598907926263
0.2332558192247345,1.0,,49.93333333333333,held-out,stress,40,1.0,,99.8,0.85,,0.0,0.20138822853011332,,49.2,0.21823911906969928,0.010000000000005116,horizon,0,0.20599352065803245,1.0,1.0,100/50/50 Hz,1.0,1500,denied,307,25,0.215247642116575,0.04143642626697399,0.04331410812419087,outage_window,0.15840122940746482
0.15497835586828967,1.0,,50.0,held-out,stress,60,1.0,,99.8,0.85,,0.0,0.22173853523122822,,49.35,0.2451167546130721,0.010000000000005116,horizon,0,0.22639883667364874,1.0,1.0,100/50/50 Hz,1.0,2000,denied,307,40,0.22148351706999722,0.028992242922006518,0.0456996196996303,after_return,0.13047493401690585
0.9272774810814861,1.0,,49.95744680851064,held-out,stress,60,1.0,,98.25531914893617,0.85,,6.808510638297872,0.033634373112536226,,49.1063829787234,0.0849252382554649,0.010000000000005116,retrodiction,0,0.05036976598771073,1.0,1.0,100/50/50 Hz,1.0,4700,transition,307,13,0.007332404464133574,0.022204771227451865,0.03749456321899804,flight,0.8382573510853283
0.4131219437008543,1.0,,49.857142857142854,held-out,stress,25,1.0,,99.85714285714286,0.85,,10.0,0.049646983877198445,,48.42857142857143,0.0849252382554649,0.010000000000001563,retrodiction,0,0.05789321883503757,1.0,1.0,100/50/50 Hz,1.0,700,transition,307,18,0.07139980293999082,0.017914431048999604,0.029779217232471813,before_outage,0.303279731104733
0.29340561995397607,1.0,,49.93333333333333,held-out,stress,40,1.0,,99.86666666666666,0.85,,0.06666666666666667,0.03283434637820362,,49.2,0.07469205712500573,0.010000000000005116,retrodiction,0,0.048629758417059264,1.0,1.0,100/50/50 Hz,1.0,1500,transition,307,25,0.026584102953107987,0.02194101567455259,0.03587142458305347,outage_window,0.22906438549256666
0.10424662723823178,1.0,,50.0,held-out,stress,60,1.0,,99.8,0.85,,9.95,0.017584797792485563,,49.35,0.0378394335890029,0.010000000000005116,retrodiction,0,0.04579335185611584,1.0,1.0,100/50/50 Hz,1.0,2000,transition,307,40,0.007332404464133574,0.015067623515905274,0.04228245452685337,after_return,0.05078646649951693
0.5972268735976537,1.0,,49.93617021276596,held-out,stress,60,1.0,,98.29787234042553,0.85,,6.808510638297872,0.032396370971692436,,49.276595744680854,0.09960026469912411,0.010000000000005116,horizon,0,0.051671409008745735,1.0,1.0,100/50/50 Hz,1.0,4700,transition,307,13,0.007681170567488944,0.015340456073923531,0.040254312275998114,flight,0.5040949885046472
0.23690846088744924,1.0,,49.857142857142854,held-out,stress,25,1.0,,99.85714285714286,0.85,,10.0,0.02606149475473363,,49.142857142857146,0.04333222924246659,0.010000000000001563,horizon,0,0.04007867113941373,1.0,1.0,100/50/50 Hz,1.0,700,transition,307,18,0.009318348720478958,0.01407883004247461,0.030448290123589312,before_outage,0.21112305450905525
0.1781786980176795,1.0,,49.93333333333333,held-out,stress,40,1.0,,99.93333333333334,0.85,,0.13333333333333333,0.02398996750751981,,49.2,0.041745499992842064,0.010000000000005116,horizon,0,0.04422273478752982,1.0,1.0,100/50/50 Hz,1.0,1500,transition,307,25,0.01819380238900133,0.0141693064908807,0.03715012424038907,outage_window,0.1551639491475943
0.06795360874110364,1.0,,50.0,held-out,stress,60,1.0,,99.8,0.85,,9.9,0.02529337472204421,,49.3,0.04624672656955986,0.010000000000005116,horizon,0,0.0533196095782606,1.0,1.0,100/50/50 Hz,1.0,2000,transition,307,40,0.007681170567488944,0.009894845511748584,0.04693853385810421,after_return,0.04244412514218237
0.4908808489453714,1.0,,49.93617021276596,held-out,zero,60,1.0,,98.82978723404256,0.85,,10.0,0.028844088126029083,,49.319148936170215,0.07847927800154784,0.010000000000005116,retrodiction,0,0.05605711079492115,1.0,1.0,100/50/50 Hz,1.0,4700,gps,911,13,0.026085854884022777,0.015211997718512298,0.048066810283728355,flight,0.45692712866440666
0.06621038810741556,1.0,,49.857142857142854,held-out,zero,25,1.0,,100.0,0.85,,10.0,0.02908596337332741,,49.142857142857146,0.040912930581445794,0.010000000000001563,retrodiction,0,0.048468243246800435,1.0,1.0,100/50/50 Hz,1.0,700,gps,911,18,0.0395427574061573,0.013872744208699089,0.03877083102122615,before_outage,0.04082644934710054
0.06714304043468917,1.0,,49.93333333333333,held-out,zero,40,1.0,,99.86666666666666,0.85,,10.0,0.024927406313437876,,49.6,0.03973530978004878,0.010000000000005116,retrodiction,0,0.05672368690470972,1.0,1.0,100/50/50 Hz,1.0,1500,gps,911,25,0.024233335130606482,0.011373891780971633,0.05095292995057609,outage_window,0.0430732917401625
0.05358430059961906,1.0,,49.95,held-out,zero,60,1.0,,99.95,0.85,,10.0,0.0220990652103371,,49.25,0.033591550862565364,0.010000000000005116,retrodiction,0,0.05716250616959275,1.0,1.0,100/50/50 Hz,1.0,2000,gps,911,40,0.026085854884022777,0.007789486991540835,0.05271796115573893,after_return,0.027578213103570226
1.1863098133972327,1.0,,49.93617021276596,held-out,zero,60,1.0,,98.63829787234043,0.85,,10.0,0.032042734366993196,,49.08510638297872,0.12158143234302429,0.010000000000005116,horizon,0,0.05035031614904163,1.0,1.0,100/50/50 Hz,1.0,4700,gps,911,13,0.028293764693734545,0.03526720329140816,0.0388383510282653,flight,1.0770705811424384
0.46820703247817463,1.0,,49.857142857142854,held-out,zero,25,1.0,,100.0,0.85,,10.0,0.01911436954719332,,49.142857142857146,0.04313543371990346,0.010000000000001563,horizon,0,0.0356419726245955,1.0,1.0,100/50/50 Hz,1.0,700,gps,911,18,0.03365890936821216,0.028991927464379827,0.03008306981319798,before_outage,0.32570663553451007
0.23812067758185457,1.0,,49.93333333333333,held-out,zero,40,1.0,,99.93333333333334,0.85,,10.0,0.022354445285095392,,48.733333333333334,0.03883165797617892,0.010000000000005116,horizon,0,0.04514208010467817,1.0,1.0,100/50/50 Hz,1.0,1500,gps,911,25,0.02545428845901558,0.013123954196704021,0.039218441735653614,outage_window,0.16172138079986237
0.07271275840202696,1.0,,49.95,held-out,zero,60,1.0,,99.95,0.85,,10.0,0.020057522708315744,,49.4,0.029860044907979208,0.010000000000005116,horizon,0,0.0478922830502447,1.0,1.0,100/50/50 Hz,1.0,2000,gps,911,40,0.028293764693734545,0.009866154516515863,0.0434898443153129,after_return,0.04792610985225586
0.8755425573442607,1.0,,49.93617021276596,held-out,zero,60,1.0,,98.87234042553192,0.85,,0.0,0.2623579303772377,,49.319148936170215,0.3752476622982684,0.010000000000005116,retrodiction,0,0.26693290317038526,1.0,1.0,100/50/50 Hz,1.0,4700,denied,911,13,0.24042977628058032,0.04015047968119588,0.049208649271675634,flight,0.8158615176225718
0.574105139543188,1.0,,49.714285714285715,held-out,zero,25,1.0,,100.0,0.85,,0.0,0.2772177423363364,,49.285714285714285,0.31544537316375865,0.010000000000001563,retrodiction,0,0.28013750891698697,1.0,1.0,100/50/50 Hz,1.0,700,denied,911,18,0.23691006383935515,0.041006537753815166,0.0403403921170773,before_outage,0.5337110269755233
0.1888554803002245,1.0,,49.93333333333333,held-out,zero,40,1.0,,99.86666666666666,0.85,,0.0,0.2583578434823108,,49.46666666666667,0.27694140870051775,0.010000000000005116,retrodiction,0,0.2635119812475142,1.0,1.0,100/50/50 Hz,1.0,1500,denied,911,25,0.25799208625834597,0.029854106817371353,0.05186317549244429,outage_window,0.16776864655909554
0.04954655619822576,1.0,,50.0,held-out,zero,60,1.0,,99.95,0.85,,0.0,0.2457042722500153,,49.3,0.25934939317091205,0.010000000000005116,retrodiction,0,0.2515805174721794,1.0,1.0,100/50/50 Hz,1.0,2000,denied,911,40,0.24042977628058032,0.024668089491219385,0.05405707511195855,after_return,0.03289417524932206
2.5759312412574396,1.0,,49.8936170212766,held-out,zero,60,1.0,,98.57446808510639,0.85,,0.0,1.5844419482779246,,49.297872340425535,2.1315075484896346,0.010000000000005116,horizon,0,1.5851514905237074,1.0,1.0,100/50/50 Hz,1.0,4700,denied,911,13,1.5902647225078188,0.13182697653204448,0.04742320578351291,flight,2.332252375591913
2.7345777295884472,1.0,,49.57142857142857,held-out,zero,25,1.0,,99.71428571428571,0.85,,0.0,1.5537126633468719,,49.285714285714285,1.6884166526043405,0.010000000000001563,horizon,0,1.554276105511265,1.0,1.0,100/50/50 Hz,1.0,700,denied,911,18,1.5175176424196113,0.1672801264509804,0.04184700609166237,before_outage,2.513293367537395
0.9668375770996968,1.0,,49.86666666666667,held-out,zero,40,1.0,,99.8,0.85,,0.0,1.537546009040931,,49.46666666666667,1.5843928060458365,0.010000000000005116,horizon,0,1.5385044821299818,1.0,1.0,100/50/50 Hz,1.0,1500,denied,911,25,1.5631990828177444,0.11500148583022318,0.05429835740010034,outage_window,0.8802708782149508
0.15477720203651962,1.0,,50.0,held-out,zero,60,1.0,,99.95,0.85,,0.0,1.5804590806343657,,49.25,1.5992656790356428,0.010000000000005116,horizon,0,1.5811317011973205,1.0,1.0,100/50/50 Hz,1.0,2000,denied,911,40,1.5902647225078188,0.03546924856404631,0.046114541865976966,after_return,0.11712850215241717
0.49402606802578947,1.0,,49.93617021276596,held-out,zero,60,1.0,,98.82978723404256,0.85,,6.808510638297872,0.02976399588410404,,49.319148936170215,0.07847927800154784,0.010000000000005116,retrodiction,0,0.056710343693825174,1.0,1.0,100/50/50 Hz,1.0,4700,transition,911,13,0.032601683877486964,0.01736002793982332,0.04827180989856103,flight,0.4613765132265533
0.06621038810741556,1.0,,49.857142857142854,held-out,zero,25,1.0,,100.0,0.85,,10.0,0.02908596337332741,,49.142857142857146,0.040912930581445794,0.010000000000001563,retrodiction,0,0.048468243246800435,1.0,1.0,100/50/50 Hz,1.0,700,transition,911,18,0.0395427574061573,0.013872744208699089,0.03877083102122615,before_outage,0.04082644934710054
0.1210380450277209,1.0,,49.93333333333333,held-out,zero,40,1.0,,99.86666666666666,0.85,,0.0,0.02664155709400514,,49.6,0.039760411674602196,0.010000000000005116,retrodiction,0,0.058083600481113086,1.0,1.0,100/50/50 Hz,1.0,1500,transition,911,25,0.02481087378962314,0.017779260398933974,0.05161329364084823,outage_window,0.1150268416054843
0.050442737701687966,1.0,,49.95,held-out,zero,60,1.0,,99.95,0.85,,10.0,0.023425817429800568,,49.25,0.038972943714711994,0.010000000000005116,retrodiction,0,0.05765036978471027,1.0,1.0,100/50/50 Hz,1.0,2000,transition,911,40,0.032601683877486964,0.009221874940137825,0.05267633447820269,after_return,0.042784233994880926
1.2067139121524717,1.0,,49.93617021276596,held-out,zero,60,1.0,,98.63829787234043,0.85,,6.808510638297872,0.03456115711029539,,49.212765957446805,0.12158143234302429,0.010000000000005116,horizon,0,0.05232668059487783,1.0,1.0,100/50/50 Hz,1.0,4700,transition,911,13,0.03630122098514001,0.037895776089496326,0.03928877602160498,flight,1.0968192064369309
0.46820703247817463,1.0,,49.857142857142854,held-out,zero,25,1.0,,100.0,0.85,,10.0,0.01911436954719332,,49.142857142857146,0.04313543371990346,0.010000000000001563,horizon,0,0.0356419726245955,1.0,1.0,100/50/50 Hz,1.0,700,transition,911,18,0.03365890936821216,0.028991927464379827,0.03008306981319798,before_outage,0.32570663553451007
0.40139447765853215,1.0,,49.93333333333333,held-out,zero,40,1.0,,99.93333333333334,0.85,,0.13333333333333333,0.028182051179773855,,49.13333333333333,0.04241407163477323,0.010000000000005116,horizon,0,0.04945606996853068,1.0,1.0,100/50/50 Hz,1.0,1500,transition,911,25,0.026443130473385642,0.025051452023854323,0.04064080274838095,outage_window,0.3430135158184026
0.20425400906418714,1.0,,49.95,held-out,zero,60,1.0,,99.95,0.85,,9.9,0.023991779907544638,,49.4,0.04325224305172586,0.010000000000005116,horizon,0,0.04964350934319414,1.0,1.0,100/50/50 Hz,1.0,2000,transition,911,40,0.03630122098514001,0.014414458360938057,0.04346116101504586,after_return,0.18589566596605636
1.440253455011207,1.0,,49.95744680851064,held-out,nominal,60,1.0,,98.80851063829788,0.85,,10.0,0.03365065106090853,,49.170212765957444,0.12345308014654831,0.010000000000005116,retrodiction,0,0.058777414177195744,1.0,1.0,100/50/50 Hz,1.0,4700,gps,911,13,0.031073671311213462,0.03713061375260486,0.04819147331774146,flight,1.3198742800880026
0.606003639625082,1.0,,49.857142857142854,held-out,nominal,25,1.0,,100.0,0.85,,10.0,0.02720418431328066,,49.285714285714285,0.050505645072476985,0.010000000000001563,retrodiction,0,0.04808730049697046,1.0,1.0,100/50/50 Hz,1.0,700,gps,911,18,0.031188118446314302,0.034579219583360486,0.039652500866086494,before_outage,0.49065520223529213
0.28872423042123246,1.0,,49.93333333333333,held-out,nominal,40,1.0,,99.93333333333334,0.85,,10.0,0.02273237017553727,,48.86666666666667,0.0437050061668658,0.010000000000005116,retrodiction,0,0.0559831591514615,1.0,1.0,100/50/50 Hz,1.0,1500,gps,911,25,0.017431906346024883,0.014121143991714958,0.05116007676675448,outage_window,0.22459846948009113
0.07097741476409287,1.0,,50.0,held-out,nominal,60,1.0,,99.95,0.85,,10.0,0.020018437992255122,,49.4,0.032745377920060915,0.010000000000005116,retrodiction,0,0.05600089123549707,1.0,1.0,100/50/50 Hz,1.0,2000,gps,911,40,0.031073671311213462,0.010690572379262755,0.05230068794499944,after_return,0.033477856707285446
1.1840976897415414,1.0,,49.93617021276596,held-out,nominal,60,1.0,,98.63829787234043,0.85,,10.0,0.031920789966429705,,49.08510638297872,0.12112360968815965,0.010000000000005116,horizon,0,0.05043444063963998,1.0,1.0,100/50/50 Hz,1.0,4700,gps,911,13,0.028291323536504247,0.03515977528489577,0.03904735548731116,flight,1.0751695120495262
0.4655295433413437,1.0,,49.857142857142854,held-out,nominal,25,1.0,,100.0,0.85,,10.0,0.018979048226775302,,49.142857142857146,0.04279765487661393,0.010000000000001563,horizon,0,0.035639616368687885,1.0,1.0,100/50/50 Hz,1.0,700,gps,911,18,0.03356141467903681,0.028886307007438532,0.03016584133275554,before_outage,0.32311820441411954
0.23704927343936885,1.0,,49.93333333333333,held-out,nominal,40,1.0,,99.93333333333334,0.85,,10.0,0.02232131759833236,,48.733333333333334,0.03869787297839576,0.010000000000005116,horizon,0,0.045302435889282976,1.0,1.0,100/50/50 Hz,1.0,1500,gps,911,25,0.025437820275885568,0.013077584438298696,0.039421687916386484,outage_window,0.16077690416417795
0.07237592841850202,1.0,,49.95,held-out,nominal,60,1.0,,99.95,0.85,,10.0,0.020061967210491555,,49.4,0.029866033982528517,0.010000000000005116,horizon,0,0.04816875553507035,1.0,1.0,100/50/50 Hz,1.0,2000,gps,911,40,0.028291323536504247,0.009847835609858198,0.043792082405870264,after_return,0.047804353836936604
30.692847527068405,1.0,,49.95744680851064,held-out,nominal,60,1.0,,98.63829787234043,0.85,,0.0,2.3541829609194225,,0.0,3.327350096985692,0.010000000000005116,retrodiction,0,2.3546989962844,1.0,1.0,100/50/50 Hz,1.0,4700,denied,911,13,3.147582337816902,1.5615909767320326,0.049294519162096304,flight,30.691936341196357
30.670649690768567,1.0,,49.857142857142854,held-out,nominal,25,1.0,,100.0,0.85,,0.0,2.398066008538182,,0.0,3.209894106745486,0.010000000000001563,retrodiction,0,2.3984026322963667,1.0,1.0,100/50/50 Hz,1.0,700,denied,911,18,2.9246029562048506,1.5925701840731687,0.04018215150902074,before_outage,30.670579639247265
31.264378742749425,1.0,,49.93333333333333,held-out,nominal,40,1.0,,99.86666666666666,0.85,,0.0,2.488903216597023,,0.0,3.327350096985692,0.010000000000005116,retrodiction,0,2.4894568684138503,1.0,1.0,100/50/50 Hz,1.0,1500,denied,911,25,2.8671965471742182,1.619699475143714,0.05250026767442935,outage_window,31.264378376803656
30.652138872616398,1.0,,50.0,held-out,nominal,60,1.0,,99.95,0.85,,0.0,2.339237481193472,,0.0,3.2041126598109586,0.010000000000005116,retrodiction,0,2.3398578716471437,1.0,1.0,100/50/50 Hz,1.0,2000,denied,911,40,3.147582337816902,1.574248067510755,0.05387825246535743,after_return,30.651658603541886
2.5760593500538764,1.0,,49.8936170212766,held-out,nominal,60,1.0,,98.57446808510639,0.85,,0.0,1.5851900518714936,,49.297872340425535,2.127247213793067,0.010000000000005116,horizon,0,1.585909060755896,1.0,1.0,100/50/50 Hz,1.0,4700,denied,911,13,1.591747497202943,0.13184178926933493,0.04774985272542875,flight,2.332347527245888
2.7337712386598185,1.0,,49.57142857142857,held-out,nominal,25,1.0,,99.71428571428571,0.85,,0.0,1.5544730746481776,,49.285714285714285,1.689416277004919,0.010000000000001563,horizon,0,1.5550440298344352,1.0,1.0,100/50/50 Hz,1.0,700,denied,911,18,1.5185173542255619,0.167310365345482,0.04213543541440737,before_outage,2.512553452759463
0.9674317177553627,1.0,,49.86666666666667,held-out,nominal,40,1.0,,99.8,0.85,,0.0,1.5388781350934593,,49.46666666666667,1.585763335929206,0.010000000000005116,horizon,0,1.539851654790428,1.0,1.0,100/50/50 Hz,1.0,1500,denied,911,25,1.5645767607310797,0.11501854762995357,0.05474672677061374,outage_window,0.8808117114784771
0.15529517142239033,1.0,,50.0,held-out,nominal,60,1.0,,99.95,0.85,,0.0,1.5819042039124196,,49.25,1.6006911856671364,0.010000000000005116,horizon,0,1.5825859147908212,1.0,1.0,100/50/50 Hz,1.0,2000,denied,911,40,1.591747497202943,0.03548770973667568,0.04644639209361993,after_return,0.11759807687591332
1.4602937424638458,1.0,,49.95744680851064,held-out,nominal,60,1.0,,98.80851063829788,0.85,,6.808510638297872,0.03664070981509172,,49.276595744680854,0.12345308014654831,0.010000000000005116,retrodiction,0,0.06071744286333739,1.0,1.0,100/50/50 Hz,1.0,4700,transition,911,13,0.038911235182168644,0.03984624309064471,0.04841555795515406,flight,1.339044540454431
0.606003639625082,1.0,,49.857142857142854,held-out,nominal,25,1.0,,100.0,0.85,,10.0,0.02720418431328066,,49.285714285714285,0.050505645072476985,0.010000000000001563,retrodiction,0,0.04808730049697046,1.0,1.0,100/50/50 Hz,1.0,700,transition,911,18,0.031188118446314302,0.034579219583360486,0.039652500866086494,before_outage,0.49065520223529213
0.4649499045492856,1.0,,49.93333333333333,held-out,nominal,40,1.0,,99.93333333333334,0.85,,0.06666666666666667,0.030449226735286147,,49.2,0.04436020659171557,0.010000000000005116,retrodiction,0,0.060128080487507375,1.0,1.0,100/50/50 Hz,1.0,1500,transition,911,25,0.017261471521230018,0.027446164989711624,0.0518481499605849,outage_window,0.40928517223336813
0.20500139780698157,1.0,,50.0,held-out,nominal,60,1.0,,99.95,0.85,,9.95,0.02422506441482833,,49.4,0.046876513758092195,0.010000000000005116,retrodiction,0,0.05761884207406522,1.0,1.0,100/50/50 Hz,1.0,2000,transition,911,40,0.038911235182168644,0.013788394555040637,0.052278840997610945,after_return,0.1819421539852137
1.2044129229914944,1.0,,49.93617021276596,held-out,nominal,60,1.0,,98.63829787234043,0.85,,6.808510638297872,0.03443299679133309,,49.212765957446805,0.12112360968815965,0.010000000000005116,horizon,0,0.052404237715283845,1.0,1.0,100/50/50 Hz,1.0,4700,transition,911,13,0.03630398641201495,0.03778312450073445,0.03950408665553505,flight,1.0948328326601056
0.4655295433413437,1.0,,49.857142857142854,held-out,nominal,25,1.0,,100.0,0.85,,10.0,0.018979048226775302,,49.142857142857146,0.04279765487661393,0.010000000000001563,horizon,0,0.035639616368687885,1.0,1.0,100/50/50 Hz,1.0,700,transition,911,18,0.03356141467903681,0.028886307007438532,0.03016584133275554,before_outage,0.32311820441411954
0.39989171998298684,1.0,,49.93333333333333,held-out,nominal,40,1.0,,99.93333333333334,0.85,,0.13333333333333333,0.028105928550277378,,49.13333333333333,0.04229015533718164,0.010000000000005116,horizon,0,0.04959761480423112,1.0,1.0,100/50/50 Hz,1.0,1500,transition,911,25,0.026399969298963252,0.024976713183343997,0.040865390914508436,outage_window,0.34169217397006063
0.2036587974316999,1.0,,49.95,held-out,nominal,60,1.0,,99.95,0.85,,9.9,0.023988287820914105,,49.4,0.04323821764851965,0.010000000000005116,horizon,0,0.049905531835220264,1.0,1.0,100/50/50 Hz,1.0,2000,transition,911,40,0.03630398641201495,0.014389359565775662,0.04376213152003873,after_return,0.18541904275401813
0.832414893707129,1.0,,49.95744680851064,held-out,stress,60,1.0,,98.63829787234043,0.85,,10.0,0.040799783062978906,,49.297872340425535,0.15243935499038977,0.010000000000005116,retrodiction,0,0.06318933906152396,1.0,1.0,100/50/50 Hz,1.0,4700,gps,911,13,0.03719388828036543,0.030695312112507374,0.04825215304052346,flight,0.7106123976707138
0.3292904180057489,1.0,,49.857142857142854,held-out,stress,25,1.0,,100.0,0.85,,10.0,0.03518437401152447,,49.285714285714285,0.07999805350239873,0.010000000000001563,retrodiction,0,0.052671232661285115,1.0,1.0,100/50/50 Hz,1.0,700,gps,911,18,0.023013708061241738,0.028819908850005228,0.03919589998298788,before_outage,0.300723983066244
0.09231705537242835,1.0,,49.93333333333333,held-out,stress,40,1.0,,99.93333333333334,0.85,,10.0,0.023180627624398382,,49.333333333333336,0.04029121777152036,0.010000000000005116,retrodiction,0,0.05604537086102419,1.0,1.0,100/50/50 Hz,1.0,1500,gps,911,25,0.00280225024115903,0.01706446941949214,0.05102687623095027,outage_window,0.07359857357571173
0.09991051499657073,1.0,,50.0,held-out,stress,60,1.0,,99.95,0.85,,10.0,0.022423500980696433,,49.3,0.04192641142170428,0.010000000000005116,retrodiction,0,0.05736337682626753,1.0,1.0,100/50/50 Hz,1.0,2000,gps,911,40,0.03719388828036543,0.01497374422395975,0.05279908715764953,after_return,0.08622592832396939
1.1861385122865964,1.0,,49.93617021276596,held-out,stress,60,1.0,,98.63829787234043,0.85,,10.0,0.031970625397568585,,49.08510638297872,0.12135074496486492,0.010000000000005116,horizon,0,0.05591450143862744,1.0,1.0,100/50/50 Hz,1.0,4700,gps,911,13,0.02829937958550545,0.03521936312390157,0.045872765153395896,flight,1.0770445464137974
0.46642992726563215,1.0,,49.857142857142854,held-out,stress,25,1.0,,100.0,0.85,,10.0,0.01901169848435285,,49.142857142857146,0.04290946520162121,0.010000000000001563,horizon,0,0.03972926160630118,1.0,1.0,100/50/50 Hz,1.0,700,gps,911,18,0.03358749820645503,0.0289365546930399,0.03488509063370729,before_outage,0.3236670918732158
0.2375332851465808,1.0,,49.93333333333333,held-out,stress,40,1.0,,99.93333333333334,0.85,,10.0,0.022332816157951497,,48.733333333333334,0.0387268377286265,0.010000000000005116,horizon,0,0.05128270243972805,1.0,1.0,100/50/50 Hz,1.0,1500,gps,911,25,0.02545223318656291,0.013095785306002396,0.04616449817746132,outage_window,0.16108431915577406
0.07256252062027567,1.0,,49.95,held-out,stress,60,1.0,,99.95,0.85,,10.0,0.0200645708097921,,49.4,0.029864008616466927,0.010000000000005116,horizon,0,0.056053071163622285,1.0,1.0,100/50/50 Hz,1.0,2000,gps,911,40,0.02829937958550545,0.009855273689692207,0.05233889361739455,after_return,0.04796626474758402
0.7998310772857199,1.0,,49.95744680851064,held-out,stress,60,1.0,,98.61702127659575,0.85,,0.0,0.13923795961051139,,49.361702127659576,0.20794359107228463,0.010000000000005116,retrodiction,0,0.14817178124318334,1.0,1.0,100/50/50 Hz,1.0,4700,denied,911,13,0.10010421426073916,0.05049723558934471,0.050672155670342035,flight,0.6535966609780239
0.8960635820570938,1.0,,49.857142857142854,held-out,stress,25,1.0,,100.0,0.85,,0.0,0.1421583796549158,,49.42857142857143,0.1788050155632867,0.010000000000001563,retrodiction,0,0.1466009633472155,1.0,1.0,100/50/50 Hz,1.0,700,denied,911,18,0.1186404403244644,0.05022421637723217,0.03581672162859757,before_outage,0.8547066342564533
0.47936387885753035,1.0,,49.93333333333333,held-out,stress,40,1.0,,99.86666666666666,0.85,,0.0,0.14732918049720578,,49.266666666666666,0.17698700513165128,0.010000000000005116,retrodiction,0,0.15737341291851767,1.0,1.0,100/50/50 Hz,1.0,1500,denied,911,25,0.14883112956840472,0.05140642008980549,0.05532181909196432,outage_window,0.4511605427474679
0.26027567387739353,1.0,,50.0,held-out,stress,60,1.0,,99.95,0.85,,0.0,0.12850857270685928,,49.45,0.16187899477702272,0.010000000000005116,retrodiction,0,0.13992890107812836,1.0,1.0,100/50/50 Hz,1.0,2000,denied,911,40,0.10010421426073916,0.03814525536214555,0.05536825893757623,after_return,0.2449742540025221
2.5678786473166197,1.0,,49.8936170212766,held-out,stress,60,1.0,,98.57446808510639,0.85,,0.0,1.5102466228782296,,49.297872340425535,2.035551138180782,0.010000000000005116,horizon,0,1.511311040786235,1.0,1.0,100/50/50 Hz,1.0,4700,denied,911,13,1.5215375664075572,0.13134571689879262,0.05671155162112276,flight,2.3249911741365845
2.7238247926691024,1.0,,49.57142857142857,held-out,stress,25,1.0,,99.71428571428571,0.85,,0.0,1.47105666944149,,49.285714285714285,1.5997834395690507,0.010000000000001563,horizon,0,1.4719092373849665,1.0,1.0,100/50/50 Hz,1.0,700,denied,911,18,1.4422716324887968,0.16659458713634648,0.0500907016411781,before_outage,2.5034359821601635
0.9644889811006794,1.0,,49.86666666666667,held-out,stress,40,1.0,,99.8,0.85,,0.0,1.464851707394772,,49.46666666666667,1.5113134371783108,0.010000000000005116,horizon,0,1.46633992291537,1.0,1.0,100/50/50 Hz,1.0,1500,denied,911,25,1.4948760840613127,0.11444733839935545,0.06604729273842516,outage_window,0.8781241180802004
0.15570939465728156,1.0,,50.0,held-out,stress,60,1.0,,99.95,0.85,,0.0,1.511887740295581,,49.25,1.5300794016587198,0.010000000000005116,horizon,0,1.5129111115163596,1.0,1.0,100/50/50 Hz,1.0,2000,denied,911,40,1.5215375664075572,0.035462448438430196,0.0556371467060252,after_return,0.11819151249149708
0.8324318005676492,1.0,,49.95744680851064,held-out,stress,60,1.0,,98.61702127659575,0.85,,6.808510638297872,0.04169679938941704,,49.297872340425535,0.15243935499038977,0.010000000000005116,retrodiction,0,0.06437715581522709,1.0,1.0,100/50/50 Hz,1.0,4700,transition,911,13,0.04451794978569838,0.03273329591884164,0.049048905304162886,flight,0.7105730239529328
0.3292904180057489,1.0,,49.857142857142854,held-out,stress,25,1.0,,100.0,0.85,,10.0,0.03518437401152447,,49.285714285714285,0.07999805350239873,0.010000000000001563,retrodiction,0,0.052671232661285115,1.0,1.0,100/50/50 Hz,1.0,700,transition,911,18,0.023013708061241738,0.028819908850005228,0.03919589998298788,before_outage,0.300723983066244
0.11753987448374316,1.0,,49.93333333333333,held-out,stress,40,1.0,,99.86666666666666,0.85,,0.06666666666666667,0.02243770452595363,,49.333333333333336,0.03731473308731353,0.010000000000005116,retrodiction,0,0.057987572420097486,1.0,1.0,100/50/50 Hz,1.0,1500,transition,911,25,0.02066554407329524,0.026757222369356567,0.053470627177751064,outage_window,0.09992696573048075
0.07796389997049048,1.0,,50.0,held-out,stress,60,1.0,,99.95,0.85,,9.95,0.026497800226984135,,49.3,0.05168081319326227,0.010000000000005116,retrodiction,0,0.05899606755821304,1.0,1.0,100/50/50 Hz,1.0,2000,transition,911,40,0.04451794978569838,0.014471510304054582,0.05271055464007257,after_return,0.062264954816744184
1.2064963726480915,1.0,,49.93617021276596,held-out,stress,60,1.0,,98.63829787234043,0.85,,6.808510638297872,0.034487561421789166,,49.212765957446805,0.12135074496486492,0.010000000000005116,horizon,0,0.057866894634250106,1.0,1.0,100/50/50 Hz,1.0,4700,transition,911,13,0.03630378171888529,0.03784588894812324,0.04646703779874206,flight,1.09674817266301
0.46642992726563215,1.0,,49.857142857142854,held-out,stress,25,1.0,,100.0,0.85,,10.0,0.01901169848435285,,49.142857142857146,0.04290946520162121,0.010000000000001563,horizon,0,0.03972926160630118,1.0,1.0,100/50/50 Hz,1.0,700,transition,911,18,0.03358749820645503,0.0289365546930399,0.03488509063370729,before_outage,0.3236670918732158
0.40066246385557447,1.0,,49.93333333333333,held-out,stress,40,1.0,,99.93333333333334,0.85,,0.13333333333333333,0.028140763856162966,,49.13333333333333,0.0423251722759036,0.010000000000005116,horizon,0,0.055689514542197914,1.0,1.0,100/50/50 Hz,1.0,1500,transition,911,25,0.02644341019223176,0.025011272813144896,0.04805641933745527,outage_window,0.3423318174513285
0.20408340521064727,1.0,,49.95,held-out,stress,60,1.0,,99.95,0.85,,9.9,0.02399610234459157,,49.4,0.043255576777272924,0.010000000000005116,horizon,0,0.05753638063640065,1.0,1.0,100/50/50 Hz,1.0,2000,transition,911,40,0.03630378171888529,0.014406996603118996,0.05229361499269932,after_return,0.18580321402084793
0.40259593582588316,1.0,,25.0,held-out,zero,60,1.0,,24.829787234042552,0.85,,10.0,0.028411977424434666,,24.53191489361702,0.06378632539009656,0.010000000000005116,retrodiction,0,0.07605781352592182,1.0,1.0,25/25/25 Hz,1.0,4700,gps,101,13,0.03318190469505934,0.01268825805817932,0.07055175786029226,flight,0.3595065669302536
0.10643738220126663,1.0,,25.0,held-out,zero,25,1.0,,25.0,0.85,,10.0,0.04779880629528119,,24.571428571428573,0.06378632539009656,0.010000000000001563,retrodiction,0,0.0721511822091509,1.0,1.0,25/25/25 Hz,1.0,700,gps,101,18,0.036106003756664805,0.008949300943474585,0.05404689825442603,before_outage,0.08082382321937027
0.11743315307331573,1.0,,25.0,held-out,zero,40,1.0,,25.0,0.85,,10.0,0.02297765800599323,,24.466666666666665,0.03814901832869791,0.010000000000005116,retrodiction,0,0.07547618065459084,1.0,1.0,25/25/25 Hz,1.0,1500,gps,101,25,0.022606671465550083,0.012760581496464595,0.07189353989590477,outage_window,0.11545331005883402
0.08442734481147712,1.0,,25.0,held-out,zero,60,1.0,,25.0,0.85,,10.0,0.02266725609404783,,24.7,0.035554378386330514,0.010000000000005116,retrodiction,0,0.08096926775541105,1.0,1.0,25/25/25 Hz,1.0,2000,gps,101,40,0.03318190469505934,0.010648850646593173,0.07773170409822687,after_return,0.08281589506331194
0.4444685714327239,1.0,,25.0,held-out,zero,60,1.0,,24.78723404255319,0.85,,10.0,0.029068925427248943,,24.5531914893617,0.06433981916768317,0.010000000000005116,horizon,0,0.0910454143828528,1.0,1.0,25/25/25 Hz,1.0,4700,gps,101,13,0.03476418925956499,0.014254063472664112,0.086280154465847,flight,0.39840291957321333
0.11423122464670887,1.0,,25.0,held-out,zero,25,1.0,,25.0,0.85,,10.0,0.04762382019307124,,24.571428571428573,0.06433981916768317,0.010000000000001563,horizon,0,0.07901999854566046,1.0,1.0,25/25/25 Hz,1.0,700,gps,101,18,0.038643022998660244,0.009686964942857883,0.06305657713810829,before_outage,0.08887600885827535
0.11698864209030882,1.0,,25.0,held-out,zero,40,1.0,,25.0,0.85,,10.0,0.023476863524602178,,24.466666666666665,0.04123757916362558,0.010000000000005116,horizon,0,0.08798339994216153,1.0,1.0,25/25/25 Hz,1.0,1500,gps,101,25,0.024529688445426644,0.013206014695057201,0.08479336969615935,outage_window,0.1147455815447538
0.0877744022820919,1.0,,25.0,held-out,zero,60,1.0,,25.0,0.85,,10.0,0.023578510101349183,,24.75,0.038534607645780615,0.010000000000005116,horizon,0,0.10111075497884739,1.0,1.0,25/25/25 Hz,1.0,2000,gps,101,40,0.03476418925956499,0.011167079191060695,0.0983231337671511,after_return,0.08617549349077737
0.31454726462297833,1.0,,25.0,held-out,zero,60,1.0,,24.76595744680851,0.85,,0.0,0.10819103186353962,,24.51063829787234,0.20645228407081054,0.010000000000005116,retrodiction,0,0.13119553101635267,1.0,1.0,25/25/25 Hz,1.0,4700,denied,101,13,0.13355297259453225,0.020236476625424858,0.07420894813272395,flight,0.27979980975975094
0.3495924332389991,1.0,,25.0,held-out,zero,25,1.0,,25.0,0.85,,0.0,0.11956657878437135,,24.571428571428573,0.14973716392296613,0.010000000000001563,retrodiction,0,0.13125871014553842,1.0,1.0,25/25/25 Hz,1.0,700,denied,101,18,0.10494690597222554,0.02048121050911558,0.054154244772420125,before_outage,0.29669244715529075
0.11779777932261677,1.0,,25.0,held-out,zero,40,1.0,,25.0,0.85,,0.0,0.0905106132753491,,24.466666666666665,0.10706169385558699,0.010000000000005116,retrodiction,0,0.11687194187052387,1.0,1.0,25/25/25 Hz,1.0,1500,denied,101,25,0.08210962528480695,0.013931805728149897,0.07393835054359348,outage_window,0.08015202350744259
0.0826117760270165,1.0,,25.0,held-out,zero,60,1.0,,25.0,0.85,,0.0,0.10879883402433356,,24.7,0.13686097930464874,0.010000000000005116,retrodiction,0,0.13703416446329483,1.0,1.0,25/25/25 Hz,1.0,2000,denied,101,40,0.13355297259453225,0.0178288891296632,0.08331372002916955,after_return,0.06255069312258729
0.5132529710626283,1.0,,24.97872340425532,held-out,zero,60,1.0,,24.72340425531915,0.85,,0.0,0.1151431126537809,,24.51063829787234,0.31023780178214305,0.010000000000005116,horizon,0,0.14742134768644735,1.0,1.0,25/25/25 Hz,1.0,4700,denied,101,13,0.1002695165218287,0.028277744435829217,0.09206040061876289,flight,0.474578617102366
0.23903996920844076,1.0,,25.0,held-out,zero,25,1.0,,25.0,0.85,,0.0,0.14042029352010277,,24.571428571428573,0.16472510041804583,0.010000000000001563,horizon,0,0.15368720821018506,1.0,1.0,25/25/25 Hz,1.0,700,denied,101,18,0.13187356084705582,0.01677731318518045,0.0624651833837776,before_outage,0.218429073303454
0.08389243447290248,1.0,,25.0,held-out,zero,40,1.0,,25.0,0.85,,0.0,0.0910768950876401,,24.466666666666665,0.13202124232760332,0.010000000000005116,horizon,0,0.12498925805845434,1.0,1.0,25/25/25 Hz,1.0,1500,denied,101,25,0.0827962667800691,0.014003025212216738,0.08559973020517,outage_window,0.0629434929647864
0.06633043304648112,1.0,,25.0,held-out,zero,60,1.0,,25.0,0.85,,0.0,0.08085971009951393,,24.7,0.10422408557681703,0.010000000000005116,horizon,0,0.13459992268780915,1.0,1.0,25/25/25 Hz,1.0,2000,denied,101,40,0.1002695165218287,0.01978145693385407,0.10760504853484693,after_return,0.04665935548806446
0.39540020695433464,1.0,,25.0,held-out,zero,60,1.0,,24.829787234042552,0.85,,6.808510638297872,0.02879640921794267,,24.53191489361702,0.06378632539009656,0.010000000000005116,retrodiction,0,0.07728658199249724,1.0,1.0,25/25/25 Hz,1.0,4700,transition,101,13,0.03232333820824746,0.011478576571236554,0.07172156281227972,flight,0.3508973149421295
0.10643738220126663,1.0,,25.0,held-out,zero,25,1.0,,25.0,0.85,,10.0,0.04779880629528119,,24.571428571428573,0.06378632539009656,0.010000000000001563,retrodiction,0,0.0721511822091509,1.0,1.0,25/25/25 Hz,1.0,700,transition,101,18,0.036106003756664805,0.008949300943474585,0.05404689825442603,before_outage,0.08082382321937027
0.05164331364968718,1.0,,25.0,held-out,zero,40,1.0,,25.0,0.85,,0.0,0.02407690715725202,,24.466666666666665,0.039441797460802654,0.010000000000005116,retrodiction,0,0.0790304114391643,1.0,1.0,25/25/25 Hz,1.0,1500,transition,101,25,0.01802534252412179,0.009190648112600404,0.07527355760148884,outage_window,0.04182625773833439
0.04445814460321009,1.0,,25.0,held-out,zero,60,1.0,,25.0,0.85,,10.0,0.022949812178288377,,24.7,0.04522152376079704,0.010000000000005116,retrodiction,0,0.081160066763187,1.0,1.0,25/25/25 Hz,1.0,2000,transition,101,40,0.03232333820824746,0.010172071341988425,0.07784768819936953,after_return,0.0342167725597143
0.437783293570689,1.0,,25.0,held-out,zero,60,1.0,,24.78723404255319,0.85,,6.808510638297872,0.029181097151172456,,24.53191489361702,0.06433981916768317,0.010000000000005116,horizon,0,0.09260891398913663,1.0,1.0,25/25/25 Hz,1.0,4700,transition,101,13,0.032642942828156475,0.013144598156937205,0.08789126531858067,flight,0.3904314190380175
0.11423122464670887,1.0,,25.0,held-out,zero,25,1.0,,25.0,0.85,,10.0,0.04762382019307124,,24.571428571428573,0.06433981916768317,0.010000000000001563,horizon,0,0.07901999854566046,1.0,1.0,25/25/25 Hz,1.0,700,transition,101,18,0.038643022998660244,0.009686964942857883,0.06305657713810829,before_outage,0.08887600885827535
0.05149640887639265,1.0,,25.0,held-out,zero,40,1.0,,25.0,0.85,,0.13333333333333333,0.02432163101445166,,24.466666666666665,0.03940283468330491,0.010000000000005116,horizon,0,0.09244134289434479,1.0,1.0,25/25/25 Hz,1.0,1500,transition,101,25,0.012069071256476972,0.009445724372220916,0.08918441646894762,outage_window,0.040890945152132534
0.04603976606008119,1.0,,25.0,held-out,zero,60,1.0,,25.0,0.85,,9.9,0.02325977409008957,,24.7,0.04604251380236049,0.010000000000005116,horizon,0,0.10146393210932858,1.0,1.0,25/25/25 Hz,1.0,2000,transition,101,40,0.032642942828156475,0.010823655197984226,0.09876189765473543,after_return,0.03563454246441432
0.4625017858280013,1.0,,25.0,held-out,nominal,60,1.0,,24.76595744680851,0.85,,10.0,0.026890155811528933,,24.51063829787234,0.05434526895784319,0.010000000000005116,retrodiction,0,0.07517633237635206,1.0,1.0,25/25/25 Hz,1.0,4700,gps,101,13,0.024796092721737384,0.01366125554987576,0.07020256740313317,flight,0.37643856290646227
0.16036007964339988,1.0,,25.0,held-out,nominal,25,1.0,,25.0,0.85,,10.0,0.04174089183561163,,24.428571428571427,0.05434526895784319,0.010000000000001563,retrodiction,0,0.0686279813204525,1.0,1.0,25/25/25 Hz,1.0,700,gps,101,18,0.04089909692332047,0.009805174563690471,0.05447474432145734,before_outage,0.12040075250496599
0.11122010486135347,1.0,,25.0,held-out,nominal,40,1.0,,24.933333333333334,0.85,,10.0,0.02131578341527956,,24.533333333333335,0.041299355154749626,0.010000000000005116,retrodiction,0,0.07447203612077395,1.0,1.0,25/25/25 Hz,1.0,1500,gps,101,25,0.026557262337739074,0.013347344152310718,0.07135629994167828,outage_window,0.09001024688867117
0.07425648641854504,1.0,,25.0,held-out,nominal,60,1.0,,25.0,0.85,,10.0,0.023971429087989736,,24.7,0.038802433950011386,0.010000000000005116,retrodiction,0,0.08093934992031177,1.0,1.0,25/25/25 Hz,1.0,2000,gps,101,40,0.024796092721737384,0.009987322909467451,0.07730814286349241,after_return,0.06994726713898976
0.44381149126479946,1.0,,25.0,held-out,nominal,60,1.0,,24.78723404255319,0.85,,10.0,0.029068750349979466,,24.5531914893617,0.064339736828493,0.010000000000005116,horizon,0,0.08600420358950679,1.0,1.0,25/25/25 Hz,1.0,4700,gps,101,13,0.03476452698619912,0.014245493521807866,0.08094276241984764,flight,0.3976658345107305
0.11407073913414542,1.0,,25.0,held-out,nominal,25,1.0,,25.0,0.85,,10.0,0.04762730953234565,,24.571428571428573,0.064339736828493,0.010000000000001563,horizon,0,0.07518413698411835,1.0,1.0,25/25/25 Hz,1.0,700,gps,101,18,0.03866159259879852,0.009687199492982386,0.058174683847502,before_outage,0.08895112813551519
0.11685676137444126,1.0,,25.0,held-out,nominal,40,1.0,,25.0,0.85,,10.0,0.023478653458142474,,24.466666666666665,0.04123529389662207,0.010000000000005116,horizon,0,0.08271498986620511,1.0,1.0,25/25/25 Hz,1.0,1500,gps,101,25,0.024527728304111446,0.013203390384016734,0.07931281346893998,outage_window,0.11461873757257175
0.08768753578148113,1.0,,25.0,held-out,nominal,60,1.0,,25.0,0.85,,10.0,0.02357830667005556,,24.75,0.03853493652155822,0.010000000000005116,horizon,0,0.09573915701784978,1.0,1.0,25/25/25 Hz,1.0,2000,gps,101,40,0.03476452698619912,0.011164035099862375,0.09279035316810315,after_return,0.08608325731482638
0.9917597523949546,1.0,,24.95744680851064,held-out,nominal,60,1.0,,24.78723404255319,0.85,,0.0,0.1043942717174613,,24.5531914893617,0.36350830468259515,0.010000000000005116,retrodiction,0,0.12880327731156416,1.0,1.0,25/25/25 Hz,1.0,4700,denied,101,13,0.08487313168220753,0.04101368607961518,0.07544614157649521,flight,0.8923409245717757
0.6704858361488386,1.0,,24.857142857142858,held-out,nominal,25,1.0,,25.0,0.85,,0.0,0.1155002887973536,,24.571428571428573,0.18529929521759408,0.010000000000001563,retrodiction,0,0.1286192688325175,1.0,1.0,25/25/25 Hz,1.0,700,denied,101,18,0.10504774610853908,0.033813476617798786,0.056591515289302174,before_outage,0.5741236270882341
0.2638601711709752,1.0,,25.0,held-out,nominal,40,1.0,,25.0,0.85,,0.0,0.0637396607593908,,24.533333333333335,0.10585591098375896,0.010000000000005116,retrodiction,0,0.0976312218227052,1.0,1.0,25/25/25 Hz,1.0,1500,denied,101,25,0.05340457220826696,0.020969404852951117,0.07395343887117112,outage_window,0.19844853145950117
0.09198247210013683,1.0,,25.0,held-out,nominal,60,1.0,,25.0,0.85,,0.0,0.06240770260613418,,24.7,0.08487313168220753,0.010000000000005116,retrodiction,0,0.10488758140654023,1.0,1.0,25/25/25 Hz,1.0,2000,denied,101,40,0.08487313168220753,0.023740300452545632,0.0843011470191119,after_return,0.07015674643871794
0.5084277507910409,1.0,,24.97872340425532,held-out,nominal,60,1.0,,24.72340425531915,0.85,,0.0,0.11933069342551379,,24.51063829787234,0.3117587161680823,0.010000000000005116,horizon,0,0.14734228497244597,1.0,1.0,25/25/25 Hz,1.0,4700,denied,101,13,0.10435785346538598,0.028066953743552014,0.08642878309618575,flight,0.47014146790016753
0.23872173192161839,1.0,,25.0,held-out,nominal,25,1.0,,25.0,0.85,,0.0,0.14548953486385297,,24.571428571428573,0.16988176477148323,0.010000000000001563,horizon,0,0.15641073417405427,1.0,1.0,25/25/25 Hz,1.0,700,denied,101,18,0.13692425838163816,0.01678583344960951,0.05742049294429975,before_outage,0.218156159191193
0.08369597042324582,1.0,,25.0,held-out,nominal,40,1.0,,25.0,0.85,,0.0,0.09614646811541243,,24.466666666666665,0.13707277370336554,0.010000000000005116,horizon,0,0.12498220288823732,1.0,1.0,25/25/25 Hz,1.0,1500,denied,101,25,0.08789893791775578,0.014004889888602887,0.07985241203450585,outage_window,0.062442542469276274
0.06638526319395606,1.0,,25.0,held-out,nominal,60,1.0,,25.0,0.85,,0.0,0.08548302999882364,,24.7,0.1086272289438506,0.010000000000005116,horizon,0,0.13287781329956572,1.0,1.0,25/25/25 Hz,1.0,2000,denied,101,40,0.10435785346538598,0.01979254616986833,0.1017308451232686,after_return,0.04665291273333851
0.4602782470724059,1.0,,25.0,held-out,nominal,60,1.0,,24.78723404255319,0.85,,6.808510638297872,0.02604469557251638,,24.51063829787234,0.05434526895784319,0.010000000000005116,retrodiction,0,0.07612624221121088,1.0,1.0,25/25/25 Hz,1.0,4700,transition,101,13,0.023848659127003173,0.012954570537763813,0.07153236040936221,flight,0.37299480538133417
0.16036007964339988,1.0,,25.0,held-out,nominal,25,1.0,,25.0,0.85,,10.0,0.04174089183561163,,24.428571428571427,0.05434526895784319,0.010000000000001563,retrodiction,0,0.0686279813204525,1.0,1.0,25/25/25 Hz,1.0,700,transition,101,18,0.04089909692332047,0.009805174563690471,0.05447474432145734,before_outage,0.12040075250496599
0.10336285178236575,1.0,,25.0,held-out,nominal,40,1.0,,25.0,0.85,,0.06666666666666667,0.01843406413267715,,24.533333333333335,0.041299355154749626,0.010000000000005116,retrodiction,0,0.0773708623546023,1.0,1.0,25/25/25 Hz,1.0,1500,transition,101,25,0.007505388791300884,0.010973603318471314,0.07514276825514989,outage_window,0.07094088855092823
0.0442349735233956,1.0,,25.0,held-out,nominal,60,1.0,,25.0,0.85,,9.95,0.02356624080538675,,24.7,0.04829724375424449,0.010000000000005116,retrodiction,0,0.08098644745225213,1.0,1.0,25/25/25 Hz,1.0,2000,transition,101,40,0.023848659127003173,0.009942040829183492,0.07748184926315917,after_return,0.03360817391382543
0.4371276434628358,1.0,,25.0,held-out,nominal,60,1.0,,24.78723404255319,0.85,,6.808510638297872,0.029178855685556466,,24.53191489361702,0.064339736828493,0.010000000000005116,horizon,0,0.08745055498313009,1.0,1.0,25/25/25 Hz,1.0,4700,transition,101,13,0.03264277300420411,0.013136501680510514,0.0824390317006388,flight,0.3896888329123187
0.11407073913414542,1.0,,25.0,held-out,nominal,25,1.0,,25.0,0.85,,10.0,0.04762730953234565,,24.571428571428573,0.064339736828493,0.010000000000001563,horizon,0,0.07518413698411835,1.0,1.0,25/25/25 Hz,1.0,700,transition,101,18,0.03866159259879852,0.009687199492982386,0.058174683847502,before_outage,0.08895112813551519
0.05137805530132367,1.0,,25.0,held-out,nominal,40,1.0,,25.0,0.85,,0.13333333333333333,0.024317727251652616,,24.466666666666665,0.03942370791913535,0.010000000000005116,horizon,0,0.0868477423141494,1.0,1.0,25/25/25 Hz,1.0,1500,transition,101,25,0.012061135755351761,0.009442801743831674,0.0833737277946664,outage_window,0.04069947690597161
0.045978301755565464,1.0,,25.0,held-out,nominal,60,1.0,,25.0,0.85,,9.9,0.023257890107658157,,24.7,0.046045937976728644,0.010000000000005116,horizon,0,0.09607276116999104,1.0,1.0,25/25/25 Hz,1.0,2000,transition,101,40,0.03264277300420411,0.010823441114205403,0.09321505236047574,after_return,0.03551575272142464
0.38678678906051,1.0,,25.0,held-out,stress,60,1.0,,24.76595744680851,0.85,,10.0,0.02689005361993886,,24.51063829787234,0.05437776527514748,0.010000000000005116,retrodiction,0,0.07528559709459899,1.0,1.0,25/25/25 Hz,1.0,4700,gps,101,13,0.017076487536125038,0.014922428121914098,0.07031960001455573,flight,0.3010178072122835
0.16576659968046795,1.0,,25.0,held-out,stress,25,1.0,,25.0,0.85,,10.0,0.03539749201002668,,24.428571428571427,0.05437776527514748,0.010000000000001563,retrodiction,0,0.06429269759245203,1.0,1.0,25/25/25 Hz,1.0,700,gps,101,18,0.031829233478337216,0.01373853859179018,0.05367092809999269,before_outage,0.14441172600309357
0.10046993178987161,1.0,,25.0,held-out,stress,40,1.0,,24.933333333333334,0.85,,10.0,0.021955417971890615,,24.533333333333335,0.04149452894062593,0.010000000000005116,retrodiction,0,0.07490044883458113,1.0,1.0,25/25/25 Hz,1.0,1500,gps,101,25,0.036874486932973696,0.014889952007583711,0.07161031250665849,outage_window,0.08288841448943626
0.04967654123514999,1.0,,25.0,held-out,stress,60,1.0,,25.0,0.85,,10.0,0.02761822879548933,,24.7,0.048452283958143744,0.010000000000005116,retrodiction,0,0.08247908405522386,1.0,1.0,25/25/25 Hz,1.0,2000,gps,101,40,0.017076487536125038,0.010949212476048045,0.07771764757626602,after_return,0.04304262268335214
0.4474830333556297,1.0,,25.0,held-out,stress,60,1.0,,24.78723404255319,0.85,,10.0,0.029090477405701164,,24.5531914893617,0.06437859209728734,0.010000000000005116,horizon,0,0.07773961551625591,1.0,1.0,25/25/25 Hz,1.0,4700,gps,101,13,0.034766889283370704,0.014271153660671167,0.0720915525212468,flight,0.40137117604095374
0.11438595874446365,1.0,,25.0,held-out,stress,25,1.0,,25.0,0.85,,10.0,0.047666328039749496,,24.571428571428573,0.06437859209728734,0.010000000000001563,horizon,0,0.06941078705610988,1.0,1.0,25/25/25 Hz,1.0,700,gps,101,18,0.038698002492024486,0.00968879027889577,0.05045570860621841,before_outage,0.08892843636506623
0.11668025771298265,1.0,,25.0,held-out,stress,40,1.0,,25.0,0.85,,10.0,0.023482110550354228,,24.466666666666665,0.041222375073076835,0.010000000000005116,horizon,0,0.07400076704444324,1.0,1.0,25/25/25 Hz,1.0,1500,gps,101,25,0.0245200278758249,0.013188324631389487,0.07017623534549924,outage_window,0.11441405065739764
0.08753823587066899,1.0,,25.0,held-out,stress,60,1.0,,25.0,0.85,,10.0,0.023576856016255348,,24.75,0.038537969740382115,0.010000000000005116,horizon,0,0.08676043404070526,1.0,1.0,25/25/25 Hz,1.0,2000,gps,101,40,0.034766889283370704,0.011158877128564063,0.08349553745752122,after_return,0.08592798377816072
0.5442106714937145,1.0,,24.97872340425532,held-out,stress,60,1.0,,24.72340425531915,0.85,,0.0,0.06447956942647182,,24.53191489361702,0.18272003137166187,0.010000000000005116,retrodiction,0,0.09890350969972304,1.0,1.0,25/25/25 Hz,1.0,4700,denied,101,13,0.03414312318328763,0.028350322334073558,0.07499526223369053,flight,0.5005128670802743
0.2910862500279095,1.0,,25.0,held-out,stress,25,1.0,,25.0,0.85,,0.0,0.052005680340286436,,24.428571428571427,0.09736520836054816,0.010000000000001563,retrodiction,0,0.0732877256006294,1.0,1.0,25/25/25 Hz,1.0,700,denied,101,18,0.03551156411997213,0.023610453991748263,0.05163816356201192,before_outage,0.26994463258397255
0.1795382199000691,1.0,,25.0,held-out,stress,40,1.0,,24.933333333333334,0.85,,0.0,0.06136301955271121,,24.533333333333335,0.07845574651363864,0.010000000000005116,retrodiction,0,0.09660452942765997,1.0,1.0,25/25/25 Hz,1.0,1500,denied,101,25,0.06033576090740476,0.017009396858394928,0.07461243151990962,outage_window,0.16133865711280934
0.13794692999954117,1.0,,25.0,held-out,stress,60,1.0,,25.0,0.85,,0.0,0.05200506992992508,,24.7,0.08557262186915826,0.010000000000005116,retrodiction,0,0.09926228437365583,1.0,1.0,25/25/25 Hz,1.0,2000,denied,101,40,0.03414312318328763,0.02197152323063656,0.08454864753891762,after_return,0.12347448036992856
0.5152202309646794,1.0,,24.97872340425532,held-out,stress,60,1.0,,24.72340425531915,0.85,,0.0,0.13895682551793545,,24.51063829787234,0.3291445269921618,0.010000000000005116,horizon,0,0.1589199844597327,1.0,1.0,25/25/25 Hz,1.0,4700,denied,101,13,0.12108880596977573,0.028373316083785467,0.0771139553042102,flight,0.47647480480044235
0.2388782334384018,1.0,,25.0,held-out,stress,25,1.0,,25.0,0.85,,0.0,0.16724053790944227,,24.571428571428573,0.19070689944701924,0.010000000000001563,horizon,0,0.17442241349158216,1.0,1.0,25/25/25 Hz,1.0,700,denied,101,18,0.15839383224054457,0.016929873285356514,0.04953565188819936,before_outage,0.21825568827801237
0.08428603901257992,1.0,,25.0,held-out,stress,40,1.0,,25.0,0.85,,0.0,0.11838506686704049,,24.466666666666665,0.1585116388883133,0.010000000000005116,horizon,0,0.13766535009330233,1.0,1.0,25/25/25 Hz,1.0,1500,denied,101,25,0.11042026085965423,0.014088311020067426,0.07026182860698858,outage_window,0.06343190981211111
0.06625368489387001,1.0,,25.0,held-out,stress,60,1.0,,25.0,0.85,,0.0,0.10542674742411132,,24.7,0.12681494877318958,0.010000000000005116,horizon,0,0.1398251032125144,1.0,1.0,25/25/25 Hz,1.0,2000,denied,101,40,0.12108880596977573,0.019848251805482373,0.09184911766567463,after_return,0.046519423919109744
0.38773733306314423,1.0,,25.0,held-out,stress,60,1.0,,24.76595744680851,0.85,,6.808510638297872,0.02683102455793866,,24.51063829787234,0.0640592718513844,0.010000000000005116,retrodiction,0,0.07670465874403402,1.0,1.0,25/25/25 Hz,1.0,4700,transition,101,13,0.01764456366731309,0.014730107592123695,0.07185889502497243,flight,0.3015300802518367
0.16576659968046795,1.0,,25.0,held-out,stress,25,1.0,,25.0,0.85,,10.0,0.03539749201002668,,24.428571428571427,0.05437776527514748,0.010000000000001563,retrodiction,0,0.06429269759245203,1.0,1.0,25/25/25 Hz,1.0,700,transition,101,18,0.031829233478337216,0.01373853859179018,0.05367092809999269,before_outage,0.14441172600309357
0.11169307836138531,1.0,,25.0,held-out,stress,40,1.0,,24.933333333333334,0.85,,0.06666666666666667,0.018561148802812934,,24.533333333333335,0.03261367520355218,0.010000000000005116,retrodiction,0,0.0781254284517423,1.0,1.0,25/25/25 Hz,1.0,1500,transition,101,25,0.007310701677461338,0.013261909545482252,0.0758885124764489,outage_window,0.09268860065050491
0.049112336415355874,1.0,,25.0,held-out,stress,60,1.0,,25.0,0.85,,9.95,0.029299446504535857,,24.7,0.0640592718513844,0.010000000000005116,retrodiction,0,0.08330382123064661,1.0,1.0,25/25/25 Hz,1.0,2000,transition,101,40,0.01764456366731309,0.011868361875325601,0.07798120969923057,after_return,0.03588208509521457
0.4408748235701487,1.0,,25.0,held-out,stress,60,1.0,,24.78723404255319,0.85,,6.808510638297872,0.029205980450323254,,24.53191489361702,0.06437859209728734,0.010000000000005116,horizon,0,0.07898329467833055,1.0,1.0,25/25/25 Hz,1.0,4700,transition,101,13,0.03264498096938484,0.013167899427243451,0.07338509074859373,flight,0.3934881568756346
0.11438595874446365,1.0,,25.0,held-out,stress,25,1.0,,25.0,0.85,,10.0,0.047666328039749496,,24.571428571428573,0.06437859209728734,0.010000000000001563,horizon,0,0.06941078705610988,1.0,1.0,25/25/25 Hz,1.0,700,transition,101,18,0.038698002492024486,0.00968879027889577,0.05045570860621841,before_outage,0.08892843636506623
0.05127351121079606,1.0,,25.0,held-out,stress,40,1.0,,25.0,0.85,,0.13333333333333333,0.024334330997533588,,24.466666666666665,0.03947163072467693,0.010000000000005116,horizon,0,0.07757535137776383,1.0,1.0,25/25/25 Hz,1.0,1500,transition,101,25,0.012077470328424112,0.009433171658650024,0.07365986340121736,outage_window,0.040432131474243696
0.04589504858935611,1.0,,25.0,held-out,stress,60,1.0,,25.0,0.85,,9.9,0.023262180914287965,,24.7,0.0460656117483698,0.010000000000005116,horizon,0,0.08705775262833197,1.0,1.0,25/25/25 Hz,1.0,2000,transition,101,40,0.03264498096938484,0.01082086558793967,0.08389233118591222,after_return,0.03536434660606011
0.5030484041811919,1.0,,24.93617021276596,held-out,zero,60,1.0,,24.659574468085108,0.85,,10.0,0.07459039766671374,,24.638297872340427,0.16168060880838722,0.010000000000005116,retrodiction,0,0.08916254858149955,1.0,1.0,25/25/25 Hz,1.0,4700,gps,307,13,0.03086776383165911,0.0160562964163471,0.0488490802929776,flight,0.24227353031243082
0.33680932821533444,1.0,,25.0,held-out,zero,25,1.0,,25.0,0.85,,10.0,0.09981120797239038,,25.0,0.12477246433707918,0.010000000000001563,retrodiction,0,0.10811320674760379,1.0,1.0,25/25/25 Hz,1.0,700,gps,307,18,0.0912362748908006,0.009474301340991002,0.04154742153662918,before_outage,0.07874912082830966
0.1391043514803816,1.0,,24.933333333333334,held-out,zero,40,1.0,,25.0,0.85,,10.0,0.06307078523208895,,24.733333333333334,0.09295393532608956,0.010000000000005116,retrodiction,0,0.07904256043502297,1.0,1.0,25/25/25 Hz,1.0,1500,gps,307,25,0.04140993576481671,0.013768830594148422,0.047642443370716936,outage_window,0.05954840911482825
0.04935615522696695,1.0,,24.95,held-out,zero,60,1.0,,24.9,0.85,,10.0,0.03986289604760821,,24.55,0.07116367757819991,0.010000000000005116,retrodiction,0,0.06788700863605014,1.0,1.0,25/25/25 Hz,1.0,2000,gps,307,40,0.03086776383165911,0.011848154415050452,0.05495084585562562,after_return,0.04617587095473571
0.5408878008529256,1.0,,24.93617021276596,held-out,zero,60,1.0,,24.595744680851062,0.85,,10.0,0.07820614350157426,,24.638297872340427,0.1719375326003569,0.010000000000005116,horizon,0,0.09294360011968604,1.0,1.0,25/25/25 Hz,1.0,4700,gps,307,13,0.029163047890435247,0.018441298392031534,0.05022262360549553,flight,0.3100862155733528
0.35240243982124675,1.0,,25.0,held-out,zero,25,1.0,,25.0,0.85,,10.0,0.10454272064750192,,24.857142857142858,0.1311426641053859,0.010000000000001563,horizon,0,0.11171009738448145,1.0,1.0,25/25/25 Hz,1.0,700,gps,307,18,0.09424042258608767,0.011337585114427326,0.03936960016648262,before_outage,0.08657157278788226
0.15061219649560795,1.0,,24.933333333333334,held-out,zero,40,1.0,,25.0,0.85,,10.0,0.06482326968974207,,24.733333333333334,0.0960446360655623,0.010000000000005116,horizon,0,0.08042844690633005,1.0,1.0,25/25/25 Hz,1.0,1500,gps,307,25,0.04560446917440834,0.01514442953641932,0.04760965005642575,outage_window,0.06401022623073914
0.05233654698471171,1.0,,24.95,held-out,zero,60,1.0,,24.9,0.85,,10.0,0.041426532802344596,,24.55,0.07437639714444921,0.010000000000005116,horizon,0,0.0714639155942457,1.0,1.0,25/25/25 Hz,1.0,2000,gps,307,40,0.029163047890435247,0.011663852008572787,0.05823172341634532,after_return,0.0490515524894673
0.9991540570412872,1.0,,24.93617021276596,held-out,zero,60,1.0,,24.680851063829788,0.85,,0.0,0.2593652392437137,,24.680851063829788,0.44454002408687765,0.010000000000005116,retrodiction,0,0.2641951538514315,1.0,1.0,25/25/25 Hz,1.0,4700,denied,307,13,0.2860725959080035,0.050269787148162715,0.05028669794918646,flight,0.7767322316534773
0.8646996153741915,1.0,,25.0,held-out,zero,25,1.0,,25.0,0.85,,0.0,0.2233169716238807,,25.0,0.3445065680705207,0.010000000000001563,retrodiction,0,0.22810284967472885,1.0,1.0,25/25/25 Hz,1.0,700,denied,307,18,0.21411712085696483,0.042960493638338725,0.0464805358668636,before_outage,0.6599471325596317
0.36289271864704864,1.0,,24.933333333333334,held-out,zero,40,1.0,,25.0,0.85,,0.0,0.23922470858918882,,24.733333333333334,0.2681402125640595,0.010000000000005116,retrodiction,0,0.24410828060577278,1.0,1.0,25/25/25 Hz,1.0,1500,denied,307,25,0.25941562685774033,0.02821577173258752,0.04858386008464536,outage_window,0.2543842454473607
0.16297403604505992,1.0,,24.95,held-out,zero,60,1.0,,24.9,0.85,,0.0,0.2688654632002189,,24.6,0.29640652651837296,0.010000000000005116,retrodiction,0,0.2744999626403922,1.0,1.0,25/25/25 Hz,1.0,2000,denied,307,40,0.2860725959080035,0.041700675899841645,0.0553316562892207,after_return,0.13846220964497682
1.1156615039149502,1.0,,24.93617021276596,held-out,zero,60,1.0,,24.595744680851062,0.85,,0.0,0.38377194912835105,,24.680851063829788,0.5795348413170918,0.010000000000005116,horizon,0,0.387315933629651,1.0,1.0,25/25/25 Hz,1.0,4700,denied,307,13,0.4111515907821324,0.05664220469765528,0.05227545796676012,flight,0.9020624888528775
1.0462031547835637,1.0,,25.0,held-out,zero,25,1.0,,25.0,0.85,,0.0,0.34516650448134556,,24.857142857142858,0.4770718310140694,0.010000000000001563,horizon,0,0.34870135079274395,1.0,1.0,25/25/25 Hz,1.0,700,denied,307,18,0.3384631698808013,0.052029573425138406,0.049524905136845425,before_outage,0.8424695002304036
0.41175043335216494,1.0,,24.933333333333334,held-out,zero,40,1.0,,25.0,0.85,,0.0,0.3605220685597288,,24.733333333333334,0.39512037624989216,0.010000000000005116,horizon,0,0.3639679508289195,1.0,1.0,25/25/25 Hz,1.0,1500,denied,307,25,0.38562179527044244,0.030957286945785825,0.04996506091277158,outage_window,0.2959687107121227
0.1785914254139221,1.0,,24.95,held-out,zero,60,1.0,,24.9,0.85,,0.0,0.3983229141376104,,24.6,0.42789638719838574,0.010000000000005116,horizon,0,0.4023270543375834,1.0,1.0,25/25/25 Hz,1.0,2000,denied,307,40,0.4111515907821324,0.04152950255868922,0.05662079763548605,after_return,0.15200459975650396
0.5184090614489979,1.0,,24.93617021276596,held-out,zero,60,1.0,,24.659574468085108,0.85,,6.808510638297872,0.09273185135116147,,24.638297872340427,0.16168060880838722,0.010000000000005116,retrodiction,0,0.10454529547093878,1.0,1.0,25/25/25 Hz,1.0,4700,transition,307,13,0.035097327418565666,0.018100840213307157,0.04827548601611368,flight,0.2661410686347656
0.33680932821533444,1.0,,25.0,held-out,zero,25,1.0,,25.0,0.85,,10.0,0.09981120797239038,,25.0,0.12477246433707918,0.010000000000001563,retrodiction,0,0.10811320674760379,1.0,1.0,25/25/25 Hz,1.0,700,transition,307,18,0.0912362748908006,0.009474301340991002,0.04154742153662918,before_outage,0.07874912082830966
0.23403648906572294,1.0,,24.933333333333334,held-out,zero,40,1.0,,25.0,0.85,,0.0,0.10964918782042692,,24.733333333333334,0.13637738441353953,0.010000000000005116,retrodiction,0,0.11876952227033527,1.0,1.0,25/25/25 Hz,1.0,1500,transition,307,25,0.1303296782606015,0.020236533660576265,0.04564268868772309,outage_window,0.17191478796568352
0.11287534385419884,1.0,,24.95,held-out,zero,60,1.0,,24.9,0.85,,10.0,0.05185206750058681,,24.55,0.12440294107057907,0.010000000000005116,retrodiction,0,0.07561232819429657,1.0,1.0,25/25/25 Hz,1.0,2000,transition,307,40,0.035097327418565666,0.011812720021925543,0.055032601890848354,after_return,0.10555577511420128
0.5565727204355542,1.0,,24.93617021276596,held-out,zero,60,1.0,,24.595744680851062,0.85,,6.808510638297872,0.09623981894569757,,24.638297872340427,0.1719375326003569,0.010000000000005116,horizon,0,0.10803202952898518,1.0,1.0,25/25/25 Hz,1.0,4700,transition,307,13,0.03238977721561831,0.020328238625697596,0.04907969695761045,flight,0.33084925210597255
0.35240243982124675,1.0,,25.0,held-out,zero,25,1.0,,25.0,0.85,,10.0,0.10454272064750192,,24.857142857142858,0.1311426641053859,0.010000000000001563,horizon,0,0.11171009738448145,1.0,1.0,25/25/25 Hz,1.0,700,transition,307,18,0.09424042258608767,0.011337585114427326,0.03936960016648262,before_outage,0.08657157278788226
0.24645724436849592,1.0,,24.933333333333334,held-out,zero,40,1.0,,25.0,0.85,,0.13333333333333333,0.11067082648612345,,24.733333333333334,0.13936232455957015,0.010000000000005116,horizon,0,0.1188188179348877,1.0,1.0,25/25/25 Hz,1.0,1500,transition,307,25,0.13826921612791002,0.021318936112206543,0.0432421051791231,outage_window,0.17885531348522457
0.12102963490192288,1.0,,24.95,held-out,zero,60,1.0,,24.9,0.85,,9.9,0.05544858299827917,,24.55,0.1383186166276293,0.010000000000005116,horizon,0,0.08060002745978927,1.0,1.0,25/25/25 Hz,1.0,2000,transition,307,40,0.03238977721561831,0.01179424027484602,0.05849631672166831,after_return,0.11296181024314601
0.4517772376060687,1.0,,24.95744680851064,held-out,nominal,60,1.0,,24.595744680851062,0.85,,10.0,0.04139455070070191,,24.680851063829788,0.08687821708451243,0.010000000000005116,retrodiction,0,0.06427314301692208,1.0,1.0,25/25/25 Hz,1.0,4700,gps,307,13,0.027475762600572818,0.015358472702896402,0.049168364682595854,flight,0.40854407121962905
0.14739423190825218,1.0,,25.0,held-out,nominal,25,1.0,,25.0,0.85,,10.0,0.03366921674668145,,25.0,0.04800440426967225,0.010000000000001563,retrodiction,0,0.052198964118448876,1.0,1.0,25/25/25 Hz,1.0,700,gps,307,18,0.046750775355491964,0.011423717720579053,0.03988879164256671,before_outage,0.11462836867108481
0.11113103486436358,1.0,,24.933333333333334,held-out,nominal,40,1.0,,25.0,0.85,,10.0,0.04376123907884451,,24.733333333333334,0.05960956057044881,0.010000000000005116,retrodiction,0,0.06484801742193233,1.0,1.0,25/25/25 Hz,1.0,1500,gps,307,25,0.04591581563196884,0.014270297837439652,0.047856235934718584,outage_window,0.07964762914451977
0.06515838135651407,1.0,,24.95,held-out,nominal,60,1.0,,24.85,0.85,,10.0,0.036780589437948305,,24.6,0.06564555816364352,0.010000000000005116,retrodiction,0,0.06680687057150028,1.0,1.0,25/25/25 Hz,1.0,2000,gps,307,40,0.027475762600572818,0.012957579040408115,0.05577047781895252,after_return,0.03210535560491532
0.5406617920368517,1.0,,24.93617021276596,held-out,nominal,60,1.0,,24.595744680851062,0.85,,10.0,0.07820717225199918,,24.638297872340427,0.17194719237975056,0.010000000000005116,horizon,0,0.0943946607205547,1.0,1.0,25/25/25 Hz,1.0,4700,gps,307,13,0.029157820880915845,0.018443642464669785,0.05285820826413586,flight,0.30638615129462426
0.3518443276416732,1.0,,25.0,held-out,nominal,25,1.0,,25.0,0.85,,10.0,0.10458530166429843,,24.857142857142858,0.13123926655210477,0.010000000000001563,horizon,0,0.11257324018264943,1.0,1.0,25/25/25 Hz,1.0,700,gps,307,18,0.0942267811543,0.011360492137160531,0.04164911861022,before_outage,0.08625884560699257
0.1498517833881598,1.0,,24.933333333333334,held-out,nominal,40,1.0,,25.0,0.85,,10.0,0.06481682417399394,,24.733333333333334,0.09603352695287717,0.010000000000005116,horizon,0,0.08204968826085819,1.0,1.0,25/25/25 Hz,1.0,1500,gps,307,25,0.045610409759976656,0.015125361283400451,0.05030835564497775,outage_window,0.06343926831534079
0.05208000755818079,1.0,,24.95,held-out,nominal,60,1.0,,24.9,0.85,,10.0,0.041422340213880575,,24.55,0.07435362634764484,0.010000000000005116,horizon,0,0.07397382845641749,1.0,1.0,25/25/25 Hz,1.0,2000,gps,307,40,0.029157820880915845,0.011662288049969253,0.06128880018164015,after_return,0.04880198749594813
0.9078942479718495,1.0,,24.95744680851064,held-out,nominal,60,1.0,,24.382978723404257,0.85,,0.0,0.2529249579462165,,24.638297872340427,0.37300795803129394,0.010000000000005116,retrodiction,0,0.2576878628714657,1.0,1.0,25/25/25 Hz,1.0,4700,denied,307,13,0.22954915626719394,0.04148435535769351,0.04931531525974433,flight,0.8361323391983506
0.28512635565392574,1.0,,25.0,held-out,nominal,25,1.0,,25.0,0.85,,0.0,0.29394600037815055,,25.0,0.325862296319346,0.010000000000001563,retrodiction,0,0.2970151942687141,1.0,1.0,25/25/25 Hz,1.0,700,denied,307,18,0.271434435969132,0.020634542122412735,0.042588431388938114,before_outage,0.23211723501763268
0.10913135127800647,1.0,,24.933333333333334,held-out,nominal,40,1.0,,25.0,0.85,,0.0,0.25914377942079214,,24.733333333333334,0.2782720945604472,0.010000000000005116,retrodiction,0,0.2635798668196686,1.0,1.0,25/25/25 Hz,1.0,1500,denied,307,25,0.24672369848195058,0.01771933811840959,0.04815441599876429,outage_window,0.0904930181533701
0.08512534059742695,1.0,,24.95,held-out,nominal,60,1.0,,24.85,0.85,,0.0,0.22221368116010687,,24.55,0.25252047345225115,0.010000000000005116,retrodiction,0,0.22884469410351949,1.0,1.0,25/25/25 Hz,1.0,2000,denied,307,40,0.22954915626719394,0.0337914817200811,0.054689797262449005,after_return,0.07579530776036171
1.1016012556064154,1.0,,24.93617021276596,held-out,nominal,60,1.0,,24.595744680851062,0.85,,0.0,0.28664329328461696,,24.680851063829788,0.5060670070914169,0.010000000000005116,horizon,0,0.2918742912966514,1.0,1.0,25/25/25 Hz,1.0,4700,denied,307,13,0.308821229042745,0.056090696470571424,0.05501112919102445,flight,0.8886936192514049
1.0293401680929208,1.0,,25.0,held-out,nominal,25,1.0,,25.0,0.85,,0.0,0.2521559349160616,,24.857142857142858,0.4002648305114726,0.010000000000001563,horizon,0,0.25751922480772627,1.0,1.0,25/25/25 Hz,1.0,700,denied,307,18,0.24348179402415795,0.05138700897266536,0.05228322515089505,before_outage,0.8264156511388305
0.40357982971563205,1.0,,24.933333333333334,held-out,nominal,40,1.0,,25.0,0.85,,0.0,0.26168243427854876,,24.733333333333334,0.29488225146280445,0.010000000000005116,horizon,0,0.26694516747321145,1.0,1.0,25/25/25 Hz,1.0,1500,denied,307,25,0.2882231730743272,0.030588115816977644,0.05274491470610151,outage_window,0.2883730757440978
0.1760502847804565,1.0,,24.95,held-out,nominal,60,1.0,,24.9,0.85,,0.0,0.2951621713975953,,24.6,0.3248194865793051,0.010000000000005116,horizon,0,0.3011248744837323,1.0,1.0,25/25/25 Hz,1.0,2000,denied,307,40,0.308821229042745,0.04145346843610741,0.05962786771887899,after_return,0.1498309858272992
0.45593842534814893,1.0,,24.95744680851064,held-out,nominal,60,1.0,,24.595744680851062,0.85,,6.808510638297872,0.04695336417948169,,24.659574468085108,0.08687821708451243,0.010000000000005116,retrodiction,0,0.06742644665459999,1.0,1.0,25/25/25 Hz,1.0,4700,transition,307,13,0.029231330569633472,0.016042047413262477,0.048391190321117154,flight,0.4134520702733867
0.14739423190825218,1.0,,25.0,held-out,nominal,25,1.0,,25.0,0.85,,10.0,0.03366921674668145,,25.0,0.04800440426967225,0.010000000000001563,retrodiction,0,0.052198964118448876,1.0,1.0,25/25/25 Hz,1.0,700,transition,307,18,0.046750775355491964,0.011423717720579053,0.03988879164256671,before_outage,0.11462836867108481
0.1532693121347772,1.0,,24.933333333333334,held-out,nominal,40,1.0,,25.0,0.85,,0.06666666666666667,0.058264198603050495,,24.733333333333334,0.082530733946704,0.010000000000005116,retrodiction,0,0.07367692206481138,1.0,1.0,25/25/25 Hz,1.0,1500,transition,307,25,0.08016356981140313,0.01791637889363387,0.04509514393023466,outage_window,0.13088422076330206
0.0690358257955236,1.0,,24.95,held-out,nominal,60,1.0,,24.85,0.85,,9.95,0.03737868614176264,,24.55,0.07849523822741852,0.010000000000005116,retrodiction,0,0.06724447199001832,1.0,1.0,25/25/25 Hz,1.0,2000,transition,307,40,0.029231330569633472,0.01141596442544253,0.055898594217850955,after_return,0.049206608449140016
0.5562048517517931,1.0,,24.93617021276596,held-out,nominal,60,1.0,,24.595744680851062,0.85,,6.808510638297872,0.09624410951272923,,24.638297872340427,0.17194719237975056,0.010000000000005116,horizon,0,0.10922693945130106,1.0,1.0,25/25/25 Hz,1.0,4700,transition,307,13,0.03238239937480348,0.020296896614653965,0.051648772357142915,flight,0.32717441517033785
0.3518443276416732,1.0,,25.0,held-out,nominal,25,1.0,,25.0,0.85,,10.0,0.10458530166429843,,24.857142857142858,0.13123926655210477,0.010000000000001563,horizon,0,0.11257324018264943,1.0,1.0,25/25/25 Hz,1.0,700,transition,307,18,0.0942267811543,0.011360492137160531,0.04164911861022,before_outage,0.08625884560699257
0.24522502245954347,1.0,,24.933333333333334,held-out,nominal,40,1.0,,25.0,0.85,,0.13333333333333333,0.11067919427789452,,24.733333333333334,0.13934744802381874,0.010000000000005116,horizon,0,0.11974801114196577,1.0,1.0,25/25/25 Hz,1.0,1500,transition,307,25,0.13825754007112298,0.02121221688711087,0.04571325985370589,outage_window,0.17778169560409124
0.12048597840944804,1.0,,24.95,held-out,nominal,60,1.0,,24.9,0.85,,9.9,0.055441363558877,,24.55,0.13830791425493041,0.010000000000005116,horizon,0,0.0828489960645672,1.0,1.0,25/25/25 Hz,1.0,2000,transition,307,40,0.03238239937480348,0.011783188083297728,0.06156469244330795,after_return,0.11245558254131822
0.8375014082948807,1.0,,24.95744680851064,held-out,stress,60,1.0,,24.595744680851062,0.85,,10.0,0.045446190597380684,,24.680851063829788,0.11354133131231373,0.010000000000005116,retrodiction,0,0.06715352571199841,1.0,1.0,25/25/25 Hz,1.0,4700,gps,307,13,0.022191605896131544,0.023342248151483544,0.04943925338977704,flight,0.7575605782178769
0.15905965307144554,1.0,,25.0,held-out,stress,25,1.0,,24.857142857142858,0.85,,10.0,0.04340915165496993,,25.0,0.059454268918603365,0.010000000000001563,retrodiction,0,0.058999523122042145,1.0,1.0,25/25/25 Hz,1.0,700,gps,307,18,0.059454268918603365,0.015545102902362993,0.03995734327034528,before_outage,0.10916051207320775
0.12318696380123396,1.0,,24.933333333333334,held-out,stress,40,1.0,,25.0,0.85,,10.0,0.04421748399734178,,24.733333333333334,0.06266528969504943,0.010000000000005116,retrodiction,0,0.06565632181247577,1.0,1.0,25/25/25 Hz,1.0,1500,gps,307,25,0.058882771142228736,0.017294487917041745,0.048534180768693376,outage_window,0.07013102841876791
0.0894967065475225,1.0,,24.95,held-out,stress,60,1.0,,24.85,0.85,,10.0,0.0381341751740718,,24.65,0.06821110395225442,0.010000000000005116,retrodiction,0,0.06767115089225831,1.0,1.0,25/25/25 Hz,1.0,2000,gps,307,40,0.022191605896131544,0.016443579906294966,0.05590321410148077,after_return,0.054944548602909336
0.5412744954005707,1.0,,24.93617021276596,held-out,stress,60,1.0,,24.595744680851062,0.85,,10.0,0.07821256140042986,,24.638297872340427,0.17197510923369252,0.010000000000005116,horizon,0,0.09360628627875388,1.0,1.0,25/25/25 Hz,1.0,4700,gps,307,13,0.02916071497394412,0.018451038353148583,0.051428903061255506,flight,0.30755695523736715
0.35213682739045077,1.0,,25.0,held-out,stress,25,1.0,,25.0,0.85,,10.0,0.10458668720897508,,24.857142857142858,0.1312385700661215,0.010000000000001563,horizon,0,0.11212361470329026,1.0,1.0,25/25/25 Hz,1.0,700,gps,307,18,0.09422355745260005,0.011363683986472153,0.04041447553518284,before_outage,0.08619349820842223
0.1500454073596865,1.0,,24.933333333333334,held-out,stress,40,1.0,,25.0,0.85,,10.0,0.0648191120833698,,24.733333333333334,0.09603027890745781,0.010000000000005116,horizon,0,0.0811616460973029,1.0,1.0,25/25/25 Hz,1.0,1500,gps,307,25,0.04561177517794304,0.01513026591872359,0.04884358203436135,outage_window,0.06345346170213562
0.052170179213042574,1.0,,24.95,held-out,stress,60,1.0,,24.9,0.85,,10.0,0.04142385188252924,,24.55,0.07436057719979731,0.010000000000005116,horizon,0,0.07260882505548602,1.0,1.0,25/25/25 Hz,1.0,2000,gps,307,40,0.02916071497394412,0.01166377456457012,0.059633094596477663,after_return,0.04888031836317004
1.820871901101762,1.0,,24.95744680851064,held-out,stress,60,1.0,,24.46808510638298,0.85,,0.0,0.18315049145596474,,24.595744680851062,0.5430908018810202,0.010000000000005116,retrodiction,0,0.18962486665824788,1.0,1.0,25/25/25 Hz,1.0,4700,denied,307,13,0.09957723267070204,0.08889347695019188,0.04912725856993115,flight,1.683419989924936
1.72453996310609,1.0,,25.0,held-out,stress,25,1.0,,24.857142857142858,0.85,,0.0,0.23652490779495072,,25.0,0.34181231685009916,0.010000000000001563,retrodiction,0,0.23930587463400718,1.0,1.0,25/25/25 Hz,1.0,700,denied,307,18,0.1778991715791352,0.10002839622940715,0.03637677317928612,before_outage,1.6218952546321967
0.8130322219547725,1.0,,24.933333333333334,held-out,stress,40,1.0,,25.0,0.85,,0.0,0.14855461192864847,,24.466666666666665,0.21434737605384938,0.010000000000005116,retrodiction,0,0.15637079859095496,1.0,1.0,25/25/25 Hz,1.0,1500,denied,307,25,0.09414532681053318,0.05043267217424522,0.0488196059662678,outage_window,0.7707031961991065
0.3261369599639556,1.0,,24.95,held-out,stress,60,1.0,,24.85,0.85,,0.0,0.09309450914024729,,24.65,0.1389445965727584,0.010000000000005116,retrodiction,0,0.1084262335049342,1.0,1.0,25/25/25 Hz,1.0,2000,denied,307,40,0.09957723267070204,0.035866825299636834,0.05558471444563629,after_return,0.3049712911658362
1.1134930843513122,1.0,,24.93617021276596,held-out,stress,60,1.0,,24.595744680851062,0.85,,0.0,0.3651445382603738,,24.680851063829788,0.5589354713424414,0.010000000000005116,horizon,0,0.3690471376108992,1.0,1.0,25/25/25 Hz,1.0,4700,denied,307,13,0.39275398134568223,0.05660142883724779,0.053528085687949,flight,0.9010870721675809
1.0440086213846205,1.0,,25.0,held-out,stress,25,1.0,,25.0,0.85,,0.0,0.32561474465531764,,24.857142857142858,0.45639184960726753,0.010000000000001563,horizon,0,0.32955087579428327,1.0,1.0,25/25/25 Hz,1.0,700,denied,307,18,0.3189033675513154,0.05198055400680194,0.05078206179185161,before_outage,0.840944236420885
0.41012990220241724,1.0,,24.933333333333334,held-out,stress,40,1.0,,25.0,0.85,,0.0,0.3415886136509964,,24.733333333333334,0.3761378086438179,0.010000000000005116,horizon,0,0.3454068687614561,1.0,1.0,25/25/25 Hz,1.0,1500,denied,307,25,0.3663581256920704,0.030880328066608412,0.05121644278534085,outage_window,0.2947452943906984
0.17771118309269346,1.0,,24.95,held-out,stress,60,1.0,,24.9,0.85,,0.0,0.38033847466135384,,24.6,0.40989418110262554,0.010000000000005116,horizon,0,0.38473587962477124,1.0,1.0,25/25/25 Hz,1.0,2000,denied,307,40,0.39275398134568223,0.041506050452742596,0.05800294615725275,after_return,0.1512224338274244
0.8373118033092019,1.0,,24.95744680851064,held-out,stress,60,1.0,,24.595744680851062,0.85,,6.808510638297872,0.050686926613561216,,24.659574468085108,0.11354133131231373,0.010000000000005116,retrodiction,0,0.07019575364253476,1.0,1.0,25/25/25 Hz,1.0,4700,transition,307,13,0.02232489184837048,0.02238775249014764,0.04856211795128886,flight,0.7579835444583575
0.15905965307144554,1.0,,25.0,held-out,stress,25,1.0,,24.857142857142858,0.85,,10.0,0.04340915165496993,,25.0,0.059454268918603365,0.010000000000001563,retrodiction,0,0.058999523122042145,1.0,1.0,25/25/25 Hz,1.0,700,transition,307,18,0.059454268918603365,0.015545102902362993,0.03995734327034528,before_outage,0.10916051207320775
0.1319412364695902,1.0,,24.933333333333334,held-out,stress,40,1.0,,25.0,0.85,,0.06666666666666667,0.059852523779535406,,24.666666666666668,0.08835961903877118,0.010000000000005116,retrodiction,0,0.07524052031206314,1.0,1.0,25/25/25 Hz,1.0,1500,transition,307,25,0.08835817090313688,0.01581442918233139,0.04559398309042693,outage_window,0.092557951800418
0.07475503135363536,1.0,,24.95,held-out,stress,60,1.0,,24.85,0.85,,9.95,0.03765382800252511,,24.65,0.08740671705204342,0.010000000000005116,retrodiction,0,0.06744286136102641,1.0,1.0,25/25/25 Hz,1.0,2000,transition,307,40,0.02232489184837048,0.01430273825756768,0.05595291578924983,after_return,0.042294796961516466
0.5568313266649763,1.0,,24.93617021276596,held-out,stress,60,1.0,,24.595744680851062,0.85,,6.808510638297872,0.09624689770015939,,24.638297872340427,0.17197510923369252,0.010000000000005116,horizon,0,0.10857735392937964,1.0,1.0,25/25/25 Hz,1.0,4700,transition,307,13,0.032382257892157214,0.02031007594095585,0.05025511386317641,flight,0.32830773477142094
0.35213682739045077,1.0,,25.0,held-out,stress,25,1.0,,25.0,0.85,,10.0,0.10458668720897508,,24.857142857142858,0.1312385700661215,0.010000000000001563,horizon,0,0.11212361470329026,1.0,1.0,25/25/25 Hz,1.0,700,transition,307,18,0.09422355745260005,0.011363683986472153,0.04041447553518284,before_outage,0.08619349820842223
0.2454822496586144,1.0,,24.933333333333334,held-out,stress,40,1.0,,25.0,0.85,,0.13333333333333333,0.1106762082477229,,24.733333333333334,0.13934986417846343,0.010000000000005116,horizon,0,0.1192389569152884,1.0,1.0,25/25/25 Hz,1.0,1500,transition,307,25,0.13825977594473687,0.021232798184901994,0.044370100001607786,outage_window,0.17791455497576428
0.12064806273421295,1.0,,24.95,held-out,stress,60,1.0,,24.9,0.85,,9.9,0.055442478984818765,,24.55,0.13830991837481676,0.010000000000005116,horizon,0,0.08162249128993222,1.0,1.0,25/25/25 Hz,1.0,2000,transition,307,40,0.032382257892157214,0.01178773616447939,0.05990294323648038,after_return,0.11258937343675116
0.16604694389638278,1.0,,25.0,held-out,zero,60,1.0,,24.680851063829788,0.85,,10.0,0.02441577173790152,,24.638297872340427,0.05675020721345869,0.010000000000005116,retrodiction,0,0.05582751140066346,1.0,1.0,25/25/25 Hz,1.0,4700,gps,911,13,0.028246053081384104,0.011336559368780025,0.050205389348494237,flight,0.12343677952669342
0.08381003309910101,1.0,,25.0,held-out,zero,25,1.0,,25.0,0.85,,10.0,0.028334788672974422,,24.857142857142858,0.04940398232432957,0.010000000000001563,retrodiction,0,0.04696158327721633,1.0,1.0,25/25/25 Hz,1.0,700,gps,911,18,0.048111871549993586,0.014001120467411424,0.037450367885520225,before_outage,0.0601872895631811
0.07310291576470575,1.0,,25.0,held-out,zero,40,1.0,,25.0,0.85,,10.0,0.03189178110167126,,24.8,0.05675020721345869,0.010000000000005116,retrodiction,0,0.06142029655304338,1.0,1.0,25/25/25 Hz,1.0,1500,gps,911,25,0.017846114767565747,0.011241256313819592,0.05249159101062643,outage_window,0.05952440896290626
0.035856084232578085,1.0,,25.0,held-out,zero,60,1.0,,25.0,0.85,,10.0,0.0163981191185269,,24.5,0.03305195688409211,0.010000000000005116,retrodiction,0,0.057508491910273414,1.0,1.0,25/25/25 Hz,1.0,2000,gps,911,40,0.028246053081384104,0.009306619114050096,0.055121033473335614,after_return,0.02296180864160192
0.4364943726111668,1.0,,25.0,held-out,zero,60,1.0,,24.638297872340427,0.85,,10.0,0.02552657146784142,,24.638297872340427,0.059000471993285154,0.010000000000005116,horizon,0,0.05103269220130274,1.0,1.0,25/25/25 Hz,1.0,4700,gps,911,13,0.029828897938498997,0.013607935155114296,0.04418970267392722,flight,0.3972901261317936
0.08611785103564923,1.0,,25.0,held-out,zero,25,1.0,,25.0,0.85,,10.0,0.02718066354387302,,24.857142857142858,0.051549142784616926,0.010000000000001563,horizon,0,0.038795175310686845,1.0,1.0,25/25/25 Hz,1.0,700,gps,911,18,0.0506935739894734,0.016446367846733815,0.027681711592705004,before_outage,0.054975243021653825
0.06952394563981544,1.0,,25.0,held-out,zero,40,1.0,,25.0,0.85,,10.0,0.03176663805017228,,24.8,0.059000471993285154,0.010000000000005116,horizon,0,0.053623748598911745,1.0,1.0,25/25/25 Hz,1.0,1500,gps,911,25,0.019068523354120622,0.012503729561457861,0.04320170275334799,outage_window,0.0552737610647973
0.03727178762179529,1.0,,25.0,held-out,zero,60,1.0,,25.0,0.85,,10.0,0.01673205970525273,,24.5,0.03606837118835105,0.010000000000005116,horizon,0,0.05436794363648152,1.0,1.0,25/25/25 Hz,1.0,2000,gps,911,40,0.029828897938498997,0.0097172035576703,0.05172921295824526,after_return,0.022762351158343002
0.5964254268182524,1.0,,25.0,held-out,zero,60,1.0,,24.70212765957447,0.85,,0.0,0.15445989918802183,,24.638297872340427,0.25332830102848514,0.010000000000005116,retrodiction,0,0.16329745987670874,1.0,1.0,25/25/25 Hz,1.0,4700,denied,911,13,0.14139033256713385,0.03420190192159934,0.05299245177392181,flight,0.5368138794822684
0.19113694158473185,1.0,,25.0,held-out,zero,25,1.0,,25.0,0.85,,0.0,0.12591215306971598,,24.857142857142858,0.13523509548933813,0.010000000000001563,retrodiction,0,0.13139563649484684,1.0,1.0,25/25/25 Hz,1.0,700,denied,911,18,0.13194432001593384,0.014813377964921253,0.03756252120444447,before_outage,0.13522191479587387
0.15966067773878573,1.0,,25.0,held-out,zero,40,1.0,,25.0,0.85,,0.0,0.15129029138320385,,24.8,0.1763968463620536,0.010000000000005116,retrodiction,0,0.16117766177724238,1.0,1.0,25/25/25 Hz,1.0,1500,denied,911,25,0.17087271935097792,0.02220547314753113,0.055583148427958064,outage_window,0.14478844250205317
0.09168882115657337,1.0,,25.0,held-out,zero,60,1.0,,25.0,0.85,,0.0,0.16913567594192824,,24.5,0.19436049485018894,0.010000000000005116,retrodiction,0,0.1788378825308159,1.0,1.0,25/25/25 Hz,1.0,2000,denied,911,40,0.14139033256713385,0.031938685035148,0.05810431439895785,after_return,0.07517796834346055
0.9823391249007191,1.0,,25.0,held-out,zero,60,1.0,,24.659574468085108,0.85,,0.0,0.1389906276080975,,24.638297872340427,0.4517694010971654,0.010000000000005116,horizon,0,0.1472333764455005,1.0,1.0,25/25/25 Hz,1.0,4700,denied,911,13,0.07976152487479195,0.050616593297241774,0.048572343742603385,flight,0.910202839909222
0.7543295813844568,1.0,,25.0,held-out,zero,25,1.0,,25.0,0.85,,0.0,0.12897622203918327,,24.857142857142858,0.23598127877256234,0.010000000000001563,horizon,0,0.13251028061020165,1.0,1.0,25/25/25 Hz,1.0,700,denied,911,18,0.10070714812571482,0.041088972860228834,0.030399154854924514,before_outage,0.6824496061515494
0.44802848890951663,1.0,,25.0,held-out,zero,40,1.0,,25.0,0.85,,0.0,0.10166616362255802,,24.8,0.1327651785824262,0.010000000000005116,horizon,0,0.11248108469619164,1.0,1.0,25/25/25 Hz,1.0,1500,denied,911,25,0.10420261704559411,0.03001601946980148,0.048124687933565814,outage_window,0.4147522817411217
0.12064607097953232,1.0,,25.0,held-out,zero,60,1.0,,25.0,0.85,,0.0,0.09703462308067866,,24.5,0.12265496962823363,0.010000000000005116,horizon,0,0.11157166901602031,1.0,1.0,25/25/25 Hz,1.0,2000,denied,911,40,0.07976152487479195,0.034293797258565205,0.05506831439776424,after_return,0.10470860905341686
0.18139320871576425,1.0,,25.0,held-out,zero,60,1.0,,24.680851063829788,0.85,,6.808510638297872,0.030253253578963246,,24.638297872340427,0.06511532641783431,0.010000000000005116,retrodiction,0,0.05934106710866834,1.0,1.0,25/25/25 Hz,1.0,4700,transition,911,13,0.032259258073903375,0.013626881773596613,0.05105000385389238,flight,0.14292876555747402
0.08381003309910101,1.0,,25.0,held-out,zero,25,1.0,,25.0,0.85,,10.0,0.028334788672974422,,24.857142857142858,0.04940398232432957,0.010000000000001563,retrodiction,0,0.04696158327721633,1.0,1.0,25/25/25 Hz,1.0,700,transition,911,18,0.048111871549993586,0.014001120467411424,0.037450367885520225,before_outage,0.0601872895631811
0.13583076260264826,1.0,,25.0,held-out,zero,40,1.0,,25.0,0.85,,0.0,0.04052418815479657,,24.8,0.06511532641783431,0.010000000000005116,retrodiction,0,0.06836066962374902,1.0,1.0,25/25/25 Hz,1.0,1500,transition,911,25,0.02899434963995193,0.01618338108166344,0.05505425801699637,outage_window,0.12695879378072722
0.06313615551415201,1.0,,25.0,held-out,zero,60,1.0,,25.0,0.85,,10.0,0.023452279373337305,,24.5,0.046306719216971125,0.010000000000005116,retrodiction,0,0.05985491423673031,1.0,1.0,25/25/25 Hz,1.0,2000,transition,911,40,0.032259258073903375,0.010923408196840182,0.05506905982928416,after_return,0.057418588464568446
0.44225684475352417,1.0,,25.0,held-out,zero,60,1.0,,24.638297872340427,0.85,,6.808510638297872,0.030323581329009967,,24.638297872340427,0.06434886805684956,0.010000000000005116,horizon,0,0.054792655988372845,1.0,1.0,25/25/25 Hz,1.0,4700,transition,911,13,0.03375084641828269,0.015952102601593774,0.04563677865102979,flight,0.40351069590440763
0.08611785103564923,1.0,,25.0,held-out,zero,25,1.0,,25.0,0.85,,10.0,0.02718066354387302,,24.857142857142858,0.051549142784616926,0.010000000000001563,horizon,0,0.038795175310686845,1.0,1.0,25/25/25 Hz,1.0,700,transition,911,18,0.0506935739894734,0.016446367846733815,0.027681711592705004,before_outage,0.054975243021653825
0.13082261946890694,1.0,,25.0,held-out,zero,40,1.0,,25.0,0.85,,0.13333333333333333,0.039051201860983265,,24.8,0.06434886805684956,0.010000000000005116,horizon,0,0.061569217135627595,1.0,1.0,25/25/25 Hz,1.0,1500,transition,911,25,0.03186943792667125,0.017628282860388946,0.04760012743582517,outage_window,0.12200826772989548
0.06386183293476698,1.0,,25.0,held-out,zero,60,1.0,,25.0,0.85,,9.9,0.022861567988137,,24.5,0.044739292895672744,0.010000000000005116,horizon,0,0.05660821938918964,1.0,1.0,25/25/25 Hz,1.0,2000,transition,911,40,0.03375084641828269,0.01189345875123784,0.05178647711071314,after_return,0.05789111280322184
0.7391921082135352,1.0,,25.0,held-out,nominal,60,1.0,,24.70212765957447,0.85,,10.0,0.02366376668299576,,24.680851063829788,0.05445164476740332,0.010000000000005116,retrodiction,0,0.055472137232237616,1.0,1.0,25/25/25 Hz,1.0,4700,gps,911,13,0.023445207502770557,0.017377994337416075,0.05017154727019033,flight,0.6788083356131754
0.1533010118603414,1.0,,25.0,held-out,nominal,25,1.0,,25.0,0.85,,10.0,0.021149586869711978,,24.857142857142858,0.044820373818301465,0.010000000000001563,retrodiction,0,0.04252933964756782,1.0,1.0,25/25/25 Hz,1.0,700,gps,911,18,0.040796755381674994,0.017322458555372358,0.036897692422408895,before_outage,0.09386986403201654
0.12143530920186114,1.0,,25.0,held-out,nominal,40,1.0,,25.0,0.85,,10.0,0.031543533967386746,,24.8,0.05445164476740332,0.010000000000005116,retrodiction,0,0.06130636291448104,1.0,1.0,25/25/25 Hz,1.0,1500,gps,911,25,0.018180149539186126,0.010280229349217468,0.0525687701839255,outage_window,0.09770053097038002
0.03010514817553771,1.0,,25.0,held-out,nominal,60,1.0,,25.0,0.85,,10.0,0.01718742361686216,,24.6,0.032018277335192934,0.010000000000005116,retrodiction,0,0.05746505827173636,1.0,1.0,25/25/25 Hz,1.0,2000,gps,911,40,0.023445207502770557,0.010597158528466672,0.05483452736723993,after_return,0.02336303325374176
0.4391021745573014,1.0,,25.0,held-out,nominal,60,1.0,,24.638297872340427,0.85,,10.0,0.0255527343127564,,24.638297872340427,0.05900629957785612,0.010000000000005116,horizon,0,0.04923063704189494,1.0,1.0,25/25/25 Hz,1.0,4700,gps,911,13,0.029830979839488472,0.013644950509075982,0.04207984544520666,flight,0.3996952765455815
0.08609331297717537,1.0,,25.0,held-out,nominal,25,1.0,,25.0,0.85,,10.0,0.02720143488183937,,24.857142857142858,0.051556676198038075,0.010000000000001563,horizon,0,0.03787882960280509,1.0,1.0,25/25/25 Hz,1.0,700,gps,911,18,0.05070248318178651,0.016461307161471796,0.026360722153374254,before_outage,0.05485574360896926
0.06941644999694487,1.0,,25.0,held-out,nominal,40,1.0,,25.0,0.85,,10.0,0.031770709263955636,,24.8,0.05900629957785612,0.010000000000005116,horizon,0,0.05184481593641294,1.0,1.0,25/25/25 Hz,1.0,1500,gps,911,25,0.019072154121512905,0.012511038293550653,0.04096958594305953,outage_window,0.05517768017547169
0.037269513557264274,1.0,,25.0,held-out,nominal,60,1.0,,25.0,0.85,,10.0,0.016732391570221234,,24.5,0.03606853727909017,0.010000000000005116,horizon,0,0.05197821203683227,1.0,1.0,25/25/25 Hz,1.0,2000,gps,911,40,0.029830979839488472,0.009717887263078411,0.049211397042623006,after_return,0.022763905302689385
1.3422512369041735,1.0,,25.0,held-out,nominal,60,1.0,,24.659574468085108,0.85,,0.0,0.11242312401912528,,24.638297872340427,0.4542935002289267,0.010000000000005116,retrodiction,0,0.12477085429747652,1.0,1.0,25/25/25 Hz,1.0,4700,denied,911,13,0.052085463302382506,0.06043408522820155,0.05411845588985785,flight,1.2306870272472308
0.9451366556196109,1.0,,25.0,held-out,nominal,25,1.0,,25.0,0.85,,0.0,0.11208387645986508,,24.857142857142858,0.1996367655280195,0.010000000000001563,retrodiction,0,0.11856412481104518,1.0,1.0,25/25/25 Hz,1.0,700,denied,911,18,0.12387994816124928,0.049122635582175764,0.038660785428374395,before_outage,0.8644894719839982
0.587692217372737,1.0,,25.0,held-out,nominal,40,1.0,,25.0,0.85,,0.0,0.07555268235048063,,24.8,0.13217431966540838,0.010000000000005116,retrodiction,0,0.09440265497534533,1.0,1.0,25/25/25 Hz,1.0,1500,denied,911,25,0.0648911364973769,0.039922099132760215,0.05660082557738417,outage_window,0.5501355890387386
0.1504502724215578,1.0,,25.0,held-out,nominal,60,1.0,,25.0,0.85,,0.0,0.04572926757074834,,24.5,0.07088684289922476,0.010000000000005116,retrodiction,0,0.07418879336010338,1.0,1.0,25/25/25 Hz,1.0,2000,denied,911,40,0.052085463302382506,0.028805353825256143,0.058419270345246736,after_return,0.13923948363717528
0.9578040075476669,1.0,,25.0,held-out,nominal,60,1.0,,24.659574468085108,0.85,,0.0,0.13379479395905114,,24.638297872340427,0.4406534570367806,0.010000000000005116,horizon,0,0.14154853047001034,1.0,1.0,25/25/25 Hz,1.0,4700,denied,911,13,0.07461851598387509,0.04967827915236405,0.04620540647667218,flight,0.8873180815684645
0.7350053321707458,1.0,,25.0,held-out,nominal,25,1.0,,25.0,0.85,,0.0,0.1228129320944881,,24.857142857142858,0.22740424771252815,0.010000000000001563,horizon,0,0.12607043676337834,1.0,1.0,25/25/25 Hz,1.0,700,denied,911,18,0.09337049665877807,0.04010577662219529,0.02847347425348077,before_outage,0.6640229839691005
0.43672088026149375,1.0,,25.0,held-out,nominal,40,1.0,,25.0,0.85,,0.0,0.09650768068294258,,24.8,0.12718461380943247,0.010000000000005116,horizon,0,0.10677587607782871,1.0,1.0,25/25/25 Hz,1.0,1500,denied,911,25,0.0997050373294579,0.02941382124217472,0.04568758344875579,outage_window,0.4038093295008766
0.11793026554422135,1.0,,25.0,held-out,nominal,60,1.0,,25.0,0.85,,0.0,0.09335356372131645,,24.5,0.11868314168194478,0.010000000000005116,horizon,0,0.107054243833058,1.0,1.0,25/25/25 Hz,1.0,2000,denied,911,40,0.07461851598387509,0.034272725226740686,0.052399649456823134,after_return,0.10162781567828555
0.750486761808302,1.0,,25.0,held-out,nominal,60,1.0,,24.70212765957447,0.85,,6.808510638297872,0.027202734841339032,,24.638297872340427,0.06232583740802358,0.010000000000005116,retrodiction,0,0.057872717399890104,1.0,1.0,25/25/25 Hz,1.0,4700,transition,911,13,0.02823713262643576,0.01936620088244288,0.05108094200775219,flight,0.6900785364183692
0.1533010118603414,1.0,,25.0,held-out,nominal,25,1.0,,25.0,0.85,,10.0,0.021149586869711978,,24.857142857142858,0.044820373818301465,0.010000000000001563,retrodiction,0,0.04252933964756782,1.0,1.0,25/25/25 Hz,1.0,700,transition,911,18,0.040796755381674994,0.017322458555372358,0.036897692422408895,before_outage,0.09386986403201654
0.23013467588299755,1.0,,25.0,held-out,nominal,40,1.0,,25.0,0.85,,0.06666666666666667,0.03600940401062955,,24.8,0.06232583740802358,0.010000000000005116,retrodiction,0,0.06594798447493307,1.0,1.0,25/25/25 Hz,1.0,1500,transition,911,25,0.017781269435730364,0.01714939509496584,0.05524906767634426,outage_window,0.2104081383504198
0.10855620615494517,1.0,,25.0,held-out,nominal,60,1.0,,25.0,0.85,,9.95,0.0221851444150784,,24.5,0.0487022834955003,0.010000000000005116,retrodiction,0,0.05914940865396829,1.0,1.0,25/25/25 Hz,1.0,2000,transition,911,40,0.02823713262643576,0.011944252071389602,0.0548313041190546,after_return,0.1037117083700473
0.4448147738190556,1.0,,25.0,held-out,nominal,60,1.0,,24.638297872340427,0.85,,6.808510638297872,0.030345203222852175,,24.638297872340427,0.06434734315572488,0.010000000000005116,horizon,0,0.05298134077143802,1.0,1.0,25/25/25 Hz,1.0,4700,transition,911,13,0.033747535731353986,0.015989752810649915,0.043430301763895715,flight,0.40586306916404397
0.08609331297717537,1.0,,25.0,held-out,nominal,25,1.0,,25.0,0.85,,10.0,0.02720143488183937,,24.857142857142858,0.051556676198038075,0.010000000000001563,horizon,0,0.03787882960280509,1.0,1.0,25/25/25 Hz,1.0,700,transition,911,18,0.05070248318178651,0.016461307161471796,0.026360722153374254,before_outage,0.05485574360896926
0.13062879111610382,1.0,,25.0,held-out,nominal,40,1.0,,25.0,0.85,,0.13333333333333333,0.039054786359732356,,24.8,0.06434734315572488,0.010000000000005116,horizon,0,0.05963447765166781,1.0,1.0,25/25/25 Hz,1.0,1500,transition,911,25,0.031879456137990786,0.01765039119371983,0.045066557303425465,outage_window,0.12182705854092003
0.06380695305327501,1.0,,25.0,held-out,nominal,60,1.0,,25.0,0.85,,9.9,0.022860196851406882,,24.5,0.044738989952848585,0.010000000000005116,horizon,0,0.054326394382276925,1.0,1.0,25/25/25 Hz,1.0,2000,transition,911,40,0.033747535731353986,0.011894340400804693,0.049282537744049025,after_return,0.057846936440062426
0.33230689364886346,1.0,,25.0,held-out,stress,60,1.0,,24.659574468085108,0.85,,10.0,0.03374605702753584,,24.659574468085108,0.09812574913969367,0.010000000000005116,retrodiction,0,0.060288848467811414,1.0,1.0,25/25/25 Hz,1.0,4700,gps,911,13,0.025976175369783094,0.019184585734407452,0.04995947242184434,flight,0.2855811369309296
0.14556858146119164,1.0,,25.0,held-out,stress,25,1.0,,25.0,0.85,,10.0,0.031809030424769826,,24.857142857142858,0.049792787960882254,0.010000000000001563,retrodiction,0,0.048195121534544874,1.0,1.0,25/25/25 Hz,1.0,700,gps,911,18,0.039095773733884835,0.019816707997237455,0.03620711702366841,before_outage,0.12285841876570786
0.07800033976619,1.0,,25.0,held-out,stress,40,1.0,,25.0,0.85,,10.0,0.037652379384965934,,24.8,0.06273422776839234,0.010000000000005116,retrodiction,0,0.06461766687634408,1.0,1.0,25/25/25 Hz,1.0,1500,gps,911,25,0.015126159075519844,0.0152924405622644,0.05251419997669934,outage_window,0.051380006273657235
0.07286211129615544,1.0,,25.0,held-out,stress,60,1.0,,24.95,0.85,,10.0,0.02119540247903931,,24.55,0.04091514499258893,0.010000000000005116,retrodiction,0,0.05880827331622269,1.0,1.0,25/25/25 Hz,1.0,2000,gps,911,40,0.025976175369783094,0.014870335568278069,0.054855883223106375,after_return,0.06220251485555179
0.43570576874255823,1.0,,25.0,held-out,stress,60,1.0,,24.638297872340427,0.85,,10.0,0.02551864858668191,,24.638297872340427,0.058999054219667356,0.010000000000005116,horizon,0,0.05330337719648017,1.0,1.0,25/25/25 Hz,1.0,4700,gps,911,13,0.029827547188431492,0.013596594057696943,0.04679795502860867,flight,0.3965267229021046
0.08610528033049039,1.0,,25.0,held-out,stress,25,1.0,,25.0,0.85,,10.0,0.027176107839051195,,24.857142857142858,0.05154958925133802,0.010000000000001563,horizon,0,0.04023080746751578,1.0,1.0,25/25/25 Hz,1.0,700,gps,911,18,0.050693289632856964,0.016445015324613742,0.029664406823811322,before_outage,0.05493409132386052
0.06950532193228132,1.0,,25.0,held-out,stress,40,1.0,,25.0,0.85,,10.0,0.03176602066583426,,24.8,0.058999054219667356,0.010000000000005116,horizon,0,0.055855116967182705,1.0,1.0,25/25/25 Hz,1.0,1500,gps,911,25,0.01906259572027687,0.012503703238902994,0.04594250779480209,outage_window,0.05524266930451504
0.03729523163749073,1.0,,25.0,held-out,stress,60,1.0,,25.0,0.85,,10.0,0.01673197003349428,,24.5,0.0360687995895767,0.010000000000005116,horizon,0,0.05721192644022036,1.0,1.0,25/25/25 Hz,1.0,2000,gps,911,40,0.029827547188431492,0.009717267292340064,0.05471056301848333,after_return,0.022787542799631813
0.2538062682840582,1.0,,25.0,held-out,stress,60,1.0,,24.659574468085108,0.85,,0.0,0.08356435881939128,,24.638297872340427,0.20296357668742165,0.010000000000005116,retrodiction,0,0.09931068290426118,1.0,1.0,25/25/25 Hz,1.0,4700,denied,911,13,0.09416531777251862,0.02498749648045071,0.0536619946891162,flight,0.22013220401842026
0.16146287445976318,1.0,,25.0,held-out,stress,25,1.0,,25.0,0.85,,0.0,0.06706328738969873,,24.857142857142858,0.09044773017925878,0.010000000000001563,retrodiction,0,0.07610389722126695,1.0,1.0,25/25/25 Hz,1.0,700,denied,911,18,0.08544789160826034,0.015244796756929102,0.03597664043170011,before_outage,0.1322151532188753
0.13629582736250756,1.0,,25.0,held-out,stress,40,1.0,,25.0,0.85,,0.0,0.08332085216883334,,24.8,0.11772187950507995,0.010000000000005116,retrodiction,0,0.10108073931631148,1.0,1.0,25/25/25 Hz,1.0,1500,denied,911,25,0.05871131754029018,0.02458311128302016,0.05722719156652315,outage_window,0.10796111316798158
0.10430970175879307,1.0,,25.0,held-out,stress,60,1.0,,24.95,0.85,,0.0,0.08053547300420791,,24.5,0.10394031099212148,0.010000000000005116,retrodiction,0,0.09957504579753536,1.0,1.0,25/25/25 Hz,1.0,2000,denied,911,40,0.09416531777251862,0.024728551166156933,0.058559604964256384,after_return,0.08619088074717642
0.9648574839912271,1.0,,25.0,held-out,stress,60,1.0,,24.659574468085108,0.85,,0.0,0.13924042615426688,,24.638297872340427,0.4471216170683444,0.010000000000005116,horizon,0,0.14840936298906884,1.0,1.0,25/25/25 Hz,1.0,4700,denied,911,13,0.08092003854313115,0.04997304143838786,0.05135603905286458,flight,0.8939138780899515
0.7417270858648799,1.0,,25.0,held-out,stress,25,1.0,,25.0,0.85,,0.0,0.12888114963768493,,24.857142857142858,0.2326270982577313,0.010000000000001563,horizon,0,0.1329950018267621,1.0,1.0,25/25/25 Hz,1.0,700,denied,911,18,0.09941477298273088,0.04048830348981382,0.03282254985477381,before_outage,0.6705549878875298
0.44073764567273,1.0,,25.0,held-out,stress,40,1.0,,25.0,0.85,,0.0,0.10253857276921118,,24.8,0.13372551759476511,0.010000000000005116,horizon,0,0.11452034428503789,1.0,1.0,25/25/25 Hz,1.0,1500,denied,911,25,0.1059125893581747,0.029642002363031772,0.05099755238849011,outage_window,0.4077788624145718
0.11873064890272517,1.0,,25.0,held-out,stress,60,1.0,,25.0,0.85,,0.0,0.0992096628493629,,24.5,0.12475853330194907,0.010000000000005116,horizon,0,0.11502470581700693,1.0,1.0,25/25/25 Hz,1.0,2000,denied,911,40,0.08092003854313115,0.034280134785714844,0.058207609000926426,after_return,0.10257620757488262
0.331155021141812,1.0,,25.0,held-out,stress,60,1.0,,24.659574468085108,0.85,,6.808510638297872,0.035294134800875614,,24.638297872340427,0.09812574913969367,0.010000000000005116,retrodiction,0,0.06234926921393348,1.0,1.0,25/25/25 Hz,1.0,4700,transition,911,13,0.030984938169309247,0.019585350345634227,0.05139800988529784,flight,0.28446970979936137
0.14556858146119164,1.0,,25.0,held-out,stress,25,1.0,,25.0,0.85,,10.0,0.031809030424769826,,24.857142857142858,0.049792787960882254,0.010000000000001563,retrodiction,0,0.048195121534544874,1.0,1.0,25/25/25 Hz,1.0,700,transition,911,18,0.039095773733884835,0.019816707997237455,0.03620711702366841,before_outage,0.12285841876570786
0.08295272790150299,1.0,,25.0,held-out,stress,40,1.0,,25.0,0.85,,0.06666666666666667,0.038988288731680934,,24.8,0.0641130293878932,0.010000000000005116,retrodiction,0,0.06868949547641551,1.0,1.0,25/25/25 Hz,1.0,1500,transition,911,25,0.016113612948355237,0.018044296037841204,0.05655227785491569,outage_window,0.0593377943722699
0.05399199383796927,1.0,,25.0,held-out,stress,60,1.0,,24.95,0.85,,9.95,0.02497245233688566,,24.5,0.05901549988326033,0.010000000000005116,retrodiction,0,0.0603748495632937,1.0,1.0,25/25/25 Hz,1.0,2000,transition,911,40,0.030984938169309247,0.01374179290329324,0.05496816427781011,after_return,0.041466393744600816
0.4414640997128216,1.0,,25.0,held-out,stress,60,1.0,,24.638297872340427,0.85,,6.808510638297872,0.030315081400814257,,24.638297872340427,0.06434861370548088,0.010000000000005116,horizon,0,0.05706477523465656,1.0,1.0,25/25/25 Hz,1.0,4700,transition,911,13,0.033746253975489644,0.015943258605026284,0.04834650361964016,flight,0.4027444877014835
0.08610528033049039,1.0,,25.0,held-out,stress,25,1.0,,25.0,0.85,,10.0,0.027176107839051195,,24.857142857142858,0.05154958925133802,0.010000000000001563,horizon,0,0.04023080746751578,1.0,1.0,25/25/25 Hz,1.0,700,transition,911,18,0.050693289632856964,0.016445015324613742,0.029664406823811322,before_outage,0.05493409132386052
0.13070756345475013,1.0,,25.0,held-out,stress,40,1.0,,25.0,0.85,,0.13333333333333333,0.03904892115517582,,24.8,0.06434861370548088,0.010000000000005116,horizon,0,0.0639596241566259,1.0,1.0,25/25/25 Hz,1.0,1500,transition,911,25,0.03186839333038586,0.01763063635439532,0.05065585137843116,outage_window,0.12189127771589495
0.06380248556038645,1.0,,25.0,held-out,stress,60,1.0,,25.0,0.85,,9.9,0.022858075526879327,,24.5,0.04473342558369997,0.010000000000005116,horizon,0,0.059333806140733386,1.0,1.0,25/25/25 Hz,1.0,2000,transition,911,40,0.033746253975489644,0.011893486437786984,0.0547540768742713,after_return,0.05782493181754381
0.27315961924071275,1.0,1.0,,held-out,zero,60,1.0,1.0,,0.85,1.0,,0.037149137265274704,1.0,,0.09844419237695624,0.010000000000005116,px4,,0.17817049061071402,1.0,,100/50/50 Hz,1.0,4700,gps,101,13,0.059357971813810625,0.01681037884694111,0.17425459914994587,flight,0.2589149246445733
0.21878090638442874,1.0,1.0,,held-out,zero,25,1.0,1.0,,0.85,1.0,,0.0348957586042801,1.0,,0.05671775485362955,0.010000000000001563,px4,,0.19959919588020275,1.0,,100/50/50 Hz,1.0,700,gps,101,18,0.021584058209777095,0.016671871275232685,0.19652512568996197,before_outage,0.18849128540882856
0.17236814162871428,1.0,1.0,,held-out,zero,40,1.0,1.0,,0.85,1.0,,0.03515919194386445,1.0,,0.07322190600431927,0.010000000000005116,px4,,0.17954200852365446,1.0,,100/50/50 Hz,1.0,1500,gps,101,25,0.03784740063204146,0.01246065663867496,0.17606579465234723,outage_window,0.14530496555343161
0.11289998644107958,1.0,1.0,,held-out,zero,60,1.0,1.0,,0.85,1.0,,0.0369871573119203,1.0,,0.06549686818362359,0.010000000000005116,px4,,0.16628684981056976,1.0,,100/50/50 Hz,1.0,2000,gps,101,40,0.059357971813810625,0.013489606356081065,0.16212114795394908,after_return,0.08911623677826004
0.4092170617621147,1.0,,,held-out,zero,60,1.0,,,0.85,0.6323404255319149,,0.12438668859571045,,,0.3308033067364653,0.010000000000005116,ekf3,,0.13517577659744448,1.0,,100/50/50 Hz,1.0,4700,gps,101,13,0.08542032823275633,0.0675868461777448,0.05291920519920886,flight,0.38308888350477116
0.30571128336913744,1.0,,,held-out,zero,25,1.0,,,0.85,0.0,,0.20110102412997716,,,0.2547575163688996,0.010000000000001563,ekf3,,0.20361241729706522,1.0,,100/50/50 Hz,1.0,700,gps,101,18,0.12985232355364754,0.09042112696078927,0.031880943703544454,before_outage,0.23832996182040503
0.4852172652461432,1.0,,,held-out,zero,40,1.0,,,0.85,0.648,,0.13920147577464584,,,0.3308033067364653,0.010000000000005116,ekf3,,0.14757841562315036,1.0,,100/50/50 Hz,1.0,1500,gps,101,25,0.02876783958101402,0.0770738580743549,0.049013650139527465,outage_window,0.4497024511921316
0.40842917903608295,1.0,,,held-out,zero,60,1.0,,,0.85,1.0,,0.06053963092304954,,,0.11060273475530251,0.010000000000005116,ekf3,,0.07910358985089777,1.0,,100/50/50 Hz,1.0,2000,gps,101,40,0.08542032823275633,0.03841620052946178,0.05091493901597055,after_return,0.3974494050078982
0.27603655319675574,1.0,1.0,,held-out,zero,60,1.0,1.0,,0.85,0.0,,0.09816932391116462,1.0,,0.1600685783609775,0.010000000000005116,px4,,0.157063031357753,1.0,,100/50/50 Hz,1.0,4700,denied,101,13,0.14831003003231988,0.020258170348807326,0.12260334278522489,flight,0.25594610441176174
0.3479819037353923,1.0,1.0,,held-out,zero,25,1.0,1.0,,0.85,0.0,,0.058057445474931135,1.0,,0.09241011153288718,0.010000000000001563,px4,,0.11359484467672014,1.0,,100/50/50 Hz,1.0,700,denied,101,18,0.03843733008515736,0.02680463183607158,0.09763770666117456,before_outage,0.3244201554596389
0.2692421965420486,1.0,1.0,,held-out,zero,40,1.0,1.0,,0.85,0.0,,0.08892872917121193,1.0,,0.13381498725895158,0.010000000000005116,px4,,0.15317682922621956,1.0,,100/50/50 Hz,1.0,1500,denied,101,25,0.07401804670056586,0.02157468617678413,0.12471897265368917,outage_window,0.2472791590597411
0.14720481523057813,1.0,1.0,,held-out,zero,60,1.0,1.0,,0.85,0.0,,0.12314078066929018,1.0,,0.1600685783609775,0.010000000000005116,px4,,0.17985874515900072,1.0,,100/50/50 Hz,1.0,2000,denied,101,40,0.14831003003231988,0.016030765398828806,0.13109354044470733,after_return,0.12249419006258312
0.26529116951917564,1.0,,,held-out,zero,60,1.0,,,0.85,0.0,,0.21572244472653682,,,0.31590259024239864,0.010000000000005116,ekf3,,0.2245845501836505,1.0,,100/50/50 Hz,1.0,4700,denied,101,13,0.30078468650143103,0.09642688616396301,0.062466367129831564,flight,0.21390129778706804
0.3648912331129858,1.0,,,held-out,zero,25,1.0,,,0.85,0.0,,0.2164576546672092,,,0.270224375898101,0.010000000000001563,ekf3,,0.22073926851384826,1.0,,100/50/50 Hz,1.0,700,denied,101,18,0.14557884754322337,0.09453925988795742,0.04326555673974391,before_outage,0.3079805063168214
0.2949029676057744,1.0,,,held-out,zero,40,1.0,,,0.85,0.0,,0.22229584561605886,,,0.30446645877662165,0.010000000000005116,ekf3,,0.22851159978906688,1.0,,100/50/50 Hz,1.0,1500,denied,101,25,0.0808728240321739,0.10294893907046625,0.052934943657285585,outage_window,0.22986813397048805
0.1952946314190623,1.0,,,held-out,zero,60,1.0,,,0.85,0.0,,0.22515626222010376,,,0.31590259024239864,0.010000000000005116,ekf3,,0.23201142896833363,1.0,,100/50/50 Hz,1.0,2000,denied,101,40,0.30078468650143103,0.09254102571145939,0.055981789494441846,after_return,0.14674050272978148
0.28664449694016764,1.0,1.0,,held-out,zero,60,1.0,1.0,,0.85,0.8004255319148936,,0.04055883210505237,1.0,,0.10228264602412979,0.010000000000005116,px4,,0.1838455731191728,1.0,,100/50/50 Hz,1.0,4700,transition,101,13,0.059021757034987854,0.017035210779822344,0.17931585510989062,flight,0.2727113758056389
0.21878090638442874,1.0,1.0,,held-out,zero,25,1.0,1.0,,0.85,1.0,,0.0348957586042801,1.0,,0.05671775485362955,0.010000000000001563,px4,,0.19959919588020275,1.0,,100/50/50 Hz,1.0,700,transition,101,18,0.021584058209777095,0.016671871275232685,0.19652512568996197,before_outage,0.18849128540882856
0.17848186631829363,1.0,1.0,,held-out,zero,40,1.0,1.0,,0.85,0.46066666666666667,,0.03557867590042688,1.0,,0.052188576897201536,0.010000000000005116,px4,,0.17668613029764613,1.0,,100/50/50 Hz,1.0,1500,transition,101,25,0.05213905746454017,0.012456954473537203,0.17306688435610426,outage_window,0.15093531512392383
0.16993395267272618,1.0,1.0,,held-out,zero,60,1.0,1.0,,0.85,0.9355,,0.04436723838158542,1.0,,0.10228264602412979,0.010000000000005116,px4,,0.18232479667276383,1.0,,100/50/50 Hz,1.0,2000,transition,101,40,0.059021757034987854,0.0141393477364883,0.17684422422051632,after_return,0.15468341438708516
0.38679803144615893,1.0,,,held-out,zero,60,1.0,,,0.85,0.4238297872340426,,0.14979302791753377,,,0.27575262133602557,0.010000000000005116,ekf3,,0.1601367729511042,1.0,,100/50/50 Hz,1.0,4700,transition,101,13,0.08586550506565381,0.07806799781510414,0.056620092180165525,flight,0.35555334975155906
0.30571128336913744,1.0,,,held-out,zero,25,1.0,,,0.85,0.0,,0.20110102412997716,,,0.2547575163688996,0.010000000000001563,ekf3,,0.20361241729706522,1.0,,100/50/50 Hz,1.0,700,transition,101,18,0.12985232355364754,0.09042112696078927,0.031880943703544454,before_outage,0.23832996182040503
0.2928772643403889,1.0,,,held-out,zero,40,1.0,,,0.85,0.0,,0.20194047594832637,,,0.27575262133602557,0.010000000000005116,ekf3,,0.20835424772784591,1.0,,100/50/50 Hz,1.0,1500,transition,101,25,0.04903819722411235,0.09993430945988868,0.05129850602113086,outage_window,0.23028855496917497
0.48695029303992454,1.0,,,held-out,zero,60,1.0,,,0.85,0.996,,0.06310895365404666,,,0.11290406500522382,0.010000000000005116,ekf3,,0.08576621972728313,1.0,,100/50/50 Hz,1.0,2000,transition,101,40,0.08586550506565381,0.045039107418689425,0.05807843330359385,after_return,0.4712421908565812
0.2711869274755558,1.0,1.0,,held-out,nominal,60,1.0,1.0,,0.85,1.0,,0.0371828458221614,1.0,,0.09844939748836104,0.010000000000005116,px4,,0.18116524765885303,1.0,,100/50/50 Hz,1.0,4700,gps,101,13,0.059357971813810625,0.01673885014131471,0.1773084401145612,flight,0.2574766567685539
0.21703409091403628,1.0,1.0,,held-out,nominal,25,1.0,1.0,,0.85,1.0,,0.03499001686687015,1.0,,0.05674499540622432,0.010000000000001563,px4,,0.20262663825400806,1.0,,100/50/50 Hz,1.0,700,gps,101,18,0.021638403555409746,0.016637333589393774,0.1995826977715673,before_outage,0.18798301884742818
0.17153463211073286,1.0,1.0,,held-out,nominal,40,1.0,1.0,,0.85,1.0,,0.03518173380841359,1.0,,0.0732209353291978,0.010000000000005116,px4,,0.18256066212533595,1.0,,100/50/50 Hz,1.0,1500,gps,101,25,0.03784740063204146,0.01246949183375211,0.1791386082391928,outage_window,0.14555733218508132
0.11208635517107353,1.0,1.0,,held-out,nominal,60,1.0,1.0,,0.85,1.0,,0.036987027712066536,1.0,,0.06549686818362359,0.010000000000005116,px4,,0.1692736957064322,1.0,,100/50/50 Hz,1.0,2000,gps,101,40,0.059357971813810625,0.013461382268205818,0.16518336429295968,after_return,0.08913880270496705
0.4828898004412964,1.0,,,held-out,nominal,60,1.0,,,0.85,0.6272340425531915,,0.15789358297930464,,,0.36684384531762,0.010000000000005116,ekf3,,0.16504502564055257,1.0,,100/50/50 Hz,1.0,4700,gps,101,13,0.09811700971786606,0.09038245432794076,0.048057017621239234,flight,0.4346909606635755
0.44672680212040505,1.0,,,held-out,nominal,25,1.0,,,0.85,0.0,,0.26023003623216207,,,0.3124448924308129,0.010000000000001563,ekf3,,0.2636059941063954,1.0,,100/50/50 Hz,1.0,700,gps,101,18,0.18138827679294808,0.12573301857432181,0.04205292345876291,before_outage,0.33389757997881914
0.5749964527519263,1.0,,,held-out,nominal,40,1.0,,,0.85,0.632,,0.1823334441717919,,,0.36684384531762,0.010000000000005116,ekf3,,0.19071386360255677,1.0,,100/50/50 Hz,1.0,1500,gps,101,25,0.04038194560673063,0.11288932989829581,0.055913262350417964,outage_window,0.5124786051032761
0.46730091280968006,1.0,,,held-out,nominal,60,1.0,,,0.85,1.0,,0.06791803260293361,,,0.11853345390264154,0.010000000000005116,ekf3,,0.07874984036588997,1.0,,100/50/50 Hz,1.0,2000,gps,101,40,0.09811700971786606,0.04727597561083143,0.03985822631527901,after_return,0.4474031869813692
0.26742460090109443,1.0,1.0,,held-out,nominal,60,1.0,1.0,,0.85,0.0,,0.09654873289109482,1.0,,0.15854737860341847,0.010000000000005116,px4,,0.15418598617692034,1.0,,100/50/50 Hz,1.0,4700,denied,101,13,0.14654413760123922,0.019915999281435236,0.12021505941633724,flight,0.2484166375162645
0.3350226491964247,1.0,1.0,,held-out,nominal,25,1.0,1.0,,0.85,0.0,,0.05604367865299318,1.0,,0.08929500035277672,0.010000000000001563,px4,,0.11058008723074857,1.0,,100/50/50 Hz,1.0,700,denied,101,18,0.036135174269724374,0.026122371345719674,0.09532608129468031,before_outage,0.31252779989929047
0.2636453687432648,1.0,1.0,,held-out,nominal,40,1.0,1.0,,0.85,0.0,,0.08702247268258169,1.0,,0.1317005048042419,0.010000000000005116,px4,,0.15010195740839738,1.0,,100/50/50 Hz,1.0,1500,denied,101,25,0.07208663982460799,0.02132084658895274,0.12230162249962861,outage_window,0.24293670055951483
0.1445272659744925,1.0,1.0,,held-out,nominal,60,1.0,1.0,,0.85,0.0,,0.12168478830758982,1.0,,0.15854737860341847,0.010000000000005116,px4,,0.17706323243669675,1.0,,100/50/50 Hz,1.0,2000,denied,101,40,0.14654413760123922,0.01593171169635049,0.12862426122419032,after_return,0.12117409155463997
0.28788904094817047,1.0,,,held-out,nominal,60,1.0,,,0.85,0.0,,0.30912518462596394,,,0.5816702468502287,0.010000000000005116,ekf3,,0.3132953695115286,1.0,,100/50/50 Hz,1.0,4700,denied,101,13,0.40878312520538845,0.11466021407330354,0.05094711755662875,flight,0.19006796317958755
0.44672662777474653,1.0,,,held-out,nominal,25,1.0,,,0.85,0.0,,0.26023003623216207,,,0.3124448924308129,0.010000000000001563,ekf3,,0.2636059941063954,1.0,,100/50/50 Hz,1.0,700,denied,101,18,0.18138827679294808,0.12573301857432181,0.04205292345876291,before_outage,0.3338973409422443
0.29510777090130047,1.0,,,held-out,nominal,40,1.0,,,0.85,0.0,,0.27251215970371795,,,0.4379770281117266,0.010000000000005116,ekf3,,0.2797512375898476,1.0,,100/50/50 Hz,1.0,1500,denied,101,25,0.03314302883858003,0.12365875370808088,0.06322877309158123,outage_window,0.16811128308316572
0.2186519175442322,1.0,,,held-out,nominal,60,1.0,,,0.85,0.0,,0.3739326223224057,,,0.5816702468502287,0.010000000000005116,ekf3,,0.37607579747560316,1.0,,100/50/50 Hz,1.0,2000,denied,101,40,0.40878312520538845,0.10964783651982604,0.04009238593548655,after_return,0.1296067665751803
0.284737856853068,1.0,1.0,,held-out,nominal,60,1.0,1.0,,0.85,0.8029787234042554,,0.04056746784736696,1.0,,0.10222547519044474,0.010000000000005116,px4,,0.18683902016614226,1.0,,100/50/50 Hz,1.0,4700,transition,101,13,0.059021757034987854,0.016965567136846407,0.18238174253224188,flight,0.2713367029416269
0.21703409091403628,1.0,1.0,,held-out,nominal,25,1.0,1.0,,0.85,1.0,,0.03499001686687015,1.0,,0.05674499540622432,0.010000000000001563,px4,,0.20262663825400806,1.0,,100/50/50 Hz,1.0,700,transition,101,18,0.021638403555409746,0.016637333589393774,0.1995826977715673,before_outage,0.18798301884742818
0.1776046448108528,1.0,1.0,,held-out,nominal,40,1.0,1.0,,0.85,0.4686666666666667,,0.03553152879820755,1.0,,0.052149583190571835,0.010000000000005116,px4,,0.17964977717303515,1.0,,100/50/50 Hz,1.0,1500,transition,101,25,0.05211338205625462,0.012445905900727068,0.1761009735906742,outage_window,0.15117962605901247
0.16934326156400598,1.0,1.0,,held-out,nominal,60,1.0,1.0,,0.85,0.9355,,0.04436106521386496,1.0,,0.10222547519044474,0.010000000000005116,px4,,0.18534045460955773,1.0,,100/50/50 Hz,1.0,2000,transition,101,40,0.059021757034987854,0.014128225584547766,0.1799532717345499,after_return,0.15465609163469984
0.4445528947819906,1.0,,,held-out,nominal,60,1.0,,,0.85,0.4208510638297872,,0.19802464165449885,,,0.4478745254744513,0.010000000000005116,ekf3,,0.20494203170117822,1.0,,100/50/50 Hz,1.0,4700,transition,101,13,0.09878763244029017,0.10210841951777587,0.052796568595071175,flight,0.3906108715783001
0.44672680212040505,1.0,,,held-out,nominal,25,1.0,,,0.85,0.0,,0.26023003623216207,,,0.3124448924308129,0.010000000000001563,ekf3,,0.2636059941063954,1.0,,100/50/50 Hz,1.0,700,transition,101,18,0.18138827679294808,0.12573301857432181,0.04205292345876291,before_outage,0.33389757997881914
0.29510766509361375,1.0,,,held-out,nominal,40,1.0,,,0.85,0.0,,0.27251215970371795,,,0.4379770281117266,0.010000000000005116,ekf3,,0.2797512375898476,1.0,,100/50/50 Hz,1.0,1500,transition,101,25,0.03314302883858003,0.12365875370808088,0.06322877309158123,outage_window,0.16811108298054897
0.5634398972487571,1.0,,,held-out,nominal,60,1.0,,,0.85,0.989,,0.08611472886764726,,,0.4478745254744513,0.010000000000005116,ekf3,,0.09733466894148456,1.0,,100/50/50 Hz,1.0,2000,transition,101,40,0.09878763244029017,0.07502456244072297,0.04536839483605299,after_return,0.538941380018577
0.26897450287187086,1.0,1.0,,held-out,stress,60,1.0,1.0,,0.85,1.0,,0.037228652668644675,1.0,,0.09848481118515492,0.010000000000005116,px4,,0.1606783195535114,1.0,,100/50/50 Hz,1.0,4700,gps,101,13,0.059357971813810625,0.01664672309689889,0.15630594932700975,flight,0.25582680530081237
0.215351432132459,1.0,1.0,,held-out,stress,25,1.0,1.0,,0.85,1.0,,0.03515735920394413,1.0,,0.05670387020534351,0.010000000000001563,px4,,0.18186859024404373,1.0,,100/50/50 Hz,1.0,700,gps,101,18,0.02173317270110482,0.016598978851744328,0.17843806827905506,before_outage,0.18758943211486684
0.1703993837130022,1.0,1.0,,held-out,stress,40,1.0,1.0,,0.85,1.0,,0.03520104954371333,1.0,,0.07321936018871353,0.010000000000005116,px4,,0.16197659182707994,1.0,,100/50/50 Hz,1.0,1500,gps,101,25,0.037892102119303446,0.01246444723194904,0.15810535225265937,outage_window,0.14551223542599323
0.11109131288633269,1.0,1.0,,held-out,stress,60,1.0,1.0,,0.85,1.0,,0.036986032271047804,1.0,,0.06549686818362359,0.010000000000005116,px4,,0.14893061390878887,1.0,,100/50/50 Hz,1.0,2000,gps,101,40,0.059357971813810625,0.013431865237955391,0.14426489932098435,after_return,0.08906440363048868
0.427931899238732,1.0,,,held-out,stress,60,1.0,,,0.85,0.6102127659574468,,0.14510512790216293,,,0.5237601489411781,0.010000000000005116,ekf3,,0.15352470061348136,1.0,,100/50/50 Hz,1.0,4700,gps,101,13,0.08694188498685725,0.07530436318198723,0.050143150628535665,flight,0.38426006270803914
0.32298757475906015,1.0,,,held-out,stress,25,1.0,,,0.85,0.0,,0.23491927804808313,,,0.2870011538303298,0.010000000000001563,ekf3,,0.2385189687845836,1.0,,100/50/50 Hz,1.0,700,gps,101,18,0.20225007730522895,0.10357907809800551,0.04128233607038937,before_outage,0.20519154295747638
0.5408681468356368,1.0,,,held-out,stress,40,1.0,,,0.85,0.5786666666666667,,0.17477314186332665,,,0.5237601489411781,0.010000000000005116,ekf3,,0.18348433821476925,1.0,,100/50/50 Hz,1.0,1500,gps,101,25,0.0344891336608645,0.09701949005264121,0.05586457959506483,outage_window,0.4831814182933333
0.3715979217360985,1.0,,,held-out,stress,60,1.0,,,0.85,1.0,,0.06297773253309709,,,0.1167834110929356,0.010000000000005116,ekf3,,0.07616202771073204,1.0,,100/50/50 Hz,1.0,2000,gps,101,40,0.08694188498685725,0.037856652000127285,0.04283059268793744,after_return,0.35294050972043356
0.2625272997472904,1.0,1.0,,held-out,stress,60,1.0,1.0,,0.85,0.0,,0.09192220592164307,1.0,,0.1531468105620731,0.010000000000005116,px4,,0.15757664570547153,1.0,,100/50/50 Hz,1.0,4700,denied,101,13,0.1411406640269732,0.019720702454047716,0.12798713736265355,flight,0.24432104968629412
0.3272920450063825,1.0,1.0,,held-out,stress,25,1.0,1.0,,0.85,0.0,,0.052045678487620234,1.0,,0.08397017274549717,0.010000000000001563,px4,,0.11561456734071011,1.0,,100/50/50 Hz,1.0,700,denied,101,18,0.03180481390541938,0.025680983437772403,0.10323747155051241,before_outage,0.30551234742690686
0.2605706475157203,1.0,1.0,,held-out,stress,40,1.0,1.0,,0.85,0.0,,0.08227460095795941,1.0,,0.12635718619052955,0.010000000000005116,px4,,0.1539196621996216,1.0,,100/50/50 Hz,1.0,1500,denied,101,25,0.06685250906022334,0.021189345283539655,0.13008517382413018,outage_window,0.24079844410611745
0.1428692947375634,1.0,1.0,,held-out,stress,60,1.0,1.0,,0.85,0.0,,0.11646518872413135,1.0,,0.1531468105620731,0.010000000000005116,px4,,0.17934559383858073,1.0,,100/50/50 Hz,1.0,2000,denied,101,40,0.1411406640269732,0.01586717775944958,0.13638439003333788,after_return,0.12053071650537846
0.37313156799270114,1.0,,,held-out,stress,60,1.0,,,0.85,0.0,,0.23066510416279917,,,0.3613131866669788,0.010000000000005116,ekf3,,0.236105242111521,1.0,,100/50/50 Hz,1.0,4700,denied,101,13,0.31128155501408994,0.0900261377587739,0.05039141865541148,flight,0.3255189040335716
0.3229869441821637,1.0,,,held-out,stress,25,1.0,,,0.85,0.0,,0.2349192243177385,,,0.2870011538303298,0.010000000000001563,ekf3,,0.23851888993127557,1.0,,100/50/50 Hz,1.0,700,denied,101,18,0.20225007730522895,0.10357913732468652,0.04128218623086718,before_outage,0.2051905035115246
0.5060421431298229,1.0,,,held-out,stress,40,1.0,,,0.85,0.0,,0.23082998384891007,,,0.3152315292678255,0.010000000000005116,ekf3,,0.23707369576502596,1.0,,100/50/50 Hz,1.0,1500,denied,101,25,0.07483159092726091,0.0980634328579861,0.05405049287471854,outage_window,0.46270831648209537
0.24953695674991613,1.0,,,held-out,stress,60,1.0,,,0.85,0.0,,0.24993634670156079,,,0.3613131866669788,0.010000000000005116,ekf3,,0.2539898479812191,1.0,,100/50/50 Hz,1.0,2000,denied,101,40,0.31128155501408994,0.08366714215429409,0.045195856834448885,after_return,0.20276176610546218
0.28256000059524494,1.0,1.0,,held-out,stress,60,1.0,1.0,,0.85,0.8040425531914893,,0.040583282654648424,1.0,,0.10216837024307981,0.010000000000005116,px4,,0.16633639662923452,1.0,,100/50/50 Hz,1.0,4700,transition,101,13,0.059021757034987854,0.016873359249283435,0.16130962157469383,flight,0.26972132166305457
0.215351432132459,1.0,1.0,,held-out,stress,25,1.0,1.0,,0.85,1.0,,0.03515735920394413,1.0,,0.05670387020534351,0.010000000000001563,px4,,0.18186859024404373,1.0,,100/50/50 Hz,1.0,700,transition,101,18,0.02173317270110482,0.016598978851744328,0.17843806827905506,before_outage,0.18758943211486684
0.1763588894826836,1.0,1.0,,held-out,stress,40,1.0,1.0,,0.85,0.472,,0.035474757788781085,1.0,,0.05201190167696628,0.010000000000005116,px4,,0.15901354528704786,1.0,,100/50/50 Hz,1.0,1500,transition,101,25,0.05200228795184552,0.012413020285844909,0.15500596486775384,outage_window,0.15105676644499885
0.1685219424683856,1.0,1.0,,held-out,stress,60,1.0,1.0,,0.85,0.9355,,0.044349512520379296,1.0,,0.10216837024307981,0.010000000000005116,px4,,0.16505091425952373,1.0,,100/50/50 Hz,1.0,2000,transition,101,40,0.059021757034987854,0.014114785147473021,0.15898089519533276,after_return,0.1544651191601808
0.43124212729000444,1.0,,,held-out,stress,60,1.0,,,0.85,0.4208510638297872,,0.17170291184547748,,,0.4478745254744513,0.010000000000005116,ekf3,,0.17920202877989802,1.0,,100/50/50 Hz,1.0,4700,transition,101,13,0.0872671462413882,0.08378085652546166,0.05129792571455099,flight,0.3913319737559858
0.32298757475906015,1.0,,,held-out,stress,25,1.0,,,0.85,0.0,,0.23491927804808313,,,0.2870011538303298,0.010000000000001563,ekf3,,0.2385189687845836,1.0,,100/50/50 Hz,1.0,700,transition,101,18,0.20225007730522895,0.10357907809800551,0.04128233607038937,before_outage,0.20519154295747638
0.5060435288000603,1.0,,,held-out,stress,40,1.0,,,0.85,0.0,,0.23083011695952196,,,0.3152315292678255,0.010000000000005116,ekf3,,0.23707382536996063,1.0,,100/50/50 Hz,1.0,1500,transition,101,25,0.07483159092726091,0.09806342666982525,0.05405049287471854,outage_window,0.46270985010338633
0.41486417713349977,1.0,,,held-out,stress,60,1.0,,,0.85,0.989,,0.0819484391175891,,,0.4478745254744513,0.010000000000005116,ekf3,,0.09473560985083282,1.0,,100/50/50 Hz,1.0,2000,transition,101,40,0.0872671462413882,0.06670325887389308,0.04753197976099881,after_return,0.38984544199898197
0.24425397642382563,1.0,1.0,,held-out,zero,60,1.0,1.0,,0.85,1.0,,0.0495245351893887,1.0,,0.0926142830963888,0.010000000000005116,px4,,0.4080187264884128,1.0,,100/50/50 Hz,1.0,4700,gps,307,13,0.009848705567093642,0.018619146083492487,0.4050019772538169,flight,0.2293310668184827
0.3342037381145524,1.0,1.0,,held-out,zero,25,1.0,1.0,,0.85,1.0,,0.061062484880708416,1.0,,0.0926142830963888,0.010000000000001563,px4,,0.42350450561355935,1.0,,100/50/50 Hz,1.0,700,gps,307,18,0.05872124760596618,0.019222611568055884,0.41907927557346303,before_outage,0.31394177340014084
0.1877008214539482,1.0,1.0,,held-out,zero,40,1.0,1.0,,0.85,1.0,,0.055241093093046735,1.0,,0.07838101731850507,0.010000000000005116,px4,,0.39425398167598086,1.0,,100/50/50 Hz,1.0,1500,gps,307,25,0.041264315735514964,0.01836928388940498,0.3903647316308813,outage_window,0.16986896960033906
0.16038373777548015,1.0,1.0,,held-out,zero,60,1.0,1.0,,0.85,1.0,,0.039197938740301294,1.0,,0.06937087636388488,0.010000000000005116,px4,,0.4035819930713092,1.0,,100/50/50 Hz,1.0,2000,gps,307,40,0.009848705567093642,0.016810169747510192,0.4016739308567608,after_return,0.1545951228868167
0.44491368119552693,1.0,,,held-out,zero,60,1.0,,,0.85,0.6259574468085106,,0.14232362408357904,,,0.34404877041906956,0.010000000000005116,ekf3,,0.14868816317664646,1.0,,100/50/50 Hz,1.0,4700,gps,307,13,0.040171123691450907,0.0688790449541416,0.04303668082648939,flight,0.40494183212663776
0.4780961867721703,1.0,,,held-out,zero,25,1.0,,,0.85,0.0,,0.21129365099264644,,,0.3060785435231266,0.010000000000001563,ekf3,,0.2156301567991612,1.0,,100/50/50 Hz,1.0,700,gps,307,18,0.1627691533194211,0.09910600776199295,0.04302740488837981,before_outage,0.40178064260685853
0.41818310434431033,1.0,,,held-out,zero,40,1.0,,,0.85,0.628,,0.18604241936805635,,,0.34404877041906956,0.010000000000005116,ekf3,,0.19604976272446686,1.0,,100/50/50 Hz,1.0,1500,gps,307,25,0.03230728847295874,0.07665001301181844,0.06183629726948404,outage_window,0.3521407683341814
0.4812540474063982,1.0,,,held-out,zero,60,1.0,,,0.85,1.0,,0.052953727164922276,,,0.11227270517957856,0.010000000000005116,ekf3,,0.06005433477824084,1.0,,100/50/50 Hz,1.0,2000,gps,307,40,0.040171123691450907,0.04074486804798163,0.028327123133138673,after_return,0.4666380791737019
0.24741656478683377,1.0,1.0,,held-out,zero,60,1.0,1.0,,0.85,0.0,,0.05575985732103051,1.0,,0.10059323695289987,0.010000000000005116,px4,,0.0885236968760168,1.0,,100/50/50 Hz,1.0,4700,denied,307,13,0.08943274758696639,0.020178762482869726,0.06875524140118501,flight,0.22161263830035008
0.4175018343098693,1.0,1.0,,held-out,zero,25,1.0,1.0,,0.85,0.0,,0.043687579418952134,1.0,,0.05886629433441904,0.010000000000001563,px4,,0.10009073806157325,1.0,,100/50/50 Hz,1.0,700,denied,307,18,0.011770846384799525,0.03000853438041527,0.09005304686807224,before_outage,0.3972001690301016
0.18527332237671984,1.0,1.0,,held-out,zero,40,1.0,1.0,,0.85,0.0,,0.04011175181724393,1.0,,0.054201574990250384,0.010000000000005116,px4,,0.07330591442568378,1.0,,100/50/50 Hz,1.0,1500,denied,307,25,0.041732848101804346,0.01956311785743312,0.06135800237896847,outage_window,0.1550379545720393
0.11679704821006091,1.0,1.0,,held-out,zero,60,1.0,1.0,,0.85,0.0,,0.07249467727683753,1.0,,0.10059323695289987,0.010000000000005116,px4,,0.09205876499868004,1.0,,100/50/50 Hz,1.0,2000,denied,307,40,0.08943274758696639,0.015131168638125228,0.05673921024837564,after_return,0.07756733479860656
0.4003135394213257,1.0,,,held-out,zero,60,1.0,,,0.85,0.0,,0.23896748957436284,,,0.4329308589277275,0.010000000000005116,ekf3,,0.24331250547316663,1.0,,100/50/50 Hz,1.0,4700,denied,307,13,0.28202387701323095,0.09792928142100554,0.045776787197842214,flight,0.353866993314881
0.5291570857774286,1.0,,,held-out,zero,25,1.0,,,0.85,0.0,,0.2210379039122561,,,0.3209564006410066,0.010000000000001563,ekf3,,0.22415846603350761,1.0,,100/50/50 Hz,1.0,700,denied,307,18,0.1366181370191639,0.10361841340409161,0.03727281755611492,before_outage,0.4650735541852486
0.37004864080916716,1.0,,,held-out,zero,40,1.0,,,0.85,0.0,,0.22539886355880845,,,0.3507355922747943,0.010000000000005116,ekf3,,0.23127494241040397,1.0,,100/50/50 Hz,1.0,1500,denied,307,25,0.12353828816216902,0.10261393432552565,0.05180203947079046,outage_window,0.3085294268272048
0.3912272241272928,1.0,,,held-out,zero,60,1.0,,,0.85,0.0,,0.2747538927416046,,,0.4329308589277275,0.010000000000005116,ekf3,,0.2788243659127824,1.0,,100/50/50 Hz,1.0,2000,denied,307,40,0.28202387701323095,0.09614795819270984,0.04746920528089764,after_return,0.35857956732183704
0.3350000874399833,1.0,1.0,,held-out,zero,60,1.0,1.0,,0.85,0.8004255319148936,,0.05721498639907179,1.0,,0.10039902494773076,0.010000000000005116,px4,,0.4244373656767532,1.0,,100/50/50 Hz,1.0,4700,transition,307,13,0.013407056503618777,0.018194332341067123,0.4205633397170704,flight,0.32205442095762
0.3342037381145524,1.0,1.0,,held-out,zero,25,1.0,1.0,,0.85,1.0,,0.061062484880708416,1.0,,0.0926142830963888,0.010000000000001563,px4,,0.42350450561355935,1.0,,100/50/50 Hz,1.0,700,transition,307,18,0.05872124760596618,0.019222611568055884,0.41907927557346303,before_outage,0.31394177340014084
0.3130531600571593,1.0,1.0,,held-out,zero,40,1.0,1.0,,0.85,0.46066666666666667,,0.06876448889006838,1.0,,0.09269001546889907,0.010000000000005116,px4,,0.40396439636564796,1.0,,100/50/50 Hz,1.0,1500,transition,307,25,0.09269001546889907,0.0174277195279132,0.39806868578016785,outage_window,0.3020815549583915
0.31964481426161356,1.0,1.0,,held-out,zero,60,1.0,1.0,,0.85,0.9355,,0.04698725807816873,1.0,,0.10039902494773076,0.010000000000005116,px4,,0.43495341433826784,1.0,,100/50/50 Hz,1.0,2000,transition,307,40,0.013407056503618777,0.016465398440902376,0.4324079904705884,after_return,0.3118463333257512
0.49969848265314254,1.0,,,held-out,zero,60,1.0,,,0.85,0.4238297872340426,,0.15862205443654695,,,0.34404877041906956,0.010000000000005116,ekf3,,0.16228029538234431,1.0,,100/50/50 Hz,1.0,4700,transition,307,13,0.04061121084840772,0.07884820826469635,0.034262780326617635,flight,0.4634785027522533
0.4780961867721703,1.0,,,held-out,zero,25,1.0,,,0.85,0.0,,0.21129365099264644,,,0.3060785435231266,0.010000000000001563,ekf3,,0.2156301567991612,1.0,,100/50/50 Hz,1.0,700,transition,307,18,0.1627691533194211,0.09910600776199295,0.04302740488837981,before_outage,0.40178064260685853
0.36584953206331916,1.0,,,held-out,zero,40,1.0,,,0.85,0.0,,0.220004392592332,,,0.34404877041906956,0.010000000000005116,ekf3,,0.22529769588980328,1.0,,100/50/50 Hz,1.0,1500,transition,307,25,0.14463076990375584,0.09912087591270038,0.048550170064927005,outage_window,0.2993769545920575
0.6196711190468063,1.0,,,held-out,zero,60,1.0,,,0.85,0.996,,0.06315139056438462,,,0.15184234911347938,0.010000000000005116,ekf3,,0.06554897966570834,1.0,,100/50/50 Hz,1.0,2000,transition,307,40,0.04061121084840772,0.04646220858921382,0.017566177871124956,after_return,0.6024901984878458
0.24312937114255928,1.0,1.0,,held-out,nominal,60,1.0,1.0,,0.85,1.0,,0.04962174429703782,1.0,,0.09278395075141457,0.010000000000005116,px4,,0.4017747347561356,1.0,,100/50/50 Hz,1.0,4700,gps,307,13,0.009848705567093642,0.01851414588587027,0.3986986581132203,flight,0.22959868960999777
0.33248112776342825,1.0,1.0,,held-out,nominal,25,1.0,1.0,,0.85,1.0,,0.061221009995630404,1.0,,0.09278395075141457,0.010000000000001563,px4,,0.4171417073339399,1.0,,100/50/50 Hz,1.0,700,gps,307,18,0.05884380078601658,0.0191719476425463,0.4126247592336036,before_outage,0.3139619600536607
0.18623201307055254,1.0,1.0,,held-out,nominal,40,1.0,1.0,,0.85,1.0,,0.055262290551879145,1.0,,0.07844962963653664,0.010000000000005116,px4,,0.38805828940964565,1.0,,100/50/50 Hz,1.0,1500,gps,307,25,0.04126694464824743,0.018259685180097334,0.3841032611453592,outage_window,0.1699002206519524
0.15978806362795292,1.0,1.0,,held-out,nominal,60,1.0,1.0,,0.85,1.0,,0.039204805420805004,1.0,,0.06938989333933604,0.010000000000005116,px4,,0.3973934691926749,1.0,,100/50/50 Hz,1.0,2000,gps,307,40,0.009848705567093642,0.016765851388266435,0.3954548679544939,after_return,0.15456765173195505
0.4735505553418313,1.0,,,held-out,nominal,60,1.0,,,0.85,0.6229787234042553,,0.15939220343838978,,,0.6637442611291932,0.010000000000005116,ekf3,,0.1676813749203395,1.0,,100/50/50 Hz,1.0,4700,gps,307,13,0.0362419903650428,0.08931497277243783,0.052068886854151536,flight,0.41896685319658844
0.5054439829769198,1.0,,,held-out,nominal,25,1.0,,,0.85,0.0,,0.2426820845723558,,,0.31393773934446556,0.010000000000001563,ekf3,,0.24541864907794023,1.0,,100/50/50 Hz,1.0,700,gps,307,18,0.20715824669501567,0.12545011059201885,0.03654749160827789,before_outage,0.38500977614370124
0.5104936389826715,1.0,,,held-out,nominal,40,1.0,,,0.85,0.6186666666666667,,0.20010859785528198,,,0.6637442611291932,0.010000000000005116,ekf3,,0.21277269414943023,1.0,,100/50/50 Hz,1.0,1500,gps,307,25,0.041115932224247885,0.1091791957353434,0.07231022362017697,outage_window,0.43272035912352846
0.48339999091760044,1.0,,,held-out,nominal,60,1.0,,,0.85,1.0,,0.06085421248051958,,,0.12839977134336902,0.010000000000005116,ekf3,,0.0674271435448976,1.0,,100/50/50 Hz,1.0,2000,gps,307,40,0.0362419903650428,0.048747425736930465,0.029037639539053445,after_return,0.4662642575312112
0.23600204630632457,1.0,1.0,,held-out,nominal,60,1.0,1.0,,0.85,0.0,,0.05856337497696245,1.0,,0.10474668073779661,0.010000000000005116,px4,,0.09083528403609914,1.0,,100/50/50 Hz,1.0,4700,denied,307,13,0.09394856360302026,0.019705852240018744,0.06943615727577741,flight,0.21153263543906697
0.40161446322803346,1.0,1.0,,held-out,nominal,25,1.0,1.0,,0.85,0.0,,0.04450181525755606,1.0,,0.06282441723790601,0.010000000000001563,px4,,0.10105857469324485,1.0,,100/50/50 Hz,1.0,700,denied,307,18,0.007043571390765737,0.029189272464514197,0.0907327061087263,before_outage,0.3825619889731499
0.1753415661818243,1.0,1.0,,held-out,nominal,40,1.0,1.0,,0.85,0.0,,0.043193468775983734,1.0,,0.058251744480056905,0.010000000000005116,px4,,0.07557782202737708,1.0,,100/50/50 Hz,1.0,1500,denied,307,25,0.04502532089702656,0.01911213692460529,0.062018799065283424,outage_window,0.1462823687569508
0.11344772368248833,1.0,1.0,,held-out,nominal,60,1.0,1.0,,0.85,0.0,,0.07612672869152685,1.0,,0.10474668073779661,0.010000000000005116,px4,,0.09543542929044467,1.0,,100/50/50 Hz,1.0,2000,denied,307,40,0.09394856360302026,0.014996008610205013,0.05755555874612047,after_return,0.07622706274213956
0.34120783975575525,1.0,,,held-out,nominal,60,1.0,,,0.85,0.0,,0.27049467885276035,,,0.49154842632749357,0.010000000000005116,ekf3,,0.27483866421751346,1.0,,100/50/50 Hz,1.0,4700,denied,307,13,0.26846553462014444,0.11704275864385358,0.048671552894983316,flight,0.25013149446670013
0.5054419514111435,1.0,,,held-out,nominal,25,1.0,,,0.85,0.0,,0.2426820845723558,,,0.31393773934446556,0.010000000000001563,ekf3,,0.24541864907794023,1.0,,100/50/50 Hz,1.0,700,denied,307,18,0.20715824669501567,0.12545001231448938,0.03654749160827789,before_outage,0.38500711210279254
0.3245577946052786,1.0,,,held-out,nominal,40,1.0,,,0.85,0.0,,0.23820281368216065,,,0.34225471013650655,0.010000000000005116,ekf3,,0.24470124757773132,1.0,,100/50/50 Hz,1.0,1500,denied,307,25,0.17858124640189144,0.12473746891323208,0.05601892644455085,outage_window,0.20357629436606434
0.31101674802552537,1.0,,,held-out,nominal,60,1.0,,,0.85,0.0,,0.3215896569887186,,,0.49154842632749357,0.010000000000005116,ekf3,,0.32407837520748234,1.0,,100/50/50 Hz,1.0,2000,denied,307,40,0.26846553462014444,0.11442528848439715,0.04008598003042959,after_return,0.247552332990244
0.33402925182075777,1.0,1.0,,held-out,nominal,60,1.0,1.0,,0.85,0.8029787234042554,,0.05732289982540947,1.0,,0.10038283532697742,0.010000000000005116,px4,,0.41799095661936286,1.0,,100/50/50 Hz,1.0,4700,transition,307,13,0.013469158690503734,0.018086586591198793,0.4140416947255145,flight,0.32221514902530246
0.33248112776342825,1.0,1.0,,held-out,nominal,25,1.0,1.0,,0.85,1.0,,0.061221009995630404,1.0,,0.09278395075141457,0.010000000000001563,px4,,0.4171417073339399,1.0,,100/50/50 Hz,1.0,700,transition,307,18,0.05884380078601658,0.0191719476425463,0.4126247592336036,before_outage,0.3139619600536607
0.3121313947941342,1.0,1.0,,held-out,nominal,40,1.0,1.0,,0.85,0.4686666666666667,,0.06885329172560013,1.0,,0.09274021446801801,0.010000000000005116,px4,,0.397779837094006,1.0,,100/50/50 Hz,1.0,1500,transition,307,25,0.09274021446801801,0.017318055420990252,0.391775475262405,outage_window,0.3021379234407693
0.31900481029372907,1.0,1.0,,held-out,nominal,60,1.0,1.0,,0.85,0.9355,,0.04698222262155949,1.0,,0.10038283532697742,0.010000000000005116,px4,,0.4282891870123276,1.0,,100/50/50 Hz,1.0,2000,transition,307,40,0.013469158690503734,0.016414763365815953,0.4257044731609227,after_return,0.31173190803573725
0.5077776213803574,1.0,,,held-out,nominal,60,1.0,,,0.85,0.4208510638297872,,0.18040823797105437,,,0.5157929259804895,0.010000000000005116,ekf3,,0.1853895665248284,1.0,,100/50/50 Hz,1.0,4700,transition,307,13,0.037090081530131935,0.10330642671648656,0.042686754953301397,flight,0.4545656598968148
0.5054439829769198,1.0,,,held-out,nominal,25,1.0,,,0.85,0.0,,0.2426820845723558,,,0.31393773934446556,0.010000000000001563,ekf3,,0.24541864907794023,1.0,,100/50/50 Hz,1.0,700,transition,307,18,0.20715824669501567,0.12545011059201885,0.03654749160827789,before_outage,0.38500977614370124
0.3245578121942741,1.0,,,held-out,nominal,40,1.0,,,0.85,0.0,,0.23820251497697784,,,0.34225471013650655,0.010000000000005116,ekf3,,0.244700956805153,1.0,,100/50/50 Hz,1.0,1500,transition,307,25,0.17858124640189144,0.12473746891323208,0.05601892644455085,outage_window,0.20357632159356012
0.6550242749982895,1.0,,,held-out,nominal,60,1.0,,,0.85,0.989,,0.08923256483968721,,,0.5157929259804895,0.010000000000005116,ekf3,,0.09101894331878932,1.0,,100/50/50 Hz,1.0,2000,transition,307,40,0.037090081530131935,0.07733164017341701,0.01794428641657282,after_return,0.632322964278458
0.2430619571767532,1.0,1.0,,held-out,stress,60,1.0,1.0,,0.85,1.0,,0.04962967098352185,1.0,,0.0928792591054048,0.010000000000005116,px4,,0.4111271400147162,1.0,,100/50/50 Hz,1.0,4700,gps,307,13,0.009848705567093642,0.018509156064047724,0.4081205961658238,flight,0.22953351788064327
0.33212638516913734,1.0,1.0,,held-out,stress,25,1.0,1.0,,0.85,1.0,,0.061268236477337146,1.0,,0.0928792591054048,0.010000000000001563,px4,,0.42647391635317433,1.0,,100/50/50 Hz,1.0,700,gps,307,18,0.058852307744891454,0.01918690580346904,0.42205000240323587,before_outage,0.31359327528697073
0.18610832210402395,1.0,1.0,,held-out,stress,40,1.0,1.0,,0.85,1.0,,0.05525693725911528,1.0,,0.07849254657450636,0.010000000000005116,px4,,0.39737949412624285,1.0,,100/50/50 Hz,1.0,1500,gps,307,25,0.04126856734962177,0.018243127440508985,0.3935189109010783,outage_window,0.1697816336832336
0.15980882111715086,1.0,1.0,,held-out,stress,60,1.0,1.0,,0.85,1.0,,0.039207218856568284,1.0,,0.06938989333933604,0.010000000000005116,px4,,0.4067493772628891,1.0,,100/50/50 Hz,1.0,2000,gps,307,40,0.009848705567093642,0.016763343500436508,0.40485534440498777,after_return,0.15458450857387912
0.3949233823109045,1.0,,,held-out,stress,60,1.0,,,0.85,0.5974468085106382,,0.14051898051291564,,,0.5643406889056358,0.010000000000005116,ekf3,,0.14556924487571046,1.0,,100/50/50 Hz,1.0,4700,gps,307,13,0.03194077679239873,0.0756001410039101,0.038010803323468345,flight,0.35263689176587454
0.3521827748828831,1.0,,,held-out,stress,25,1.0,,,0.85,0.0,,0.22881350035527892,,,0.3133339078117891,0.010000000000001563,ekf3,,0.23220920177222168,1.0,,100/50/50 Hz,1.0,700,gps,307,18,0.20128375065211543,0.10641565656456198,0.03956634229818499,before_outage,0.24071619561474644
0.4407357938765223,1.0,,,held-out,stress,40,1.0,,,0.85,0.5386666666666666,,0.1747490809124093,,,0.5643406889056358,0.010000000000005116,ekf3,,0.18123075566727567,1.0,,100/50/50 Hz,1.0,1500,gps,307,25,0.0395355148582505,0.09526502565650563,0.04803483652517202,outage_window,0.37804975813903274
0.41436184934675,1.0,,,held-out,stress,60,1.0,,,0.85,1.0,,0.05575262343703451,,,0.11681298014373004,0.010000000000005116,ekf3,,0.06134226043366652,1.0,,100/50/50 Hz,1.0,2000,gps,307,40,0.03194077679239873,0.03960583106867876,0.02558354734981058,after_return,0.4022235372104984
0.2344727421179102,1.0,1.0,,held-out,stress,60,1.0,1.0,,0.85,0.0,,0.058093452136561675,1.0,,0.10415669282165398,0.010000000000005116,px4,,0.09357326650219873,1.0,,100/50/50 Hz,1.0,4700,denied,307,13,0.09340499655034606,0.019629830394913908,0.07335602921879376,flight,0.20984851124607776
0.39985552734198054,1.0,1.0,,held-out,stress,25,1.0,1.0,,0.85,0.0,,0.04430071762923503,1.0,,0.06255478525413231,0.010000000000001563,px4,,0.1045512902340668,1.0,,100/50/50 Hz,1.0,700,denied,307,18,0.0076406781372181,0.029129344955842438,0.09470173550227502,before_outage,0.38087020480371153
0.17416873064705937,1.0,1.0,,held-out,stress,40,1.0,1.0,,0.85,0.0,,0.04274227459693006,1.0,,0.057885211803890994,0.010000000000005116,px4,,0.0786197881368152,1.0,,100/50/50 Hz,1.0,1500,denied,307,25,0.04443328000998188,0.019042535984197185,0.06598612770089131,outage_window,0.1449988280754378
0.11312846684912971,1.0,1.0,,held-out,stress,60,1.0,1.0,,0.85,0.0,,0.07553209613062141,1.0,,0.10415669282165398,0.010000000000005116,px4,,0.0974507184155846,1.0,,100/50/50 Hz,1.0,2000,denied,307,40,0.09340499655034606,0.014956055762430488,0.061575522521762856,after_return,0.07543929783996954
0.24532151779193723,1.0,,,held-out,stress,60,1.0,,,0.85,0.0,,0.22030462302120907,,,0.36440299591397857,0.010000000000005116,ekf3,,0.22481544919457042,1.0,,100/50/50 Hz,1.0,4700,denied,307,13,0.16917964249346867,0.08937762426562247,0.044809142728236,flight,0.17113522548754795
0.3521814860175004,1.0,,,held-out,stress,25,1.0,,,0.85,0.0,,0.22881363786518766,,,0.3133339078117891,0.010000000000001563,ekf3,,0.23220933727126128,1.0,,100/50/50 Hz,1.0,700,denied,307,18,0.20128375065211543,0.10641565656456198,0.03956634229818499,before_outage,0.24071485865478
0.2945204517353606,1.0,,,held-out,stress,40,1.0,,,0.85,0.0,,0.20881252826829225,,,0.30655598959990626,0.010000000000005116,ekf3,,0.2139563016797192,1.0,,100/50/50 Hz,1.0,1500,denied,307,25,0.18997242587807595,0.09488702409144738,0.04663289682902689,outage_window,0.22579362286881077
0.16503959618352068,1.0,,,held-out,stress,60,1.0,,,0.85,0.0,,0.24690551962960872,,,0.36440299591397857,0.010000000000005116,ekf3,,0.25107673471185477,1.0,,100/50/50 Hz,1.0,2000,denied,307,40,0.16917964249346867,0.08345075165364861,0.04557621188734316,after_return,0.08563992953541966
0.3340214900872598,1.0,1.0,,held-out,stress,60,1.0,1.0,,0.85,0.8042553191489362,,0.05734529186971952,1.0,,0.10048152534791213,0.010000000000005116,px4,,0.4272119693022059,1.0,,100/50/50 Hz,1.0,4700,transition,307,13,0.013407056503618777,0.018078428658512943,0.4233457029608846,flight,0.32220059898196485
0.33212638516913734,1.0,1.0,,held-out,stress,25,1.0,1.0,,0.85,1.0,,0.061268236477337146,1.0,,0.0928792591054048,0.010000000000001563,px4,,0.42647391635317433,1.0,,100/50/50 Hz,1.0,700,transition,307,18,0.058852307744891454,0.01918690580346904,0.42205000240323587,before_outage,0.31359327528697073
0.31203950932243013,1.0,1.0,,held-out,stress,40,1.0,1.0,,0.85,0.4726666666666667,,0.06888137925699685,1.0,,0.0927476119566239,0.010000000000005116,px4,,0.4070577378261953,1.0,,100/50/50 Hz,1.0,1500,transition,307,25,0.0927476119566239,0.01730364079303006,0.40118743439424087,outage_window,0.3020565376518354
0.31913009001388243,1.0,1.0,,held-out,stress,60,1.0,1.0,,0.85,0.9355,,0.04699317446420957,1.0,,0.10048152534791213,0.010000000000005116,px4,,0.4373723512658849,1.0,,100/50/50 Hz,1.0,2000,transition,307,40,0.013407056503618777,0.016401895427403317,0.43484044798710364,after_return,0.31182839118754063
0.39279598374858254,1.0,,,held-out,stress,60,1.0,,,0.85,0.4208510638297872,,0.16036607053356128,,,0.5157929259804895,0.010000000000005116,ekf3,,0.16421516823845914,1.0,,100/50/50 Hz,1.0,4700,transition,307,13,0.03209507328668708,0.08355076580758168,0.0353460733492461,flight,0.3529171319829242
0.3521827748828831,1.0,,,held-out,stress,25,1.0,,,0.85,0.0,,0.22881350035527892,,,0.3133339078117891,0.010000000000001563,ekf3,,0.23220920177222168,1.0,,100/50/50 Hz,1.0,700,transition,307,18,0.20128375065211543,0.10641565656456198,0.03956634229818499,before_outage,0.24071619561474644
0.2945189873655108,1.0,,,held-out,stress,40,1.0,,,0.85,0.0,,0.20881247276216108,,,0.30655598959990626,0.010000000000005116,ekf3,,0.21395624750802422,1.0,,100/50/50 Hz,1.0,1500,transition,307,25,0.18997242587807595,0.09488698909150982,0.04663289682902689,outage_window,0.22579163676953867
0.49838497479136595,1.0,,,held-out,stress,60,1.0,,,0.85,0.989,,0.08569000656430997,,,0.5157929259804895,0.010000000000005116,ekf3,,0.08739258967436248,1.0,,100/50/50 Hz,1.0,2000,transition,307,40,0.03209507328668708,0.06779458430785483,0.017166464545735675,after_return,0.48083598453270565
0.15655952950311694,1.0,1.0,,held-out,zero,60,1.0,1.0,,0.85,1.0,,0.0445616051138303,1.0,,0.09669062570116616,0.010000000000005116,px4,,0.08231050784396558,1.0,,100/50/50 Hz,1.0,4700,gps,911,13,0.023783378883482136,0.017023935409240673,0.0692046461678013,flight,0.11909863939668298
0.17427593296907098,1.0,1.0,,held-out,zero,25,1.0,1.0,,0.85,1.0,,0.03205575686346608,1.0,,0.0612812948323019,0.010000000000001563,px4,,0.09024787214230955,1.0,,100/50/50 Hz,1.0,700,gps,911,18,0.052792212677670466,0.01711201022401474,0.08436294730582258,before_outage,0.10684755938786704
0.13053737981021293,1.0,1.0,,held-out,zero,40,1.0,1.0,,0.85,1.0,,0.04279328702282197,1.0,,0.08562524249883727,0.010000000000005116,px4,,0.07107942754960905,1.0,,100/50/50 Hz,1.0,1500,gps,911,25,0.03127593195254346,0.018621871143879136,0.056754027227699885,outage_window,0.07608252329055633
0.10496540889396845,1.0,1.0,,held-out,zero,60,1.0,1.0,,0.85,1.0,,0.048237806827393814,1.0,,0.09669062570116616,0.010000000000005116,px4,,0.08512202594300702,1.0,,100/50/50 Hz,1.0,2000,gps,911,40,0.023783378883482136,0.01632152283277652,0.07013467967507231,after_return,0.07345903926658898
0.3884322994339891,1.0,,,held-out,zero,60,1.0,,,0.85,0.6323404255319149,,0.12694245657095649,,,0.2552347849835027,0.010000000000005116,ekf3,,0.13109268776476882,1.0,,100/50/50 Hz,1.0,4700,gps,911,13,0.023424763530712343,0.0686549140397262,0.03272469259018321,flight,0.33824784743383174
0.4077191533481338,1.0,,,held-out,zero,25,1.0,,,0.85,0.0,,0.1962656157959613,,,0.2552347849835027,0.010000000000001563,ekf3,,0.2008257423049628,1.0,,100/50/50 Hz,1.0,700,gps,911,18,0.18181030912665266,0.10116011391656936,0.042553340980132554,before_outage,0.30630287027262076
0.4165925951517174,1.0,,,held-out,zero,40,1.0,,,0.85,0.648,,0.1355810004182781,,,0.2384323895130967,0.010000000000005116,ekf3,,0.13690504760996872,1.0,,100/50/50 Hz,1.0,1500,gps,911,25,0.019366542372941248,0.07610662606792415,0.0189943251174309,outage_window,0.3477679488451538
0.35530912252959373,1.0,,,held-out,zero,60,1.0,,,0.85,1.0,,0.07701283791423714,,,0.16791055128116905,0.010000000000005116,ekf3,,0.08453858109528786,1.0,,100/50/50 Hz,1.0,2000,gps,911,40,0.023424763530712343,0.038394686116005335,0.034868244722096355,after_return,0.33115952117779046
0.1925377098879287,1.0,1.0,,held-out,zero,60,1.0,1.0,,0.85,0.0,,0.09413892303926687,1.0,,0.1444336316163864,0.010000000000005116,px4,,0.09533195333206126,1.0,,100/50/50 Hz,1.0,4700,denied,911,13,0.13230973915978494,0.01551039009459572,0.015034776190994446,flight,0.16668315259965702
0.2737218879441227,1.0,1.0,,held-out,zero,25,1.0,1.0,,0.85,0.0,,0.06025867326985709,1.0,,0.08270308939909261,0.010000000000001563,px4,,0.0633531714855626,1.0,,100/50/50 Hz,1.0,700,denied,911,18,0.03435181126332146,0.021660512307901426,0.0195580324428536,before_outage,0.24947922183299498
0.21094485225707163,1.0,1.0,,held-out,zero,40,1.0,1.0,,0.85,0.0,,0.07881490090031168,1.0,,0.1010985531362569,0.010000000000005116,px4,,0.07945899867206746,1.0,,100/50/50 Hz,1.0,1500,denied,911,25,0.08196694021871946,0.016101803246364167,0.010096725510860763,outage_window,0.1868454686038212
0.09730265475408244,1.0,1.0,,held-out,zero,60,1.0,1.0,,0.85,0.0,,0.12097331261001056,1.0,,0.1444336316163864,0.010000000000005116,px4,,0.12161639476210882,1.0,,100/50/50 Hz,1.0,2000,denied,911,40,0.13230973915978494,0.012740812873951249,0.012490200602622445,after_return,0.05954714903460542
0.41774699696285705,1.0,,,held-out,zero,60,1.0,,,0.85,0.0,,0.18870332517555627,,,0.3529389095439907,0.010000000000005116,ekf3,,0.1940564695926803,1.0,,100/50/50 Hz,1.0,4700,denied,911,13,0.23967663380028137,0.09764378239964698,0.04526553278669243,flight,0.36819291656063435
0.5075879248935554,1.0,,,held-out,zero,25,1.0,,,0.85,0.0,,0.20649432336521606,,,0.271915747285259,0.010000000000001563,ekf3,,0.2112177447816112,1.0,,100/50/50 Hz,1.0,700,denied,911,18,0.18314986796376106,0.10643716275141807,0.04441880377240508,before_outage,0.42715697152533516
0.3951581708126494,1.0,,,held-out,zero,40,1.0,,,0.85,0.0,,0.17561236916509365,,,0.24820915173855757,0.010000000000005116,ekf3,,0.17995800813090762,1.0,,100/50/50 Hz,1.0,1500,denied,911,25,0.12836135087799996,0.10333739792804043,0.03930878383601643,outage_window,0.331635929494392
0.4099863704142638,1.0,,,held-out,zero,60,1.0,,,0.85,0.0,,0.20078836473136355,,,0.3529389095439907,0.010000000000005116,ekf3,,0.20587363896695243,1.0,,100/50/50 Hz,1.0,2000,denied,911,40,0.23967663380028137,0.09402322231963525,0.045475133974514026,after_return,0.37660785218976606
0.1608793462441084,1.0,1.0,,held-out,zero,60,1.0,1.0,,0.85,0.8004255319148936,,0.052352243772681606,1.0,,0.09459510599596437,0.010000000000005116,px4,,0.09929771491089529,1.0,,100/50/50 Hz,1.0,4700,transition,911,13,0.024424698991670844,0.01703185288714125,0.08437581856486583,flight,0.12469810204465172
0.17427593296907098,1.0,1.0,,held-out,zero,25,1.0,1.0,,0.85,1.0,,0.03205575686346608,1.0,,0.0612812948323019,0.010000000000001563,px4,,0.09024787214230955,1.0,,100/50/50 Hz,1.0,700,transition,911,18,0.052792212677670466,0.01711201022401474,0.08436294730582258,before_outage,0.10684755938786704
0.10859043685213104,1.0,1.0,,held-out,zero,40,1.0,1.0,,0.85,0.46066666666666667,,0.06286777378850422,1.0,,0.08998010893144645,0.010000000000005116,px4,,0.08306281048397976,1.0,,100/50/50 Hz,1.0,1500,transition,911,25,0.05934826469266795,0.018165548143244167,0.054286955195286084,outage_window,0.03891175078931428
0.13481963223894397,1.0,1.0,,held-out,zero,60,1.0,1.0,,0.85,0.9355,,0.050103554364581825,1.0,,0.09459510599596437,0.010000000000005116,px4,,0.11449973337016818,1.0,,100/50/50 Hz,1.0,2000,transition,911,40,0.024424698991670844,0.016721721240119322,0.10295544075897592,after_return,0.10867431714499083
0.47860630850453045,1.0,,,held-out,zero,60,1.0,,,0.85,0.4238297872340426,,0.14008263696282147,,,0.2764099799671638,0.010000000000005116,ekf3,,0.1450902167199255,1.0,,100/50/50 Hz,1.0,4700,transition,911,13,0.022958007420893347,0.07967287266740751,0.037789228748114335,flight,0.4378509740340722
0.4077191533481338,1.0,,,held-out,zero,25,1.0,,,0.85,0.0,,0.1962656157959613,,,0.2552347849835027,0.010000000000001563,ekf3,,0.2008257423049628,1.0,,100/50/50 Hz,1.0,700,transition,911,18,0.18181030912665266,0.10116011391656936,0.042553340980132554,before_outage,0.30630287027262076
0.3580717983319298,1.0,,,held-out,zero,40,1.0,,,0.85,0.0,,0.16689034094881963,,,0.2384323895130967,0.010000000000005116,ekf3,,0.1711422257519943,1.0,,100/50/50 Hz,1.0,1500,transition,911,25,0.12531467879600933,0.09979846703722085,0.03791141692595165,outage_window,0.2833005557385988
0.5864966085844534,1.0,,,held-out,zero,60,1.0,,,0.85,0.996,,0.08410662633617734,,,0.2764099799671638,0.010000000000005116,ekf3,,0.09122271339229808,1.0,,100/50/50 Hz,1.0,2000,transition,911,40,0.022958007420893347,0.04678726786092436,0.03532221461063844,after_return,0.5673081411679162
0.15867244468855965,1.0,1.0,,held-out,nominal,60,1.0,1.0,,0.85,1.0,,0.04456059394562869,1.0,,0.09669062570116616,0.010000000000005116,px4,,0.08141929363353867,1.0,,100/50/50 Hz,1.0,4700,gps,911,13,0.023761870542078876,0.017061301858904747,0.068142900165734,flight,0.11968267197049146
0.17752172381012896,1.0,1.0,,held-out,nominal,25,1.0,1.0,,0.85,1.0,,0.032083108102127736,1.0,,0.06125637306805642,0.010000000000001563,px4,,0.08931587412926639,1.0,,100/50/50 Hz,1.0,700,gps,911,18,0.05273704458027883,0.017098746480846732,0.08335466121328874,before_outage,0.10781559498096471
0.1327728208380346,1.0,1.0,,held-out,nominal,40,1.0,1.0,,0.85,1.0,,0.04281834185423849,1.0,,0.08569314131291798,0.010000000000005116,px4,,0.07028650601645098,1.0,,100/50/50 Hz,1.0,1500,gps,911,25,0.031250446229116206,0.018698757749827086,0.05573851925602408,outage_window,0.076339835729805
0.10615041296229531,1.0,1.0,,held-out,nominal,60,1.0,1.0,,0.85,1.0,,0.04823751303199147,1.0,,0.09669062570116616,0.010000000000005116,px4,,0.08421415597810915,1.0,,100/50/50 Hz,1.0,2000,gps,911,40,0.023761870542078876,0.01634457374745363,0.06903018472808653,after_return,0.0734890926777507
0.4245062374151026,1.0,,,held-out,nominal,60,1.0,,,0.85,0.6251063829787235,,0.1774224633641275,,,0.8283299210062913,0.010000000000005116,ekf3,,0.18162917949578972,1.0,,100/50/50 Hz,1.0,4700,gps,911,13,0.030908344189293252,0.08949981974023113,0.0388642295448994,flight,0.37741001923058626
0.5466277100016292,1.0,,,held-out,nominal,25,1.0,,,0.85,0.0,,0.2658331952914369,,,0.36916262264898303,0.010000000000001563,ekf3,,0.2691775330074895,1.0,,100/50/50 Hz,1.0,700,gps,911,18,0.13263847155077993,0.12665656705227968,0.04229960469251288,before_outage,0.4670185667884952
0.47069172483884575,1.0,,,held-out,nominal,40,1.0,,,0.85,0.6253333333333333,,0.22442934804794032,,,0.8283299210062913,0.010000000000005116,ekf3,,0.22648842368921096,1.0,,100/50/50 Hz,1.0,1500,gps,911,25,0.006469124897151615,0.11091041885568408,0.03047086805458617,outage_window,0.40278803073023794
0.3755244861694279,1.0,,,held-out,nominal,60,1.0,,,0.85,1.0,,0.08406072035874293,,,0.17382736065929547,0.010000000000005116,ekf3,,0.09145999900082427,1.0,,100/50/50 Hz,1.0,2000,gps,911,40,0.030908344189293252,0.04684925052646922,0.03603785107355876,after_return,0.35783442413654737
0.19842247295816098,1.0,1.0,,held-out,nominal,60,1.0,1.0,,0.85,0.0,,0.09777360263089992,1.0,,0.14859184716306628,0.010000000000005116,px4,,0.09890175012616192,1.0,,100/50/50 Hz,1.0,4700,denied,911,13,0.13624478759204084,0.015779121321096636,0.014895596886081804,flight,0.17178064566118864
0.2822575321274803,1.0,1.0,,held-out,nominal,25,1.0,1.0,,0.85,0.0,,0.06326567911659235,1.0,,0.08586848289466409,0.010000000000001563,px4,,0.06611746922802887,1.0,,100/50/50 Hz,1.0,700,denied,911,18,0.03532806189767378,0.02209085241614128,0.01920868509387653,before_outage,0.2571285684944094
0.2153484325239668,1.0,1.0,,held-out,nominal,40,1.0,1.0,,0.85,0.0,,0.08262199181627064,1.0,,0.10537948870383126,0.010000000000005116,px4,,0.08320432663166957,1.0,,100/50/50 Hz,1.0,1500,denied,911,25,0.08605992337752688,0.016351599835837893,0.009826822403079572,outage_window,0.19033692685059259
0.0975269498457504,1.0,1.0,,held-out,nominal,60,1.0,1.0,,0.85,0.0,,0.12503733502851247,1.0,,0.14859184716306628,0.010000000000005116,px4,,0.1256728785239728,1.0,,100/50/50 Hz,1.0,2000,denied,911,40,0.13624478759204084,0.012836502275220872,0.012622885782132002,after_return,0.05759897363139726
0.3001700120391858,1.0,,,held-out,nominal,60,1.0,,,0.85,0.0,,0.26105007600431457,,,0.44252606498374086,0.010000000000005116,ekf3,,0.2665922803202674,1.0,,100/50/50 Hz,1.0,4700,denied,911,13,0.3046030350404638,0.11416453525022544,0.05407681337229117,flight,0.22026466444821566
0.5466277100016292,1.0,,,held-out,nominal,25,1.0,,,0.85,0.0,,0.2658331952914369,,,0.36916262264898303,0.010000000000001563,ekf3,,0.2691775330074895,1.0,,100/50/50 Hz,1.0,700,denied,911,18,0.13263847155077993,0.12665656705227968,0.04229960469251288,before_outage,0.4670185667884952
0.27065902615564563,1.0,,,held-out,nominal,40,1.0,,,0.85,0.0,,0.2652244609067129,,,0.3996096037782231,0.010000000000005116,ekf3,,0.2717817433957927,1.0,,100/50/50 Hz,1.0,1500,denied,911,25,0.08885548653468199,0.12338793425130186,0.05934055426097736,outage_window,0.1446740580031879
0.20123673982668594,1.0,,,held-out,nominal,60,1.0,,,0.85,0.0,,0.27974159566734913,,,0.44252606498374086,0.010000000000005116,ekf3,,0.28448562156375257,1.0,,100/50/50 Hz,1.0,2000,denied,911,40,0.3046030350404638,0.1086603249855115,0.05173691651036037,after_return,0.11536894805457219
0.1628681670590746,1.0,1.0,,held-out,nominal,60,1.0,1.0,,0.85,0.8029787234042554,,0.05237401633316928,1.0,,0.09459510599596437,0.010000000000005116,px4,,0.09816440887574332,1.0,,100/50/50 Hz,1.0,4700,transition,911,13,0.024424698991670844,0.017053127318894905,0.08302537915033589,flight,0.12519407659944298
0.17752172381012896,1.0,1.0,,held-out,nominal,25,1.0,1.0,,0.85,1.0,,0.032083108102127736,1.0,,0.06125637306805642,0.010000000000001563,px4,,0.08931587412926639,1.0,,100/50/50 Hz,1.0,700,transition,911,18,0.05273704458027883,0.017098746480846732,0.08335466121328874,before_outage,0.10781559498096471
0.11118549569303794,1.0,1.0,,held-out,nominal,40,1.0,1.0,,0.85,0.4686666666666667,,0.06292669249510878,1.0,,0.09008798784995055,0.010000000000005116,px4,,0.0825157089913984,1.0,,100/50/50 Hz,1.0,1500,transition,911,25,0.059409955126590634,0.018285765801716713,0.053376714042540754,outage_window,0.039400231228536454
0.13560268939566897,1.0,1.0,,held-out,nominal,60,1.0,1.0,,0.85,0.9355,,0.050119437034733434,1.0,,0.09459510599596437,0.010000000000005116,px4,,0.11294839134121935,1.0,,100/50/50 Hz,1.0,2000,transition,911,40,0.024424698991670844,0.016671696969982736,0.10121947015219268,after_return,0.10853011496138446
0.46547760838796487,1.0,,,held-out,nominal,60,1.0,,,0.85,0.4208510638297872,,0.19724327050716062,,,0.5265598197156317,0.010000000000005116,ekf3,,0.20327376494644075,1.0,,100/50/50 Hz,1.0,4700,transition,911,13,0.031228313542870558,0.10288188079167672,0.049145862034762476,flight,0.4203301589226172
0.5466277100016292,1.0,,,held-out,nominal,25,1.0,,,0.85,0.0,,0.2658331952914369,,,0.36916262264898303,0.010000000000001563,ekf3,,0.2691775330074895,1.0,,100/50/50 Hz,1.0,700,transition,911,18,0.13263847155077993,0.12665656705227968,0.04229960469251288,before_outage,0.4670185667884952
0.27065902615564563,1.0,,,held-out,nominal,40,1.0,,,0.85,0.0,,0.2652244609067129,,,0.3996096037782231,0.010000000000005116,ekf3,,0.2717817433957927,1.0,,100/50/50 Hz,1.0,1500,transition,911,25,0.08885548653468199,0.12338789742810591,0.05934055426097736,outage_window,0.1446740580031879
0.5813170393827185,1.0,,,held-out,nominal,60,1.0,,,0.85,0.989,,0.09765300536079573,,,0.5265598197156317,0.010000000000005116,ekf3,,0.10496047308866133,1.0,,100/50/50 Hz,1.0,2000,transition,911,40,0.031228313542870558,0.07779622557775662,0.03847845442582121,after_return,0.5607924017009505
0.15814067899965198,1.0,1.0,,held-out,stress,60,1.0,1.0,,0.85,1.0,,0.044632769668374934,1.0,,0.09669062570116616,0.010000000000005116,px4,,0.08470930814724557,1.0,,100/50/50 Hz,1.0,4700,gps,911,13,0.023783378883482136,0.017046268426322096,0.07199710243138119,flight,0.11849778883530131
0.17632616554766206,1.0,1.0,,held-out,stress,25,1.0,1.0,,0.85,1.0,,0.032055092837882514,1.0,,0.06089490987058687,0.010000000000001563,px4,,0.09290394647481487,1.0,,100/50/50 Hz,1.0,700,gps,911,18,0.05284380542062754,0.017091010270067045,0.08719870580318266,before_outage,0.10524252220180355
0.1329789890227045,1.0,1.0,,held-out,stress,40,1.0,1.0,,0.85,1.0,,0.04284002229561731,1.0,,0.08572687306183963,0.010000000000005116,px4,,0.07327216412669835,1.0,,100/50/50 Hz,1.0,1500,gps,911,25,0.03127593195254346,0.018684908548570585,0.05944360794501654,outage_window,0.07644696382590596
0.10664567894247558,1.0,1.0,,held-out,stress,60,1.0,1.0,,0.85,1.0,,0.0482453630844956,1.0,,0.09669062570116616,0.010000000000005116,px4,,0.08742461793381519,1.0,,100/50/50 Hz,1.0,2000,gps,911,40,0.023783378883482136,0.01633596840865411,0.07290712421786194,after_return,0.07352874162481605
0.3769864760411826,1.0,,,held-out,stress,60,1.0,,,0.85,0.6059574468085106,,0.14521622891630848,,,0.7351782457185773,0.010000000000005116,ekf3,,0.1491710705679932,1.0,,100/50/50 Hz,1.0,4700,gps,911,13,0.02052891351308717,0.07311386568880858,0.034121183357666646,flight,0.3144498016387269
0.37194545145753566,1.0,,,held-out,stress,25,1.0,,,0.85,0.0,,0.22094793794334436,,,0.28187343696823136,0.010000000000001563,ekf3,,0.22310460614119096,1.0,,100/50/50 Hz,1.0,700,gps,911,18,0.23909188737603604,0.10688438182287768,0.030946308342030073,before_outage,0.21577086121899944
0.44818031766512867,1.0,,,held-out,stress,40,1.0,,,0.85,0.5653333333333334,,0.17600900359326788,,,0.7351782457185773,0.010000000000005116,ekf3,,0.17868034355396134,1.0,,100/50/50 Hz,1.0,1500,gps,911,25,0.008808704452355596,0.08920474965166132,0.030781420153506028,outage_window,0.37391393995228345
0.32700387165362643,1.0,,,held-out,stress,60,1.0,,,0.85,1.0,,0.07740303565968769,,,0.1669876204879554,0.010000000000005116,ekf3,,0.08316283174793224,1.0,,100/50/50 Hz,1.0,2000,gps,911,40,0.02052891351308717,0.03836110379234528,0.03041096274372122,after_return,0.29869897283046914
0.1984794950501271,1.0,1.0,,held-out,stress,60,1.0,1.0,,0.85,0.0,,0.09422477879168441,1.0,,0.14472552022313143,0.010000000000005116,px4,,0.09562916376189497,1.0,,100/50/50 Hz,1.0,4700,denied,911,13,0.13291054828033946,0.015759079609223424,0.016328748373879348,flight,0.17123458617004003
0.28236414065028836,1.0,1.0,,held-out,stress,25,1.0,1.0,,0.85,0.0,,0.06140803509628257,1.0,,0.08559882564895188,0.010000000000001563,px4,,0.06516435740455645,1.0,,100/50/50 Hz,1.0,700,denied,911,18,0.03770623891018304,0.022108534172139743,0.021804740346138024,before_outage,0.2569752641965735
0.21550085232951627,1.0,1.0,,held-out,stress,40,1.0,1.0,,0.85,0.0,,0.07866319946649972,1.0,,0.10081386264815098,0.010000000000005116,px4,,0.07941842851246589,1.0,,100/50/50 Hz,1.0,1500,denied,911,25,0.08124630754003878,0.016308538841488106,0.010926474137768928,outage_window,0.1900307589583357
0.09887803717644723,1.0,1.0,,held-out,stress,60,1.0,1.0,,0.85,0.0,,0.12084814838263469,1.0,,0.14472552022313143,0.010000000000005116,px4,,0.12155264940363308,1.0,,100/50/50 Hz,1.0,2000,denied,911,40,0.13291054828033946,0.012830062723848549,0.013067961184945801,after_return,0.05832875063979894
0.34822019788727493,1.0,,,held-out,stress,60,1.0,,,0.85,0.0,,0.21063043070458207,,,0.3710778996683863,0.010000000000005116,ekf3,,0.21568244018269903,1.0,,100/50/50 Hz,1.0,4700,denied,911,13,0.2784088638075733,0.08809559268446544,0.04640836847343166,flight,0.27889560076189274
0.37194545145753566,1.0,,,held-out,stress,25,1.0,,,0.85,0.0,,0.22094793794334436,,,0.28187343696823136,0.010000000000001563,ekf3,,0.22310460614119096,1.0,,100/50/50 Hz,1.0,700,denied,911,18,0.23909188737603604,0.10688438182287768,0.030946308342030073,before_outage,0.21577086121899944
0.44215181306706364,1.0,,,held-out,stress,40,1.0,,,0.85,0.0,,0.19486681171794565,,,0.2636034029841218,0.010000000000005116,ekf3,,0.20208983694333557,1.0,,100/50/50 Hz,1.0,1500,denied,911,25,0.12785528690141412,0.09102670319818089,0.05354650209553064,outage_window,0.3834262806726599
0.2488624979107102,1.0,,,held-out,stress,60,1.0,,,0.85,0.0,,0.2354734601234493,,,0.3710778996683863,0.010000000000005116,ekf3,,0.23928656373166812,1.0,,100/50/50 Hz,1.0,2000,denied,911,40,0.2784088638075733,0.08307228843078067,0.042547728023949766,after_return,0.18504756654251306
0.1624436600138849,1.0,1.0,,held-out,stress,60,1.0,1.0,,0.85,0.8040425531914893,,0.052461032250566926,1.0,,0.09459510599596437,0.010000000000005116,px4,,0.10125108716653645,1.0,,100/50/50 Hz,1.0,4700,transition,911,13,0.024424698991670844,0.01702639068335848,0.08660036228336773,flight,0.12408265961669246
0.17632616554766206,1.0,1.0,,held-out,stress,25,1.0,1.0,,0.85,1.0,,0.032055092837882514,1.0,,0.06089490987058687,0.010000000000001563,px4,,0.09290394647481487,1.0,,100/50/50 Hz,1.0,700,transition,911,18,0.05284380542062754,0.017091010270067045,0.08719870580318266,before_outage,0.10524252220180355
0.11135665572647375,1.0,1.0,,held-out,stress,40,1.0,1.0,,0.85,0.472,,0.06300936232333626,1.0,,0.09012090579105296,0.010000000000005116,px4,,0.08488210567628081,1.0,,100/50/50 Hz,1.0,1500,transition,911,25,0.05954793512462183,0.018255962712084666,0.05687523295465112,outage_window,0.038940270107741294
0.13629886815099573,1.0,1.0,,held-out,stress,60,1.0,1.0,,0.85,0.9355,,0.05012593102785983,1.0,,0.09459510599596437,0.010000000000005116,px4,,0.11616718339922752,1.0,,100/50/50 Hz,1.0,2000,transition,911,40,0.024424698991670844,0.016648016782049982,0.10479601871015903,after_return,0.10879363563401541
0.43794345694210485,1.0,,,held-out,stress,60,1.0,,,0.85,0.4208510638297872,,0.15605612748610467,,,0.5265598197156317,0.010000000000005116,ekf3,,0.16143097639978826,1.0,,100/50/50 Hz,1.0,4700,transition,911,13,0.02043752259756072,0.08339322009391868,0.041309142032117246,flight,0.3858042747506545
0.37194545145753566,1.0,,,held-out,stress,25,1.0,,,0.85,0.0,,0.22094793794334436,,,0.28187343696823136,0.010000000000001563,ekf3,,0.22310460614119096,1.0,,100/50/50 Hz,1.0,700,transition,911,18,0.23909188737603604,0.10688438182287768,0.030946308342030073,before_outage,0.21577086121899944
0.4421517729901589,1.0,,,held-out,stress,40,1.0,,,0.85,0.0,,0.19486681171794565,,,0.2636034029841218,0.010000000000005116,ekf3,,0.20208983694333557,1.0,,100/50/50 Hz,1.0,1500,transition,911,25,0.12785528690141412,0.09102670319818089,0.05354650209553064,outage_window,0.38342628162291914
0.4771738758687233,1.0,,,held-out,stress,60,1.0,,,0.85,0.989,,0.0917624182459216,,,0.5265598197156317,0.010000000000005116,ekf3,,0.09580978894319436,1.0,,100/50/50 Hz,1.0,2000,transition,911,40,0.02043752259756072,0.07075277391777507,0.027553116974309826,after_return,0.44859639958641745
0.2587851008494411,1.0,1.0,,held-out,zero,60,1.0,1.0,,0.85,1.0,,0.053444964362169,1.0,,0.10689451577825894,0.010000000000005116,px4,,0.1093932528757656,1.0,,25/25/25 Hz,1.0,4700,gps,101,13,0.061327707843184115,0.019856434135823737,0.09544904168752918,flight,0.24717670355404178
0.24875552358123923,1.0,1.0,,held-out,zero,25,1.0,1.0,,0.85,1.0,,0.0625413337596899,1.0,,0.10218254805694373,0.010000000000001563,px4,,0.09571337386890871,1.0,,25/25/25 Hz,1.0,700,gps,101,18,0.03146671702773602,0.024835587115298745,0.0724543408563529,before_outage,0.23060653033805262
0.14088169520217717,1.0,1.0,,held-out,zero,40,1.0,1.0,,0.85,1.0,,0.05067717910731122,1.0,,0.10689451577825894,0.010000000000005116,px4,,0.10282652680700231,1.0,,25/25/25 Hz,1.0,1500,gps,101,25,0.03204618512199736,0.017418743135867137,0.08947132575812582,outage_window,0.11290322464029104
0.08556855842735298,1.0,1.0,,held-out,zero,60,1.0,1.0,,0.85,1.0,,0.05162133780613725,1.0,,0.09502863153883172,0.010000000000005116,px4,,0.12160281502069693,1.0,,25/25/25 Hz,1.0,2000,gps,101,40,0.061327707843184115,0.017589678025769804,0.11010214395761103,after_return,0.05860733852847261
0.48736776391497266,1.0,,,held-out,zero,60,1.0,,,0.85,0.5621276595744681,,0.14500410917732875,,,0.342342783126111,0.010000000000005116,ekf3,,0.1519760166113481,1.0,,25/25/25 Hz,1.0,4700,gps,101,13,0.07644330428891631,0.07428317391125017,0.045502944374425695,flight,0.4522395868003057
0.40832132707244695,1.0,,,held-out,zero,25,1.0,,,0.85,0.0,,0.22304032479467764,,,0.3053082778761567,0.010000000000001563,ekf3,,0.22564179877838206,1.0,,25/25/25 Hz,1.0,700,gps,101,18,0.15142985778260873,0.10357735762234409,0.034164819206730354,before_outage,0.31365785047268874
0.5988927132151395,1.0,,,held-out,zero,40,1.0,,,0.85,0.428,,0.17834750291557794,,,0.342342783126111,0.010000000000005116,ekf3,,0.1840899772472384,1.0,,25/25/25 Hz,1.0,1500,gps,101,25,0.028800885477203397,0.08999953228250095,0.045621134649049086,outage_window,0.5619071005859482
0.4300841304367049,1.0,,,held-out,zero,60,1.0,,,0.85,1.0,,0.0587265574899683,,,0.10645853273218565,0.010000000000005116,ekf3,,0.07533508485176446,1.0,,25/25/25 Hz,1.0,2000,gps,101,40,0.07644330428891631,0.03670558595611776,0.047186507128627354,after_return,0.41006057457813055
0.3797051536798796,1.0,1.0,,held-out,zero,60,1.0,1.0,,0.85,0.0,,0.09973431524298665,1.0,,0.18604313992963145,0.010000000000005116,px4,,0.25835578872630266,1.0,,25/25/25 Hz,1.0,4700,denied,101,13,0.18002196205754611,0.02339326079145593,0.2383291420103771,flight,0.3681232107917806
0.43629914487721483,1.0,1.0,,held-out,zero,25,1.0,1.0,,0.85,0.0,,0.04480306743341285,1.0,,0.06059382162460824,0.010000000000001563,px4,,0.21053163128237087,1.0,,25/25/25 Hz,1.0,700,denied,101,18,0.034107514835472516,0.026041802410263864,0.2057091464154504,before_outage,0.42481887419877606
0.44729578435655654,1.0,1.0,,held-out,zero,40,1.0,1.0,,0.85,0.0,,0.06912882629577718,1.0,,0.11073525826639347,0.010000000000005116,px4,,0.25249845662818426,1.0,,25/25/25 Hz,1.0,1500,denied,101,25,0.04773862292344828,0.026410451802392675,0.24285113953733745,outage_window,0.4365399557584445
0.16314034470549257,1.0,1.0,,held-out,zero,60,1.0,1.0,,0.85,0.0,,0.1369778943851029,1.0,,0.18604313992963145,0.010000000000005116,px4,,0.285410801290802,1.0,,25/25/25 Hz,1.0,2000,denied,101,40,0.18002196205754611,0.01816257053420509,0.2503924558433845,after_return,0.1425687009140976
0.3795284303689831,1.0,,,held-out,zero,60,1.0,,,0.85,0.0,,0.3005508693576894,,,0.5433863158446492,0.010000000000005116,ekf3,,0.30601636701787094,1.0,,25/25/25 Hz,1.0,4700,denied,101,13,0.4201413209082325,0.09810369861241283,0.05757770237820739,flight,0.32638418886141857
0.4240813174188348,1.0,,,held-out,zero,25,1.0,,,0.85,0.0,,0.23818605554206948,,,0.32124452927031383,0.010000000000001563,ekf3,,0.24231516307216475,1.0,,25/25/25 Hz,1.0,700,denied,101,18,0.14950232739869682,0.10641136880061101,0.044542577383891925,before_outage,0.33403438438791305
0.3807445831561096,1.0,,,held-out,zero,40,1.0,,,0.85,0.0,,0.24961721570047635,,,0.3726461511812462,0.010000000000005116,ekf3,,0.25629690857946663,1.0,,25/25/25 Hz,1.0,1500,denied,101,25,0.09434787996266177,0.10634656427265572,0.058132185347992325,outage_window,0.3118085672281854
0.3452934340099202,1.0,,,held-out,zero,60,1.0,,,0.85,0.0,,0.37472525969521575,,,0.5433863158446492,0.010000000000005116,ekf3,,0.37798481596308453,1.0,,25/25/25 Hz,1.0,2000,denied,101,40,0.4201413209082325,0.09223243267771487,0.04953282593391982,after_return,0.3092975594457804
0.26388491774598166,1.0,1.0,,held-out,zero,60,1.0,1.0,,0.85,0.8004255319148936,,0.06715137271192004,1.0,,0.14536696627529144,0.010000000000005116,px4,,0.10945526260262178,1.0,,25/25/25 Hz,1.0,4700,transition,101,13,0.060979427006974424,0.019246624864806817,0.08643580076746958,flight,0.25142066948278985
0.24875552358123923,1.0,1.0,,held-out,zero,25,1.0,1.0,,0.85,1.0,,0.0625413337596899,1.0,,0.10218254805694373,0.010000000000001563,px4,,0.09571337386890871,1.0,,25/25/25 Hz,1.0,700,transition,101,18,0.03146671702773602,0.024835587115298745,0.0724543408563529,before_outage,0.23060653033805262
0.12045136562625844,1.0,1.0,,held-out,zero,40,1.0,1.0,,0.85,0.46066666666666667,,0.07566490019686146,1.0,,0.10827221618374848,0.010000000000005116,px4,,0.12445630636404155,1.0,,25/25/25 Hz,1.0,1500,transition,101,25,0.10175452800011378,0.01348963972500294,0.09881394168830207,outage_window,0.07842471359508578
0.1326284052691569,1.0,1.0,,held-out,zero,60,1.0,1.0,,0.85,0.9355,,0.06466395630172513,1.0,,0.14536696627529144,0.010000000000005116,px4,,0.10550866157896785,1.0,,25/25/25 Hz,1.0,2000,transition,101,40,0.060979427006974424,0.018559141652262526,0.08337056089288203,after_return,0.11556391336398603
0.45450843403559626,1.0,,,held-out,zero,60,1.0,,,0.85,0.4238297872340426,,0.16467391631549527,,,0.3320220898865847,0.010000000000005116,ekf3,,0.17247385664900716,1.0,,25/25/25 Hz,1.0,4700,transition,101,13,0.0764004045705375,0.08026175481893995,0.05128091762731558,flight,0.4114389296572024
0.40832132707244695,1.0,,,held-out,zero,25,1.0,,,0.85,0.0,,0.22304032479467764,,,0.3053082778761567,0.010000000000001563,ekf3,,0.22564179877838206,1.0,,25/25/25 Hz,1.0,700,transition,101,18,0.15142985778260873,0.10357735762234409,0.034164819206730354,before_outage,0.31365785047268874
0.3913343290604322,1.0,,,held-out,zero,40,1.0,,,0.85,0.0,,0.2246427599997484,,,0.3320220898865847,0.010000000000005116,ekf3,,0.23136676410763474,1.0,,25/25/25 Hz,1.0,1500,transition,101,25,0.08314431354455278,0.10223361404121344,0.05537336826790775,outage_window,0.32363873533908527
0.5161285346242526,1.0,,,held-out,zero,60,1.0,,,0.85,0.996,,0.06140827893724966,,,0.11010671031487497,0.010000000000005116,ekf3,,0.08107407672638067,1.0,,25/25/25 Hz,1.0,2000,transition,101,40,0.0764004045705375,0.041889825917653285,0.052934196839094484,after_return,0.4935453514179571
0.2514044526915803,1.0,1.0,,held-out,nominal,60,1.0,1.0,,0.85,1.0,,0.05343509192090839,1.0,,0.10683299431434881,0.010000000000005116,px4,,0.06496917368229856,1.0,,25/25/25 Hz,1.0,4700,gps,101,13,0.061327707843184115,0.019866123122569104,0.03695516852031319,flight,0.23895864151614662
0.24957365888338115,1.0,1.0,,held-out,nominal,25,1.0,1.0,,0.85,1.0,,0.06256103096402085,1.0,,0.10226702103790765,0.010000000000001563,px4,,0.07235106236703315,1.0,,25/25/25 Hz,1.0,700,gps,101,18,0.031368409681793864,0.024856973435260415,0.03634272458632048,before_outage,0.23078070515920782
0.1412703473104188,1.0,1.0,,held-out,nominal,40,1.0,1.0,,0.85,1.0,,0.050653119398248764,1.0,,0.10683299431434881,0.010000000000005116,px4,,0.058573184540104004,1.0,,25/25/25 Hz,1.0,1500,gps,101,25,0.03203105895665295,0.017396168992112358,0.029412232869944332,outage_window,0.11221453452491743
0.08599168048375316,1.0,1.0,,held-out,nominal,60,1.0,1.0,,0.85,1.0,,0.051625643741965745,1.0,,0.09506657842311896,0.010000000000005116,px4,,0.06862586470976516,1.0,,25/25/25 Hz,1.0,2000,gps,101,40,0.061327707843184115,0.01759644722055935,0.0452139604037362,after_return,0.05820606754515884
0.4251584567733972,1.0,,,held-out,nominal,60,1.0,,,0.85,0.5612765957446808,,0.16042578233591864,,,0.4021671801981514,0.010000000000005116,ekf3,,0.16853015613522687,1.0,,25/25/25 Hz,1.0,4700,gps,101,13,0.0863692594105906,0.08437460910570609,0.051633147191241395,flight,0.39269226269974794
0.30224112069399545,1.0,,,held-out,nominal,25,1.0,,,0.85,0.0,,0.24526546401193258,,,0.3026290181280088,0.010000000000001563,ekf3,,0.24671117591771735,1.0,,25/25/25 Hz,1.0,700,gps,101,18,0.2682646316920051,0.10459256604044816,0.026669392301180875,before_outage,0.20309823330607563
0.5450396824157216,1.0,,,held-out,nominal,40,1.0,,,0.85,0.42533333333333334,,0.20388364472203144,,,0.4021671801981514,0.010000000000005116,ekf3,,0.21166991604494217,1.0,,25/25/25 Hz,1.0,1500,gps,101,25,0.048004914210162015,0.11522978880841275,0.05688244697033817,outage_window,0.5081108185665351
0.4052429173103049,1.0,,,held-out,nominal,60,1.0,,,0.85,1.0,,0.06277775813440585,,,0.11342586341321066,0.010000000000005116,ekf3,,0.0806531256144606,1.0,,25/25/25 Hz,1.0,2000,gps,101,40,0.0863692594105906,0.03948613488241405,0.050634768242779585,after_return,0.38924869317634936
0.36386946815802484,1.0,1.0,,held-out,nominal,60,1.0,1.0,,0.85,0.0,,0.09918890572636646,1.0,,0.18546393922620147,0.010000000000005116,px4,,0.22324793580662783,1.0,,25/25/25 Hz,1.0,4700,denied,101,13,0.17948775122928456,0.022823302400153636,0.20000300453424746,flight,0.3513788334958043
0.4127573352280023,1.0,1.0,,held-out,nominal,25,1.0,1.0,,0.85,0.0,,0.04340491984962927,1.0,,0.05938287513278776,0.010000000000001563,px4,,0.17278834636283932,1.0,,25/25/25 Hz,1.0,700,denied,101,18,0.0330578926319269,0.024811084010790962,0.1672477969112053,before_outage,0.40006080010542533
0.43764276404759006,1.0,1.0,,held-out,nominal,40,1.0,1.0,,0.85,0.0,,0.06846530471964934,1.0,,0.1100583029506523,0.010000000000005116,px4,,0.21561176548259398,1.0,,25/25/25 Hz,1.0,1500,denied,101,25,0.04755331462697882,0.025916106410698244,0.20445277074220997,outage_window,0.4262998575750038
0.16294119459349787,1.0,1.0,,held-out,nominal,60,1.0,1.0,,0.85,0.0,,0.13657136031870015,1.0,,0.18546393922620147,0.010000000000005116,px4,,0.2521773113152546,1.0,,25/25/25 Hz,1.0,2000,denied,101,40,0.17948775122928456,0.01815438574542537,0.21199448078403038,after_return,0.14170813128452195
0.24705403117966412,1.0,,,held-out,nominal,60,1.0,,,0.85,0.0,,0.22345545887258547,,,0.3590265556386459,0.010000000000005116,ekf3,,0.23015643135286368,1.0,,25/25/25 Hz,1.0,4700,denied,101,13,0.3158166089000257,0.09698256775672383,0.05513293746144602,flight,0.17410741866571133
0.30224112069399545,1.0,,,held-out,nominal,25,1.0,,,0.85,0.0,,0.24526546401193258,,,0.3026290181280088,0.010000000000001563,ekf3,,0.24671117591771735,1.0,,25/25/25 Hz,1.0,700,denied,101,18,0.2682646316920051,0.10459256604044816,0.026669392301180875,before_outage,0.20309823330607563
0.3191511649736128,1.0,,,held-out,nominal,40,1.0,,,0.85,0.0,,0.2264211771235145,,,0.33237205104365186,0.010000000000005116,ekf3,,0.2349375931249217,1.0,,25/25/25 Hz,1.0,1500,denied,101,25,0.1658714633796333,0.10208600792288572,0.06268271861791999,outage_window,0.2467860232142385
0.17110952415066058,1.0,,,held-out,nominal,60,1.0,,,0.85,0.0,,0.23136103788910461,,,0.3590265556386459,0.010000000000005116,ekf3,,0.2375916143367095,1.0,,25/25/25 Hz,1.0,2000,denied,101,40,0.3158166089000257,0.09526172452080205,0.054054096514510354,after_return,0.09120863596876465
0.25653202470891157,1.0,1.0,,held-out,nominal,60,1.0,1.0,,0.85,0.8029787234042554,,0.06712980281755405,1.0,,0.14539929508024776,0.010000000000005116,px4,,0.07411248981973409,1.0,,25/25/25 Hz,1.0,4700,transition,101,13,0.06101148460181012,0.01924889280475062,0.03140462897339343,flight,0.24318733344641602
0.24957365888338115,1.0,1.0,,held-out,nominal,25,1.0,1.0,,0.85,1.0,,0.06256103096402085,1.0,,0.10226702103790765,0.010000000000001563,px4,,0.07235106236703315,1.0,,25/25/25 Hz,1.0,700,transition,101,18,0.031368409681793864,0.024856973435260415,0.03634272458632048,before_outage,0.23078070515920782
0.12084325538692534,1.0,1.0,,held-out,nominal,40,1.0,1.0,,0.85,0.4686666666666667,,0.07561304954001663,1.0,,0.10823255552817213,0.010000000000005116,px4,,0.08333641686968855,1.0,,25/25/25 Hz,1.0,1500,transition,101,25,0.10167068442061312,0.013472207655337345,0.03503748158668799,outage_window,0.07718599388127888
0.13240378825765825,1.0,1.0,,held-out,nominal,60,1.0,1.0,,0.85,0.9355,,0.06466528637883524,1.0,,0.14539929508024776,0.010000000000005116,px4,,0.07115000272720849,1.0,,25/25/25 Hz,1.0,2000,transition,101,40,0.06101148460181012,0.01854032642464095,0.029676988149490505,after_return,0.11469548528291595
0.35990555253661577,1.0,,,held-out,nominal,60,1.0,,,0.85,0.4208510638297872,,0.17352049543727488,,,0.4478745254744513,0.010000000000005116,ekf3,,0.18254492549964169,1.0,,25/25/25 Hz,1.0,4700,transition,101,13,0.08650547964073614,0.08641639932598785,0.05668586674712135,flight,0.31607620603628034
0.30224112069399545,1.0,,,held-out,nominal,25,1.0,,,0.85,0.0,,0.24526546401193258,,,0.3026290181280088,0.010000000000001563,ekf3,,0.24671117591771735,1.0,,25/25/25 Hz,1.0,700,transition,101,18,0.2682646316920051,0.10459256604044816,0.026669392301180875,before_outage,0.20309823330607563
0.3191511649736128,1.0,,,held-out,nominal,40,1.0,,,0.85,0.0,,0.2264211771235145,,,0.33237205104365186,0.010000000000005116,ekf3,,0.2349375931249217,1.0,,25/25/25 Hz,1.0,1500,transition,101,25,0.1658714633796333,0.10208600792288572,0.06268271861791999,outage_window,0.2467860232142385
0.4361706127798977,1.0,,,held-out,nominal,60,1.0,,,0.85,0.989,,0.08333023106710293,,,0.4478745254744513,0.010000000000005116,ekf3,,0.10135996495015558,1.0,,25/25/25 Hz,1.0,2000,transition,101,40,0.08650547964073614,0.06723770426303,0.057705416426883184,after_return,0.4145567946937241
0.24472020545428808,1.0,1.0,,held-out,stress,60,1.0,1.0,,0.85,1.0,,0.053411399752732534,1.0,,0.10687037254006393,0.010000000000005116,px4,,0.12730481700024882,1.0,,25/25/25 Hz,1.0,4700,gps,101,13,0.061327707843184115,0.019927902020782692,0.11555837835449509,flight,0.23166024190725779
0.25052043309036254,1.0,1.0,,held-out,stress,25,1.0,1.0,,0.85,1.0,,0.06253690290299932,1.0,,0.10237171081267735,0.010000000000001563,px4,,0.11096403955751781,1.0,,25/25/25 Hz,1.0,700,gps,101,18,0.031248151532928467,0.02491626827774818,0.09166326336228278,before_outage,0.23086505753845604
0.14066528600686545,1.0,1.0,,held-out,stress,40,1.0,1.0,,0.85,1.0,,0.050616721040795065,1.0,,0.10687037254006393,0.010000000000005116,px4,,0.12092122635024284,1.0,,25/25/25 Hz,1.0,1500,gps,101,25,0.03203105895665295,0.01739906062587735,0.10981753290401765,outage_window,0.11151631186964668
0.08421685448715316,1.0,1.0,,held-out,stress,60,1.0,1.0,,0.85,1.0,,0.05161948604019319,1.0,,0.0951970879085231,0.010000000000005116,px4,,0.14033018950488016,1.0,,25/25/25 Hz,1.0,2000,gps,101,40,0.061327707843184115,0.01757145857507873,0.1304913435727515,after_return,0.057642986243035495
0.46499667307840886,1.0,,,held-out,stress,60,1.0,,,0.85,0.5591489361702128,,0.16154546618649243,,,0.4218874194392792,0.010000000000005116,ekf3,,0.16920393623838173,1.0,,25/25/25 Hz,1.0,4700,gps,101,13,0.08536583653176427,0.08685692034012558,0.05032925981127863,flight,0.4266741897821975
0.4521777426175794,1.0,,,held-out,stress,25,1.0,,,0.85,0.0,,0.24696855690201824,,,0.3238547346018093,0.010000000000001563,ekf3,,0.2497958284816559,1.0,,25/25/25 Hz,1.0,700,gps,101,18,0.29194876731962577,0.11215964108364862,0.0374764970157488,before_outage,0.3607514594765287
0.5248660702887593,1.0,,,held-out,stress,40,1.0,,,0.85,0.4186666666666667,,0.20531945851742162,,,0.4218874194392792,0.010000000000005116,ekf3,,0.21209958673357637,1.0,,25/25/25 Hz,1.0,1500,gps,101,25,0.0441946626446788,0.1150864815855966,0.05319919780096939,outage_window,0.4814225635928892
0.4522865296132143,1.0,,,held-out,stress,60,1.0,,,0.85,1.0,,0.06462791537479527,,,0.11534025835956681,0.010000000000005116,ekf3,,0.08008473550366324,1.0,,25/25/25 Hz,1.0,2000,gps,101,40,0.08536583653176427,0.042742290736561196,0.0472947926837617,after_return,0.43248042745325427
0.3701936674814289,1.0,1.0,,held-out,stress,60,1.0,1.0,,0.85,0.0,,0.10052077434734713,1.0,,0.18730528565991036,0.010000000000005116,px4,,0.2686562854965601,1.0,,25/25/25 Hz,1.0,4700,denied,101,13,0.18125831988902621,0.023111696735245595,0.24914207525309515,flight,0.3563785287655787
0.42328066763651584,1.0,1.0,,held-out,stress,25,1.0,1.0,,0.85,0.0,,0.04423691201890973,1.0,,0.06236260385334754,0.010000000000001563,px4,,0.22066814371796634,1.0,,25/25/25 Hz,1.0,700,denied,101,18,0.03351975988317983,0.025512736575833205,0.21618863352860226,before_outage,0.40878311815914936
0.4396357336664963,1.0,1.0,,held-out,stress,40,1.0,1.0,,0.85,0.0,,0.06888063878535323,1.0,,0.10982324079084343,0.010000000000005116,px4,,0.26295786051586756,1.0,,25/25/25 Hz,1.0,1500,denied,101,25,0.04921490989164145,0.026025559910778387,0.25377607059690277,outage_window,0.42722935288766495
0.1649731466636773,1.0,1.0,,held-out,stress,60,1.0,1.0,,0.85,0.0,,0.1385964028644044,1.0,,0.18730528565991036,0.010000000000005116,px4,,0.2958321560348332,1.0,,25/25/25 Hz,1.0,2000,denied,101,40,0.18125831988902621,0.018260624231696047,0.2613574212783437,after_return,0.1427425760567681
0.32307857897186465,1.0,,,held-out,stress,60,1.0,,,0.85,0.0,,0.22461865838057074,,,0.39191193157035237,0.010000000000005116,ekf3,,0.2311546945245377,1.0,,25/25/25 Hz,1.0,4700,denied,101,13,0.2915716810343248,0.09903765133782852,0.05457976830332649,flight,0.254814800136929
0.4521777426175794,1.0,,,held-out,stress,25,1.0,,,0.85,0.0,,0.24696855690201824,,,0.3238547346018093,0.010000000000001563,ekf3,,0.2497958284816559,1.0,,25/25/25 Hz,1.0,700,denied,101,18,0.29194876731962577,0.11215964108364862,0.0374764970157488,before_outage,0.3607514594765287
0.27406193933466305,1.0,,,held-out,stress,40,1.0,,,0.85,0.0,,0.20881693896872075,,,0.2930383906768981,0.010000000000005116,ekf3,,0.2182326227681518,1.0,,25/25/25 Hz,1.0,1500,denied,101,25,0.14706351883914345,0.10217487604763925,0.06341106874986417,outage_window,0.16466118526772341
0.303339603315631,1.0,,,held-out,stress,60,1.0,,,0.85,0.0,,0.2456185283951656,,,0.39191193157035237,0.010000000000005116,ekf3,,0.25043972616381527,1.0,,25/25/25 Hz,1.0,2000,denied,101,40,0.2915716810343248,0.0961872018089431,0.048903935935668816,after_return,0.2555336413606329
0.24995015774963092,1.0,1.0,,held-out,stress,60,1.0,1.0,,0.85,0.8040425531914893,,0.06708468173301926,1.0,,0.14541703417383575,0.010000000000005116,px4,,0.12588041702749003,1.0,,25/25/25 Hz,1.0,4700,transition,101,13,0.06101148460181012,0.019300929102108604,0.1065153738565204,flight,0.23592304176832019
0.25052043309036254,1.0,1.0,,held-out,stress,25,1.0,1.0,,0.85,1.0,,0.06253690290299932,1.0,,0.10237171081267735,0.010000000000001563,px4,,0.11096403955751781,1.0,,25/25/25 Hz,1.0,700,transition,101,18,0.031248151532928467,0.02491626827774818,0.09166326336228278,before_outage,0.23086505753845604
0.12053572454084031,1.0,1.0,,held-out,stress,40,1.0,1.0,,0.85,0.472,,0.07553622742266118,1.0,,0.10820316533205059,0.010000000000005116,px4,,0.14111214923155266,1.0,,25/25/25 Hz,1.0,1500,transition,101,25,0.101476506925143,0.01345805315804362,0.11919277246335029,outage_window,0.07622136314586091
0.13082647121582797,1.0,1.0,,held-out,stress,60,1.0,1.0,,0.85,0.9355,,0.06464228608305511,1.0,,0.14541703417383575,0.010000000000005116,px4,,0.1219714855299684,1.0,,25/25/25 Hz,1.0,2000,transition,101,40,0.06101148460181012,0.018497649004615212,0.1034331577993428,after_return,0.11391404817285002
0.422935002430735,1.0,,,held-out,stress,60,1.0,,,0.85,0.4208510638297872,,0.16682196258774717,,,0.4478745254744513,0.010000000000005116,ekf3,,0.17601663168845472,1.0,,25/25/25 Hz,1.0,4700,transition,101,13,0.08553356545079724,0.08912747197933457,0.05614523514352219,flight,0.3743509098998
0.4521777426175794,1.0,,,held-out,stress,25,1.0,,,0.85,0.0,,0.24696855690201824,,,0.3238547346018093,0.010000000000001563,ekf3,,0.2497958284816559,1.0,,25/25/25 Hz,1.0,700,transition,101,18,0.29194876731962577,0.11215964108364862,0.0374764970157488,before_outage,0.3607514594765287
0.27406193933466305,1.0,,,held-out,stress,40,1.0,,,0.85,0.0,,0.2088168515728948,,,0.2930383906768981,0.010000000000005116,ekf3,,0.2182325391430352,1.0,,25/25/25 Hz,1.0,1500,transition,101,25,0.14706351883914345,0.10217487604763925,0.06341106874986417,outage_window,0.16466118526772341
0.5167943478334583,1.0,,,held-out,stress,60,1.0,,,0.85,0.989,,0.084629479565951,,,0.4478745254744513,0.010000000000005116,ekf3,,0.09980523090802264,1.0,,25/25/25 Hz,1.0,2000,transition,101,40,0.08553356545079724,0.06978405983662557,0.0529049648426308,after_return,0.4919718407550269
0.2314322082326789,1.0,1.0,,held-out,zero,60,1.0,1.0,,0.85,1.0,,0.06295192253479022,1.0,,0.11676948294565909,0.010000000000005116,px4,,0.10249842981119973,1.0,,25/25/25 Hz,1.0,4700,gps,307,13,0.035673387192167574,0.021817963316000416,0.08088871097338127,flight,0.21939427650402943
0.27363648331257234,1.0,1.0,,held-out,zero,25,1.0,1.0,,0.85,1.0,,0.07009508143716187,1.0,,0.11676948294565909,0.010000000000001563,px4,,0.10014807735068855,1.0,,25/25/25 Hz,1.0,700,gps,307,18,0.07836261460042958,0.020552220018986177,0.07152843459322415,before_outage,0.25460340525515895
0.1844230518651886,1.0,1.0,,held-out,zero,40,1.0,1.0,,0.85,1.0,,0.0723815746746826,1.0,,0.11387736781586653,0.010000000000005116,px4,,0.11784264607584763,1.0,,25/25/25 Hz,1.0,1500,gps,307,25,0.037828346574196606,0.02171161038454616,0.09299353139746244,outage_window,0.1706556155563012
0.17642945963693676,1.0,1.0,,held-out,zero,60,1.0,1.0,,0.85,1.0,,0.05504474232545959,1.0,,0.09615972853129394,0.010000000000005116,px4,,0.0986456199575879,1.0,,25/25/25 Hz,1.0,2000,gps,307,40,0.035673387192167574,0.021148095378155568,0.0818598477835173,after_return,0.1732297470565268
0.4485581863110114,1.0,,,held-out,zero,60,1.0,,,0.85,0.5621276595744681,,0.14341086744454604,,,0.28737099714032077,0.010000000000005116,ekf3,,0.15007482090754817,1.0,,25/25/25 Hz,1.0,4700,gps,307,13,0.03856389953388806,0.07387635415234256,0.04422414464108384,flight,0.4134976336619061
0.3279289957744593,1.0,,,held-out,zero,25,1.0,,,0.85,0.0,,0.2302392526282663,,,0.28737099714032077,0.010000000000001563,ekf3,,0.2315550225434731,1.0,,25/25/25 Hz,1.0,700,gps,307,18,0.25571152335250974,0.10033057205608117,0.024649848159485982,before_outage,0.2043772232295421
0.5496503604849152,1.0,,,held-out,zero,40,1.0,,,0.85,0.428,,0.16854718257581192,,,0.2674052941928464,0.010000000000005116,ekf3,,0.1793635660539158,1.0,,25/25/25 Hz,1.0,1500,gps,307,25,0.03773283512376127,0.0916072488726535,0.06134440539554795,outage_window,0.512086028105467
0.40978427901497966,1.0,,,held-out,zero,60,1.0,,,0.85,1.0,,0.05334310635952911,,,0.10956707156499605,0.010000000000005116,ekf3,,0.06351030897487459,1.0,,25/25/25 Hz,1.0,2000,gps,307,40,0.03856389953388806,0.03579669505622232,0.034468425406449885,after_return,0.39469146875059513
0.3323234192152736,1.0,1.0,,held-out,zero,60,1.0,1.0,,0.85,0.0,,0.09182448264028338,1.0,,0.1563965586289346,0.010000000000005116,px4,,0.277600458676588,1.0,,25/25/25 Hz,1.0,4700,denied,307,13,0.13884655218871392,0.02247030524663188,0.2619738136633056,flight,0.3156900149069309
0.5700795069942226,1.0,1.0,,held-out,zero,25,1.0,1.0,,0.85,0.0,,0.07842967168665478,1.0,,0.11951811263466827,0.010000000000001563,px4,,0.2482713132732077,1.0,,25/25/25 Hz,1.0,700,denied,307,18,0.0391699486647323,0.036245720919715466,0.23555770332028367,before_outage,0.5596974151128579
0.35449743897695835,1.0,1.0,,held-out,zero,40,1.0,1.0,,0.85,0.0,,0.06955083889716955,1.0,,0.10406314363060296,0.010000000000005116,px4,,0.27510130410970884,1.0,,25/25/25 Hz,1.0,1500,denied,307,25,0.10406314363060296,0.023929734569710183,0.26616425066406363,outage_window,0.340259844427377
0.10025108425775921,1.0,1.0,,held-out,zero,60,1.0,1.0,,0.85,0.0,,0.11665007147987275,1.0,,0.1563965586289346,0.010000000000005116,px4,,0.29734688270408616,1.0,,25/25/25 Hz,1.0,2000,denied,307,40,0.13884655218871392,0.014100739405307003,0.27351038276010314,after_return,0.04922413577560686
0.2782501173740779,1.0,,,held-out,zero,60,1.0,,,0.85,0.0,,0.21025690549178588,,,0.32332764825529203,0.010000000000005116,ekf3,,0.217233892968082,1.0,,25/25/25 Hz,1.0,4700,denied,307,13,0.1917929230445791,0.09633141619410676,0.054613166426113,flight,0.20576267197744685
0.3394518598609749,1.0,,,held-out,zero,25,1.0,,,0.85,0.0,,0.24508387443227653,,,0.3098616867707056,0.010000000000001563,ekf3,,0.24711869396453173,1.0,,25/25/25 Hz,1.0,700,denied,307,18,0.2729014048681157,0.10233999268903682,0.03164717048963462,before_outage,0.2265098795937081
0.3000990028858027,1.0,,,held-out,zero,40,1.0,,,0.85,0.0,,0.2090471991820413,,,0.29973931571141293,0.010000000000005116,ekf3,,0.2173859844589558,1.0,,25/25/25 Hz,1.0,1500,denied,307,25,0.15804919729464947,0.10319168781170025,0.059631658985251565,outage_window,0.21802662558238248
0.1698836869577048,1.0,,,held-out,zero,60,1.0,,,0.85,0.0,,0.2084382146043521,,,0.32332764825529203,0.010000000000005116,ekf3,,0.21513872241521267,1.0,,25/25/25 Hz,1.0,2000,denied,307,40,0.1917929230445791,0.09147053373998017,0.053274577192127956,after_return,0.08120135729475614
0.2731168449987349,1.0,1.0,,held-out,zero,60,1.0,1.0,,0.85,0.8004255319148936,,0.09508272534688522,1.0,,0.1761902487017562,0.010000000000005116,px4,,0.11278668607701883,1.0,,25/25/25 Hz,1.0,4700,transition,307,13,0.0410800295798642,0.02078763377568691,0.060663925827832685,flight,0.2597509515002248
0.27363648331257234,1.0,1.0,,held-out,zero,25,1.0,1.0,,0.85,1.0,,0.07009508143716187,1.0,,0.11676948294565909,0.010000000000001563,px4,,0.10014807735068855,1.0,,25/25/25 Hz,1.0,700,transition,307,18,0.07836261460042958,0.020552220018986177,0.07152843459322415,before_outage,0.25460340525515895
0.21688986832878598,1.0,1.0,,held-out,zero,40,1.0,1.0,,0.85,0.46066666666666667,,0.13642754726377584,1.0,,0.17243455004552616,0.010000000000005116,px4,,0.1583215552292937,1.0,,25/25/25 Hz,1.0,1500,transition,307,25,0.17243455004552616,0.018678867308987625,0.08033205585451239,outage_window,0.20206127757270534
0.26604587568463905,1.0,1.0,,held-out,zero,60,1.0,1.0,,0.85,0.9355,,0.07023296546342464,1.0,,0.1761902487017562,0.010000000000005116,px4,,0.0809436468450951,1.0,,25/25/25 Hz,1.0,2000,transition,307,40,0.0410800295798642,0.020879476811106332,0.04023934053630695,after_return,0.2582067854553596
0.4019983946725438,1.0,,,held-out,zero,60,1.0,,,0.85,0.4238297872340426,,0.15346953488164727,,,0.28737099714032077,0.010000000000005116,ekf3,,0.15813199965388186,1.0,,25/25/25 Hz,1.0,4700,transition,307,13,0.03912380887311212,0.07788084846372763,0.03811602258560228,flight,0.35721690821201524
0.3279289957744593,1.0,,,held-out,zero,25,1.0,,,0.85,0.0,,0.2302392526282663,,,0.28737099714032077,0.010000000000001563,ekf3,,0.2315550225434731,1.0,,25/25/25 Hz,1.0,700,transition,307,18,0.25571152335250974,0.10033057205608117,0.024649848159485982,before_outage,0.2043772232295421
0.3022296580368521,1.0,,,held-out,zero,40,1.0,,,0.85,0.0,,0.19025610407525723,,,0.2674052941928464,0.010000000000005116,ekf3,,0.19813042680154347,1.0,,25/25/25 Hz,1.0,1500,transition,307,25,0.15046691256108455,0.10020658034421101,0.05530172589229622,outage_window,0.21921497824005837
0.4826371694924812,1.0,,,held-out,zero,60,1.0,,,0.85,0.996,,0.06341279533333112,,,0.1512674863414306,0.010000000000005116,ekf3,,0.06749798842918905,1.0,,25/25/25 Hz,1.0,2000,transition,307,40,0.03912380887311212,0.038372136525492186,0.023125653071859396,after_return,0.463119366716228
0.23120974634248995,1.0,1.0,,held-out,nominal,60,1.0,1.0,,0.85,1.0,,0.06289885733602266,1.0,,0.11662698722807219,0.010000000000005116,px4,,0.07223802796400172,1.0,,25/25/25 Hz,1.0,4700,gps,307,13,0.035635981440379355,0.02178749769836489,0.03552557430852543,flight,0.21978026358392144
0.27247660277789676,1.0,1.0,,held-out,nominal,25,1.0,1.0,,0.85,1.0,,0.06996092036333562,1.0,,0.11662698722807219,0.010000000000001563,px4,,0.07911036840685877,1.0,,25/25/25 Hz,1.0,700,gps,307,18,0.07829837100540755,0.02045283060768193,0.036931287702758615,before_outage,0.2542876638881788
0.18365652256661585,1.0,1.0,,held-out,nominal,40,1.0,1.0,,0.85,1.0,,0.07235738618626633,1.0,,0.11388273016108166,0.010000000000005116,px4,,0.08208181554337102,1.0,,25/25/25 Hz,1.0,1500,gps,307,25,0.037828346574196606,0.02167527725157065,0.0387534915483431,outage_window,0.1708521677580091
0.1762382113265184,1.0,1.0,,held-out,nominal,60,1.0,1.0,,0.85,1.0,,0.055022430248776,1.0,,0.09607212543764249,0.010000000000005116,px4,,0.06465609068320281,1.0,,25/25/25 Hz,1.0,2000,gps,307,40,0.035635981440379355,0.021127652265775662,0.03395500304746158,after_return,0.17348245038462184
0.4055401689958624,1.0,,,held-out,nominal,60,1.0,,,0.85,0.563404255319149,,0.15910071414287785,,,0.5329144336858278,0.010000000000005116,ekf3,,0.16759650361835612,1.0,,25/25/25 Hz,1.0,4700,gps,307,13,0.03225853313760287,0.08141650155068864,0.05268349631833411,flight,0.37671823113191544
0.32804512267956276,1.0,,,held-out,nominal,25,1.0,,,0.85,0.0,,0.23872423873748005,,,0.3133212039529467,0.010000000000001563,ekf3,,0.2430830251244346,1.0,,25/25/25 Hz,1.0,700,gps,307,18,0.18712946730974048,0.1013473676303224,0.045826792849348964,before_outage,0.2590664440312506
0.519126059192616,1.0,,,held-out,nominal,40,1.0,,,0.85,0.432,,0.20301329925606543,,,0.5329144336858278,0.010000000000005116,ekf3,,0.21205707689558354,1.0,,25/25/25 Hz,1.0,1500,gps,307,25,0.03881406666718879,0.10610375115351829,0.061268296750168164,outage_window,0.4819042375998202
0.3536303456108854,1.0,,,held-out,nominal,60,1.0,,,0.85,1.0,,0.055619059579472586,,,0.11295309578815853,0.010000000000005116,ekf3,,0.0675748206694248,1.0,,25/25/25 Hz,1.0,2000,gps,307,40,0.03225853313760287,0.036453819213463017,0.038378074469676046,after_return,0.34246684140973394
0.3348798506257114,1.0,1.0,,held-out,nominal,60,1.0,1.0,,0.85,0.0,,0.09118861355361156,1.0,,0.15533127413029263,0.010000000000005116,px4,,0.24873331974765367,1.0,,25/25/25 Hz,1.0,4700,denied,307,13,0.13772773661666243,0.022543973594921995,0.2314149975927632,flight,0.3189034402473471
0.5745576853299814,1.0,1.0,,held-out,nominal,25,1.0,1.0,,0.85,0.0,,0.07888151367463399,1.0,,0.12016905775984528,0.010000000000001563,px4,,0.2196034893808889,1.0,,25/25/25 Hz,1.0,700,denied,307,18,0.04046676424747556,0.03642160013798942,0.20494730871289993,before_outage,0.5644019150234951
0.35528999157493485,1.0,1.0,,held-out,nominal,40,1.0,1.0,,0.85,0.0,,0.06893826967810641,1.0,,0.10288873207826742,0.010000000000005116,px4,,0.24545078295620792,1.0,,25/25/25 Hz,1.0,1500,denied,307,25,0.10288873207826742,0.023945815195111547,0.2355708000317615,outage_window,0.3416031484508208
0.09819062979600555,1.0,1.0,,held-out,nominal,60,1.0,1.0,,0.85,0.0,,0.11554652094936793,1.0,,0.15533127413029263,0.010000000000005116,px4,,0.2689878461595423,1.0,,25/25/25 Hz,1.0,2000,denied,307,40,0.13772773661666243,0.014032715426049842,0.24290628414688425,after_return,0.04913687303453496
0.2690067461658621,1.0,,,held-out,nominal,60,1.0,,,0.85,0.0,,0.2782007754941376,,,0.5018000643999222,0.010000000000005116,ekf3,,0.28383262461046954,1.0,,25/25/25 Hz,1.0,4700,denied,307,13,0.289953430250794,0.0974933340105357,0.056260886126403835,flight,0.21350348013204007
0.32804512267956276,1.0,,,held-out,nominal,25,1.0,,,0.85,0.0,,0.23872423873748005,,,0.3133212039529467,0.010000000000001563,ekf3,,0.2430830251244346,1.0,,25/25/25 Hz,1.0,700,denied,307,18,0.18712946730974048,0.1013473676303224,0.045826792849348964,before_outage,0.2590664440312506
0.3361185994708798,1.0,,,held-out,nominal,40,1.0,,,0.85,0.0,,0.2553292699630206,,,0.3876319246364017,0.010000000000005116,ekf3,,0.26060124202796064,1.0,,25/25/25 Hz,1.0,1500,denied,307,25,0.08832716678829325,0.10433373719952276,0.05215334358089294,outage_window,0.27464439432201676
0.16127854031353192,1.0,,,held-out,nominal,60,1.0,,,0.85,0.0,,0.32787755785497485,,,0.5018000643999222,0.010000000000005116,ekf3,,0.3326677397643817,1.0,,25/25/25 Hz,1.0,2000,denied,307,40,0.289953430250794,0.0914743243481488,0.05625061897437219,after_return,0.0922109536736837
0.27230993115007407,1.0,1.0,,held-out,nominal,60,1.0,1.0,,0.85,0.8029787234042554,,0.09494716040205074,1.0,,0.17579742229426093,0.010000000000005116,px4,,0.1044882737145276,1.0,,25/25/25 Hz,1.0,4700,transition,307,13,0.0410800295798642,0.02073598666779613,0.043621509320853236,flight,0.25959373580530015
0.27247660277789676,1.0,1.0,,held-out,nominal,25,1.0,1.0,,0.85,1.0,,0.06996092036333562,1.0,,0.11662698722807219,0.010000000000001563,px4,,0.07911036840685877,1.0,,25/25/25 Hz,1.0,700,transition,307,18,0.07829837100540755,0.02045283060768193,0.036931287702758615,before_outage,0.2542876638881788
0.2155779541525948,1.0,1.0,,held-out,nominal,40,1.0,1.0,,0.85,0.4686666666666667,,0.136249092130271,1.0,,0.1719438703750534,0.010000000000005116,px4,,0.13828490163189872,1.0,,25/25/25 Hz,1.0,1500,transition,307,25,0.1719438703750534,0.018634489720028784,0.023641042976587,outage_window,0.2016711516969908
0.26482913705476624,1.0,1.0,,held-out,nominal,60,1.0,1.0,,0.85,0.9355,,0.07013727957351724,1.0,,0.17579742229426093,0.010000000000005116,px4,,0.0910230164871877,1.0,,25/25/25 Hz,1.0,2000,transition,307,40,0.0410800295798642,0.020814179604917844,0.058016821219824904,after_return,0.25755891549634397
0.38625912004142166,1.0,,,held-out,nominal,60,1.0,,,0.85,0.4208510638297872,,0.18620233454288515,,,0.5157929259804895,0.010000000000005116,ekf3,,0.1916818349897397,1.0,,25/25/25 Hz,1.0,4700,transition,307,13,0.03274640085395386,0.08825567023721112,0.04550402702853107,flight,0.3516763511631852
0.32804512267956276,1.0,,,held-out,nominal,25,1.0,,,0.85,0.0,,0.23872423873748005,,,0.3133212039529467,0.010000000000001563,ekf3,,0.2430830251244346,1.0,,25/25/25 Hz,1.0,700,transition,307,18,0.18712946730974048,0.1013473676303224,0.045826792849348964,before_outage,0.2590664440312506
0.3361185994708798,1.0,,,held-out,nominal,40,1.0,,,0.85,0.0,,0.25532923912557215,,,0.3876319246364017,0.010000000000005116,ekf3,,0.26060121181435486,1.0,,25/25/25 Hz,1.0,1500,transition,307,25,0.08832716678829325,0.10433373719952276,0.05215334358089294,outage_window,0.27464439432201676
0.45449394016518113,1.0,,,held-out,nominal,60,1.0,,,0.85,0.989,,0.08427012417901592,,,0.5157929259804895,0.010000000000005116,ekf3,,0.08771037287086839,1.0,,25/25/25 Hz,1.0,2000,transition,307,40,0.03274640085395386,0.06584237179350845,0.02432397335963021,after_return,0.43820118876375164
0.23276823197719754,1.0,1.0,,held-out,stress,60,1.0,1.0,,0.85,1.0,,0.06292832570624009,1.0,,0.11649930683135912,0.010000000000005116,px4,,0.07046656571704765,1.0,,25/25/25 Hz,1.0,4700,gps,307,13,0.03556667731729123,0.021905505583523638,0.031710608757391553,flight,0.21984124612995645
0.27485915542478206,1.0,1.0,,held-out,stress,25,1.0,1.0,,0.85,1.0,,0.06989431492095148,1.0,,0.11649930683135912,0.010000000000001563,px4,,0.08002795782547228,1.0,,25/25/25 Hz,1.0,700,gps,307,18,0.07815115120752661,0.02052510468168753,0.038977670215732875,before_outage,0.25451396417762895
0.18595664256769692,1.0,1.0,,held-out,stress,40,1.0,1.0,,0.85,1.0,,0.07242930119033608,1.0,,0.11392091516798693,0.010000000000005116,px4,,0.07748915715402545,1.0,,25/25/25 Hz,1.0,1500,gps,307,25,0.03788932987685092,0.021829283965085933,0.02754207337004303,outage_window,0.17102574362107476
0.17758145438962913,1.0,1.0,,held-out,stress,60,1.0,1.0,,0.85,1.0,,0.05505883529311073,1.0,,0.09620797194360947,0.010000000000005116,px4,,0.06199732258210447,1.0,,25/25/25 Hz,1.0,2000,gps,307,40,0.03556667731729123,0.021208692151025974,0.02849899407901312,after_return,0.17392416582865564
0.4385804172806951,1.0,,,held-out,stress,60,1.0,,,0.85,0.5612765957446808,,0.15625434167269725,,,0.3652584246181987,0.010000000000005116,ekf3,,0.16270503283485774,1.0,,25/25/25 Hz,1.0,4700,gps,307,13,0.03176800445422751,0.082805787788344,0.04535976651421519,flight,0.40631958310866667
0.3861592991763478,1.0,,,held-out,stress,25,1.0,,,0.85,0.0,,0.2539945155672473,,,0.3176639018443948,0.010000000000001563,ekf3,,0.25662686126739526,1.0,,25/25/25 Hz,1.0,700,gps,307,18,0.2864702928836933,0.11094840322083432,0.03666240561821176,before_outage,0.2960091962799463
0.5301427517428067,1.0,,,held-out,stress,40,1.0,,,0.85,0.42533333333333334,,0.19009875347271446,,,0.3652584246181987,0.010000000000005116,ekf3,,0.19667275850647578,1.0,,25/25/25 Hz,1.0,1500,gps,307,25,0.038730691175462045,0.1074541703210223,0.05042457601871003,outage_window,0.49255000510320873
0.4196766211008449,1.0,,,held-out,stress,60,1.0,,,0.85,1.0,,0.05665570731243063,,,0.11524859830959376,0.010000000000005116,ekf3,,0.0653251338006422,1.0,,25/25/25 Hz,1.0,2000,gps,307,40,0.03176800445422751,0.04026816496766525,0.03251928558563364,after_return,0.4074348149420456
0.3378810292840893,1.0,1.0,,held-out,stress,60,1.0,1.0,,0.85,0.0,,0.09077803477807246,1.0,,0.15460468844466432,0.010000000000005116,px4,,0.24143098081077424,1.0,,25/25/25 Hz,1.0,4700,denied,307,13,0.13706463900740104,0.02272063406923542,0.22371469977872155,flight,0.32055379942709616
0.5785666818633103,1.0,1.0,,held-out,stress,25,1.0,1.0,,0.85,0.0,,0.07925635384492553,1.0,,0.12056469328282252,0.010000000000001563,px4,,0.21241793431999614,1.0,,25/25/25 Hz,1.0,700,denied,307,18,0.04175467145555973,0.03664049394031946,0.19707818041574807,before_outage,0.5676252982780504
0.359144652564032,1.0,1.0,,held-out,stress,40,1.0,1.0,,0.85,0.0,,0.06841353787590886,1.0,,0.10212413928343024,0.010000000000005116,px4,,0.23793254552479098,1.0,,25/25/25 Hz,1.0,1500,denied,307,25,0.10212413928343024,0.02414206326670283,0.22788480435344594,outage_window,0.34420709878048616
0.10153932406090689,1.0,1.0,,held-out,stress,60,1.0,1.0,,0.85,0.0,,0.11487668907276315,1.0,,0.15460468844466432,0.010000000000005116,px4,,0.26180752976717275,1.0,,25/25/25 Hz,1.0,2000,denied,307,40,0.13706463900740104,0.014185673002057956,0.23525843013687894,after_return,0.047746120615729776
0.29335423784249565,1.0,,,held-out,stress,60,1.0,,,0.85,0.0,,0.21502948273710543,,,0.3613204304767105,0.010000000000005116,ekf3,,0.2208901320348392,1.0,,25/25/25 Hz,1.0,4700,denied,307,13,0.11882587791149612,0.09850428786992954,0.050544752291227665,flight,0.2314854858897313
0.3861592991763478,1.0,,,held-out,stress,25,1.0,,,0.85,0.0,,0.2539945155672473,,,0.3176639018443948,0.010000000000001563,ekf3,,0.25662686126739526,1.0,,25/25/25 Hz,1.0,700,denied,307,18,0.2864702928836933,0.11094840322083432,0.03666240561821176,before_outage,0.2960091962799463
0.33656505038847523,1.0,,,held-out,stress,40,1.0,,,0.85,0.0,,0.21503854620956628,,,0.3059333913106009,0.010000000000005116,ekf3,,0.21986053020628882,1.0,,25/25/25 Hz,1.0,1500,denied,307,25,0.16047241497247094,0.10307890553492641,0.04579384660264594,outage_window,0.26908078860516793
0.2283947711526068,1.0,,,held-out,stress,60,1.0,,,0.85,0.0,,0.2165967404449887,,,0.3613204304767105,0.010000000000005116,ekf3,,0.2224283983586489,1.0,,25/25/25 Hz,1.0,2000,denied,307,40,0.11882587791149612,0.09487452098875655,0.050598857941657145,after_return,0.17777860779903454
0.2733337644091776,1.0,1.0,,held-out,stress,60,1.0,1.0,,0.85,0.8042553191489362,,0.09495898915864744,1.0,,0.17599123584054815,0.010000000000005116,px4,,0.1073817019875885,1.0,,25/25/25 Hz,1.0,4700,transition,307,13,0.04101758093846764,0.020807074394165383,0.050136017988260145,flight,0.2590113171643627
0.27485915542478206,1.0,1.0,,held-out,stress,25,1.0,1.0,,0.85,1.0,,0.06989431492095148,1.0,,0.11649930683135912,0.010000000000001563,px4,,0.08002795782547228,1.0,,25/25/25 Hz,1.0,700,transition,307,18,0.07815115120752661,0.02052510468168753,0.038977670215732875,before_outage,0.25451396417762895
0.2166488100704766,1.0,1.0,,held-out,stress,40,1.0,1.0,,0.85,0.4726666666666667,,0.13624169106450995,1.0,,0.17221908701997898,0.010000000000005116,px4,,0.136688589047455,1.0,,25/25/25 Hz,1.0,1500,transition,307,25,0.17221908701997898,0.018740385857362818,0.011044093066733308,outage_window,0.2004580924031571
0.2655442435437393,1.0,1.0,,held-out,stress,60,1.0,1.0,,0.85,0.9355,,0.07020778166744533,1.0,,0.17599123584054815,0.010000000000005116,px4,,0.09880640653147787,1.0,,25/25/25 Hz,1.0,2000,transition,307,40,0.04101758093846764,0.02082164149283894,0.06952390498957894,after_return,0.2571528787469499
0.41649844738967134,1.0,,,held-out,stress,60,1.0,,,0.85,0.4208510638297872,,0.17148698063684722,,,0.5157929259804895,0.010000000000005116,ekf3,,0.17640609260416334,1.0,,25/25/25 Hz,1.0,4700,transition,307,13,0.032267939439973914,0.08857153153313048,0.041368163845235444,flight,0.3778754878087732
0.3861592991763478,1.0,,,held-out,stress,25,1.0,,,0.85,0.0,,0.2539945155672473,,,0.3176639018443948,0.010000000000001563,ekf3,,0.25662686126739526,1.0,,25/25/25 Hz,1.0,700,transition,307,18,0.2864702928836933,0.11094840322083432,0.03666240561821176,before_outage,0.2960091962799463
0.33656505038847523,1.0,,,held-out,stress,40,1.0,,,0.85,0.0,,0.21503854620956628,,,0.3059333913106009,0.010000000000005116,ekf3,,0.21986053020628882,1.0,,25/25/25 Hz,1.0,1500,transition,307,25,0.16047241497247094,0.10307890553492641,0.04579384660264594,outage_window,0.26908078860516793
0.507530938822267,1.0,,,held-out,stress,60,1.0,,,0.85,0.989,,0.0858131532081109,,,0.5157929259804895,0.010000000000005116,ekf3,,0.08911813075081138,1.0,,25/25/25 Hz,1.0,2000,transition,307,40,0.032267939439973914,0.06807683295988139,0.024044624451215704,after_return,0.49115727170365636
0.1794699694770626,1.0,1.0,,held-out,zero,60,1.0,1.0,,0.85,1.0,,0.05660518078436993,1.0,,0.14515615737984444,0.010000000000005116,px4,,0.34941007470435814,1.0,,25/25/25 Hz,1.0,4700,gps,911,13,0.020953372734441412,0.021884587649350664,0.34479450954630053,flight,0.14194256634870495
0.21034125903166012,1.0,1.0,,held-out,zero,25,1.0,1.0,,0.85,1.0,,0.0450314992306319,1.0,,0.08598298215138343,0.010000000000001563,px4,,0.33641138902678613,1.0,,25/25/25 Hz,1.0,700,gps,911,18,0.08119847142145274,0.020526108007411774,0.33338384295579354,before_outage,0.14165908280817696
0.16576248001611602,1.0,1.0,,held-out,zero,40,1.0,1.0,,0.85,1.0,,0.05492366776503893,1.0,,0.11079697189204635,0.010000000000005116,px4,,0.3655457748837315,1.0,,25/25/25 Hz,1.0,1500,gps,911,25,0.0295812217385773,0.022452808727343634,0.36139604903012335,outage_window,0.11978096163374892
0.11923808601303502,1.0,1.0,,held-out,zero,60,1.0,1.0,,0.85,1.0,,0.0622508204220703,1.0,,0.14515615737984444,0.010000000000005116,px4,,0.3444939635144691,1.0,,25/25/25 Hz,1.0,2000,gps,911,40,0.020953372734441412,0.02193224257060005,0.3388228537963275,after_return,0.088799035487071
0.3767746169248003,1.0,,,held-out,zero,60,1.0,,,0.85,0.5642553191489361,,0.14646550435830155,,,0.30408847532017164,0.010000000000005116,ekf3,,0.1507723034116047,1.0,,25/25/25 Hz,1.0,4700,gps,911,13,0.021662180181131446,0.07389790769437678,0.03577909318455866,flight,0.3361388797671573
0.335277659035542,1.0,,,held-out,zero,25,1.0,,,0.85,0.0,,0.23197674754254882,,,0.30408847532017164,0.010000000000001563,ekf3,,0.23465173656260888,1.0,,25/25/25 Hz,1.0,700,gps,911,18,0.20921049849583795,0.10372088775431308,0.035330243014003906,before_outage,0.21424191305654433
0.4534304411839778,1.0,,,held-out,zero,40,1.0,,,0.85,0.43466666666666665,,0.17135946239096486,,,0.29026799201641235,0.010000000000005116,ekf3,,0.17310235485858408,1.0,,25/25/25 Hz,1.0,1500,gps,911,25,0.021267941443142774,0.0884009055509451,0.02450224289053283,outage_window,0.4134580975164693
0.33874594314167705,1.0,,,held-out,zero,60,1.0,,,0.85,1.0,,0.07334749059081183,,,0.16683460596229513,0.010000000000005116,ekf3,,0.08178584936264482,1.0,,25/25/25 Hz,1.0,2000,gps,911,40,0.021662180181131446,0.036041403828064957,0.03618108317892101,after_return,0.3168693885018674
0.1747301902976881,1.0,1.0,,held-out,zero,60,1.0,1.0,,0.85,0.0,,0.10546132540614865,1.0,,0.18709835784036788,0.010000000000005116,px4,,0.2709962910214982,1.0,,25/25/25 Hz,1.0,4700,denied,911,13,0.17490864127051603,0.016333891018431773,0.24963352857936963,flight,0.14044968930089477
0.21697171972878884,1.0,1.0,,held-out,zero,25,1.0,1.0,,0.85,0.0,,0.06059486989114859,1.0,,0.0733696450337096,0.010000000000001563,px4,,0.2467993937273323,1.0,,25/25/25 Hz,1.0,700,denied,911,18,0.048190658566229005,0.01590460884550374,0.23924506784269048,before_outage,0.17805233653035818
0.19418072936153874,1.0,1.0,,held-out,zero,40,1.0,1.0,,0.85,0.0,,0.08387926245362785,1.0,,0.10813908948073675,0.010000000000005116,px4,,0.26527929319000676,1.0,,25/25/25 Hz,1.0,1500,denied,911,25,0.0872629123348541,0.01688526021625116,0.25166917317308646,outage_window,0.16241939817270445
0.1248663070287887,1.0,1.0,,held-out,zero,60,1.0,1.0,,0.85,0.0,,0.13855536129585078,1.0,,0.18709835784036788,0.010000000000005116,px4,,0.29161859250568306,1.0,,25/25/25 Hz,1.0,2000,denied,911,40,0.17490864127051603,0.0162689455677223,0.2566004975661035,after_return,0.09127122907009913
0.2878644615395298,1.0,,,held-out,zero,60,1.0,,,0.85,0.0,,0.25045666162530444,,,0.47153134099646615,0.010000000000005116,ekf3,,0.25542900938997287,1.0,,25/25/25 Hz,1.0,4700,denied,911,13,0.332115948702814,0.09743182911332582,0.05015415721005175,flight,0.21678654384766782
0.3517013267416737,1.0,,,held-out,zero,25,1.0,,,0.85,0.0,,0.24491651226838695,,,0.3266827092300996,0.010000000000001563,ekf3,,0.24783542081446383,1.0,,25/25/25 Hz,1.0,700,denied,911,18,0.19717276930131908,0.10622959654044803,0.03792489721240427,before_outage,0.23839326424871263
0.29980511696345763,1.0,,,held-out,zero,40,1.0,,,0.85,0.0,,0.22909267788267332,,,0.3315702971380132,0.010000000000005116,ekf3,,0.2315814213031513,1.0,,25/25/25 Hz,1.0,1500,denied,911,25,0.05829160094829249,0.10480382818032567,0.033860000492222875,outage_window,0.21510568499931332
0.2513193698831496,1.0,,,held-out,zero,60,1.0,,,0.85,0.0,,0.28812881927515827,,,0.47153134099646615,0.010000000000005116,ekf3,,0.2925255753295716,1.0,,25/25/25 Hz,1.0,2000,denied,911,40,0.332115948702814,0.09142457390933409,0.0505271780826913,after_return,0.19918606946802628
0.1700154755498017,1.0,1.0,,held-out,zero,60,1.0,1.0,,0.85,0.8004255319148936,,0.06985003803782872,1.0,,0.14240034761897558,0.010000000000005116,px4,,0.334022307340139,1.0,,25/25/25 Hz,1.0,4700,transition,911,13,0.019604955600151443,0.02195825301483325,0.3266372207617254,flight,0.12915327562596982
0.21034125903166012,1.0,1.0,,held-out,zero,25,1.0,1.0,,0.85,1.0,,0.0450314992306319,1.0,,0.08598298215138343,0.010000000000001563,px4,,0.33641138902678613,1.0,,25/25/25 Hz,1.0,700,transition,911,18,0.08119847142145274,0.020526108007411774,0.33338384295579354,before_outage,0.14165908280817696
0.14357508953262932,1.0,1.0,,held-out,zero,40,1.0,1.0,,0.85,0.46066666666666667,,0.08845490997866765,1.0,,0.12054268825722247,0.010000000000005116,px4,,0.38018945101472224,1.0,,25/25/25 Hz,1.0,1500,transition,911,25,0.07801129798349975,0.02285804149750178,0.36975633539337993,outage_window,0.09173556000121652
0.10770504816216593,1.0,1.0,,held-out,zero,60,1.0,1.0,,0.85,0.9355,,0.0648489736741649,1.0,,0.14240034761897558,0.010000000000005116,px4,,0.2928687258272659,1.0,,25/25/25 Hz,1.0,2000,transition,911,40,0.019604955600151443,0.021790869086170506,0.28559884660322726,after_return,0.0647037691558583
0.4069351429672537,1.0,,,held-out,zero,60,1.0,,,0.85,0.4238297872340426,,0.16308141038169355,,,0.30408847532017164,0.010000000000005116,ekf3,,0.16715860424872891,1.0,,25/25/25 Hz,1.0,4700,transition,911,13,0.0211023250775787,0.08042489677815536,0.036694039874355905,flight,0.3617956514216643
0.335277659035542,1.0,,,held-out,zero,25,1.0,,,0.85,0.0,,0.23197674754254882,,,0.30408847532017164,0.010000000000001563,ekf3,,0.23465173656260888,1.0,,25/25/25 Hz,1.0,700,transition,911,18,0.20921049849583795,0.10372088775431308,0.035330243014003906,before_outage,0.21424191305654433
0.30504635521316875,1.0,,,held-out,zero,40,1.0,,,0.85,0.0,,0.2093476540782685,,,0.2965421040648327,0.010000000000005116,ekf3,,0.211904575665733,1.0,,25/25/25 Hz,1.0,1500,transition,911,25,0.08918617756450282,0.10208529314412788,0.032819337592340285,outage_window,0.22157566727990283
0.5046834754392782,1.0,,,held-out,zero,60,1.0,,,0.85,0.996,,0.08136380604548908,,,0.2764099799671638,0.010000000000005116,ekf3,,0.08790565527432218,1.0,,25/25/25 Hz,1.0,2000,transition,911,40,0.0211023250775787,0.04136467358418702,0.03327664789307962,after_return,0.4836072074833996
0.17801504758795897,1.0,1.0,,held-out,nominal,60,1.0,1.0,,0.85,1.0,,0.05657616218347808,1.0,,0.145133681285493,0.010000000000005116,px4,,0.3711163885572492,1.0,,25/25/25 Hz,1.0,4700,gps,911,13,0.02091676861973871,0.02186592248911576,0.3667785595265404,flight,0.14126804341288798
0.2079851981762094,1.0,1.0,,held-out,nominal,25,1.0,1.0,,0.85,1.0,,0.04499093284308978,1.0,,0.08595372970709945,0.010000000000001563,px4,,0.3583306943356189,1.0,,25/25/25 Hz,1.0,700,gps,911,18,0.08116613725594246,0.02053163841370679,0.3554950104642193,before_outage,0.14104804431321405
0.16423840247628907,1.0,1.0,,held-out,nominal,40,1.0,1.0,,0.85,1.0,,0.054915497141871016,1.0,,0.11082482878560652,0.010000000000005116,px4,,0.3872493861967716,1.0,,25/25/25 Hz,1.0,1500,gps,911,25,0.0295812217385773,0.02237147794169587,0.3833358518107033,outage_window,0.11921288975768785
0.11875573870515288,1.0,1.0,,held-out,nominal,60,1.0,1.0,,0.85,1.0,,0.06225849333533766,1.0,,0.145133681285493,0.010000000000005116,px4,,0.3660512327731325,1.0,,25/25/25 Hz,1.0,2000,gps,911,40,0.02091676861973871,0.021915844839423784,0.3607178745534296,after_return,0.08854644573046776
0.39243682788556117,1.0,,,held-out,nominal,60,1.0,,,0.85,0.5591489361702128,,0.16464943073191332,,,0.5442353558573687,0.010000000000005116,ekf3,,0.1712991693150999,1.0,,25/25/25 Hz,1.0,4700,gps,911,13,0.016089810721006258,0.08452066946207744,0.04726489572293733,flight,0.35911987976863224
0.5372923697385357,1.0,,,held-out,nominal,25,1.0,,,0.85,0.0,,0.25342700760094417,,,0.30775622614583903,0.010000000000001563,ekf3,,0.25656236609420086,1.0,,25/25/25 Hz,1.0,700,gps,911,18,0.21664177835078122,0.11028935944322447,0.039987491972937154,before_outage,0.47591890119894753
0.3967250219996833,1.0,,,held-out,nominal,40,1.0,,,0.85,0.4186666666666667,,0.19778156815235645,,,0.5442353558573687,0.010000000000005116,ekf3,,0.20355620780054473,1.0,,25/25/25 Hz,1.0,1500,gps,911,25,0.016687539702632825,0.11170119451426866,0.04814126123538242,outage_window,0.35838072286467326
0.3658838027187324,1.0,,,held-out,nominal,60,1.0,,,0.85,1.0,,0.0777666255469244,,,0.17024383352776654,0.010000000000005116,ekf3,,0.08606350590671726,1.0,,25/25/25 Hz,1.0,2000,gps,911,40,0.016089810721006258,0.04025220270770365,0.03686840110446885,after_return,0.34873717956828976
0.1668007275146603,1.0,1.0,,held-out,nominal,60,1.0,1.0,,0.85,0.0,,0.10588822892079111,1.0,,0.18769853959429753,0.010000000000005116,px4,,0.28214672478759306,1.0,,25/25/25 Hz,1.0,4700,denied,911,13,0.17521337637198206,0.01609852332227595,0.26152333984633935,flight,0.131636246737329
0.20411254644258192,1.0,1.0,,held-out,nominal,25,1.0,1.0,,0.85,0.0,,0.06051761067681729,1.0,,0.07146392892436379,0.010000000000001563,px4,,0.2584879796943186,1.0,,25/25/25 Hz,1.0,700,denied,911,18,0.04676379404389219,0.015026394056721815,0.25130390853390966,before_outage,0.16394383829587383
0.18732890807823627,1.0,1.0,,held-out,nominal,40,1.0,1.0,,0.85,0.0,,0.08420602336708569,1.0,,0.10695189781760445,0.010000000000005116,px4,,0.2766390550459476,1.0,,25/25/25 Hz,1.0,1500,denied,911,25,0.08803426814942697,0.016550333173967858,0.26351188285429683,outage_window,0.15504819040142093
0.12597778610019372,1.0,1.0,,held-out,nominal,60,1.0,1.0,,0.85,0.0,,0.1391532206671308,1.0,,0.18769853959429753,0.010000000000005116,px4,,0.3023739574175973,1.0,,25/25/25 Hz,1.0,2000,denied,911,40,0.17521337637198206,0.01626056382421369,0.268451841681788,after_return,0.09320171677112447
0.33450271473657156,1.0,,,held-out,nominal,60,1.0,,,0.85,0.0,,0.21806015221701672,,,0.3370299138253138,0.010000000000005116,ekf3,,0.22493163285065965,1.0,,25/25/25 Hz,1.0,4700,denied,911,13,0.28931052095902093,0.09635901489443616,0.05517254273599739,flight,0.28241589489908464
0.5372923697385357,1.0,,,held-out,nominal,25,1.0,,,0.85,0.0,,0.25342700760094417,,,0.30775622614583903,0.010000000000001563,ekf3,,0.25656236609420086,1.0,,25/25/25 Hz,1.0,700,denied,911,18,0.21664177835078122,0.11028935944322447,0.039987491972937154,before_outage,0.47591890119894753
0.2829018150989365,1.0,,,held-out,nominal,40,1.0,,,0.85,0.0,,0.21810692996452305,,,0.293900436570639,0.010000000000005116,ekf3,,0.22629573685456245,1.0,,25/25/25 Hz,1.0,1500,denied,911,25,0.1393748509535095,0.09855772584807831,0.0603251823039102,outage_window,0.20489003742762155
0.30482721668684853,1.0,,,held-out,nominal,60,1.0,,,0.85,0.0,,0.2185033249641206,,,0.3370299138253138,0.010000000000005116,ekf3,,0.2236412617907887,1.0,,25/25/25 Hz,1.0,2000,denied,911,40,0.28931052095902093,0.09340760946787999,0.04766246904011583,after_return,0.26612141664233546
0.1684628714661773,1.0,1.0,,held-out,nominal,60,1.0,1.0,,0.85,0.8029787234042554,,0.06979656450782987,1.0,,0.14243529302008748,0.010000000000005116,px4,,0.3555812585101158,1.0,,25/25/25 Hz,1.0,4700,transition,911,13,0.019604955600151443,0.02191052242406311,0.34866383664862943,flight,0.12840305494692078
0.2079851981762094,1.0,1.0,,held-out,nominal,25,1.0,1.0,,0.85,1.0,,0.04499093284308978,1.0,,0.08595372970709945,0.010000000000001563,px4,,0.3583306943356189,1.0,,25/25/25 Hz,1.0,700,transition,911,18,0.08116613725594246,0.02053163841370679,0.3554950104642193,before_outage,0.14104804431321405
0.1416823090127093,1.0,1.0,,held-out,nominal,40,1.0,1.0,,0.85,0.4686666666666667,,0.08838149309044249,1.0,,0.12034912731260061,0.010000000000005116,px4,,0.40142367091191317,1.0,,25/25/25 Hz,1.0,1500,transition,911,25,0.07793459271695713,0.02272225717953596,0.3915733331669817,outage_window,0.09074547835630467
0.10724087396595945,1.0,1.0,,held-out,nominal,60,1.0,1.0,,0.85,0.9355,,0.06485043255235003,1.0,,0.14243529302008748,0.010000000000005116,px4,,0.31476879278010156,1.0,,25/25/25 Hz,1.0,2000,transition,911,40,0.019604955600151443,0.02174922982537287,0.308015931902906,after_return,0.06457793658586627
0.4278352421039805,1.0,,,held-out,nominal,60,1.0,,,0.85,0.4208510638297872,,0.17573266659538314,,,0.5265598197156317,0.010000000000005116,ekf3,,0.1828447519939891,1.0,,25/25/25 Hz,1.0,4700,transition,911,13,0.015831481855335026,0.08802262606755323,0.050499833891006894,flight,0.3916373673085717
0.5372923697385357,1.0,,,held-out,nominal,25,1.0,,,0.85,0.0,,0.25342700760094417,,,0.30775622614583903,0.010000000000001563,ekf3,,0.25656236609420086,1.0,,25/25/25 Hz,1.0,700,transition,911,18,0.21664177835078122,0.11028935944322447,0.039987491972937154,before_outage,0.47591890119894753
0.2829018150989365,1.0,,,held-out,nominal,40,1.0,,,0.85,0.0,,0.21810692996452305,,,0.293900436570639,0.010000000000005116,ekf3,,0.22629573685456245,1.0,,25/25/25 Hz,1.0,1500,transition,911,25,0.1393748509535095,0.09855772584807831,0.0603251823039102,outage_window,0.20489003742762155
0.5100238360607611,1.0,,,held-out,nominal,60,1.0,,,0.85,0.989,,0.0925920747760991,,,0.5265598197156317,0.010000000000005116,ekf3,,0.09841051306310078,1.0,,25/25/25 Hz,1.0,2000,transition,911,40,0.015831481855335026,0.07150419872461335,0.033336718044822584,after_return,0.4937916254661052
0.17996139883808954,1.0,1.0,,held-out,stress,60,1.0,1.0,,0.85,1.0,,0.05661125331252119,1.0,,0.14515615737984444,0.010000000000005116,px4,,0.34314760090023094,1.0,,25/25/25 Hz,1.0,4700,gps,911,13,0.020953372734441412,0.02187129920328367,0.33844562635964104,flight,0.14256656378936608
0.2095190120941923,1.0,1.0,,held-out,stress,25,1.0,1.0,,0.85,1.0,,0.045038276992120825,1.0,,0.0860818911043383,0.010000000000001563,px4,,0.3300985138391851,1.0,,25/25/25 Hz,1.0,700,gps,911,18,0.08113934309036173,0.020487547895687182,0.32701159374618455,before_outage,0.1415968988779718
0.16588936526383002,1.0,1.0,,held-out,stress,40,1.0,1.0,,0.85,1.0,,0.05492112502251199,1.0,,0.11074606666634002,0.010000000000005116,px4,,0.35924408969200067,1.0,,25/25/25 Hz,1.0,1500,gps,911,25,0.0295812217385773,0.022442928109334362,0.355021106421711,outage_window,0.11981280739420279
0.11991796927096318,1.0,1.0,,held-out,stress,60,1.0,1.0,,0.85,1.0,,0.062248077005741476,1.0,,0.14515615737984444,0.010000000000005116,px4,,0.33831196264652075,1.0,,25/25/25 Hz,1.0,2000,gps,911,40,0.020953372734441412,0.021940455532077754,0.33253595441520023,after_return,0.0888593546107213
0.3551109865829244,1.0,,,held-out,stress,60,1.0,,,0.85,0.563404255319149,,0.16118989787386492,,,0.65550488454884,0.010000000000005116,ekf3,,0.16776015444367023,1.0,,25/25/25 Hz,1.0,4700,gps,911,13,0.01810876788083056,0.08453404735660602,0.046489635859803084,flight,0.3189973149397378
0.3903333749946285,1.0,,,held-out,stress,25,1.0,,,0.85,0.0,,0.24664824674696906,,,0.30906453853366866,0.010000000000001563,ekf3,,0.24947819508597086,1.0,,25/25/25 Hz,1.0,700,gps,911,18,0.25230651977910334,0.11087539845820737,0.03747015078699312,before_outage,0.30108010508723937
0.39496357369604385,1.0,,,held-out,stress,40,1.0,,,0.85,0.432,,0.20281698019267227,,,0.65550488454884,0.010000000000005116,ekf3,,0.20777318033809886,1.0,,25/25/25 Hz,1.0,1500,gps,911,25,0.012640399108610227,0.11263739559716794,0.04511060865620562,outage_window,0.35531925335077846
0.34327329051321537,1.0,,,held-out,stress,60,1.0,,,0.85,1.0,,0.07776755751245168,,,0.16747993679375836,0.010000000000005116,ekf3,,0.08544189178296838,1.0,,25/25/25 Hz,1.0,2000,gps,911,40,0.01810876788083056,0.04057349574520666,0.03539101397247612,after_return,0.32732768514252836
0.17889498760067332,1.0,1.0,,held-out,stress,60,1.0,1.0,,0.85,0.0,,0.10476633281612757,1.0,,0.18629860189124398,0.010000000000005116,px4,,0.26779353741611955,1.0,,25/25/25 Hz,1.0,4700,denied,911,13,0.1741160384493352,0.016451990635416414,0.2464495773786172,flight,0.1452802127777662
0.22341796987620843,1.0,1.0,,held-out,stress,25,1.0,1.0,,0.85,0.0,,0.06012462054670332,1.0,,0.07349782071207646,0.010000000000001563,px4,,0.2435649379866092,1.0,,25/25/25 Hz,1.0,700,denied,911,18,0.04812329807021586,0.01629039044645325,0.23602734803521333,before_outage,0.1859135661961979
0.19757873930086928,1.0,1.0,,held-out,stress,40,1.0,1.0,,0.85,0.0,,0.08313577738414779,1.0,,0.10792411583770904,0.010000000000005116,px4,,0.2620083154529163,1.0,,25/25/25 Hz,1.0,1500,denied,911,25,0.0862590241511647,0.017044851033262712,0.24846891130523419,outage_window,0.1661159482151843
0.1247417536935291,1.0,1.0,,held-out,stress,60,1.0,1.0,,0.85,0.0,,0.13777705034377027,1.0,,0.18629860189124398,0.010000000000005116,px4,,0.288453072452368,1.0,,25/25/25 Hz,1.0,2000,denied,911,40,0.1741160384493352,0.01629754824459427,0.25342190001217585,after_return,0.09009079809720502
0.24322824455603104,1.0,,,held-out,stress,60,1.0,,,0.85,0.0,,0.2080446518780831,,,0.30906453853366866,0.010000000000005116,ekf3,,0.2147698669194513,1.0,,25/25/25 Hz,1.0,4700,denied,911,13,0.2779350034506121,0.09623133277321001,0.05332465247449838,flight,0.17148504938399003
0.3903333749946285,1.0,,,held-out,stress,25,1.0,,,0.85,0.0,,0.24664824674696906,,,0.30906453853366866,0.010000000000001563,ekf3,,0.24947819508597086,1.0,,25/25/25 Hz,1.0,700,denied,911,18,0.25230651977910334,0.11087539845820737,0.03747015078699312,before_outage,0.30108010508723937
0.239164220948694,1.0,,,held-out,stress,40,1.0,,,0.85,0.0,,0.2116948117492859,,,0.2779069196771888,0.010000000000005116,ekf3,,0.2187809813829779,1.0,,25/25/25 Hz,1.0,1500,denied,911,25,0.2456147653036989,0.100613260989557,0.055230648134286214,outage_window,0.14712314275386393
0.18605393686892524,1.0,,,held-out,stress,60,1.0,,,0.85,0.0,,0.20962763295323447,,,0.302862763670674,0.010000000000005116,ekf3,,0.21456449195422805,1.0,,25/25/25 Hz,1.0,2000,denied,911,40,0.2779350034506121,0.0924030058076142,0.045762175538319856,after_return,0.1247827741994054
0.17054657246650734,1.0,1.0,,held-out,stress,60,1.0,1.0,,0.85,0.8040425531914893,,0.06984870122315244,1.0,,0.14240034761897558,0.010000000000005116,px4,,0.3282321272159463,1.0,,25/25/25 Hz,1.0,4700,transition,911,13,0.019604955600151443,0.021916942292932097,0.3207140288078211,flight,0.12985159807491092
0.2095190120941923,1.0,1.0,,held-out,stress,25,1.0,1.0,,0.85,1.0,,0.045038276992120825,1.0,,0.0860818911043383,0.010000000000001563,px4,,0.3300985138391851,1.0,,25/25/25 Hz,1.0,700,transition,911,18,0.08113934309036173,0.020487547895687182,0.32701159374618455,before_outage,0.1415968988779718
0.14378699398930198,1.0,1.0,,held-out,stress,40,1.0,1.0,,0.85,0.472,,0.08843770368964415,1.0,,0.12054268825722247,0.010000000000005116,px4,,0.3740270558132869,1.0,,25/25/25 Hz,1.0,1500,transition,911,25,0.07801129798349975,0.022851913972840913,0.3634212583854422,outage_window,0.09187568911782502
0.10843810344602955,1.0,1.0,,held-out,stress,60,1.0,1.0,,0.85,0.9355,,0.06484648478536413,1.0,,0.14240034761897558,0.010000000000005116,px4,,0.2877364549831739,1.0,,25/25/25 Hz,1.0,2000,transition,911,40,0.019604955600151443,0.021729856381592257,0.2803340880757558,after_return,0.06474225045057275
0.38166846442746505,1.0,,,held-out,stress,60,1.0,,,0.85,0.4208510638297872,,0.16857836758353206,,,0.5265598197156317,0.010000000000005116,ekf3,,0.17552129254338714,1.0,,25/25/25 Hz,1.0,4700,transition,911,13,0.017765579113268492,0.0882451922001538,0.04887799217411486,flight,0.34235862108368315
0.3903333749946285,1.0,,,held-out,stress,25,1.0,,,0.85,0.0,,0.24664824674696906,,,0.30906453853366866,0.010000000000001563,ekf3,,0.24947819508597086,1.0,,25/25/25 Hz,1.0,700,transition,911,18,0.25230651977910334,0.11087539845820737,0.03747015078699312,before_outage,0.30108010508723937
0.239164220948694,1.0,,,held-out,stress,40,1.0,,,0.85,0.0,,0.2116948117492859,,,0.2779069196771888,0.010000000000005116,ekf3,,0.2187809813829779,1.0,,25/25/25 Hz,1.0,1500,transition,911,25,0.2456147653036989,0.100613260989557,0.055230648134286214,outage_window,0.14712314275386393
0.48776688717835415,1.0,,,held-out,stress,60,1.0,,,0.85,0.989,,0.09493973497122692,,,0.5265598197156317,0.010000000000005116,ekf3,,0.10019854263614221,1.0,,25/25/25 Hz,1.0,2000,transition,911,40,0.017765579113268492,0.07124721151909326,0.03203427336463245,after_return,0.4710691599085156
