attitude_rmse_deg,attitude_valid_fraction,baro_active_fraction,baro_fused_accepted_hz,case,end_s,finite_fraction,flow_active_fraction,flow_fused_accepted_hz,gps_active_fraction,gps_fused_accepted_hz,horizontal_position_rmse_m,mag_active_fraction,mag_fused_accepted_hz,max_horizontal_error_m,max_output_gap_s,name,nonzero_step_status_rows,phase,position_3d_rmse_m,position_valid_fraction,prediction_accepted_fraction,profile,row_coverage,rows,seed,speed,start_s,terminal_horizontal_error_m,velocity_3d_rmse_m_s,vertical_position_rmse_m,yaw_rmse_deg
2.529377322058164,1.0,,39.8936170212766,gps,60,1.0,,49.93617021276596,,10.0,0.028595034124710896,,0.0,0.05012776244660191,0.010000000000005116,modelica,0,flight,0.04762971807379662,1.0,1.0,100/50/50 Hz,1.0,4700,7,0.25,13,0.007238958390889989,0.04345194827719823,0.038090865928670725,2.4804139557387255
0.5407921597136025,1.0,,39.93333333333333,gps,40,1.0,,50.0,,10.0,0.034569145780513635,,0.0,0.05012776244660191,0.010000000000005116,modelica,0,outage_window,0.05016405621458763,1.0,1.0,100/50/50 Hz,1.0,1500,7,0.25,25,0.014464232465282393,0.04233670039319815,0.03635115810955552,0.35187851099796313
0.5923167475097535,1.0,,39.714285714285715,gps,25,1.0,,50.0,,10.0,0.02275219328406234,,0.0,0.04632943432039934,0.010000000000001563,modelica,0,before_outage,0.037973449538141815,1.0,1.0,100/50/50 Hz,1.0,700,7,0.25,18,0.019536959554114136,0.041188799002546676,0.03040264084895375,0.40334408804222166
0.5684593978695366,1.0,,40.0,gps,60,1.0,,50.0,,10.0,0.028296893182542,,0.0,0.047661157850307875,0.010000000000005116,modelica,0,after_return,0.05107000681546711,1.0,1.0,100/50/50 Hz,1.0,2000,7,0.25,40,0.007238958390889989,0.04141666139789215,0.04251389693203465,0.46591397594156003
0.2757467336055645,1.0,1.0,,gps,60,1.0,1.0,,1.0,,0.03762639355771271,1.0,,0.0862187096891975,0.010000000000005116,px4,,flight,0.28611831759675244,1.0,,100/50/50 Hz,1.0,4700,7,0.25,13,0.0199708664402044,0.011916723914740577,0.2836334715301355,0.2554739983399528
0.22239784383508482,1.0,1.0,,gps,40,1.0,1.0,,1.0,,0.031176938684714887,1.0,,0.05376116896099226,0.010000000000005116,px4,,outage_window,0.2931708499591159,1.0,,100/50/50 Hz,1.0,1500,7,0.25,25,0.02122074306779978,0.014016267946177122,0.29150839740906265,0.19527379952763754
0.4145893375778094,1.0,1.0,,gps,25,1.0,1.0,,1.0,,0.0426155320323013,1.0,,0.0862187096891975,0.010000000000001563,px4,,before_outage,0.2719143220083364,1.0,,100/50/50 Hz,1.0,700,7,0.25,18,0.0022606681632327333,0.008777083828875088,0.26855411920664546,0.39542442910465914
0.1928915789362388,1.0,1.0,,gps,60,1.0,1.0,,1.0,,0.04357836041033127,1.0,,0.07554200940991246,0.010000000000005116,px4,,after_return,0.2933631483350503,1.0,,100/50/50 Hz,1.0,2000,7,0.25,40,0.0199708664402044,0.01108995063166986,0.290108364762204,0.1765641500091172
0.41465563664450644,1.0,,,gps,60,1.0,,,0.6238297872340426,,0.06959803534967945,,,0.26071335301923587,0.010000000000005116,ekf3,,flight,0.08517238729241713,1.0,,100/50/50 Hz,1.0,4700,7,0.25,13,0.025628860932809285,0.0216319705595114,0.049096324022825474,0.3930439459586508
0.3806059693255845,1.0,,,gps,40,1.0,,,0.6213333333333333,,0.06595705948919005,,,0.26071335301923587,0.010000000000005116,ekf3,,outage_window,0.07548383383078716,1.0,,100/50/50 Hz,1.0,1500,7,0.25,25,0.014724403464127157,0.018950466925146486,0.03670797560930503,0.3615222045335737
0.5729335725426299,1.0,,,gps,25,1.0,,,0.0,,0.08395895056996329,,,0.09859341298821094,0.010000000000001563,ekf3,,before_outage,0.09188316468340711,1.0,,100/50/50 Hz,1.0,700,7,0.25,18,0.09852032598129837,0.02251660708388392,0.03732841506719207,0.5503319580261025
0.2608665094595239,1.0,,,gps,60,1.0,,,1.0,,0.061135032291884224,,,0.12324556040924842,0.010000000000005116,ekf3,,after_return,0.08667796140501764,1.0,,100/50/50 Hz,1.0,2000,7,0.25,40,0.025628860932809285,0.019369057590190412,0.06144572255250971,0.23305597498551692
28.937201248844183,1.0,,49.87234042553192,denied,60,1.0,,49.93617021276596,,0.0,2.289961527880139,,0.0,3.107025068188151,0.010000000000005116,modelica,0,flight,2.290341720907397,1.0,1.0,100/50/50 Hz,1.0,4700,7,0.25,13,1.6433260235206877,0.4502497031043625,0.04173007737728921,28.93519496626759
29.666436775786863,1.0,,49.86666666666667,denied,40,1.0,,50.0,,0.0,2.3474621396459465,,0.0,3.107025068188151,0.010000000000005116,modelica,0,outage_window,2.3477896879089335,1.0,1.0,100/50/50 Hz,1.0,1500,7,0.25,25,0.6579630701687006,0.46473956833270563,0.03921634328187076,29.66541702517108
28.997060370569024,1.0,,49.714285714285715,denied,25,1.0,,50.0,,0.0,2.5484397126510463,,0.0,2.976381625859727,0.010000000000001563,modelica,0,before_outage,2.5486705785958557,1.0,1.0,100/50/50 Hz,1.0,700,7,0.25,18,2.963253680936925,0.4334814245597345,0.03430377797248262,28.991925640015573
28.397182572451428,1.0,,50.0,denied,60,1.0,,50.0,,0.0,2.3879305777522024,,0.0,2.783989998510924,0.010000000000005116,modelica,0,after_return,2.3883994083835582,1.0,1.0,100/50/50 Hz,1.0,2000,7,0.25,40,1.6433260235206877,0.4245907207521725,0.047321134844426314,28.39382084821147
0.4068989597058433,1.0,1.0,,denied,60,1.0,1.0,,0.0,,0.10366335410864415,1.0,,0.18531553425852873,0.010000000000005116,px4,,flight,0.1340084498384639,1.0,,100/50/50 Hz,1.0,4700,7,0.25,13,0.1849669386856798,0.01167950759488265,0.08492451732599926,0.3914673134955868
0.1890969661995756,1.0,1.0,,denied,40,1.0,1.0,,0.0,,0.06971215159137824,1.0,,0.09869929908530817,0.010000000000005116,px4,,outage_window,0.11002596038889777,1.0,,100/50/50 Hz,1.0,1500,7,0.25,25,0.096125670647741,0.007612652343612804,0.08512301615896842,0.1578889864619227
0.42374015620587757,1.0,1.0,,denied,25,1.0,1.0,,0.0,,0.049996736672699355,1.0,,0.0767244349449844,0.010000000000001563,px4,,before_outage,0.08695286953733261,1.0,,100/50/50 Hz,1.0,700,7,0.25,18,0.03862178401218978,0.00914339233867092,0.07114160416280436,0.40230691064317325
0.10299725785315758,1.0,1.0,,denied,60,1.0,1.0,,0.0,,0.14099918000051562,1.0,,0.18531553425852873,0.010000000000005116,px4,,after_return,0.1692326146634206,1.0,,100/50/50 Hz,1.0,2000,7,0.25,40,0.1849669386856798,0.007407924771110473,0.0935890437230769,0.06250399581051334
0.39651506962951333,1.0,,,denied,60,1.0,,,0.0,,0.11568781419348219,,,0.19709536824345036,0.010000000000005116,ekf3,,flight,0.12445647363677302,1.0,,100/50/50 Hz,1.0,4700,7,0.25,13,0.19709536824345036,0.022777534885660408,0.04588838063426427,0.37507916707215483
0.3889105547272977,1.0,,,denied,40,1.0,,,0.0,,0.08183256160946702,,,0.12934725356545773,0.010000000000005116,ekf3,,outage_window,0.09052054889858185,1.0,,100/50/50 Hz,1.0,1500,7,0.25,25,0.1275398049138558,0.023320891192425135,0.03869627415311884,0.3718776549699454
0.5729335725426299,1.0,,,denied,25,1.0,,,0.0,,0.08395895056996329,,,0.09859341298821094,0.010000000000001563,ekf3,,before_outage,0.09188316468340711,1.0,,100/50/50 Hz,1.0,700,7,0.25,18,0.09852032598129837,0.02251660708388392,0.03732841506719207,0.5503319580261025
0.169345717624723,1.0,,,denied,60,1.0,,,0.0,,0.14847999305487672,,,0.19709536824345036,0.010000000000005116,ekf3,,after_return,0.15809295519591074,1.0,,100/50/50 Hz,1.0,2000,7,0.25,40,0.19709536824345036,0.01887210470798112,0.05428696109564432,0.12724402787388178
2.5352975365769304,1.0,,43.06382978723404,transition,60,1.0,,49.93617021276596,,6.808510638297872,0.04380873936161904,,0.0,0.22505180572136674,0.010000000000005116,modelica,0,flight,0.05863141529146376,1.0,1.0,100/50/50 Hz,1.0,4700,7,0.25,13,0.004854085776017138,0.044757100484705416,0.038967129925436154,2.4884341607759226
0.49481435799878987,1.0,,49.86666666666667,transition,40,1.0,,50.0,,0.0,0.04394702775097439,,0.0,0.08131107950037103,0.010000000000005116,modelica,0,outage_window,0.05887477694535672,1.0,1.0,100/50/50 Hz,1.0,1500,7,0.25,25,0.07601613750512294,0.04585098062988149,0.03917777574366102,0.3272808278380755
0.5923167475097535,1.0,,39.714285714285715,transition,25,1.0,,50.0,,10.0,0.02275219328406234,,0.0,0.04632943432039934,0.010000000000001563,modelica,0,before_outage,0.037973449538141815,1.0,1.0,100/50/50 Hz,1.0,700,7,0.25,18,0.019536959554114136,0.041188799002546676,0.03040264084895375,0.40334408804222166
0.6552248317969425,1.0,,40.0,transition,60,1.0,,50.0,,10.0,0.05326417489405424,,0.0,0.22505180572136674,0.010000000000005116,modelica,0,after_return,0.06814003664305004,1.0,1.0,100/50/50 Hz,1.0,2000,7,0.25,40,0.004854085776017138,0.04187420834500761,0.04249696773384903,0.5685555533810002
0.30118211151313107,1.0,1.0,,transition,60,1.0,1.0,,0.8023404255319149,,0.04060846530285454,1.0,,0.0862187096891975,0.010000000000005116,px4,,flight,0.2636205929201961,1.0,,100/50/50 Hz,1.0,4700,7,0.25,13,0.020336749999394752,0.012934123740681607,0.26047412454472824,0.28030626104419637
0.12603186766964733,1.0,1.0,,transition,40,1.0,1.0,,0.46,,0.03603893049917799,1.0,,0.05836657671373097,0.010000000000005116,px4,,outage_window,0.2937078171213549,1.0,,100/50/50 Hz,1.0,1500,7,0.25,25,0.056152625909504573,0.009928980141065925,0.2914883828331185,0.06451832342259799
0.4145893375778094,1.0,1.0,,transition,25,1.0,1.0,,1.0,,0.0426155320323013,1.0,,0.0862187096891975,0.010000000000001563,px4,,before_outage,0.2719143220083364,1.0,,100/50/50 Hz,1.0,700,7,0.25,18,0.0022606681632327333,0.008777083828875088,0.26855411920664546,0.39542442910465914
0.3112468244069024,1.0,1.0,,transition,60,1.0,1.0,,0.9405,,0.046927932541731464,1.0,,0.07954047170081982,0.010000000000005116,px4,,after_return,0.23824584033649213,1.0,,100/50/50 Hz,1.0,2000,7,0.25,40,0.020336749999394752,0.01599393567486767,0.23357835855446885,0.296509234377255
0.40443948364125654,1.0,,,transition,60,1.0,,,0.4238297872340426,,0.08428658375689364,,,0.4518073591292276,0.010000000000005116,ekf3,,flight,0.09752997245759448,1.0,,100/50/50 Hz,1.0,4700,7,0.25,13,0.025575107388182753,0.024470103382790407,0.0490700247215272,0.38186683885391853
0.3889105547272977,1.0,,,transition,40,1.0,,,0.0,,0.08183256160946702,,,0.12934725356545773,0.010000000000005116,ekf3,,outage_window,0.09052054889858185,1.0,,100/50/50 Hz,1.0,1500,7,0.25,25,0.1275398049138558,0.023320891192425135,0.03869627415311884,0.3718776549699454
0.5729335725426299,1.0,,,transition,25,1.0,,,0.0,,0.08395895056996329,,,0.09859341298821094,0.010000000000001563,ekf3,,before_outage,0.09188316468340711,1.0,,100/50/50 Hz,1.0,700,7,0.25,18,0.09852032598129837,0.02251660708388392,0.03732841506719207,0.5503319580261025
0.20879091567138947,1.0,,,transition,60,1.0,,,0.996,,0.08537926728222948,,,0.4518073591292276,0.010000000000005116,ekf3,,after_return,0.10462640427564344,1.0,,100/50/50 Hz,1.0,2000,7,0.25,40,0.025575107388182753,0.02332564075726305,0.060473673528238715,0.16812230692182312
22.33366354464917,1.0,,39.93617021276596,gps,60,1.0,,30.382978723404257,,9.72340425531915,0.11301069144347442,,0.0,0.9618436076462995,0.010000000000005116,modelica,0,flight,0.12370535981574442,1.0,1.0,100/50/50 Hz,1.0,4700,19,0.25,13,0.04754152994455048,0.13198992034474027,0.0503150043884586,22.240699238790093
22.049336708000556,1.0,,39.93333333333333,gps,40,1.0,,20.733333333333334,,10.0,0.05484813071156464,,0.0,0.08056701797041736,0.010000000000005116,modelica,0,outage_window,0.07270150481786326,1.0,1.0,100/50/50 Hz,1.0,1500,19,0.25,25,0.021656343388276274,0.06190203594219742,0.04771992623872041,21.97090692609638
29.98154176065374,1.0,,40.0,gps,25,1.0,,0.0,,10.0,0.06480424373987892,,0.0,0.08591323880113202,0.010000000000001563,modelica,0,before_outage,0.07545133713108415,1.0,1.0,100/50/50 Hz,1.0,700,19,0.25,18,0.06021639788613331,0.05936135693673877,0.03864342464340966,29.88589099104061
1.8743287207854658,1.0,,39.95,gps,60,1.0,,50.0,,10.0,0.03863667658463258,,0.0,0.06599709505676364,0.010000000000005116,modelica,0,after_return,0.07042584127169604,1.0,1.0,100/50/50 Hz,1.0,2000,19,0.25,40,0.04754152994455048,0.045605105622351316,0.05888129024843657,0.6377205920014443
0.26636687653453783,1.0,1.0,,gps,60,1.0,1.0,,1.0,,0.03530043756843645,1.0,,0.07518590656755464,0.010000000000005116,px4,,flight,0.12780677918432032,1.0,,100/50/50 Hz,1.0,4700,19,0.25,13,0.04173155809421548,0.011035761072517728,0.12283505978728768,0.24604977548863402
0.19861115607850927,1.0,1.0,,gps,40,1.0,1.0,,1.0,,0.028795089359284712,1.0,,0.05817792818267163,0.010000000000005116,px4,,outage_window,0.12544273739257497,1.0,,100/50/50 Hz,1.0,1500,19,0.25,25,0.016666772772890723,0.010310003671051138,0.12209309232439537,0.1699728182370588
0.3617548397215743,1.0,1.0,,gps,25,1.0,1.0,,1.0,,0.030625530864215447,1.0,,0.054748764017894816,0.010000000000001563,px4,,before_outage,0.10814066711266467,1.0,,100/50/50 Hz,1.0,700,19,0.25,18,0.0281997065878396,0.01206330634470469,0.1037134549750279,0.34052904008200224
0.13905078746665064,1.0,1.0,,gps,60,1.0,1.0,,1.0,,0.0378787559460572,1.0,,0.06339749558781684,0.010000000000005116,px4,,after_return,0.13953734982799754,1.0,,100/50/50 Hz,1.0,2000,19,0.25,40,0.04173155809421548,0.009488850235053888,0.13429769858415297,0.11012948451503636
0.20753464430406435,1.0,,,gps,60,1.0,,,0.6238297872340426,,0.053838438423745257,,,0.11748861114945268,0.010000000000005116,ekf3,,flight,0.07203728849028039,1.0,,100/50/50 Hz,1.0,4700,19,0.25,13,0.03963337297548215,0.017260605117969563,0.047862234393355206,0.1855971334494402
0.2071298799108485,1.0,,,gps,40,1.0,,,0.6213333333333333,,0.04649246441263347,,,0.09484692896530661,0.010000000000005116,ekf3,,outage_window,0.05572438347641593,1.0,,100/50/50 Hz,1.0,1500,19,0.25,25,0.03098365393391808,0.016192711098066442,0.03071901148583181,0.1897379257452045
0.2708257202457039,1.0,,,gps,25,1.0,,,0.0,,0.0402526434501506,,,0.059300953391062,0.010000000000001563,ekf3,,before_outage,0.0553057145498348,1.0,,100/50/50 Hz,1.0,700,19,0.25,18,0.01965525113207489,0.011027112217191139,0.037926860628621197,0.24916602418181646
0.12091988097262156,1.0,,,gps,60,1.0,,,1.0,,0.05350455259493048,,,0.11188869975058247,0.010000000000005116,ekf3,,after_return,0.07891731706909252,1.0,,100/50/50 Hz,1.0,2000,19,0.25,40,0.03963337297548215,0.015334055411774267,0.05801039376697938,0.0857746756608634
46.977147118044535,1.0,,49.91489361702128,denied,60,1.0,,49.91489361702128,,0.0,4.082082131937587,,0.0,5.36745316204142,0.010000000000005116,modelica,0,flight,4.082424689577844,1.0,1.0,100/50/50 Hz,1.0,4700,19,0.25,13,3.0074411267747263,0.7157485237255249,0.05288491458489333,46.97659787104854
46.292739886304275,1.0,,49.86666666666667,denied,40,1.0,,50.0,,0.0,3.8856575031545093,,0.0,5.193032054158256,0.010000000000005116,modelica,0,outage_window,3.8859725166011176,1.0,1.0,100/50/50 Hz,1.0,1500,19,0.25,25,1.25606072591534,0.7126763936437313,0.049478964806127616,46.289979120682844
47.72796052695704,1.0,,50.0,denied,25,1.0,,50.0,,0.0,4.6323621056416435,,0.0,5.147424510671561,0.010000000000001563,modelica,0,before_outage,4.632519662872406,1.0,1.0,100/50/50 Hz,1.0,700,19,0.25,18,5.14146831956246,0.6899265196821336,0.03820666322508272,47.73063274638155
47.0434046349332,1.0,,49.95,denied,60,1.0,,50.0,,0.0,4.424523521031174,,0.0,5.36745316204142,0.010000000000005116,modelica,0,after_return,4.424966164059455,1.0,1.0,100/50/50 Hz,1.0,2000,19,0.25,40,3.0074411267747263,0.690499684384751,0.062587258391421,47.04596549658576
0.28808870883085574,1.0,1.0,,denied,60,1.0,1.0,,0.0,,0.0762468949182186,1.0,,0.13324375426706664,0.010000000000005116,px4,,flight,0.12070340850808027,1.0,,100/50/50 Hz,1.0,4700,19,0.25,13,0.12977347215161125,0.007706280687883329,0.09357202488350157,0.2751783342836869
0.381561333747537,1.0,1.0,,denied,40,1.0,1.0,,0.0,,0.056497186664866875,1.0,,0.08626038992289255,0.010000000000005116,px4,,outage_window,0.10964105074155153,1.0,,100/50/50 Hz,1.0,1500,19,0.25,25,0.0846757195306823,0.009063944119746295,0.09396397132234602,0.37207706595260853
0.3548740276512812,1.0,1.0,,denied,25,1.0,1.0,,0.0,,0.03465288497215375,1.0,,0.04094390235805999,0.010000000000001563,px4,,before_outage,0.0837028001394161,1.0,,100/50/50 Hz,1.0,700,19,0.25,18,0.03445206672628323,0.006116172454508166,0.0761927576235807,0.33917307806496194
0.15175007808298668,1.0,1.0,,denied,60,1.0,1.0,,0.0,,0.10372371263249673,1.0,,0.13324375426706664,0.010000000000005116,px4,,after_return,0.14681299660543942,1.0,,100/50/50 Hz,1.0,2000,19,0.25,40,0.12977347215161125,0.006626524553956621,0.10390114248650012,0.13683975003414006
0.2016456425829271,1.0,,,denied,60,1.0,,,0.0,,0.0946855273712809,,,0.16477231545296825,0.010000000000005116,ekf3,,flight,0.10623914158392515,1.0,,100/50/50 Hz,1.0,4700,19,0.25,13,0.16477231545296825,0.01704697387883645,0.04818097249860891,0.17965462835071871
0.17734571546473585,1.0,,,denied,40,1.0,,,0.0,,0.07718970006466688,,,0.12777663689737898,0.010000000000005116,ekf3,,outage_window,0.08397980703363497,1.0,,100/50/50 Hz,1.0,1500,19,0.25,25,0.12157442340216304,0.01691424104815774,0.033081085129320245,0.15619993662733625
0.2708257202457039,1.0,,,denied,25,1.0,,,0.0,,0.0402526434501506,,,0.059300953391062,0.010000000000001563,ekf3,,before_outage,0.0553057145498348,1.0,,100/50/50 Hz,1.0,700,19,0.25,18,0.01965525113207489,0.011027112217191139,0.037926860628621197,0.24916602418181646
0.1324664933513309,1.0,,,denied,60,1.0,,,0.0,,0.11946599974312216,,,0.16477231545296825,0.010000000000005116,ekf3,,after_return,0.1326508392910639,1.0,,100/50/50 Hz,1.0,2000,19,0.25,40,0.16477231545296825,0.014141922121271506,0.05765518250773298,0.10468113778992845
23.95434492709267,1.0,,43.1063829787234,transition,60,1.0,,39.1063829787234,,6.25531914893617,1.3079629082060367,,0.0,2.7278688077116557,0.010000000000005116,modelica,0,flight,1.3089694919502122,1.0,1.0,100/50/50 Hz,1.0,4700,19,0.25,13,0.0455986942397235,0.2670570894312478,0.05132408414773402,23.835732162550382
25.814768509894076,1.0,,49.86666666666667,transition,40,1.0,,49.0,,0.0,2.1895065282935184,,0.0,2.7278688077116557,0.010000000000005116,modelica,0,outage_window,2.1900829207671046,1.0,1.0,100/50/50 Hz,1.0,1500,19,0.25,25,2.5055360407327028,0.399649690745509,0.050243033306481395,25.688814247025267
29.98154176065374,1.0,,40.0,transition,25,1.0,,0.0,,10.0,0.06480424373987892,,0.0,0.08591323880113202,0.010000000000001563,modelica,0,before_outage,0.07545133713108415,1.0,1.0,100/50/50 Hz,1.0,700,19,0.25,18,0.06021639788613331,0.05936135693673877,0.03864342464340966,29.88589099104061
6.680861250868016,1.0,,39.95,transition,60,1.0,,49.3,,9.35,0.6313354512505863,,0.0,2.505746935776136,0.010000000000005116,modelica,0,after_return,0.6341191533504017,1.0,1.0,100/50/50 Hz,1.0,2000,19,0.25,40,0.0455986942397235,0.10874037005729124,0.05935190510884122,6.341956861123546
0.33951172026780413,1.0,1.0,,transition,60,1.0,1.0,,0.8023404255319149,,0.04045599738384656,1.0,,0.0836887161558993,0.010000000000005116,px4,,flight,0.1279003413359952,1.0,,100/50/50 Hz,1.0,4700,19,0.25,13,0.04256529759863416,0.010749452615207926,0.12133346442569867,0.3248317927699834
0.3470643355232199,1.0,1.0,,transition,40,1.0,1.0,,0.46,,0.042739842708639834,1.0,,0.05270883878659695,0.010000000000005116,px4,,outage_window,0.1303923363344613,1.0,,100/50/50 Hz,1.0,1500,19,0.25,25,0.03487788787481213,0.007888663563665355,0.12318874632043303,0.3328638284232741
0.3617548397215743,1.0,1.0,,transition,25,1.0,1.0,,1.0,,0.030625530864215447,1.0,,0.054748764017894816,0.010000000000001563,px4,,before_outage,0.10814066711266467,1.0,,100/50/50 Hz,1.0,700,19,0.25,18,0.0281997065878396,0.01206330634470469,0.1037134549750279,0.34052904008200224
0.2504483562703611,1.0,1.0,,transition,60,1.0,1.0,,0.9405,,0.04005595422762258,1.0,,0.0836887161558993,0.010000000000005116,px4,,after_return,0.13629814317915484,1.0,,100/50/50 Hz,1.0,2000,19,0.25,40,0.04256529759863416,0.010412949499123386,0.13027933207151468,0.23746483963662293
0.19619132530624134,1.0,,,transition,60,1.0,,,0.4238297872340426,,0.06999386703383723,,,0.3287151665806336,0.010000000000005116,ekf3,,flight,0.08487837612291009,1.0,,100/50/50 Hz,1.0,4700,19,0.25,13,0.03963337297548215,0.017875256615859904,0.04801247036876678,0.17248149409954108
0.17734571546473585,1.0,,,transition,40,1.0,,,0.0,,0.07718970006466688,,,0.12777663689737898,0.010000000000005116,ekf3,,outage_window,0.08397980703363497,1.0,,100/50/50 Hz,1.0,1500,19,0.25,25,0.12157442340216304,0.01691424104815774,0.033081085129320245,0.15619993662733625
0.2708257202457039,1.0,,,transition,25,1.0,,,0.0,,0.0402526434501506,,,0.059300953391062,0.010000000000001563,ekf3,,before_outage,0.0553057145498348,1.0,,100/50/50 Hz,1.0,700,19,0.25,18,0.01965525113207489,0.011027112217191139,0.037926860628621197,0.24916602418181646
0.11157077843114706,1.0,,,transition,60,1.0,,,0.996,,0.06867704905745425,,,0.3287151665806336,0.010000000000005116,ekf3,,after_return,0.08945706488165134,1.0,,100/50/50 Hz,1.0,2000,19,0.25,40,0.03963337297548215,0.01636975384140883,0.057323898942762075,0.07086768910149124
5.607737370336163,1.0,,39.95744680851064,gps,60,1.0,,49.93617021276596,,10.0,0.036797085516073684,,0.0,0.09152339216638009,0.010000000000005116,modelica,0,flight,0.06424404655787942,1.0,1.0,100/50/50 Hz,1.0,4700,41,0.25,13,0.0037562940676269503,0.050311752509557224,0.05266186490861996,5.583611145623577
0.6688433011504945,1.0,,40.0,gps,40,1.0,,50.0,,10.0,0.03419042833407281,,0.0,0.05889847153626594,0.010000000000005116,modelica,0,outage_window,0.06464476105799845,1.0,1.0,100/50/50 Hz,1.0,1500,41,0.25,25,0.012195437165955425,0.045540107781534854,0.05486310000882509,0.5127325815090614
0.575725868353155,1.0,,40.0,gps,25,1.0,,50.0,,10.0,0.039754405266594954,,0.0,0.05579708730566016,0.010000000000001563,modelica,0,before_outage,0.05460574864292367,1.0,1.0,100/50/50 Hz,1.0,700,41,0.25,18,0.02567197222658384,0.04110009453542075,0.03743494419327331,0.5029125191771117
0.6669322800662759,1.0,,39.95,gps,60,1.0,,50.0,,10.0,0.03372071214624963,,0.0,0.06936287921149817,0.010000000000005116,modelica,0,after_return,0.0688971585492407,1.0,1.0,100/50/50 Hz,1.0,2000,41,0.25,40,0.0037562940676269503,0.04497530677937798,0.06008104550113108,0.5750920578554685
0.3349637569256249,1.0,1.0,,gps,60,1.0,1.0,,1.0,,0.036921125481704176,1.0,,0.08650404658699562,0.010000000000005116,px4,,flight,0.11890448745928404,1.0,,100/50/50 Hz,1.0,4700,41,0.25,13,0.026480856742769447,0.013196187744108872,0.11302702168560973,0.31881290387477956
0.18082850885631208,1.0,1.0,,gps,40,1.0,1.0,,1.0,,0.03779358809479525,1.0,,0.07972306660759787,0.010000000000005116,px4,,outage_window,0.13665175445054625,1.0,,100/50/50 Hz,1.0,1500,41,0.25,25,0.049970576434753826,0.012185555487155806,0.1313215393350738,0.1498260612849283
0.2668911174503906,1.0,1.0,,gps,25,1.0,1.0,,1.0,,0.03069346820964923,1.0,,0.04996791733030107,0.010000000000001563,px4,,before_outage,0.10381847333216986,1.0,,100/50/50 Hz,1.0,700,41,0.25,18,0.016416871362968852,0.009865467155452359,0.09917754995101317,0.24483781985417746
0.2326406845243114,1.0,1.0,,gps,60,1.0,1.0,,1.0,,0.036839220213216825,1.0,,0.06124865785507269,0.010000000000005116,px4,,after_return,0.11556932108443782,1.0,,100/50/50 Hz,1.0,2000,41,0.25,40,0.026480856742769447,0.01192632012097263,0.10954058530973805,0.213032596070841
0.3118247072346888,1.0,,,gps,60,1.0,,,0.6238297872340426,,0.06551798826203267,,,0.43152296237009025,0.010000000000005116,ekf3,,flight,0.08235749486435529,1.0,,100/50/50 Hz,1.0,4700,41,0.25,13,0.018394825741323936,0.023976497702128008,0.04990140453362467,0.29344280373415765
0.3076913970208284,1.0,,,gps,40,1.0,,,0.6213333333333333,,0.07431436857255241,,,0.43152296237009025,0.010000000000005116,ekf3,,outage_window,0.08522642643572374,1.0,,100/50/50 Hz,1.0,1500,41,0.25,25,0.043341898361460816,0.020413979219130914,0.04172431409462194,0.2887692015919856
0.47803445417935,1.0,,,gps,25,1.0,,,0.0,,0.07525730631125135,,,0.08852520782583788,0.010000000000001563,ekf3,,before_outage,0.0995235418471275,1.0,,100/50/50 Hz,1.0,700,41,0.25,18,0.04851084005036916,0.01679190722486234,0.06512505837672185,0.46323012070564856
0.1380328980949595,1.0,,,gps,60,1.0,,,1.0,,0.049646096042162295,,,0.09900086063532243,0.010000000000005116,ekf3,,after_return,0.062195405515420535,1.0,,100/50/50 Hz,1.0,2000,41,0.25,40,0.018394825741323936,0.017287993241030114,0.0374637640260559,0.1061291433601545
30.227489523563015,1.0,,49.87234042553192,denied,60,1.0,,49.95744680851064,,0.0,2.6355247021296884,,0.0,3.3988666864193022,0.010000000000005116,modelica,0,flight,2.636073448775465,1.0,1.0,100/50/50 Hz,1.0,4700,41,0.25,13,1.4610270448725156,0.468901236979282,0.053784494077663475,30.226815693357967
30.758061851732514,1.0,,50.0,denied,40,1.0,,50.0,,0.0,2.3425688758927046,,0.0,3.3688367110787376,0.010000000000005116,modelica,0,outage_window,2.343218042443977,1.0,1.0,100/50/50 Hz,1.0,1500,41,0.25,25,1.2628183788740797,0.47859387643618456,0.05515302470194625,30.75719675667592
30.09909461962334,1.0,,49.714285714285715,denied,25,1.0,,50.0,,0.0,3.185144579621418,,0.0,3.359835623444804,0.010000000000001563,modelica,0,before_outage,3.185390239574139,1.0,1.0,100/50/50 Hz,1.0,700,41,0.25,18,3.339906239016183,0.44442266474480646,0.03955989487463486,30.10048832458931
29.724334206525985,1.0,,49.95,denied,60,1.0,,50.0,,0.0,2.8502211219076985,,0.0,3.3988666864193022,0.010000000000005116,modelica,0,after_return,2.850882913004249,1.0,1.0,100/50/50 Hz,1.0,2000,41,0.25,40,1.4610270448725156,0.44460924711802696,0.06142426141854255,29.72360278458003
0.21637027922755225,1.0,1.0,,denied,60,1.0,1.0,,0.0,,0.10671993283122944,1.0,,0.19261893951266773,0.010000000000005116,px4,,flight,0.11863338472184115,1.0,,100/50/50 Hz,1.0,4700,41,0.25,13,0.19112871586338054,0.008989414061696397,0.051814437245407324,0.19434271874210757
0.12063779223884823,1.0,1.0,,denied,40,1.0,1.0,,0.0,,0.08493017882290395,1.0,,0.11087937303444818,0.010000000000005116,px4,,outage_window,0.10258692201359672,1.0,,100/50/50 Hz,1.0,1500,41,0.25,25,0.10351888516427699,0.0072432166570669775,0.05754077939455924,0.07774892188568641
0.2819775864877962,1.0,1.0,,denied,25,1.0,1.0,,0.0,,0.04661739223434332,1.0,,0.061785208489851,0.010000000000001563,px4,,before_outage,0.0589924949356324,1.0,,100/50/50 Hz,1.0,700,41,0.25,18,0.04378868104314444,0.007208714624968461,0.03615153108790831,0.2601132797831629
0.08513035316754279,1.0,1.0,,denied,60,1.0,1.0,,0.0,,0.14229219203662496,1.0,,0.19261893951266773,0.010000000000005116,px4,,after_return,0.15292506666530425,1.0,,100/50/50 Hz,1.0,2000,41,0.25,40,0.19112871586338054,0.00833476147073183,0.05602685159813998,0.03773475435620317
0.31338092577841153,1.0,,,denied,60,1.0,,,0.0,,0.09758743743228551,,,0.15043116446619836,0.010000000000005116,ekf3,,flight,0.1104314106173764,1.0,,100/50/50 Hz,1.0,4700,41,0.25,13,0.13495649412000563,0.022825037562596694,0.05168934615898473,0.29613037649143154
0.29767975255226115,1.0,,,denied,40,1.0,,,0.0,,0.09254614058121782,,,0.15043116446619836,0.010000000000005116,ekf3,,outage_window,0.10351086595044921,1.0,,100/50/50 Hz,1.0,1500,41,0.25,25,0.13877137535490514,0.01625615466072437,0.04636497852186856,0.2825422328655318
0.47803445417935,1.0,,,denied,25,1.0,,,0.0,,0.07525730631125135,,,0.08852520782583788,0.010000000000001563,ekf3,,before_outage,0.0995235418471275,1.0,,100/50/50 Hz,1.0,700,41,0.25,18,0.04851084005036916,0.01679190722486234,0.06512505837672185,0.46323012070564856
0.16088846915382343,1.0,,,denied,60,1.0,,,0.0,,0.11169270569315656,,,0.13888599150311812,0.010000000000005116,ekf3,,after_return,0.1183175792731498,1.0,,100/50/50 Hz,1.0,2000,41,0.25,40,0.13495649412000563,0.016928790779013787,0.03903574080250047,0.13287276928806577
5.603647640140564,1.0,,43.148936170212764,transition,60,1.0,,49.93617021276596,,6.808510638297872,0.04533484286248828,,0.0,0.15531848388887937,0.010000000000005116,modelica,0,flight,0.06964049331362182,1.0,1.0,100/50/50 Hz,1.0,4700,41,0.25,13,0.0035476533556428633,0.05052444975294427,0.05286350661465905,5.586110586508587
0.539077266519697,1.0,,50.0,transition,40,1.0,,50.0,,0.0,0.03774507784470622,,0.0,0.07845783136456994,0.010000000000005116,modelica,0,outage_window,0.06710377104743166,1.0,1.0,100/50/50 Hz,1.0,1500,41,0.25,25,0.07845783136456994,0.04591845540587348,0.05548175544521997,0.48153132154256545
0.575725868353155,1.0,,40.0,transition,25,1.0,,50.0,,10.0,0.039754405266594954,,0.0,0.05579708730566016,0.010000000000001563,modelica,0,before_outage,0.05460574864292367,1.0,1.0,100/50/50 Hz,1.0,700,41,0.25,18,0.02567197222658384,0.04110009453542075,0.03743494419327331,0.5029125191771117
0.6742461303546764,1.0,,39.95,transition,60,1.0,,50.0,,10.0,0.050923276699004046,,0.0,0.15531848388887937,0.010000000000005116,modelica,0,after_return,0.07875098156348861,1.0,1.0,100/50/50 Hz,1.0,2000,41,0.25,40,0.0035476533556428633,0.04524630029756611,0.0600710994359983,0.6477692713823487
0.33683998896739276,1.0,1.0,,transition,60,1.0,1.0,,0.8023404255319149,,0.03281037687682681,1.0,,0.08650404658699562,0.010000000000005116,px4,,flight,0.1053009545945071,1.0,,100/50/50 Hz,1.0,4700,41,0.25,13,0.024225209177179064,0.012526337029399752,0.10005883373153536,0.32330880626202707
0.21199021441302346,1.0,1.0,,transition,40,1.0,1.0,,0.46,,0.030634671415984763,1.0,,0.04735568522269433,0.010000000000005116,px4,,outage_window,0.12518296926006092,1.0,,100/50/50 Hz,1.0,1500,41,0.25,25,0.03582810581208513,0.009295656274858725,0.12137665632237526,0.19061492253729645
0.2668911174503906,1.0,1.0,,transition,25,1.0,1.0,,1.0,,0.03069346820964923,1.0,,0.04996791733030107,0.010000000000001563,px4,,before_outage,0.10381847333216986,1.0,,100/50/50 Hz,1.0,700,41,0.25,18,0.016416871362968852,0.009865467155452359,0.09917754995101317,0.24483781985417746
0.2188677508900412,1.0,1.0,,transition,60,1.0,1.0,,0.9405,,0.032417709873891,1.0,,0.05640064561355467,0.010000000000005116,px4,,after_return,0.09187488935213893,1.0,,100/50/50 Hz,1.0,2000,41,0.25,40,0.024225209177179064,0.012178050873271768,0.08596561742929552,0.20433426240529615
0.30373673138916085,1.0,,,transition,60,1.0,,,0.4238297872340426,,0.07838721975149963,,,0.23378711882097972,0.010000000000005116,ekf3,,flight,0.09391769481335065,1.0,,100/50/50 Hz,1.0,4700,41,0.25,13,0.018617071021277146,0.023391739391479347,0.05172984804427493,0.28719547645253024
0.29767975255226115,1.0,,,transition,40,1.0,,,0.0,,0.09254614058121782,,,0.15043116446619836,0.010000000000005116,ekf3,,outage_window,0.10351086595044921,1.0,,100/50/50 Hz,1.0,1500,41,0.25,25,0.13877137535490514,0.01625615466072437,0.04636497852186856,0.2825422328655318
0.47803445417935,1.0,,,transition,25,1.0,,,0.0,,0.07525730631125135,,,0.08852520782583788,0.010000000000001563,ekf3,,before_outage,0.0995235418471275,1.0,,100/50/50 Hz,1.0,700,41,0.25,18,0.04851084005036916,0.01679190722486234,0.06512505837672185,0.46323012070564856
0.10908177339394354,1.0,,,transition,60,1.0,,,0.996,,0.06734384866575997,,,0.23378711882097972,0.010000000000005116,ekf3,,after_return,0.07790267256722827,1.0,,100/50/50 Hz,1.0,2000,41,0.25,40,0.018617071021277146,0.01865832568850225,0.03916161947621676,0.07353278915423267
2.1036499167833367,1.0,,39.8936170212766,gps,60,1.0,,49.93617021276596,,10.0,0.034515955858960265,,0.0,0.07392303594680813,0.010000000000005116,modelica,0,flight,0.05140445978887898,1.0,1.0,100/50/50 Hz,1.0,4700,7,0.6,13,0.01612137940851454,0.0439208054345956,0.038092876989389804,2.048208722287184
0.4824165440617566,1.0,,39.93333333333333,gps,40,1.0,,50.0,,10.0,0.03456287246264258,,0.0,0.053190820517307516,0.010000000000005116,modelica,0,outage_window,0.050151963428162936,1.0,1.0,100/50/50 Hz,1.0,1500,7,0.6,25,0.007650222121888275,0.04263354209857759,0.03634043591965975,0.26061598880132614
0.4893449634742692,1.0,,39.714285714285715,gps,25,1.0,,50.0,,10.0,0.029080691840456675,,0.0,0.053026654617822605,0.010000000000001563,modelica,0,before_outage,0.04207431423332634,1.0,1.0,100/50/50 Hz,1.0,700,7,0.6,18,0.02965141690770518,0.04160303200943329,0.03040659928839599,0.3282515613826284
0.4963382777374869,1.0,,40.0,gps,60,1.0,,50.0,,10.0,0.0396023176158856,,0.0,0.07392303594680813,0.010000000000005116,modelica,0,after_return,0.0581028784135005,1.0,1.0,100/50/50 Hz,1.0,2000,7,0.6,40,0.01612137940851454,0.042891052214253905,0.042515890198660304,0.354028548570117
0.23369111337241377,1.0,1.0,,gps,60,1.0,1.0,,1.0,,0.03430904732701777,1.0,,0.0775347711396453,0.010000000000005116,px4,,flight,0.27519150147016097,1.0,,100/50/50 Hz,1.0,4700,7,0.6,13,0.018652356611825637,0.013976346957977873,0.2730444135171311,0.21198252893571617
0.176455634850937,1.0,1.0,,gps,40,1.0,1.0,,1.0,,0.029595265843235456,1.0,,0.05284034035140409,0.010000000000005116,px4,,outage_window,0.27927931005894163,1.0,,100/50/50 Hz,1.0,1500,7,0.6,25,0.005706420148246167,0.015485832425260963,0.2777067756945564,0.14134978338501705
0.15916090238558447,1.0,1.0,,gps,25,1.0,1.0,,1.0,,0.0229529884323234,1.0,,0.04747289877068703,0.010000000000001563,px4,,before_outage,0.26606727915156575,1.0,,100/50/50 Hz,1.0,700,7,0.6,18,0.032295697617747456,0.011172902339584572,0.2650753805187175,0.11820634738962171
0.19095328670901024,1.0,1.0,,gps,60,1.0,1.0,,1.0,,0.04308642081522052,1.0,,0.0775347711396453,0.010000000000005116,px4,,after_return,0.2810666593330953,1.0,,100/50/50 Hz,1.0,2000,7,0.6,40,0.018652356611825637,0.012951360853063263,0.2777445360938717,0.17670317258711207
0.5833090460428149,1.0,,,gps,60,1.0,,,0.6280851063829788,,0.09956893671436816,,,0.21854593595172864,0.010000000000005116,ekf3,,flight,0.11810734754326116,1.0,,100/50/50 Hz,1.0,4700,7,0.6,13,0.03232593112340672,0.05006605883278571,0.06352458095316195,0.5574986033289235
0.4595639078973106,1.0,,,gps,40,1.0,,,0.6346666666666667,,0.09078531460230187,,,0.21248390944469805,0.010000000000005116,ekf3,,outage_window,0.09766154289571846,1.0,,100/50/50 Hz,1.0,1500,7,0.6,25,0.022010876966150474,0.05645177345598057,0.03599727230406955,0.41425086814792506
0.3295084334736238,1.0,,,gps,25,1.0,,,0.0,,0.16949546791623848,,,0.21854593595172864,0.010000000000001563,ekf3,,before_outage,0.18199946036380452,1.0,,100/50/50 Hz,1.0,700,7,0.6,18,0.21225083226714755,0.0700177217419167,0.0662954744199891,0.28023792396688607
0.7127742897682884,1.0,,,gps,60,1.0,,,1.0,,0.056804484094354596,,,0.10421568637848025,0.010000000000005116,ekf3,,after_return,0.09862444914029068,1.0,,100/50/50 Hz,1.0,2000,7,0.6,40,0.03232593112340672,0.02701908724089118,0.08062277938027193,0.6972107031120716
28.969873035518017,1.0,,49.87234042553192,denied,60,1.0,,49.93617021276596,,0.0,2.178552781343177,,0.0,3.070690079224171,0.010000000000005116,modelica,0,flight,2.178952141465995,1.0,1.0,100/50/50 Hz,1.0,4700,7,0.6,13,2.6629156886921965,1.054879508543802,0.04171586869708633,28.96752717708815
29.665509809934658,1.0,,49.86666666666667,denied,40,1.0,,50.0,,0.0,2.4028507040564993,,0.0,3.070690079224171,0.010000000000005116,modelica,0,outage_window,2.4031696988089783,1.0,1.0,100/50/50 Hz,1.0,1500,7,0.6,25,2.9873371873978516,1.0860766195523286,0.039154760742757436,29.664627668969615
29.04897014412983,1.0,,49.714285714285715,denied,25,1.0,,50.0,,0.0,2.1366659886580064,,0.0,2.928012751847496,0.010000000000001563,modelica,0,before_outage,2.1369436634206704,1.0,1.0,100/50/50 Hz,1.0,700,7,0.6,18,1.4494552263896543,1.0870579114170018,0.03444812833610354,29.042359024987952
28.4607305064551,1.0,,50.0,denied,60,1.0,,50.0,,0.0,2.1395968654709563,,0.0,2.9826331277403266,0.010000000000005116,modelica,0,after_return,2.140119506813485,1.0,1.0,100/50/50 Hz,1.0,2000,7,0.6,40,2.6629156886921965,1.0376364069140678,0.04729436235379179,28.457034253387246
0.3228222983583153,1.0,1.0,,denied,60,1.0,1.0,,0.0,,0.10215834686754034,1.0,,0.1687802942654019,0.010000000000005116,px4,,flight,0.12534119570751703,1.0,,100/50/50 Hz,1.0,4700,7,0.6,13,0.1566421276793359,0.016533443152275097,0.07262291309691032,0.3027818881434268
0.17621113406669156,1.0,1.0,,denied,40,1.0,1.0,,0.0,,0.0677318106123276,1.0,,0.08980911591208456,0.010000000000005116,px4,,outage_window,0.09561579257018274,1.0,,100/50/50 Hz,1.0,1500,7,0.6,25,0.08487710967338769,0.011520040979356128,0.06748912223462386,0.13865530366550022
0.31133478722313224,1.0,1.0,,denied,25,1.0,1.0,,0.0,,0.04873940747388908,1.0,,0.06807491142427465,0.010000000000001563,px4,,before_outage,0.0798903696022963,1.0,,100/50/50 Hz,1.0,700,7,0.6,18,0.06775164878928767,0.01972067695865619,0.06330040532481379,0.28339638630312236
0.10669599225020653,1.0,1.0,,denied,60,1.0,1.0,,0.0,,0.13974229636650504,1.0,,0.1687802942654019,0.010000000000005116,px4,,after_return,0.16138096177611572,1.0,,100/50/50 Hz,1.0,2000,7,0.6,40,0.1566421276793359,0.010628481614980088,0.0807211585025884,0.06759721990344746
0.30214437922102383,1.0,,,denied,60,1.0,,,0.0,,0.24893598415287302,,,0.452627482022946,0.010000000000005116,ekf3,,flight,0.2556977482571458,1.0,,100/50/50 Hz,1.0,4700,7,0.6,13,0.25309466873958825,0.06520355798375367,0.05841416144750562,0.24819581621969766
0.24166856249910948,1.0,,,denied,40,1.0,,,0.0,,0.18627057522585574,,,0.2926929567038508,0.010000000000005116,ekf3,,outage_window,0.18991924154309514,1.0,,100/50/50 Hz,1.0,1500,7,0.6,25,0.10042870257217805,0.06832359404178028,0.0370484967756228,0.13525746708705957
0.3295084334736238,1.0,,,denied,25,1.0,,,0.0,,0.16949546791623848,,,0.21854593595172864,0.010000000000001563,ekf3,,before_outage,0.18199946036380452,1.0,,100/50/50 Hz,1.0,700,7,0.6,18,0.21225083226714755,0.0700177217419167,0.0662954744199891,0.28023792396688607
0.1938861676462781,1.0,,,denied,60,1.0,,,0.0,,0.3251388764662589,,,0.452627482022946,0.010000000000005116,ekf3,,after_return,0.33270604040164514,1.0,,100/50/50 Hz,1.0,2000,7,0.6,40,0.25309466873958825,0.06098809925480057,0.07055508720142015,0.12432364887570842
2.110859600356285,1.0,,43.06382978723404,transition,60,1.0,,49.93617021276596,,6.808510638297872,0.046978516592153144,,0.0,0.14240538401131186,0.010000000000005116,modelica,0,flight,0.06103919989489309,1.0,1.0,100/50/50 Hz,1.0,4700,7,0.6,13,0.01425409000779959,0.04582885464023817,0.03897182190518565,2.0604883810812407
0.5764816592271576,1.0,,49.86666666666667,transition,40,1.0,,50.0,,0.0,0.04807409049216001,,0.0,0.10029725921441357,0.010000000000005116,modelica,0,outage_window,0.06201369281767832,1.0,1.0,100/50/50 Hz,1.0,1500,7,0.6,25,0.053147381325423904,0.048047869696463255,0.039173714659666604,0.45654375558930443
0.4893449634742692,1.0,,39.714285714285715,transition,25,1.0,,50.0,,10.0,0.029080691840456675,,0.0,0.053026654617822605,0.010000000000001563,modelica,0,before_outage,0.04207431423332634,1.0,1.0,100/50/50 Hz,1.0,700,7,0.6,18,0.02965141690770518,0.04160303200943329,0.03040659928839599,0.3282515613826284
0.4930041155468585,1.0,,40.0,transition,60,1.0,,50.0,,10.0,0.05583618093778821,,0.0,0.14240538401131186,0.010000000000005116,modelica,0,after_return,0.07017117828893217,1.0,1.0,100/50/50 Hz,1.0,2000,7,0.6,40,0.01425409000779959,0.04328785177231984,0.04250076659002379,0.3721801571245537
0.30707422448861293,1.0,1.0,,transition,60,1.0,1.0,,0.8023404255319149,,0.0389382439836879,1.0,,0.09092082403007135,0.010000000000005116,px4,,flight,0.251615675292233,1.0,,100/50/50 Hz,1.0,4700,7,0.6,13,0.018912431511381715,0.015728671382427877,0.24858451522215386,0.2873354479037698
0.27138996226668854,1.0,1.0,,transition,40,1.0,1.0,,0.46,,0.037984309954233075,1.0,,0.05241128088221163,0.010000000000005116,px4,,outage_window,0.2772869355067044,1.0,,100/50/50 Hz,1.0,1500,7,0.6,25,0.03162023573037198,0.01687542047266331,0.27467296335824537,0.24802265271808369
0.15916090238558447,1.0,1.0,,transition,25,1.0,1.0,,1.0,,0.0229529884323234,1.0,,0.04747289877068703,0.010000000000001563,px4,,before_outage,0.26606727915156575,1.0,,100/50/50 Hz,1.0,700,7,0.6,18,0.032295697617747456,0.011172902339584572,0.2650753805187175,0.11820634738962171
0.31278006338692366,1.0,1.0,,transition,60,1.0,1.0,,0.9405,,0.047202462855215205,1.0,,0.09092082403007135,0.010000000000005116,px4,,after_return,0.22504073942199437,1.0,,100/50/50 Hz,1.0,2000,7,0.6,40,0.018912431511381715,0.016010474347076545,0.22003468340241272,0.29747489392651555
0.5643853052092084,1.0,,,transition,60,1.0,,,0.4238297872340426,,0.13953531806624075,,,0.3031117814258777,0.010000000000005116,ekf3,,flight,0.15416727367739821,1.0,,100/50/50 Hz,1.0,4700,7,0.6,13,0.03212914274430671,0.05504452318834565,0.06555488757731819,0.5353001738968927
0.24166856249910948,1.0,,,transition,40,1.0,,,0.0,,0.18627057522585574,,,0.2926929567038508,0.010000000000005116,ekf3,,outage_window,0.18991924154309514,1.0,,100/50/50 Hz,1.0,1500,7,0.6,25,0.10042870257217805,0.06832359404178028,0.0370484967756228,0.13525746708705957
0.3295084334736238,1.0,,,transition,25,1.0,,,0.0,,0.16949546791623848,,,0.21854593595172864,0.010000000000001563,ekf3,,before_outage,0.18199946036380452,1.0,,100/50/50 Hz,1.0,700,7,0.6,18,0.21225083226714755,0.0700177217419167,0.0662954744199891,0.28023792396688607
0.7560454887647035,1.0,,,transition,60,1.0,,,0.996,,0.07643686170105908,,,0.3031117814258777,0.010000000000005116,ekf3,,after_return,0.11358213931647365,1.0,,100/50/50 Hz,1.0,2000,7,0.6,40,0.03212914274430671,0.0291337916352928,0.08401374021551475,0.7376160147290134
23.385088925660437,1.0,,39.93617021276596,gps,60,1.0,,24.148936170212767,,9.595744680851064,0.2700813256914031,,0.0,2.6392836387055247,0.010000000000005116,modelica,0,flight,0.27474137126332765,1.0,1.0,100/50/50 Hz,1.0,4700,19,0.6,13,0.07119800517307788,0.3187700940495629,0.05038748452173314,23.282767776076717
19.190251183522793,1.0,,39.93333333333333,gps,40,1.0,,2.8,,10.0,0.0491471794472418,,0.0,0.0715747973025572,0.010000000000005116,modelica,0,outage_window,0.06842276633552377,1.0,1.0,100/50/50 Hz,1.0,1500,19,0.6,25,0.012825057241779823,0.06934339384881738,0.04760493362442909,19.17293406584638
32.77771974792404,1.0,,40.0,gps,25,1.0,,0.0,,10.0,0.048621726185236636,,0.0,0.07644032796104333,0.010000000000001563,modelica,0,before_outage,0.06202012302839771,1.0,1.0,100/50/50 Hz,1.0,700,19,0.6,18,0.047979742962008506,0.08028465705641044,0.038502251924081826,32.47169135133777
0.9526381648588637,1.0,,39.95,gps,60,1.0,,50.0,,10.0,0.04436814361717212,,0.0,0.09268098719662544,0.010000000000005116,modelica,0,after_return,0.07373107361976643,1.0,1.0,100/50/50 Hz,1.0,2000,19,0.6,40,0.07119800517307788,0.04622793276579882,0.05888751182627268,0.3398301273651539
0.2884680052991079,1.0,1.0,,gps,60,1.0,1.0,,1.0,,0.03923239171004518,1.0,,0.10006224154155789,0.010000000000005116,px4,,flight,0.12793652926531615,1.0,,100/50/50 Hz,1.0,4700,19,0.6,13,0.04210600088926421,0.016595490664018678,0.12177263633988004,0.27491464117384745
0.2484339529221514,1.0,1.0,,gps,40,1.0,1.0,,1.0,,0.037029149243119695,1.0,,0.06207182842230129,0.010000000000005116,px4,,outage_window,0.12332164451953503,1.0,,100/50/50 Hz,1.0,1500,19,0.6,25,0.01099669946503536,0.016898752153796343,0.11763107630780795,0.23161283358420046
0.36962062126942313,1.0,1.0,,gps,25,1.0,1.0,,1.0,,0.039197507462495645,1.0,,0.06833556001724034,0.010000000000001563,px4,,before_outage,0.11789039015658741,1.0,,100/50/50 Hz,1.0,700,19,0.6,18,0.016313045731958863,0.023057554428568123,0.1111831799329377,0.35296853637646775
0.19193326499130894,1.0,1.0,,gps,60,1.0,1.0,,1.0,,0.03447680172108059,1.0,,0.06739905995563952,0.010000000000005116,px4,,after_return,0.13726293021757444,1.0,,100/50/50 Hz,1.0,2000,19,0.6,40,0.04210600088926421,0.011611799997822692,0.1328625686753045,0.1818096843204698
0.5558021243009076,1.0,,,gps,60,1.0,,,0.6280851063829788,,0.09867621449858992,,,0.2535192781364671,0.010000000000005116,ekf3,,flight,0.11665289757370868,1.0,,100/50/50 Hz,1.0,4700,19,0.6,13,0.055289852501319445,0.048942965057715004,0.062216583035155856,0.5363641188247029
0.4680298328215187,1.0,,,gps,40,1.0,,,0.6346666666666667,,0.08463199540892903,,,0.20939458238881672,0.010000000000005116,ekf3,,outage_window,0.08874711274306515,1.0,,100/50/50 Hz,1.0,1500,19,0.6,25,0.012426019648986838,0.05476132774138902,0.02671095979805543,0.4379733564485571
0.3327276656578499,1.0,,,gps,25,1.0,,,0.0,,0.18673775822719638,,,0.2535192781364671,0.010000000000001563,ekf3,,before_outage,0.19647275563004077,1.0,,100/50/50 Hz,1.0,700,19,0.6,18,0.19893679937731196,0.06711180538728485,0.06107825600934311,0.28182429465461883
0.7099515618954669,1.0,,,gps,60,1.0,,,1.0,,0.047729370475114816,,,0.09297873630676587,0.010000000000005116,ekf3,,after_return,0.09281123900665675,1.0,,100/50/50 Hz,1.0,2000,19,0.6,40,0.055289852501319445,0.029143289081936658,0.07959794771223691,0.6991754019393845
46.942439354469165,1.0,,49.91489361702128,denied,60,1.0,,49.91489361702128,,0.0,3.8822911513333906,,0.0,5.3613947775384645,0.010000000000005116,modelica,0,flight,3.8826508543572618,1.0,1.0,100/50/50 Hz,1.0,4700,19,0.6,13,5.250278765153245,1.6772232573201165,0.05284953282322096,46.942187203786645
46.275351586764835,1.0,,49.86666666666667,denied,40,1.0,,50.0,,0.0,4.098915998121653,,0.0,5.159621353810306,0.010000000000005116,modelica,0,outage_window,4.099212937172166,1.0,1.0,100/50/50 Hz,1.0,1500,19,0.6,25,5.116153978626392,1.6655854659854425,0.049339078042009474,46.27252267588027
47.65223620468792,1.0,,50.0,denied,25,1.0,,50.0,,0.0,3.86465249938231,,0.0,5.3613947775384645,0.010000000000001563,modelica,0,before_outage,3.864843797633428,1.0,1.0,100/50/50 Hz,1.0,700,19,0.6,18,2.4954166366238835,1.7477471302117515,0.03845307690730898,47.6558289622767
47.00024584471591,1.0,,49.95,denied,60,1.0,,50.0,,0.0,3.9119710166051758,,0.0,5.295869545245233,0.010000000000005116,modelica,0,after_return,3.9124715163526393,1.0,1.0,100/50/50 Hz,1.0,2000,19,0.6,40,5.250278765153245,1.6821163813287063,0.06257900216358343,47.003254339144526
0.23332206433397315,1.0,1.0,,denied,60,1.0,1.0,,0.0,,0.0817877660873716,1.0,,0.13889584366533245,0.010000000000005116,px4,,flight,0.12282190832712894,1.0,,100/50/50 Hz,1.0,4700,19,0.6,13,0.1130279027062168,0.0155244368154652,0.09162959392879055,0.21852015118419638
0.3124500403822259,1.0,1.0,,denied,40,1.0,1.0,,0.0,,0.06191834498715404,1.0,,0.08464498547690902,0.010000000000005116,px4,,outage_window,0.10818075894514802,1.0,,100/50/50 Hz,1.0,1500,19,0.6,25,0.059447569873059165,0.017411384725049318,0.08870848414892457,0.30076992233923466
0.25408931633572024,1.0,1.0,,denied,25,1.0,1.0,,0.0,,0.036770837100076496,1.0,,0.060628588200773485,0.010000000000001563,px4,,before_outage,0.08637038069292252,1.0,,100/50/50 Hz,1.0,700,19,0.6,18,0.060628588200773485,0.019796609211358132,0.07815208378539885,0.2359288965408827
0.1437690683825034,1.0,1.0,,denied,60,1.0,1.0,,0.0,,0.1109381064648885,1.0,,0.13889584366533245,0.010000000000005116,px4,,after_return,0.15135369085692935,1.0,,100/50/50 Hz,1.0,2000,19,0.6,40,0.1130279027062168,0.013218899166131046,0.10295958561493922,0.13030978499872492
0.2948493723754471,1.0,,,denied,60,1.0,,,0.0,,0.1755330801015047,,,0.31655549903861857,0.010000000000005116,ekf3,,flight,0.18517216691966898,1.0,,100/50/50 Hz,1.0,4700,19,0.6,13,0.1414900842469329,0.06431052840174956,0.0589649827592995,0.25445982617920343
0.3585732018099601,1.0,,,denied,40,1.0,,,0.0,,0.1383487889850296,,,0.20564951556576755,0.010000000000005116,ekf3,,outage_window,0.14092678061186328,1.0,,100/50/50 Hz,1.0,1500,19,0.6,25,0.05238543892566949,0.06712238433186768,0.026832258197922884,0.3132551560282337
0.3327276656578499,1.0,,,denied,25,1.0,,,0.0,,0.18673775822719638,,,0.2535192781364671,0.010000000000001563,ekf3,,before_outage,0.19647275563004077,1.0,,100/50/50 Hz,1.0,700,19,0.6,18,0.19893679937731196,0.06711180538728485,0.06107825600934311,0.28182429465461883
0.22413492060341092,1.0,,,denied,60,1.0,,,0.0,,0.20693154421755802,,,0.31655549903861857,0.010000000000005116,ekf3,,after_return,0.21960338410931463,1.0,,100/50/50 Hz,1.0,2000,19,0.6,40,0.1414900842469329,0.061720205388471144,0.07351858486124445,0.18765388745613504
25.264752356688323,1.0,,43.1063829787234,transition,60,1.0,,36.659574468085104,,6.148936170212766,1.4223414263840097,,0.0,3.7250046242287764,0.010000000000005116,modelica,0,flight,1.4232699396835604,1.0,1.0,100/50/50 Hz,1.0,4700,19,0.6,13,0.07131390370073153,0.6019711968569654,0.05140221783879322,25.15696687257385
24.566929904011637,1.0,,49.86666666666667,transition,40,1.0,,45.06666666666667,,0.0,2.2855601740844964,,0.0,3.7250046242287764,0.010000000000005116,modelica,0,outage_window,2.286104047167034,1.0,1.0,100/50/50 Hz,1.0,1500,19,0.6,25,3.0240334693686663,0.874102343422462,0.049863865798208055,24.52291600722549
32.77771974792404,1.0,,40.0,transition,25,1.0,,0.0,,10.0,0.048621726185236636,,0.0,0.07644032796104333,0.010000000000001563,modelica,0,before_outage,0.06202012302839771,1.0,1.0,100/50/50 Hz,1.0,700,19,0.6,18,0.047979742962008506,0.08028465705641044,0.038502251924081826,32.47169135133777
6.273181886291602,1.0,,39.95,transition,60,1.0,,47.7,,9.4,0.8177423061557576,,0.0,3.5170761078087223,0.010000000000005116,modelica,0,after_return,0.8199072001551511,1.0,1.0,100/50/50 Hz,1.0,2000,19,0.6,40,0.07131390370073153,0.21325184994043545,0.05954273750275649,6.175183329914369
0.2953009176160118,1.0,1.0,,transition,60,1.0,1.0,,0.8023404255319149,,0.04153090983730244,1.0,,0.10006224154155789,0.010000000000005116,px4,,flight,0.12759765367971382,1.0,,100/50/50 Hz,1.0,4700,19,0.6,13,0.04247518110672233,0.016712914435894285,0.12064967779755584,0.2801281927953148
0.2642781278972851,1.0,1.0,,transition,40,1.0,1.0,,0.46,,0.03519787117287761,1.0,,0.056323950185924024,0.010000000000005116,px4,,outage_window,0.12304907666632782,1.0,,100/50/50 Hz,1.0,1500,19,0.6,25,0.02255831357216911,0.015686892693347023,0.11790752789085747,0.24646773816836728
0.36962062126942313,1.0,1.0,,transition,25,1.0,1.0,,1.0,,0.039197507462495645,1.0,,0.06833556001724034,0.010000000000001563,px4,,before_outage,0.11789039015658741,1.0,,100/50/50 Hz,1.0,700,19,0.6,18,0.016313045731958863,0.023057554428568123,0.1111831799329377,0.35296853637646775
0.20029860620942236,1.0,1.0,,transition,60,1.0,1.0,,0.9405,,0.04152222381454915,1.0,,0.0808193216067582,0.010000000000005116,px4,,after_return,0.13670398666646674,1.0,,100/50/50 Hz,1.0,2000,19,0.6,40,0.04247518110672233,0.013177334036035384,0.13024547938412295,0.18581894373964805
0.5186471050341441,1.0,,,transition,60,1.0,,,0.4238297872340426,,0.11893825339228613,,,0.2695566799822053,0.010000000000005116,ekf3,,flight,0.13474437583140578,1.0,,100/50/50 Hz,1.0,4700,19,0.6,13,0.05537609328954923,0.05386732983419282,0.06332249756751122,0.49544124464551575
0.3585732018099601,1.0,,,transition,40,1.0,,,0.0,,0.1383487889850296,,,0.20564951556576755,0.010000000000005116,ekf3,,outage_window,0.14092678061186328,1.0,,100/50/50 Hz,1.0,1500,19,0.6,25,0.05238543892566949,0.06712238433186768,0.026832258197922884,0.3132551560282337
0.3327276656578499,1.0,,,transition,25,1.0,,,0.0,,0.18673775822719638,,,0.2535192781364671,0.010000000000001563,ekf3,,before_outage,0.19647275563004077,1.0,,100/50/50 Hz,1.0,700,19,0.6,18,0.19893679937731196,0.06711180538728485,0.06107825600934311,0.28182429465461883
0.6914291941215964,1.0,,,transition,60,1.0,,,0.996,,0.060469978829662006,,,0.2695566799822053,0.010000000000005116,ekf3,,after_return,0.10155709723923666,1.0,,100/50/50 Hz,1.0,2000,19,0.6,40,0.05537609328954923,0.030151614874758315,0.08159182348740589,0.6781502099872536
4.818150370592649,1.0,,39.95744680851064,gps,60,1.0,,49.95744680851064,,10.0,0.03459330478639278,,0.0,0.09361811868310442,0.010000000000005116,modelica,0,flight,0.06299571208474905,1.0,1.0,100/50/50 Hz,1.0,4700,41,0.6,13,0.009385735955591628,0.051705040783911985,0.05264753560253634,4.78665846545144
0.6493599396197368,1.0,,40.0,gps,40,1.0,,50.0,,10.0,0.04352742638557428,,0.0,0.08083618663545845,0.010000000000005116,modelica,0,outage_window,0.07001459497593779,1.0,1.0,100/50/50 Hz,1.0,1500,41,0.6,25,0.02212946145432858,0.0472245580052142,0.054839827332815554,0.42076485928575263
0.4589607777507503,1.0,,40.0,gps,25,1.0,,50.0,,10.0,0.020069738317758268,,0.0,0.03434568577905898,0.010000000000001563,modelica,0,before_outage,0.04246380701286433,1.0,1.0,100/50/50 Hz,1.0,700,41,0.6,18,0.016114543603902017,0.042071467394197565,0.03742165829947266,0.31294596467034974
0.4814503700592287,1.0,,39.95,gps,60,1.0,,50.0,,10.0,0.026292850297641352,,0.0,0.060238603090680985,0.010000000000005116,modelica,0,after_return,0.06557257110336656,1.0,1.0,100/50/50 Hz,1.0,2000,41,0.6,40,0.009385735955591628,0.045037761047035746,0.06007035961546996,0.2851974738243226
0.28653882973234696,1.0,1.0,,gps,60,1.0,1.0,,1.0,,0.04300123492294992,1.0,,0.1043688628438488,0.010000000000005116,px4,,flight,0.11781280797570205,1.0,,100/50/50 Hz,1.0,4700,41,0.6,13,0.019266061033141095,0.018916621214139,0.10968478252802855,0.2762166156080389
0.2725334705709023,1.0,1.0,,gps,40,1.0,1.0,,1.0,,0.05125703584926481,1.0,,0.1043688628438488,0.010000000000005116,px4,,outage_window,0.1380602009658087,1.0,,100/50/50 Hz,1.0,1500,41,0.6,25,0.023429421918696597,0.02015338171509862,0.12819257141763976,0.26322972960383567
0.27348165562451815,1.0,1.0,,gps,25,1.0,1.0,,1.0,,0.037252560426690305,1.0,,0.06680227083997661,0.010000000000001563,px4,,before_outage,0.09639763683263008,1.0,,100/50/50 Hz,1.0,700,41,0.6,18,0.009223221744107488,0.019529476169645902,0.08890866734223064,0.2634307571831456
0.1400265074542477,1.0,1.0,,gps,60,1.0,1.0,,1.0,,0.03760434184463626,1.0,,0.06527927484471592,0.010000000000005116,px4,,after_return,0.11640842957263989,1.0,,100/50/50 Hz,1.0,2000,41,0.6,40,0.019266061033141095,0.015307221310994924,0.11016730889878357,0.12364851687341671
0.44089121282708826,1.0,,,gps,60,1.0,,,0.6280851063829788,,0.10541071988804125,,,0.2903556491254468,0.010000000000005116,ekf3,,flight,0.12273843016478905,1.0,,100/50/50 Hz,1.0,4700,41,0.6,13,0.02059758704153628,0.0501940894029768,0.06287529222199847,0.4192659684895359
0.4631204164152021,1.0,,,gps,40,1.0,,,0.6346666666666667,,0.12470917988241537,,,0.2903556491254468,0.010000000000005116,ekf3,,outage_window,0.13048927940745925,1.0,,100/50/50 Hz,1.0,1500,41,0.6,25,0.030110498964398272,0.05069503385093935,0.03840667251055906,0.43314955020435536
0.2756137865844942,1.0,,,gps,25,1.0,,,0.0,,0.14438667802175129,,,0.20002421676559246,0.010000000000001563,ekf3,,before_outage,0.17272128276135604,1.0,,100/50/50 Hz,1.0,700,41,0.6,18,0.19987632468587385,0.06392979318293418,0.09478991891847692,0.2327789738893057
0.4797776613814389,1.0,,,gps,60,1.0,,,1.0,,0.05374148006970094,,,0.11182568791579447,0.010000000000005116,ekf3,,after_return,0.07755822880315191,1.0,,100/50/50 Hz,1.0,2000,41,0.6,40,0.02059758704153628,0.03175261518903725,0.05592076693858909,0.4675517688373988
30.335464371878107,1.0,,49.87234042553192,denied,60,1.0,,49.95744680851064,,0.0,2.5825955147713318,,0.0,3.586137975045381,0.010000000000005116,modelica,0,flight,2.5831543415836205,1.0,1.0,100/50/50 Hz,1.0,4700,41,0.6,13,3.488908031757077,1.1025730047716065,0.053728572708630656,30.335367469230924
30.901388427762353,1.0,,50.0,denied,40,1.0,,50.0,,0.0,2.817970072619159,,0.0,3.586137975045381,0.010000000000005116,modelica,0,outage_window,2.8185079099000916,1.0,1.0,100/50/50 Hz,1.0,1500,41,0.6,25,3.41093071672406,1.130107593857407,0.05505913177804834,30.9006168667858
30.15398803353437,1.0,,49.714285714285715,denied,25,1.0,,50.0,,0.0,2.303459059146036,,0.0,3.482462008883894,0.010000000000001563,modelica,0,before_outage,2.303800260088416,1.0,1.0,100/50/50 Hz,1.0,700,41,0.6,18,2.0235312349960544,1.1265994219413862,0.03964847060745327,30.156393080545264
29.8538031819492,1.0,,49.95,denied,60,1.0,,50.0,,0.0,2.5835547489120563,,0.0,3.5083564479729863,0.010000000000005116,modelica,0,after_return,2.5842832886613842,1.0,1.0,100/50/50 Hz,1.0,2000,41,0.6,40,3.488908031757077,1.086460861824506,0.061359395600537714,29.853747089242113
0.17146036270085102,1.0,1.0,,denied,60,1.0,1.0,,0.0,,0.10861029699638476,1.0,,0.18676384931042972,0.010000000000005116,px4,,flight,0.12041648218547177,1.0,,100/50/50 Hz,1.0,4700,41,0.6,13,0.17653101608830477,0.012542450430761666,0.05199935161404548,0.14908880023693902
0.13221041897712346,1.0,1.0,,denied,40,1.0,1.0,,0.0,,0.08390651452557214,1.0,,0.10045203956918534,0.010000000000005116,px4,,outage_window,0.10171181278411101,1.0,,100/50/50 Hz,1.0,1500,41,0.6,25,0.09219034962864762,0.008583025065628925,0.057489039651050004,0.10411283492533988
0.16080532109950493,1.0,1.0,,denied,25,1.0,1.0,,0.0,,0.04122765319165825,1.0,,0.06432746510748022,0.010000000000001563,px4,,before_outage,0.05394768565649177,1.0,,100/50/50 Hz,1.0,700,41,0.6,18,0.06108834133312995,0.015187912280767856,0.034794157555543714,0.13284031465298868
0.0755428650683386,1.0,1.0,,denied,60,1.0,1.0,,0.0,,0.14668372681718947,1.0,,0.18676384931042972,0.010000000000005116,px4,,after_return,0.15782656070186624,1.0,,100/50/50 Hz,1.0,2000,41,0.6,40,0.17653101608830477,0.01170697180970698,0.05825038669399544,0.037532519646134195
0.27364789274294254,1.0,,,denied,60,1.0,,,0.0,,0.19683015989012662,,,0.3342533388172398,0.010000000000005116,ekf3,,flight,0.2063565465647242,1.0,,100/50/50 Hz,1.0,4700,41,0.6,13,0.237089063306249,0.06313905708348073,0.0619750955444716,0.2360926959055679
0.30224390481351615,1.0,,,denied,40,1.0,,,0.0,,0.18732588441620748,,,0.2623462131372973,0.010000000000005116,ekf3,,outage_window,0.19168754005494024,1.0,,100/50/50 Hz,1.0,1500,41,0.6,25,0.1227772850798351,0.06329545896269957,0.04065865270763408,0.25699788782967814
0.2756137865844942,1.0,,,denied,25,1.0,,,0.0,,0.14438667802175129,,,0.20002421676559246,0.010000000000001563,ekf3,,before_outage,0.17272128276135604,1.0,,100/50/50 Hz,1.0,700,41,0.6,18,0.19987632468587385,0.06392979318293418,0.09478991891847692,0.2327789738893057
0.20421560647143852,1.0,,,denied,60,1.0,,,0.0,,0.23057822371689923,,,0.3342533388172398,0.010000000000005116,ekf3,,after_return,0.23642291131030518,1.0,,100/50/50 Hz,1.0,2000,41,0.6,40,0.237089063306249,0.05812617980276082,0.05224438477004012,0.16636938095762288
4.832847470332915,1.0,,43.148936170212764,transition,60,1.0,,49.95744680851064,,6.808510638297872,0.0483982766975029,,0.0,0.1476606925907533,0.010000000000005116,modelica,0,flight,0.07161976333638624,1.0,1.0,100/50/50 Hz,1.0,4700,41,0.6,13,0.008826565943557895,0.05465368014059584,0.05279201940702707,4.808404204560608
0.9837372567065885,1.0,,50.0,transition,40,1.0,,50.0,,0.0,0.060151829901148895,,0.0,0.09111098692619975,0.010000000000005116,modelica,0,outage_window,0.08169859023007812,1.0,1.0,100/50/50 Hz,1.0,1500,41,0.6,25,0.07493279449256461,0.05657819019787046,0.0552848713946724,0.9075272860038557
0.4589607777507503,1.0,,40.0,transition,25,1.0,,50.0,,10.0,0.020069738317758268,,0.0,0.03434568577905898,0.010000000000001563,modelica,0,before_outage,0.04246380701286433,1.0,1.0,100/50/50 Hz,1.0,700,41,0.6,18,0.016114543603902017,0.042071467394197565,0.03742165829947266,0.31294596467034974
0.39442287904822687,1.0,,39.95,transition,60,1.0,,50.0,,10.0,0.04572741292341176,,0.0,0.1476606925907533,0.010000000000005116,modelica,0,after_return,0.07548832534569168,1.0,1.0,100/50/50 Hz,1.0,2000,41,0.6,40,0.008826565943557895,0.045135264751806646,0.06006239231689653,0.2945286616166929
0.2774883607979132,1.0,1.0,,transition,60,1.0,1.0,,0.8023404255319149,,0.03483020034056527,1.0,,0.07824072812761422,0.010000000000005116,px4,,flight,0.10328197626301183,1.0,,100/50/50 Hz,1.0,4700,41,0.6,13,0.019818504180152036,0.01746897417967842,0.09723180428763743,0.2653358109783367
0.1858804596472818,1.0,1.0,,transition,40,1.0,1.0,,0.46,,0.030458280793306276,1.0,,0.046110002407673566,0.010000000000005116,px4,,outage_window,0.12398235706025768,1.0,,100/50/50 Hz,1.0,1500,41,0.6,25,0.019782742108522336,0.014190368760129038,0.12018285232650011,0.17020980675252345
0.27348165562451815,1.0,1.0,,transition,25,1.0,1.0,,1.0,,0.037252560426690305,1.0,,0.06680227083997661,0.010000000000001563,px4,,before_outage,0.09639763683263008,1.0,,100/50/50 Hz,1.0,700,41,0.6,18,0.009223221744107488,0.019529476169645902,0.08890866734223064,0.2634307571831456
0.19340000888475153,1.0,1.0,,transition,60,1.0,1.0,,0.9405,,0.03455799902306474,1.0,,0.06858179005551272,0.010000000000005116,px4,,after_return,0.09363676658491654,1.0,,100/50/50 Hz,1.0,2000,41,0.6,40,0.019818504180152036,0.01625184521019941,0.08702636818803827,0.17798989703329726
0.39356046560354796,1.0,,,transition,60,1.0,,,0.4238297872340426,,0.13648151277679443,,,0.39017780107905403,0.010000000000005116,ekf3,,flight,0.151206363685082,1.0,,100/50/50 Hz,1.0,4700,41,0.6,13,0.02047707387059183,0.054538430487358944,0.06508579790571042,0.3694078868227332
0.30224390481351615,1.0,,,transition,40,1.0,,,0.0,,0.18732588441620748,,,0.2623462131372973,0.010000000000005116,ekf3,,outage_window,0.19168754005494024,1.0,,100/50/50 Hz,1.0,1500,41,0.6,25,0.1227772850798351,0.06329545896269957,0.04065865270763408,0.25699788782967814
0.2756137865844942,1.0,,,transition,25,1.0,,,0.0,,0.14438667802175129,,,0.20002421676559246,0.010000000000001563,ekf3,,before_outage,0.17272128276135604,1.0,,100/50/50 Hz,1.0,700,41,0.6,18,0.19987632468587385,0.06392979318293418,0.09478991891847692,0.2327789738893057
0.47929082038210824,1.0,,,transition,60,1.0,,,0.996,,0.07678725316088428,,,0.39017780107905403,0.010000000000005116,ekf3,,after_return,0.09774759458929785,1.0,,100/50/50 Hz,1.0,2000,41,0.6,40,0.02047707387059183,0.03162621498775144,0.06048396481713149,0.46623649741240397
16.16191283378607,1.0,,0.0,gps,60,1.0,,0.0,,0.0,7.59358962495185,,0.0,10.541651414258945,0.010000000000005116,ukf,0,flight,7.732042139594792,1.0,0.0,100/50/50 Hz,1.0,4700,7,0.25,13,8.981341568538614,0.9256581345314603,1.4566647714190157,12.1642650562446
16.372216180288905,1.0,,0.0,gps,40,1.0,,0.0,,0.0,8.907952263162594,,0.0,10.54165117699496,0.010000000000005116,ukf,0,outage_window,9.031252805640516,1.0,0.0,100/50/50 Hz,1.0,1500,7,0.25,25,4.234381556385276,0.8916993814534198,1.4872503879999999,11.960195214770033
17.08912379795779,1.0,,0.0,gps,25,1.0,,0.0,,0.0,5.476472333312738,,0.0,7.997106346514647,0.010000000000001563,ukf,0,before_outage,5.674827128128752,1.0,0.0,100/50/50 Hz,1.0,700,7,0.25,18,7.997106346514647,0.878558071400888,1.487250388,14.849905507090957
16.297421082862808,1.0,,0.0,gps,60,1.0,,0.0,,0.0,7.731541855445964,,0.0,10.541651414258945,0.010000000000005116,ukf,0,after_return,7.873287317195972,1.0,0.0,100/50/50 Hz,1.0,2000,7,0.25,40,8.981341568538614,0.8668710543538322,1.487250388,12.41122295680852
16.17288421116596,1.0,,0.0,denied,60,1.0,,0.0,,0.0,30.13229172321216,,0.0,33.93375395730086,0.010000000000005116,ukf,0,flight,30.25739130184767,1.0,0.0,100/50/50 Hz,1.0,4700,7,0.25,13,32.72644549058777,0.9156591618224658,2.7485858000737693,12.560817896133603
14.580947561257085,1.0,,0.0,denied,40,1.0,,0.0,,0.0,32.04287913404829,,0.0,33.933752869326064,0.010000000000005116,ukf,0,outage_window,32.16455156722703,1.0,0.0,100/50/50 Hz,1.0,1500,7,0.25,25,28.001618689752817,0.9015180936741547,2.795044601,11.193829521263227
20.677209315328795,1.0,,0.0,denied,25,1.0,,0.0,,0.0,27.208634981153327,,0.0,29.820929533251146,0.010000000000001563,ukf,0,before_outage,27.351820631526884,1.0,0.0,100/50/50 Hz,1.0,700,7,0.25,18,29.820929533251146,0.8456080253432127,2.795044601,16.701799964815418
16.762681384566996,1.0,,0.0,denied,60,1.0,,0.0,,0.0,30.065190922761445,,0.0,33.93375395730086,0.010000000000005116,ukf,0,after_return,30.194833656499522,1.0,0.0,100/50/50 Hz,1.0,2000,7,0.25,40,32.72644549058777,0.8567885899994414,2.7950446010000003,12.86594137625464
16.16191283378607,1.0,,0.0,transition,60,1.0,,0.0,,0.0,7.59358962495185,,0.0,10.541651414258945,0.010000000000005116,ukf,0,flight,7.732042139594792,1.0,0.0,100/50/50 Hz,1.0,4700,7,0.25,13,8.981341568538614,0.9256581345314603,1.4566647714190157,12.1642650562446
16.372216180288905,1.0,,0.0,transition,40,1.0,,0.0,,0.0,8.907952263162594,,0.0,10.54165117699496,0.010000000000005116,ukf,0,outage_window,9.031252805640516,1.0,0.0,100/50/50 Hz,1.0,1500,7,0.25,25,4.234381556385276,0.8916993814534198,1.4872503879999999,11.960195214770033
17.08912379795779,1.0,,0.0,transition,25,1.0,,0.0,,0.0,5.476472333312738,,0.0,7.997106346514647,0.010000000000001563,ukf,0,before_outage,5.674827128128752,1.0,0.0,100/50/50 Hz,1.0,700,7,0.25,18,7.997106346514647,0.878558071400888,1.487250388,14.849905507090957
16.297421082862808,1.0,,0.0,transition,60,1.0,,0.0,,0.0,7.731541855445964,,0.0,10.541651414258945,0.010000000000005116,ukf,0,after_return,7.873287317195972,1.0,0.0,100/50/50 Hz,1.0,2000,7,0.25,40,8.981341568538614,0.8668710543538322,1.487250388,12.41122295680852
15.364693912963062,1.0,,0.0,gps,60,1.0,,0.0,,0.0,7.249878142631069,,0.0,10.135602145856977,0.010000000000005116,ukf,0,flight,7.422325625393076,1.0,0.0,100/50/50 Hz,1.0,4700,19,0.25,13,8.562384808706597,0.9248680106488303,1.5906554015144156,12.174873252416932
15.455529072212203,1.0,,0.0,gps,40,1.0,,0.0,,0.0,8.519837993292004,,0.0,10.135602145856977,0.010000000000005116,ukf,0,outage_window,8.673257525191145,1.0,0.0,100/50/50 Hz,1.0,1500,19,0.25,25,3.816358171507685,0.8729155106203343,1.624117196,11.925173500112649
16.677882735322747,1.0,,0.0,gps,25,1.0,,0.0,,0.0,5.2182029876333464,,0.0,7.68316812184798,0.010000000000001563,ukf,0,before_outage,5.4651074176532415,1.0,0.0,100/50/50 Hz,1.0,700,19,0.25,18,7.68316812184798,0.9053303060869873,1.624117196,14.923474213537196
15.445763123146694,1.0,,0.0,gps,60,1.0,,0.0,,0.0,7.398194085954871,,0.0,10.135600423189373,0.010000000000005116,ukf,0,after_return,7.574366798604391,1.0,0.0,100/50/50 Hz,1.0,2000,19,0.25,40,8.562384808706597,0.8677703997020872,1.6241171960000003,12.424321773874931
14.019429655041522,1.0,,0.0,denied,60,1.0,,0.0,,0.0,30.18383603163366,,0.0,33.98232628111558,0.010000000000005116,ukf,0,flight,30.254196135331693,1.0,0.0,100/50/50 Hz,1.0,4700,19,0.25,13,32.756001092846795,0.9173175207704548,2.0621411713489928,12.549271977980268
12.842272916983292,1.0,,0.0,denied,40,1.0,,0.0,,0.0,32.08884133529481,,0.0,33.98232522244747,0.010000000000005116,ukf,0,outage_window,32.15765902985886,1.0,0.0,100/50/50 Hz,1.0,1500,19,0.25,25,28.026261616647503,0.9305574135855214,2.102687813,11.20795357205807
17.742643158263167,1.0,,0.0,denied,25,1.0,,0.0,,0.0,27.27646330947617,,0.0,29.89985302733021,0.010000000000001563,ukf,0,before_outage,27.357389252487867,1.0,0.0,100/50/50 Hz,1.0,700,19,0.25,18,29.89985302733021,0.810265843036744,2.102687813,16.661032880690122
14.477016878947554,1.0,,0.0,denied,60,1.0,,0.0,,0.0,30.12192922880067,,0.0,33.98232628111558,0.010000000000005116,ukf,0,after_return,30.195230028993237,1.0,0.0,100/50/50 Hz,1.0,2000,19,0.25,40,32.756001092846795,0.8609505639765413,2.1026878129999997,12.853223392866047
15.364693912963062,1.0,,0.0,transition,60,1.0,,0.0,,0.0,7.249878142631069,,0.0,10.135602145856977,0.010000000000005116,ukf,0,flight,7.422325625393076,1.0,0.0,100/50/50 Hz,1.0,4700,19,0.25,13,8.562384808706597,0.9248680106488303,1.5906554015144156,12.174873252416932
15.455529072212203,1.0,,0.0,transition,40,1.0,,0.0,,0.0,8.519837993292004,,0.0,10.135602145856977,0.010000000000005116,ukf,0,outage_window,8.673257525191145,1.0,0.0,100/50/50 Hz,1.0,1500,19,0.25,25,3.816358171507685,0.8729155106203343,1.624117196,11.925173500112649
16.677882735322747,1.0,,0.0,transition,25,1.0,,0.0,,0.0,5.2182029876333464,,0.0,7.68316812184798,0.010000000000001563,ukf,0,before_outage,5.4651074176532415,1.0,0.0,100/50/50 Hz,1.0,700,19,0.25,18,7.68316812184798,0.9053303060869873,1.624117196,14.923474213537196
15.445763123146694,1.0,,0.0,transition,60,1.0,,0.0,,0.0,7.398194085954871,,0.0,10.135600423189373,0.010000000000005116,ukf,0,after_return,7.574366798604391,1.0,0.0,100/50/50 Hz,1.0,2000,19,0.25,40,8.562384808706597,0.8677703997020872,1.6241171960000003,12.424321773874931
16.31870951092198,1.0,,0.0,gps,60,1.0,,0.0,,0.0,7.561293348782233,,0.0,10.485436441881447,0.010000000000005116,ukf,0,flight,7.790207897459706,1.0,0.0,100/50/50 Hz,1.0,4700,41,0.25,13,8.883200025087266,0.9227204114032099,1.8746151549865222,12.352014587695027
16.05125283966893,1.0,,0.0,gps,40,1.0,,0.0,,0.0,8.848170043042987,,0.0,10.485436191245139,0.010000000000005116,ukf,0,outage_window,9.052559889881483,1.0,0.0,100/50/50 Hz,1.0,1500,41,0.25,25,4.131014123534664,0.9125282508114211,1.9127800315999999,11.50336441485352
18.01890680652982,1.0,,0.0,gps,25,1.0,,0.0,,0.0,5.5219591720535135,,0.0,8.021220212489075,0.010000000000001563,ukf,0,before_outage,5.843865206104058,1.0,0.0,100/50/50 Hz,1.0,700,41,0.25,18,8.021220212489075,0.8501449778356422,1.9127800315999999,15.87974339759606
16.45373620653503,1.0,,0.0,gps,60,1.0,,0.0,,0.0,7.711123325147418,,0.0,10.485436441881447,0.010000000000005116,ukf,0,after_return,7.94481909076099,1.0,0.0,100/50/50 Hz,1.0,2000,41,0.25,40,8.883200025087266,0.8689811041232574,1.9127800315999999,12.63253085069026
15.887403295674074,1.0,,0.0,denied,60,1.0,,0.0,,0.0,30.135608422154178,,0.0,33.93875815399262,0.010000000000005116,ukf,0,flight,30.226717594049674,1.0,0.0,100/50/50 Hz,1.0,4700,41,0.25,13,32.74117356239957,0.9185175706609134,2.3451143974275546,12.461063626271596
15.39461750974238,1.0,,0.0,denied,40,1.0,,0.0,,0.0,32.049105629545046,,0.0,33.93875798896079,0.010000000000005116,ukf,0,outage_window,32.137987091019305,1.0,0.0,100/50/50 Hz,1.0,1500,41,0.25,25,28.01901208229631,0.9164052588177304,2.388523102,11.326015664043185
18.145079246481693,1.0,,0.0,denied,25,1.0,,0.0,,0.0,27.20373220586305,,0.0,29.810134731698763,0.010000000000001563,ukf,0,before_outage,27.30838861114105,1.0,0.0,100/50/50 Hz,1.0,700,41,0.25,18,29.810134731698763,0.8407035339814677,2.3885231020000006,16.333837969290723
16.270272064902233,1.0,,0.0,denied,60,1.0,,0.0,,0.0,30.065811766079058,,0.0,33.93875815399262,0.010000000000005116,ukf,0,after_return,30.160538452787698,1.0,0.0,100/50/50 Hz,1.0,2000,41,0.25,40,32.74117356239957,0.8674114045645955,2.3885231020000006,12.755423886931277
16.31870951092198,1.0,,0.0,transition,60,1.0,,0.0,,0.0,7.561293348782233,,0.0,10.485436441881447,0.010000000000005116,ukf,0,flight,7.790207897459706,1.0,0.0,100/50/50 Hz,1.0,4700,41,0.25,13,8.883200025087266,0.9227204114032099,1.8746151549865222,12.352014587695027
16.05125283966893,1.0,,0.0,transition,40,1.0,,0.0,,0.0,8.848170043042987,,0.0,10.485436191245139,0.010000000000005116,ukf,0,outage_window,9.052559889881483,1.0,0.0,100/50/50 Hz,1.0,1500,41,0.25,25,4.131014123534664,0.9125282508114211,1.9127800315999999,11.50336441485352
18.01890680652982,1.0,,0.0,transition,25,1.0,,0.0,,0.0,5.5219591720535135,,0.0,8.021220212489075,0.010000000000001563,ukf,0,before_outage,5.843865206104058,1.0,0.0,100/50/50 Hz,1.0,700,41,0.25,18,8.021220212489075,0.8501449778356422,1.9127800315999999,15.87974339759606
16.45373620653503,1.0,,0.0,transition,60,1.0,,0.0,,0.0,7.711123325147418,,0.0,10.485436441881447,0.010000000000005116,ukf,0,after_return,7.94481909076099,1.0,0.0,100/50/50 Hz,1.0,2000,41,0.25,40,8.883200025087266,0.8689811041232574,1.9127800315999999,12.63253085069026
16.16191283378607,1.0,,0.0,gps,60,1.0,,0.0,,0.0,7.37533087645034,,0.0,10.541652331124588,0.010000000000005116,ukf,0,flight,7.517804053938553,1.0,0.0,100/50/50 Hz,1.0,4700,7,0.6,13,8.187138588333644,2.1212737978737204,1.4566647714190157,12.1642650562446
16.372216180288905,1.0,,0.0,gps,40,1.0,,0.0,,0.0,7.179508465031576,,0.0,10.541652331124588,0.010000000000005116,ukf,0,outage_window,7.3319339546988695,1.0,0.0,100/50/50 Hz,1.0,1500,7,0.6,25,9.639806397476749,2.125628125187596,1.4872503879999999,11.960195214770033
17.08912379795779,1.0,,0.0,gps,25,1.0,,0.0,,0.0,8.49953241662278,,0.0,10.541648943633612,0.010000000000001563,ukf,0,before_outage,8.628671103815906,1.0,0.0,100/50/50 Hz,1.0,700,7,0.6,18,3.04647749881232,2.156293850170343,1.487250388,14.849905507090957
16.297421082862808,1.0,,0.0,gps,60,1.0,,0.0,,0.0,7.481881658894861,,0.0,10.541651519724663,0.010000000000005116,ukf,0,after_return,7.628267619473865,1.0,0.0,100/50/50 Hz,1.0,2000,7,0.6,40,8.187138588333644,2.111487952821376,1.487250388,12.41122295680852
16.17288421116596,1.0,,0.0,denied,60,1.0,,0.0,,0.0,29.98657133673829,,0.0,33.93375440868068,0.010000000000005116,ukf,0,flight,30.112276307739698,1.0,0.0,100/50/50 Hz,1.0,4700,7,0.6,13,30.07348705370098,2.1158899805378417,2.7485858000737693,12.560817896133603
14.580947561257085,1.0,,0.0,denied,40,1.0,,0.0,,0.0,29.53019453529911,,0.0,33.933749313228695,0.010000000000005116,ukf,0,outage_window,29.662175638583705,1.0,0.0,100/50/50 Hz,1.0,1500,7,0.6,25,32.16087780193252,2.1169279365572122,2.795044601,11.193829521263227
20.677209315328795,1.0,,0.0,denied,25,1.0,,0.0,,0.0,31.567950578245657,,0.0,33.93373898303137,0.010000000000001563,ukf,0,before_outage,31.691446449036366,1.0,0.0,100/50/50 Hz,1.0,700,7,0.6,18,26.656456142542606,2.1668466480254183,2.795044601,16.701799964815418
16.762681384566996,1.0,,0.0,denied,60,1.0,,0.0,,0.0,30.10119309524104,,0.0,33.93375440868068,0.010000000000005116,ukf,0,after_return,30.230681435894994,1.0,0.0,100/50/50 Hz,1.0,2000,7,0.6,40,30.07348705370098,2.110156601124241,2.7950446010000003,12.86594137625464
16.16191283378607,1.0,,0.0,transition,60,1.0,,0.0,,0.0,7.37533087645034,,0.0,10.541652331124588,0.010000000000005116,ukf,0,flight,7.517804053938553,1.0,0.0,100/50/50 Hz,1.0,4700,7,0.6,13,8.187138588333644,2.1212737978737204,1.4566647714190157,12.1642650562446
16.372216180288905,1.0,,0.0,transition,40,1.0,,0.0,,0.0,7.179508465031576,,0.0,10.541652331124588,0.010000000000005116,ukf,0,outage_window,7.3319339546988695,1.0,0.0,100/50/50 Hz,1.0,1500,7,0.6,25,9.639806397476749,2.125628125187596,1.4872503879999999,11.960195214770033
17.08912379795779,1.0,,0.0,transition,25,1.0,,0.0,,0.0,8.49953241662278,,0.0,10.541648943633612,0.010000000000001563,ukf,0,before_outage,8.628671103815906,1.0,0.0,100/50/50 Hz,1.0,700,7,0.6,18,3.04647749881232,2.156293850170343,1.487250388,14.849905507090957
16.297421082862808,1.0,,0.0,transition,60,1.0,,0.0,,0.0,7.481881658894861,,0.0,10.541651519724663,0.010000000000005116,ukf,0,after_return,7.628267619473865,1.0,0.0,100/50/50 Hz,1.0,2000,7,0.6,40,8.187138588333644,2.111487952821376,1.487250388,12.41122295680852
15.364693912963062,1.0,,0.0,gps,60,1.0,,0.0,,0.0,7.029427728692534,,0.0,10.135602531436916,0.010000000000005116,ukf,0,flight,7.207151920091491,1.0,0.0,100/50/50 Hz,1.0,4700,19,0.6,13,7.867246975150224,2.1233222618138736,1.5906554015144156,12.174873252416932
15.455529072212203,1.0,,0.0,gps,40,1.0,,0.0,,0.0,6.8514599178545526,,0.0,10.135600423189373,0.010000000000005116,ukf,0,outage_window,7.041325136102609,1.0,0.0,100/50/50 Hz,1.0,1500,19,0.6,25,9.273608480260801,2.1315042092480003,1.624117196,11.925173500112649
16.677882735322747,1.0,,0.0,gps,25,1.0,,0.0,,0.0,8.118046826518015,,0.0,10.135602531436916,0.010000000000001563,ukf,0,before_outage,8.27891544490473,1.0,0.0,100/50/50 Hz,1.0,700,19,0.6,18,2.6408440419632453,2.1425430691634637,1.624117196,14.923474213537196
15.445763123146694,1.0,,0.0,gps,60,1.0,,0.0,,0.0,7.13501385776129,,0.0,10.135594184498814,0.010000000000005116,ukf,0,after_return,7.317525498198729,1.0,0.0,100/50/50 Hz,1.0,2000,19,0.6,40,7.867246975150224,2.1121059889210354,1.6241171960000003,12.424321773874931
14.019429655041522,1.0,,0.0,denied,60,1.0,,0.0,,0.0,30.035875067906627,,0.0,33.9823262151869,0.010000000000005116,ukf,0,flight,30.106580963395153,1.0,0.0,100/50/50 Hz,1.0,4700,19,0.6,13,30.15212227887729,2.1125764550806854,2.0621411713489928,12.549271977980268
12.842272916983292,1.0,,0.0,denied,40,1.0,,0.0,,0.0,29.584812454461215,,0.0,33.98231397053886,0.010000000000005116,ukf,0,outage_window,29.659440723057845,1.0,0.0,100/50/50 Hz,1.0,1500,19,0.6,25,32.232721415676906,2.1106617234956593,2.102687813,11.20795357205807
17.742643158263167,1.0,,0.0,denied,25,1.0,,0.0,,0.0,31.61230096074535,,0.0,33.98231692550682,0.010000000000001563,ukf,0,before_outage,31.682153778928605,1.0,0.0,100/50/50 Hz,1.0,700,19,0.6,18,26.69050630421674,2.186722743356832,2.102687813,16.661032880690122
14.477016878947554,1.0,,0.0,denied,60,1.0,,0.0,,0.0,30.14981672157515,,0.0,33.9823262151869,0.010000000000005116,ukf,0,after_return,30.22304988553457,1.0,0.0,100/50/50 Hz,1.0,2000,19,0.6,40,30.15212227887729,2.10966153878078,2.1026878129999997,12.853223392866047
15.364693912963062,1.0,,0.0,transition,60,1.0,,0.0,,0.0,7.029427728692534,,0.0,10.135602531436916,0.010000000000005116,ukf,0,flight,7.207151920091491,1.0,0.0,100/50/50 Hz,1.0,4700,19,0.6,13,7.867246975150224,2.1233222618138736,1.5906554015144156,12.174873252416932
15.455529072212203,1.0,,0.0,transition,40,1.0,,0.0,,0.0,6.8514599178545526,,0.0,10.135600423189373,0.010000000000005116,ukf,0,outage_window,7.041325136102609,1.0,0.0,100/50/50 Hz,1.0,1500,19,0.6,25,9.273608480260801,2.1315042092480003,1.624117196,11.925173500112649
16.677882735322747,1.0,,0.0,transition,25,1.0,,0.0,,0.0,8.118046826518015,,0.0,10.135602531436916,0.010000000000001563,ukf,0,before_outage,8.27891544490473,1.0,0.0,100/50/50 Hz,1.0,700,19,0.6,18,2.6408440419632453,2.1425430691634637,1.624117196,14.923474213537196
15.445763123146694,1.0,,0.0,transition,60,1.0,,0.0,,0.0,7.13501385776129,,0.0,10.135594184498814,0.010000000000005116,ukf,0,after_return,7.317525498198729,1.0,0.0,100/50/50 Hz,1.0,2000,19,0.6,40,7.867246975150224,2.1121059889210354,1.6241171960000003,12.424321773874931
16.31870951092198,1.0,,0.0,gps,60,1.0,,0.0,,0.0,7.339237793553021,,0.0,10.485436511482378,0.010000000000005116,ukf,0,flight,7.574865897797939,1.0,0.0,100/50/50 Hz,1.0,4700,41,0.6,13,8.20757700250425,2.1161767871124155,1.8746151549865222,12.352014587695027
16.05125283966893,1.0,,0.0,gps,40,1.0,,0.0,,0.0,7.159905540479413,,0.0,10.4854343090911,0.010000000000005116,ukf,0,outage_window,7.411003629595353,1.0,0.0,100/50/50 Hz,1.0,1500,41,0.6,25,9.62692389674985,2.1200564189204747,1.9127800315999999,11.50336441485352
18.01890680652982,1.0,,0.0,gps,25,1.0,,0.0,,0.0,8.439839287360302,,0.0,10.485436511482378,0.010000000000001563,ukf,0,before_outage,8.653878589728315,1.0,0.0,100/50/50 Hz,1.0,700,41,0.6,18,2.9918943642182305,2.1703899705902816,1.9127800315999999,15.87974339759606
16.45373620653503,1.0,,0.0,gps,60,1.0,,0.0,,0.0,7.443552104555981,,0.0,10.485427941623032,0.010000000000005116,ukf,0,after_return,7.6853884340693845,1.0,0.0,100/50/50 Hz,1.0,2000,41,0.6,40,8.20757700250425,2.108865419565839,1.9127800315999999,12.63253085069026
15.887403295674074,1.0,,0.0,denied,60,1.0,,0.0,,0.0,29.991058111491657,,0.0,33.93875764339069,0.010000000000005116,ukf,0,flight,30.082605076420684,1.0,0.0,100/50/50 Hz,1.0,4700,41,0.6,13,30.062835687107444,2.1136349346699297,2.3451143974275546,12.461063626271596
15.39461750974238,1.0,,0.0,denied,40,1.0,,0.0,,0.0,29.531940617944915,,0.0,33.93875240718645,0.010000000000005116,ukf,0,outage_window,29.628374225910747,1.0,0.0,100/50/50 Hz,1.0,1500,41,0.6,25,32.153737409713536,2.1178245153340844,2.388523102,11.326015664043185
18.145079246481693,1.0,,0.0,denied,25,1.0,,0.0,,0.0,31.57499714735473,,0.0,33.93875764339069,0.010000000000001563,ukf,0,before_outage,31.66520941765974,1.0,0.0,100/50/50 Hz,1.0,700,41,0.6,18,26.669114642722004,2.1737027194741976,2.3885231020000006,16.333837969290723
16.270272064902233,1.0,,0.0,denied,60,1.0,,0.0,,0.0,30.10601943351665,,0.0,33.938751911281095,0.010000000000005116,ukf,0,after_return,30.200620005888453,1.0,0.0,100/50/50 Hz,1.0,2000,41,0.6,40,30.062835687107444,2.108075586727333,2.3885231020000006,12.755423886931277
16.31870951092198,1.0,,0.0,transition,60,1.0,,0.0,,0.0,7.339237793553021,,0.0,10.485436511482378,0.010000000000005116,ukf,0,flight,7.574865897797939,1.0,0.0,100/50/50 Hz,1.0,4700,41,0.6,13,8.20757700250425,2.1161767871124155,1.8746151549865222,12.352014587695027
16.05125283966893,1.0,,0.0,transition,40,1.0,,0.0,,0.0,7.159905540479413,,0.0,10.4854343090911,0.010000000000005116,ukf,0,outage_window,7.411003629595353,1.0,0.0,100/50/50 Hz,1.0,1500,41,0.6,25,9.62692389674985,2.1200564189204747,1.9127800315999999,11.50336441485352
18.01890680652982,1.0,,0.0,transition,25,1.0,,0.0,,0.0,8.439839287360302,,0.0,10.485436511482378,0.010000000000001563,ukf,0,before_outage,8.653878589728315,1.0,0.0,100/50/50 Hz,1.0,700,41,0.6,18,2.9918943642182305,2.1703899705902816,1.9127800315999999,15.87974339759606
16.45373620653503,1.0,,0.0,transition,60,1.0,,0.0,,0.0,7.443552104555981,,0.0,10.485427941623032,0.010000000000005116,ukf,0,after_return,7.6853884340693845,1.0,0.0,100/50/50 Hz,1.0,2000,41,0.6,40,8.20757700250425,2.108865419565839,1.9127800315999999,12.63253085069026
1.2396697702810286,1.0,,19.914893617021278,gps,60,1.0,,24.97872340425532,,10.0,0.03351010902779447,,25.0,0.07145327086124736,0.010000000000005116,modelica,0,flight,0.06162878081520651,1.0,1.0,25/25/25 Hz,1.0,4700,7,0.25,13,0.011152740471028528,0.043897702235187026,0.0517221346979617,0.5104090939297553
1.165066466761701,1.0,,19.933333333333334,gps,40,1.0,,25.0,,10.0,0.02953703769365596,,25.0,0.05378304179829515,0.010000000000005116,modelica,0,outage_window,0.06047200348661824,1.0,1.0,25/25/25 Hz,1.0,1500,7,0.25,25,0.0042259137703880316,0.043412497236147346,0.052767666330520206,0.32679646770725984
1.1171250567276967,1.0,,19.857142857142858,gps,25,1.0,,25.0,,10.0,0.030642740958801762,,25.0,0.04515394414158842,0.010000000000001563,modelica,0,before_outage,0.053184059188043566,1.0,1.0,25/25/25 Hz,1.0,700,7,0.25,18,0.022187224264293648,0.04256624758614812,0.04346914512903486,0.4875979549730988
1.3420094901667226,1.0,,20.0,gps,60,1.0,,25.0,,10.0,0.03661356107370158,,25.0,0.07145327086124736,0.010000000000005116,modelica,0,after_return,0.06791623425385018,1.0,1.0,25/25/25 Hz,1.0,2000,7,0.25,40,0.011152740471028528,0.04342391861740545,0.057201940707690836,0.5762195319260012
0.3432020179075237,1.0,1.0,,gps,60,1.0,1.0,,1.0,,0.05207833853203542,1.0,,0.12556649551918497,0.010000000000005116,px4,,flight,0.8765206402431679,1.0,,25/25/25 Hz,1.0,4700,7,0.25,13,0.034957485504685346,0.0173523732398797,0.8749721592302441,0.32738488057786547
0.3615305353769044,1.0,1.0,,gps,40,1.0,1.0,,1.0,,0.04046024131332728,1.0,,0.066260886455685,0.010000000000005116,px4,,outage_window,0.8904411192739243,1.0,,25/25/25 Hz,1.0,1500,7,0.25,25,0.032896661576718944,0.017538365240499936,0.8895214195097646,0.3462949883196641
0.5674394414730816,1.0,1.0,,gps,25,1.0,1.0,,1.0,,0.05259656732290491,1.0,,0.09743222690649182,0.010000000000001563,px4,,before_outage,0.860403713253184,1.0,,25/25/25 Hz,1.0,700,7,0.25,18,0.020173312806434536,0.015603923253542876,0.8587945917888131,0.5559149243900885
0.15843179671608837,1.0,1.0,,gps,60,1.0,1.0,,1.0,,0.06355644361076002,1.0,,0.12556649551918497,0.010000000000005116,px4,,after_return,0.8774574062479885,1.0,,25/25/25 Hz,1.0,2000,7,0.25,40,0.034957485504685346,0.017351493148191555,0.8751526028384993,0.1378337713125015
0.32229573235898623,1.0,,,gps,60,1.0,,,0.56,,0.06666731231815827,,,0.34794695605928916,0.010000000000005116,ekf3,,flight,0.08709356980947965,1.0,,25/25/25 Hz,1.0,4700,7,0.25,13,0.0268024823059372,0.0255093049991195,0.05604247826811237,0.30015828125897426
0.23221197987513073,1.0,,,gps,40,1.0,,,0.42133333333333334,,0.07669815341153886,,,0.34794695605928916,0.010000000000005116,ekf3,,outage_window,0.08594923786790251,1.0,,25/25/25 Hz,1.0,1500,7,0.25,25,0.0159269834133774,0.020711175497618448,0.038790008421413544,0.20516733401236126
0.41516465080558057,1.0,,,gps,25,1.0,,,0.0,,0.0412166721223166,,,0.07342420697905716,0.010000000000001563,ekf3,,before_outage,0.08431267624221321,1.0,,25/25/25 Hz,1.0,700,7,0.25,18,0.03830503447720873,0.017735760361137203,0.07355143312190263,0.3943435782536341
0.27878874488362265,1.0,,,gps,60,1.0,,,1.0,,0.06395138197243226,,,0.13042287943185077,0.010000000000005116,ekf3,,after_return,0.0821557334955019,1.0,,25/25/25 Hz,1.0,2000,7,0.25,40,0.0268024823059372,0.020818943139864772,0.051573106266735565,0.25644436801681647
1.8798352987293585,1.0,,24.893617021276597,denied,60,1.0,,24.97872340425532,,0.0,0.35139088473926566,,25.0,0.4560387401935351,0.010000000000005116,modelica,0,flight,0.35646391086146606,1.0,1.0,25/25/25 Hz,1.0,4700,7,0.25,13,0.3293053050283542,0.056867151623760055,0.05992466828283127,0.8563306532947189
1.7200907565361525,1.0,,24.933333333333334,denied,40,1.0,,25.0,,0.0,0.4107196706575832,,25.0,0.4560387401935351,0.010000000000005116,modelica,0,outage_window,0.4149748389357301,1.0,1.0,25/25/25 Hz,1.0,1500,7,0.25,25,0.3660584018412263,0.057265275404559154,0.059274523065660785,0.7648156625752093
1.3053968688132151,1.0,,24.714285714285715,denied,25,1.0,,25.0,,0.0,0.39116343149767435,,25.0,0.42248070029441337,0.010000000000001563,modelica,0,before_outage,0.3943191783476014,1.0,1.0,25/25/25 Hz,1.0,700,7,0.25,18,0.3665147406575357,0.055496682265889885,0.0497873906897287,0.2692095726905793
2.2725009886147363,1.0,,25.0,denied,60,1.0,,25.0,,0.0,0.29242308611416973,,25.0,0.37522776565427124,0.010000000000005116,modelica,0,after_return,0.3000571283426344,1.0,1.0,25/25/25 Hz,1.0,2000,7,0.25,40,0.3293053050283542,0.057253833050858294,0.0672533937931245,1.1023759814948602
0.32267253865324075,1.0,1.0,,denied,60,1.0,1.0,,0.0,,0.10935209829234209,1.0,,0.1768999439010672,0.010000000000005116,px4,,flight,0.6411196064725121,1.0,,25/25/25 Hz,1.0,4700,7,0.25,13,0.1702584295470473,0.01202084642857939,0.6317249942835338,0.3030481063752351
0.19274848231205208,1.0,1.0,,denied,40,1.0,1.0,,0.0,,0.09972502464087186,1.0,,0.1352503589995464,0.010000000000005116,px4,,outage_window,0.6395607004027236,1.0,,25/25/25 Hz,1.0,1500,7,0.25,25,0.1351384120516826,0.008410651206425332,0.6317379274351035,0.16067312334353262
0.338858488703479,1.0,1.0,,denied,25,1.0,1.0,,0.0,,0.044736575512873376,1.0,,0.06065040184397074,0.010000000000001563,px4,,before_outage,0.6136175189830427,1.0,,25/25/25 Hz,1.0,700,7,0.25,18,0.03717820733261977,0.011277933153282857,0.6119845573331779,0.31463997653741094
0.14289922472087344,1.0,1.0,,denied,60,1.0,1.0,,0.0,,0.1389624756938371,1.0,,0.1768999439010672,0.010000000000005116,px4,,after_return,0.6570080431097935,1.0,,25/25/25 Hz,1.0,2000,7,0.25,40,0.1702584295470473,0.008135383830579766,0.6421440641008839,0.1175409667897722
0.2765705127865959,1.0,,,denied,60,1.0,,,0.0,,0.0805686903099845,,,0.13397935881923592,0.010000000000005116,ekf3,,flight,0.09713397402324843,1.0,,25/25/25 Hz,1.0,4700,7,0.25,13,0.13338820118250377,0.024414576145351457,0.054255829652516706,0.2515800169114189
0.22021784485823004,1.0,,,denied,40,1.0,,,0.0,,0.09216889639517829,,,0.126572187119265,0.010000000000005116,ekf3,,outage_window,0.09999452259684916,1.0,,25/25/25 Hz,1.0,1500,7,0.25,25,0.11606477954619832,0.021795165437700097,0.03877884844430875,0.1923591701698015
0.41516465080558057,1.0,,,denied,25,1.0,,,0.0,,0.0412166721223166,,,0.07342420697905716,0.010000000000001563,ekf3,,before_outage,0.08431267624221321,1.0,,25/25/25 Hz,1.0,700,7,0.25,18,0.03830503447720873,0.017735760361137203,0.07355143312190263,0.3943435782536341
0.13206933699787643,1.0,,,denied,60,1.0,,,0.0,,0.0833087392119068,,,0.13397935881923592,0.010000000000005116,ekf3,,after_return,0.0955912099467179,1.0,,25/25/25 Hz,1.0,2000,7,0.25,40,0.13338820118250377,0.016444945819705264,0.046875722821093646,0.08121916905778992
1.2951813952087534,1.0,,21.51063829787234,transition,60,1.0,,24.97872340425532,,6.808510638297872,0.05244797743590644,,25.0,0.11354708679307564,0.010000000000005116,modelica,0,flight,0.07513553564749118,1.0,1.0,25/25/25 Hz,1.0,4700,7,0.25,13,0.012504177701637597,0.0479579273735268,0.05380110017386323,0.6146235827470865
1.3376642911390373,1.0,,24.933333333333334,transition,40,1.0,,25.0,,0.0,0.06905199382312543,,25.0,0.11354708679307564,0.010000000000005116,modelica,0,outage_window,0.09087606588743212,1.0,1.0,25/25/25 Hz,1.0,1500,7,0.25,25,0.10319363107144337,0.0552015865421064,0.059078604420110925,0.6905837923931706
1.1171250567276967,1.0,,19.857142857142858,transition,25,1.0,,25.0,,10.0,0.030642740958801762,,25.0,0.04515394414158842,0.010000000000001563,modelica,0,before_outage,0.053184059188043566,1.0,1.0,25/25/25 Hz,1.0,700,7,0.25,18,0.022187224264293648,0.04256624758614812,0.04346914512903486,0.4875979549730988
1.344504470289839,1.0,,20.0,transition,60,1.0,,25.0,,10.0,0.04737324982224246,,25.0,0.09496991805841809,0.010000000000005116,modelica,0,after_return,0.07417841116478555,1.0,1.0,25/25/25 Hz,1.0,2000,7,0.25,40,0.012504177701637597,0.043475880535633775,0.057080748805629605,0.5744314355749108
0.33885386683382074,1.0,1.0,,transition,60,1.0,1.0,,0.8023404255319149,,0.0647094803000401,1.0,,0.12652988091457087,0.010000000000005116,px4,,flight,0.8262265657426839,1.0,,25/25/25 Hz,1.0,4700,7,0.25,13,0.037772090076757595,0.018497803622667293,0.8236886675791092,0.3200277061739323
0.2643695095526665,1.0,1.0,,transition,40,1.0,1.0,,0.46,,0.07347820012753845,1.0,,0.11062790555222332,0.010000000000005116,px4,,outage_window,0.8890730174929293,1.0,,25/25/25 Hz,1.0,1500,7,0.25,25,0.11043110690875442,0.01214810053364847,0.886031480558112,0.24072309140229706
0.5674394414730816,1.0,1.0,,transition,25,1.0,1.0,,1.0,,0.05259656732290491,1.0,,0.09743222690649182,0.010000000000001563,px4,,before_outage,0.860403713253184,1.0,,25/25/25 Hz,1.0,700,7,0.25,18,0.020173312806434536,0.015603923253542876,0.8587945917888131,0.5559149243900885
0.2524699967669603,1.0,1.0,,transition,60,1.0,1.0,,0.9405,,0.06844373357695842,1.0,,0.12652988091457087,0.010000000000005116,px4,,after_return,0.7553197298270141,1.0,,25/25/25 Hz,1.0,2000,7,0.25,40,0.037772090076757595,0.022750557537510433,0.7522123035420253,0.23298982484590197
0.2907928729955032,1.0,,,transition,60,1.0,,,0.4238297872340426,,0.08224225694914047,,,0.4518073591292276,0.010000000000005116,ekf3,,flight,0.09930855476535806,1.0,,25/25/25 Hz,1.0,4700,7,0.25,13,0.026587564264852797,0.027298658160166724,0.05566327533927263,0.26458803695869715
0.22021784485823004,1.0,,,transition,40,1.0,,,0.0,,0.09216889639517829,,,0.126572187119265,0.010000000000005116,ekf3,,outage_window,0.09999452259684916,1.0,,25/25/25 Hz,1.0,1500,7,0.25,25,0.11606477954619832,0.021795165437700097,0.03877884844430875,0.1923591701698015
0.41516465080558057,1.0,,,transition,25,1.0,,,0.0,,0.0412166721223166,,,0.07342420697905716,0.010000000000001563,ekf3,,before_outage,0.08431267624221321,1.0,,25/25/25 Hz,1.0,700,7,0.25,18,0.03830503447720873,0.017735760361137203,0.07355143312190263,0.3943435782536341
0.19080104536824105,1.0,,,transition,60,1.0,,,0.996,,0.08706699838721785,,,0.4518073591292276,0.010000000000005116,ekf3,,after_return,0.1007052766649285,1.0,,25/25/25 Hz,1.0,2000,7,0.25,40,0.026587564264852797,0.02491841656558364,0.05060524221856861,0.14958347417020876
0.9899792232342739,1.0,,19.97872340425532,gps,60,1.0,,25.0,,10.0,0.03282655573272918,,25.0,0.0654833532172466,0.010000000000005116,modelica,0,flight,0.06972697378995407,1.0,1.0,25/25/25 Hz,1.0,4700,19,0.25,13,0.04980542975671749,0.046395310151384005,0.06151640523170195,0.5071211003325392
0.8286600316107859,1.0,,19.933333333333334,gps,40,1.0,,25.0,,10.0,0.0327873193903106,,25.0,0.049948908500915934,0.010000000000005116,modelica,0,outage_window,0.07034903501366893,1.0,1.0,25/25/25 Hz,1.0,1500,19,0.25,25,0.011511461851290889,0.0437900150957827,0.06224129187727533,0.30432570260191727
0.6609306966704539,1.0,,20.0,gps,25,1.0,,25.0,,10.0,0.02468866182185217,,25.0,0.04662822033582869,0.010000000000001563,modelica,0,before_outage,0.05321519567083747,1.0,1.0,25/25/25 Hz,1.0,700,19,0.25,18,0.02891854252946795,0.04696955128122467,0.04714156369629393,0.40611076287350634
1.178760407269857,1.0,,20.0,gps,60,1.0,,25.0,,10.0,0.03731151058712654,,25.0,0.0654833532172466,0.010000000000005116,modelica,0,after_return,0.07824642002553026,1.0,1.0,25/25/25 Hz,1.0,2000,19,0.25,40,0.04980542975671749,0.04771738603016492,0.06877756483416993,0.539877121763619
0.24557951500270447,1.0,1.0,,gps,60,1.0,1.0,,1.0,,0.04548508003587769,1.0,,0.09118879718554945,0.010000000000005116,px4,,flight,0.8249003018918993,1.0,,25/25/25 Hz,1.0,4700,19,0.25,13,0.03384142561480953,0.014766270763185317,0.8236453214554652,0.21511561116858746
0.22312327199494944,1.0,1.0,,gps,40,1.0,1.0,,1.0,,0.03997486173104062,1.0,,0.08020916185593574,0.010000000000005116,px4,,outage_window,0.8211035580061846,1.0,,25/25/25 Hz,1.0,1500,19,0.25,25,0.03769026597488495,0.015603808158208665,0.8201299064172699,0.1877611501177489
0.29070426870481253,1.0,1.0,,gps,25,1.0,1.0,,1.0,,0.04154112866192332,1.0,,0.05915166069249174,0.010000000000001563,px4,,before_outage,0.8106997405675055,1.0,,25/25/25 Hz,1.0,700,19,0.25,18,0.035942758188295294,0.013139481572422295,0.8096347349179841,0.254413582807027
0.13340866439297794,1.0,1.0,,gps,60,1.0,1.0,,1.0,,0.04970252945370366,1.0,,0.09118879718554945,0.010000000000005116,px4,,after_return,0.835215846718138,1.0,,25/25/25 Hz,1.0,2000,19,0.25,40,0.03384142561480953,0.013526578533510327,0.8337356710462855,0.0907502842196755
0.2651555546425959,1.0,,,gps,60,1.0,,,0.56,,0.08094627123283275,,,0.3433004528528239,0.010000000000005116,ekf3,,flight,0.09863597077179416,1.0,,25/25/25 Hz,1.0,4700,19,0.25,13,0.03799500379845316,0.02409401402419342,0.0563627173191189,0.2487261887976421
0.2282614810958474,1.0,,,gps,40,1.0,,,0.42133333333333334,,0.11827774583454329,,,0.3433004528528239,0.010000000000005116,ekf3,,outage_window,0.1276316584539307,1.0,,25/25/25 Hz,1.0,1500,19,0.25,25,0.03251010755441441,0.025765399196147315,0.04796055754471586,0.21177220982913497
0.37912909094990505,1.0,,,gps,25,1.0,,,0.0,,0.05630174185618247,,,0.08601039242171776,0.010000000000001563,ekf3,,before_outage,0.07490583112175052,1.0,,25/25/25 Hz,1.0,700,19,0.25,18,0.08331623012616787,0.01828080550177944,0.04940645099579608,0.36279383639221635
0.12218607553498295,1.0,,,gps,60,1.0,,,1.0,,0.05575286859281329,,,0.11609167141862468,0.010000000000005116,ekf3,,after_return,0.07429674182847797,1.0,,25/25/25 Hz,1.0,2000,19,0.25,40,0.03799500379845316,0.01633361178018066,0.04910828331351036,0.08883527608605538
1.8043210969511558,1.0,,25.0,denied,60,1.0,,25.0,,0.0,0.35745546358613073,,25.0,0.5084733841651862,0.010000000000005116,modelica,0,flight,0.36328976899623855,1.0,1.0,25/25/25 Hz,1.0,4700,19,0.25,13,0.4897556499257821,0.05814510779209478,0.06484633998742521,0.8152044347122078
1.5797064862148367,1.0,,25.0,denied,40,1.0,,25.0,,0.0,0.3377185560338026,,25.0,0.40508377875271473,0.010000000000005116,modelica,0,outage_window,0.34370732222736805,1.0,1.0,25/25/25 Hz,1.0,1500,19,0.25,25,0.2803934843228927,0.055590056948926735,0.06388192438515902,0.5713715260835721
1.4738677930581667,1.0,,25.0,denied,25,1.0,,25.0,,0.0,0.3330065668495341,,25.0,0.3614816044229842,0.010000000000001563,modelica,0,before_outage,0.33595229793182774,1.0,1.0,25/25/25 Hz,1.0,700,19,0.25,18,0.3487970933314311,0.055620725682635534,0.04439113561019077,0.9449962303747744
2.1631014123553376,1.0,,25.0,denied,60,1.0,,25.0,,0.0,0.370936253120594,,25.0,0.5084733841651862,0.010000000000005116,modelica,0,after_return,0.37825388517686653,1.0,1.0,25/25/25 Hz,1.0,2000,19,0.25,40,0.4897556499257821,0.05701475566134545,0.07404254028765332,0.9674108030445794
0.30045260202821905,1.0,1.0,,denied,60,1.0,1.0,,0.0,,0.06699503708054974,1.0,,0.1390275805931927,0.010000000000005116,px4,,flight,0.6894085558320463,1.0,,25/25/25 Hz,1.0,4700,19,0.25,13,0.13754125424192795,0.011084011411818364,0.6861456272986104,0.28348321238941226
0.16438222631646562,1.0,1.0,,denied,40,1.0,1.0,,0.0,,0.049031036906398054,1.0,,0.08003083671267276,0.010000000000005116,px4,,outage_window,0.6917360618955638,1.0,,25/25/25 Hz,1.0,1500,19,0.25,25,0.07012463365410455,0.010040169297866566,0.6899961860377684,0.12416154305097392
0.3405321286812404,1.0,1.0,,denied,25,1.0,1.0,,0.0,,0.032429092377637234,1.0,,0.06746864820169349,0.010000000000001563,px4,,before_outage,0.6672290084400302,1.0,,25/25/25 Hz,1.0,700,19,0.25,18,0.019056804316470683,0.01263772244115498,0.6664404727141267,0.3175933854329454
0.15301622832133893,1.0,1.0,,denied,60,1.0,1.0,,0.0,,0.08967290352625998,1.0,,0.1390275805931927,0.010000000000005116,px4,,after_return,0.7003716957529266,1.0,,25/25/25 Hz,1.0,2000,19,0.25,40,0.13754125424192795,0.010096407990010239,0.6946072865907756,0.13217251702202484
0.2750082804999379,1.0,,,denied,60,1.0,,,0.0,,0.0939722030106567,,,0.1644383413772501,0.010000000000005116,ekf3,,flight,0.1095288955643559,1.0,,25/25/25 Hz,1.0,4700,19,0.25,13,0.11345370769245709,0.02390118009078988,0.05626547809155718,0.2605259222050393
0.20073952761532077,1.0,,,denied,40,1.0,,,0.0,,0.13320758361764518,,,0.1644383413772501,0.010000000000005116,ekf3,,outage_window,0.14129387361070755,1.0,,25/25/25 Hz,1.0,1500,19,0.25,25,0.1150276582758582,0.026081461023239976,0.047113675155592206,0.1834933036322336
0.37912909094990505,1.0,,,denied,25,1.0,,,0.0,,0.05630174185618247,,,0.08601039242171776,0.010000000000001563,ekf3,,before_outage,0.07490583112175052,1.0,,25/25/25 Hz,1.0,700,19,0.25,18,0.08331623012616787,0.01828080550177944,0.04940645099579608,0.36279383639221635
0.1905034092731536,1.0,,,denied,60,1.0,,,0.0,,0.07514535807206948,,,0.11484972259777576,0.010000000000005116,ekf3,,after_return,0.08996165257919364,1.0,,25/25/25 Hz,1.0,2000,19,0.25,40,0.11345370769245709,0.015256056957939385,0.04945982303850267,0.1743450760883014
0.975977358839455,1.0,,21.595744680851062,transition,60,1.0,,25.0,,6.808510638297872,0.033378584246822385,,25.0,0.07738926552280413,0.010000000000005116,modelica,0,flight,0.07044685100670078,1.0,1.0,25/25/25 Hz,1.0,4700,19,0.25,13,0.05006881987783777,0.04959948451534457,0.062037318852752495,0.49780322852443026
0.7636884525382361,1.0,,25.0,transition,40,1.0,,25.0,,0.0,0.026803523828949072,,25.0,0.045908897320458456,0.010000000000005116,modelica,0,outage_window,0.0693495543874455,1.0,1.0,25/25/25 Hz,1.0,1500,19,0.25,25,0.012208386944399205,0.0534957182436943,0.0639603924635256,0.1905433355257379
0.6609306966704539,1.0,,20.0,transition,25,1.0,,25.0,,10.0,0.02468866182185217,,25.0,0.04662822033582869,0.010000000000001563,modelica,0,before_outage,0.05321519567083747,1.0,1.0,25/25/25 Hz,1.0,700,19,0.25,18,0.02891854252946795,0.04696955128122467,0.04714156369629393,0.40611076287350634
1.184221499248855,1.0,,20.0,transition,60,1.0,,25.0,,10.0,0.04177881201663741,,25.0,0.07738926552280413,0.010000000000005116,modelica,0,after_return,0.08040121539961109,1.0,1.0,25/25/25 Hz,1.0,2000,19,0.25,40,0.05006881987783777,0.04787067614575907,0.06869415043665023,0.5582947319696381
0.3165819170949718,1.0,1.0,,transition,60,1.0,1.0,,0.8023404255319149,,0.04875335216647812,1.0,,0.10906999088453566,0.010000000000005116,px4,,flight,0.8204740178732493,1.0,,25/25/25 Hz,1.0,4700,19,0.25,13,0.03564036415965585,0.013066481590662041,0.8190242515686603,0.2944564664197738
0.3252901461990633,1.0,1.0,,transition,40,1.0,1.0,,0.46,,0.0442539987087188,1.0,,0.054706022028511596,0.010000000000005116,px4,,outage_window,0.8242736981013717,1.0,,25/25/25 Hz,1.0,1500,19,0.25,25,0.042103921633486356,0.009913330184958687,0.8230848759271427,0.3033966251132599
0.29070426870481253,1.0,1.0,,transition,25,1.0,1.0,,1.0,,0.04154112866192332,1.0,,0.05915166069249174,0.010000000000001563,px4,,before_outage,0.8106997405675055,1.0,,25/25/25 Hz,1.0,700,19,0.25,18,0.035942758188295294,0.013139481572422295,0.8096347349179841,0.254413582807027
0.2637715232995913,1.0,1.0,,transition,60,1.0,1.0,,0.9405,,0.05407230241427682,1.0,,0.10906999088453566,0.010000000000005116,px4,,after_return,0.8225318548654399,1.0,,25/25/25 Hz,1.0,2000,19,0.25,40,0.03564036415965585,0.013442239620586188,0.8207526048572736,0.2462709799413713
0.25968222295711674,1.0,,,transition,60,1.0,,,0.4238297872340426,,0.09231570725174147,,,0.3287143270914057,0.010000000000005116,ekf3,,flight,0.10801596052497554,1.0,,25/25/25 Hz,1.0,4700,19,0.25,13,0.037908287012449804,0.024545479456634052,0.05608259910831381,0.2426301103502618
0.20073952761532077,1.0,,,transition,40,1.0,,,0.0,,0.13320758361764518,,,0.1644383413772501,0.010000000000005116,ekf3,,outage_window,0.14129387361070755,1.0,,25/25/25 Hz,1.0,1500,19,0.25,25,0.1150276582758582,0.026081461023239976,0.047113675155592206,0.1834933036322336
0.37912909094990505,1.0,,,transition,25,1.0,,,0.0,,0.05630174185618247,,,0.08601039242171776,0.010000000000001563,ekf3,,before_outage,0.07490583112175052,1.0,,25/25/25 Hz,1.0,700,19,0.25,18,0.08331623012616787,0.01828080550177944,0.04940645099579608,0.36279383639221635
0.13051440533241887,1.0,,,transition,60,1.0,,,0.996,,0.07015447082371477,,,0.3287143270914057,0.010000000000005116,ekf3,,after_return,0.08555489776485885,1.0,,25/25/25 Hz,1.0,2000,19,0.25,40,0.037908287012449804,0.017495728940502137,0.04896928379096431,0.09610358567478937
1.3427615591609658,1.0,,19.93617021276596,gps,60,1.0,,25.0,,10.0,0.029897500599127626,,25.0,0.056733247417277456,0.010000000000005116,modelica,0,flight,0.06012083300733744,1.0,1.0,25/25/25 Hz,1.0,4700,41,0.25,13,0.012584933107783587,0.04717730636865872,0.05215988898973347,0.5361341988706978
1.325508255348995,1.0,,19.933333333333334,gps,40,1.0,,25.0,,10.0,0.02985591087329124,,25.0,0.056733247417277456,0.010000000000005116,modelica,0,outage_window,0.061862127566481497,1.0,1.0,25/25/25 Hz,1.0,1500,41,0.25,25,0.02273255437023863,0.04703668962383157,0.05418069225266248,0.4872286394644593
1.003094443524502,1.0,,20.0,gps,25,1.0,,25.0,,10.0,0.03523219700242291,,25.0,0.05391580136343505,0.010000000000001563,modelica,0,before_outage,0.053295258234143154,1.0,1.0,25/25/25 Hz,1.0,700,41,0.25,18,0.014319349099019205,0.042786413954755576,0.039988458892866396,0.3599873979292149
1.4729615951037116,1.0,,19.95,gps,60,1.0,,25.0,,10.0,0.028709676352184802,,25.0,0.04962690273650232,0.010000000000005116,modelica,0,after_return,0.06513972450111863,1.0,1.0,25/25/25 Hz,1.0,2000,41,0.25,40,0.012584933107783587,0.047389331173604096,0.05847168709584526,0.4924286243176691
0.33784081605297833,1.0,1.0,,gps,60,1.0,1.0,,1.0,,0.04940202350890884,1.0,,0.11576466362077655,0.010000000000005116,px4,,flight,0.6693225355944672,1.0,,25/25/25 Hz,1.0,4700,41,0.25,13,0.033406374824519455,0.017656500646185045,0.6674968889274555,0.32230039714789477
0.20152709996163665,1.0,1.0,,gps,40,1.0,1.0,,1.0,,0.05107244589668724,1.0,,0.11576466362077655,0.010000000000005116,px4,,outage_window,0.6957944797830296,1.0,,25/25/25 Hz,1.0,1500,41,0.25,25,0.05795959606269846,0.017148533546291582,0.6939175479598904,0.17556906009429113
0.24322012309936394,1.0,1.0,,gps,25,1.0,1.0,,1.0,,0.04279203048601069,1.0,,0.07044540044324796,0.010000000000001563,px4,,before_outage,0.646861127016104,1.0,,25/25/25 Hz,1.0,700,41,0.25,18,0.011677638666967458,0.012938332031876339,0.6454441569736522,0.2214089237823912
0.2525074908756861,1.0,1.0,,gps,60,1.0,1.0,,1.0,,0.05184181333804068,1.0,,0.10040838666165164,0.010000000000005116,px4,,after_return,0.665432933014422,1.0,,25/25/25 Hz,1.0,2000,41,0.25,40,0.033406374824519455,0.018584004397629975,0.663410442132169,0.23504571522198064
0.3173596422226307,1.0,,,gps,60,1.0,,,0.5578723404255319,,0.0726717855080497,,,0.26501084934804237,0.010000000000005116,ekf3,,flight,0.08554639897206713,1.0,,25/25/25 Hz,1.0,4700,41,0.25,13,0.01603221854394067,0.024058518603078904,0.045133113876178604,0.2905004425592169
0.31731117525823044,1.0,,,gps,40,1.0,,,0.4146666666666667,,0.08989170948736476,,,0.26501084934804237,0.010000000000005116,ekf3,,outage_window,0.10947268055498648,1.0,,25/25/25 Hz,1.0,1500,41,0.25,25,0.0387782798137411,0.03051757066687445,0.062479983621423374,0.2917540316236446
0.5049119947007471,1.0,,,gps,25,1.0,,,0.0,,0.09220236357213342,,,0.11453702392995595,0.010000000000001563,ekf3,,before_outage,0.09524782242581352,1.0,,25/25/25 Hz,1.0,700,41,0.25,18,0.07734437726903316,0.016376681043402525,0.023892924236506262,0.48014750059171946
0.13404038581296474,1.0,,,gps,60,1.0,,,1.0,,0.05140816256416654,,,0.1011405518822843,0.010000000000005116,ekf3,,after_return,0.0630720481530747,1.0,,25/25/25 Hz,1.0,2000,41,0.25,40,0.01603221854394067,0.019136096759071977,0.03654153910277999,0.07926236232822881
1.786416129565597,1.0,,24.851063829787233,denied,60,1.0,,25.0,,0.0,0.41969554690941235,,25.0,0.5098381036875119,0.010000000000005116,modelica,0,flight,0.4237193583404759,1.0,1.0,25/25/25 Hz,1.0,4700,41,0.25,13,0.5092619565432436,0.05990500301991042,0.05825583693394049,0.7658368690714082
1.5281539229413912,1.0,,24.933333333333334,denied,40,1.0,,25.0,,0.0,0.3742718909495484,,25.0,0.42532438393640515,0.010000000000005116,modelica,0,outage_window,0.379303807502954,1.0,1.0,25/25/25 Hz,1.0,1500,41,0.25,25,0.3812588632555719,0.061046792996950566,0.06157864915120639,0.5210429233278785
1.3377817534391896,1.0,,24.857142857142858,denied,25,1.0,,25.0,,0.0,0.4544990097516165,,25.0,0.49277627641149346,0.010000000000001563,modelica,0,before_outage,0.45649525994218054,1.0,1.0,25/25/25 Hz,1.0,700,41,0.25,18,0.4149169651898743,0.06053734119914189,0.042644723993467526,0.8054722876435898
2.193782325630949,1.0,,24.9,denied,60,1.0,,25.0,,0.0,0.42130044605659783,,25.0,0.5098381036875119,0.010000000000005116,modelica,0,after_return,0.4261907287082394,1.0,1.0,25/25/25 Hz,1.0,2000,41,0.25,40,0.5092619565432436,0.05599740245858768,0.06437756899240421,0.9212453063580133
0.43924442627212346,1.0,1.0,,denied,60,1.0,1.0,,0.0,,0.07964802721635128,1.0,,0.16691051212559038,0.010000000000005116,px4,,flight,0.5298181878862475,1.0,,25/25/25 Hz,1.0,4700,41,0.25,13,0.16691051212559038,0.012096309421081839,0.5237971973728098,0.4293665767505968
0.2990669614741456,1.0,1.0,,denied,40,1.0,1.0,,0.0,,0.0464469249728962,1.0,,0.07411188746761178,0.010000000000005116,px4,,outage_window,0.5381012700407218,1.0,,25/25/25 Hz,1.0,1500,41,0.25,25,0.06282116498057298,0.010177479579765548,0.5360929583383837,0.2846262758432261
0.6620068884244094,1.0,1.0,,denied,25,1.0,1.0,,0.0,,0.05969400854933662,1.0,,0.08821856796047385,0.010000000000001563,px4,,before_outage,0.5052495228522265,1.0,,25/25/25 Hz,1.0,700,41,0.25,18,0.03619507098871676,0.009765595877180133,0.5017107789211971,0.6541449687842876
0.21078263834407235,1.0,1.0,,denied,60,1.0,1.0,,0.0,,0.10773823633061014,1.0,,0.16691051212559038,0.010000000000005116,px4,,after_return,0.5394732600394856,1.0,,25/25/25 Hz,1.0,2000,41,0.25,40,0.16691051212559038,0.011153167212848522,0.5286055908993017,0.1996438045358442
0.3321330455797538,1.0,,,denied,60,1.0,,,0.0,,0.0812522857609022,,,0.12765239342938417,0.010000000000005116,ekf3,,flight,0.09331309431817994,1.0,,25/25/25 Hz,1.0,4700,41,0.25,13,0.06654288072277653,0.02250927307709264,0.04588463391879937,0.305857800087022
0.3224062462223238,1.0,,,denied,40,1.0,,,0.0,,0.08458365574498611,,,0.12762056782373768,0.010000000000005116,ekf3,,outage_window,0.10637955088198571,1.0,,25/25/25 Hz,1.0,1500,41,0.25,25,0.0377165024768257,0.024564756773227208,0.06451522321643681,0.2939434629770239
0.5049119947007471,1.0,,,denied,25,1.0,,,0.0,,0.09220236357213342,,,0.11453702392995595,0.010000000000001563,ekf3,,before_outage,0.09524782242581352,1.0,,25/25/25 Hz,1.0,700,41,0.25,18,0.07734437726903316,0.016376681043402525,0.023892924236506262,0.48014750059171946
0.19511799456274231,1.0,,,denied,60,1.0,,,0.0,,0.08025674202829591,,,0.12765239342938417,0.010000000000005116,ekf3,,after_return,0.087996155433044,1.0,,25/25/25 Hz,1.0,2000,41,0.25,40,0.06654288072277653,0.021037364767976106,0.036085713655129505,0.1638389684828654
1.4678825161729023,1.0,,21.53191489361702,transition,60,1.0,,25.0,,6.808510638297872,0.03857254487288796,,25.0,0.12893024601567465,0.010000000000005116,modelica,0,flight,0.06717603517550959,1.0,1.0,25/25/25 Hz,1.0,4700,41,0.25,13,0.011829751259260324,0.05225775039062839,0.05499798618068072,0.6547765526385739
1.452223732820203,1.0,,24.933333333333334,transition,40,1.0,,25.0,,0.0,0.036120523064693696,,25.0,0.08137129699840652,0.010000000000005116,modelica,0,outage_window,0.07212579964745193,1.0,1.0,25/25/25 Hz,1.0,1500,41,0.25,25,0.08137129699840652,0.06136976726812822,0.06242947051126821,0.7194672010606273
1.003094443524502,1.0,,20.0,transition,25,1.0,,25.0,,10.0,0.03523219700242291,,25.0,0.05391580136343505,0.010000000000001563,modelica,0,before_outage,0.053295258234143154,1.0,1.0,25/25/25 Hz,1.0,700,41,0.25,18,0.014319349099019205,0.042786413954755576,0.039988458892866396,0.3599873979292149
1.6528929953599358,1.0,,19.95,transition,60,1.0,,25.0,,10.0,0.043704834118301,,25.0,0.12893024601567465,0.010000000000005116,modelica,0,after_return,0.07295426428409905,1.0,1.0,25/25/25 Hz,1.0,2000,41,0.25,40,0.011829751259260324,0.04761889907919078,0.05841414342371173,0.6036076862043918
0.3185732885232848,1.0,1.0,,transition,60,1.0,1.0,,0.8023404255319149,,0.04171190788172414,1.0,,0.09793659527234638,0.010000000000005116,px4,,flight,0.6387516920490122,1.0,,25/25/25 Hz,1.0,4700,41,0.25,13,0.030335512913222375,0.016994514158431232,0.6373882967519428,0.30449693174896675
0.23281956481331664,1.0,1.0,,transition,40,1.0,1.0,,0.46,,0.033139555207922985,1.0,,0.05551238415852224,0.010000000000005116,px4,,outage_window,0.6850116914034234,1.0,,25/25/25 Hz,1.0,1500,41,0.25,25,0.02674611783715865,0.014314155131368666,0.6842096076788166,0.21478293712080404
0.24322012309936394,1.0,1.0,,transition,25,1.0,1.0,,1.0,,0.04279203048601069,1.0,,0.07044540044324796,0.010000000000001563,px4,,before_outage,0.646861127016104,1.0,,25/25/25 Hz,1.0,700,41,0.25,18,0.011677638666967458,0.012938332031876339,0.6454441569736522,0.2214089237823912
0.1544170621733991,1.0,1.0,,transition,60,1.0,1.0,,0.9405,,0.046621957263583466,1.0,,0.09793659527234638,0.010000000000005116,px4,,after_return,0.5999947519596213,1.0,,25/25/25 Hz,1.0,2000,41,0.25,40,0.030335512913222375,0.01892993952097547,0.5981806545517834,0.1324463669679597
0.3221140494735516,1.0,,,transition,60,1.0,,,0.4238297872340426,,0.07645938890813109,,,0.2336615434031655,0.010000000000005116,ekf3,,flight,0.08926184024890067,1.0,,25/25/25 Hz,1.0,4700,41,0.25,13,0.016248007594726166,0.022247162973926593,0.04606124154227093,0.2954769171712545
0.3224062462223238,1.0,,,transition,40,1.0,,,0.0,,0.08458365574498611,,,0.12762056782373768,0.010000000000005116,ekf3,,outage_window,0.10637955088198571,1.0,,25/25/25 Hz,1.0,1500,41,0.25,25,0.0377165024768257,0.024564756773227208,0.06451522321643681,0.2939434629770239
0.5049119947007471,1.0,,,transition,25,1.0,,,0.0,,0.09220236357213342,,,0.11453702392995595,0.010000000000001563,ekf3,,before_outage,0.09524782242581352,1.0,,25/25/25 Hz,1.0,700,41,0.25,18,0.07734437726903316,0.016376681043402525,0.023892924236506262,0.48014750059171946
0.15055570039782107,1.0,,,transition,60,1.0,,,0.996,,0.06829926453817223,,,0.2336615434031655,0.010000000000005116,ekf3,,after_return,0.07749276334894266,1.0,,25/25/25 Hz,1.0,2000,41,0.25,40,0.016248007594726166,0.020371612560491893,0.036610638276326185,0.11033404803085596
1.257226914190915,1.0,,19.914893617021278,gps,60,1.0,,24.97872340425532,,10.0,0.03729867798045068,,25.0,0.084467528545127,0.010000000000005116,modelica,0,flight,0.063779417568583,1.0,1.0,25/25/25 Hz,1.0,4700,7,0.6,13,0.018388051199499794,0.04443279614446415,0.05173608727279556,0.3871091006312096
1.2563150084452492,1.0,,19.933333333333334,gps,40,1.0,,25.0,,10.0,0.026232827900329755,,25.0,0.04205463507890543,0.010000000000005116,modelica,0,outage_window,0.058921599872277935,1.0,1.0,25/25/25 Hz,1.0,1500,7,0.6,25,0.004089044855990507,0.04411783496883546,0.05275977323549167,0.32052530386490247
1.1435333077729917,1.0,,19.857142857142858,gps,25,1.0,,25.0,,10.0,0.03789066055974566,,25.0,0.05954658285454524,0.010000000000001563,modelica,0,before_outage,0.05765056813885134,1.0,1.0,25/25/25 Hz,1.0,700,7,0.6,18,0.025264420082605158,0.04361035802812011,0.04344980838943338,0.473857265778014
1.3193715618776563,1.0,,20.0,gps,60,1.0,,25.0,,10.0,0.043806996731849346,,25.0,0.084467528545127,0.010000000000005116,modelica,0,after_return,0.0720859123139645,1.0,1.0,25/25/25 Hz,1.0,2000,7,0.6,40,0.018388051199499794,0.043605165612125726,0.05724793263928679,0.2947761405530012
0.2229968314040753,1.0,1.0,,gps,60,1.0,1.0,,1.0,,0.049023500902146876,1.0,,0.11867598788730256,0.010000000000005116,px4,,flight,0.8726865156203996,1.0,,25/25/25 Hz,1.0,4700,7,0.6,13,0.03396553659792099,0.01780619526797453,0.871308470580294,0.2009210233693881
0.2307232208219626,1.0,1.0,,gps,40,1.0,1.0,,1.0,,0.03974657753052674,1.0,,0.07733098349194985,0.010000000000005116,px4,,outage_window,0.8846445760522831,1.0,,25/25/25 Hz,1.0,1500,7,0.6,25,0.008474791639461618,0.018350301978823137,0.8837512294267734,0.20707376981040732
0.18248580573729742,1.0,1.0,,gps,25,1.0,1.0,,1.0,,0.04073489320828732,1.0,,0.07162552832777616,0.010000000000001563,px4,,before_outage,0.8662837833175547,1.0,,25/25/25 Hz,1.0,700,7,0.6,18,0.03685384580337531,0.016022950851666648,0.8653255235541627,0.15611159575185127
0.1499383606740675,1.0,1.0,,gps,60,1.0,1.0,,1.0,,0.06123558757197147,1.0,,0.11867598788730256,0.010000000000005116,px4,,after_return,0.8706935785224814,1.0,,25/25/25 Hz,1.0,2000,7,0.6,40,0.03396553659792099,0.016702010337788835,0.8685375699962552,0.1318397848811423
0.5152572899036902,1.0,,,gps,60,1.0,,,0.5642553191489361,,0.11123010666302822,,,0.30732021087374456,0.010000000000005116,ekf3,,flight,0.13262886176627536,1.0,,25/25/25 Hz,1.0,4700,7,0.6,13,0.032114671483047516,0.052023867420403866,0.0722376518524041,0.4932525409464116
0.4457254868322436,1.0,,,gps,40,1.0,,,0.43466666666666665,,0.11633503205559872,,,0.30732021087374456,0.010000000000005116,ekf3,,outage_window,0.12437793460542153,1.0,,25/25/25 Hz,1.0,1500,7,0.6,25,0.020998105683299385,0.05802742639689615,0.044000351513747406,0.4123523018793712
0.28225156998850154,1.0,,,gps,25,1.0,,,0.0,,0.18509204638796448,,,0.2476706709061506,0.010000000000001563,ekf3,,before_outage,0.21171768329971558,1.0,,25/25/25 Hz,1.0,700,7,0.6,18,0.18828566472785138,0.06765615936745698,0.10278770250236302,0.2323238057022038
0.6275978525435278,1.0,,,gps,60,1.0,,,1.0,,0.059539377133061316,,,0.1151097585751165,0.010000000000005116,ekf3,,after_return,0.09364461358985313,1.0,,25/25/25 Hz,1.0,2000,7,0.6,40,0.032114671483047516,0.02454447107074611,0.07227984660332366,0.6142098760021829
1.9693494524769524,1.0,,24.893617021276597,denied,60,1.0,,24.97872340425532,,0.0,0.37685635946659296,,25.0,0.5407832767789289,0.010000000000005116,modelica,0,flight,0.38164705411516475,1.0,1.0,25/25/25 Hz,1.0,4700,7,0.6,13,0.3977595746824305,0.06853721662855393,0.06028066227547246,0.9536994227264869
1.8698877615995018,1.0,,24.933333333333334,denied,40,1.0,,25.0,,0.0,0.3876598586775893,,25.0,0.4518699433284716,0.010000000000005116,modelica,0,outage_window,0.3921610316815361,1.0,1.0,25/25/25 Hz,1.0,1500,7,0.6,25,0.4247296923451736,0.06715668490925485,0.059246170674553345,0.8524836153479776
1.322838924158243,1.0,,24.714285714285715,denied,25,1.0,,25.0,,0.0,0.3728960274212336,,25.0,0.39277522192872527,0.010000000000001563,modelica,0,before_outage,0.3762089393765599,1.0,1.0,25/25/25 Hz,1.0,700,7,0.6,18,0.38271448872542574,0.05536209317942164,0.049816852573187374,0.27705011004597013
2.358290322723073,1.0,,25.0,denied,60,1.0,,25.0,,0.0,0.3855893839903701,,25.0,0.5407832767789289,0.010000000000005116,modelica,0,after_return,0.3915372476336405,1.0,1.0,25/25/25 Hz,1.0,2000,7,0.6,40,0.3977595746824305,0.07545872102968643,0.06798708140855601,1.2336629121432727
0.3640142046314653,1.0,1.0,,denied,60,1.0,1.0,,0.0,,0.11038526614618861,1.0,,0.16692109547239659,0.010000000000005116,px4,,flight,0.6365449078895383,1.0,,25/25/25 Hz,1.0,4700,7,0.6,13,0.13543647364654796,0.018333224733311778,0.6269007200330335,0.34564760394807575
0.2762400774867597,1.0,1.0,,denied,40,1.0,1.0,,0.0,,0.09735352687525098,1.0,,0.123916373371969,0.010000000000005116,px4,,outage_window,0.6275131010013922,1.0,,25/25/25 Hz,1.0,1500,7,0.6,25,0.10627840122009868,0.014933224645086314,0.6199153028707497,0.25171919923797476
0.43289170747245415,1.0,1.0,,denied,25,1.0,1.0,,0.0,,0.0628552350397074,1.0,,0.09426717914305588,0.010000000000001563,px4,,before_outage,0.6199771167209408,1.0,,25/25/25 Hz,1.0,700,7,0.6,18,0.09426717914305588,0.02604371704009292,0.6167826559540356,0.4149965649716857
0.14659180410547237,1.0,1.0,,denied,60,1.0,1.0,,0.0,,0.13954012952390268,1.0,,0.16692109547239659,0.010000000000005116,px4,,after_return,0.6511808741797839,1.0,,25/25/25 Hz,1.0,2000,7,0.6,40,0.13543647364654796,0.011787429436278607,0.6360543083338089,0.12112639461806397
0.30071004138547974,1.0,,,denied,60,1.0,,,0.0,,0.18131339128621463,,,0.30664499585921096,0.010000000000005116,ekf3,,flight,0.19368814106143883,1.0,,25/25/25 Hz,1.0,4700,7,0.6,13,0.11000767430229298,0.06618017393816729,0.06812158342352198,0.25518926750868404
0.33036946812031015,1.0,,,denied,40,1.0,,,0.0,,0.15914783636124719,,,0.2718920128710437,0.010000000000005116,ekf3,,outage_window,0.165202276210508,1.0,,25/25/25 Hz,1.0,1500,7,0.6,25,0.01712716187688467,0.06907482415295893,0.04431431198457973,0.2695471711398346
0.28225156998850154,1.0,,,denied,25,1.0,,,0.0,,0.18509204638796448,,,0.2476706709061506,0.010000000000001563,ekf3,,before_outage,0.21171768329971558,1.0,,25/25/25 Hz,1.0,700,7,0.6,18,0.18828566472785138,0.06765615936745698,0.10278770250236302,0.2323238057022038
0.22276703071995466,1.0,,,denied,60,1.0,,,0.0,,0.20707475346347387,,,0.30664499585921096,0.010000000000005116,ekf3,,after_return,0.2161616824322907,1.0,,25/25/25 Hz,1.0,2000,7,0.6,40,0.11000767430229298,0.059005516086343086,0.06201547734235382,0.17768803593377522
1.3199460629548805,1.0,,21.51063829787234,transition,60,1.0,,24.97872340425532,,6.808510638297872,0.04885586254359784,,25.0,0.1111243702358704,0.010000000000005116,modelica,0,flight,0.07269218441722197,1.0,1.0,25/25/25 Hz,1.0,4700,7,0.6,13,0.018199588989495634,0.05006116535323007,0.05382618666103406,0.4649653279120325
1.3625958186034361,1.0,,24.933333333333334,transition,40,1.0,,25.0,,0.0,0.046772999278256316,,25.0,0.08440487538506412,0.010000000000005116,modelica,0,outage_window,0.07536435198450181,1.0,1.0,25/25/25 Hz,1.0,1500,7,0.6,25,0.027670747723339734,0.059658590663070846,0.05909375676465421,0.5395250837921779
1.1435333077729917,1.0,,19.857142857142858,transition,25,1.0,,25.0,,10.0,0.03789066055974566,,25.0,0.05954658285454524,0.010000000000001563,modelica,0,before_outage,0.05765056813885134,1.0,1.0,25/25/25 Hz,1.0,700,7,0.6,18,0.025264420082605158,0.04361035802812011,0.04344980838943338,0.473857265778014
1.3826915306846228,1.0,,20.0,transition,60,1.0,,25.0,,10.0,0.05598475718347954,,25.0,0.1111243702358704,0.010000000000005116,modelica,0,after_return,0.07999221074355088,1.0,1.0,25/25/25 Hz,1.0,2000,7,0.6,40,0.018199588989495634,0.044064471319417,0.057135459591636205,0.3186333232551879
0.2770490621018599,1.0,1.0,,transition,60,1.0,1.0,,0.8023404255319149,,0.05390863336789144,1.0,,0.12136515441504243,0.010000000000005116,px4,,flight,0.8201992847895753,1.0,,25/25/25 Hz,1.0,4700,7,0.6,13,0.03149702038212935,0.018843288159836484,0.8184257608468449,0.2546363071896154
0.3113336791025986,1.0,1.0,,transition,40,1.0,1.0,,0.46,,0.05623628623427988,1.0,,0.08577565701004672,0.010000000000005116,px4,,outage_window,0.875875935603567,1.0,,25/25/25 Hz,1.0,1500,7,0.6,25,0.050832478803027756,0.016373329067818555,0.8740687242316819,0.29216943999140577
0.18248580573729742,1.0,1.0,,transition,25,1.0,1.0,,1.0,,0.04073489320828732,1.0,,0.07162552832777616,0.010000000000001563,px4,,before_outage,0.8662837833175547,1.0,,25/25/25 Hz,1.0,700,7,0.6,18,0.03685384580337531,0.016022950851666648,0.8653255235541627,0.15611159575185127
0.2307100371736549,1.0,1.0,,transition,60,1.0,1.0,,0.9405,,0.06119164401985813,1.0,,0.12136515441504243,0.010000000000005116,px4,,after_return,0.7489167843845222,1.0,,25/25/25 Hz,1.0,2000,7,0.6,40,0.03149702038212935,0.020488139663163193,0.7464127093203867,0.2074236529635854
0.5395451944056794,1.0,,,transition,60,1.0,,,0.4238297872340426,,0.13133781379001694,,,0.3033346472966469,0.010000000000005116,ekf3,,flight,0.15031235742051144,1.0,,25/25/25 Hz,1.0,4700,7,0.6,13,0.03154752337378082,0.05674322570426554,0.07310392234463496,0.5130460306526484
0.33036946812031015,1.0,,,transition,40,1.0,,,0.0,,0.15914793233451763,,,0.2718920128710437,0.010000000000005116,ekf3,,outage_window,0.16520236866648996,1.0,,25/25/25 Hz,1.0,1500,7,0.6,25,0.01712716187688467,0.06907482415295893,0.04431431198457973,0.2695471711398346
0.28225156998850154,1.0,,,transition,25,1.0,,,0.0,,0.18509204638796448,,,0.2476706709061506,0.010000000000001563,ekf3,,before_outage,0.21171768329971558,1.0,,25/25/25 Hz,1.0,700,7,0.6,18,0.18828566472785138,0.06765615936745698,0.10278770250236302,0.2323238057022038
0.7219619078205359,1.0,,,transition,60,1.0,,,0.996,,0.07849431806769253,,,0.3033346472966469,0.010000000000005116,ekf3,,after_return,0.10798525702109561,1.0,,25/25/25 Hz,1.0,2000,7,0.6,40,0.03154752337378082,0.027488175541270154,0.07415832903322457,0.7050500027008926
0.928688465673677,1.0,,19.97872340425532,gps,60,1.0,,25.0,,10.0,0.04082377313667279,,25.0,0.078838764500577,0.010000000000005116,modelica,0,flight,0.07383287258154679,1.0,1.0,25/25/25 Hz,1.0,4700,19,0.6,13,0.056535991303970905,0.04718195598511972,0.06152001804720475,0.39918420692480144
0.9118318358675046,1.0,,19.933333333333334,gps,40,1.0,,25.0,,10.0,0.03974919407176625,,25.0,0.06529330219568294,0.010000000000005116,modelica,0,outage_window,0.07383041024295761,1.0,1.0,25/25/25 Hz,1.0,1500,19,0.6,25,0.03292461367228328,0.04574510083743874,0.06221680679115961,0.369836778981392
0.6030127313876085,1.0,,20.0,gps,25,1.0,,25.0,,10.0,0.027980123199712194,,25.0,0.054620604719692836,0.010000000000001563,modelica,0,before_outage,0.05483645160157303,1.0,1.0,25/25/25 Hz,1.0,700,19,0.6,18,0.04134839061471888,0.04712398881704302,0.04716088559368441,0.3412479891439233
1.0562441728233445,1.0,,20.0,gps,60,1.0,,25.0,,10.0,0.047562683897854965,,25.0,0.078838764500577,0.010000000000005116,modelica,0,after_return,0.08362823543701206,1.0,1.0,25/25/25 Hz,1.0,2000,19,0.6,40,0.056535991303970905,0.04820229878478122,0.06878570245873084,0.3500844418966798
0.3158153870197839,1.0,1.0,,gps,60,1.0,1.0,,1.0,,0.0482108049729497,1.0,,0.09783065997408553,0.010000000000005116,px4,,flight,0.8157530176022509,1.0,,25/25/25 Hz,1.0,4700,19,0.6,13,0.0313001538005854,0.019160503609631997,0.814327148025312,0.29859517293087956
0.302588421233853,1.0,1.0,,gps,40,1.0,1.0,,1.0,,0.04761729022849849,1.0,,0.0902607788409409,0.010000000000005116,px4,,outage_window,0.8098467097144816,1.0,,25/25/25 Hz,1.0,1500,19,0.6,25,0.032932649797249997,0.020149107052036604,0.8084455992252457,0.28389874011388405
0.4475262559368666,1.0,1.0,,gps,25,1.0,1.0,,1.0,,0.04844596743125364,1.0,,0.07165533276174033,0.010000000000001563,px4,,before_outage,0.8026600238690681,1.0,,25/25/25 Hz,1.0,700,19,0.6,18,0.023462656856992337,0.024265877570282868,0.8011966688380219,0.427489420513122
0.14351187514598898,1.0,1.0,,gps,60,1.0,1.0,,1.0,,0.045468593335687306,1.0,,0.08991125593708099,0.010000000000005116,px4,,after_return,0.826959043405371,1.0,,25/25/25 Hz,1.0,2000,19,0.6,40,0.0313001538005854,0.014887023644097691,0.8257081000511016,0.1240073536909753
0.5564950837616629,1.0,,,gps,60,1.0,,,0.5642553191489361,,0.10613208645540617,,,0.23090707954032783,0.010000000000005116,ekf3,,flight,0.12671609329602848,1.0,,25/25/25 Hz,1.0,4700,19,0.6,13,0.051019093217555433,0.05215611132921093,0.06923112396047013,0.5431802806229563
0.5118838396343443,1.0,,,gps,40,1.0,,,0.43466666666666665,,0.10444553702149725,,,0.22383839440125483,0.010000000000005116,ekf3,,outage_window,0.11330591418975278,1.0,,25/25/25 Hz,1.0,1500,19,0.6,25,0.02010151699178469,0.0593947962514072,0.043924480493987256,0.4898992531029325
0.2666194644595842,1.0,,,gps,25,1.0,,,0.0,,0.19408235782989694,,,0.23090707954032783,0.010000000000001563,ekf3,,before_outage,0.20500267006821613,1.0,,25/25/25 Hz,1.0,700,19,0.6,18,0.18062873703645507,0.06609803062437633,0.06601615797882905,0.24633921407973725
0.6783629110598054,1.0,,,gps,60,1.0,,,1.0,,0.05017826476114097,,,0.10064844834562026,0.010000000000005116,ekf3,,after_return,0.09011053431446937,1.0,,25/25/25 Hz,1.0,2000,19,0.6,40,0.051019093217555433,0.027529598697420943,0.07484684455606663,0.6697561248696473
1.8114289735631168,1.0,,25.0,denied,60,1.0,,25.0,,0.0,0.35621870410758655,,25.0,0.49251881442760914,0.010000000000005116,modelica,0,flight,0.3621372750682781,1.0,1.0,25/25/25 Hz,1.0,4700,19,0.6,13,0.41067047598418194,0.06703520553239563,0.06520460748896083,0.7719292142997638
1.6701396968905418,1.0,,25.0,denied,40,1.0,,25.0,,0.0,0.33573836925201384,,25.0,0.3924872954821746,0.010000000000005116,modelica,0,outage_window,0.3418458111125838,1.0,1.0,25/25/25 Hz,1.0,1500,19,0.6,25,0.23768782023301926,0.06351375440932198,0.06432966646282812,0.5277462286930292
1.469629614049224,1.0,,25.0,denied,25,1.0,,25.0,,0.0,0.42152423395267574,,25.0,0.49251881442760914,0.010000000000001563,modelica,0,before_outage,0.4238172773432661,1.0,1.0,25/25/25 Hz,1.0,700,19,0.6,18,0.3140035914721609,0.06253129392990385,0.044027318397431695,0.8743491438190002
2.1265537293506904,1.0,,25.0,denied,60,1.0,,25.0,,0.0,0.33623027509519016,,25.0,0.4373475755089849,0.010000000000005116,modelica,0,after_return,0.3444154305333472,1.0,1.0,25/25/25 Hz,1.0,2000,19,0.6,40,0.41067047598418194,0.0695456724342764,0.07464041062912037,0.9243415243320355
0.29749685340606324,1.0,1.0,,denied,60,1.0,1.0,,0.0,,0.09587194695320474,1.0,,0.15881553273107496,0.010000000000005116,px4,,flight,0.6849539440900175,1.0,,25/25/25 Hz,1.0,4700,19,0.6,13,0.15316022370316087,0.01665814802668897,0.6782112320743979,0.28103454526627486
0.11808694855931175,1.0,1.0,,denied,40,1.0,1.0,,0.0,,0.06641191214599781,1.0,,0.08897614784854982,0.010000000000005116,px4,,outage_window,0.6843498647681762,1.0,,25/25/25 Hz,1.0,1500,19,0.6,25,0.08429254367406569,0.011173927285990145,0.68111980982301,0.04338093715047737
0.41464792484889174,1.0,1.0,,denied,25,1.0,1.0,,0.0,,0.0540830109324351,1.0,,0.08285476307833546,0.010000000000001563,px4,,before_outage,0.6560862106461995,1.0,,25/25/25 Hz,1.0,700,19,0.6,18,0.04847649452787375,0.01863802688126274,0.6538533044411196,0.39941723964491016
0.15516340067517065,1.0,1.0,,denied,60,1.0,1.0,,0.0,,0.12974235160191674,1.0,,0.15881553273107496,0.010000000000005116,px4,,after_return,0.7014029513262654,1.0,,25/25/25 Hz,1.0,2000,19,0.6,40,0.15316022370316087,0.01567911007670591,0.6892989353901543,0.1355669147258947
0.2509838393762435,1.0,,,denied,60,1.0,,,0.0,,0.18806891708291834,,,0.32168047400851907,0.010000000000005116,ekf3,,flight,0.1990114288435153,1.0,,25/25/25 Hz,1.0,4700,19,0.6,13,0.11966962289059703,0.06625817427172209,0.06508172737102125,0.2151298432624384
0.2834333667345966,1.0,,,denied,40,1.0,,,0.0,,0.15375203676620894,,,0.22986745556273344,0.010000000000005116,ekf3,,outage_window,0.15947454173971154,1.0,,25/25/25 Hz,1.0,1500,19,0.6,25,0.042639335313147675,0.07005001528883086,0.042337225385390254,0.22643498144095658
0.2666194644595842,1.0,,,denied,25,1.0,,,0.0,,0.19408235782989694,,,0.23090707954032783,0.010000000000001563,ekf3,,before_outage,0.20500267006821613,1.0,,25/25/25 Hz,1.0,700,19,0.6,18,0.18062873703645507,0.06609803062437633,0.06601615797882905,0.24633921407973725
0.1292808572953868,1.0,,,denied,60,1.0,,,0.0,,0.22275233808808284,,,0.32168047400851907,0.010000000000005116,ekf3,,after_return,0.232408365036002,1.0,,25/25/25 Hz,1.0,2000,19,0.6,40,0.11966962289059703,0.06039588649107812,0.06629512813925319,0.07432563830157282
0.8751405136832643,1.0,,21.595744680851062,transition,60,1.0,,25.0,,6.808510638297872,0.0405161868400083,,25.0,0.13627648071846238,0.010000000000005116,modelica,0,flight,0.07414573289904863,1.0,1.0,25/25/25 Hz,1.0,4700,19,0.6,13,0.05646435576933391,0.05071084769042881,0.0620969267442649,0.37208960201509045
0.8398460992643042,1.0,,25.0,transition,40,1.0,,25.0,,0.0,0.03715458812076724,,25.0,0.06336516366146736,0.010000000000005116,modelica,0,outage_window,0.07409331816587998,1.0,1.0,25/25/25 Hz,1.0,1500,19,0.6,25,0.04793229467733538,0.05605701131046847,0.064104261780372,0.2541709327738141
0.6030127313876085,1.0,,20.0,transition,25,1.0,,25.0,,10.0,0.027980123199712194,,25.0,0.054620604719692836,0.010000000000001563,modelica,0,before_outage,0.05483645160157303,1.0,1.0,25/25/25 Hz,1.0,700,19,0.6,18,0.04134839061471888,0.04712398881704302,0.04716088559368441,0.3412479891439233
0.9915815426057125,1.0,,20.0,transition,60,1.0,,25.0,,10.0,0.04850840518584824,,25.0,0.13627648071846238,0.010000000000005116,modelica,0,after_return,0.08410297920335148,1.0,1.0,25/25/25 Hz,1.0,2000,19,0.6,40,0.05646435576933391,0.048455605456197,0.06870404454764613,0.3571870763574102
0.322572991657131,1.0,1.0,,transition,60,1.0,1.0,,0.8023404255319149,,0.05271930549511524,1.0,,0.12251751755461927,0.010000000000005116,px4,,flight,0.8125287830161676,1.0,,25/25/25 Hz,1.0,4700,19,0.6,13,0.032000484781713356,0.018281265787424984,0.810816685853126,0.3025792452200638
0.29624354936069536,1.0,1.0,,transition,40,1.0,1.0,,0.46,,0.050548687796265826,1.0,,0.08055620905334795,0.010000000000005116,px4,,outage_window,0.8136540786504982,1.0,,25/25/25 Hz,1.0,1500,19,0.6,25,0.046771762846532894,0.015857540644952157,0.8120823787440943,0.2742062175674122
0.4475262559368666,1.0,1.0,,transition,25,1.0,1.0,,1.0,,0.04844596743125364,1.0,,0.07165533276174033,0.010000000000001563,px4,,before_outage,0.8026600238690681,1.0,,25/25/25 Hz,1.0,700,19,0.6,18,0.023462656856992337,0.024265877570282868,0.8011966688380219,0.427489420513122
0.1832570234216421,1.0,1.0,,transition,60,1.0,1.0,,0.9405,,0.054045559197941996,1.0,,0.12251751755461927,0.010000000000005116,px4,,after_return,0.8166320455070437,1.0,,25/25/25 Hz,1.0,2000,19,0.6,40,0.032000484781713356,0.01612931016048231,0.8148416872497382,0.15831438637537718
0.44635391016646964,1.0,,,transition,60,1.0,,,0.4238297872340426,,0.12612261534521113,,,0.26961216070713323,0.010000000000005116,ekf3,,flight,0.14375226436242594,1.0,,25/25/25 Hz,1.0,4700,19,0.6,13,0.050915752234435674,0.05616570380788619,0.06897680340381615,0.4251826938662688
0.2834333667345966,1.0,,,transition,40,1.0,,,0.0,,0.15375203676620894,,,0.22986745556273344,0.010000000000005116,ekf3,,outage_window,0.15947454173971154,1.0,,25/25/25 Hz,1.0,1500,19,0.6,25,0.042639335313147675,0.07005001528883086,0.042337225385390254,0.22643498144095658
0.2666194644595842,1.0,,,transition,25,1.0,,,0.0,,0.19408235782989694,,,0.23090707954032783,0.010000000000001563,ekf3,,before_outage,0.20500267006821613,1.0,,25/25/25 Hz,1.0,700,19,0.6,18,0.18062873703645507,0.06609803062437633,0.06601615797882905,0.24633921407973725
0.5804093512093371,1.0,,,transition,60,1.0,,,0.996,,0.06229402833600967,,,0.26961216070713323,0.010000000000005116,ekf3,,after_return,0.09748171716443846,1.0,,25/25/25 Hz,1.0,2000,19,0.6,40,0.050915752234435674,0.027278170340300764,0.07498092567446736,0.5670961679529211
1.2779951810007746,1.0,,19.93617021276596,gps,60,1.0,,25.0,,10.0,0.0327681712166718,,25.0,0.07425226790728498,0.010000000000005116,modelica,0,flight,0.06159612148752831,1.0,1.0,25/25/25 Hz,1.0,4700,41,0.6,13,0.016529995838649402,0.04815887296215715,0.05215677460715175,0.4107193273690396
1.3860084102708714,1.0,,19.933333333333334,gps,40,1.0,,25.0,,10.0,0.041964134111950865,,25.0,0.07425226790728498,0.010000000000005116,modelica,0,outage_window,0.06851289258926478,1.0,1.0,25/25/25 Hz,1.0,1500,41,0.6,25,0.02942231800469532,0.049191854681680296,0.05415743623162322,0.4504548125130118
1.0590648306890815,1.0,,20.0,gps,25,1.0,,25.0,,10.0,0.028524130870079184,,25.0,0.04980055706096372,0.010000000000001563,modelica,0,before_outage,0.049097830138020895,1.0,1.0,25/25/25 Hz,1.0,700,41,0.6,18,0.012396043926330511,0.04370593030260518,0.03996211809161958,0.3438343941686349
1.3090130165884404,1.0,,19.95,gps,60,1.0,,25.0,,10.0,0.02675660829393854,,25.0,0.05125308300145519,0.010000000000005116,modelica,0,after_return,0.06432691702609748,1.0,1.0,25/25/25 Hz,1.0,2000,41,0.6,40,0.016529995838649402,0.04773226815450398,0.05849817233629756,0.2864161587065761
0.3169501393942255,1.0,1.0,,gps,60,1.0,1.0,,1.0,,0.054947261528639275,1.0,,0.13505167732688864,0.010000000000005116,px4,,flight,0.6654743641011921,1.0,,25/25/25 Hz,1.0,4700,41,0.6,13,0.01617781705944652,0.022480145706880488,0.6632020263286212,0.30478311924950935
0.3381118939249267,1.0,1.0,,gps,40,1.0,1.0,,1.0,,0.06321371221405937,1.0,,0.13505167732688864,0.010000000000005116,px4,,outage_window,0.6902039876093747,1.0,,25/25/25 Hz,1.0,1500,41,0.6,25,0.035218772256685314,0.025614958654001384,0.6873031144262333,0.32715909706251545
0.24968681712412175,1.0,1.0,,gps,25,1.0,1.0,,1.0,,0.04733934471282871,1.0,,0.08179469451492989,0.010000000000001563,px4,,before_outage,0.6432009657181005,1.0,,25/25/25 Hz,1.0,700,41,0.6,18,0.017563292331990988,0.020688896689679777,0.6414565213191438,0.2348208847353683
0.18716384120305973,1.0,1.0,,gps,60,1.0,1.0,,1.0,,0.053408499969140946,1.0,,0.10509104337201326,0.010000000000005116,px4,,after_return,0.663753280141766,1.0,,25/25/25 Hz,1.0,2000,41,0.6,40,0.01617781705944652,0.020609021249957907,0.6616010497497719,0.1715680162697844
0.420342220787388,1.0,,,gps,60,1.0,,,0.5642553191489361,,0.11486115634930413,,,0.4180375241003359,0.010000000000005116,ekf3,,flight,0.12789427128942563,1.0,,25/25/25 Hz,1.0,4700,41,0.6,13,0.016617202083577975,0.05194466196384033,0.05624819455550468,0.38872673024826654
0.3959029808063562,1.0,,,gps,40,1.0,,,0.43466666666666665,,0.13441379663787992,,,0.4180375241003359,0.010000000000005116,ekf3,,outage_window,0.14899281600111688,1.0,,25/25/25 Hz,1.0,1500,41,0.6,25,0.02823756349225302,0.0595694490068406,0.06427900507423348,0.34600017760321145
0.3187385645420624,1.0,,,gps,25,1.0,,,0.0,,0.17538110550086422,,,0.22336508700519522,0.010000000000001563,ekf3,,before_outage,0.18051567777854677,1.0,,25/25/25 Hz,1.0,700,41,0.6,18,0.2218657797508143,0.0745541390289964,0.04274783921022039,0.2748506298181077
0.47055967423196415,1.0,,,gps,60,1.0,,,1.0,,0.05523740742305555,,,0.11019463943107503,0.010000000000005116,ekf3,,after_return,0.0796335412299405,1.0,,25/25/25 Hz,1.0,2000,41,0.6,40,0.016617202083577975,0.031309247369396914,0.057361395642016935,0.45169491286675467
1.8351843769299605,1.0,,24.851063829787233,denied,60,1.0,,25.0,,0.0,0.4514258292593423,,25.0,0.5450807844629928,0.010000000000005116,modelica,0,flight,0.45520384211146553,1.0,1.0,25/25/25 Hz,1.0,4700,41,0.6,13,0.3974507160966413,0.07016781528292965,0.05852570845837856,0.7724373250541503
1.6987258102456295,1.0,,24.933333333333334,denied,40,1.0,,25.0,,0.0,0.42834196313883444,,25.0,0.5040300712119862,0.010000000000005116,modelica,0,outage_window,0.4327410819185281,1.0,1.0,25/25/25 Hz,1.0,1500,41,0.6,25,0.47611932174127397,0.06869955973557251,0.06154678378589494,0.5905134675538896
1.392786974485171,1.0,,24.857142857142858,denied,25,1.0,,25.0,,0.0,0.4928314906093471,,25.0,0.5450807844629928,0.010000000000001563,modelica,0,before_outage,0.4946825217793582,1.0,1.0,25/25/25 Hz,1.0,700,41,0.6,18,0.5037350440025878,0.06767712926495678,0.042754171933908444,0.8338662177904826
2.1810433577751165,1.0,,24.9,denied,60,1.0,,25.0,,0.0,0.4478935300520551,,25.0,0.5179174395894564,0.010000000000005116,modelica,0,after_return,0.45258685100529256,1.0,1.0,25/25/25 Hz,1.0,2000,41,0.6,40,0.3974507160966413,0.07155565636698666,0.06500956422247192,0.8909796348996195
0.3766378317465015,1.0,1.0,,denied,60,1.0,1.0,,0.0,,0.08711159428714374,1.0,,0.16699745037067085,0.010000000000005116,px4,,flight,0.5296738748221018,1.0,,25/25/25 Hz,1.0,4700,41,0.6,13,0.1524784588644188,0.020054434274091582,0.5224614663396829,0.3656602592003636
0.27577066994157867,1.0,1.0,,denied,40,1.0,1.0,,0.0,,0.0584162691080036,1.0,,0.07846936161230578,0.010000000000005116,px4,,outage_window,0.5373004448938837,1.0,,25/25/25 Hz,1.0,1500,41,0.6,25,0.03220458314706554,0.016636383736191022,0.5341154440630477,0.2606524933211777
0.5345840429506092,1.0,1.0,,denied,25,1.0,1.0,,0.0,,0.05262349083365136,1.0,,0.07661794429517788,0.010000000000001563,px4,,before_outage,0.5032483949037828,1.0,,25/25/25 Hz,1.0,700,41,0.6,18,0.07661794429517788,0.028082234558891982,0.500489475599352,0.5260375116914973
0.2034349956949258,1.0,1.0,,denied,60,1.0,1.0,,0.0,,0.11721587948762067,1.0,,0.16699745037067085,0.010000000000005116,px4,,after_return,0.5417606333465513,1.0,,25/25/25 Hz,1.0,2000,41,0.6,40,0.1524784588644188,0.01519403382477496,0.528928181741151,0.1939471570318544
0.27096359479535476,1.0,,,denied,60,1.0,,,0.0,,0.20313511518417146,,,0.35968764585808133,0.010000000000005116,ekf3,,flight,0.2099756320384306,1.0,,25/25/25 Hz,1.0,4700,41,0.6,13,0.24433064793966314,0.06554581286824242,0.05315911049906477,0.21103172673432616
0.2857969637005168,1.0,,,denied,40,1.0,,,0.0,,0.17319770787835423,,,0.23102665420471574,0.010000000000005116,ekf3,,outage_window,0.18476589064989526,1.0,,25/25/25 Hz,1.0,1500,41,0.6,25,0.10745097056479798,0.06791951006095827,0.06435051152347845,0.1892154205089681
0.3187385645420624,1.0,,,denied,25,1.0,,,0.0,,0.17538110550086422,,,0.22336508700519522,0.010000000000001563,ekf3,,before_outage,0.18051567777854677,1.0,,25/25/25 Hz,1.0,700,41,0.6,18,0.2218657797508143,0.0745541390289964,0.04274783921022039,0.2748506298181077
0.1872031545598593,1.0,,,denied,60,1.0,,,0.0,,0.24509129768937338,,,0.35968764585808133,0.010000000000005116,ekf3,,after_return,0.2501178719785154,1.0,,25/25/25 Hz,1.0,2000,41,0.6,40,0.24433064793966314,0.06274692717759928,0.049891940030429766,0.1285085185214142
1.3223161344600451,1.0,,21.53191489361702,transition,60,1.0,,25.0,,6.808510638297872,0.04104033410895208,,25.0,0.12050614675385325,0.010000000000005116,modelica,0,flight,0.06850556681585436,1.0,1.0,25/25/25 Hz,1.0,4700,41,0.6,13,0.01639036296768985,0.05496908091749396,0.054851651397082576,0.5226763775732738
1.5155766493375498,1.0,,24.933333333333334,transition,40,1.0,,25.0,,0.0,0.05091543074237692,,25.0,0.10751923067154012,0.010000000000005116,modelica,0,outage_window,0.08023796650677056,1.0,1.0,25/25/25 Hz,1.0,1500,41,0.6,25,0.1073639462271408,0.06796598762070233,0.06201411276040199,0.7244685618170535
1.0590648306890815,1.0,,20.0,transition,25,1.0,,25.0,,10.0,0.028524130870079184,,25.0,0.04980055706096372,0.010000000000001563,modelica,0,before_outage,0.049097830138020895,1.0,1.0,25/25/25 Hz,1.0,700,41,0.6,18,0.012396043926330511,0.04370593030260518,0.03996211809161958,0.3438343941686349
1.3047542213201673,1.0,,19.95,transition,60,1.0,,25.0,,10.0,0.03907912787983021,,25.0,0.12050614675385325,0.010000000000005116,modelica,0,after_return,0.07030186925826995,1.0,1.0,25/25/25 Hz,1.0,2000,41,0.6,40,0.01639036296768985,0.04774070958344398,0.0584394950813126,0.29351471306595317
0.3060989757000217,1.0,1.0,,transition,60,1.0,1.0,,0.8023404255319149,,0.04438158886091747,1.0,,0.10858497366535748,0.010000000000005116,px4,,flight,0.6364595753561978,1.0,,25/25/25 Hz,1.0,4700,41,0.6,13,0.014948539293433422,0.019986853415876745,0.6349102815617118,0.2917679822067992
0.2480813748171903,1.0,1.0,,transition,40,1.0,1.0,,0.46,,0.037380859296293305,1.0,,0.06221677263766765,0.010000000000005116,px4,,outage_window,0.6813104808981947,1.0,,25/25/25 Hz,1.0,1500,41,0.6,25,0.032844438386251985,0.017098240118818376,0.6802842367275609,0.23098793269348677
0.24968681712412175,1.0,1.0,,transition,25,1.0,1.0,,1.0,,0.04733934471282871,1.0,,0.08179469451492989,0.010000000000001563,px4,,before_outage,0.6432009657181005,1.0,,25/25/25 Hz,1.0,700,41,0.6,18,0.017563292331990988,0.020688896689679777,0.6414565213191438,0.2348208847353683
0.24233008070128356,1.0,1.0,,transition,60,1.0,1.0,,0.9405,,0.048323726732598604,1.0,,0.10858497366535748,0.010000000000005116,px4,,after_return,0.6007866109903972,1.0,,25/25/25 Hz,1.0,2000,41,0.6,40,0.014948539293433422,0.021183478657633897,0.5988400198550528,0.22682143817768294
0.38702469427582803,1.0,,,transition,60,1.0,,,0.4238297872340426,,0.13520131136032396,,,0.39017780107905403,0.010000000000005116,ekf3,,flight,0.14645607920250017,1.0,,25/25/25 Hz,1.0,4700,41,0.6,13,0.0166255352013721,0.05497437016993459,0.05630265128586518,0.3483503743905376
0.2857969637005168,1.0,,,transition,40,1.0,,,0.0,,0.17319770787835423,,,0.23102665420471574,0.010000000000005116,ekf3,,outage_window,0.18476589064989526,1.0,,25/25/25 Hz,1.0,1500,41,0.6,25,0.10745097056479798,0.06791951006095827,0.06435051152347845,0.1892154205089681
0.3187385645420624,1.0,,,transition,25,1.0,,,0.0,,0.17538110550086422,,,0.22336508700519522,0.010000000000001563,ekf3,,before_outage,0.18051567777854677,1.0,,25/25/25 Hz,1.0,700,41,0.6,18,0.2218657797508143,0.0745541390289964,0.04274783921022039,0.2748506298181077
0.4631491175886266,1.0,,,transition,60,1.0,,,0.996,,0.07782168848607038,,,0.39017780107905403,0.010000000000005116,ekf3,,after_return,0.096716337988072,1.0,,25/25/25 Hz,1.0,2000,41,0.6,40,0.0166255352013721,0.030710050132382483,0.057426778030810685,0.4438765418548566
15.977686264366282,1.0,,0.0,gps,60,1.0,,0.0,,0.0,7.564183327914531,,0.0,10.515285790313419,0.010000000000005116,ukf,0,flight,7.701842834014543,1.0,0.0,25/25/25 Hz,1.0,4700,7,0.25,13,8.972190005487422,0.9248866294508205,1.44965982960177,12.058882682277469
16.66330490273648,1.0,,0.0,gps,40,1.0,,0.0,,0.0,8.885348963830676,,0.0,10.515285556161418,0.010000000000005116,ukf,0,outage_window,9.007777909366922,1.0,0.0,25/25/25 Hz,1.0,1500,7,0.25,25,4.2285417194808685,0.9040650789614318,1.4800799489999998,12.519224241280044
16.07839219255054,1.0,,0.0,gps,25,1.0,,0.0,,0.0,5.422264962350006,,0.0,7.945667151239019,0.010000000000001563,ukf,0,before_outage,5.620639997132031,1.0,0.0,25/25/25 Hz,1.0,700,7,0.25,18,7.945667151239019,0.8528355547989713,1.4800799489999998,13.758898446797174
16.0652732034033,1.0,,0.0,gps,60,1.0,,0.0,,0.0,7.698021184569001,,0.0,10.515285790313419,0.010000000000005116,ukf,0,after_return,7.839015678865872,1.0,0.0,25/25/25 Hz,1.0,2000,7,0.25,40,8.972190005487422,0.8608348104926764,1.4800799489999998,12.267443159353773
13.766351717309165,1.0,,0.0,denied,60,1.0,,0.0,,0.0,30.11189032781967,,0.0,33.91705428163535,0.010000000000005116,ukf,0,flight,30.171066989317694,1.0,0.0,25/25/25 Hz,1.0,4700,7,0.25,13,32.73261568803897,0.9148300523110634,1.8887414220205332,12.260308501870961
13.300221186467487,1.0,,0.0,denied,40,1.0,,0.0,,0.0,32.02915433185924,,0.0,33.91705348772248,0.010000000000005116,ukf,0,outage_window,32.08707607964439,1.0,0.0,25/25/25 Hz,1.0,1500,7,0.25,25,28.014268320653358,0.9160142502452423,1.9271025210999997,11.69242123779626
16.509615334833892,1.0,,0.0,denied,25,1.0,,0.0,,0.0,27.168950958585782,,0.0,29.767334315975738,0.010000000000001563,ukf,0,before_outage,27.23721021538126,1.0,0.0,25/25/25 Hz,1.0,700,7,0.25,18,29.767334315975738,0.8187112741260849,1.9271025210999997,15.433242962218085
14.175716799826514,1.0,,0.0,denied,60,1.0,,0.0,,0.0,30.03847121593173,,0.0,33.91705428163535,0.010000000000005116,ukf,0,after_return,30.10022387154602,1.0,0.0,25/25/25 Hz,1.0,2000,7,0.25,40,32.73261568803897,0.8528438726862845,1.9271025210999997,12.526629789982513
15.977686264366282,1.0,,0.0,transition,60,1.0,,0.0,,0.0,7.564183327914531,,0.0,10.515285790313419,0.010000000000005116,ukf,0,flight,7.701842834014543,1.0,0.0,25/25/25 Hz,1.0,4700,7,0.25,13,8.972190005487422,0.9248866294508205,1.44965982960177,12.058882682277469
16.66330490273648,1.0,,0.0,transition,40,1.0,,0.0,,0.0,8.885348963830676,,0.0,10.515285556161418,0.010000000000005116,ukf,0,outage_window,9.007777909366922,1.0,0.0,25/25/25 Hz,1.0,1500,7,0.25,25,4.2285417194808685,0.9040650789614318,1.4800799489999998,12.519224241280044
16.07839219255054,1.0,,0.0,transition,25,1.0,,0.0,,0.0,5.422264962350006,,0.0,7.945667151239019,0.010000000000001563,ukf,0,before_outage,5.620639997132031,1.0,0.0,25/25/25 Hz,1.0,700,7,0.25,18,7.945667151239019,0.8528355547989713,1.4800799489999998,13.758898446797174
16.0652732034033,1.0,,0.0,transition,60,1.0,,0.0,,0.0,7.698021184569001,,0.0,10.515285790313419,0.010000000000005116,ukf,0,after_return,7.839015678865872,1.0,0.0,25/25/25 Hz,1.0,2000,7,0.25,40,8.972190005487422,0.8608348104926764,1.4800799489999998,12.267443159353773
16.534059744643287,1.0,,0.0,gps,60,1.0,,0.0,,0.0,7.300815618656072,,0.0,10.182247181461284,0.010000000000005116,ukf,0,flight,7.519809731307853,1.0,0.0,25/25/25 Hz,1.0,4700,19,0.25,13,8.580654715424595,0.9200152574261509,1.801563126137919,12.636701030522211
15.814258052782758,1.0,,0.0,gps,40,1.0,,0.0,,0.0,8.559890974446763,,0.0,10.182247181461284,0.010000000000005116,ukf,0,outage_window,8.75513651424547,1.0,0.0,25/25/25 Hz,1.0,1500,19,0.25,25,3.8300126592754777,0.9182186352692675,1.8386630710000003,11.107514338928855
18.957626282967862,1.0,,0.0,gps,25,1.0,,0.0,,0.0,5.308784710043806,,0.0,7.769239000371268,0.010000000000001563,ukf,0,before_outage,5.618173812392604,1.0,0.0,25/25/25 Hz,1.0,700,19,0.25,18,7.769239000371268,0.8296885777786503,1.8386630710000003,16.959795999878306
16.80100711011308,1.0,,0.0,gps,60,1.0,,0.0,,0.0,7.4556494724152405,,0.0,10.18224544063896,0.010000000000005116,ukf,0,after_return,7.679022785757626,1.0,0.0,25/25/25 Hz,1.0,2000,19,0.25,40,8.580654715424595,0.8613939499063241,1.8386630710000005,12.949122814591371
14.016131168055889,1.0,,0.0,denied,60,1.0,,0.0,,0.0,30.183479985834637,,0.0,33.9820080573194,0.010000000000005116,ukf,0,flight,30.253825563077566,1.0,0.0,25/25/25 Hz,1.0,4700,19,0.25,13,32.75590766920347,0.9173167630711112,2.0619158920396385,12.545621789787354
12.846125949204485,1.0,,0.0,denied,40,1.0,,0.0,,0.0,32.088553074636806,,0.0,33.98200720473347,0.010000000000005116,ukf,0,outage_window,32.15735648666528,1.0,0.0,25/25/25 Hz,1.0,1500,19,0.25,25,28.026223456063864,0.9305584571156337,2.102459937,11.212477722991672
17.730346326492437,1.0,,0.0,denied,25,1.0,,0.0,,0.0,27.275913930370894,,0.0,29.899173636866003,0.010000000000001563,ukf,0,before_outage,27.356823984587304,1.0,0.0,25/25/25 Hz,1.0,700,19,0.25,18,29.899173636866003,0.8102591856711415,2.102459937,16.648053979028592
14.47341227492985,1.0,,0.0,denied,60,1.0,,0.0,,0.0,30.12151162285794,,0.0,33.9820080573194,0.010000000000005116,ukf,0,after_return,30.194797568996155,1.0,0.0,25/25/25 Hz,1.0,2000,19,0.25,40,32.75590766920347,0.8609473617119459,2.102459937,12.849198984210314
16.534059744643287,1.0,,0.0,transition,60,1.0,,0.0,,0.0,7.300815618656072,,0.0,10.182247181461284,0.010000000000005116,ukf,0,flight,7.519809731307853,1.0,0.0,25/25/25 Hz,1.0,4700,19,0.25,13,8.580654715424595,0.9200152574261509,1.801563126137919,12.636701030522211
15.814258052782758,1.0,,0.0,transition,40,1.0,,0.0,,0.0,8.559890974446763,,0.0,10.182247181461284,0.010000000000005116,ukf,0,outage_window,8.75513651424547,1.0,0.0,25/25/25 Hz,1.0,1500,19,0.25,25,3.8300126592754777,0.9182186352692675,1.8386630710000003,11.107514338928855
18.957626282967862,1.0,,0.0,transition,25,1.0,,0.0,,0.0,5.308784710043806,,0.0,7.769239000371268,0.010000000000001563,ukf,0,before_outage,5.618173812392604,1.0,0.0,25/25/25 Hz,1.0,700,19,0.25,18,7.769239000371268,0.8296885777786503,1.8386630710000003,16.959795999878306
16.80100711011308,1.0,,0.0,transition,60,1.0,,0.0,,0.0,7.4556494724152405,,0.0,10.18224544063896,0.010000000000005116,ukf,0,after_return,7.679022785757626,1.0,0.0,25/25/25 Hz,1.0,2000,19,0.25,40,8.580654715424595,0.8613939499063241,1.8386630710000005,12.949122814591371
15.934029339347639,1.0,,0.0,gps,60,1.0,,0.0,,0.0,7.593054234372514,,0.0,10.513449244577952,0.010000000000005116,ukf,0,flight,7.82711443970655,1.0,0.0,25/25/25 Hz,1.0,4700,41,0.25,13,8.892127559615629,0.9224647737203013,1.8998020544626268,12.764658865427453
14.894592530804088,1.0,,0.0,gps,40,1.0,,0.0,,0.0,8.872013728419727,,0.0,10.513449244577952,0.010000000000005116,ukf,0,outage_window,9.081282482438187,1.0,0.0,25/25/25 Hz,1.0,1500,41,0.25,25,4.138284202356964,0.9135496122375735,1.9383147135,10.98363549327352
18.90118285259219,1.0,,0.0,gps,25,1.0,,0.0,,0.0,5.581005214914863,,0.0,8.076598222619026,0.010000000000001563,ukf,0,before_outage,5.9080185457966765,1.0,0.0,25/25/25 Hz,1.0,700,41,0.25,18,8.076598222619026,0.8461453057894789,1.9383147135,17.362378103204147
16.128840905597638,1.0,,0.0,gps,60,1.0,,0.0,,0.0,7.747335838176276,,0.0,10.513447986471345,0.010000000000005116,ukf,0,after_return,7.986130259272076,1.0,0.0,25/25/25 Hz,1.0,2000,41,0.25,40,8.892127559615629,0.8672871463896134,1.9383147135,13.088054667311354
13.74205364566871,1.0,,0.0,denied,60,1.0,,0.0,,0.0,30.111972242113097,,0.0,33.917761296006844,0.010000000000005116,ukf,0,flight,30.178979085993415,1.0,0.0,25/25/25 Hz,1.0,4700,41,0.25,13,32.73715624180767,0.9178187395727098,2.009951831024323,12.239435647913895
13.314492647844112,1.0,,0.0,denied,40,1.0,,0.0,,0.0,32.03034709043674,,0.0,33.917761296006844,0.010000000000005116,ukf,0,outage_window,32.09587430136499,1.0,0.0,25/25/25 Hz,1.0,1500,41,0.25,25,28.019956253394856,0.9049769953594138,2.0498810783,11.742860973797308
16.455653399928995,1.0,,0.0,denied,25,1.0,,0.0,,0.0,27.16583462955576,,0.0,29.76182791282564,0.010000000000001563,ukf,0,before_outage,27.243064870817,1.0,0.0,25/25/25 Hz,1.0,700,41,0.25,18,29.76182791282564,0.8547611030607433,2.0498810783,15.319418972370002
14.1636129694549,1.0,,0.0,denied,60,1.0,,0.0,,0.0,30.037487835326935,,0.0,33.917760167347595,0.010000000000005116,ukf,0,after_return,30.10735272142979,1.0,0.0,25/25/25 Hz,1.0,2000,41,0.25,40,32.73715624180767,0.8661730169190534,2.0498810783,12.502049431875777
15.934029339347639,1.0,,0.0,transition,60,1.0,,0.0,,0.0,7.593054234372514,,0.0,10.513449244577952,0.010000000000005116,ukf,0,flight,7.82711443970655,1.0,0.0,25/25/25 Hz,1.0,4700,41,0.25,13,8.892127559615629,0.9224647737203013,1.8998020544626268,12.764658865427453
14.894592530804088,1.0,,0.0,transition,40,1.0,,0.0,,0.0,8.872013728419727,,0.0,10.513449244577952,0.010000000000005116,ukf,0,outage_window,9.081282482438187,1.0,0.0,25/25/25 Hz,1.0,1500,41,0.25,25,4.138284202356964,0.9135496122375735,1.9383147135,10.98363549327352
18.90118285259219,1.0,,0.0,transition,25,1.0,,0.0,,0.0,5.581005214914863,,0.0,8.076598222619026,0.010000000000001563,ukf,0,before_outage,5.9080185457966765,1.0,0.0,25/25/25 Hz,1.0,700,41,0.25,18,8.076598222619026,0.8461453057894789,1.9383147135,17.362378103204147
16.128840905597638,1.0,,0.0,transition,60,1.0,,0.0,,0.0,7.747335838176276,,0.0,10.513447986471345,0.010000000000005116,ukf,0,after_return,7.986130259272076,1.0,0.0,25/25/25 Hz,1.0,2000,41,0.25,40,8.892127559615629,0.8672871463896134,1.9383147135,13.088054667311354
15.977686264366282,1.0,,0.0,gps,60,1.0,,0.0,,0.0,7.347393664161176,,0.0,10.515285758125689,0.010000000000005116,ukf,0,flight,7.489039142487962,1.0,0.0,25/25/25 Hz,1.0,4700,7,0.6,13,8.136626069159728,2.1204853561858146,1.44965982960177,12.058882682277469
16.66330490273648,1.0,,0.0,gps,40,1.0,,0.0,,0.0,7.146321712063577,,0.0,10.515285758125689,0.010000000000005116,ukf,0,outage_window,7.297982643699774,1.0,0.0,25/25/25 Hz,1.0,1500,7,0.6,25,9.598607754620826,2.1192422478609316,1.4800799489999998,12.519224241280044
16.07839219255054,1.0,,0.0,gps,25,1.0,,0.0,,0.0,8.47774994383025,,0.0,10.515282692371672,0.010000000000001563,ukf,0,before_outage,8.605979361208442,1.0,0.0,25/25/25 Hz,1.0,700,7,0.6,18,3.020976112455239,2.16763233941848,1.4800799489999998,13.758898446797174
16.0652732034033,1.0,,0.0,gps,60,1.0,,0.0,,0.0,7.45482898871413,,0.0,10.515284618969805,0.010000000000005116,ukf,0,after_return,7.600336302191132,1.0,0.0,25/25/25 Hz,1.0,2000,7,0.6,40,8.136626069159728,2.112752976030714,1.4800799489999998,12.267443159353773
13.766351717309165,1.0,,0.0,denied,60,1.0,,0.0,,0.0,29.96891763920688,,0.0,33.91705375626332,0.010000000000005116,ukf,0,flight,30.02837605707011,1.0,0.0,25/25/25 Hz,1.0,4700,7,0.6,13,30.02021647561587,2.1144073550059086,1.8887414220205332,12.260308501870961
13.300221186467487,1.0,,0.0,denied,40,1.0,,0.0,,0.0,29.506129910108903,,0.0,33.91705375626332,0.010000000000005116,ukf,0,outage_window,29.568994342030866,1.0,0.0,25/25/25 Hz,1.0,1500,7,0.6,25,32.11572179125117,2.1108643996952727,1.9271025210999997,11.69242123779626
16.509615334833892,1.0,,0.0,denied,25,1.0,,0.0,,0.0,31.556197002674395,,0.0,33.91705348772248,0.010000000000001563,ukf,0,before_outage,31.614985266459108,1.0,0.0,25/25/25 Hz,1.0,700,7,0.6,18,26.65798523509923,2.1789635907902984,1.9271025210999997,15.433242962218085
14.175716799826514,1.0,,0.0,denied,60,1.0,,0.0,,0.0,30.084340702374288,,0.0,33.917048787634535,0.010000000000005116,ukf,0,after_return,30.145999396658993,1.0,0.0,25/25/25 Hz,1.0,2000,7,0.6,40,30.02021647561587,2.1108858827295713,1.9271025210999997,12.526629789982513
15.977686264366282,1.0,,0.0,transition,60,1.0,,0.0,,0.0,7.347393664161176,,0.0,10.515285758125689,0.010000000000005116,ukf,0,flight,7.489039142487962,1.0,0.0,25/25/25 Hz,1.0,4700,7,0.6,13,8.136626069159728,2.1204853561858146,1.44965982960177,12.058882682277469
16.66330490273648,1.0,,0.0,transition,40,1.0,,0.0,,0.0,7.146321712063577,,0.0,10.515285758125689,0.010000000000005116,ukf,0,outage_window,7.297982643699774,1.0,0.0,25/25/25 Hz,1.0,1500,7,0.6,25,9.598607754620826,2.1192422478609316,1.4800799489999998,12.519224241280044
16.07839219255054,1.0,,0.0,transition,25,1.0,,0.0,,0.0,8.47774994383025,,0.0,10.515282692371672,0.010000000000001563,ukf,0,before_outage,8.605979361208442,1.0,0.0,25/25/25 Hz,1.0,700,7,0.6,18,3.020976112455239,2.16763233941848,1.4800799489999998,13.758898446797174
16.0652732034033,1.0,,0.0,transition,60,1.0,,0.0,,0.0,7.45482898871413,,0.0,10.515284618969805,0.010000000000005116,ukf,0,after_return,7.600336302191132,1.0,0.0,25/25/25 Hz,1.0,2000,7,0.6,40,8.136626069159728,2.112752976030714,1.4800799489999998,12.267443159353773
16.534059744643287,1.0,,0.0,gps,60,1.0,,0.0,,0.0,7.078060639021071,,0.0,10.182247323639945,0.010000000000005116,ukf,0,flight,7.303736859109809,1.0,0.0,25/25/25 Hz,1.0,4700,19,0.6,13,7.9518618123203595,2.1153240220033114,1.801563126137919,12.636701030522211
15.814258052782758,1.0,,0.0,gps,40,1.0,,0.0,,0.0,6.908474018297131,,0.0,10.182236153531107,0.010000000000005116,ukf,0,outage_window,7.148964620848648,1.0,0.0,25/25/25 Hz,1.0,1500,19,0.6,25,9.343469542743142,2.1145733422799466,1.8386630710000003,11.107514338928855
18.957626282967862,1.0,,0.0,gps,25,1.0,,0.0,,0.0,8.156763190258653,,0.0,10.182241579232748,0.010000000000001563,ukf,0,before_outage,8.36142736801664,1.0,0.0,25/25/25 Hz,1.0,700,19,0.6,18,2.6901847552893696,2.177436797590294,1.8386630710000003,16.959795999878306
16.80100711011308,1.0,,0.0,gps,60,1.0,,0.0,,0.0,7.182180498490666,,0.0,10.182247323639945,0.010000000000005116,ukf,0,after_return,7.413797852757977,1.0,0.0,25/25/25 Hz,1.0,2000,19,0.6,40,7.9518618123203595,2.1098868986941084,1.8386630710000005,12.949122814591371
14.016131168055889,1.0,,0.0,denied,60,1.0,,0.0,,0.0,30.035545498843575,,0.0,33.98200803029949,0.010000000000005116,ukf,0,flight,30.1062367385721,1.0,0.0,25/25/25 Hz,1.0,4700,19,0.6,13,30.151446452812134,2.1125765098476412,2.0619158920396385,12.545621789787354
12.846125949204485,1.0,,0.0,denied,40,1.0,,0.0,,0.0,29.584419715377354,,0.0,33.98199649849436,0.010000000000005116,ukf,0,outage_window,29.65903281771505,1.0,0.0,25/25/25 Hz,1.0,1500,19,0.6,25,32.232127437740054,2.110659858196189,2.102459937,11.212477722991672
17.730346326492437,1.0,,0.0,denied,25,1.0,,0.0,,0.0,31.612031273725627,,0.0,33.98199800559383,0.010000000000001563,ukf,0,before_outage,31.681869563485314,1.0,0.0,25/25/25 Hz,1.0,700,19,0.6,18,26.690356569117192,2.18672473689973,2.102459937,16.648053979028592
14.47341227492985,1.0,,0.0,denied,60,1.0,,0.0,,0.0,30.149495181709327,,0.0,33.98200803029949,0.010000000000005116,ukf,0,after_return,30.222713271620798,1.0,0.0,25/25/25 Hz,1.0,2000,19,0.6,40,30.151446452812134,2.1096621575815946,2.102459937,12.849198984210314
16.534059744643287,1.0,,0.0,transition,60,1.0,,0.0,,0.0,7.078060639021071,,0.0,10.182247323639945,0.010000000000005116,ukf,0,flight,7.303736859109809,1.0,0.0,25/25/25 Hz,1.0,4700,19,0.6,13,7.9518618123203595,2.1153240220033114,1.801563126137919,12.636701030522211
15.814258052782758,1.0,,0.0,transition,40,1.0,,0.0,,0.0,6.908474018297131,,0.0,10.182236153531107,0.010000000000005116,ukf,0,outage_window,7.148964620848648,1.0,0.0,25/25/25 Hz,1.0,1500,19,0.6,25,9.343469542743142,2.1145733422799466,1.8386630710000003,11.107514338928855
18.957626282967862,1.0,,0.0,transition,25,1.0,,0.0,,0.0,8.156763190258653,,0.0,10.182241579232748,0.010000000000001563,ukf,0,before_outage,8.36142736801664,1.0,0.0,25/25/25 Hz,1.0,700,19,0.6,18,2.6901847552893696,2.177436797590294,1.8386630710000003,16.959795999878306
16.80100711011308,1.0,,0.0,transition,60,1.0,,0.0,,0.0,7.182180498490666,,0.0,10.182247323639945,0.010000000000005116,ukf,0,after_return,7.413797852757977,1.0,0.0,25/25/25 Hz,1.0,2000,19,0.6,40,7.9518618123203595,2.1098868986941084,1.8386630710000005,12.949122814591371
15.934029339347639,1.0,,0.0,gps,60,1.0,,0.0,,0.0,7.369459262488933,,0.0,10.513449041490242,0.010000000000005116,ukf,0,flight,7.610399310655411,1.0,0.0,25/25/25 Hz,1.0,4700,41,0.6,13,8.261914436333303,2.116226595601883,1.8998020544626268,12.764658865427453
14.894592530804088,1.0,,0.0,gps,40,1.0,,0.0,,0.0,7.19592747557259,,0.0,10.513449041490242,0.010000000000005116,ukf,0,outage_window,7.452411432702243,1.0,0.0,25/25/25 Hz,1.0,1500,41,0.6,25,9.67086166251202,2.1189434342105358,1.9383147135,10.98363549327352
18.90118285259219,1.0,,0.0,gps,25,1.0,,0.0,,0.0,8.462913135965692,,0.0,10.513448586349925,0.010000000000001563,ukf,0,before_outage,8.68204829953573,1.0,0.0,25/25/25 Hz,1.0,700,41,0.6,18,3.022207564130153,2.171799171829619,1.9383147135,17.362378103204147
16.128840905597638,1.0,,0.0,gps,60,1.0,,0.0,,0.0,7.472783477075936,,0.0,10.513445338513014,0.010000000000005116,ukf,0,after_return,7.720074923459596,1.0,0.0,25/25/25 Hz,1.0,2000,41,0.6,40,8.261914436333303,2.1092209980512906,1.9383147135,13.088054667311354
13.74205364566871,1.0,,0.0,denied,60,1.0,,0.0,,0.0,29.9694651749523,,0.0,33.917761296006844,0.010000000000005116,ukf,0,flight,30.036789928947414,1.0,0.0,25/25/25 Hz,1.0,4700,41,0.6,13,30.0147618323553,2.114842245749802,2.009951831024323,12.239435647913895
13.314492647844112,1.0,,0.0,denied,40,1.0,,0.0,,0.0,29.505602238186896,,0.0,33.91775540505084,0.010000000000005116,ukf,0,outage_window,29.576723548650072,1.0,0.0,25/25/25 Hz,1.0,1500,41,0.6,25,32.11161726106453,2.1204484773605117,2.0498810783,11.742860973797308
16.455653399928995,1.0,,0.0,denied,25,1.0,,0.0,,0.0,31.557724397463886,,0.0,33.917761296006844,0.010000000000001563,ukf,0,before_outage,31.624230924742815,1.0,0.0,25/25/25 Hz,1.0,700,41,0.6,18,26.661829876208177,2.165754511087163,2.0498810783,15.319418972370002
14.1636129694549,1.0,,0.0,denied,60,1.0,,0.0,,0.0,30.085020874070956,,0.0,33.91775690857028,0.010000000000005116,ukf,0,after_return,30.154775632202234,1.0,0.0,25/25/25 Hz,1.0,2000,41,0.6,40,30.0147618323553,2.1081820225745966,2.0498810783,12.502049431875777
15.934029339347639,1.0,,0.0,transition,60,1.0,,0.0,,0.0,7.369459262488933,,0.0,10.513449041490242,0.010000000000005116,ukf,0,flight,7.610399310655411,1.0,0.0,25/25/25 Hz,1.0,4700,41,0.6,13,8.261914436333303,2.116226595601883,1.8998020544626268,12.764658865427453
14.894592530804088,1.0,,0.0,transition,40,1.0,,0.0,,0.0,7.19592747557259,,0.0,10.513449041490242,0.010000000000005116,ukf,0,outage_window,7.452411432702243,1.0,0.0,25/25/25 Hz,1.0,1500,41,0.6,25,9.67086166251202,2.1189434342105358,1.9383147135,10.98363549327352
18.90118285259219,1.0,,0.0,transition,25,1.0,,0.0,,0.0,8.462913135965692,,0.0,10.513448586349925,0.010000000000001563,ukf,0,before_outage,8.68204829953573,1.0,0.0,25/25/25 Hz,1.0,700,41,0.6,18,3.022207564130153,2.171799171829619,1.9383147135,17.362378103204147
16.128840905597638,1.0,,0.0,transition,60,1.0,,0.0,,0.0,7.472783477075936,,0.0,10.513445338513014,0.010000000000005116,ukf,0,after_return,7.720074923459596,1.0,0.0,25/25/25 Hz,1.0,2000,41,0.6,40,8.261914436333303,2.1092209980512906,1.9383147135,13.088054667311354
