attitude_rmse_deg,attitude_valid_fraction,baro_active_fraction,baro_fused_accepted_hz,dataset,delay_profile,end_s,finite_fraction,flow_active_fraction,flow_fused_accepted_hz,frequency,gps_active_fraction,gps_fused_accepted_hz,horizontal_position_rmse_m,mag_active_fraction,mag_fused_accepted_hz,max_horizontal_error_m,max_output_gap_s,name,nonzero_step_status_rows,position_3d_rmse_m,position_valid_fraction,prediction_accepted_fraction,profile,row_coverage,rows,scenario,seed,start_s,terminal_horizontal_error_m,velocity_3d_rmse_m_s,vertical_position_rmse_m,window,yaw_rmse_deg
0.4433865663851775,1.0,,49.8936170212766,original,zero,60,1.0,,99.7872340425532,0.6,,10.0,0.036849711011498636,,50.0,0.07775603319993435,0.010000000000005116,retrodiction,0,0.05389810457238286,1.0,1.0,100/50/50 Hz,1.0,4700,gps,7,13,0.01821383288339827,0.041131328399802915,0.03933324897417646,flight,0.37275884918272056
0.3854350384075639,1.0,,49.714285714285715,original,zero,25,1.0,,100.0,0.6,,10.0,0.031806881665775014,,50.0,0.05286116499312554,0.010000000000001563,retrodiction,0,0.04368174947765019,1.0,1.0,100/50/50 Hz,1.0,700,gps,7,18,0.02713901499497529,0.040026133031588335,0.02994023239935818,before_outage,0.34323984933437596
0.35207659363873683,1.0,,49.93333333333333,original,zero,40,1.0,,99.93333333333334,0.6,,10.0,0.03450240693020604,,50.0,0.0547566513439185,0.010000000000005116,retrodiction,0,0.050308818350709175,1.0,1.0,100/50/50 Hz,1.0,1500,gps,7,25,0.008073198644146972,0.04076582932323782,0.036613673946588904,outage_window,0.2860532347661454
0.3941493209659818,1.0,,50.0,original,zero,60,1.0,,100.0,0.6,,10.0,0.042083108560997354,,50.0,0.07775603319993435,0.010000000000005116,retrodiction,0,0.06183093930297615,1.0,1.0,100/50/50 Hz,1.0,2000,gps,7,40,0.01821383288339827,0.040357945533607255,0.045299856831248736,after_return,0.33812437391296846
1.070131358437063,1.0,,49.8936170212766,original,zero,60,1.0,,99.74468085106383,0.6,,10.0,0.036349817354294454,,49.97872340425532,0.08181297887351263,0.010000000000005116,horizon,0,0.065809408755782,1.0,1.0,100/50/50 Hz,1.0,4700,gps,7,13,0.03816874715858823,0.04437706968367431,0.05485953936276745,flight,0.8275380899271648
0.7584680594426969,1.0,,49.714285714285715,original,zero,25,1.0,,99.85714285714286,0.6,,10.0,0.03051845072367392,,50.0,0.05889685785899114,0.010000000000001563,horizon,0,0.0503176319759314,1.0,1.0,100/50/50 Hz,1.0,700,gps,7,18,0.024593671221402495,0.04311011080885102,0.04000610269811295,before_outage,0.3282112217935347
0.77230547238821,1.0,,49.93333333333333,original,zero,40,1.0,,99.93333333333334,0.6,,10.0,0.03172948941510871,,50.0,0.061492512680986225,0.010000000000005116,horizon,0,0.059614834366162,1.0,1.0,100/50/50 Hz,1.0,1500,gps,7,25,0.018474996168917072,0.044019937065886236,0.05046947570523628,outage_window,0.33680493222574337
0.5781294791514677,1.0,,50.0,original,zero,60,1.0,,100.0,0.6,,10.0,0.0436240531118603,,50.0,0.08181297887351263,0.010000000000005116,horizon,0,0.07849873458148898,1.0,1.0,100/50/50 Hz,1.0,2000,gps,7,40,0.03816874715858823,0.04200082920322247,0.06526096322449314,after_return,0.3075073686498069
0.8804008466721167,1.0,,49.87234042553192,original,zero,60,1.0,,99.76595744680851,0.6,,0.0,0.4650769322003339,,50.0,0.6081555165095495,0.010000000000005116,retrodiction,0,0.46697258786173795,1.0,1.0,100/50/50 Hz,1.0,4700,denied,7,13,0.5426236636355948,0.058191396566854674,0.04203385480079835,flight,0.7960152907262026
0.8286256272044306,1.0,,49.714285714285715,original,zero,25,1.0,,99.85714285714286,0.6,,0.0,0.39045391532036117,,50.0,0.4569176251667451,0.010000000000001563,retrodiction,0,0.39198328090231427,1.0,1.0,100/50/50 Hz,1.0,700,denied,7,18,0.44810904705355975,0.054449939835758285,0.03459237658708694,before_outage,0.7324287057226581
0.9818602937566211,1.0,,49.86666666666667,original,zero,40,1.0,,99.93333333333334,0.6,,0.0,0.4919538233636338,,50.0,0.6081555165095495,0.010000000000005116,retrodiction,0,0.493525855770133,1.0,1.0,100/50/50 Hz,1.0,1500,denied,7,25,0.5154028045100134,0.056504155753566064,0.03935995416085659,outage_window,0.8972381080666867
0.8334279155367869,1.0,,50.0,original,zero,60,1.0,,100.0,0.6,,0.0,0.4964353766649364,,50.0,0.5850677519462186,0.010000000000005116,retrodiction,0,0.4987282030908336,1.0,1.0,100/50/50 Hz,1.0,2000,denied,7,40,0.5426236636355948,0.060417728412227915,0.04776753451618038,after_return,0.7506276393352529
3.246950676864396,1.0,,49.851063829787236,original,zero,60,1.0,,99.74468085106383,0.6,,0.0,0.30479467684513467,,50.0,0.5262668729877288,0.010000000000005116,horizon,0,0.31169786502718594,1.0,1.0,100/50/50 Hz,1.0,4700,denied,7,13,0.31772294884201246,0.12342100009048335,0.06523621716022293,flight,2.9680666857575684
3.211831124507931,1.0,,49.57142857142857,original,zero,25,1.0,,99.85714285714286,0.6,,0.0,0.29394781449032176,,50.0,0.38959426888388426,0.010000000000001563,horizon,0,0.2987119722466061,1.0,1.0,100/50/50 Hz,1.0,700,denied,7,18,0.16155417210633408,0.11961862051066217,0.053136848982796796,before_outage,2.9061838168240315
3.3389504051943084,1.0,,49.86666666666667,original,zero,40,1.0,,99.93333333333334,0.6,,0.0,0.26801125457531616,,50.0,0.48037990953366244,0.010000000000005116,horizon,0,0.27366306952816716,1.0,1.0,100/50/50 Hz,1.0,1500,denied,7,25,0.29609956779249347,0.12137934853850489,0.05533030855275911,outage_window,3.054731745036302
3.1042263475662075,1.0,,50.0,original,zero,60,1.0,,100.0,0.6,,0.0,0.3282230759045284,,50.0,0.5262668729877288,0.010000000000005116,horizon,0,0.337552608361445,1.0,1.0,100/50/50 Hz,1.0,2000,denied,7,40,0.31772294884201246,0.12342262891618602,0.07881228238913798,after_return,2.837204884976709
0.4264321487571654,1.0,,49.87234042553192,original,zero,60,1.0,,99.7872340425532,0.6,,6.808510638297872,0.051737963397028436,,50.0,0.1371472987068459,0.010000000000005116,retrodiction,0,0.0654977772450887,1.0,1.0,100/50/50 Hz,1.0,4700,transition,7,13,0.016918724532460724,0.04292192574992074,0.04016393864619113,flight,0.3674649006272334
0.3854350384075639,1.0,,49.714285714285715,original,zero,25,1.0,,100.0,0.6,,10.0,0.031806881665775014,,50.0,0.05286116499312554,0.010000000000001563,retrodiction,0,0.04368174947765019,1.0,1.0,100/50/50 Hz,1.0,700,transition,7,18,0.02713901499497529,0.040026133031588335,0.02994023239935818,before_outage,0.34323984933437596
0.2608494513247128,1.0,,49.86666666666667,original,zero,40,1.0,,99.93333333333334,0.6,,0.0,0.057169618578125116,,50.0,0.0958565784900989,0.010000000000005116,retrodiction,0,0.06942158847991796,1.0,1.0,100/50/50 Hz,1.0,1500,transition,7,25,0.06389610984856385,0.04581584416182867,0.039382631434514,outage_window,0.2337058582350118
0.40327933487528367,1.0,,50.0,original,zero,60,1.0,,100.0,0.6,,10.0,0.057549786374413554,,50.0,0.1371472987068459,0.010000000000005116,retrodiction,0,0.07322171907577761,1.0,1.0,100/50/50 Hz,1.0,2000,transition,7,40,0.016918724532460724,0.040675824774148064,0.04527076576192916,after_return,0.35429528755572426
1.2512585234911213,1.0,,49.87234042553192,original,zero,60,1.0,,99.74468085106383,0.6,,6.808510638297872,0.06653513681900228,,49.97872340425532,0.15596424242989065,0.010000000000005116,horizon,0,0.08781771298363854,1.0,1.0,100/50/50 Hz,1.0,4700,transition,7,13,0.03666970836338967,0.051217510059124526,0.05731514880163327,flight,1.054476714813984
0.7584680594426969,1.0,,49.714285714285715,original,zero,25,1.0,,99.85714285714286,0.6,,10.0,0.03051845072367392,,50.0,0.05889685785899114,0.010000000000001563,horizon,0,0.0503176319759314,1.0,1.0,100/50/50 Hz,1.0,700,transition,7,18,0.024593671221402495,0.04311011080885102,0.04000610269811295,before_outage,0.3282112217935347
1.3887887515044606,1.0,,49.86666666666667,original,zero,40,1.0,,99.93333333333334,0.6,,0.13333333333333333,0.09289920184051999,,50.0,0.15596424242989065,0.010000000000005116,horizon,0,0.1096752142757896,1.0,1.0,100/50/50 Hz,1.0,1500,transition,7,25,0.09909061667798916,0.06152228383057954,0.05829571960131113,outage_window,1.1713848351282758
0.56843800009129,1.0,,50.0,original,zero,60,1.0,,100.0,0.6,,9.9,0.059022265713600176,,50.0,0.1540115483720325,0.010000000000005116,horizon,0,0.08804276481197991,1.0,1.0,100/50/50 Hz,1.0,2000,transition,7,40,0.03666970836338967,0.04376446556681548,0.065329171017018,after_return,0.39271042934589395
0.41293860296523777,1.0,,49.87234042553192,original,nominal,60,1.0,,99.65957446808511,0.6,,10.0,0.04256927424049136,,50.0,0.11659825729982953,0.010000000000005116,retrodiction,0,0.058081056783737026,1.0,1.0,100/50/50 Hz,1.0,4700,gps,7,13,0.03429211115832059,0.03200858262587564,0.0395128592707934,flight,0.3605606890535349
0.3900519149461695,1.0,,49.714285714285715,original,nominal,25,1.0,,99.85714285714286,0.6,,10.0,0.03768593160493548,,50.0,0.08722020770089108,0.010000000000001563,retrodiction,0,0.0480672230280338,1.0,1.0,100/50/50 Hz,1.0,700,gps,7,18,0.039500180553091714,0.03209753718242414,0.029836697013826245,before_outage,0.3453903753455161
0.31826652232332603,1.0,,49.93333333333333,original,nominal,40,1.0,,99.93333333333334,0.6,,10.0,0.03188199222522748,,50.0,0.055873585953003756,0.010000000000005116,retrodiction,0,0.04872396578578924,1.0,1.0,100/50/50 Hz,1.0,1500,gps,7,25,0.012383596810650425,0.030724202107612265,0.036845127407098145,outage_window,0.25060214598634095
0.4514893885550451,1.0,,49.95,original,nominal,60,1.0,,100.0,0.6,,10.0,0.052588730611260584,,50.0,0.11659825729982953,0.010000000000005116,retrodiction,0,0.06952458073865869,1.0,1.0,100/50/50 Hz,1.0,2000,gps,7,40,0.03429211115832059,0.030991326866947392,0.045476287662720834,after_return,0.41251194372340877
1.07050774575185,1.0,,49.8936170212766,original,nominal,60,1.0,,99.74468085106383,0.6,,10.0,0.03635147606690989,,49.97872340425532,0.08180397653292597,0.010000000000005116,horizon,0,0.06252237806981827,1.0,1.0,100/50/50 Hz,1.0,4700,gps,7,13,0.038173980644506854,0.044376586556651686,0.050868634218565086,flight,0.8274598311925127
0.7592682738096872,1.0,,49.714285714285715,original,nominal,25,1.0,,99.85714285714286,0.6,,10.0,0.030539225344176402,,50.0,0.05892790975736402,0.010000000000001563,horizon,0,0.047454951001415266,1.0,1.0,100/50/50 Hz,1.0,700,gps,7,18,0.024603881797370504,0.04311002154141754,0.036322556214070864,before_outage,0.3282557256737383
0.7729926150379012,1.0,,49.93333333333333,original,nominal,40,1.0,,99.93333333333334,0.6,,10.0,0.031729422973957776,,50.0,0.061492178138270605,0.010000000000005116,horizon,0,0.05624027078219312,1.0,1.0,100/50/50 Hz,1.0,1500,gps,7,25,0.01847612449006206,0.04402051481328059,0.0464350274619719,outage_window,0.33686402450929137
0.5786401696265869,1.0,,50.0,original,nominal,60,1.0,,100.0,0.6,,10.0,0.04362113850517994,,50.0,0.08180397653292597,0.010000000000005116,horizon,0,0.07477748159550673,1.0,1.0,100/50/50 Hz,1.0,2000,gps,7,40,0.038173980644506854,0.042000101658471754,0.060736052137739874,after_return,0.30744925515411686
5.840845711585201,1.0,,0.0,original,nominal,60,1.0,,100.0,0.6,,0.0,14.593653779057309,,49.808510638297875,27.742340378975502,0.010000000000005116,retrodiction,0,680.4063097647055,1.0,1.0,100/50/50 Hz,1.0,4700,denied,7,13,17.67642245646918,28.692393588033937,680.2497862087142,flight,4.116302357711242
6.207514436044673,1.0,,0.0,original,nominal,25,1.0,,100.0,0.6,,0.0,12.581347837706122,,50.0,20.289703362726854,0.010000000000001563,retrodiction,0,382.7263430982274,1.0,1.0,100/50/50 Hz,1.0,700,denied,7,18,20.289703362726854,29.998207471595776,382.51949412798393,before_outage,4.008554235763197
6.415042617869914,1.0,,0.0,original,nominal,40,1.0,,100.0,0.6,,0.0,14.375384086939135,,49.666666666666664,26.051748144400577,0.010000000000005116,retrodiction,0,609.3470953358589,1.0,1.0,100/50/50 Hz,1.0,1500,denied,7,25,19.792884663676453,30.899406154245014,609.1775036281308,outage_window,4.782134160634567
5.844881376837018,1.0,,0.0,original,nominal,60,1.0,,100.0,0.6,,0.0,16.387294534739883,,49.8,27.742340378975502,0.010000000000005116,retrodiction,0,861.3565829644402,1.0,1.0,100/50/50 Hz,1.0,2000,denied,7,40,17.67642245646918,26.613917098590136,861.2006848545863,after_return,4.053745353887258
3.236181756267325,1.0,,49.851063829787236,original,nominal,60,1.0,,99.74468085106383,0.6,,0.0,0.2964303128793571,,50.0,0.5182605614765107,0.010000000000005116,horizon,0,0.30270554214503076,1.0,1.0,100/50/50 Hz,1.0,4700,denied,7,13,0.31559875876572574,0.1230526777671585,0.06131651369381229,flight,2.9579449962341227
3.199574917267025,1.0,,49.57142857142857,original,nominal,25,1.0,,99.85714285714286,0.6,,0.0,0.28212358589893116,,50.0,0.37542536078108146,0.010000000000001563,horizon,0,0.2864812246353158,1.0,1.0,100/50/50 Hz,1.0,700,denied,7,18,0.14298116560064159,0.1192025678525166,0.04977724729310217,before_outage,2.8943781433338773
3.3278085451620987,1.0,,49.86666666666667,original,nominal,40,1.0,,99.93333333333334,0.6,,0.0,0.2630782080194476,,50.0,0.47414208190990054,0.010000000000005116,horizon,0,0.26811368865670054,1.0,1.0,100/50/50 Hz,1.0,1500,denied,7,25,0.2987138854732653,0.12100346402817902,0.05171853159534251,outage_window,3.044282093364279
3.0946503010016193,1.0,,50.0,original,nominal,60,1.0,,100.0,0.6,,0.0,0.3208570616050614,,50.0,0.5182605614765107,0.010000000000005116,horizon,0,0.3292952285794755,1.0,1.0,100/50/50 Hz,1.0,2000,denied,7,40,0.31559875876572574,0.12308076597067076,0.07406816848940485,after_return,2.8282677938180765
0.44707051177401136,1.0,,49.851063829787236,original,nominal,60,1.0,,99.65957446808511,0.6,,6.808510638297872,0.05009936164915244,,50.0,0.14592093139872117,0.010000000000005116,retrodiction,0,0.0642604761144891,1.0,1.0,100/50/50 Hz,1.0,4700,transition,7,13,0.03482132629748357,0.03678101838407121,0.040242549034675425,flight,0.3925581136418255
0.3900519149461695,1.0,,49.714285714285715,original,nominal,25,1.0,,99.85714285714286,0.6,,10.0,0.03768593160493548,,50.0,0.08722020770089108,0.010000000000001563,retrodiction,0,0.0480672230280338,1.0,1.0,100/50/50 Hz,1.0,700,transition,7,18,0.039500180553091714,0.03209753718242414,0.029836697013826245,before_outage,0.3453903753455161
0.42275649809103255,1.0,,49.86666666666667,original,nominal,40,1.0,,99.93333333333334,0.6,,0.06666666666666667,0.04112210944254196,,50.0,0.06850443421724862,0.010000000000005116,retrodiction,0,0.056901897256533045,1.0,1.0,100/50/50 Hz,1.0,1500,transition,7,25,0.03803706590987707,0.044132253150428354,0.03932935324142319,outage_window,0.36607346241055794
0.4634132914458087,1.0,,49.95,original,nominal,60,1.0,,100.0,0.6,,9.95,0.06244586956893138,,50.0,0.14592093139872117,0.010000000000005116,retrodiction,0,0.07721667995403346,1.0,1.0,100/50/50 Hz,1.0,2000,transition,7,40,0.03482132629748357,0.03129207164151678,0.0454194786066908,after_return,0.41640103434924924
1.2516888105793358,1.0,,49.87234042553192,original,nominal,60,1.0,,99.74468085106383,0.6,,6.808510638297872,0.06653952410886108,,49.97872340425532,0.15595447049840408,0.010000000000005116,horizon,0,0.08528269486952506,1.0,1.0,100/50/50 Hz,1.0,4700,transition,7,13,0.03667394078944511,0.05122152789312579,0.053344444655229195,flight,1.054564916470089
0.7592682738096872,1.0,,49.714285714285715,original,nominal,25,1.0,,99.85714285714286,0.6,,10.0,0.030539225344176402,,50.0,0.05892790975736402,0.010000000000001563,horizon,0,0.047454951001415266,1.0,1.0,100/50/50 Hz,1.0,700,transition,7,18,0.024603881797370504,0.04311002154141754,0.036322556214070864,before_outage,0.3282557256737383
1.389524772184035,1.0,,49.86666666666667,original,nominal,40,1.0,,99.93333333333334,0.6,,0.13333333333333333,0.0929053165509027,,50.0,0.15595447049840408,0.010000000000005116,horizon,0,0.10763376803959103,1.0,1.0,100/50/50 Hz,1.0,1500,transition,7,25,0.09913301169291418,0.06153358197820857,0.054347310687623294,outage_window,1.171800577346434
0.5688696854401771,1.0,,50.0,original,nominal,60,1.0,,100.0,0.6,,9.9,0.059022088459606575,,50.0,0.15403867400778784,0.010000000000005116,horizon,0,0.08473924090561208,1.0,1.0,100/50/50 Hz,1.0,2000,transition,7,40,0.03667394078944511,0.04376449176858667,0.06080404610818045,after_return,0.3927168144584448
0.810444792026488,1.0,,49.87234042553192,original,stress,60,1.0,,99.70212765957447,0.6,,10.0,0.052412380312839346,,50.0,0.1404719399305476,0.010000000000005116,retrodiction,0,0.06587521564071695,1.0,1.0,100/50/50 Hz,1.0,4700,gps,7,13,0.04545055462971772,0.037485105619534546,0.039905969799683486,flight,0.5786442071546614
0.7809954406143074,1.0,,49.714285714285715,original,stress,25,1.0,,99.85714285714286,0.6,,10.0,0.048278903027103755,,50.0,0.10537421544908883,0.010000000000001563,retrodiction,0,0.057006285159088475,1.0,1.0,100/50/50 Hz,1.0,700,gps,7,18,0.057525287093505816,0.03959601395358068,0.03031277074334879,before_outage,0.5213132789835332
0.6531638616526062,1.0,,49.93333333333333,original,stress,40,1.0,,100.0,0.6,,10.0,0.0373822238572765,,50.0,0.07562092125224473,0.010000000000005116,retrodiction,0,0.05257116257252204,1.0,1.0,100/50/50 Hz,1.0,1500,gps,7,25,0.017355305015149033,0.03287347903872706,0.03696344780605578,outage_window,0.3039304309714551
0.7911915094406519,1.0,,49.95,original,stress,60,1.0,,100.0,0.6,,10.0,0.0645887563040124,,50.0,0.1404719399305476,0.010000000000005116,retrodiction,0,0.07909149492568221,1.0,1.0,100/50/50 Hz,1.0,2000,gps,7,40,0.04545055462971772,0.03497341974287775,0.0456481886681182,after_return,0.596851445471089
1.0701535555945665,1.0,,49.8936170212766,original,stress,60,1.0,,99.74468085106383,0.6,,10.0,0.036351398934431955,,49.97872340425532,0.08180537556159154,0.010000000000005116,horizon,0,0.06593174085074122,1.0,1.0,100/50/50 Hz,1.0,4700,gps,7,13,0.03817285469141552,0.044375844252718746,0.05500518382042802,flight,0.8271702854061203
0.7590543966366624,1.0,,49.714285714285715,original,stress,25,1.0,,99.85714285714286,0.6,,10.0,0.03054146686107533,,50.0,0.058929595207449975,0.010000000000001563,horizon,0,0.05045098707599724,1.0,1.0,100/50/50 Hz,1.0,700,gps,7,18,0.024608246688297197,0.04310930097521148,0.040156206231618516,before_outage,0.32826137909748115
0.7728072414602923,1.0,,49.93333333333333,original,stress,40,1.0,,99.93333333333334,0.6,,10.0,0.03172855699310986,,50.0,0.06149029599070309,0.010000000000005116,horizon,0,0.05973988437899586,1.0,1.0,100/50/50 Hz,1.0,1500,gps,7,25,0.018473221495907906,0.04401991917725396,0.05061770892435543,outage_window,0.3368392047103261
0.5785353506243214,1.0,,50.0,original,stress,60,1.0,,100.0,0.6,,10.0,0.043620436031674016,,50.0,0.08180537556159154,0.010000000000005116,horizon,0,0.0786264488211244,1.0,1.0,100/50/50 Hz,1.0,2000,gps,7,40,0.03817285469141552,0.042000090020131775,0.0654169398139926,after_return,0.307460117020846
32.91136157160744,1.0,,49.808510638297875,original,stress,60,1.0,,99.7872340425532,0.6,,0.0,24.048153612743874,,0.0,28.35940132801333,0.010000000000005116,retrodiction,0,24.04819017194874,1.0,1.0,100/50/50 Hz,1.0,4700,denied,7,13,25.37634509381014,1.1907994066193486,0.04193285210452385,flight,32.83844368464494
33.70006834529062,1.0,,49.285714285714285,original,stress,25,1.0,,99.85714285714286,0.6,,0.0,20.705490845025192,,0.0,24.747598543969627,0.010000000000001563,retrodiction,0,20.705516092404018,1.0,1.0,100/50/50 Hz,1.0,700,denied,7,18,24.56249957444303,1.2525558062257005,0.032334492103744755,before_outage,33.62043385796679
32.19107765279603,1.0,,49.93333333333333,original,stress,40,1.0,,100.0,0.6,,0.0,24.108028338173213,,0.0,25.82740556803308,0.010000000000005116,retrodiction,0,24.108058940796806,1.0,1.0,100/50/50 Hz,1.0,1500,denied,7,25,23.256891869297394,1.1730104376619896,0.038412742286224585,outage_window,32.12354326637841
32.84690686834438,1.0,,49.95,original,stress,60,1.0,,100.0,0.6,,0.0,25.77854805741051,,0.0,28.35940132801333,0.010000000000005116,retrodiction,0,25.77859207065143,1.0,1.0,100/50/50 Hz,1.0,2000,denied,7,40,25.37634509381014,1.1906225634279255,0.0476360874718946,after_return,32.787457318896735
2.924232867962078,1.0,,49.851063829787236,original,stress,60,1.0,,99.74468085106383,0.6,,0.0,0.2749398998639121,,50.0,0.48688001252976176,0.010000000000005116,horizon,0,0.28260320615853496,1.0,1.0,100/50/50 Hz,1.0,4700,denied,7,13,0.307477248370869,0.11279405853915757,0.06536530879530354,flight,2.6691537194246355
2.8716399916063864,1.0,,49.57142857142857,original,stress,25,1.0,,99.85714285714286,0.6,,0.0,0.252191112485756,,50.0,0.33795523050553755,0.010000000000001563,horizon,0,0.2576652995619343,1.0,1.0,100/50/50 Hz,1.0,700,denied,7,18,0.11886458299968025,0.10852613602081354,0.05283038312882195,before_outage,2.588187865926088
3.011710518698249,1.0,,49.86666666666667,original,stress,40,1.0,,99.93333333333334,0.6,,0.0,0.24419060827537672,,50.0,0.4408696022059495,0.010000000000005116,horizon,0,0.2504862022182095,1.0,1.0,100/50/50 Hz,1.0,1500,denied,7,25,0.28194060406790544,0.11068778154359622,0.055805773283803234,outage_window,2.7521078247744244
2.80363308945469,1.0,,50.0,original,stress,60,1.0,,100.0,0.6,,0.0,0.301693189375237,,50.0,0.48688001252976176,0.010000000000005116,horizon,0,0.3118249413442213,1.0,1.0,100/50/50 Hz,1.0,2000,denied,7,40,0.307477248370869,0.11326554484444952,0.07884169917578154,after_return,2.559864480893874
0.8926088241277875,1.0,,49.851063829787236,original,stress,60,1.0,,99.70212765957447,0.6,,6.808510638297872,0.06860185445258667,,50.0,0.15083467239805062,0.010000000000005116,retrodiction,0,0.07974962758526816,1.0,1.0,100/50/50 Hz,1.0,4700,transition,7,13,0.0532618416960837,0.043588523518935156,0.040666800533790196,flight,0.6708427685652835
0.7809954406143074,1.0,,49.714285714285715,original,stress,25,1.0,,99.85714285714286,0.6,,10.0,0.048278903027103755,,50.0,0.10537421544908883,0.010000000000001563,retrodiction,0,0.057006285159088475,1.0,1.0,100/50/50 Hz,1.0,700,transition,7,18,0.057525287093505816,0.03959601395358068,0.03031277074334879,before_outage,0.5213132789835332
0.9043916736286114,1.0,,49.86666666666667,original,stress,40,1.0,,100.0,0.6,,0.06666666666666667,0.07535969910660113,,50.0,0.12456874906668232,0.010000000000005116,retrodiction,0,0.08513443540973854,1.0,1.0,100/50/50 Hz,1.0,1500,transition,7,25,0.06317375298396749,0.050531775737615234,0.0396079265185327,outage_window,0.6707811736016017
0.8132299612734151,1.0,,49.95,original,stress,60,1.0,,100.0,0.6,,9.95,0.07459548100425835,,50.0,0.15083467239805062,0.010000000000005116,retrodiction,0,0.08740957986342927,1.0,1.0,100/50/50 Hz,1.0,2000,transition,7,40,0.0532618416960837,0.03579644814001863,0.0455625818588516,after_return,0.5989770528804582
1.251221417161577,1.0,,49.87234042553192,original,stress,60,1.0,,99.74468085106383,0.6,,6.808510638297872,0.0665304862025392,,49.97872340425532,0.15591488688973454,0.010000000000005116,horizon,0,0.0879107104638762,1.0,1.0,100/50/50 Hz,1.0,4700,transition,7,13,0.03667243636284771,0.05121580486793387,0.05746292213172955,flight,1.0541509423226074
0.7590543966366624,1.0,,49.714285714285715,original,stress,25,1.0,,99.85714285714286,0.6,,10.0,0.03054146686107533,,50.0,0.058929595207449975,0.010000000000001563,horizon,0,0.05045098707599724,1.0,1.0,100/50/50 Hz,1.0,700,transition,7,18,0.024608246688297197,0.04310930097521148,0.040156206231618516,before_outage,0.32826137909748115
1.3889504720327348,1.0,,49.86666666666667,original,stress,40,1.0,,99.93333333333334,0.6,,0.13333333333333333,0.09288370797557205,,50.0,0.15591488688973454,0.010000000000005116,horizon,0,0.10974397217642755,1.0,1.0,100/50/50 Hz,1.0,1500,transition,7,25,0.0991231020584393,0.06152039930590344,0.058449604119866876,outage_window,1.1712887136481485
0.5687758004175714,1.0,,50.0,original,stress,60,1.0,,100.0,0.6,,9.9,0.05902289637873854,,50.0,0.15405106871238866,0.010000000000005116,horizon,0,0.08815898050609858,1.0,1.0,100/50/50 Hz,1.0,2000,transition,7,40,0.03667243636284771,0.0437639600294844,0.06548513989401995,after_return,0.39267615667635436
0.6435556058082977,1.0,,49.8936170212766,original,zero,60,1.0,,99.65957446808511,0.6,,10.0,0.041875468904816346,,50.0,0.09125456256046334,0.010000000000005116,retrodiction,0,0.06618491671544081,1.0,1.0,100/50/50 Hz,1.0,4700,gps,19,13,0.06915338205645408,0.04334715305631824,0.051253178483208206,flight,0.5358177765130673
0.4416218358810089,1.0,,50.0,original,zero,25,1.0,,100.0,0.6,,10.0,0.027522923519827918,,50.0,0.04879791348292319,0.010000000000001563,retrodiction,0,0.04667045015454164,1.0,1.0,100/50/50 Hz,1.0,700,gps,19,18,0.041696404203955414,0.04242165727568208,0.03769110768535808,before_outage,0.2748320463129176
0.520040189982958,1.0,,49.8,original,zero,40,1.0,,100.0,0.6,,10.0,0.04138210301667037,,50.0,0.06814122333918467,0.010000000000005116,retrodiction,0,0.06360639036471459,1.0,1.0,100/50/50 Hz,1.0,1500,gps,19,25,0.03812795951509994,0.04210430759154955,0.048304186621307865,outage_window,0.373030507579191
0.3979464508853711,1.0,,49.95,original,zero,60,1.0,,100.0,0.6,,10.0,0.04770958213951115,,50.0,0.09125456256046334,0.010000000000005116,retrodiction,0,0.07708286921378536,1.0,1.0,100/50/50 Hz,1.0,2000,gps,19,40,0.06915338205645408,0.04413088085429327,0.06054390554219952,after_return,0.285665309801863
0.6781867980776023,1.0,,49.8936170212766,original,zero,60,1.0,,99.57446808510639,0.6,,10.0,0.04363936279182738,,50.0,0.10587646567443341,0.010000000000005116,horizon,0,0.09972850882786122,1.0,1.0,100/50/50 Hz,1.0,4700,gps,19,13,0.08223570907830569,0.04692034519997537,0.08967375027371201,flight,0.5666269950838707
0.4412913726733953,1.0,,49.857142857142854,original,zero,25,1.0,,100.0,0.6,,10.0,0.028630790858019284,,50.0,0.05663511653761845,0.010000000000001563,horizon,0,0.07985569895791937,1.0,1.0,100/50/50 Hz,1.0,700,gps,19,18,0.036184319465190254,0.04602263241517643,0.07454669993300982,before_outage,0.26130278238326693
0.5368524222442196,1.0,,49.8,original,zero,40,1.0,,100.0,0.6,,10.0,0.04316601451204425,,50.0,0.0782484187869722,0.010000000000005116,horizon,0,0.09428359539195867,1.0,1.0,100/50/50 Hz,1.0,1500,gps,19,25,0.04763413079161387,0.04507780789839944,0.08382178446669192,outage_window,0.38042673208760497
0.40048492342777003,1.0,,49.95,original,zero,60,1.0,,100.0,0.6,,10.0,0.04905654779141232,,50.0,0.10587646567443341,0.010000000000005116,horizon,0,0.11492899418687848,1.0,1.0,100/50/50 Hz,1.0,2000,gps,19,40,0.08223570907830569,0.04646105155940468,0.10393329025676243,after_return,0.2864950298379264
3.1865474496322097,1.0,,49.91489361702128,original,zero,60,1.0,,99.63829787234043,0.6,,0.0,0.49336332585546866,,50.0,0.7353830798854466,0.010000000000005116,retrodiction,0,0.4962814479129562,1.0,1.0,100/50/50 Hz,1.0,4700,denied,19,13,0.6316904754729886,0.1206517863717386,0.05373922443998323,flight,2.9456143666340164
3.1033039109860185,1.0,,50.0,original,zero,25,1.0,,100.0,0.6,,0.0,0.3783247505764313,,50.0,0.5358893005846929,0.010000000000001563,retrodiction,0,0.38044582891552714,1.0,1.0,100/50/50 Hz,1.0,700,denied,19,18,0.5288944327203856,0.11915144341463947,0.04011747550013136,before_outage,2.86266973398235
3.250155386114944,1.0,,49.86666666666667,original,zero,40,1.0,,100.0,0.6,,0.0,0.512245842329607,,50.0,0.6710272275266357,0.010000000000005116,retrodiction,0,0.5146269054254544,1.0,1.0,100/50/50 Hz,1.0,1500,denied,19,25,0.46663513423480857,0.11881747241329331,0.04944743475460544,outage_window,2.9901718099943295
3.0549403096597016,1.0,,49.95,original,zero,60,1.0,,100.0,0.6,,0.0,0.5264461055610747,,50.0,0.7353830798854466,0.010000000000005116,retrodiction,0,0.5303136056078329,1.0,1.0,100/50/50 Hz,1.0,2000,denied,19,40,0.6316904754729886,0.12103363004663949,0.06392979143058426,after_return,2.8238282231825487
2.521782177173004,1.0,,49.91489361702128,original,zero,60,1.0,,99.57446808510639,0.6,,0.0,0.5573605118726733,,50.0,0.7109425295673324,0.010000000000005116,horizon,0,0.5656950224453209,1.0,1.0,100/50/50 Hz,1.0,4700,denied,19,13,0.6927279221019503,0.09848153396772404,0.09674770397504887,flight,2.3261740808641704
2.342771680863647,1.0,,49.857142857142854,original,zero,25,1.0,,100.0,0.6,,0.0,0.5142532751621197,,50.0,0.6382785086700509,0.010000000000001563,horizon,0,0.5200233216929893,1.0,1.0,100/50/50 Hz,1.0,700,denied,19,18,0.4733567154255618,0.09340194591584425,0.07725169311829624,before_outage,2.1476975438474666
2.5672684290292622,1.0,,49.86666666666667,original,zero,40,1.0,,100.0,0.6,,0.0,0.5870268014874711,,50.0,0.7109425295673324,0.010000000000005116,horizon,0,0.5932265726280751,1.0,1.0,100/50/50 Hz,1.0,1500,denied,19,25,0.6208249259816956,0.09717989368458368,0.08554122285449345,outage_window,2.3546778254818737
2.4518049387029386,1.0,,49.95,original,zero,60,1.0,,100.0,0.6,,0.0,0.5636988773999347,,50.0,0.7076031717337958,0.010000000000005116,horizon,0,0.575456208588258,1.0,1.0,100/50/50 Hz,1.0,2000,denied,19,40,0.6927279221019503,0.09898521470981032,0.11572995991024129,after_return,2.260868788947273
0.7233945825465644,1.0,,49.91489361702128,original,zero,60,1.0,,99.65957446808511,0.6,,6.808510638297872,0.05112213476616402,,50.0,0.1435077232739842,0.010000000000005116,retrodiction,0,0.07277829014010637,1.0,1.0,100/50/50 Hz,1.0,4700,transition,19,13,0.06899355743696071,0.0456038748593875,0.05179968004406655,flight,0.6194224535532965
0.4416218358810089,1.0,,50.0,original,zero,25,1.0,,100.0,0.6,,10.0,0.027522923519827918,,50.0,0.04879791348292319,0.010000000000001563,retrodiction,0,0.04667045015454164,1.0,1.0,100/50/50 Hz,1.0,700,transition,19,18,0.041696404203955414,0.04242165727568208,0.03769110768535808,before_outage,0.2748320463129176
0.7671037032108361,1.0,,49.86666666666667,original,zero,40,1.0,,100.0,0.6,,0.0,0.0657141858489524,,50.0,0.10583402654259212,0.010000000000005116,retrodiction,0,0.08265878283909679,1.0,1.0,100/50/50 Hz,1.0,1500,transition,19,25,0.05719393224024368,0.04875125650223925,0.050141002768695264,outage_window,0.6591486058623194
0.41991193558064077,1.0,,49.95,original,zero,60,1.0,,100.0,0.6,,10.0,0.04840045611062731,,50.0,0.1435077232739842,0.010000000000005116,retrodiction,0,0.07749127662373474,1.0,1.0,100/50/50 Hz,1.0,2000,transition,19,40,0.06899355743696071,0.044343365648425004,0.06051688856062759,after_return,0.29509662544794696
0.7860835191847765,1.0,,49.91489361702128,original,zero,60,1.0,,99.57446808510639,0.6,,6.808510638297872,0.05289288016663797,,50.0,0.1556436123709224,0.010000000000005116,horizon,0,0.106024936423597,1.0,1.0,100/50/50 Hz,1.0,4700,transition,19,13,0.08205337676399312,0.04928651633771446,0.09188922881004859,flight,0.6794431633267697
0.4412913726733953,1.0,,49.857142857142854,original,zero,25,1.0,,100.0,0.6,,10.0,0.028630790858019284,,50.0,0.05663511653761845,0.010000000000001563,horizon,0,0.07985569895791937,1.0,1.0,100/50/50 Hz,1.0,700,transition,19,18,0.036184319465190254,0.04602263241517643,0.07454669993300982,before_outage,0.26130278238326693
0.8646039521992492,1.0,,49.86666666666667,original,zero,40,1.0,,100.0,0.6,,0.13333333333333333,0.06749831878400933,,50.0,0.11228708089273454,0.010000000000005116,horizon,0,0.11344471516054687,1.0,1.0,100/50/50 Hz,1.0,1500,transition,19,25,0.06270728013929627,0.05206318492889306,0.0911793856043671,outage_window,0.7529701665954615
0.4326285831252888,1.0,,49.95,original,zero,60,1.0,,100.0,0.6,,9.9,0.04986154589809639,,50.0,0.1556436123709224,0.010000000000005116,horizon,0,0.11518635271744612,1.0,1.0,100/50/50 Hz,1.0,2000,transition,19,40,0.08205337676399312,0.04674037793704964,0.10383507159433143,after_return,0.3094436049413487
0.7788133029831755,1.0,,49.91489361702128,original,nominal,60,1.0,,99.57446808510639,0.6,,10.0,0.045700516369191084,,50.0,0.10851204532025761,0.010000000000005116,retrodiction,0,0.06899329678320465,1.0,1.0,100/50/50 Hz,1.0,4700,gps,19,13,0.047452811352279266,0.035700370367562975,0.05168692102074425,flight,0.672185908500146
0.8326534900304609,1.0,,50.0,original,nominal,25,1.0,,100.0,0.6,,10.0,0.04752117916072518,,50.0,0.07090575089500972,0.010000000000001563,retrodiction,0,0.06134092185760922,1.0,1.0,100/50/50 Hz,1.0,700,gps,19,18,0.031720926883815274,0.040894218248934744,0.03878719151363733,before_outage,0.6478419160395771
0.5540993729087994,1.0,,49.86666666666667,original,nominal,40,1.0,,100.0,0.6,,10.0,0.03502232212647738,,50.0,0.06685040605838076,0.010000000000005116,retrodiction,0,0.05993519183085322,1.0,1.0,100/50/50 Hz,1.0,1500,gps,19,25,0.03816473164518061,0.03582734705750857,0.04863809384289671,outage_window,0.41947865631505654
0.39304796186706803,1.0,,49.95,original,nominal,60,1.0,,100.0,0.6,,10.0,0.04833521758535565,,50.0,0.09139201895542044,0.010000000000005116,retrodiction,0,0.07770983202825842,1.0,1.0,100/50/50 Hz,1.0,2000,gps,19,40,0.047452811352279266,0.031679682255535274,0.06084837495641494,after_return,0.31458334471173827
0.670164802868124,1.0,,49.8936170212766,original,nominal,60,1.0,,99.57446808510639,0.6,,10.0,0.04362926291110184,,50.0,0.10588345074249515,0.010000000000005116,horizon,0,0.10035655355329903,1.0,1.0,100/50/50 Hz,1.0,4700,gps,19,13,0.08223790762499535,0.04690142247083964,0.0903765747244834,flight,0.5598380939386237
0.43749642966850477,1.0,,49.857142857142854,original,nominal,25,1.0,,100.0,0.6,,10.0,0.028629940596134648,,50.0,0.05656344721516554,0.010000000000001563,horizon,0,0.08051978805337003,1.0,1.0,100/50/50 Hz,1.0,700,gps,19,18,0.03625321512107743,0.0459991623536815,0.07525797479085809,before_outage,0.26131660086607367
0.5335842780233916,1.0,,49.8,original,nominal,40,1.0,,100.0,0.6,,10.0,0.0431706510373104,,50.0,0.07822196797600132,0.010000000000005116,horizon,0,0.09491531037704565,1.0,1.0,100/50/50 Hz,1.0,1500,gps,19,25,0.04760755329878447,0.0450748341074203,0.08452935012754847,outage_window,0.3800277427673951
0.3981972898058463,1.0,,49.95,original,nominal,60,1.0,,100.0,0.6,,10.0,0.049066910987134775,,50.0,0.10588345074249515,0.010000000000005116,horizon,0,0.11558459909044518,1.0,1.0,100/50/50 Hz,1.0,2000,gps,19,40,0.08223790762499535,0.04646211160973247,0.10465293972497634,after_return,0.28635719632207274
3.146493290806642,1.0,,49.91489361702128,original,nominal,60,1.0,,99.63829787234043,0.6,,0.0,0.8080593720962214,,50.0,1.0268972639371075,0.010000000000005116,retrodiction,0,0.8098583435902673,1.0,1.0,100/50/50 Hz,1.0,4700,denied,19,13,0.9628475826704826,0.11822484544702169,0.05394986422811438,flight,2.8879666604300893
2.941539446406801,1.0,,50.0,original,nominal,25,1.0,,100.0,0.6,,0.0,0.7107424456675493,,50.0,0.8569607894988254,0.010000000000001563,retrodiction,0,0.7118704655518858,1.0,1.0,100/50/50 Hz,1.0,700,denied,19,18,0.8438024270798623,0.11251874598008277,0.04005915190776608,before_outage,2.670431753907004
3.110184467935831,1.0,,49.86666666666667,original,nominal,40,1.0,,100.0,0.6,,0.0,0.8228224337837079,,50.0,1.0103767266122932,0.010000000000005116,retrodiction,0,0.8242901109252582,1.0,1.0,100/50/50 Hz,1.0,1500,denied,19,25,0.7620930586386558,0.1142853768328694,0.04916736144466428,outage_window,2.8553478986960266
3.13741242593972,1.0,,49.95,original,nominal,60,1.0,,100.0,0.6,,0.0,0.8292797923969006,,50.0,1.0268972639371075,0.010000000000005116,retrodiction,0,0.8317983008260434,1.0,1.0,100/50/50 Hz,1.0,2000,denied,19,40,0.9628475826704826,0.12115023795967135,0.0646795112786621,after_return,2.873566779011177
2.5335249529156654,1.0,,49.91489361702128,original,nominal,60,1.0,,99.57446808510639,0.6,,0.0,0.579183393840609,,50.0,0.7352527400540863,0.010000000000005116,horizon,0,0.5873363390932236,1.0,1.0,100/50/50 Hz,1.0,4700,denied,19,13,0.7196613666129072,0.09883796377666981,0.09752215911629582,flight,2.3361105458223017
2.3514571833111084,1.0,,49.857142857142854,original,nominal,25,1.0,,100.0,0.6,,0.0,0.5302784197582786,,50.0,0.6564219251068564,0.010000000000001563,horizon,0,0.5359869724584062,1.0,1.0,100/50/50 Hz,1.0,700,denied,19,18,0.5050404268987554,0.09361209620068173,0.0780181529119414,before_outage,2.153872303903179
2.57842800501952,1.0,,49.86666666666667,original,nominal,40,1.0,,100.0,0.6,,0.0,0.6081830858607974,,50.0,0.7305841213731517,0.010000000000005116,horizon,0,0.6142765544705261,1.0,1.0,100/50/50 Hz,1.0,1500,denied,19,25,0.6379977790035394,0.09748532050997567,0.08630770211875166,outage_window,2.364195371374235
2.464861946879611,1.0,,49.95,original,nominal,60,1.0,,100.0,0.6,,0.0,0.5880171344211582,,50.0,0.7352527400540863,0.010000000000005116,horizon,0,0.5994548821430534,1.0,1.0,100/50/50 Hz,1.0,2000,denied,19,40,0.7196613666129072,0.09945217633424083,0.1165418609439185,after_return,2.271956391339277
0.9471252506986371,1.0,,49.91489361702128,original,nominal,60,1.0,,99.57446808510639,0.6,,6.808510638297872,0.06103901000168351,,50.0,0.17631234095216577,0.010000000000005116,retrodiction,0,0.08034908123580338,1.0,1.0,100/50/50 Hz,1.0,4700,transition,19,13,0.04737150571484078,0.04353370064498253,0.05225145082628913,flight,0.844099871819347
0.8326534900304609,1.0,,50.0,original,nominal,25,1.0,,100.0,0.6,,10.0,0.04752117916072518,,50.0,0.07090575089500972,0.010000000000001563,retrodiction,0,0.06134092185760922,1.0,1.0,100/50/50 Hz,1.0,700,transition,19,18,0.031720926883815274,0.040894218248934744,0.03878719151363733,before_outage,0.6478419160395771
1.0769136773726393,1.0,,49.86666666666667,original,nominal,40,1.0,,100.0,0.6,,0.06666666666666667,0.07585020758577964,,50.0,0.12493911029373664,0.010000000000005116,retrodiction,0,0.09111714384982281,1.0,1.0,100/50/50 Hz,1.0,1500,transition,19,25,0.08603629671597975,0.056226013962460936,0.050488413646533226,outage_window,0.9775006961614258
0.4445388310535723,1.0,,49.95,original,nominal,60,1.0,,100.0,0.6,,9.95,0.0528086203509275,,50.0,0.17631234095216577,0.010000000000005116,retrodiction,0,0.08057048243055034,1.0,1.0,100/50/50 Hz,1.0,2000,transition,19,40,0.04737150571484078,0.03246297125434617,0.06085106618394806,after_return,0.3562020075689801
0.7751358699797374,1.0,,49.91489361702128,original,nominal,60,1.0,,99.57446808510639,0.6,,6.808510638297872,0.05262612274108239,,50.0,0.15546958252264267,0.010000000000005116,horizon,0,0.10650855222256907,1.0,1.0,100/50/50 Hz,1.0,4700,transition,19,13,0.08205150978393239,0.04918932495642532,0.09259893574868046,flight,0.6695986854582049
0.43749642966850477,1.0,,49.857142857142854,original,nominal,25,1.0,,100.0,0.6,,10.0,0.028629940596134648,,50.0,0.05656344721516554,0.010000000000001563,horizon,0,0.08051978805337003,1.0,1.0,100/50/50 Hz,1.0,700,transition,19,18,0.03625321512107743,0.0459991623536815,0.07525797479085809,before_outage,0.26131660086607367
0.85139470619706,1.0,,49.86666666666667,original,nominal,40,1.0,,100.0,0.6,,0.13333333333333333,0.06687540254795515,,50.0,0.11127974015104093,0.010000000000005116,horizon,0,0.11366262377276828,1.0,1.0,100/50/50 Hz,1.0,1500,transition,19,25,0.06214066254644616,0.051831852441780124,0.0919068690412138,outage_window,0.7412734161987786
0.43008159731007073,1.0,,49.95,original,nominal,60,1.0,,100.0,0.6,,9.9,0.04986172968509603,,50.0,0.15546958252264267,0.010000000000005116,horizon,0,0.11583515089559752,1.0,1.0,100/50/50 Hz,1.0,2000,transition,19,40,0.08205150978393239,0.04673613519166352,0.10455424475274191,after_return,0.30873818002115755
0.8400292286690555,1.0,,49.91489361702128,original,stress,60,1.0,,99.44680851063829,0.6,,10.0,0.05452864149721658,,50.0,0.1307140196860216,0.010000000000005116,retrodiction,0,0.07509261409261811,1.0,1.0,100/50/50 Hz,1.0,4700,gps,19,13,0.04439099879541071,0.04043634716284613,0.05162875117345853,flight,0.7071450659013212
0.8867817325106995,1.0,,50.0,original,stress,25,1.0,,100.0,0.6,,10.0,0.045319413647027906,,50.0,0.0698775074150259,0.010000000000001563,retrodiction,0,0.0603057571648063,1.0,1.0,100/50/50 Hz,1.0,700,gps,19,18,0.030109172341179973,0.045036174403130624,0.03978611684884776,before_outage,0.7180003374237437
0.7202947188729834,1.0,,49.86666666666667,original,stress,40,1.0,,100.0,0.6,,10.0,0.0435953108393372,,50.0,0.0870111116571949,0.010000000000005116,retrodiction,0,0.06507914561270463,1.0,1.0,100/50/50 Hz,1.0,1500,gps,19,25,0.05572613157907294,0.040137853954270816,0.04831918942305612,outage_window,0.5936273517830841
0.48780221898080817,1.0,,49.95,original,stress,60,1.0,,100.0,0.6,,10.0,0.05606395813420362,,50.0,0.12582387007068085,0.010000000000005116,retrodiction,0,0.08269703788007117,1.0,1.0,100/50/50 Hz,1.0,2000,gps,19,40,0.04439099879541071,0.03116047181113272,0.06079171549203223,after_return,0.33287525833472376
0.6711716469583257,1.0,,49.8936170212766,original,stress,60,1.0,,99.57446808510639,0.6,,10.0,0.0436281465958824,,50.0,0.10588228729358942,0.010000000000005116,horizon,0,0.08377303771127946,1.0,1.0,100/50/50 Hz,1.0,4700,gps,19,13,0.08223688869252467,0.04690359302467029,0.07151577918182564,flight,0.5607406118798384
0.4378914268515444,1.0,,49.857142857142854,original,stress,25,1.0,,100.0,0.6,,10.0,0.028628182603288248,,50.0,0.056561734823719886,0.010000000000001563,horizon,0,0.06300854575412398,1.0,1.0,100/50/50 Hz,1.0,700,gps,19,18,0.03624630734613655,0.04600127486613928,0.05612935060093177,before_outage,0.26132525213971075
0.5339418073634031,1.0,,49.8,original,stress,40,1.0,,100.0,0.6,,10.0,0.04316930693743542,,50.0,0.07822950078498746,0.010000000000005116,horizon,0,0.07857012392401387,1.0,1.0,100/50/50 Hz,1.0,1500,gps,19,25,0.047615299701525095,0.04507476265659842,0.0656481173528715,outage_window,0.380083852478203
0.3984493121845412,1.0,,49.95,original,stress,60,1.0,,100.0,0.6,,10.0,0.049066866257755484,,50.0,0.10588228729358942,0.010000000000005116,horizon,0,0.09820481123968695,1.0,1.0,100/50/50 Hz,1.0,2000,gps,19,40,0.08223688869252467,0.04646199072358611,0.08506837006940994,after_return,0.2863738973994606
4.933459559257443,1.0,,49.91489361702128,original,stress,60,1.0,,99.61702127659575,0.6,,0.0,0.7273008499620295,,50.0,1.0388183287144994,0.010000000000005116,retrodiction,0,0.7293293643240286,1.0,1.0,100/50/50 Hz,1.0,4700,denied,19,13,0.6001688058206524,0.17987237101241915,0.054358028935944665,flight,4.556838919084082
5.122461516552038,1.0,,50.0,original,stress,25,1.0,,100.0,0.6,,0.0,0.8660687976699449,,50.0,1.0256401091114087,0.010000000000001563,retrodiction,0,0.8671303281946957,1.0,1.0,100/50/50 Hz,1.0,700,denied,19,18,0.5192471542597289,0.18880298854989055,0.042893400163388995,before_outage,4.7631466588367175
4.906989600248425,1.0,,49.86666666666667,original,stress,40,1.0,,100.0,0.6,,0.0,0.7056588836481777,,50.0,1.0388183287144994,0.010000000000005116,retrodiction,0,0.7072360994533217,1.0,1.0,100/50/50 Hz,1.0,1500,denied,19,25,0.8611077261621126,0.17563293120332132,0.04720635866444609,outage_window,4.527005189685912
4.678867499825018,1.0,,49.95,original,stress,60,1.0,,100.0,0.6,,0.0,0.7077388797133788,,50.0,0.9918327185750628,0.010000000000005116,retrodiction,0,0.7108311019583248,1.0,1.0,100/50/50 Hz,1.0,2000,denied,19,40,0.6001688058206524,0.17508285297567866,0.0662309116148781,after_return,4.309604333978447
2.557284324526618,1.0,,49.91489361702128,original,stress,60,1.0,,99.57446808510639,0.6,,0.0,0.5134372362468776,,50.0,0.6863357572020506,0.010000000000005116,horizon,0,0.5194497206145513,1.0,1.0,100/50/50 Hz,1.0,4700,denied,19,13,0.6619747139577505,0.09960793672584638,0.07880492802930161,flight,2.3587782881517922
2.378721821754625,1.0,,49.857142857142854,original,stress,25,1.0,,100.0,0.6,,0.0,0.4526138436338731,,50.0,0.5821354153670041,0.010000000000001563,horizon,0,0.4565411994804738,1.0,1.0,100/50/50 Hz,1.0,700,denied,19,18,0.463687134631842,0.09450484259612853,0.05975429167885505,before_outage,2.180583540401362
2.6032047193321284,1.0,,49.86666666666667,original,stress,40,1.0,,100.0,0.6,,0.0,0.5402696291770391,,50.0,0.6546664618922333,0.010000000000005116,horizon,0,0.5445146891302574,1.0,1.0,100/50/50 Hz,1.0,1500,denied,19,25,0.5561394861193726,0.09830865806572779,0.06785996218334779,outage_window,2.3876810082919424
2.4855135797035315,1.0,,49.95,original,stress,60,1.0,,100.0,0.6,,0.0,0.5274121002605177,,50.0,0.6863357572020506,0.010000000000005116,horizon,0,0.5361757675711177,1.0,1.0,100/50/50 Hz,1.0,2000,denied,19,40,0.6619747139577505,0.10009051225220626,0.09654496480535385,after_return,2.29177655701504
0.9991008101162331,1.0,,49.91489361702128,original,stress,60,1.0,,99.44680851063829,0.6,,6.808510638297872,0.06596566832708245,,50.0,0.19658197305984165,0.010000000000005116,retrodiction,0,0.08404366876251242,1.0,1.0,100/50/50 Hz,1.0,4700,transition,19,13,0.045944329054610544,0.04757244873402478,0.052075607161359706,flight,0.8748581593255812
0.8867817325106995,1.0,,50.0,original,stress,25,1.0,,100.0,0.6,,10.0,0.045319413647027906,,50.0,0.0698775074150259,0.010000000000001563,retrodiction,0,0.0603057571648063,1.0,1.0,100/50/50 Hz,1.0,700,transition,19,18,0.030109172341179973,0.045036174403130624,0.03978611684884776,before_outage,0.7180003374237437
1.178144109443765,1.0,,49.86666666666667,original,stress,40,1.0,,100.0,0.6,,0.06666666666666667,0.07538892023448154,,50.0,0.12567093844272825,0.010000000000005116,retrodiction,0,0.090327935563288,1.0,1.0,100/50/50 Hz,1.0,1500,transition,19,25,0.10550446080642491,0.05917120027013338,0.04975587049790694,outage_window,1.0723785288999708
0.5230220074098471,1.0,,49.95,original,stress,60,1.0,,100.0,0.6,,9.95,0.059535627267103576,,50.0,0.19658197305984165,0.010000000000005116,retrodiction,0,0.0851078597803023,1.0,1.0,100/50/50 Hz,1.0,2000,transition,19,40,0.045944329054610544,0.03208162399518495,0.06081822820747175,after_return,0.36893423375218865
0.7765590116840752,1.0,,49.91489361702128,original,stress,60,1.0,,99.57446808510639,0.6,,6.808510638297872,0.05266430755020019,,50.0,0.1555089872620594,0.010000000000005116,horizon,0,0.09059034747692998,1.0,1.0,100/50/50 Hz,1.0,4700,transition,19,13,0.0820523924232515,0.0492008329359448,0.07370944150004693,flight,0.6709431690110793
0.4378914268515444,1.0,,49.857142857142854,original,stress,25,1.0,,100.0,0.6,,10.0,0.028628182603288248,,50.0,0.056561734823719886,0.010000000000001563,horizon,0,0.06300854575412398,1.0,1.0,100/50/50 Hz,1.0,700,transition,19,18,0.03624630734613655,0.04600127486613928,0.05612935060093177,before_outage,0.26132525213971075
0.8532001523508134,1.0,,49.86666666666667,original,stress,40,1.0,,100.0,0.6,,0.13333333333333333,0.0669703718666169,,50.0,0.11143091425798532,0.010000000000005116,horizon,0,0.09906267165562888,1.0,1.0,100/50/50 Hz,1.0,1500,transition,19,25,0.06222784193765241,0.05185882694224388,0.07299576842254615,outage_window,0.7429251191122209
0.43030778422550037,1.0,,49.95,original,stress,60,1.0,,100.0,0.6,,9.9,0.049862253240389794,,50.0,0.1555089872620594,0.010000000000005116,horizon,0,0.09852661155384293,1.0,1.0,100/50/50 Hz,1.0,2000,transition,19,40,0.0820523924232515,0.04673686846070255,0.08497793175921083,after_return,0.3088382442076724
0.5766734876558535,1.0,,49.851063829787236,original,zero,60,1.0,,99.74468085106383,0.6,,10.0,0.02919501169746834,,50.0,0.07649878686036703,0.010000000000005116,retrodiction,0,0.05934252839806622,1.0,1.0,100/50/50 Hz,1.0,4700,gps,41,13,0.012752664811680211,0.043658368982695255,0.05166417490544083,flight,0.4138146877594553
0.5472109261336058,1.0,,49.714285714285715,original,zero,25,1.0,,100.0,0.6,,10.0,0.019304623680818565,,50.0,0.04033887358106513,0.010000000000001563,retrodiction,0,0.043492084395337596,1.0,1.0,100/50/50 Hz,1.0,700,gps,41,18,0.013611809379739112,0.03962430651336747,0.038972976658104355,before_outage,0.327347021329466
0.5685086073072972,1.0,,49.93333333333333,original,zero,40,1.0,,100.0,0.6,,10.0,0.04043435123348547,,50.0,0.07649878686036703,0.010000000000005116,retrodiction,0,0.06637854056471951,1.0,1.0,100/50/50 Hz,1.0,1500,gps,41,25,0.02262773406365366,0.045345654706286626,0.052641940388147214,outage_window,0.40323208137435407
0.4219256246898856,1.0,,49.9,original,zero,60,1.0,,100.0,0.6,,10.0,0.02389590516486512,,50.0,0.05137663694117126,0.010000000000005116,retrodiction,0,0.06398397445762706,1.0,1.0,100/50/50 Hz,1.0,2000,gps,41,40,0.012752664811680211,0.043335054510556775,0.05935431495473639,after_return,0.2711785155204911
0.8596716905851084,1.0,,49.851063829787236,original,zero,60,1.0,,99.68085106382979,0.6,,10.0,0.030762194939677596,,49.97872340425532,0.08301240914983646,0.010000000000005116,horizon,0,0.08183456454520116,1.0,1.0,100/50/50 Hz,1.0,4700,gps,41,13,0.02063228183836979,0.04765209029633204,0.07583260062002338,flight,0.7248664040319343
0.4819369812468866,1.0,,49.714285714285715,original,zero,25,1.0,,100.0,0.6,,10.0,0.017433433324735355,,50.0,0.04543871560497057,0.010000000000001563,horizon,0,0.05982341703158985,1.0,1.0,100/50/50 Hz,1.0,700,gps,41,18,0.012571606904973848,0.04385421897057777,0.057226887280783685,before_outage,0.3188906309935878
0.6501946631597245,1.0,,49.93333333333333,original,zero,40,1.0,,100.0,0.6,,10.0,0.04305222021937754,,50.0,0.08301240914983646,0.010000000000005116,horizon,0,0.0867813124950463,1.0,1.0,100/50/50 Hz,1.0,1500,gps,41,25,0.023028403117185597,0.04867432881709245,0.0753492039277463,outage_window,0.44091943413532003
0.421792922944854,1.0,,49.9,original,zero,60,1.0,,100.0,0.6,,10.0,0.025311892035661084,,50.0,0.05787329775270963,0.010000000000005116,horizon,0,0.09127051337108474,1.0,1.0,100/50/50 Hz,1.0,2000,gps,41,40,0.02063228183836979,0.04585742089484228,0.08769044835440401,after_return,0.28394927774885503
1.8895142929896447,1.0,,49.851063829787236,original,zero,60,1.0,,99.7872340425532,0.6,,0.0,1.0965448965220381,,50.0,1.2714789462332081,0.010000000000005116,retrodiction,0,1.0978861984418222,1.0,1.0,100/50/50 Hz,1.0,4700,denied,41,13,1.047297230441051,0.08100144042885989,0.05425306111648775,flight,1.7392308356372288
1.891747678161471,1.0,,49.714285714285715,original,zero,25,1.0,,100.0,0.6,,0.0,1.1101006096099102,,50.0,1.1753975352588155,0.010000000000001563,retrodiction,0,1.110826139694085,1.0,1.0,100/50/50 Hz,1.0,700,denied,41,18,1.007838414808242,0.08381492005895803,0.0401416139606854,before_outage,1.7615345780629676
1.780827926619561,1.0,,50.0,original,zero,40,1.0,,100.0,0.6,,0.0,1.0882803558594452,,50.0,1.207175976020963,0.010000000000005116,retrodiction,0,1.0896777755022475,1.0,1.0,100/50/50 Hz,1.0,1500,denied,41,25,1.207175976020963,0.07444619415633244,0.055168120087289246,outage_window,1.6378172460663036
1.798640497367943,1.0,,49.9,original,zero,60,1.0,,100.0,0.6,,0.0,1.0949690448553506,,50.0,1.2714789462332081,0.010000000000005116,retrodiction,0,1.0967380686658974,1.0,1.0,100/50/50 Hz,1.0,2000,denied,41,40,1.047297230441051,0.08100563303357643,0.06226702232774633,after_return,1.6353478038901328
3.7612747679161482,1.0,,49.851063829787236,original,zero,60,1.0,,99.72340425531915,0.6,,0.0,1.1506310872174965,,50.0,1.3571622489195074,0.010000000000005116,horizon,0,1.15364159352333,1.0,1.0,100/50/50 Hz,1.0,4700,denied,41,13,1.0044465558189513,0.14226656789033088,0.08328881939210053,flight,3.426963359251778
4.064239267013619,1.0,,49.714285714285715,original,zero,25,1.0,,100.0,0.6,,0.0,1.2228912311912992,,50.0,1.3475939286497542,0.010000000000001563,horizon,0,1.2245215432190129,1.0,1.0,100/50/50 Hz,1.0,700,denied,41,18,1.0552316851417634,0.15306741993291312,0.06316681472815948,before_outage,3.7802282875089097
3.730089619175849,1.0,,50.0,original,zero,40,1.0,,100.0,0.6,,0.0,1.11417103081664,,50.0,1.3445049747619928,0.010000000000005116,horizon,0,1.1168460094672963,1.0,1.0,100/50/50 Hz,1.0,1500,denied,41,25,1.207645436506267,0.1354926742287564,0.07725233298749055,outage_window,3.3986146764302214
3.4308219728793365,1.0,,49.9,original,zero,60,1.0,,100.0,0.6,,0.0,1.1468813160778693,,50.0,1.348931721637941,0.010000000000005116,horizon,0,1.1511879708871051,1.0,1.0,100/50/50 Hz,1.0,2000,denied,41,40,1.0044465558189513,0.13562183734517455,0.09948362250473657,after_return,3.0885069805862444
0.591706222692349,1.0,,49.87234042553192,original,zero,60,1.0,,99.74468085106383,0.6,,6.808510638297872,0.03564537051558913,,50.0,0.1563391617662924,0.010000000000005116,retrodiction,0,0.0636302906251636,1.0,1.0,100/50/50 Hz,1.0,4700,transition,41,13,0.01196360938030398,0.04506374499118663,0.05270883650631221,flight,0.4317403236261663
0.5472109261336058,1.0,,49.714285714285715,original,zero,25,1.0,,100.0,0.6,,10.0,0.019304623680818565,,50.0,0.04033887358106513,0.010000000000001563,retrodiction,0,0.043492084395337596,1.0,1.0,100/50/50 Hz,1.0,700,transition,41,18,0.013611809379739112,0.03962430651336747,0.038972976658104355,before_outage,0.327347021329466
0.6411068837209084,1.0,,50.0,original,zero,40,1.0,,100.0,0.6,,0.0,0.03126003770832009,,50.0,0.053688150730199294,0.010000000000005116,retrodiction,0,0.06396025947882844,1.0,1.0,100/50/50 Hz,1.0,1500,transition,41,25,0.05074123686496401,0.04942866136265691,0.05580076016573134,outage_window,0.45720049495234333
0.3917071585625082,1.0,,49.9,original,zero,60,1.0,,100.0,0.6,,10.0,0.04524596284231036,,50.0,0.1563391617662924,0.010000000000005116,retrodiction,0,0.07462874558931801,1.0,1.0,100/50/50 Hz,1.0,2000,transition,41,40,0.01196360938030398,0.043367274105651325,0.0593485679246553,after_return,0.2726350359749081
0.9768861727378536,1.0,,49.87234042553192,original,zero,60,1.0,,99.68085106382979,0.6,,6.808510638297872,0.04984785579128083,,49.97872340425532,0.1596343824008058,0.010000000000005116,horizon,0,0.09286986092276525,1.0,1.0,100/50/50 Hz,1.0,4700,transition,41,13,0.02037588149023566,0.051210990487332166,0.07835816703334396,flight,0.8651308418056894
0.4819369812468866,1.0,,49.714285714285715,original,zero,25,1.0,,100.0,0.6,,10.0,0.017433433324735355,,50.0,0.04543871560497057,0.010000000000001563,horizon,0,0.05982341703158985,1.0,1.0,100/50/50 Hz,1.0,700,transition,41,18,0.012571606904973848,0.04385421897057777,0.057226887280783685,before_outage,0.3188906309935878
1.0528001267688374,1.0,,50.0,original,zero,40,1.0,,100.0,0.6,,0.13333333333333333,0.06649779387661427,,50.0,0.10660295894201882,0.010000000000005116,horizon,0,0.10639074543172121,1.0,1.0,100/50/50 Hz,1.0,1500,transition,41,25,0.08368050879937876,0.05863266205093549,0.08304838422907836,outage_window,0.9359632697210643
0.4117891269235799,1.0,,49.9,original,zero,60,1.0,,100.0,0.6,,9.9,0.04826811054130416,,50.0,0.1596343824008058,0.010000000000005116,horizon,0,0.10009950669911687,1.0,1.0,100/50/50 Hz,1.0,2000,transition,41,40,0.02037588149023566,0.04613336090331127,0.08769321949945154,after_return,0.3057963130798741
0.7204301985398741,1.0,,49.8936170212766,original,nominal,60,1.0,,99.72340425531915,0.6,,10.0,0.048434811007477485,,50.0,0.1313034736242205,0.010000000000005116,retrodiction,0,0.07092531440405055,1.0,1.0,100/50/50 Hz,1.0,4700,gps,41,13,0.03332469534208085,0.037150773561777733,0.05181186452911493,flight,0.6359768908641976
0.5389735502452774,1.0,,49.714285714285715,original,nominal,25,1.0,,100.0,0.6,,10.0,0.0408800292643836,,50.0,0.07666458069004714,0.010000000000001563,retrodiction,0,0.0567648128963338,1.0,1.0,100/50/50 Hz,1.0,700,gps,41,18,0.024029821089223913,0.03514188524957126,0.0393835903708502,before_outage,0.42062652290504077
0.668323651994312,1.0,,50.0,original,nominal,40,1.0,,100.0,0.6,,10.0,0.05897143105971655,,50.0,0.1313034736242205,0.010000000000005116,retrodiction,0,0.07971572646996217,1.0,1.0,100/50/50 Hz,1.0,1500,gps,41,25,0.058636313871302415,0.03704503176920313,0.05363736911336095,outage_window,0.5784099573356599
0.4249736089468339,1.0,,49.95,original,nominal,60,1.0,,100.0,0.6,,10.0,0.04114713057813523,,50.0,0.09582510694597765,0.010000000000005116,retrodiction,0,0.07172717270718013,1.0,1.0,100/50/50 Hz,1.0,2000,gps,41,40,0.03332469534208085,0.031921899886808075,0.05875117828394197,after_return,0.347633868006781
0.8592337567795252,1.0,,49.851063829787236,original,nominal,60,1.0,,99.68085106382979,0.6,,10.0,0.030766172651487223,,49.97872340425532,0.08302116214508037,0.010000000000005116,horizon,0,0.07236051551603573,1.0,1.0,100/50/50 Hz,1.0,4700,gps,41,13,0.020631965889429612,0.047651514225615886,0.06549417398612893,flight,0.7244869785645784
0.4817666707154012,1.0,,49.714285714285715,original,nominal,25,1.0,,100.0,0.6,,10.0,0.017458696449443332,,50.0,0.04548517497003425,0.010000000000001563,horizon,0,0.05089404283858218,1.0,1.0,100/50/50 Hz,1.0,700,gps,41,18,0.012550529966984159,0.04385274569393172,0.04780583138845756,before_outage,0.3188858718963148
0.6500400642764688,1.0,,49.93333333333333,original,nominal,40,1.0,,100.0,0.6,,10.0,0.043060621827719275,,50.0,0.08302116214508037,0.010000000000005116,horizon,0,0.07779231291298432,1.0,1.0,100/50/50 Hz,1.0,1500,gps,41,25,0.02303037415098049,0.04867401228215169,0.06478755124375216,outage_window,0.4409138464655411
0.4216652144604781,1.0,,49.9,original,nominal,60,1.0,,100.0,0.6,,10.0,0.025311312882090226,,50.0,0.0578724875366664,0.010000000000005116,horizon,0,0.08082944578588108,1.0,1.0,100/50/50 Hz,1.0,2000,gps,41,40,0.020631965889429612,0.045857253417698175,0.07676416316379422,after_return,0.28394902066728184
6.5032969708356445,1.0,,0.0,original,nominal,60,1.0,,99.95744680851064,0.6,,0.0,17.741202085510675,,50.0,31.245115978842094,0.010000000000005116,retrodiction,0,660.216900032145,1.0,1.0,100/50/50 Hz,1.0,4700,denied,41,13,23.230384750912624,28.23331858334808,659.978488162013,flight,4.922423482556556
7.1643112077218,1.0,,0.0,original,nominal,25,1.0,,100.0,0.6,,0.0,12.848601604977684,,50.0,24.80370017436402,0.010000000000001563,retrodiction,0,369.00281236723373,1.0,1.0,100/50/50 Hz,1.0,700,denied,41,18,24.80370017436402,29.2611237185229,368.7790516986078,before_outage,5.017665719014432
7.105633329594639,1.0,,0.0,original,nominal,40,1.0,,100.0,0.6,,0.0,17.673360659839197,,50.0,31.16660540676331,0.010000000000005116,retrodiction,0,596.0740494363675,1.0,1.0,100/50/50 Hz,1.0,1500,denied,41,25,22.235441620914848,30.69563920399694,595.8119877398041,outage_window,5.640761600866765
6.403800975746115,1.0,,0.0,original,nominal,60,1.0,,100.0,0.6,,0.0,20.806123826853007,,50.0,31.245115978842094,0.010000000000005116,retrodiction,0,833.854995073217,1.0,1.0,100/50/50 Hz,1.0,2000,denied,41,40,23.230384750912624,26.14044218124262,833.5953802774198,after_return,4.7629982202227765
3.8195432678802606,1.0,,49.851063829787236,original,nominal,60,1.0,,99.72340425531915,0.6,,0.0,0.6101104675812777,,50.0,0.8194107409993725,0.010000000000005116,horizon,0,0.6144617898603573,1.0,1.0,100/50/50 Hz,1.0,4700,denied,41,13,0.47058205730153785,0.14424719599002467,0.07299663380011746,flight,3.482231916015494
4.1200303429920275,1.0,,49.714285714285715,original,nominal,25,1.0,,100.0,0.6,,0.0,0.6808894628239687,,50.0,0.7959269699003424,0.010000000000001563,horizon,0,0.6830208439697618,1.0,1.0,100/50/50 Hz,1.0,700,denied,41,18,0.4971631739495741,0.15489854577682796,0.0539167201566744,before_outage,3.8328134062322357
3.7890752843441127,1.0,,50.0,original,nominal,40,1.0,,100.0,0.6,,0.0,0.5842933619309228,,50.0,0.8194107409993725,0.010000000000005116,horizon,0,0.5881154402196347,1.0,1.0,100/50/50 Hz,1.0,1500,denied,41,25,0.6757809736783045,0.137556904798492,0.06694055742369029,outage_window,3.4545812002145495
3.4870860094305014,1.0,,49.9,original,nominal,60,1.0,,100.0,0.6,,0.0,0.6020527092681374,,50.0,0.8092095429139983,0.010000000000005116,horizon,0,0.6084831766730114,1.0,1.0,100/50/50 Hz,1.0,2000,denied,41,40,0.47058205730153785,0.1373935542689702,0.08822874563868027,after_return,3.141927154886247
0.7734787471904224,1.0,,49.8936170212766,original,nominal,60,1.0,,99.72340425531915,0.6,,6.808510638297872,0.05098005011106759,,50.0,0.15384298944612596,0.010000000000005116,retrodiction,0,0.07321410507264448,1.0,1.0,100/50/50 Hz,1.0,4700,transition,41,13,0.033070866969438756,0.04250819154410551,0.05254845071228326,flight,0.694356805258486
0.5389735502452774,1.0,,49.714285714285715,original,nominal,25,1.0,,100.0,0.6,,10.0,0.0408800292643836,,50.0,0.07666458069004714,0.010000000000001563,retrodiction,0,0.0567648128963338,1.0,1.0,100/50/50 Hz,1.0,700,transition,41,18,0.024029821089223913,0.03514188524957126,0.0393835903708502,before_outage,0.42062652290504077
0.8518674406856582,1.0,,50.0,original,nominal,40,1.0,,100.0,0.6,,0.06666666666666667,0.05585382765883804,,50.0,0.08289556578725199,0.010000000000005116,retrodiction,0,0.07897991066468212,1.0,1.0,100/50/50 Hz,1.0,1500,transition,41,25,0.06642830550687347,0.05188873772205451,0.05584063237874359,outage_window,0.7608364460379016
0.3969548362810367,1.0,,49.95,original,nominal,60,1.0,,100.0,0.6,,9.95,0.05055889989727445,,50.0,0.15384298944612596,0.010000000000005116,retrodiction,0,0.07750898028638961,1.0,1.0,100/50/50 Hz,1.0,2000,transition,41,40,0.033070866969438756,0.03212208934893783,0.058748954596769765,after_return,0.34659197217163645
0.9763666428075982,1.0,,49.87234042553192,original,nominal,60,1.0,,99.68085106382979,0.6,,6.808510638297872,0.049834131293314564,,49.97872340425532,0.15963309067990955,0.010000000000005116,horizon,0,0.08435101949124586,1.0,1.0,100/50/50 Hz,1.0,4700,transition,41,13,0.0203741469107423,0.05120604916630975,0.0680562550207784,flight,0.864667612055716
0.4817666707154012,1.0,,49.714285714285715,original,nominal,25,1.0,,100.0,0.6,,10.0,0.017458696449443332,,50.0,0.04548517497003425,0.010000000000001563,horizon,0,0.05089404283858218,1.0,1.0,100/50/50 Hz,1.0,700,transition,41,18,0.012550529966984159,0.04385274569393172,0.04780583138845756,before_outage,0.3188858718963148
1.052312382771408,1.0,,50.0,original,nominal,40,1.0,,100.0,0.6,,0.13333333333333333,0.06646698485625169,,50.0,0.10655207171236294,0.010000000000005116,horizon,0,0.09842312081763091,1.0,1.0,100/50/50 Hz,1.0,1500,transition,41,25,0.08364679396174503,0.05862045837172362,0.0725896041840757,outage_window,0.935550571926089
0.4116626761002387,1.0,,49.9,original,nominal,60,1.0,,100.0,0.6,,9.9,0.048265992510993894,,50.0,0.15963309067990955,0.010000000000005116,horizon,0,0.0906783733855558,1.0,1.0,100/50/50 Hz,1.0,2000,transition,41,40,0.0203741469107423,0.04613308409971008,0.07676562620586741,after_return,0.3057713121848474
1.403030200594795,1.0,,49.87234042553192,original,stress,60,1.0,,99.63829787234043,0.6,,10.0,0.06301914892218623,,50.0,0.17974729419166202,0.010000000000005116,retrodiction,0,0.0819438828788171,1.0,1.0,100/50/50 Hz,1.0,4700,gps,41,13,0.01972712527035343,0.0505731914115242,0.05237735016570244,flight,1.2518455457646955
0.8738521889890505,1.0,,49.714285714285715,original,stress,25,1.0,,100.0,0.6,,10.0,0.0420559615269838,,50.0,0.07746942434759396,0.010000000000001563,retrodiction,0,0.05807920455756665,1.0,1.0,100/50/50 Hz,1.0,700,gps,41,18,0.03481685390385004,0.04494087258951205,0.04005608695417625,before_outage,0.5883682800996894
1.0058365222752612,1.0,,50.0,original,stress,40,1.0,,100.0,0.6,,10.0,0.0704167727333451,,50.0,0.15165710987947656,0.010000000000005116,retrodiction,0,0.08886935098353188,1.0,1.0,100/50/50 Hz,1.0,1500,gps,41,25,0.04960551772108583,0.0459355932250315,0.05421475502162308,outage_window,0.8398820322371279
0.6271879118704919,1.0,,49.95,original,stress,60,1.0,,100.0,0.6,,10.0,0.05059093771923474,,50.0,0.13214662796670282,0.010000000000005116,retrodiction,0,0.07780068842373396,1.0,1.0,100/50/50 Hz,1.0,2000,gps,41,40,0.01972712527035343,0.036303471660609495,0.059105872296206265,after_return,0.5037133260090487
0.8588163892811399,1.0,,49.851063829787236,original,stress,60,1.0,,99.68085106382979,0.6,,10.0,0.03076062436558547,,49.97872340425532,0.08300844900876223,0.010000000000005116,horizon,0,0.06983125334484944,1.0,1.0,100/50/50 Hz,1.0,4700,gps,41,13,0.020633622324996416,0.04765094479504987,0.06269121096574778,flight,0.7241420839044098
0.48150355675142187,1.0,,49.714285714285715,original,stress,25,1.0,,100.0,0.6,,10.0,0.01741381665692053,,50.0,0.04540959204600488,0.010000000000001563,horizon,0,0.04863209585878589,1.0,1.0,100/50/50 Hz,1.0,700,gps,41,18,0.012598155919907851,0.043852323309112415,0.04540748547384338,before_outage,0.3189459156566981
0.6498677367289156,1.0,,49.93333333333333,original,stress,40,1.0,,100.0,0.6,,10.0,0.043046953352759564,,50.0,0.08300844900876223,0.010000000000005116,horizon,0,0.07540515246313782,1.0,1.0,100/50/50 Hz,1.0,1500,gps,41,25,0.023022253024589528,0.04867350290079385,0.061910393513806734,outage_window,0.440854944217322
0.42154278811527557,1.0,,49.9,original,stress,60,1.0,,100.0,0.6,,10.0,0.025311869046490677,,50.0,0.05787467129575216,0.010000000000005116,horizon,0,0.07795781058392323,1.0,1.0,100/50/50 Hz,1.0,2000,gps,41,40,0.020633622324996416,0.04585725899512033,0.0737341814656687,after_return,0.28390623894224337
26.899178114855214,1.0,,49.851063829787236,original,stress,60,1.0,,99.72340425531915,0.6,,0.0,1.8755197835233213,,0.0,2.50305066608263,0.010000000000005116,retrodiction,0,1.876335934425367,1.0,1.0,100/50/50 Hz,1.0,4700,denied,41,13,2.2799754138307766,0.9831280508990299,0.05533606806187987,flight,26.88379778179065
26.350588403229434,1.0,,49.714285714285715,original,stress,25,1.0,,100.0,0.6,,0.0,1.7891758407620104,,0.0,2.4473885755232065,0.010000000000001563,retrodiction,0,1.789640999220172,1.0,1.0,100/50/50 Hz,1.0,700,denied,41,18,1.369400404821899,0.9913285108268679,0.040800942676958996,before_outage,26.334996457873043
27.172137774534548,1.0,,50.0,original,stress,40,1.0,,100.0,0.6,,0.0,2.018638708785242,,0.0,2.50305066608263,0.010000000000005116,retrodiction,0,2.019400848735849,1.0,1.0,100/50/50 Hz,1.0,1500,denied,41,25,2.401997425149492,0.9984228677114723,0.055475681779632996,outage_window,27.158110650820777
27.003381810238572,1.0,,49.9,original,stress,60,1.0,,100.0,0.6,,0.0,1.8963798080017433,,0.0,2.5007888387303034,0.010000000000005116,retrodiction,0,1.8974620727368647,1.0,1.0,100/50/50 Hz,1.0,2000,denied,41,40,2.2799754138307766,0.9867049051686837,0.06407761916730131,after_return,26.99135705210423
3.831160298695815,1.0,,49.851063829787236,original,stress,60,1.0,,99.72340425531915,0.6,,0.0,1.2083711330724005,,50.0,1.4238433578750826,0.010000000000005116,horizon,0,1.2104399411253606,1.0,1.0,100/50/50 Hz,1.0,4700,denied,41,13,1.0600909347690262,0.14464354342813907,0.07073935134625957,flight,3.489356812088943
4.145740745603855,1.0,,49.714285714285715,original,stress,25,1.0,,100.0,0.6,,0.0,1.2877938200768995,,50.0,1.4152294972805672,0.010000000000001563,horizon,0,1.2888505629118079,1.0,1.0,100/50/50 Hz,1.0,700,denied,41,18,1.1159719641031611,0.1558388085719247,0.05218093990941912,before_outage,3.855288299598138
3.8025587103856857,1.0,,50.0,original,stress,40,1.0,,100.0,0.6,,0.0,1.1708574578061108,,50.0,1.4074888547510418,0.010000000000005116,horizon,0,1.172645074559248,1.0,1.0,100/50/50 Hz,1.0,1500,denied,41,25,1.2574559420923785,0.137802088814839,0.06472468144282985,outage_window,3.463422233939773
3.491560749290555,1.0,,49.9,original,stress,60,1.0,,100.0,0.6,,0.0,1.202338303280363,,50.0,1.4006447524748475,0.010000000000005116,horizon,0,1.205382332819811,1.0,1.0,100/50/50 Hz,1.0,2000,denied,41,40,1.0600909347690262,0.1379063840811715,0.08561058777410374,after_return,3.141835484809557
1.5548725306401794,1.0,,49.87234042553192,original,stress,60,1.0,,99.63829787234043,0.6,,6.808510638297872,0.07763764686998247,,50.0,0.17974729419166202,0.010000000000005116,retrodiction,0,0.09411781353576455,1.0,1.0,100/50/50 Hz,1.0,4700,transition,41,13,0.018195642654497374,0.05920331112830293,0.05320299440111287,flight,1.405396497034668
0.8738521889890505,1.0,,49.714285714285715,original,stress,25,1.0,,100.0,0.6,,10.0,0.0420559615269838,,50.0,0.07746942434759396,0.010000000000001563,retrodiction,0,0.05807920455756665,1.0,1.0,100/50/50 Hz,1.0,700,transition,41,18,0.03481685390385004,0.04494087258951205,0.04005608695417625,before_outage,0.5883682800996894
1.524327647245131,1.0,,50.0,original,stress,40,1.0,,100.0,0.6,,0.06666666666666667,0.09707588247236383,,50.0,0.14961191740389732,0.010000000000005116,retrodiction,0,0.112310776143148,1.0,1.0,100/50/50 Hz,1.0,1500,transition,41,25,0.1468336553468255,0.07036073829952191,0.05647993874012349,outage_window,1.3792489962026142
0.6818583484263553,1.0,,49.95,original,stress,60,1.0,,100.0,0.6,,9.95,0.06358135113450203,,50.0,0.16919975969131315,0.010000000000005116,retrodiction,0,0.08690735426412496,1.0,1.0,100/50/50 Hz,1.0,2000,transition,41,40,0.018195642654497374,0.03760158535810324,0.05924778487927865,after_return,0.5611456520038196
0.9756947733571549,1.0,,49.87234042553192,original,stress,60,1.0,,99.68085106382979,0.6,,6.808510638297872,0.04982049617283202,,49.97872340425532,0.15965686015445132,0.010000000000005116,horizon,0,0.08210984004957227,1.0,1.0,100/50/50 Hz,1.0,4700,transition,41,13,0.020374123295986216,0.05119672105168631,0.06526824644541304,flight,0.8640545742919888
0.48150355675142187,1.0,,49.714285714285715,original,stress,25,1.0,,100.0,0.6,,10.0,0.01741381665692053,,50.0,0.04540959204600488,0.010000000000001563,horizon,0,0.04863209585878589,1.0,1.0,100/50/50 Hz,1.0,700,transition,41,18,0.012598155919907851,0.043852323309112415,0.04540748547384338,before_outage,0.3189459156566981
1.0512856667715686,1.0,,50.0,original,stress,40,1.0,,100.0,0.6,,0.13333333333333333,0.066429745465327,,50.0,0.10650050080823094,0.010000000000005116,horizon,0,0.09632638025190966,1.0,1.0,100/50/50 Hz,1.0,1500,transition,41,25,0.0836127644326407,0.05859603297956351,0.06975571983606334,outage_window,0.9346041208727565
0.41160388649892304,1.0,,49.9,original,stress,60,1.0,,100.0,0.6,,9.9,0.04827082185063672,,50.0,0.15965686015445132,0.010000000000005116,horizon,0,0.08813061774973809,1.0,1.0,100/50/50 Hz,1.0,2000,transition,41,40,0.020374123295986216,0.04613301221235066,0.07373556497928622,after_return,0.30568612752203644
0.4987657415697911,1.0,,24.914893617021278,original,zero,60,1.0,,24.97872340425532,0.6,,10.0,0.038544461987311415,,25.0,0.09061350890523386,0.010000000000005116,retrodiction,0,0.06643978681420473,1.0,1.0,25/25/25 Hz,1.0,4700,gps,7,13,0.010245967235378075,0.044436276127225435,0.054116261160816324,flight,0.4052233273037896
0.5203228513632565,1.0,,24.714285714285715,original,zero,25,1.0,,25.0,0.6,,10.0,0.03319762594734675,,25.0,0.05536878018856047,0.010000000000001563,retrodiction,0,0.05581674924130594,1.0,1.0,25/25/25 Hz,1.0,700,gps,7,18,0.023409045643200566,0.043225344109385104,0.04487122827967692,before_outage,0.44022991066229705
0.3458531325699967,1.0,,25.0,original,zero,40,1.0,,25.0,0.6,,10.0,0.028972572618253783,,25.0,0.044556219641364934,0.010000000000005116,retrodiction,0,0.060747816402158254,1.0,1.0,25/25/25 Hz,1.0,1500,gps,7,25,0.007993272757994802,0.04366736398155904,0.0533937003167072,outage_window,0.25886765561038144
0.4438454226015789,1.0,,25.0,original,zero,60,1.0,,25.0,0.6,,10.0,0.04778534153692406,,25.0,0.09061350890523386,0.010000000000005116,retrodiction,0,0.07774507344498427,1.0,1.0,25/25/25 Hz,1.0,2000,gps,7,40,0.010245967235378075,0.044030604157875845,0.06132583125539775,after_return,0.3431012237339862
0.4938577051505594,1.0,,24.893617021276597,original,zero,60,1.0,,24.97872340425532,0.6,,10.0,0.04026875144675869,,25.0,0.09827740069279385,0.010000000000005116,horizon,0,0.06633851051834397,1.0,1.0,25/25/25 Hz,1.0,4700,gps,7,13,0.02639616021087324,0.047771206901243514,0.05271836145700664,flight,0.39422415392609683
0.5128869001962701,1.0,,24.714285714285715,original,zero,25,1.0,,25.0,0.6,,10.0,0.03648744737823707,,25.0,0.0631482730324413,0.010000000000001563,horizon,0,0.05373843921478642,1.0,1.0,25/25/25 Hz,1.0,700,gps,7,18,0.027583667512516525,0.046696231803401364,0.039452326079227246,before_outage,0.4379386812282003
0.35253808044890955,1.0,,24.933333333333334,original,zero,40,1.0,,25.0,0.6,,10.0,0.030688373548106763,,25.0,0.056473928235703325,0.010000000000005116,horizon,0,0.058790474474245166,1.0,1.0,25/25/25 Hz,1.0,1500,gps,7,25,0.016152970118972095,0.04644413884418017,0.0501452252749824,outage_window,0.2576783692514328
0.44658805530259926,1.0,,25.0,original,zero,60,1.0,,25.0,0.6,,10.0,0.048811587790593504,,25.0,0.09827740069279385,0.010000000000005116,horizon,0,0.07899920496791475,1.0,1.0,25/25/25 Hz,1.0,2000,gps,7,40,0.02639616021087324,0.046543375335965115,0.062115241953354654,after_return,0.342246982273151
0.3082470593484978,1.0,,24.893617021276597,original,zero,60,1.0,,24.97872340425532,0.6,,0.0,0.46543708354063595,,25.0,0.6295542903054394,0.010000000000005116,retrodiction,0,0.4692682584126287,1.0,1.0,25/25/25 Hz,1.0,4700,denied,7,13,0.5573508559121503,0.051858332774528726,0.059841621124503745,flight,0.2742489117121495
0.25399383320576485,1.0,,24.714285714285715,original,zero,25,1.0,,25.0,0.6,,0.0,0.34411146960657973,,25.0,0.4343132599390713,0.010000000000001563,retrodiction,0,0.34810581046295364,1.0,1.0,25/25/25 Hz,1.0,700,denied,7,18,0.4337857098790406,0.053849788252944626,0.05258280862857874,before_outage,0.22500937254715456
0.22482466581392538,1.0,,24.933333333333334,original,zero,40,1.0,,25.0,0.6,,0.0,0.438986277066844,,25.0,0.492733730679779,0.010000000000005116,retrodiction,0,0.4428456802230134,1.0,1.0,25/25/25 Hz,1.0,1500,denied,7,25,0.49230935710786294,0.05363985217540016,0.058338195371261364,outage_window,0.19057936676031764
0.389586778494337,1.0,,25.0,original,zero,60,1.0,,25.0,0.6,,0.0,0.5511365361687648,,25.0,0.6295542903054394,0.010000000000005116,retrodiction,0,0.5551963816927746,1.0,1.0,25/25/25 Hz,1.0,2000,denied,7,40,0.5573508559121503,0.048504688844230745,0.06701895809877186,after_return,0.3534175041566098
0.32265227036085875,1.0,,24.893617021276597,original,zero,60,1.0,,24.97872340425532,0.6,,0.0,0.4548232718708108,,25.0,0.6291271755472627,0.010000000000005116,horizon,0,0.4592907765946138,1.0,1.0,25/25/25 Hz,1.0,4700,denied,7,13,0.5188874647701802,0.055398050123502456,0.0639046855059469,flight,0.2869963501100382
0.2633706353554378,1.0,,24.714285714285715,original,zero,25,1.0,,25.0,0.6,,0.0,0.3287566039385313,,25.0,0.4148234991343411,0.010000000000001563,horizon,0,0.3328640466883805,1.0,1.0,25/25/25 Hz,1.0,700,denied,7,18,0.40964686503175984,0.05728783654485414,0.052130307351559074,before_outage,0.2299138653484064
0.23919707726191594,1.0,,24.933333333333334,original,zero,40,1.0,,25.0,0.6,,0.0,0.4322218128170012,,25.0,0.4810489355457064,0.010000000000005116,horizon,0,0.4364056372480983,1.0,1.0,25/25/25 Hz,1.0,1500,denied,7,25,0.47980561919465453,0.05636874496106891,0.060284199813084284,outage_window,0.20284679215760318
0.40512779539509824,1.0,,25.0,original,zero,60,1.0,,25.0,0.6,,0.0,0.5390229862331102,,25.0,0.6291271755472627,0.010000000000005116,horizon,0,0.5440267256878165,1.0,1.0,25/25/25 Hz,1.0,2000,denied,7,40,0.5188874647701802,0.05157345210052302,0.07361588534376942,after_return,0.36861997020548687
0.5042593104125718,1.0,,24.893617021276597,original,zero,60,1.0,,24.97872340425532,0.6,,6.808510638297872,0.04826252182414393,,25.0,0.1224321139379927,0.010000000000005116,retrodiction,0,0.07372864128561887,1.0,1.0,25/25/25 Hz,1.0,4700,transition,7,13,0.009664216615475901,0.04778874360146953,0.055737254444379436,flight,0.4079564155083235
0.5203228513632565,1.0,,24.714285714285715,original,zero,25,1.0,,25.0,0.6,,10.0,0.03319762594734675,,25.0,0.05536878018856047,0.010000000000001563,retrodiction,0,0.05581674924130594,1.0,1.0,25/25/25 Hz,1.0,700,transition,7,18,0.023409045643200566,0.043225344109385104,0.04487122827967692,before_outage,0.44022991066229705
0.35240644550192607,1.0,,24.933333333333334,original,zero,40,1.0,,25.0,0.6,,0.0,0.0400596742425623,,25.0,0.0689197375975478,0.010000000000005116,retrodiction,0,0.07096545974113681,1.0,1.0,25/25/25 Hz,1.0,1500,transition,7,25,0.048180671021521904,0.05338377597629563,0.05857746132985536,outage_window,0.2623640315064297
0.45444005532236026,1.0,,25.0,original,zero,60,1.0,,25.0,0.6,,10.0,0.060760699069972855,,25.0,0.1224321139379927,0.010000000000005116,retrodiction,0,0.0862314622377808,1.0,1.0,25/25/25 Hz,1.0,2000,transition,7,40,0.009664216615475901,0.044249618052054004,0.061188254822261576,after_return,0.348675335249093
0.5010787499331593,1.0,,24.893617021276597,original,zero,60,1.0,,24.97872340425532,0.6,,6.808510638297872,0.04955808731380113,,25.0,0.12478605067533727,0.010000000000005116,horizon,0,0.0749312440039773,1.0,1.0,25/25/25 Hz,1.0,4700,transition,7,13,0.02580119896740258,0.05123301489151984,0.056202200221888536,flight,0.39878454585318357
0.5128869001962701,1.0,,24.714285714285715,original,zero,25,1.0,,25.0,0.6,,10.0,0.03648744737823707,,25.0,0.0631482730324413,0.010000000000001563,horizon,0,0.05373843921478642,1.0,1.0,25/25/25 Hz,1.0,700,transition,7,18,0.027583667512516525,0.046696231803401364,0.039452326079227246,before_outage,0.4379386812282003
0.36941745784801594,1.0,,24.933333333333334,original,zero,40,1.0,,25.0,0.6,,0.13333333333333333,0.04022427331146417,,25.0,0.07503460428657487,0.010000000000005116,horizon,0,0.07308060070812708,1.0,1.0,25/25/25 Hz,1.0,1500,transition,7,25,0.04851803716010118,0.056476100372898144,0.0610146051075096,outage_window,0.26849685049114574
0.4551755713810249,1.0,,25.0,original,zero,60,1.0,,25.0,0.6,,9.9,0.061938062771360027,,25.0,0.12478605067533727,0.010000000000005116,horizon,0,0.08763665343505786,1.0,1.0,25/25/25 Hz,1.0,2000,transition,7,40,0.02580119896740258,0.04687580241097312,0.0619988661624348,after_return,0.3483709171672606
0.39257758566305806,1.0,,24.914893617021278,original,nominal,60,1.0,,24.97872340425532,0.6,,10.0,0.0458306880887516,,25.0,0.1264340680432664,0.010000000000005116,retrodiction,0,0.07143997344595038,1.0,1.0,25/25/25 Hz,1.0,4700,gps,7,13,0.038577180297407816,0.03827473610450979,0.05480162256055615,flight,0.3548266196799856
0.349456592207318,1.0,,24.857142857142858,original,nominal,25,1.0,,25.0,0.6,,10.0,0.032425286039307,,25.0,0.07524971791799565,0.010000000000001563,retrodiction,0,0.05608614359842333,1.0,1.0,25/25/25 Hz,1.0,700,gps,7,18,0.04438544930308027,0.036788804812394854,0.045763045451675144,before_outage,0.33133046035961916
0.2987276946171004,1.0,,24.933333333333334,original,nominal,40,1.0,,25.0,0.6,,10.0,0.030346458664178223,,25.0,0.0589892818459032,0.010000000000005116,retrodiction,0,0.06250950076854292,1.0,1.0,25/25/25 Hz,1.0,1500,gps,7,25,0.004360675347929705,0.03749722913734562,0.05464915491456193,outage_window,0.25492005664255146
0.41884615405827463,1.0,,25.0,original,nominal,60,1.0,,25.0,0.6,,10.0,0.06102004845005042,,25.0,0.1264340680432664,0.010000000000005116,retrodiction,0,0.0866302578557588,1.0,1.0,25/25/25 Hz,1.0,2000,gps,7,40,0.038577180297407816,0.03742361901165858,0.0614927252877018,after_return,0.3877518053630509
0.49458469505915476,1.0,,24.893617021276597,original,nominal,60,1.0,,24.97872340425532,0.6,,10.0,0.04026580371181844,,25.0,0.09826804467974092,0.010000000000005116,horizon,0,0.06719476455694522,1.0,1.0,25/25/25 Hz,1.0,4700,gps,7,13,0.0264083969942569,0.047770452147583305,0.053794065056515385,flight,0.3940417861532577
0.5138102000709952,1.0,,24.714285714285715,original,nominal,25,1.0,,25.0,0.6,,10.0,0.03649365921348643,,25.0,0.06315252440684128,0.010000000000001563,horizon,0,0.05453645765004923,1.0,1.0,25/25/25 Hz,1.0,700,gps,7,18,0.02758292241613214,0.0466978700019294,0.04052700396310504,before_outage,0.43805929925825043
0.35383727025107864,1.0,,24.933333333333334,original,nominal,40,1.0,,25.0,0.6,,10.0,0.030680437710021186,,25.0,0.05646227425165855,0.010000000000005116,horizon,0,0.059659894531233916,1.0,1.0,25/25/25 Hz,1.0,1500,gps,7,25,0.01615144815720793,0.04644444497853184,0.05116652965952904,outage_window,0.25779879664425903
0.44741640293699303,1.0,,25.0,original,nominal,60,1.0,,25.0,0.6,,10.0,0.04880434204708804,,25.0,0.09826804467974092,0.010000000000005116,horizon,0,0.0799168094598313,1.0,1.0,25/25/25 Hz,1.0,2000,gps,7,40,0.0264083969942569,0.04654206850984431,0.06328374697811291,after_return,0.3421253854714596
1.006316572139716,1.0,,24.893617021276597,original,nominal,60,1.0,,24.97872340425532,0.6,,0.0,0.3764848946855313,,25.0,0.47852217565171,0.010000000000005116,retrodiction,0,0.38117291798757963,1.0,1.0,25/25/25 Hz,1.0,4700,denied,7,13,0.42914508823665426,0.06262364821950019,0.059597965408145576,flight,0.921963288215257
0.9249638104498751,1.0,,24.714285714285715,original,nominal,25,1.0,,25.0,0.6,,0.0,0.39261622201976715,,25.0,0.4438124800339136,0.010000000000001563,retrodiction,0,0.39607315929492104,1.0,1.0,25/25/25 Hz,1.0,700,denied,7,18,0.32251577045412705,0.06418396289001968,0.05221541650494399,before_outage,0.8541267020242301
0.9565239242533915,1.0,,24.933333333333334,original,nominal,40,1.0,,25.0,0.6,,0.0,0.38464989446439307,,25.0,0.47852217565171,0.010000000000005116,retrodiction,0,0.3889697433688921,1.0,1.0,25/25/25 Hz,1.0,1500,denied,7,25,0.41447866323754723,0.06346119022288427,0.05780934132986692,outage_window,0.8658641357364051
1.1013432417546583,1.0,,25.0,original,nominal,60,1.0,,25.0,0.6,,0.0,0.3841451956912051,,25.0,0.4727747107653171,0.010000000000005116,retrodiction,0,0.38995222629849163,1.0,1.0,25/25/25 Hz,1.0,2000,denied,7,40,0.42914508823665426,0.06052244172684465,0.0670463080453787,after_return,1.0151295276247019
0.31575395648600607,1.0,,24.893617021276597,original,nominal,60,1.0,,24.97872340425532,0.6,,0.0,0.4254122891644448,,25.0,0.5974485740043121,0.010000000000005116,horizon,0,0.4303001096848442,1.0,1.0,25/25/25 Hz,1.0,4700,denied,7,13,0.48716645739792525,0.05521495404993007,0.0646727811575766,flight,0.2805757565107529
0.2538240839803133,1.0,,24.714285714285715,original,nominal,25,1.0,,25.0,0.6,,0.0,0.2983031216120223,,25.0,0.38490416109941006,0.010000000000001563,horizon,0,0.30293465178181767,1.0,1.0,25/25/25 Hz,1.0,700,denied,7,18,0.37993743051351175,0.05716226464629827,0.05276979142174195,before_outage,0.22133898592956075
0.23376326931165783,1.0,,24.933333333333334,original,nominal,40,1.0,,25.0,0.6,,0.0,0.4031441701383807,,25.0,0.4519084282902157,0.010000000000005116,horizon,0,0.4077230685890096,1.0,1.0,25/25/25 Hz,1.0,1500,denied,7,25,0.45031195957393033,0.056253057802231866,0.06093339595882184,outage_window,0.1979167337534371
0.39713686840273893,1.0,,25.0,original,nominal,60,1.0,,25.0,0.6,,0.0,0.5081168936940329,,25.0,0.5974485740043121,0.010000000000005116,horizon,0,0.5135565358206743,1.0,1.0,25/25/25 Hz,1.0,2000,denied,7,40,0.48716645739792525,0.05131263780303607,0.0745488955441897,after_return,0.360919008205845
0.4070443239232447,1.0,,24.914893617021278,original,nominal,60,1.0,,24.97872340425532,0.6,,6.808510638297872,0.049255062541482084,,25.0,0.15415265799998376,0.010000000000005116,retrodiction,0,0.07455104483914783,1.0,1.0,25/25/25 Hz,1.0,4700,transition,7,13,0.03963721704754509,0.04452476509830366,0.055962461531309696,flight,0.36962701451660795
0.349456592207318,1.0,,24.857142857142858,original,nominal,25,1.0,,25.0,0.6,,10.0,0.032425286039307,,25.0,0.07524971791799565,0.010000000000001563,retrodiction,0,0.05608614359842333,1.0,1.0,25/25/25 Hz,1.0,700,transition,7,18,0.04438544930308027,0.036788804812394854,0.045763045451675144,before_outage,0.33133046035961916
0.3087839899260698,1.0,,24.933333333333334,original,nominal,40,1.0,,25.0,0.6,,0.06666666666666667,0.025125981224049163,,25.0,0.04643443180400451,0.010000000000005116,retrodiction,0,0.06352070770610102,1.0,1.0,25/25/25 Hz,1.0,1500,transition,7,25,0.014789035141753521,0.05459273875855884,0.05834008377618814,outage_window,0.2647505030071753
0.44501092924064356,1.0,,25.0,original,nominal,60,1.0,,25.0,0.6,,9.95,0.06859899732857769,,25.0,0.15415265799998376,0.010000000000005116,retrodiction,0,0.09206824935785639,1.0,1.0,25/25/25 Hz,1.0,2000,transition,7,40,0.03963721704754509,0.03789336190269058,0.06140635232070227,after_return,0.4143877254247173
0.5016302206909597,1.0,,24.893617021276597,original,nominal,60,1.0,,24.97872340425532,0.6,,6.808510638297872,0.04954427231921588,,25.0,0.12479301395270362,0.010000000000005116,horizon,0,0.07570215493631426,1.0,1.0,25/25/25 Hz,1.0,4700,transition,7,13,0.02581337704789199,0.051226948323361034,0.0572379362168231,flight,0.39837500395155157
0.5138102000709952,1.0,,24.714285714285715,original,nominal,25,1.0,,25.0,0.6,,10.0,0.03649365921348643,,25.0,0.06315252440684128,0.010000000000001563,horizon,0,0.05453645765004923,1.0,1.0,25/25/25 Hz,1.0,700,transition,7,18,0.02758292241613214,0.0466978700019294,0.04052700396310504,before_outage,0.43805929925825043
0.3699065174530978,1.0,,24.933333333333334,original,nominal,40,1.0,,25.0,0.6,,0.13333333333333333,0.040175102500986416,,25.0,0.07497586785393548,0.010000000000005116,horizon,0,0.07382199197537234,1.0,1.0,25/25/25 Hz,1.0,1500,transition,7,25,0.048414954260936865,0.05646096412254021,0.061932605614871176,outage_window,0.26751543438886627
0.45601890299758835,1.0,,25.0,original,nominal,60,1.0,,25.0,0.6,,9.9,0.06193187008743555,,25.0,0.12479301395270362,0.010000000000005116,horizon,0,0.08846330615042489,1.0,1.0,25/25/25 Hz,1.0,2000,transition,7,40,0.02581337704789199,0.04687463451474891,0.06316802990862394,after_return,0.3482682765998193
0.4842445572954619,1.0,,24.914893617021278,original,stress,60,1.0,,24.97872340425532,0.6,,10.0,0.052088913702695805,,25.0,0.14239570275050478,0.010000000000005116,retrodiction,0,0.07595845641391344,1.0,1.0,25/25/25 Hz,1.0,4700,gps,7,13,0.04678372054216549,0.04301498048573785,0.055285008547141405,flight,0.43650990896367253
0.4666320812433628,1.0,,24.857142857142858,original,stress,25,1.0,,25.142857142857142,0.6,,10.0,0.04094024550546549,,25.0,0.09007071373174888,0.010000000000001563,retrodiction,0,0.061224549450958135,1.0,1.0,25/25/25 Hz,1.0,700,gps,7,18,0.06329114653488674,0.043729303598128,0.04552298049804111,before_outage,0.4410458269467538
0.3280847849202881,1.0,,24.933333333333334,original,stress,40,1.0,,24.933333333333334,0.6,,10.0,0.03357623657321015,,25.0,0.06529561322948471,0.010000000000005116,retrodiction,0,0.06448936484795263,1.0,1.0,25/25/25 Hz,1.0,1500,gps,7,25,0.009031366841286591,0.04130524560255437,0.0550591910226819,outage_window,0.28896145565690395
0.5508109198227905,1.0,,25.0,original,stress,60,1.0,,25.0,0.6,,10.0,0.06788814959438032,,25.0,0.14239570275050478,0.010000000000005116,retrodiction,0,0.09182693736190009,1.0,1.0,25/25/25 Hz,1.0,2000,gps,7,40,0.04678372054216549,0.04053877914098207,0.06183353111312149,after_return,0.5011958027087937
0.49305439240762616,1.0,,24.914893617021278,original,stress,60,1.0,,24.97872340425532,0.6,,10.0,0.04027312742120353,,25.0,0.0982890618178398,0.010000000000005116,horizon,0,0.069761091200951,1.0,1.0,25/25/25 Hz,1.0,4700,gps,7,13,0.02638396811701918,0.04777060919997233,0.056962137014537194,flight,0.3942001592744445
0.5123619197683209,1.0,,24.714285714285715,original,stress,25,1.0,,25.0,0.6,,10.0,0.036482483107707527,,25.0,0.06313800476031474,0.010000000000001563,horizon,0,0.0570837913259033,1.0,1.0,25/25/25 Hz,1.0,700,gps,7,18,0.02758126609254679,0.04669568827927512,0.043904301138215474,before_outage,0.43785541391286725
0.35119692910563255,1.0,,25.0,original,stress,40,1.0,,25.0,0.6,,10.0,0.030692813060681723,,25.0,0.05648327818052671,0.010000000000005116,horizon,0,0.06191087156623424,1.0,1.0,25/25/25 Hz,1.0,1500,gps,7,25,0.016155805909129236,0.04644153981815839,0.05376715767559967,outage_window,0.2575869221472768
0.4457331032972877,1.0,,25.0,original,stress,60,1.0,,25.0,0.6,,10.0,0.04881933892194001,,25.0,0.0982890618178398,0.010000000000005116,horizon,0,0.08280470764725574,1.0,1.0,25/25/25 Hz,1.0,2000,gps,7,40,0.02638396811701918,0.04654441927009592,0.06688267156575198,after_return,0.342346644669491
0.4270153385674569,1.0,,24.893617021276597,original,stress,60,1.0,,24.97872340425532,0.6,,0.0,0.37810567282610363,,25.0,0.5626723980585047,0.010000000000005116,retrodiction,0,0.38293534082055664,1.0,1.0,25/25/25 Hz,1.0,4700,denied,7,13,0.48642573216954593,0.05646132210505025,0.060626524113422425,flight,0.37127124306004083
0.40341183726608953,1.0,,24.714285714285715,original,stress,25,1.0,,25.142857142857142,0.6,,0.0,0.2159788203501627,,25.0,0.25883008933316876,0.010000000000001563,retrodiction,0,0.22248931115971943,1.0,1.0,25/25/25 Hz,1.0,700,denied,7,18,0.25688129959623524,0.05887852295309073,0.05342885681425902,before_outage,0.3463997725758039
0.3879483923111199,1.0,,24.933333333333334,original,stress,40,1.0,,24.933333333333334,0.6,,0.0,0.34349476800801776,,25.0,0.4148594667882997,0.010000000000005116,retrodiction,0,0.3485339447268086,1.0,1.0,25/25/25 Hz,1.0,1500,denied,7,25,0.4125800824005152,0.05935565421724077,0.05905298449653633,outage_window,0.3204214334452368
0.47244670255793025,1.0,,25.0,original,stress,60,1.0,,25.0,0.6,,0.0,0.47374909076564387,,25.0,0.5626723980585047,0.010000000000005116,retrodiction,0,0.4785321363904289,1.0,1.0,25/25/25 Hz,1.0,2000,denied,7,40,0.48642573216954593,0.05220468202593037,0.06748929216634147,after_return,0.42483986970923865
0.3176909741057352,1.0,,24.893617021276597,original,stress,60,1.0,,24.97872340425532,0.6,,0.0,0.45405177745719294,,25.0,0.6302390886162079,0.010000000000005116,horizon,0,0.4591433556560922,1.0,1.0,25/25/25 Hz,1.0,4700,denied,7,13,0.5213619755347918,0.05533232763034862,0.06818800797134712,flight,0.28252186529932527
0.25878273471798874,1.0,,24.714285714285715,original,stress,25,1.0,,25.0,0.6,,0.0,0.32848344158980575,,25.0,0.4135673291457643,0.010000000000001563,horizon,0,0.33326072577904464,1.0,1.0,25/25/25 Hz,1.0,700,denied,7,18,0.4080463868303225,0.057238874387351084,0.05622579433046951,before_outage,0.22686407652024454
0.23543106742111758,1.0,,24.933333333333334,original,stress,40,1.0,,25.0,0.6,,0.0,0.4290087284937116,,25.0,0.475656794531176,0.010000000000005116,horizon,0,0.43375627780110926,1.0,1.0,25/25/25 Hz,1.0,1500,denied,7,25,0.4750856468504541,0.05630774672183506,0.06400015162546066,outage_window,0.19977657809811544
0.39902247729969104,1.0,,25.0,original,stress,60,1.0,,25.0,0.6,,0.0,0.539750705409436,,25.0,0.6302390886162079,0.010000000000005116,horizon,0,0.5454258721769129,1.0,1.0,25/25/25 Hz,1.0,2000,denied,7,40,0.5213619755347918,0.05149222479854307,0.07847648087141973,after_return,0.36254268656972355
0.48758376978811485,1.0,,24.914893617021278,original,stress,60,1.0,,24.97872340425532,0.6,,6.808510638297872,0.05542606194886623,,25.0,0.1641722635101458,0.010000000000005116,retrodiction,0,0.07921116570329281,1.0,1.0,25/25/25 Hz,1.0,4700,transition,7,13,0.05033945366244389,0.0492523979476247,0.056589402090099473,flight,0.44450526823049485
0.4666320812433628,1.0,,24.857142857142858,original,stress,25,1.0,,25.142857142857142,0.6,,10.0,0.04094024550546549,,25.0,0.09007071373174888,0.010000000000001563,retrodiction,0,0.061224549450958135,1.0,1.0,25/25/25 Hz,1.0,700,transition,7,18,0.06329114653488674,0.043729303598128,0.04552298049804111,before_outage,0.4410458269467538
0.3350703852511175,1.0,,24.933333333333334,original,stress,40,1.0,,24.933333333333334,0.6,,0.06666666666666667,0.031449558461689446,,25.0,0.06685868933263121,0.010000000000005116,retrodiction,0,0.06693747919766356,1.0,1.0,25/25/25 Hz,1.0,1500,transition,7,25,0.01810999959404159,0.05882707522009533,0.05908935093485476,outage_window,0.30361773797745584
0.5545668117518622,1.0,,25.0,original,stress,60,1.0,,25.0,0.6,,9.95,0.07453644796879201,,25.0,0.1641722635101458,0.010000000000005116,retrodiction,0,0.09683476336349535,1.0,1.0,25/25/25 Hz,1.0,2000,transition,7,40,0.05033945366244389,0.04098738080971128,0.06181657803421103,after_return,0.5111134452421664
0.5005649143484511,1.0,,24.893617021276597,original,stress,60,1.0,,24.97872340425532,0.6,,6.808510638297872,0.049565487819025006,,25.0,0.12481383538144604,0.010000000000005116,horizon,0,0.07819201631724501,1.0,1.0,25/25/25 Hz,1.0,4700,transition,7,13,0.025793162092503125,0.05122077885857197,0.06047523322004137,flight,0.3987428263197375
0.5123619197683209,1.0,,24.714285714285715,original,stress,25,1.0,,25.0,0.6,,10.0,0.036482483107707527,,25.0,0.06313800476031474,0.010000000000001563,horizon,0,0.0570837913259033,1.0,1.0,25/25/25 Hz,1.0,700,transition,7,18,0.02758126609254679,0.04669568827927512,0.043904301138215474,before_outage,0.43785541391286725
0.3686924494425941,1.0,,24.933333333333334,original,stress,40,1.0,,25.0,0.6,,0.13333333333333333,0.0402420129183416,,25.0,0.07507861417801678,0.010000000000005116,horizon,0,0.07630973386575819,1.0,1.0,25/25/25 Hz,1.0,1500,transition,7,25,0.048534001128416986,0.05644169246689691,0.06483637774384739,outage_window,0.26843143484643234
0.45471857120407994,1.0,,25.0,original,stress,60,1.0,,25.0,0.6,,9.9,0.061944408849663526,,25.0,0.12481383538144604,0.010000000000005116,horizon,0,0.09107854687087051,1.0,1.0,25/25/25 Hz,1.0,2000,transition,7,40,0.025793162092503125,0.04687599695611964,0.06676969306785141,after_return,0.34840751151542687
0.48543697246891326,1.0,,24.97872340425532,original,zero,60,1.0,,25.0,0.6,,10.0,0.043761417566501044,,25.0,0.08705489862105545,0.010000000000005116,retrodiction,0,0.07467144779839144,1.0,1.0,25/25/25 Hz,1.0,4700,gps,19,13,0.06497889183257628,0.04713907279894695,0.06050424323035724,flight,0.3916083597239462
0.4454499383110391,1.0,,24.857142857142858,original,zero,25,1.0,,25.0,0.6,,10.0,0.029739245310034284,,25.0,0.056656511682314364,0.010000000000001563,retrodiction,0,0.055216999135119224,1.0,1.0,25/25/25 Hz,1.0,700,gps,19,18,0.04591720656453141,0.04731264533646042,0.046524125804547484,before_outage,0.303049509518691
0.4331917967411392,1.0,,25.0,original,zero,40,1.0,,25.0,0.6,,10.0,0.044967254259117746,,25.0,0.06723754527363318,0.010000000000005116,retrodiction,0,0.0741328173791686,1.0,1.0,25/25/25 Hz,1.0,1500,gps,19,25,0.03454483657183216,0.04549312738995679,0.05893743001666275,outage_window,0.36400764643029143
0.3912846909821425,1.0,,25.0,original,zero,60,1.0,,25.0,0.6,,10.0,0.05007467688655534,,25.0,0.08705489862105545,0.010000000000005116,retrodiction,0,0.08548088816349998,1.0,1.0,25/25/25 Hz,1.0,2000,gps,19,40,0.06497889183257628,0.0480057788479702,0.0692784885511215,after_return,0.33556032383147527
0.47319524106058874,1.0,,24.97872340425532,original,zero,60,1.0,,25.0,0.6,,10.0,0.04570339299324637,,25.0,0.10204980838501188,0.010000000000005116,horizon,0,0.0803936359583359,1.0,1.0,25/25/25 Hz,1.0,4700,gps,19,13,0.07998447580454228,0.050937325858798864,0.06613876753845899,flight,0.38033571540909533
0.42193440937807825,1.0,,24.857142857142858,original,zero,25,1.0,,25.0,0.6,,10.0,0.03110299737008396,,25.0,0.06434955825880909,0.010000000000001563,horizon,0,0.05887786871134576,1.0,1.0,25/25/25 Hz,1.0,700,gps,19,18,0.03708934810295181,0.050769282648761085,0.049992069156887455,before_outage,0.29542816922864557
0.43370037726915844,1.0,,25.0,original,zero,40,1.0,,25.0,0.6,,10.0,0.04718579097598985,,25.0,0.08002477779693197,0.010000000000005116,horizon,0,0.07824374146313176,1.0,1.0,25/25/25 Hz,1.0,1500,gps,19,25,0.041602212334634875,0.04944173351247147,0.06241461534063636,outage_window,0.36607453720060756
0.37653704026929624,1.0,,25.0,original,zero,60,1.0,,25.0,0.6,,10.0,0.051828195343397235,,25.0,0.10204980838501188,0.010000000000005116,horizon,0,0.09349123370932584,1.0,1.0,25/25/25 Hz,1.0,2000,gps,19,40,0.07998447580454228,0.05126736977998564,0.07781033959531625,after_return,0.3294222452468015
0.40544166037476753,1.0,,25.0,original,zero,60,1.0,,25.0,0.6,,0.0,0.5008348716249766,,25.0,0.5788188855003301,0.010000000000005116,retrodiction,0,0.504994384563469,1.0,1.0,25/25/25 Hz,1.0,4700,denied,19,13,0.5748343034469545,0.05479306159841326,0.06468198980419539,flight,0.3087623951650378
0.36521299164084187,1.0,,25.0,original,zero,25,1.0,,25.0,0.6,,0.0,0.511917088564347,,25.0,0.5510759061547772,0.010000000000001563,retrodiction,0,0.5138732458746332,1.0,1.0,25/25/25 Hz,1.0,700,denied,19,18,0.48525509381447407,0.05254541927603747,0.04479517006925778,before_outage,0.2690783559928121
0.49949587649560395,1.0,,25.0,original,zero,40,1.0,,25.0,0.6,,0.0,0.4826450070049242,,25.0,0.546414596214064,0.010000000000005116,retrodiction,0,0.4867750579016824,1.0,1.0,25/25/25 Hz,1.0,1500,denied,19,25,0.5395562331032155,0.056291960735390605,0.06327522586607605,outage_window,0.41857964901584915
0.32411210769895893,1.0,,25.0,original,zero,60,1.0,,25.0,0.6,,0.0,0.5270162028859565,,25.0,0.5788188855003301,0.010000000000005116,retrodiction,0,0.5321963784978714,1.0,1.0,25/25/25 Hz,1.0,2000,denied,19,40,0.5748343034469545,0.0495008840071059,0.0740736605138279,after_return,0.20143253159679148
0.42006706550958944,1.0,,25.0,original,zero,60,1.0,,25.0,0.6,,0.0,0.4539833237040913,,25.0,0.5404461650793896,0.010000000000005116,horizon,0,0.46001481151433216,1.0,1.0,25/25/25 Hz,1.0,4700,denied,19,13,0.5107528506865023,0.05823670776703502,0.07424802092414881,flight,0.3481773236191368
0.37114526796043684,1.0,,25.0,original,zero,25,1.0,,25.0,0.6,,0.0,0.46699960540679925,,25.0,0.5096760273082671,0.010000000000001563,horizon,0,0.4696671800575085,1.0,1.0,25/25/25 Hz,1.0,700,denied,19,18,0.447883792487074,0.05770140356223111,0.049986283849331035,before_outage,0.30098250933537474
0.5275347233349784,1.0,,25.0,original,zero,40,1.0,,25.0,0.6,,0.0,0.4349108442551559,,25.0,0.5170263943376886,0.010000000000005116,horizon,0,0.4406192234925876,1.0,1.0,25/25/25 Hz,1.0,1500,denied,19,25,0.4973837529549961,0.05959692749649854,0.07069552786759842,outage_window,0.46820589489523
0.32695623326298784,1.0,,25.0,original,zero,60,1.0,,25.0,0.6,,0.0,0.4803902839494923,,25.0,0.5404461650793896,0.010000000000005116,horizon,0,0.4881619425404742,1.0,1.0,25/25/25 Hz,1.0,2000,denied,19,40,0.5107528506865023,0.052265584833740865,0.08675976735685362,after_return,0.233839505662105
0.5063040877064577,1.0,,24.97872340425532,original,zero,60,1.0,,25.0,0.6,,6.808510638297872,0.050326240958340755,,25.0,0.14460224709109612,0.010000000000005116,retrodiction,0,0.07980284776532187,1.0,1.0,25/25/25 Hz,1.0,4700,transition,19,13,0.06502481530154136,0.050252733833817384,0.061933544888518724,flight,0.4064779046904002
0.4454499383110391,1.0,,24.857142857142858,original,zero,25,1.0,,25.0,0.6,,10.0,0.029739245310034284,,25.0,0.056656511682314364,0.010000000000001563,retrodiction,0,0.055216999135119224,1.0,1.0,25/25/25 Hz,1.0,700,transition,19,18,0.04591720656453141,0.04731264533646042,0.046524125804547484,before_outage,0.303049509518691
0.4557142326223528,1.0,,25.0,original,zero,40,1.0,,25.0,0.6,,0.0,0.06175309946423516,,25.0,0.09966224800303468,0.010000000000005116,retrodiction,0,0.08864368595934276,1.0,1.0,25/25/25 Hz,1.0,1500,transition,19,25,0.059639411408152855,0.05472604997663146,0.06359447906083403,outage_window,0.39710054252634125
0.4321124666471168,1.0,,25.0,original,zero,60,1.0,,25.0,0.6,,10.0,0.051141485963935494,,25.0,0.14460224709109612,0.010000000000005116,retrodiction,0,0.08601298729786534,1.0,1.0,25/25/25 Hz,1.0,2000,transition,19,40,0.06502481530154136,0.048199520698983644,0.06915766333027262,after_return,0.3487092590092955
0.47864572781735615,1.0,,24.97872340425532,original,zero,60,1.0,,25.0,0.6,,6.808510638297872,0.050650708274504186,,25.0,0.15693965652894243,0.010000000000005116,horizon,0,0.08561627622531645,1.0,1.0,25/25/25 Hz,1.0,4700,transition,19,13,0.08000486934115539,0.05341233604984173,0.06902646236032062,flight,0.3771558053672891
0.42193440937807825,1.0,,24.857142857142858,original,zero,25,1.0,,25.0,0.6,,10.0,0.03110299737008396,,25.0,0.06434955825880909,0.010000000000001563,horizon,0,0.05887786871134576,1.0,1.0,25/25/25 Hz,1.0,700,transition,19,18,0.03708934810295181,0.050769282648761085,0.049992069156887455,before_outage,0.29542816922864557
0.39946928171965596,1.0,,25.0,original,zero,40,1.0,,25.0,0.6,,0.13333333333333333,0.05980949744957394,,25.0,0.10761852762256663,0.010000000000005116,horizon,0,0.0935173264157631,1.0,1.0,25/25/25 Hz,1.0,1500,transition,19,25,0.059647643674359464,0.05683026852728296,0.07189098938519202,outage_window,0.34026075603237704
0.41876266231403436,1.0,,25.0,original,zero,60,1.0,,25.0,0.6,,9.9,0.05285248501811618,,25.0,0.15693965652894243,0.010000000000005116,horizon,0,0.093864417947095,1.0,1.0,25/25/25 Hz,1.0,2000,transition,19,40,0.08000486934115539,0.051442916112669934,0.07757025063744952,after_return,0.3413697851039321
0.43445165622781096,1.0,,24.97872340425532,original,nominal,60,1.0,,24.97872340425532,0.6,,10.0,0.0439602263833547,,25.0,0.10308835827177461,0.010000000000005116,retrodiction,0,0.07543335121774464,1.0,1.0,25/25/25 Hz,1.0,4700,gps,19,13,0.0437083258784814,0.04188940864960689,0.06129999161715946,flight,0.3809706408484784
0.47502953458550456,1.0,,24.857142857142858,original,nominal,25,1.0,,25.0,0.6,,10.0,0.04448154106528638,,25.0,0.07041986466025735,0.010000000000001563,retrodiction,0,0.06482121483475936,1.0,1.0,25/25/25 Hz,1.0,700,gps,19,18,0.03830152552709602,0.0451581257562155,0.04715063517187515,before_outage,0.4377006864161575
0.31214400252127655,1.0,,25.0,original,nominal,40,1.0,,25.0,0.6,,10.0,0.03479635372902559,,25.0,0.06502721618521383,0.010000000000005116,retrodiction,0,0.06920365248249345,1.0,1.0,25/25/25 Hz,1.0,1500,gps,19,25,0.04141050704810084,0.03990682367355678,0.059819388864165525,outage_window,0.27815737011658465
0.4076395291611025,1.0,,25.0,original,nominal,60,1.0,,25.0,0.6,,10.0,0.050620539334790576,,25.0,0.10308835827177461,0.010000000000005116,retrodiction,0,0.08630352720201215,1.0,1.0,25/25/25 Hz,1.0,2000,gps,19,40,0.0437083258784814,0.03951193321977239,0.06989892563525829,after_return,0.3631198479508884
0.4735185195806659,1.0,,24.97872340425532,original,nominal,60,1.0,,25.0,0.6,,10.0,0.045703751148217286,,25.0,0.10205271843910857,0.010000000000005116,horizon,0,0.0848521847681162,1.0,1.0,25/25/25 Hz,1.0,4700,gps,19,13,0.07998658963405343,0.050937459504180785,0.07149168057126899,flight,0.3804889122711612
0.42231415288715324,1.0,,24.857142857142858,original,nominal,25,1.0,,25.0,0.6,,10.0,0.03110271903329655,,25.0,0.06434795937700304,0.010000000000001563,horizon,0,0.06384016449921055,1.0,1.0,25/25/25 Hz,1.0,700,gps,19,18,0.037089476223226815,0.05076957430152075,0.05575112081404352,before_outage,0.2954062146399924
0.43384570360701363,1.0,,25.0,original,nominal,40,1.0,,25.0,0.6,,10.0,0.047187586058403834,,25.0,0.08002374441653623,0.010000000000005116,horizon,0,0.08262880405390252,1.0,1.0,25/25/25 Hz,1.0,1500,gps,19,25,0.04160137156740668,0.04944185197436829,0.06782957305894642,outage_window,0.3660662970397084
0.3766027692625823,1.0,,25.0,original,nominal,60,1.0,,25.0,0.6,,10.0,0.05182871130853845,,25.0,0.10205271843910857,0.010000000000005116,horizon,0,0.09822072678853054,1.0,1.0,25/25/25 Hz,1.0,2000,gps,19,40,0.07998658963405343,0.051267360913146334,0.08343318197793571,after_return,0.32942342006327
0.3744650598828514,1.0,,25.0,original,nominal,60,1.0,,25.0,0.6,,0.0,0.33959622728396394,,25.0,0.47575875842252846,0.010000000000005116,retrodiction,0,0.3457647792663721,1.0,1.0,25/25/25 Hz,1.0,4700,denied,19,13,0.3549266442851564,0.0560532423632219,0.0650206505321298,flight,0.32966747928713525
0.27436614736800696,1.0,,25.0,original,nominal,25,1.0,,25.0,0.6,,0.0,0.4261158978857298,,25.0,0.47575875842252846,0.010000000000001563,retrodiction,0,0.42851089762096317,1.0,1.0,25/25/25 Hz,1.0,700,denied,19,18,0.3843688759020791,0.05363284906218712,0.045241915840974624,before_outage,0.2064382928806682
0.4923606230822246,1.0,,25.0,original,nominal,40,1.0,,25.0,0.6,,0.0,0.33232132622185884,,25.0,0.41651992804409893,0.010000000000005116,retrodiction,0,0.3383241242667466,1.0,1.0,25/25/25 Hz,1.0,1500,denied,19,25,0.23446426178597882,0.05758091824064564,0.06344879194284045,outage_window,0.4601877400333673
0.29228957320278365,1.0,,25.0,original,nominal,60,1.0,,25.0,0.6,,0.0,0.29788811724416464,,25.0,0.3754855772092955,0.010000000000005116,retrodiction,0,0.3070486342901076,1.0,1.0,25/25/25 Hz,1.0,2000,denied,19,40,0.3549266442851564,0.05081822034698019,0.07444147650434574,after_return,0.23168809857797543
0.5292554613782435,1.0,,25.0,original,nominal,60,1.0,,25.0,0.6,,0.0,0.5305220197074682,,25.0,0.6203685616544086,0.010000000000005116,horizon,0,0.5364944452142648,1.0,1.0,25/25/25 Hz,1.0,4700,denied,19,13,0.5928616002682121,0.05905387786240853,0.079829044534371,flight,0.408700176651651
0.5291464166500283,1.0,,25.0,original,nominal,25,1.0,,25.0,0.6,,0.0,0.5437323516780376,,25.0,0.5914091082613803,0.010000000000001563,horizon,0,0.5465095161089271,1.0,1.0,25/25/25 Hz,1.0,700,denied,19,18,0.5131176366066654,0.05862511254714858,0.055025275431246044,before_outage,0.41832510338337814
0.6320164648159092,1.0,,25.0,original,nominal,40,1.0,,25.0,0.6,,0.0,0.5115634367101048,,25.0,0.5941013065125182,0.010000000000005116,horizon,0,0.5172397065494223,1.0,1.0,25/25/25 Hz,1.0,1500,denied,19,25,0.5744273505800113,0.06060376580253274,0.07641835023526118,outage_window,0.5266323149268806
0.4236167116417833,1.0,,25.0,original,nominal,60,1.0,,25.0,0.6,,0.0,0.5574010224015719,,25.0,0.6203685616544086,0.010000000000005116,horizon,0,0.5650668037792835,1.0,1.0,25/25/25 Hz,1.0,2000,denied,19,40,0.5928616002682121,0.05292124446256917,0.09276094522490466,after_return,0.27699886572882737
0.4300198458624571,1.0,,24.97872340425532,original,nominal,60,1.0,,24.97872340425532,0.6,,6.808510638297872,0.051156660429940666,,25.0,0.15621781468303,0.010000000000005116,retrodiction,0,0.08077042720973061,1.0,1.0,25/25/25 Hz,1.0,4700,transition,19,13,0.04290686728034045,0.04722700345023276,0.06250486385312853,flight,0.36943306798049885
0.47502953458550456,1.0,,24.857142857142858,original,nominal,25,1.0,,25.0,0.6,,10.0,0.04448154106528638,,25.0,0.07041986466025735,0.010000000000001563,retrodiction,0,0.06482121483475936,1.0,1.0,25/25/25 Hz,1.0,700,transition,19,18,0.03830152552709602,0.0451581257562155,0.04715063517187515,before_outage,0.4377006864161575
0.19444315526453756,1.0,,25.0,original,nominal,40,1.0,,25.0,0.6,,0.06666666666666667,0.05152016526805259,,25.0,0.07644281482567596,0.010000000000005116,retrodiction,0,0.08194160600704957,1.0,1.0,25/25/25 Hz,1.0,1500,transition,19,25,0.06814355638462366,0.055014545848877563,0.06371890901268704,outage_window,0.14905967640513515
0.44931729395940395,1.0,,25.0,original,nominal,60,1.0,,25.0,0.6,,9.95,0.05557304878722223,,25.0,0.15621781468303,0.010000000000005116,retrodiction,0,0.08923825257610864,1.0,1.0,25/25/25 Hz,1.0,2000,transition,19,40,0.04290686728034045,0.0400434358832317,0.06982193044689024,after_return,0.39099188928175466
0.47916843613710297,1.0,,24.97872340425532,original,nominal,60,1.0,,25.0,0.6,,6.808510638297872,0.050660897764279386,,25.0,0.15694541861470845,0.010000000000005116,horizon,0,0.0899488381765738,1.0,1.0,25/25/25 Hz,1.0,4700,transition,19,13,0.08000767729401326,0.053408726008536855,0.07432541239059957,flight,0.3774708191661555
0.42231415288715324,1.0,,24.857142857142858,original,nominal,25,1.0,,25.0,0.6,,10.0,0.03110271903329655,,25.0,0.06434795937700304,0.010000000000001563,horizon,0,0.06384016449921055,1.0,1.0,25/25/25 Hz,1.0,700,transition,19,18,0.037089476223226815,0.05076957430152075,0.05575112081404352,before_outage,0.2954062146399924
0.40021380189984085,1.0,,25.0,original,nominal,40,1.0,,25.0,0.6,,0.13333333333333333,0.059835949379493145,,25.0,0.1076861285079666,0.010000000000005116,horizon,0,0.0976243339630635,1.0,1.0,25/25/25 Hz,1.0,1500,transition,19,25,0.05966232653609817,0.056818921360153284,0.07713734337910845,outage_window,0.34079495120822695
0.4189475092854683,1.0,,25.0,original,nominal,60,1.0,,25.0,0.6,,9.9,0.05285395987985312,,25.0,0.15694541861470845,0.010000000000005116,horizon,0,0.09855801955282681,1.0,1.0,25/25/25 Hz,1.0,2000,transition,19,40,0.08000767729401326,0.05144327428743114,0.0831873917321265,after_return,0.3413816739930285
0.4674020449701411,1.0,,24.97872340425532,original,stress,60,1.0,,24.95744680851064,0.6,,10.0,0.04805473054542102,,25.0,0.11347182402602105,0.010000000000005116,retrodiction,0,0.07802634827475133,1.0,1.0,25/25/25 Hz,1.0,4700,gps,19,13,0.04288355429321979,0.045558463089509005,0.06147238320823238,flight,0.4030009043767077
0.48254325015372884,1.0,,24.857142857142858,original,stress,25,1.0,,25.142857142857142,0.6,,10.0,0.04201166470000406,,25.0,0.06877489237201968,0.010000000000001563,retrodiction,0,0.06360038634309984,1.0,1.0,25/25/25 Hz,1.0,700,gps,19,18,0.027630890447067225,0.04789711405304646,0.0477496510157508,before_outage,0.42446085371593206
0.414091499210991,1.0,,25.0,original,stress,40,1.0,,24.933333333333334,0.6,,10.0,0.03761906092484017,,25.0,0.07990635351659667,0.010000000000005116,retrodiction,0,0.07064402094790247,1.0,1.0,25/25/25 Hz,1.0,1500,gps,19,25,0.06372333460767818,0.04427568993979491,0.05979451438736539,outage_window,0.3631995017762632
0.45974036315085187,1.0,,25.0,original,stress,60,1.0,,25.0,0.6,,10.0,0.05493746379745592,,25.0,0.11347182402602105,0.010000000000005116,retrodiction,0,0.08877916768309256,1.0,1.0,25/25/25 Hz,1.0,2000,gps,19,40,0.04288355429321979,0.04060481815058875,0.0697396278023183,after_return,0.41083776243725806
0.4735454340905499,1.0,,24.97872340425532,original,stress,60,1.0,,25.0,0.6,,10.0,0.04570434929806183,,25.0,0.10205083095522778,0.010000000000005116,horizon,0,0.08164485926681575,1.0,1.0,25/25/25 Hz,1.0,4700,gps,19,13,0.07998536527206938,0.05093747469578383,0.06765349584418313,flight,0.3804873602495783
0.42236703408921583,1.0,,24.857142857142858,original,stress,25,1.0,,25.0,0.6,,10.0,0.031103711601942224,,25.0,0.06434875666101342,0.010000000000001563,horizon,0,0.060270218932526765,1.0,1.0,25/25/25 Hz,1.0,700,gps,19,18,0.037090549986022826,0.050769576304861674,0.05162420376875476,before_outage,0.29540072049083427
0.43387152014584573,1.0,,25.0,original,stress,40,1.0,,25.0,0.6,,10.0,0.04718841627262006,,25.0,0.08002553328697506,0.010000000000005116,horizon,0,0.07947322594693472,1.0,1.0,25/25/25 Hz,1.0,1500,gps,19,25,0.041601721635493825,0.04944179774145709,0.06394722051891283,outage_window,0.3660667549873638
0.376614105305803,1.0,,25.0,original,stress,60,1.0,,25.0,0.6,,10.0,0.05182903342392296,,25.0,0.10205083095522778,0.010000000000005116,horizon,0,0.09482412790972564,1.0,1.0,25/25/25 Hz,1.0,2000,gps,19,40,0.07998536527206938,0.051267400165221036,0.07940633808570878,after_return,0.3294222156555803
0.4545455082567819,1.0,,25.0,original,stress,60,1.0,,24.95744680851064,0.6,,0.0,0.23273198312487153,,25.0,0.32284192114253685,0.010000000000005116,retrodiction,0,0.24180719782445048,1.0,1.0,25/25/25 Hz,1.0,4700,denied,19,13,0.2654005765596382,0.05896162494001348,0.0656242710472082,flight,0.33377306390225686
0.42887190321433655,1.0,,25.0,original,stress,25,1.0,,25.142857142857142,0.6,,0.0,0.2779415955862715,,25.0,0.32284192114253685,0.010000000000001563,retrodiction,0,0.2817955253988292,1.0,1.0,25/25/25 Hz,1.0,700,denied,19,18,0.25090470121554453,0.05677090846491608,0.0464455334532792,before_outage,0.32266977812852465
0.5462172730953582,1.0,,25.0,original,stress,40,1.0,,24.933333333333334,0.6,,0.0,0.22487384692301787,,25.0,0.2653692582275504,0.010000000000005116,retrodiction,0,0.23384838802349198,1.0,1.0,25/25/25 Hz,1.0,1500,denied,19,25,0.24925913080368178,0.06159836567062242,0.06416246216619793,outage_window,0.4395294961025385
0.38026502712445037,1.0,,25.0,original,stress,60,1.0,,25.0,0.6,,0.0,0.22973938813432643,,25.0,0.2834861002926903,0.010000000000005116,retrodiction,0,0.24153665201268087,1.0,1.0,25/25/25 Hz,1.0,2000,denied,19,40,0.2654005765596382,0.053082596544777996,0.07456385052530624,after_return,0.2329003874182682
2.099320750956219,1.0,,0.0,original,stress,60,1.0,,25.0,0.6,,0.0,2.388857497552443,,25.0,5.478078363178394,0.010000000000005116,horizon,0,190.4661565121655,1.0,1.0,25/25/25 Hz,1.0,4700,denied,19,13,2.450221807689241,7.787489460638714,190.45117520344448,flight,1.3919009899463741
2.8509384803422178,1.0,,0.0,original,stress,25,1.0,,25.0,0.6,,0.0,3.088219735272957,,25.0,4.856938940272413,0.010000000000001563,horizon,0,140.21956344170118,1.0,1.0,25/25/25 Hz,1.0,700,denied,19,18,1.0139131212653212,9.965910229490355,140.18555157593076,before_outage,1.8595590501397816
2.261306903778411,1.0,,0.0,original,stress,40,1.0,,25.0,0.6,,0.0,2.5740958877694555,,25.0,3.3910502884463525,0.010000000000005116,horizon,0,179.89292175154785,1.0,1.0,25/25/25 Hz,1.0,1500,denied,19,25,1.8591431968865633,7.73854180789939,179.87450438199707,outage_window,1.5315794153409008
1.6082735917810178,1.0,,0.0,original,stress,60,1.0,,25.0,0.6,,0.0,1.6077360009916821,,25.0,2.5213080226010534,0.010000000000005116,horizon,0,225.4171981689559,1.0,1.0,25/25/25 Hz,1.0,2000,denied,19,40,2.450221807689241,5.202172719735133,225.41146469355425,after_return,1.0471252876650898
0.4530637925202196,1.0,,24.97872340425532,original,stress,60,1.0,,24.95744680851064,0.6,,6.808510638297872,0.05352914718963858,,25.0,0.17865889638868102,0.010000000000005116,retrodiction,0,0.08247324425344722,1.0,1.0,25/25/25 Hz,1.0,4700,transition,19,13,0.04220855217414093,0.05126029351410924,0.06274126567769232,flight,0.38682656709164664
0.48254325015372884,1.0,,24.857142857142858,original,stress,25,1.0,,25.142857142857142,0.6,,10.0,0.04201166470000406,,25.0,0.06877489237201968,0.010000000000001563,retrodiction,0,0.06360038634309984,1.0,1.0,25/25/25 Hz,1.0,700,transition,19,18,0.027630890447067225,0.04789711405304646,0.0477496510157508,before_outage,0.42446085371593206
0.3194571799475303,1.0,,25.0,original,stress,40,1.0,,24.933333333333334,0.6,,0.06666666666666667,0.04982199795493318,,25.0,0.08508790230540383,0.010000000000005116,retrodiction,0,0.08101741050680113,1.0,1.0,25/25/25 Hz,1.0,1500,transition,19,25,0.07901218014524607,0.06002996568598626,0.06388731740342651,outage_window,0.2627814798757896
0.48208958015385156,1.0,,25.0,original,stress,60,1.0,,25.0,0.6,,9.95,0.05936927601011124,,25.0,0.17865889638868102,0.010000000000005116,retrodiction,0,0.09153721655670072,1.0,1.0,25/25/25 Hz,1.0,2000,transition,19,40,0.04220855217414093,0.04139577178837863,0.06967317332362259,after_return,0.431174438684397
0.4792138784986907,1.0,,24.97872340425532,original,stress,60,1.0,,25.0,0.6,,6.808510638297872,0.050662464631467244,,25.0,0.15695068913170487,0.010000000000005116,horizon,0,0.08683467317922493,1.0,1.0,25/25/25 Hz,1.0,4700,transition,19,13,0.08000727594620077,0.05340244644508489,0.07052357863585862,flight,0.3774759265073472
0.42236703408921583,1.0,,24.857142857142858,original,stress,25,1.0,,25.0,0.6,,10.0,0.031103711601942224,,25.0,0.06434875666101342,0.010000000000001563,horizon,0,0.060270218932526765,1.0,1.0,25/25/25 Hz,1.0,700,transition,19,18,0.037090549986022826,0.050769576304861674,0.05162420376875476,before_outage,0.29540072049083427
0.4002754891097714,1.0,,25.0,original,stress,40,1.0,,25.0,0.6,,0.13333333333333333,0.0598394389668127,,25.0,0.10769330142644244,0.010000000000005116,horizon,0,0.09467733193734397,1.0,1.0,25/25/25 Hz,1.0,1500,transition,19,25,0.0596648650824542,0.05680044721856215,0.07336919467263567,outage_window,0.3408158530047021
0.41898420547641707,1.0,,25.0,original,stress,60,1.0,,25.0,0.6,,9.9,0.05285418256175902,,25.0,0.15695068913170487,0.010000000000005116,horizon,0,0.09518691884373529,1.0,1.0,25/25/25 Hz,1.0,2000,transition,19,40,0.08000727594620077,0.051443220064559016,0.07916429059046821,after_return,0.34138256640162495
0.46841555312776145,1.0,,24.914893617021278,original,zero,60,1.0,,25.0,0.6,,10.0,0.0315996013273679,,25.0,0.07733562898767372,0.010000000000005116,retrodiction,0,0.062163083808537425,1.0,1.0,25/25/25 Hz,1.0,4700,gps,41,13,0.008429732211961314,0.047795921540738015,0.05353236576631614,flight,0.3946497970468259
0.37826204769876576,1.0,,24.857142857142858,original,zero,25,1.0,,25.0,0.6,,10.0,0.02288558982769356,,25.0,0.04351636160568603,0.010000000000001563,retrodiction,0,0.046868144530791224,1.0,1.0,25/25/25 Hz,1.0,700,gps,41,18,0.008690101209332309,0.043195388659618444,0.04090076710769254,before_outage,0.312996872841826
0.4997701623844489,1.0,,25.0,original,zero,40,1.0,,25.0,0.6,,10.0,0.04333154814478561,,25.0,0.07733562898767372,0.010000000000005116,retrodiction,0,0.07059808980418592,1.0,1.0,25/25/25 Hz,1.0,1500,gps,41,25,0.030774696580486604,0.048801897109529147,0.05573569071408397,outage_window,0.42548826238751486
0.30523913065432595,1.0,,24.9,original,zero,60,1.0,,25.0,0.6,,10.0,0.02563630464671953,,25.0,0.048773097291849525,0.010000000000005116,retrodiction,0,0.06543035028069273,1.0,1.0,25/25/25 Hz,1.0,2000,gps,41,40,0.008429732211961314,0.04748940220484814,0.0601989254215948,after_return,0.24487941879921712
0.4734622629297923,1.0,,24.914893617021278,original,zero,60,1.0,,25.0,0.6,,10.0,0.03388550714022922,,25.0,0.08337517322596981,0.010000000000005116,horizon,0,0.08249443486454913,1.0,1.0,25/25/25 Hz,1.0,4700,gps,41,13,0.02070099649204733,0.051956121390539456,0.07521372341182701,flight,0.3999479865723092
0.3769372921265785,1.0,,24.857142857142858,original,zero,25,1.0,,25.0,0.6,,10.0,0.024556498224155898,,25.0,0.05734074418573047,0.010000000000001563,horizon,0,0.06179093283546599,1.0,1.0,25/25/25 Hz,1.0,700,gps,41,18,0.01860002469812843,0.04711873672224372,0.05670183220711741,before_outage,0.3226129869657536
0.49202250600044184,1.0,,25.0,original,zero,40,1.0,,25.0,0.6,,10.0,0.0458158811348384,,25.0,0.08337517322596981,0.010000000000005116,horizon,0,0.08929892069086574,1.0,1.0,25/25/25 Hz,1.0,1500,gps,41,25,0.03666296709790562,0.052682647938866144,0.07664986805201879,outage_window,0.4200370958317396
0.313385445354849,1.0,,24.9,original,zero,60,1.0,,25.0,0.6,,10.0,0.02742470252078372,,25.0,0.053644795879618165,0.010000000000005116,horizon,0,0.09034113887705306,1.0,1.0,25/25/25 Hz,1.0,2000,gps,41,40,0.02070099649204733,0.05051762720281769,0.08607791276076289,after_return,0.24774051528451374
0.31409162689104425,1.0,,24.851063829787233,original,zero,60,1.0,,25.0,0.6,,0.0,0.16362715779065995,,25.0,0.2777060632521449,0.010000000000005116,retrodiction,0,0.17360688293008042,1.0,1.0,25/25/25 Hz,1.0,4700,denied,41,13,0.12472305157527105,0.05654524423346566,0.05801295574308487,flight,0.26803804447300683
0.23351587323938117,1.0,,24.857142857142858,original,zero,25,1.0,,25.0,0.6,,0.0,0.18664775005777207,,25.0,0.23010288142706034,0.010000000000001563,retrodiction,0,0.19151597707948037,1.0,1.0,25/25/25 Hz,1.0,700,denied,41,18,0.1983519727250825,0.05859290605783203,0.04290672295898979,before_outage,0.1968393631812452
0.3213286358657919,1.0,,24.933333333333334,original,zero,40,1.0,,25.0,0.6,,0.0,0.15797396706668335,,25.0,0.23514120130419003,0.010000000000005116,retrodiction,0,0.16930129262352575,1.0,1.0,25/25/25 Hz,1.0,1500,denied,41,25,0.1981740171202225,0.0594998875281585,0.06088639760415411,outage_window,0.2808989662803819
0.2638250360627642,1.0,,24.9,original,zero,60,1.0,,25.0,0.6,,0.0,0.13110539450911415,,25.0,0.2195660995611487,0.010000000000005116,retrodiction,0,0.14602396237927037,1.0,1.0,25/25/25 Hz,1.0,2000,denied,41,40,0.12472305157527105,0.04948249890736317,0.064299091125397,after_return,0.2115574093969911
0.22655205716579024,1.0,,24.851063829787233,original,zero,60,1.0,,25.0,0.6,,0.0,0.14785083371613345,,25.0,0.27655581403621204,0.010000000000005116,horizon,0,0.17033900378608877,1.0,1.0,25/25/25 Hz,1.0,4700,denied,41,13,0.118444661347226,0.05918590472686867,0.08459023099791971,flight,0.18308429604154258
0.2139551961168293,1.0,,24.857142857142858,original,zero,25,1.0,,25.0,0.6,,0.0,0.17665356464983337,,25.0,0.21336652201542883,0.010000000000001563,horizon,0,0.18730420728432584,1.0,1.0,25/25/25 Hz,1.0,700,denied,41,18,0.17062654643121644,0.06076212759475999,0.062260614861377954,before_outage,0.17887803851391187
0.21713238121801873,1.0,,24.933333333333334,original,zero,40,1.0,,25.0,0.6,,0.0,0.131540161959356,,25.0,0.2070228982613656,0.010000000000005116,horizon,0,0.15696689888571833,1.0,1.0,25/25/25 Hz,1.0,1500,denied,41,25,0.16121034585322255,0.06194335303749921,0.08564924481573503,outage_window,0.17681478477443258
0.18484716261063097,1.0,,24.9,original,zero,60,1.0,,25.0,0.6,,0.0,0.11783664296895593,,25.0,0.19100988532492671,0.010000000000005116,horizon,0,0.15157848435970975,1.0,1.0,25/25/25 Hz,1.0,2000,denied,41,40,0.118444661347226,0.05191488937251567,0.0953444413408227,after_return,0.13454746911664572
0.4135914169844124,1.0,,24.893617021276597,original,zero,60,1.0,,25.0,0.6,,6.808510638297872,0.034735478399643756,,25.0,0.14319951845477988,0.010000000000005116,retrodiction,0,0.06555022629930812,1.0,1.0,25/25/25 Hz,1.0,4700,transition,41,13,0.007765105201415774,0.05135505880973945,0.055590275302775646,flight,0.34464069557696936
0.37826204769876576,1.0,,24.857142857142858,original,zero,25,1.0,,25.0,0.6,,10.0,0.02288558982769356,,25.0,0.04351636160568603,0.010000000000001563,retrodiction,0,0.046868144530791224,1.0,1.0,25/25/25 Hz,1.0,700,transition,41,18,0.008690101209332309,0.043195388659618444,0.04090076710769254,before_outage,0.312996872841826
0.32459931116626844,1.0,,24.933333333333334,original,zero,40,1.0,,25.0,0.6,,0.0,0.032113588941312686,,25.0,0.06330508958898863,0.010000000000005116,retrodiction,0,0.06957617168362729,1.0,1.0,25/25/25 Hz,1.0,1500,transition,41,25,0.0578569935535706,0.058970576344360606,0.06172164184026522,outage_window,0.24401456554335754
0.2963784214345247,1.0,,24.9,original,zero,60,1.0,,25.0,0.6,,10.0,0.042199754845933704,,25.0,0.14319951845477988,0.010000000000005116,retrodiction,0,0.07351963120558036,1.0,1.0,25/25/25 Hz,1.0,2000,transition,41,40,0.007765105201415774,0.04756691726658468,0.06020229948720928,after_return,0.253389718638122
0.4111454084543334,1.0,,24.893617021276597,original,zero,60,1.0,,25.0,0.6,,6.808510638297872,0.03653482892226929,,25.0,0.14840799501703172,0.010000000000005116,horizon,0,0.08680146653729948,1.0,1.0,25/25/25 Hz,1.0,4700,transition,41,13,0.020696574563956682,0.055217529346318676,0.07873817923121182,flight,0.3427627281952521
0.3769372921265785,1.0,,24.857142857142858,original,zero,25,1.0,,25.0,0.6,,10.0,0.024556498224155898,,25.0,0.05734074418573047,0.010000000000001563,horizon,0,0.06179093283546599,1.0,1.0,25/25/25 Hz,1.0,700,transition,41,18,0.01860002469812843,0.04711873672224372,0.05670183220711741,before_outage,0.3226129869657536
0.28339467099341814,1.0,,24.933333333333334,original,zero,40,1.0,,25.0,0.6,,0.13333333333333333,0.033783273529408527,,25.0,0.07434409662583719,0.010000000000005116,horizon,0,0.09339719008664736,1.0,1.0,25/25/25 Hz,1.0,1500,transition,41,25,0.05982256292728087,0.0621160216626195,0.08707310460594882,outage_window,0.19786753267364937
0.2999910312374395,1.0,,24.9,original,zero,60,1.0,,25.0,0.6,,9.9,0.04369077430923649,,25.0,0.14840799501703172,0.010000000000005116,horizon,0,0.09650647939935376,1.0,1.0,25/25/25 Hz,1.0,2000,transition,41,40,0.020696574563956682,0.0506086804464487,0.08605008312789275,after_return,0.25401893485480387
0.46621851036361556,1.0,,24.93617021276596,original,nominal,60,1.0,,25.0,0.6,,10.0,0.04871013343622944,,25.0,0.1260869711052558,0.010000000000005116,retrodiction,0,0.07267998203058841,1.0,1.0,25/25/25 Hz,1.0,4700,gps,41,13,0.030464636528258347,0.04186723169874675,0.053941660046678,flight,0.431139333271743
0.3164823039140189,1.0,,24.857142857142858,original,nominal,25,1.0,,25.0,0.6,,10.0,0.04377611208878281,,25.0,0.08003507631761414,0.010000000000001563,retrodiction,0,0.060614282667164926,1.0,1.0,25/25/25 Hz,1.0,700,gps,41,18,0.004651922962500059,0.04101235431916425,0.0419254489975396,before_outage,0.2817976741563941
0.48423732901760924,1.0,,25.0,original,nominal,40,1.0,,25.0,0.6,,10.0,0.05661260187835434,,25.0,0.1260869711052558,0.010000000000005116,retrodiction,0,0.08014189412056873,1.0,1.0,25/25/25 Hz,1.0,1500,gps,41,25,0.0724436186035037,0.041060255971614085,0.05672509587295026,outage_window,0.4556028082254338
0.44568330967469016,1.0,,24.95,original,nominal,60,1.0,,25.0,0.6,,10.0,0.0461740245053177,,25.0,0.10424620915160314,0.010000000000005116,retrodiction,0,0.07559063498763988,1.0,1.0,25/25/25 Hz,1.0,2000,gps,41,40,0.030464636528258347,0.04000214737902812,0.05984900633107393,after_return,0.41507056762014893
0.47346263889227924,1.0,,24.914893617021278,original,nominal,60,1.0,,25.0,0.6,,10.0,0.033885577896165926,,25.0,0.08337457947164556,0.010000000000005116,horizon,0,0.07790160270760109,1.0,1.0,25/25/25 Hz,1.0,4700,gps,41,13,0.02070209726516015,0.051955925642889554,0.07014575764118448,flight,0.3999196633273788
0.3769681156777286,1.0,,24.857142857142858,original,nominal,25,1.0,,25.0,0.6,,10.0,0.02455707370654812,,25.0,0.05734141802233405,0.010000000000001563,horizon,0,0.057388452546164495,1.0,1.0,25/25/25 Hz,1.0,700,gps,41,18,0.018599077818432994,0.047118411831857464,0.05186891763488551,before_outage,0.3226064455504866
0.4920760387515111,1.0,,25.0,original,nominal,40,1.0,,25.0,0.6,,10.0,0.04581537961432146,,25.0,0.08337457947164556,0.010000000000005116,horizon,0,0.0847853127063189,1.0,1.0,25/25/25 Hz,1.0,1500,gps,41,25,0.03666191687143663,0.05268258415930911,0.07134073339617344,outage_window,0.42004922356622254
0.3134223820941103,1.0,,24.9,original,nominal,60,1.0,,25.0,0.6,,10.0,0.027425376040013938,,25.0,0.053645021573930446,0.010000000000005116,horizon,0,0.08526830690849108,1.0,1.0,25/25/25 Hz,1.0,2000,gps,41,40,0.02070209726516015,0.05051763118682363,0.0807374319142271,after_return,0.24774625396313305
0.4653791374279565,1.0,,24.893617021276597,original,nominal,60,1.0,,25.0,0.6,,0.0,0.49412937910389076,,25.0,0.5742940770929192,0.010000000000005116,retrodiction,0,0.4974662881402675,1.0,1.0,25/25/25 Hz,1.0,4700,denied,41,13,0.4996364838674298,0.05939820352088136,0.05752273065892318,flight,0.4205533101689912
0.5406371732532167,1.0,,24.857142857142858,original,nominal,25,1.0,,25.0,0.6,,0.0,0.5137310953537088,,25.0,0.5503737324497191,0.010000000000001563,retrodiction,0,0.5154902201924024,1.0,1.0,25/25/25 Hz,1.0,700,denied,41,18,0.5007752957359689,0.06425896626270075,0.04255030882015037,before_outage,0.48660935492415347
0.489097183902644,1.0,,25.0,original,nominal,40,1.0,,25.0,0.6,,0.0,0.4743507224292477,,25.0,0.5218228065875857,0.010000000000005116,retrodiction,0,0.47808173776850177,1.0,1.0,25/25/25 Hz,1.0,1500,denied,41,25,0.5067691974948282,0.062380614018378695,0.05961157705178887,outage_window,0.4329950439084632
0.45321511485472343,1.0,,24.9,original,nominal,60,1.0,,25.0,0.6,,0.0,0.49863533387599235,,25.0,0.5697749331445505,0.010000000000005116,retrodiction,0,0.5027600112321595,1.0,1.0,25/25/25 Hz,1.0,2000,denied,41,40,0.4996364838674298,0.052330572673758916,0.06426844252460742,after_return,0.41864505644558436
0.2972857498114968,1.0,,24.851063829787233,original,nominal,60,1.0,,25.0,0.6,,0.0,0.13516520035371044,,25.0,0.2622646396675712,0.010000000000005116,horizon,0,0.1568791830073512,1.0,1.0,25/25/25 Hz,1.0,4700,denied,41,13,0.10952182018309801,0.05970272248051562,0.07963320082977518,flight,0.2544882225860019
0.21523840329772767,1.0,,24.857142857142858,original,nominal,25,1.0,,25.0,0.6,,0.0,0.16230921176802315,,25.0,0.20461950681751925,0.010000000000001563,horizon,0,0.17229764174874923,1.0,1.0,25/25/25 Hz,1.0,700,denied,41,18,0.1522649892573294,0.060648058019265774,0.0578117386645943,before_outage,0.18067878881695124
0.2990875198194118,1.0,,24.933333333333334,original,nominal,40,1.0,,25.0,0.6,,0.0,0.12147695208437288,,25.0,0.19761933278085678,0.010000000000005116,horizon,0,0.14584622863780844,1.0,1.0,25/25/25 Hz,1.0,1500,denied,41,25,0.15001628506232878,0.062448385052661086,0.08071228233771405,outage_window,0.2617509301194205
0.24711045747311175,1.0,,24.9,original,nominal,60,1.0,,25.0,0.6,,0.0,0.10388624815018127,,25.0,0.1789108714390774,0.010000000000005116,horizon,0,0.13738533482427065,1.0,1.0,25/25/25 Hz,1.0,2000,denied,41,40,0.10952182018309801,0.05236301572231658,0.08990204486025839,after_return,0.19904948741164352
0.4344599276225828,1.0,,24.914893617021278,original,nominal,60,1.0,,25.0,0.6,,6.808510638297872,0.044889540565461246,,25.0,0.1464306204814119,0.010000000000005116,retrodiction,0,0.07161298398713987,1.0,1.0,25/25/25 Hz,1.0,4700,transition,41,13,0.029914905133503266,0.04908424178009894,0.0557973890371598,flight,0.39288970709750465
0.3164823039140189,1.0,,24.857142857142858,original,nominal,25,1.0,,25.0,0.6,,10.0,0.04377611208878281,,25.0,0.08003507631761414,0.010000000000001563,retrodiction,0,0.060614282667164926,1.0,1.0,25/25/25 Hz,1.0,700,transition,41,18,0.004651922962500059,0.04101235431916425,0.0419254489975396,before_outage,0.2817976741563941
0.2638740727668232,1.0,,24.933333333333334,original,nominal,40,1.0,,25.0,0.6,,0.06666666666666667,0.035144074670058145,,25.0,0.06320203649269719,0.010000000000005116,retrodiction,0,0.0713524848998527,1.0,1.0,25/25/25 Hz,1.0,1500,transition,41,25,0.05381086190356847,0.06073515960311084,0.06209727141323591,outage_window,0.23026399191110666
0.5050304691689497,1.0,,24.95,original,nominal,60,1.0,,25.0,0.6,,9.95,0.05262201429412738,,25.0,0.1464306204814119,0.010000000000005116,retrodiction,0,0.07969188749505214,1.0,1.0,25/25/25 Hz,1.0,2000,transition,41,40,0.029914905133503266,0.04050426087015899,0.0598474773415948,after_return,0.4627404232494562
0.4111623889469534,1.0,,24.893617021276597,original,nominal,60,1.0,,25.0,0.6,,6.808510638297872,0.036532456943016524,,25.0,0.14841622816186428,0.010000000000005116,horizon,0,0.08229580417122752,1.0,1.0,25/25/25 Hz,1.0,4700,transition,41,13,0.020698570934427608,0.05520814770121322,0.07374265369442351,flight,0.3427552309114815
0.3769681156777286,1.0,,24.857142857142858,original,nominal,25,1.0,,25.0,0.6,,10.0,0.02455707370654812,,25.0,0.05734141802233405,0.010000000000001563,horizon,0,0.057388452546164495,1.0,1.0,25/25/25 Hz,1.0,700,transition,41,18,0.018599077818432994,0.047118411831857464,0.05186891763488551,before_outage,0.3226064455504866
0.28359665495583386,1.0,,24.933333333333334,original,nominal,40,1.0,,25.0,0.6,,0.13333333333333333,0.0337722144180703,,25.0,0.07434777471143328,0.010000000000005116,horizon,0,0.08864537219964733,1.0,1.0,25/25/25 Hz,1.0,1500,transition,41,25,0.05982777224312929,0.06209044587550692,0.08195998746775093,outage_window,0.1980355904862253
0.3000056111169096,1.0,,24.9,original,nominal,60,1.0,,25.0,0.6,,9.9,0.04369242505302841,,25.0,0.14841622816186428,0.010000000000005116,horizon,0,0.09177610167813399,1.0,1.0,25/25/25 Hz,1.0,2000,transition,41,40,0.020698570934427608,0.05060859282509098,0.08070826991220098,after_return,0.25402236912393505
0.5111596404312442,1.0,,24.914893617021278,original,stress,60,1.0,,25.0,0.6,,10.0,0.05290342526306406,,25.0,0.14481168125448715,0.010000000000005116,retrodiction,0,0.07607555652704807,1.0,1.0,25/25/25 Hz,1.0,4700,gps,41,13,0.02793753106085033,0.04707970296338789,0.0546691676938243,flight,0.4393813041896135
0.3368649746238045,1.0,,24.714285714285715,original,stress,25,1.0,,25.0,0.6,,10.0,0.04368491428281988,,25.0,0.08443520054364266,0.010000000000001563,retrodiction,0,0.06117478981602958,1.0,1.0,25/25/25 Hz,1.0,700,gps,41,18,0.014919802704008275,0.04963824728206897,0.04282502975058017,before_outage,0.2491773863752401
0.5309777963141197,1.0,,25.0,original,stress,40,1.0,,24.933333333333334,0.6,,10.0,0.06227451826914725,,25.0,0.14481168125448715,0.010000000000005116,retrodiction,0,0.08498736588782442,1.0,1.0,25/25/25 Hz,1.0,1500,gps,41,25,0.07238931133619762,0.0462964790536251,0.057833698955683153,outage_window,0.45581916420499424
0.49394006128703116,1.0,,24.95,original,stress,60,1.0,,25.05,0.6,,10.0,0.05001222674570534,,25.0,0.1148174754043623,0.010000000000005116,retrodiction,0,0.07809011125362834,1.0,1.0,25/25/25 Hz,1.0,2000,gps,41,40,0.02793753106085033,0.04169790496978001,0.05997368299129383,after_return,0.44129312409200366
0.4734476734739215,1.0,,24.914893617021278,original,stress,60,1.0,,25.0,0.6,,10.0,0.033885004669560854,,25.0,0.08337439507190604,0.010000000000005116,horizon,0,0.07463293147648412,1.0,1.0,25/25/25 Hz,1.0,4700,gps,41,13,0.020701285980790157,0.05195599330432834,0.06649722489937014,flight,0.3999318401498943
0.37692513067962413,1.0,,24.857142857142858,original,stress,25,1.0,,25.0,0.6,,10.0,0.024555817493987515,,25.0,0.0573395632991549,0.010000000000001563,horizon,0,0.05434503135749217,1.0,1.0,25/25/25 Hz,1.0,700,gps,41,18,0.018601508766238308,0.04711824220660853,0.04848086488965295,before_outage,0.32260807305745354
0.49204080495371283,1.0,,25.0,original,stress,40,1.0,,25.0,0.6,,10.0,0.045814438031929576,,25.0,0.08337439507190604,0.010000000000005116,horizon,0,0.08156937083237299,1.0,1.0,25/25/25 Hz,1.0,1500,gps,41,25,0.03666139795528904,0.05268248092043865,0.06748777315786665,outage_window,0.4200443409263556
0.3133791631170804,1.0,,24.9,original,stress,60,1.0,,25.0,0.6,,10.0,0.02742497346588843,,25.0,0.05364361436968708,0.010000000000005116,horizon,0,0.08158833320468041,1.0,1.0,25/25/25 Hz,1.0,2000,gps,41,40,0.020701285980790157,0.05051768657915022,0.07684091973365019,after_return,0.247742500861695
1.9737529151721513,1.0,,0.0,original,stress,60,1.0,,25.0,0.6,,0.0,2.418583872347843,,25.0,4.045423142276511,0.010000000000005116,retrodiction,0,165.6843362781634,1.0,1.0,25/25/25 Hz,1.0,4700,denied,41,13,1.1709060863644418,6.651382491108396,165.66668264919159,flight,1.4077926938234955
2.351091464106219,1.0,,0.0,original,stress,25,1.0,,25.0,0.6,,0.0,3.361390999051486,,25.0,4.045423142276511,0.010000000000001563,retrodiction,0,115.90015523480662,1.0,1.0,25/25/25 Hz,1.0,700,denied,41,18,1.1229174513038558,8.252835799494697,115.85140065620168,before_outage,1.544716432895438
2.0568248446457256,1.0,,0.0,original,stress,40,1.0,,24.933333333333334,0.6,,0.0,2.0125575749346796,,25.0,3.102473474902589,0.010000000000005116,retrodiction,0,156.31546240753934,1.0,1.0,25/25/25 Hz,1.0,1500,denied,41,25,1.1723512197745003,6.869713980612044,156.30250605697407,outage_window,1.451807291419734
1.5953346751343387,1.0,,0.0,original,stress,60,1.0,,25.05,0.6,,0.0,2.329873901817808,,25.0,3.412334406380214,0.010000000000005116,retrodiction,0,198.64466808946673,1.0,1.0,25/25/25 Hz,1.0,2000,denied,41,40,1.1709060863644418,4.795720121203731,198.6310042465074,after_return,1.1142963323832773
0.24414753592419774,1.0,,24.851063829787233,original,stress,60,1.0,,25.0,0.6,,0.0,0.14607974861123602,,25.0,0.2724822771182809,0.010000000000005116,horizon,0,0.16467234708455702,1.0,1.0,25/25/25 Hz,1.0,4700,denied,41,13,0.11653071733250761,0.05920124613938875,0.07601111063532036,flight,0.1970997659544001
0.21821581828715844,1.0,,24.857142857142858,original,stress,25,1.0,,25.0,0.6,,0.0,0.1746776725608114,,25.0,0.21179453607675225,0.010000000000001563,horizon,0,0.18311534728184264,1.0,1.0,25/25/25 Hz,1.0,700,denied,41,18,0.16823813814607616,0.06068073945044966,0.054944891654163684,before_outage,0.17930185404280885
0.2379292251711896,1.0,,24.933333333333334,original,stress,40,1.0,,25.0,0.6,,0.0,0.13039940669906092,,25.0,0.20689113463240716,0.010000000000005116,horizon,0,0.15141640587452296,1.0,1.0,25/25/25 Hz,1.0,1500,denied,41,25,0.1605759396563162,0.061933865949170316,0.07696052689847685,outage_window,0.19402056175006635
0.20340575520862356,1.0,,24.9,original,stress,60,1.0,,25.0,0.6,,0.0,0.11593556958441388,,25.0,0.18992572170785957,0.010000000000005116,horizon,0,0.1443161068817546,1.0,1.0,25/25/25 Hz,1.0,2000,denied,41,40,0.11653071733250761,0.05194174222203793,0.08594232025401426,after_return,0.14877691781070906
0.5194279305726988,1.0,,24.914893617021278,original,stress,60,1.0,,25.0,0.6,,6.808510638297872,0.04998967093564733,,25.0,0.15053889170888182,0.010000000000005116,retrodiction,0,0.07523119407075288,1.0,1.0,25/25/25 Hz,1.0,4700,transition,41,13,0.02691321756179757,0.05436731448673204,0.05622068445916485,flight,0.43365133716933413
0.3368649746238045,1.0,,24.714285714285715,original,stress,25,1.0,,25.0,0.6,,10.0,0.04368491428281988,,25.0,0.08443520054364266,0.010000000000001563,retrodiction,0,0.06117478981602958,1.0,1.0,25/25/25 Hz,1.0,700,transition,41,18,0.014919802704008275,0.04963824728206897,0.04282502975058017,before_outage,0.2491773863752401
0.31892180548345334,1.0,,25.0,original,stress,40,1.0,,24.933333333333334,0.6,,0.06666666666666667,0.04484759656035544,,25.0,0.06704980767645112,0.010000000000005116,retrodiction,0,0.07679518199112062,1.0,1.0,25/25/25 Hz,1.0,1500,transition,41,25,0.053292659108998656,0.06580992502863692,0.06233933798019461,outage_window,0.22083153551895535
0.6318000663530151,1.0,,24.95,original,stress,60,1.0,,25.05,0.6,,9.95,0.05654013729418332,,25.0,0.15053889170888182,0.010000000000005116,retrodiction,0,0.08241267545224196,1.0,1.0,25/25/25 Hz,1.0,2000,transition,41,40,0.02691321756179757,0.042841554006291235,0.05995883546193561,after_return,0.5497611076944212
0.4111390391014861,1.0,,24.893617021276597,original,stress,60,1.0,,25.0,0.6,,6.808510638297872,0.03653034323010572,,25.0,0.14842492478506655,0.010000000000005116,horizon,0,0.07909950537763084,1.0,1.0,25/25/25 Hz,1.0,4700,transition,41,13,0.020697160494661436,0.05519871379728037,0.07015886098331786,flight,0.3427588481148842
0.37692513067962413,1.0,,24.857142857142858,original,stress,25,1.0,,25.0,0.6,,10.0,0.024555817493987515,,25.0,0.0573395632991549,0.010000000000001563,horizon,0,0.05434503135749217,1.0,1.0,25/25/25 Hz,1.0,700,transition,41,18,0.018601508766238308,0.04711824220660853,0.04848086488965295,before_outage,0.32260807305745354
0.28347668149178357,1.0,,24.933333333333334,original,stress,40,1.0,,25.0,0.6,,0.13333333333333333,0.03376355842494149,,25.0,0.07433164887262723,0.010000000000005116,horizon,0,0.08525571394296712,1.0,1.0,25/25/25 Hz,1.0,1500,transition,41,25,0.05980974639252086,0.06206389789096348,0.07828511277638041,outage_window,0.19796699615331814
0.29998246092669556,1.0,,24.9,original,stress,60,1.0,,25.0,0.6,,9.9,0.04369334083106878,,25.0,0.14842492478506655,0.010000000000005116,horizon,0,0.0883689417763103,1.0,1.0,25/25/25 Hz,1.0,2000,transition,41,40,0.020697160494661436,0.05060864486513181,0.07681120906277272,after_return,0.25401917176863514
0.2246225024264301,1.0,1.0,,original,zero,60,1.0,1.0,,0.6,1.0,,0.034516098226853954,1.0,,0.07787809147960056,0.010000000000005116,px4,,0.3003383658456188,1.0,,100/50/50 Hz,1.0,4700,gps,7,13,0.017389228813790656,0.014060839324095293,0.2983484086802055,flight,0.20485070016988363
0.1436713735241017,1.0,1.0,,original,zero,25,1.0,1.0,,0.6,1.0,,0.02301196042818542,1.0,,0.04765258218404001,0.010000000000001563,px4,,0.2916896378074161,1.0,,100/50/50 Hz,1.0,700,gps,7,18,0.028258553250286613,0.011308015584260579,0.29078049192040584,before_outage,0.10688943912022864
0.1731465924512702,1.0,1.0,,original,zero,40,1.0,1.0,,0.6,1.0,,0.030003588206891012,1.0,,0.052907825332490326,0.010000000000005116,px4,,0.3045327386667516,1.0,,100/50/50 Hz,1.0,1500,gps,7,25,0.006662220340021253,0.015511011596142356,0.3030511072650673,outage_window,0.14166706977542645
0.18963389943939976,1.0,1.0,,original,zero,60,1.0,1.0,,0.6,1.0,,0.043249333018085784,1.0,,0.07787809147960056,0.010000000000005116,px4,,0.306030602737026,1.0,,100/50/50 Hz,1.0,2000,gps,7,40,0.017389228813790656,0.013136790024493267,0.30295911441162837,after_return,0.17663697333104367
0.5880045455168409,1.0,,,original,zero,60,1.0,,,0.6,0.6302127659574468,,0.09533772860478497,,,0.20365669848474294,0.010000000000005116,ekf3,,0.10894809623688717,1.0,,100/50/50 Hz,1.0,4700,gps,7,13,0.0321672019705418,0.048454840934817056,0.05272954748641788,flight,0.5620975310019006
0.3440610839867129,1.0,,,original,zero,25,1.0,,,0.6,0.0,,0.17269427134205634,,,0.20365669848474294,0.010000000000001563,ekf3,,0.1830562156358948,1.0,,100/50/50 Hz,1.0,700,gps,7,18,0.18842393423604378,0.07392150971023152,0.06071463356202876,before_outage,0.29182568551933646
0.46579907442659735,1.0,,,original,zero,40,1.0,,,0.6,0.6413333333333333,,0.07665417720796673,,,0.18863694043993234,0.010000000000005116,ekf3,,0.08737557757613794,1.0,,100/50/50 Hz,1.0,1500,gps,7,25,0.024546397649329546,0.050193392374785054,0.04193600688350445,outage_window,0.4173802589275279
0.7144154997285963,1.0,,,original,zero,60,1.0,,,0.6,1.0,,0.05702007501869693,,,0.1037708889580204,0.010000000000005116,ekf3,,0.08428299443029909,1.0,,100/50/50 Hz,1.0,2000,gps,7,40,0.0321672019705418,0.02681480236743804,0.062067174859179786,after_return,0.7007912236589785
0.30626513959019036,1.0,1.0,,original,zero,60,1.0,1.0,,0.6,0.0,,0.08919664219799435,1.0,,0.1524002691081275,0.010000000000005116,px4,,0.14620840919914083,1.0,,100/50/50 Hz,1.0,4700,denied,7,13,0.14055031095679124,0.0161090953487343,0.11584842658036572,flight,0.286904208627987
0.30721896348095656,1.0,1.0,,original,zero,25,1.0,1.0,,0.6,0.0,,0.03884123142347116,1.0,,0.06733403255349989,0.010000000000001563,px4,,0.11357737856091076,1.0,,100/50/50 Hz,1.0,700,denied,7,18,0.05955224482900056,0.019545177724060718,0.10672946951183064,before_outage,0.2819226917988726
0.17237357323763491,1.0,1.0,,original,zero,40,1.0,1.0,,0.6,0.0,,0.05377526245703112,1.0,,0.07372092573829071,0.010000000000005116,px4,,0.12318623538133937,1.0,,100/50/50 Hz,1.0,1500,denied,7,25,0.0681307136366998,0.011506563807850046,0.11082901125203712,outage_window,0.13796688209759267
0.1048514722542802,1.0,1.0,,original,zero,60,1.0,1.0,,0.6,0.0,,0.12352988990455183,1.0,,0.1524002691081275,0.010000000000005116,px4,,0.17509750020252843,1.0,,100/50/50 Hz,1.0,2000,denied,7,40,0.14055031095679124,0.010671713030300362,0.12409472542112235,after_return,0.06869116606497211
0.3190140842167779,1.0,,,original,zero,60,1.0,,,0.6,0.0,,0.2543518003332721,,,0.4706326828785474,0.010000000000005116,ekf3,,0.26173976758062467,1.0,,100/50/50 Hz,1.0,4700,denied,7,13,0.24538804402155748,0.0697903531827234,0.061748421845280406,flight,0.2651881037173967
0.3648343261356281,1.0,,,original,zero,25,1.0,,,0.6,0.0,,0.18454924869989728,,,0.2328637779688365,0.010000000000001563,ekf3,,0.19881290011676653,1.0,,100/50/50 Hz,1.0,700,denied,7,18,0.2259291282069331,0.07616687337893231,0.07394690025378249,before_outage,0.32099785147218574
0.2560078368022474,1.0,,,original,zero,40,1.0,,,0.6,0.0,,0.18993083627040824,,,0.2999898536668337,0.010000000000005116,ekf3,,0.19503732817004532,1.0,,100/50/50 Hz,1.0,1500,denied,7,25,0.08619222051087339,0.07335339678728865,0.04433775832553257,outage_window,0.14688919363588235
0.2090308821855287,1.0,,,original,zero,60,1.0,,,0.6,0.0,,0.33008932785874673,,,0.4706326828785474,0.010000000000005116,ekf3,,0.3378324388232119,1.0,,100/50/50 Hz,1.0,2000,denied,7,40,0.24538804402155748,0.06605397533419109,0.07191517471994349,after_return,0.1439964650084863
0.29986340275557205,1.0,1.0,,original,zero,60,1.0,1.0,,0.6,0.8004255319148936,,0.03918909413545717,1.0,,0.09116769919399761,0.010000000000005116,px4,,0.2761747753159996,1.0,,100/50/50 Hz,1.0,4700,transition,7,13,0.018603998947737913,0.015880964541816672,0.27338017744833865,flight,0.2819268261709037
0.1436713735241017,1.0,1.0,,original,zero,25,1.0,1.0,,0.6,1.0,,0.02301196042818542,1.0,,0.04765258218404001,0.010000000000001563,px4,,0.2916896378074161,1.0,,100/50/50 Hz,1.0,700,transition,7,18,0.028258553250286613,0.011308015584260579,0.29078049192040584,before_outage,0.10688943912022864
0.26751919779219174,1.0,1.0,,original,zero,40,1.0,1.0,,0.6,0.46066666666666667,,0.03834918571268586,1.0,,0.05309046896526243,0.010000000000005116,px4,,0.30238507352197225,1.0,,100/50/50 Hz,1.0,1500,transition,7,25,0.03217550272158164,0.016727704021012552,0.29994344907675935,outage_window,0.24631807962252986
0.31226349821327976,1.0,1.0,,original,zero,60,1.0,1.0,,0.6,0.9355,,0.04745595640573687,1.0,,0.09116769919399761,0.010000000000005116,px4,,0.24878775575093387,1.0,,100/50/50 Hz,1.0,2000,transition,7,40,0.018603998947737913,0.016468961934420632,0.24421973633022195,after_return,0.2981909087706776
0.5716666100457252,1.0,,,original,zero,60,1.0,,,0.6,0.4238297872340426,,0.13090718246476604,,,0.30301703450226886,0.010000000000005116,ekf3,,0.13943044516679806,1.0,,100/50/50 Hz,1.0,4700,transition,7,13,0.031959629145045444,0.0551116314305115,0.04800165224810423,flight,0.5426051996724942
0.3440610839867129,1.0,,,original,zero,25,1.0,,,0.6,0.0,,0.17269427134205634,,,0.20365669848474294,0.010000000000001563,ekf3,,0.1830562156358948,1.0,,100/50/50 Hz,1.0,700,transition,7,18,0.18842393423604378,0.07392150971023152,0.06071463356202876,before_outage,0.29182568551933646
0.2520845874849629,1.0,,,original,zero,40,1.0,,,0.6,0.0,,0.16630436328718248,,,0.27098892420002824,0.010000000000005116,ekf3,,0.17089870926474304,1.0,,100/50/50 Hz,1.0,1500,transition,7,25,0.08235204506011397,0.0674895954893449,0.03936022840380883,outage_window,0.14473354253638154
0.7621886405131107,1.0,,,original,zero,60,1.0,,,0.6,0.996,,0.07633307805926887,,,0.30301703450226886,0.010000000000005116,ekf3,,0.093364577897629,1.0,,100/50/50 Hz,1.0,2000,transition,7,40,0.031959629145045444,0.028505608325963473,0.05376063243675617,after_return,0.7452845808433954
0.22557254387430012,1.0,1.0,,original,nominal,60,1.0,1.0,,0.6,1.0,,0.03452116899386432,1.0,,0.07784554037721259,0.010000000000005116,px4,,0.299273582405967,1.0,,100/50/50 Hz,1.0,4700,gps,7,13,0.017389228813790656,0.014114129766437812,0.2972759089085394,flight,0.20504705195103143
0.14768524294518914,1.0,1.0,,original,nominal,25,1.0,1.0,,0.6,1.0,,0.02292271031708852,1.0,,0.04727639541317266,0.010000000000001563,px4,,0.29032584412485213,1.0,,100/50/50 Hz,1.0,700,gps,7,18,0.028448965591446076,0.011265723122188603,0.2894194967836942,before_outage,0.10969166262877456
0.17526166273452568,1.0,1.0,,original,nominal,40,1.0,1.0,,0.6,1.0,,0.03007181041476419,1.0,,0.053032553731485,0.010000000000005116,px4,,0.3035450746065097,1.0,,100/50/50 Hz,1.0,1500,gps,7,25,0.006662220340021253,0.0156222724549651,0.3020518143237183,outage_window,0.14287922747173223
0.189920301727365,1.0,1.0,,original,nominal,60,1.0,1.0,,0.6,1.0,,0.04322623453691928,1.0,,0.07784554037721259,0.010000000000005116,px4,,0.3049868411224749,1.0,,100/50/50 Hz,1.0,2000,gps,7,40,0.017389228813790656,0.013165229829053243,0.3019080421347285,after_return,0.1766072559734831
0.6599292945348825,1.0,,,original,nominal,60,1.0,,,0.6,0.6251063829787235,,0.11718082293735008,,,0.4439712122565648,0.010000000000005116,ekf3,,0.13408228393350222,1.0,,100/50/50 Hz,1.0,4700,gps,7,13,0.03401492974525246,0.06435810712273318,0.06516681364429075,flight,0.6388227377808858
0.28049482321100033,1.0,,,original,nominal,25,1.0,,,0.6,0.0,,0.21717824410222822,,,0.2684994906495788,0.010000000000001563,ekf3,,0.23118433636982325,1.0,,100/50/50 Hz,1.0,700,gps,7,18,0.22856786140653462,0.08469597021546163,0.07924523753152975,before_outage,0.21976985094907284
0.6196237756112748,1.0,,,original,nominal,40,1.0,,,0.6,0.6253333333333333,,0.10842392665987806,,,0.4439712122565648,0.010000000000005116,ekf3,,0.11584833682742257,1.0,,100/50/50 Hz,1.0,1500,gps,7,25,0.03174002148176649,0.0779147995679966,0.04080550542921057,outage_window,0.5813849499188929
0.8189415379081316,1.0,,,original,nominal,60,1.0,,,0.6,1.0,,0.059841383533135686,,,0.09788360677180018,0.010000000000005116,ekf3,,0.08739761975111131,1.0,,100/50/50 Hz,1.0,2000,gps,7,40,0.03401492974525246,0.033101093898051305,0.06369735280998733,after_return,0.809640456957206
0.31151328634947734,1.0,1.0,,original,nominal,60,1.0,1.0,,0.6,0.0,,0.0968829488887192,1.0,,0.16250328821336676,0.010000000000005116,px4,,0.15071083707759222,1.0,,100/50/50 Hz,1.0,4700,denied,7,13,0.15015169520740226,0.016323084920749437,0.11544457816309248,flight,0.2919590799277039
0.3142731224542593,1.0,1.0,,original,nominal,25,1.0,1.0,,0.6,0.0,,0.044521365321203384,1.0,,0.06478161029477304,0.010000000000001563,px4,,0.1150406955555439,1.0,,100/50/50 Hz,1.0,700,denied,7,18,0.06477363367554129,0.01970975921917882,0.10607643312177915,before_outage,0.2886714386214603
0.17437150174603808,1.0,1.0,,original,nominal,40,1.0,1.0,,0.6,0.0,,0.06203357765152589,1.0,,0.08351148630934999,0.010000000000005116,px4,,0.12667590663529074,1.0,,100/50/50 Hz,1.0,1500,denied,7,25,0.07810158712007995,0.011632477175825547,0.11044736558933854,outage_window,0.13916563978388136
0.10494403288505759,1.0,1.0,,original,nominal,60,1.0,1.0,,0.6,0.0,,0.13322395922424382,1.0,,0.16250328821336676,0.010000000000005116,px4,,0.18180658960006915,1.0,,100/50/50 Hz,1.0,2000,denied,7,40,0.15015169520740226,0.01073091404744236,0.12371342979088809,after_return,0.06793181451866695
0.32642844382787806,1.0,,,original,nominal,60,1.0,,,0.6,0.0,,0.22038511840681654,,,0.4047882781568253,0.010000000000005116,ekf3,,0.23010233428035487,1.0,,100/50/50 Hz,1.0,4700,denied,7,13,0.07386053468398417,0.08074275033796341,0.06616255607276396,flight,0.2776703717334929
0.28049466574526855,1.0,,,original,nominal,25,1.0,,,0.6,0.0,,0.21717824240726835,,,0.2684994906495788,0.010000000000001563,ekf3,,0.23118433477755104,1.0,,100/50/50 Hz,1.0,700,denied,7,18,0.22856786140653462,0.08469597021546163,0.07924523753152975,before_outage,0.2197698537806013
0.37274776938854065,1.0,,,original,nominal,40,1.0,,,0.6,0.0,,0.17366220076117891,,,0.28639587684037143,0.010000000000005116,ekf3,,0.1775715315956249,1.0,,100/50/50 Hz,1.0,1500,denied,7,25,0.0687438608278364,0.08662614496790035,0.03705521366825456,outage_window,0.3051055750303016
0.2852623806803148,1.0,,,original,nominal,60,1.0,,,0.6,0.0,,0.26767288188254285,,,0.4047882781568253,0.010000000000005116,ekf3,,0.27610221801047835,1.0,,100/50/50 Hz,1.0,2000,denied,7,40,0.07386053468398417,0.07488393185039606,0.06770275544614118,after_return,0.24773345755358311
0.3010880136912924,1.0,1.0,,original,nominal,60,1.0,1.0,,0.6,0.8029787234042554,,0.03917671563996586,1.0,,0.09100577245140991,0.010000000000005116,px4,,0.2754039415716842,1.0,,100/50/50 Hz,1.0,4700,transition,7,13,0.018603998947737913,0.015875029766320017,0.27260322078963944,flight,0.2825715627464712
0.14768524294518914,1.0,1.0,,original,nominal,25,1.0,1.0,,0.6,1.0,,0.02292271031708852,1.0,,0.04727639541317266,0.010000000000001563,px4,,0.29032584412485213,1.0,,100/50/50 Hz,1.0,700,transition,7,18,0.028448965591446076,0.011265723122188603,0.2894194967836942,before_outage,0.10969166262877456
0.2711804723267718,1.0,1.0,,original,nominal,40,1.0,1.0,,0.6,0.4686666666666667,,0.03843744084169491,1.0,,0.05324779035539651,0.010000000000005116,px4,,0.3014063161221985,1.0,,100/50/50 Hz,1.0,1500,transition,7,25,0.031788537275246796,0.016909273436664245,0.2989453638039832,outage_window,0.24947913939169403
0.31211371017443845,1.0,1.0,,original,nominal,60,1.0,1.0,,0.6,0.9355,,0.047381001495826774,1.0,,0.09100577245140991,0.010000000000005116,px4,,0.24849867933096126,1.0,,100/50/50 Hz,1.0,2000,transition,7,40,0.018603998947737913,0.01631014312381567,0.24393981701740367,after_return,0.2977527910280879
0.6200622761903098,1.0,,,original,nominal,60,1.0,,,0.6,0.4208510638297872,,0.14249672704621852,,,0.28639587684037143,0.010000000000005116,ekf3,,0.1551508928062715,1.0,,100/50/50 Hz,1.0,4700,transition,7,13,0.03386176958213587,0.06884962686696491,0.06137167359375704,flight,0.5953123201708377
0.28049482321100033,1.0,,,original,nominal,25,1.0,,,0.6,0.0,,0.21717824410222822,,,0.2684994906495788,0.010000000000001563,ekf3,,0.23118433636982325,1.0,,100/50/50 Hz,1.0,700,transition,7,18,0.22856786140653462,0.08469597021546163,0.07924523753152975,before_outage,0.21976985094907284
0.3727481711405872,1.0,,,original,nominal,40,1.0,,,0.6,0.0,,0.17366216229133302,,,0.28639587684037143,0.010000000000005116,ekf3,,0.17757149397271313,1.0,,100/50/50 Hz,1.0,1500,transition,7,25,0.0687438608278364,0.0866261531370108,0.03705521366825456,outage_window,0.3051060564368281
0.8570241298872955,1.0,,,original,nominal,60,1.0,,,0.6,0.989,,0.07230301668656107,,,0.14915717125424516,0.010000000000005116,ekf3,,0.09151795330413114,1.0,,100/50/50 Hz,1.0,2000,transition,7,40,0.03386176958213587,0.0377712688257049,0.05610534337298007,after_return,0.844403378514851
0.22375304256656975,1.0,1.0,,original,stress,60,1.0,1.0,,0.6,1.0,,0.034486843125599104,1.0,,0.0778284989897468,0.010000000000005116,px4,,0.3212141334128641,1.0,,100/50/50 Hz,1.0,4700,gps,7,13,0.017389228813790656,0.013991435957409953,0.3193574441834848,flight,0.20455697805015002
0.14238080288348923,1.0,1.0,,original,stress,25,1.0,1.0,,0.6,1.0,,0.022947264427558612,1.0,,0.04778056939948148,0.010000000000001563,px4,,0.3124035261682272,1.0,,100/50/50 Hz,1.0,700,gps,7,18,0.028168479112072712,0.011039621182767856,0.31155960299376734,before_outage,0.10599876219055722
0.1727816180536065,1.0,1.0,,original,stress,40,1.0,1.0,,0.6,1.0,,0.03004104381807469,1.0,,0.05295480201983666,0.010000000000005116,px4,,0.3254733806110537,1.0,,100/50/50 Hz,1.0,1500,gps,7,25,0.006649829636181477,0.015556219090581287,0.32408402795063557,outage_window,0.14193182066489893
0.1889320676218502,1.0,1.0,,original,stress,60,1.0,1.0,,0.6,1.0,,0.043245521400789896,1.0,,0.0778284989897468,0.010000000000005116,px4,,0.3268573985357442,1.0,,100/50/50 Hz,1.0,2000,gps,7,40,0.017389228813790656,0.013075285067075433,0.3239839253054511,after_return,0.17647949219121198
0.5679442265333202,1.0,,,original,stress,60,1.0,,,0.6,0.6059574468085106,,0.0918553030911716,,,0.43814412466631963,0.010000000000005116,ekf3,,0.10485263144219506,1.0,,100/50/50 Hz,1.0,4700,gps,7,13,0.026193160780006178,0.04765403781327186,0.050563599697626284,flight,0.5461795843345331
0.20195211064984236,1.0,,,original,stress,25,1.0,,,0.6,0.0,,0.1480003858902731,,,0.17836045017860763,0.010000000000001563,ekf3,,0.16171111931275484,1.0,,100/50/50 Hz,1.0,700,gps,7,18,0.12496563410536862,0.06635729071259361,0.06516419174450248,before_outage,0.10769680245172501
0.4635071548562666,1.0,,,original,stress,40,1.0,,,0.6,0.5653333333333334,,0.0948718620567411,,,0.43814412466631963,0.010000000000005116,ekf3,,0.09817118126065975,1.0,,100/50/50 Hz,1.0,1500,gps,7,25,0.028354395099755,0.05655439413503211,0.025237088183861466,outage_window,0.42845628417454323
0.7285639210629767,1.0,,,original,stress,60,1.0,,,0.6,1.0,,0.059699835312163,,,0.10802081326631476,0.010000000000005116,ekf3,,0.08375657619733141,1.0,,100/50/50 Hz,1.0,2000,gps,7,40,0.026193160780006178,0.028732202741793646,0.05874601024750532,after_return,0.7160088178749782
0.3045414662813999,1.0,1.0,,original,stress,60,1.0,1.0,,0.6,0.0,,0.09289262021403359,1.0,,0.15597897015942788,0.010000000000005116,px4,,0.1568239350167524,1.0,,100/50/50 Hz,1.0,4700,denied,7,13,0.14464846323397254,0.016057475434012043,0.126351524343436,flight,0.2857286931865476
0.3061348377294584,1.0,1.0,,original,stress,25,1.0,1.0,,0.6,0.0,,0.04213848229092668,1.0,,0.07066261584881393,0.010000000000001563,px4,,0.1242508721631745,1.0,,100/50/50 Hz,1.0,700,denied,7,18,0.06705131770395875,0.019414293410712342,0.11688724286048836,before_outage,0.28142447946223553
0.17171123872406588,1.0,1.0,,original,stress,40,1.0,1.0,,0.6,0.0,,0.05853156611172279,1.0,,0.07781959339284616,0.010000000000005116,px4,,0.13481587490263083,1.0,,100/50/50 Hz,1.0,1500,denied,7,25,0.07189245035259301,0.01152685097998651,0.12144700858510611,outage_window,0.13791485359655614
0.10327378730949736,1.0,1.0,,original,stress,60,1.0,1.0,,0.6,0.0,,0.12730482769107074,1.0,,0.15597897015942788,0.010000000000005116,px4,,0.18526941283725865,1.0,,100/50/50 Hz,1.0,2000,denied,7,40,0.14464846323397254,0.010613244116410684,0.13460399763606345,after_return,0.06778493203866384
0.2453189132821243,1.0,,,original,stress,60,1.0,,,0.6,0.0,,0.18703878295582396,,,0.38089375540292214,0.010000000000005116,ekf3,,0.19509037940264246,1.0,,100/50/50 Hz,1.0,4700,denied,7,13,0.14186623671850634,0.06220971592998704,0.05546845775637857,flight,0.17849688189709947
0.20195200733933136,1.0,,,original,stress,25,1.0,,,0.6,0.0,,0.1480003858902731,,,0.17836045017860763,0.010000000000001563,ekf3,,0.16171111931275484,1.0,,100/50/50 Hz,1.0,700,denied,7,18,0.12496563410536862,0.06635729071259361,0.06516419174450248,before_outage,0.10769661326779668
0.20974772747439735,1.0,,,original,stress,40,1.0,,,0.6,0.0,,0.13911962224045177,,,0.21353306798837726,0.010000000000005116,ekf3,,0.14155079158730502,1.0,,100/50/50 Hz,1.0,1500,denied,7,25,0.03988420980386814,0.06747458978825262,0.0261219698083178,outage_window,0.06849316549138791
0.20578553140411868,1.0,,,original,stress,60,1.0,,,0.6,0.0,,0.24120992649590148,,,0.38089375540292214,0.010000000000005116,ekf3,,0.25064198968879536,1.0,,100/50/50 Hz,1.0,2000,denied,7,40,0.14186623671850634,0.05973027934880627,0.06811151411472219,after_return,0.14377549623100394
0.2992057944920385,1.0,1.0,,original,stress,60,1.0,1.0,,0.6,0.8040425531914893,,0.03909756432539411,1.0,,0.0910864789005688,0.010000000000005116,px4,,0.2971870154840841,1.0,,100/50/50 Hz,1.0,4700,transition,7,13,0.018648387828869604,0.015764206474902603,0.29460397593406457,flight,0.28176478577563646
0.14238080288348923,1.0,1.0,,original,stress,25,1.0,1.0,,0.6,1.0,,0.022947264427558612,1.0,,0.04778056939948148,0.010000000000001563,px4,,0.3124035261682272,1.0,,100/50/50 Hz,1.0,700,transition,7,18,0.028168479112072712,0.011039621182767856,0.31155960299376734,before_outage,0.10599876219055722
0.2674909965133546,1.0,1.0,,original,stress,40,1.0,1.0,,0.6,0.472,,0.038264575746651396,1.0,,0.05300588438950232,0.010000000000005116,px4,,0.3234099774629597,1.0,,100/50/50 Hz,1.0,1500,transition,7,25,0.03177206737038873,0.016799931847507037,0.3211383436550685,outage_window,0.24675071130353848
0.3116885832149908,1.0,1.0,,original,stress,60,1.0,1.0,,0.6,0.9355,,0.047394002037100605,1.0,,0.0910864789005688,0.010000000000005116,px4,,0.27004204528290976,1.0,,100/50/50 Hz,1.0,2000,transition,7,40,0.018648387828869604,0.01627095837859384,0.2658505497295132,after_return,0.29803770701998594
0.5349649264157594,1.0,,,original,stress,60,1.0,,,0.6,0.4208510638297872,,0.11146521919641678,,,0.21353306798837726,0.010000000000005116,ekf3,,0.12130452152819739,1.0,,100/50/50 Hz,1.0,4700,transition,7,13,0.025769220372064965,0.053163152192092715,0.047856993769768534,flight,0.5065515366353478
0.20195211064984236,1.0,,,original,stress,25,1.0,,,0.6,0.0,,0.1480003858902731,,,0.17836045017860763,0.010000000000001563,ekf3,,0.16171111931275484,1.0,,100/50/50 Hz,1.0,700,transition,7,18,0.12496563410536862,0.06635729071259361,0.06516419174450248,before_outage,0.10769680245172501
0.20974772747439735,1.0,,,original,stress,40,1.0,,,0.6,0.0,,0.13911962224045177,,,0.21353306798837726,0.010000000000005116,ekf3,,0.14155079158730502,1.0,,100/50/50 Hz,1.0,1500,transition,7,25,0.03988420980386814,0.06747458978825262,0.0261219698083178,outage_window,0.06849316549138791
0.7572727467968281,1.0,,,original,stress,60,1.0,,,0.6,0.989,,0.071892643770384,,,0.15136224380733893,0.010000000000005116,ekf3,,0.08921633478962994,1.0,,100/50/50 Hz,1.0,2000,transition,7,40,0.025769220372064965,0.03339079901896276,0.05282993625776961,after_return,0.7408067809779059
0.2852071305193677,1.0,1.0,,original,zero,60,1.0,1.0,,0.6,1.0,,0.03938867631020554,1.0,,0.10020665110256127,0.010000000000005116,px4,,0.14575746064848427,1.0,,100/50/50 Hz,1.0,4700,gps,19,13,0.04506938092544975,0.016625179488045087,0.14033449153085745,flight,0.2737750110675721
0.36941248986187264,1.0,1.0,,original,zero,25,1.0,1.0,,0.6,1.0,,0.039913591750156976,1.0,,0.0743183037313527,0.010000000000001563,px4,,0.13585287729587417,1.0,,100/50/50 Hz,1.0,700,gps,19,18,0.011146432555455391,0.023385715425927482,0.1298572657311467,before_outage,0.35539204747052644
0.24580706907922145,1.0,1.0,,original,zero,40,1.0,1.0,,0.6,1.0,,0.03770254957375357,1.0,,0.06241804017878465,0.010000000000005116,px4,,0.14152061124505452,1.0,,100/50/50 Hz,1.0,1500,gps,19,25,0.013267804815151612,0.016917631960433503,0.13640601586005108,outage_window,0.23124332809863193
0.19052472602585035,1.0,1.0,,original,zero,60,1.0,1.0,,0.6,1.0,,0.03416122399038003,1.0,,0.06708756043280562,0.010000000000005116,px4,,0.15512347572248386,1.0,,100/50/50 Hz,1.0,2000,gps,19,40,0.04506938092544975,0.011708208205919725,0.15131524541731786,after_return,0.1820050572120588
0.5719370965800622,1.0,,,original,zero,60,1.0,,,0.6,0.6302127659574468,,0.09632575997476517,,,0.2456593830828462,0.010000000000005116,ekf3,,0.10665681514617019,1.0,,100/50/50 Hz,1.0,4700,gps,19,13,0.05605020155595542,0.04931769630430613,0.0457932766070331,flight,0.5513604963203221
0.34427222142045977,1.0,,,original,zero,25,1.0,,,0.6,0.0,,0.18853409047864117,,,0.2456593830828462,0.010000000000001563,ekf3,,0.19635642206684803,1.0,,100/50/50 Hz,1.0,700,gps,19,18,0.18463297115201502,0.07092118872646332,0.054870221562207264,before_outage,0.2880671685805369
0.5089794177175945,1.0,,,original,zero,40,1.0,,,0.6,0.6413333333333333,,0.07839480403480507,,,0.2050864360809489,0.010000000000005116,ekf3,,0.08437038611378297,1.0,,100/50/50 Hz,1.0,1500,gps,19,25,0.013336803166764053,0.05481368485138721,0.031186804153893886,outage_window,0.47950563617997366
0.7170031359424576,1.0,,,original,zero,60,1.0,,,0.6,1.0,,0.04796095411438697,,,0.09467684692426635,0.010000000000005116,ekf3,,0.0712511723381611,1.0,,100/50/50 Hz,1.0,2000,gps,19,40,0.05605020155595542,0.028790402887431774,0.05269228064906662,after_return,0.7052707422324773
0.22392032040314727,1.0,1.0,,original,zero,60,1.0,1.0,,0.6,0.0,,0.08511584795258462,1.0,,0.14344906378491826,0.010000000000005116,px4,,0.15237467227059118,1.0,,100/50/50 Hz,1.0,4700,denied,19,13,0.11759387979495814,0.015210052245806597,0.12638565257529263,flight,0.21127671149287347
0.2266822200451427,1.0,1.0,,original,zero,25,1.0,1.0,,0.6,0.0,,0.03856759341805958,1.0,,0.06467272549343892,0.010000000000001563,px4,,0.11897400909520425,1.0,,100/50/50 Hz,1.0,700,denied,19,18,0.06467272549343892,0.01908579840448081,0.11254934730208342,before_outage,0.20994154988241207
0.30220123327450676,1.0,1.0,,original,zero,40,1.0,1.0,,0.6,0.0,,0.06588081679767532,1.0,,0.08944096190494454,0.010000000000005116,px4,,0.1404213379635393,1.0,,100/50/50 Hz,1.0,1500,denied,19,25,0.06230976788997098,0.01714953788231855,0.12400754063177638,outage_window,0.291958446265322
0.139308614151114,1.0,1.0,,original,zero,60,1.0,1.0,,0.6,0.0,,0.1147167199024661,1.0,,0.14344906378491826,0.010000000000005116,px4,,0.1793809123126928,1.0,,100/50/50 Hz,1.0,2000,denied,19,40,0.11759387979495814,0.01313850683021713,0.13790426344733916,after_return,0.12780094535390374
0.29792480376190544,1.0,,,original,zero,60,1.0,,,0.6,0.0,,0.184308914832675,,,0.33502120176618905,0.010000000000005116,ekf3,,0.19459706208395894,1.0,,100/50/50 Hz,1.0,4700,denied,19,13,0.1319957240936634,0.06926455831857903,0.06243589099956785,flight,0.2530292361343403
0.3423784212544656,1.0,,,original,zero,25,1.0,,,0.6,0.0,,0.20666920578286052,,,0.275139343820712,0.010000000000001563,ekf3,,0.21805609177864188,1.0,,100/50/50 Hz,1.0,700,denied,19,18,0.21987371465998565,0.07442576085178713,0.06954350108282688,before_outage,0.2923125266972879
0.37116693475009693,1.0,,,original,zero,40,1.0,,,0.6,0.0,,0.14348587711674526,,,0.21961502622724302,0.010000000000005116,ekf3,,0.14758868714085685,1.0,,100/50/50 Hz,1.0,1500,denied,19,25,0.035823927637809755,0.07246860460123244,0.03455754100048208,outage_window,0.31919556443788577
0.21866766995029502,1.0,,,original,zero,60,1.0,,,0.6,0.0,,0.21519467742821316,,,0.33502120176618905,0.010000000000005116,ekf3,,0.22789861221260807,1.0,,100/50/50 Hz,1.0,2000,denied,19,40,0.1319957240936634,0.06707654799749466,0.07502685022710202,after_return,0.17683432387354628
0.2915857489283414,1.0,1.0,,original,zero,60,1.0,1.0,,0.6,0.8004255319148936,,0.041647812693927734,1.0,,0.10020665110256127,0.010000000000005116,px4,,0.14532657836053,1.0,,100/50/50 Hz,1.0,4700,transition,19,13,0.045476626449605,0.01672695050105203,0.13923100974923217,flight,0.27862555468006206
0.36941248986187264,1.0,1.0,,original,zero,25,1.0,1.0,,0.6,1.0,,0.039913591750156976,1.0,,0.0743183037313527,0.010000000000001563,px4,,0.13585287729587417,1.0,,100/50/50 Hz,1.0,700,transition,19,18,0.011146432555455391,0.023385715425927482,0.1298572657311467,before_outage,0.35539204747052644
0.25977150313821956,1.0,1.0,,original,zero,40,1.0,1.0,,0.6,0.46066666666666667,,0.0354950374424751,1.0,,0.05694804997403625,0.010000000000005116,px4,,0.1415501015664043,1.0,,100/50/50 Hz,1.0,1500,transition,19,25,0.022685955684940733,0.015656079991233543,0.13702749202410686,outage_window,0.24420676114592751
0.19912449672973295,1.0,1.0,,original,zero,60,1.0,1.0,,0.6,0.9355,,0.041453564083176186,1.0,,0.08200929141118661,0.010000000000005116,px4,,0.15415021208947216,1.0,,100/50/50 Hz,1.0,2000,transition,19,40,0.045476626449605,0.013261929360573224,0.14847184888736062,after_return,0.1865474013093574
0.5309264607213785,1.0,,,original,zero,60,1.0,,,0.6,0.4238297872340426,,0.1119321582041184,,,0.2695566799822053,0.010000000000005116,ekf3,,0.12149991320057155,1.0,,100/50/50 Hz,1.0,4700,transition,19,13,0.05611923923984025,0.05386737723288881,0.0472590823812167,flight,0.5066470010909784
0.34427222142045977,1.0,,,original,zero,25,1.0,,,0.6,0.0,,0.18853409047864117,,,0.2456593830828462,0.010000000000001563,ekf3,,0.19635642206684803,1.0,,100/50/50 Hz,1.0,700,transition,19,18,0.18463297115201502,0.07092118872646332,0.054870221562207264,before_outage,0.2880671685805369
0.38246999516114427,1.0,,,original,zero,40,1.0,,,0.6,0.0,,0.12040516607396165,,,0.18437083852444927,0.010000000000005116,ekf3,,0.12387871562122749,1.0,,100/50/50 Hz,1.0,1500,transition,19,25,0.030887995254419185,0.06635791734269914,0.029129575463206915,outage_window,0.33725906979768816
0.701703349560404,1.0,,,original,zero,60,1.0,,,0.6,0.996,,0.0606166288595149,,,0.2695566799822053,0.010000000000005116,ekf3,,0.08285196306842811,1.0,,100/50/50 Hz,1.0,2000,transition,19,40,0.05611923923984025,0.029715172335090436,0.056480723171715846,after_return,0.688019876226523
0.28583990861167996,1.0,1.0,,original,nominal,60,1.0,1.0,,0.6,1.0,,0.03939746278600224,1.0,,0.10049347973675712,0.010000000000005116,px4,,0.16867407709906865,1.0,,100/50/50 Hz,1.0,4700,gps,19,13,0.04506938092544975,0.016666041837030108,0.16400848822926245,flight,0.2729104580137353
0.3708499320144448,1.0,1.0,,original,nominal,25,1.0,1.0,,0.6,1.0,,0.0398428367120777,1.0,,0.07462427602455601,0.010000000000001563,px4,,0.15851787421955518,1.0,,100/50/50 Hz,1.0,700,gps,19,18,0.010992010700905146,0.023364076089232976,0.1534290220584796,before_outage,0.3550947622422569
0.24759753866608095,1.0,1.0,,original,nominal,40,1.0,1.0,,0.6,1.0,,0.037701102812322786,1.0,,0.06241804017878465,0.010000000000005116,px4,,0.164599396105409,1.0,,100/50/50 Hz,1.0,1500,gps,19,25,0.013240984450720434,0.016964508691706178,0.16022355646096487,outage_window,0.23139056316379267
0.19168496665209483,1.0,1.0,,original,nominal,60,1.0,1.0,,0.6,1.0,,0.03414832671252184,1.0,,0.06708756043280562,0.010000000000005116,px4,,0.17828542953295287,1.0,,100/50/50 Hz,1.0,2000,gps,19,40,0.04506938092544975,0.011790047430544645,0.17498453122057497,after_return,0.1821247328290992
0.6663931351613819,1.0,,,original,nominal,60,1.0,,,0.6,0.6251063829787235,,0.11697894188379213,,,0.4686820532152577,0.010000000000005116,ekf3,,0.13158970423918437,1.0,,100/50/50 Hz,1.0,4700,gps,19,13,0.078226748492464,0.06258858419888633,0.060264230000095405,flight,0.6448324968829814
0.3383556431995193,1.0,,,original,nominal,25,1.0,,,0.6,0.0,,0.17819585933723234,,,0.2619864966540803,0.010000000000001563,ekf3,,0.19449234714821148,1.0,,100/50/50 Hz,1.0,700,gps,19,18,0.18422883092184247,0.0855050517066367,0.07793271979268859,before_outage,0.28198850584526197
0.6444926355321285,1.0,,,original,nominal,40,1.0,,,0.6,0.6253333333333333,,0.13477042715063917,,,0.4686820532152577,0.010000000000005116,ekf3,,0.1433444617266362,1.0,,100/50/50 Hz,1.0,1500,gps,19,25,0.02239197327336274,0.07628035524123541,0.048832025079176604,outage_window,0.6113062264837962
0.8225853631651826,1.0,,,original,nominal,60,1.0,,,0.6,1.0,,0.05103533403739158,,,0.09758308974276954,0.010000000000005116,ekf3,,0.07917488430877646,1.0,,100/50/50 Hz,1.0,2000,gps,19,40,0.078226748492464,0.0346703056583885,0.06053145450920537,after_return,0.8108067633823145
0.23035355745261055,1.0,1.0,,original,nominal,60,1.0,1.0,,0.6,0.0,,0.08403564512977922,1.0,,0.14226178526029848,0.010000000000005116,px4,,0.160621849578867,1.0,,100/50/50 Hz,1.0,4700,denied,19,13,0.11620765593405105,0.015494133038528304,0.13688458243994464,flight,0.2162068919694446
0.23998387776054264,1.0,1.0,,original,nominal,25,1.0,1.0,,0.6,0.0,,0.03746855253557689,1.0,,0.06378022694909222,0.010000000000001563,px4,,0.12851562676176162,1.0,,100/50/50 Hz,1.0,700,denied,19,18,0.06378022694909222,0.019569705719217567,0.12293239561993875,before_outage,0.2217360744985564
0.31015858537078655,1.0,1.0,,original,nominal,40,1.0,1.0,,0.6,0.0,,0.06487702413992263,1.0,,0.08823350321337332,0.010000000000005116,px4,,0.14935477551650447,1.0,,100/50/50 Hz,1.0,1500,denied,19,25,0.06076593557114143,0.01739761231366095,0.1345281409532345,outage_window,0.2988818522619073
0.14259581917657696,1.0,1.0,,original,nominal,60,1.0,1.0,,0.6,0.0,,0.11337500914315961,1.0,,0.14226178526029848,0.010000000000005116,px4,,0.18686006692699625,1.0,,100/50/50 Hz,1.0,2000,denied,19,40,0.11620765593405105,0.013309669032434109,0.14853549041811523,after_return,0.12973964808377253
0.35905461786868687,1.0,,,original,nominal,60,1.0,,,0.6,0.0,,0.18933879456103697,,,0.31391756387381714,0.010000000000005116,ekf3,,0.2010543362375622,1.0,,100/50/50 Hz,1.0,4700,denied,19,13,0.08905201430853407,0.07948194735708462,0.06762889171131037,flight,0.3142269643455217
0.33835496382246166,1.0,,,original,nominal,25,1.0,,,0.6,0.0,,0.17819585933723234,,,0.2619864966540803,0.010000000000001563,ekf3,,0.19449234714821148,1.0,,100/50/50 Hz,1.0,700,denied,19,18,0.18422883092184247,0.0855049344207337,0.07793271979268859,before_outage,0.2819877019579376
0.47182312366384066,1.0,,,original,nominal,40,1.0,,,0.6,0.0,,0.17874410660725298,,,0.2455388779177232,0.010000000000005116,ekf3,,0.18502922632246963,1.0,,100/50/50 Hz,1.0,1500,denied,19,25,0.10877241384736802,0.08843116052237723,0.047815885923682994,outage_window,0.41962745443548793
0.2838786190161492,1.0,,,original,nominal,60,1.0,,,0.6,0.0,,0.21060107875475095,,,0.31391756387381714,0.010000000000005116,ekf3,,0.22428546020120166,1.0,,100/50/50 Hz,1.0,2000,denied,19,40,0.08905201430853407,0.07308296172363642,0.07714371837680628,after_return,0.24596439738832063
0.29232377798706555,1.0,1.0,,original,nominal,60,1.0,1.0,,0.6,0.8029787234042554,,0.04164450247027579,1.0,,0.10049347973675712,0.010000000000005116,px4,,0.16827581551411086,1.0,,100/50/50 Hz,1.0,4700,transition,19,13,0.045476626449605,0.016773243659280963,0.16304136131958133,flight,0.2777975423565556
0.3708499320144448,1.0,1.0,,original,nominal,25,1.0,1.0,,0.6,1.0,,0.0398428367120777,1.0,,0.07462427602455601,0.010000000000001563,px4,,0.15851787421955518,1.0,,100/50/50 Hz,1.0,700,transition,19,18,0.010992010700905146,0.023364076089232976,0.1534290220584796,before_outage,0.3550947622422569
0.2616736876480436,1.0,1.0,,original,nominal,40,1.0,1.0,,0.6,0.4686666666666667,,0.03544715840910583,1.0,,0.05681187682306084,0.010000000000005116,px4,,0.1648896196491163,1.0,,100/50/50 Hz,1.0,1500,transition,19,25,0.022565394177553186,0.015687891307278757,0.1610344237383734,outage_window,0.24444236326174662
0.20044008351765819,1.0,1.0,,original,nominal,60,1.0,1.0,,0.6,0.9355,,0.04144523984737613,1.0,,0.08204008556917121,0.010000000000005116,px4,,0.17719655446836335,1.0,,100/50/50 Hz,1.0,2000,transition,19,40,0.045476626449605,0.013367604591882245,0.1722814877154627,after_return,0.18664471270183428
0.5993535876090893,1.0,,,original,nominal,60,1.0,,,0.6,0.4208510638297872,,0.1367895758348651,,,0.37806518712744225,0.010000000000005116,ekf3,,0.15000398462832226,1.0,,100/50/50 Hz,1.0,4700,transition,19,13,0.07828582283719093,0.06927369810062688,0.06156141118664868,flight,0.5724011881346374
0.3383556431995193,1.0,,,original,nominal,25,1.0,,,0.6,0.0,,0.17819585933723234,,,0.2619864966540803,0.010000000000001563,ekf3,,0.19449234714821148,1.0,,100/50/50 Hz,1.0,700,transition,19,18,0.18422883092184247,0.0855050517066367,0.07793271979268859,before_outage,0.28198850584526197
0.4718233150078978,1.0,,,original,nominal,40,1.0,,,0.6,0.0,,0.1787440520778326,,,0.2455388779177232,0.010000000000005116,ekf3,,0.18502917364531893,1.0,,100/50/50 Hz,1.0,1500,transition,19,25,0.10877241384736802,0.08843119981968872,0.047815885923682994,outage_window,0.4196276710656885
0.7885444574099176,1.0,,,original,nominal,60,1.0,,,0.6,0.989,,0.06386720583626913,,,0.37806518712744225,0.010000000000005116,ekf3,,0.09048813787636681,1.0,,100/50/50 Hz,1.0,2000,transition,19,40,0.07828582283719093,0.04210166861173708,0.06410213034681453,after_return,0.7735785996843878
0.2873056128918385,1.0,1.0,,original,stress,60,1.0,1.0,,0.6,1.0,,0.039400356448718504,1.0,,0.10035568692982971,0.010000000000005116,px4,,0.15489369937831513,1.0,,100/50/50 Hz,1.0,4700,gps,19,13,0.04506938092544975,0.016699283711532387,0.14979876507773282,flight,0.2750409486668975
0.3736288823877128,1.0,1.0,,original,stress,25,1.0,1.0,,0.6,1.0,,0.04006390021894569,1.0,,0.07449797018704023,0.010000000000001563,px4,,0.1447884207864496,1.0,,100/50/50 Hz,1.0,700,gps,19,18,0.011097376259675858,0.02344106961223325,0.139135080741991,before_outage,0.3586452003068636
0.24725296601578417,1.0,1.0,,original,stress,40,1.0,1.0,,0.6,1.0,,0.03772391739320272,1.0,,0.06241804017878465,0.010000000000005116,px4,,0.15075746474003648,1.0,,100/50/50 Hz,1.0,1500,gps,19,25,0.013267804815151612,0.016962758842858285,0.14596136211804192,outage_window,0.23167452697339302
0.1912789574671971,1.0,1.0,,original,stress,60,1.0,1.0,,0.6,1.0,,0.0341518642718482,1.0,,0.06708756043280562,0.010000000000005116,px4,,0.1643906229651428,1.0,,100/50/50 Hz,1.0,2000,gps,19,40,0.04506938092544975,0.011737909474565492,0.16080400208211548,after_return,0.18215352877582436
0.5189496074214599,1.0,,,original,stress,60,1.0,,,0.6,0.6038297872340426,,0.11482469064914937,,,0.27538027999775033,0.010000000000005116,ekf3,,0.12920826593819398,1.0,,100/50/50 Hz,1.0,4700,gps,19,13,0.06814237812928484,0.05225467812729773,0.05924581338864555,flight,0.4942668171670694
0.28738472296187645,1.0,,,original,stress,25,1.0,,,0.6,0.0,,0.2305825911499773,,,0.27538027999775033,0.010000000000001563,ekf3,,0.2406961786123337,1.0,,100/50/50 Hz,1.0,700,gps,19,18,0.21256868450808278,0.0748919977405355,0.06903853313290235,before_outage,0.2274030499025993
0.427795181435454,1.0,,,original,stress,40,1.0,,,0.6,0.5586666666666666,,0.11027373269779948,,,0.24381184049453075,0.010000000000005116,ekf3,,0.12199421411050225,1.0,,100/50/50 Hz,1.0,1500,gps,19,25,0.02198239222107058,0.06517893429084665,0.05217558963091201,outage_window,0.386752898711766
0.6765790100929501,1.0,,,original,stress,60,1.0,,,0.6,1.0,,0.04776803770026063,,,0.09550401433913114,0.010000000000005116,ekf3,,0.07798843975701476,1.0,,100/50/50 Hz,1.0,2000,gps,19,40,0.06814237812928484,0.02869415934762815,0.06164747610405473,after_return,0.6617105006330911
0.22807549611258357,1.0,1.0,,original,stress,60,1.0,1.0,,0.6,0.0,,0.08459619138096275,1.0,,0.1427137307449228,0.010000000000005116,px4,,0.1551549996831151,1.0,,100/50/50 Hz,1.0,4700,denied,19,13,0.11668673718341606,0.015390062641351494,0.13006367029460214,flight,0.21439726330687456
0.2350932169750252,1.0,1.0,,original,stress,25,1.0,1.0,,0.6,0.0,,0.03947287365979599,1.0,,0.0629430581168506,0.010000000000001563,px4,,0.1225893780485053,1.0,,100/50/50 Hz,1.0,700,denied,19,18,0.0629430581168506,0.019345797498252413,0.11606053530531875,before_outage,0.217185836701189
0.30741116081669806,1.0,1.0,,original,stress,40,1.0,1.0,,0.6,0.0,,0.06443194078261685,1.0,,0.0880358770381486,0.010000000000005116,px4,,0.14304221405939804,1.0,,100/50/50 Hz,1.0,1500,denied,19,25,0.061871646862442654,0.017327398565663628,0.12770904435473632,outage_window,0.29642862904114803
0.14165934805244568,1.0,1.0,,original,stress,60,1.0,1.0,,0.6,0.0,,0.11439124269942351,1.0,,0.1427137307449228,0.010000000000005116,px4,,0.18206816592064917,1.0,,100/50/50 Hz,1.0,2000,denied,19,40,0.11668673718341606,0.01325100536124556,0.14164554576615046,after_return,0.12933117287062462
0.24398145124052256,1.0,,,original,stress,60,1.0,,,0.6,0.0,,0.24602926711054746,,,0.4309190689951894,0.010000000000005116,ekf3,,0.2558022188246831,1.0,,100/50/50 Hz,1.0,4700,denied,19,13,0.2162233888789317,0.060475383197020005,0.07003124217574579,flight,0.18433186351865785
0.2873848107177812,1.0,,,original,stress,25,1.0,,,0.6,0.0,,0.2305827188542561,,,0.27538027999775033,0.010000000000001563,ekf3,,0.24069630095072872,1.0,,100/50/50 Hz,1.0,700,denied,19,18,0.21256868450808278,0.07489190321325602,0.06903853313290235,before_outage,0.2274030460982513
0.3091686917147225,1.0,,,original,stress,40,1.0,,,0.6,0.0,,0.18030315631415103,,,0.26411347039901506,0.010000000000005116,ekf3,,0.18767787622282986,1.0,,100/50/50 Hz,1.0,1500,denied,19,25,0.1438782363357051,0.061743336912936604,0.05209373327634205,outage_window,0.23938125543322294
0.17418278300046744,1.0,,,original,stress,60,1.0,,,0.6,0.0,,0.31350030820773833,,,0.4309190689951894,0.010000000000005116,ekf3,,0.32460111029746486,1.0,,100/50/50 Hz,1.0,2000,denied,19,40,0.2162233888789317,0.05769049732330926,0.08416316034940703,after_return,0.1131866666737302
0.29389373823861725,1.0,1.0,,original,stress,60,1.0,1.0,,0.6,0.8042553191489362,,0.04164575290538697,1.0,,0.10035568692982971,0.010000000000005116,px4,,0.15455632721211124,1.0,,100/50/50 Hz,1.0,4700,transition,19,13,0.045476626449605,0.016820528733798207,0.14883981169781374,flight,0.2800825426264506
0.3736288823877128,1.0,1.0,,original,stress,25,1.0,1.0,,0.6,1.0,,0.04006390021894569,1.0,,0.07449797018704023,0.010000000000001563,px4,,0.1447884207864496,1.0,,100/50/50 Hz,1.0,700,transition,19,18,0.011097376259675858,0.02344106961223325,0.139135080741991,before_outage,0.3586452003068636
0.26205011591108646,1.0,1.0,,original,stress,40,1.0,1.0,,0.6,0.4726666666666667,,0.03547597346563955,1.0,,0.056887102430428625,0.010000000000005116,px4,,0.15089695356193333,1.0,,100/50/50 Hz,1.0,1500,transition,19,25,0.022488600177758892,0.01572612989640655,0.14666746708434525,outage_window,0.2455033802565107
0.19983404952849507,1.0,1.0,,original,stress,60,1.0,1.0,,0.6,0.9355,,0.041441721619271205,1.0,,0.08193190288387933,0.010000000000005116,px4,,0.16354626031695066,1.0,,100/50/50 Hz,1.0,2000,transition,19,40,0.045476626449605,0.01332843568539043,0.15820860587493535,after_return,0.18656835907761643
0.47575093355167963,1.0,,,original,stress,60,1.0,,,0.6,0.4208510638297872,,0.14265754562765065,,,0.37806518712744225,0.010000000000005116,ekf3,,0.15502089880685543,1.0,,100/50/50 Hz,1.0,4700,transition,19,13,0.06805045650952868,0.05330801736463486,0.0606655070231848,flight,0.4464154799307867
0.28738472296187645,1.0,,,original,stress,25,1.0,,,0.6,0.0,,0.2305825911499773,,,0.27538027999775033,0.010000000000001563,ekf3,,0.2406961786123337,1.0,,100/50/50 Hz,1.0,700,transition,19,18,0.21256868450808278,0.0748919977405355,0.06903853313290235,before_outage,0.2274030499025993
0.3091691933082972,1.0,,,original,stress,40,1.0,,,0.6,0.0,,0.18030297665582876,,,0.26411347039901506,0.010000000000005116,ekf3,,0.1876777036241093,1.0,,100/50/50 Hz,1.0,1500,transition,19,25,0.1438782363357051,0.061743336912936604,0.05209373327634205,outage_window,0.23938186336091682
0.6498827611545642,1.0,,,original,stress,60,1.0,,,0.6,0.989,,0.06213959662046948,,,0.37806518712744225,0.010000000000005116,ekf3,,0.0898231587796525,1.0,,100/50/50 Hz,1.0,2000,transition,19,40,0.06805045650952868,0.03757258935453287,0.06486039149588907,after_return,0.63347143113401
0.28868109728996777,1.0,1.0,,original,zero,60,1.0,1.0,,0.6,1.0,,0.04356860843213579,1.0,,0.10464918249221214,0.010000000000005116,px4,,0.1750394836253171,1.0,,100/50/50 Hz,1.0,4700,gps,41,13,0.019759411142808915,0.01915265379248248,0.16953051992813825,flight,0.2753374617455504
0.2771442653791006,1.0,1.0,,original,zero,25,1.0,1.0,,0.6,1.0,,0.037778336892499265,1.0,,0.06657287806759812,0.010000000000001563,px4,,0.15429640588761742,1.0,,100/50/50 Hz,1.0,700,gps,41,18,0.012492210539344477,0.020172402770959077,0.14960006059983133,before_outage,0.2634924327219929
0.275202833253197,1.0,1.0,,original,zero,40,1.0,1.0,,0.6,1.0,,0.05155952941385046,1.0,,0.10464918249221214,0.010000000000005116,px4,,0.19567309914232217,1.0,,100/50/50 Hz,1.0,1500,gps,41,25,0.01912761810532609,0.02027223189293833,0.18875798434657892,outage_window,0.26313125396308684
0.1428272941168354,1.0,1.0,,original,zero,60,1.0,1.0,,0.6,1.0,,0.038167888845132926,1.0,,0.06616921262383424,0.010000000000005116,px4,,0.17483378442172595,1.0,,100/50/50 Hz,1.0,2000,gps,41,40,0.019759411142808915,0.015611904108903625,0.17061671792742975,after_return,0.12348626201999846
0.45278707518213995,1.0,,,original,zero,60,1.0,,,0.6,0.6280851063829788,,0.09762844993863758,,,0.29066094533986064,0.010000000000005116,ekf3,,0.11344364403352504,1.0,,100/50/50 Hz,1.0,4700,gps,41,13,0.020617070021903418,0.04948581475628541,0.057776691962971354,flight,0.4299174174321725
0.2911773527154464,1.0,,,original,zero,25,1.0,,,0.6,0.0,,0.1417646772461806,,,0.16837495310841796,0.010000000000001563,ekf3,,0.16425656507992797,1.0,,100/50/50 Hz,1.0,700,gps,41,18,0.16508169955682195,0.06778582943954642,0.08296382016965502,before_outage,0.24364802416633824
0.4875690684203236,1.0,,,original,zero,40,1.0,,,0.6,0.6346666666666667,,0.11003336544425461,,,0.29066094533986064,0.010000000000005116,ekf3,,0.11933260623563405,1.0,,100/50/50 Hz,1.0,1500,gps,41,25,0.030935550832416964,0.05064232885090159,0.046183648621563024,outage_window,0.4561493665142239
0.48237605464561734,1.0,,,original,zero,60,1.0,,,0.6,1.0,,0.0534919085085939,,,0.11111328548611364,0.010000000000005116,ekf3,,0.07723998790064497,1.0,,100/50/50 Hz,1.0,2000,gps,41,40,0.020617070021903418,0.03164101628562244,0.05571921979891679,after_return,0.46987841702382954
0.17623596780830134,1.0,1.0,,original,zero,60,1.0,1.0,,0.6,0.0,,0.10151640397070925,1.0,,0.1784181847971796,0.010000000000005116,px4,,0.15073469446351515,1.0,,100/50/50 Hz,1.0,4700,denied,41,13,0.1670478460517817,0.012907493684851817,0.11142426952807466,flight,0.1528618602031457
0.16899316735506478,1.0,1.0,,original,zero,25,1.0,1.0,,0.6,0.0,,0.035762885780065055,1.0,,0.05616360140557963,0.010000000000001563,px4,,0.10054760808889651,1.0,,100/50/50 Hz,1.0,700,denied,41,18,0.05382835980887981,0.015762854203037118,0.09397253584468361,before_outage,0.14016615750473432
0.1340298123387576,1.0,1.0,,original,zero,40,1.0,1.0,,0.6,0.0,,0.0754006198406132,1.0,,0.09271769260383894,0.010000000000005116,px4,,0.14049173534542703,1.0,,100/50/50 Hz,1.0,1500,denied,41,25,0.0834444446869292,0.008954044883038718,0.11854397592463665,outage_window,0.10395013664300291
0.0775858065463201,1.0,1.0,,original,zero,60,1.0,1.0,,0.6,0.0,,0.13891073708450377,1.0,,0.1784181847971796,0.010000000000005116,px4,,0.18287236901221948,1.0,,100/50/50 Hz,1.0,2000,denied,41,40,0.1670478460517817,0.012099326184820342,0.11893742249931788,after_return,0.03804870033402837
0.2877577294907971,1.0,,,original,zero,60,1.0,,,0.6,0.0,,0.19362142963614676,,,0.33571481559787686,0.010000000000005116,ekf3,,0.20355838253400424,1.0,,100/50/50 Hz,1.0,4700,denied,41,13,0.24293761505256983,0.06758505924768855,0.06282322091006373,flight,0.2489461755249273
0.309322123146294,1.0,,,original,zero,25,1.0,,,0.6,0.0,,0.15734353884759397,,,0.1987475460780574,0.010000000000001563,ekf3,,0.18571181934830036,1.0,,100/50/50 Hz,1.0,700,denied,41,18,0.19850659620129724,0.07162012906848726,0.09865034530386313,before_outage,0.27390739335155123
0.3155195551558388,1.0,,,original,zero,40,1.0,,,0.6,0.0,,0.18317059487426005,,,0.2606926491587524,0.010000000000005116,ekf3,,0.18942462258091905,1.0,,100/50/50 Hz,1.0,1500,denied,41,25,0.11544530450506456,0.06856038804075412,0.048272360759893794,outage_window,0.26421039415387365
0.20493017983817205,1.0,,,original,zero,60,1.0,,,0.6,0.0,,0.22360634432510862,,,0.33571481559787686,0.010000000000005116,ekf3,,0.22970392406843865,1.0,,100/50/50 Hz,1.0,2000,denied,41,40,0.24293761505256983,0.06348629074221183,0.052574666047441515,after_return,0.16496577378287286
0.27925852950899926,1.0,1.0,,original,zero,60,1.0,1.0,,0.6,0.8004255319148936,,0.03547427971869018,1.0,,0.08080134802746618,0.010000000000005116,px4,,0.16024263474467323,1.0,,100/50/50 Hz,1.0,4700,transition,41,13,0.019703087258360306,0.017645893361913374,0.15626668700767568,flight,0.2639395849380314
0.2771442653791006,1.0,1.0,,original,zero,25,1.0,1.0,,0.6,1.0,,0.037778336892499265,1.0,,0.06657287806759812,0.010000000000001563,px4,,0.15429640588761742,1.0,,100/50/50 Hz,1.0,700,transition,41,18,0.012492210539344477,0.020172402770959077,0.14960006059983133,before_outage,0.2634924327219929
0.18871310893054108,1.0,1.0,,original,zero,40,1.0,1.0,,0.6,0.46066666666666667,,0.0308536934504432,1.0,,0.04678476782934202,0.010000000000005116,px4,,0.18385191518088614,1.0,,100/50/50 Hz,1.0,1500,transition,41,25,0.020415730035076195,0.014093303602279046,0.18124452078930783,outage_window,0.16911468544670574
0.19472211168182232,1.0,1.0,,original,zero,60,1.0,1.0,,0.6,0.9355,,0.03511532164551465,1.0,,0.06855671291195407,0.010000000000005116,px4,,0.14924157988094905,1.0,,100/50/50 Hz,1.0,2000,transition,41,40,0.019703087258360306,0.016513288190224452,0.1450515885852125,after_return,0.17687008094908507
0.40911015187401123,1.0,,,original,zero,60,1.0,,,0.6,0.4238297872340426,,0.12084603162648816,,,0.39017780107905403,0.010000000000005116,ekf3,,0.13172846992886136,1.0,,100/50/50 Hz,1.0,4700,transition,41,13,0.02055720208277562,0.053689663870646005,0.05242734429597555,flight,0.3840378462955445
0.2911773527154464,1.0,,,original,zero,25,1.0,,,0.6,0.0,,0.1417646772461806,,,0.16837495310841796,0.010000000000001563,ekf3,,0.16425656507992797,1.0,,100/50/50 Hz,1.0,700,transition,41,18,0.16508169955682195,0.06778582943954642,0.08296382016965502,before_outage,0.24364802416633824
0.325982666930439,1.0,,,original,zero,40,1.0,,,0.6,0.0,,0.1546272155650512,,,0.22382463895176635,0.010000000000005116,ekf3,,0.1601878624825681,1.0,,100/50/50 Hz,1.0,1500,transition,41,25,0.0898673730578401,0.06268791791063456,0.04183987922226035,outage_window,0.2806753205072389
0.4927626571181601,1.0,,,original,zero,60,1.0,,,0.6,0.996,,0.07700625949777225,,,0.39017780107905403,0.010000000000005116,ekf3,,0.0890841713316021,1.0,,100/50/50 Hz,1.0,2000,transition,41,40,0.02055720208277562,0.03156868647327257,0.04478867691727453,after_return,0.4795807807450143
0.28646282928320693,1.0,1.0,,original,nominal,60,1.0,1.0,,0.6,1.0,,0.043522614587416374,1.0,,0.10450948411033494,0.010000000000005116,px4,,0.17403578553892254,1.0,,100/50/50 Hz,1.0,4700,gps,41,13,0.019759411142808915,0.019077065699441415,0.1685058950530368,flight,0.27418338694943006
0.27330668979125083,1.0,1.0,,original,nominal,25,1.0,1.0,,0.6,1.0,,0.03773241400535887,1.0,,0.06657287806759812,0.010000000000001563,px4,,0.15338644711378402,1.0,,100/50/50 Hz,1.0,700,gps,41,18,0.012435590796070345,0.02009163676975999,0.14867302072507255,before_outage,0.26102500576879895
0.27351893318395837,1.0,1.0,,original,nominal,40,1.0,1.0,,0.6,1.0,,0.051490329853976814,1.0,,0.10450948411033494,0.010000000000005116,px4,,0.1946319415758789,1.0,,100/50/50 Hz,1.0,1500,gps,41,25,0.01912761810532609,0.020192096162484928,0.18769746565450743,outage_window,0.26243142802890934
0.14162940704711033,1.0,1.0,,original,nominal,60,1.0,1.0,,0.6,1.0,,0.03816067121196119,1.0,,0.0662048266048966,0.010000000000005116,px4,,0.17380277443373288,1.0,,100/50/50 Hz,1.0,2000,gps,41,40,0.019759411142808915,0.015568004005497807,0.16956169252963837,after_return,0.12345491507583484
0.6013022082483775,1.0,,,original,nominal,60,1.0,,,0.6,0.6251063829787235,,0.11025172472922089,,,0.3686293494957007,0.010000000000005116,ekf3,,0.12342898719508025,1.0,,100/50/50 Hz,1.0,4700,gps,41,13,0.02217886803915998,0.06011376446553309,0.055491189158598714,flight,0.57068421003129
0.40687256911582087,1.0,,,original,nominal,25,1.0,,,0.6,0.0,,0.1956134529337163,,,0.23464227531010184,0.010000000000001563,ekf3,,0.20275317129123094,1.0,,100/50/50 Hz,1.0,700,gps,41,18,0.2151841752436663,0.08324887239371818,0.053331280689666534,before_outage,0.34312838250933175
0.7046496157499071,1.0,,,original,nominal,40,1.0,,,0.6,0.6253333333333333,,0.1045927337490313,,,0.3686293494957007,0.010000000000005116,ekf3,,0.11886770292961168,1.0,,100/50/50 Hz,1.0,1500,gps,41,25,0.030361839010030506,0.06692404478495881,0.05647911867820413,outage_window,0.6632955558206609
0.6384157405104065,1.0,,,original,nominal,60,1.0,,,0.6,1.0,,0.06064457737503658,,,0.1194090409944004,0.010000000000005116,ekf3,,0.08478698402465322,1.0,,100/50/50 Hz,1.0,2000,gps,41,40,0.02217886803915998,0.04098298913406513,0.059254264783220455,after_return,0.622735803306404
0.16826689705859874,1.0,1.0,,original,nominal,60,1.0,1.0,,0.6,0.0,,0.10144762302916255,1.0,,0.1785706078438367,0.010000000000005116,px4,,0.14971900422098172,1.0,,100/50/50 Hz,1.0,4700,denied,41,13,0.16718957899028672,0.01262592297897117,0.11010976344836669,flight,0.1458646659397064
0.15723396626651995,1.0,1.0,,original,nominal,25,1.0,1.0,,0.6,0.0,,0.03529510162394979,1.0,,0.05611114041931636,0.010000000000001563,px4,,0.09925798323858573,1.0,,100/50/50 Hz,1.0,700,denied,41,18,0.05370286097896232,0.01539595142206897,0.09277070139837482,before_outage,0.12895968432739088
0.1351534463835399,1.0,1.0,,original,nominal,40,1.0,1.0,,0.6,0.0,,0.07549666246463911,1.0,,0.09253951267578676,0.010000000000005116,px4,,0.13940978968071246,1.0,,100/50/50 Hz,1.0,1500,denied,41,25,0.08346746414506805,0.008872997270115812,0.11719788144638467,outage_window,0.10807969839167479
0.07560365865722311,1.0,1.0,,original,nominal,60,1.0,1.0,,0.6,0.0,,0.13876194352342677,1.0,,0.1785706078438367,0.010000000000005116,px4,,0.18187140143886332,1.0,,100/50/50 Hz,1.0,2000,denied,41,40,0.16718957899028672,0.0119777535806514,0.11756840430548293,after_return,0.03804366617621918
0.398870070758369,1.0,,,original,nominal,60,1.0,,,0.6,0.0,,0.23389983104411172,,,0.46887163364010914,0.010000000000005116,ekf3,,0.23945779987673355,1.0,,100/50/50 Hz,1.0,4700,denied,41,13,0.15758814815502883,0.07964464976697319,0.051292367456979085,flight,0.34786316322747063
0.4068730770660807,1.0,,,original,nominal,25,1.0,,,0.6,0.0,,0.19561347209761779,,,0.23464227531010184,0.010000000000001563,ekf3,,0.20275318978029785,1.0,,100/50/50 Hz,1.0,700,denied,41,18,0.2151841752436663,0.08324887239371818,0.053331280689666534,before_outage,0.3431291268120173
0.5209119137015559,1.0,,,original,nominal,40,1.0,,,0.6,0.0,,0.16367374196797677,,,0.278179230079011,0.010000000000005116,ekf3,,0.17298354494903026,1.0,,100/50/50 Hz,1.0,1500,denied,41,25,0.016124290764775027,0.08421622624167113,0.05598404248831388,outage_window,0.46469968954281726
0.31727512825420473,1.0,,,original,nominal,60,1.0,,,0.6,0.0,,0.30297168005706837,,,0.46887163364010914,0.010000000000005116,ekf3,,0.30706840795920803,1.0,,100/50/50 Hz,1.0,2000,denied,41,40,0.15758814815502883,0.07831998286726496,0.04999168180807683,after_return,0.27355567834645605
0.27677243860724465,1.0,1.0,,original,nominal,60,1.0,1.0,,0.6,0.8029787234042554,,0.03542789952939609,1.0,,0.08073811121579286,0.010000000000005116,px4,,0.1594131200642351,1.0,,100/50/50 Hz,1.0,4700,transition,41,13,0.019703087258360306,0.017570490302547506,0.15542653178768823,flight,0.2626349763280257
0.27330668979125083,1.0,1.0,,original,nominal,25,1.0,1.0,,0.6,1.0,,0.03773241400535887,1.0,,0.06657287806759812,0.010000000000001563,px4,,0.15338644711378402,1.0,,100/50/50 Hz,1.0,700,transition,41,18,0.012435590796070345,0.02009163676975999,0.14867302072507255,before_outage,0.26102500576879895
0.18601386669242156,1.0,1.0,,original,nominal,40,1.0,1.0,,0.6,0.4686666666666667,,0.030761707384904084,1.0,,0.04664617453549309,0.010000000000005116,px4,,0.1828065428068845,1.0,,100/50/50 Hz,1.0,1500,transition,41,25,0.020514377022447353,0.013991789861765339,0.18019974875612574,outage_window,0.1678933235124791
0.1933681620486902,1.0,1.0,,original,nominal,60,1.0,1.0,,0.6,0.9355,,0.03511584964719661,1.0,,0.06855671291195407,0.010000000000005116,px4,,0.1486490232507353,1.0,,100/50/50 Hz,1.0,2000,transition,41,40,0.019703087258360306,0.016479585917180628,0.1444417156397456,after_return,0.17659018495358578
0.5441518104544619,1.0,,,original,nominal,60,1.0,,,0.6,0.4208510638297872,,0.1408603866635441,,,0.6854418769200508,0.010000000000005116,ekf3,,0.14937621872350418,1.0,,100/50/50 Hz,1.0,4700,transition,41,13,0.021966432270536317,0.06847568648100176,0.04971525107176872,flight,0.5095687258009459
0.40687256911582087,1.0,,,original,nominal,25,1.0,,,0.6,0.0,,0.1956134529337163,,,0.23464227531010184,0.010000000000001563,ekf3,,0.20275317129123094,1.0,,100/50/50 Hz,1.0,700,transition,41,18,0.2151841752436663,0.08324887239371818,0.053331280689666534,before_outage,0.34312838250933175
0.52091158845588,1.0,,,original,nominal,40,1.0,,,0.6,0.0,,0.16367363344383717,,,0.278179230079011,0.010000000000005116,ekf3,,0.17298344226555587,1.0,,100/50/50 Hz,1.0,1500,transition,41,25,0.016124290764775027,0.08421617136038047,0.05598404248831388,outage_window,0.4646993213824642
0.6500945293477388,1.0,,,original,nominal,60,1.0,,,0.6,0.989,,0.09926371175102607,,,0.6854418769200508,0.010000000000005116,ekf3,,0.10944448780359288,1.0,,100/50/50 Hz,1.0,2000,transition,41,40,0.021966432270536317,0.04739517639105979,0.04609567702073591,after_return,0.6329803362319881
0.28787556089499344,1.0,1.0,,original,stress,60,1.0,1.0,,0.6,1.0,,0.04359011338829162,1.0,,0.1045683519395822,0.010000000000005116,px4,,0.21237316993828181,1.0,,100/50/50 Hz,1.0,4700,gps,41,13,0.019759411142808915,0.01912166411060403,0.20785154636044978,flight,0.27587568852770267
0.2773758535552226,1.0,1.0,,original,stress,25,1.0,1.0,,0.6,1.0,,0.03809764919029507,1.0,,0.0669962945434375,0.010000000000001563,px4,,0.19211010249527855,1.0,,100/50/50 Hz,1.0,700,gps,41,18,0.012518331555734756,0.020151552271682683,0.18829461119989502,before_outage,0.2655357946663958
0.2739678222273605,1.0,1.0,,original,stress,40,1.0,1.0,,0.6,1.0,,0.051521230312905404,1.0,,0.1045683519395822,0.010000000000005116,px4,,0.23296207091641286,1.0,,100/50/50 Hz,1.0,1500,gps,41,25,0.01912761810532609,0.020215299979967728,0.22719350631721044,outage_window,0.2630880365372357
0.1413654059982994,1.0,1.0,,original,stress,60,1.0,1.0,,0.6,1.0,,0.03815116759694295,1.0,,0.06615747620685375,0.010000000000005116,px4,,0.21256747534777934,1.0,,100/50/50 Hz,1.0,2000,gps,41,40,0.019759411142808915,0.01556876151198793,0.20911580520543815,after_return,0.12339585926113927
0.4572995072444803,1.0,,,original,stress,60,1.0,,,0.6,0.6038297872340426,,0.0908627507730317,,,0.19258882216398815,0.010000000000005116,ekf3,,0.11131201427337034,1.0,,100/50/50 Hz,1.0,4700,gps,41,13,0.01643741593219819,0.05263990965216853,0.0642987172776637,flight,0.4336282522693621
0.20384381740738622,1.0,,,original,stress,25,1.0,,,0.6,0.0,,0.16309409759812427,,,0.19258882216398815,0.010000000000001563,ekf3,,0.17900989701267733,1.0,,100/50/50 Hz,1.0,700,gps,41,18,0.16751682744837576,0.073330796418188,0.07378928483962192,before_outage,0.12815478387818705
0.5104090112453967,1.0,,,original,stress,40,1.0,,,0.6,0.5586666666666666,,0.08278467189217285,,,0.1673693706451293,0.010000000000005116,ekf3,,0.10767445419857664,1.0,,100/50/50 Hz,1.0,1500,gps,41,25,0.0227207436250451,0.059966843948037994,0.06885118870917674,outage_window,0.47920883145754734
0.5259787993312577,1.0,,,original,stress,60,1.0,,,0.6,1.0,,0.056634085598157316,,,0.11154401958765131,0.010000000000005116,ekf3,,0.08178307056805466,1.0,,100/50/50 Hz,1.0,2000,gps,41,40,0.01643741593219819,0.03462405639815226,0.0590004320323165,after_return,0.5125986469825771
0.16826928263628316,1.0,1.0,,original,stress,60,1.0,1.0,,0.6,0.0,,0.1028476422102447,1.0,,0.17962330307907928,0.010000000000005116,px4,,0.1630261783558024,1.0,,100/50/50 Hz,1.0,4700,denied,41,13,0.16836966307479273,0.012621794766545902,0.1264907005320604,flight,0.1463148753422527
0.1573089451304281,1.0,1.0,,original,stress,25,1.0,1.0,,0.6,0.0,,0.037306885322374896,1.0,,0.05738257127155797,0.010000000000001563,px4,,0.11522442900511609,1.0,,100/50/50 Hz,1.0,700,denied,41,18,0.05516462450036022,0.015369561276271699,0.109017729508086,before_outage,0.12977373277752313
0.1337163468626375,1.0,1.0,,original,stress,40,1.0,1.0,,0.6,0.0,,0.07714638523162241,1.0,,0.09441007610017317,0.010000000000005116,px4,,0.15444162561241673,1.0,,100/50/50 Hz,1.0,1500,denied,41,25,0.08527684851217372,0.008874895362231898,0.13379331436024744,outage_window,0.10667097018533275
0.07495928714762481,1.0,1.0,,original,stress,60,1.0,1.0,,0.6,0.0,,0.14045724982303293,1.0,,0.17962330307907928,0.010000000000005116,px4,,0.19418713809921184,1.0,,100/50/50 Hz,1.0,2000,denied,41,40,0.16836966307479273,0.011976748680674188,0.1340910346567305,after_return,0.037690425231910546
0.24571301723521252,1.0,,,original,stress,60,1.0,,,0.6,0.0,,0.17677065097226952,,,0.35232669825763785,0.010000000000005116,ekf3,,0.18524235791337954,1.0,,100/50/50 Hz,1.0,4700,denied,41,13,0.10904670762491872,0.06338146821354977,0.05537931130077977,flight,0.19005515823733177
0.20384381740738622,1.0,,,original,stress,25,1.0,,,0.6,0.0,,0.16309409759812427,,,0.19258882216398815,0.010000000000001563,ekf3,,0.17900989701267733,1.0,,100/50/50 Hz,1.0,700,denied,41,18,0.16751682744837576,0.073330796418188,0.07378928483962192,before_outage,0.12815478387818705
0.2934527782975545,1.0,,,original,stress,40,1.0,,,0.6,0.0,,0.13247488744995525,,,0.20262290234318095,0.010000000000005116,ekf3,,0.14532954278080665,1.0,,100/50/50 Hz,1.0,1500,denied,41,25,0.004901190524455352,0.0661391517507515,0.059758515711152004,outage_window,0.22308339906809305
0.24062029892231465,1.0,,,original,stress,60,1.0,,,0.6,0.0,,0.22184676095310665,,,0.35232669825763785,0.010000000000005116,ekf3,,0.2259769170631922,1.0,,100/50/50 Hz,1.0,2000,denied,41,40,0.10904670762491872,0.059529320621281696,0.04300676342158289,after_return,0.20166600732112283
0.2784288691718684,1.0,1.0,,original,stress,60,1.0,1.0,,0.6,0.8042553191489362,,0.03550039074010415,1.0,,0.08068950405798554,0.010000000000005116,px4,,0.19793371109131194,1.0,,100/50/50 Hz,1.0,4700,transition,41,13,0.019703087258360306,0.01762554311719735,0.19472410288323033,flight,0.26461157492923393
0.2773758535552226,1.0,1.0,,original,stress,25,1.0,1.0,,0.6,1.0,,0.03809764919029507,1.0,,0.0669962945434375,0.010000000000001563,px4,,0.19211010249527855,1.0,,100/50/50 Hz,1.0,700,transition,41,18,0.012518331555734756,0.020151552271682683,0.18829461119989502,before_outage,0.2655357946663958
0.18713396951223513,1.0,1.0,,original,stress,40,1.0,1.0,,0.6,0.4726666666666667,,0.030771380608915846,1.0,,0.04665347458785065,0.010000000000005116,px4,,0.222167290786263,1.0,,100/50/50 Hz,1.0,1500,transition,41,25,0.02023434174800624,0.01405843796227886,0.22002596944617506,outage_window,0.1693913178206005
0.1934988601804914,1.0,1.0,,original,stress,60,1.0,1.0,,0.6,0.9355,,0.03510845340381754,1.0,,0.06855671291195407,0.010000000000005116,px4,,0.18694080803517868,1.0,,100/50/50 Hz,1.0,2000,transition,41,40,0.019703087258360306,0.016475782569994223,0.18361443899769295,after_return,0.17694886846109842
0.3804545362380824,1.0,,,original,stress,60,1.0,,,0.6,0.4208510638297872,,0.11936099077992961,,,0.6854418769200508,0.010000000000005116,ekf3,,0.13124540213915423,1.0,,100/50/50 Hz,1.0,4700,transition,41,13,0.016421256194435213,0.057169042482036164,0.05457388993558976,flight,0.3485480224532922
0.20384381740738622,1.0,,,original,stress,25,1.0,,,0.6,0.0,,0.16309409759812427,,,0.19258882216398815,0.010000000000001563,ekf3,,0.17900989701267733,1.0,,100/50/50 Hz,1.0,700,transition,41,18,0.16751682744837576,0.073330796418188,0.07378928483962192,before_outage,0.12815478387818705
0.2934529526785348,1.0,,,original,stress,40,1.0,,,0.6,0.0,,0.13247488744995525,,,0.20262290234318095,0.010000000000005116,ekf3,,0.14532954278080665,1.0,,100/50/50 Hz,1.0,1500,transition,41,25,0.004901190524455352,0.06613913998879567,0.059758515711152004,outage_window,0.22308363347087756
0.5061317562275928,1.0,,,original,stress,60,1.0,,,0.6,0.989,,0.09625001211233158,,,0.6854418769200508,0.010000000000005116,ekf3,,0.10442956327891052,1.0,,100/50/50 Hz,1.0,2000,transition,41,40,0.016421256194435213,0.0422350578101637,0.04051504479819811,after_return,0.4911988272715369
0.21823715890319206,1.0,1.0,,original,zero,60,1.0,1.0,,0.6,1.0,,0.04977582218279522,1.0,,0.12098503177833847,0.010000000000005116,px4,,0.591313065438901,1.0,,25/25/25 Hz,1.0,4700,gps,7,13,0.028438679180001255,0.018040379732365372,0.589214314901443,flight,0.19539887158505997
0.1786395305955621,1.0,1.0,,original,zero,25,1.0,1.0,,0.6,1.0,,0.04148249536362268,1.0,,0.07216889451238552,0.010000000000001563,px4,,0.582238934710675,1.0,,25/25/25 Hz,1.0,700,gps,7,18,0.039040728557511284,0.016157062486967796,0.5807593130303023,before_outage,0.15105735500573605
0.23359972216534236,1.0,1.0,,original,zero,40,1.0,1.0,,0.6,1.0,,0.04080513283018098,1.0,,0.07869307658195787,0.010000000000005116,px4,,0.6042823904277884,1.0,,25/25/25 Hz,1.0,1500,gps,7,25,0.008497988253272552,0.018699132260290185,0.6029031004364079,outage_window,0.2100862715110094
0.1508423879545553,1.0,1.0,,original,zero,60,1.0,1.0,,0.6,1.0,,0.061942770437603364,1.0,,0.12098503177833847,0.010000000000005116,px4,,0.5904744496192511,1.0,,25/25/25 Hz,1.0,2000,gps,7,40,0.028438679180001255,0.016964606331301056,0.5872164582534042,after_return,0.13275033593227797
0.5189802431099102,1.0,,,original,zero,60,1.0,,,0.6,0.5642553191489361,,0.11189366291443788,,,0.30732021087374456,0.010000000000005116,ekf3,,0.12860537342951178,1.0,,25/25/25 Hz,1.0,4700,gps,7,13,0.03219069837197124,0.05145368103472422,0.06339676864426393,flight,0.4970102053026512
0.2925884642605962,1.0,,,original,zero,25,1.0,,,0.6,0.0,,0.19226785413833983,,,0.24652157936303357,0.010000000000001563,ekf3,,0.21506277599965135,1.0,,25/25/25 Hz,1.0,700,gps,7,18,0.17967790827361313,0.07116543381614078,0.09635906748051419,before_outage,0.24023004718075383
0.45435700794859996,1.0,,,original,zero,40,1.0,,,0.6,0.43466666666666665,,0.1158498383429246,,,0.30732021087374456,0.010000000000005116,ekf3,,0.1265774764485442,1.0,,25/25/25 Hz,1.0,1500,gps,7,25,0.021951617730751098,0.057250948823986486,0.05099678911460995,outage_window,0.419118191924964
0.6272053907464188,1.0,,,original,zero,60,1.0,,,0.6,1.0,,0.05979597275767732,,,0.11514644839298112,0.010000000000005116,ekf3,,0.0824154862452251,1.0,,25/25/25 Hz,1.0,2000,gps,7,40,0.03219069837197124,0.02460726029098605,0.056716435140089685,after_return,0.6155179106412595
0.3567129939862372,1.0,1.0,,original,zero,60,1.0,1.0,,0.6,0.0,,0.10736539014390516,1.0,,0.1639704991639097,0.010000000000005116,px4,,0.2495721340486004,1.0,,25/25/25 Hz,1.0,4700,denied,7,13,0.13287948496030177,0.01830023883735745,0.22529741031094788,flight,0.3380123164673739
0.4328717584083797,1.0,1.0,,original,zero,25,1.0,1.0,,0.6,0.0,,0.06122629381048911,1.0,,0.09155708983747805,0.010000000000001563,px4,,0.22418540179176744,1.0,,25/25/25 Hz,1.0,700,denied,7,18,0.09149724361850826,0.025682718491734997,0.21566278149640902,before_outage,0.4145415614984354
0.27986191915114306,1.0,1.0,,original,zero,40,1.0,1.0,,0.6,0.0,,0.09401304098321155,1.0,,0.12073187723319372,0.010000000000005116,px4,,0.2384359395373022,1.0,,25/25/25 Hz,1.0,1500,denied,7,25,0.1027319113062759,0.015100819980118542,0.21911924924142334,outage_window,0.2556769124753811
0.1465191156315695,1.0,1.0,,original,zero,60,1.0,1.0,,0.6,0.0,,0.13597479579224075,1.0,,0.1639704991639097,0.010000000000005116,px4,,0.2711481167484117,1.0,,25/25/25 Hz,1.0,2000,denied,7,40,0.13287948496030177,0.011880561883421311,0.23458933506335863,after_return,0.12154591269819132
0.30393355651666165,1.0,,,original,zero,60,1.0,,,0.6,0.0,,0.18943810001617553,,,0.3186950774685036,0.010000000000005116,ekf3,,0.20380704126636637,1.0,,25/25/25 Hz,1.0,4700,denied,7,13,0.11599883152138141,0.0710649834057748,0.07516991640285249,flight,0.2563053305481168
0.30603085187791573,1.0,,,original,zero,25,1.0,,,0.6,0.0,,0.19989498136092412,,,0.26253017760235625,0.010000000000001563,ekf3,,0.23021194672766515,1.0,,25/25/25 Hz,1.0,700,denied,7,18,0.2115203714946928,0.07356416810734014,0.11419079141006575,before_outage,0.26381995445242934
0.30902844663751045,1.0,,,original,zero,40,1.0,,,0.6,0.0,,0.1678177568503746,,,0.27696628314192223,0.010000000000005116,ekf3,,0.17621511081901606,1.0,,25/25/25 Hz,1.0,1500,denied,7,25,0.005170819432063652,0.07410238675150588,0.053749100147506355,outage_window,0.23366184835815382
0.1930901287331147,1.0,,,original,zero,60,1.0,,,0.6,0.0,,0.21242847679482646,,,0.3186950774685036,0.010000000000005116,ekf3,,0.22178456720062859,1.0,,25/25/25 Hz,1.0,2000,denied,7,40,0.11599883152138141,0.0636507900436875,0.06373803020960092,after_return,0.13918553290584612
0.2737027638768565,1.0,1.0,,original,zero,60,1.0,1.0,,0.6,0.8004255319148936,,0.05427002994207783,1.0,,0.12309542161399871,0.010000000000005116,px4,,0.5405483831166364,1.0,,25/25/25 Hz,1.0,4700,transition,7,13,0.02586756547680174,0.019041680507214186,0.5378171792905987,flight,0.25082332919739203
0.1786395305955621,1.0,1.0,,original,zero,25,1.0,1.0,,0.6,1.0,,0.04148249536362268,1.0,,0.07216889451238552,0.010000000000001563,px4,,0.582238934710675,1.0,,25/25/25 Hz,1.0,700,transition,7,18,0.039040728557511284,0.016157062486967796,0.5807593130303023,before_outage,0.15105735500573605
0.31511371274400357,1.0,1.0,,original,zero,40,1.0,1.0,,0.6,0.46066666666666667,,0.05609721468765772,1.0,,0.08576359695166981,0.010000000000005116,px4,,0.5960385070219917,1.0,,25/25/25 Hz,1.0,1500,transition,7,25,0.050029590633200616,0.01658163924439445,0.5933927909549388,outage_window,0.2960213599538507
0.23093085856208684,1.0,1.0,,original,zero,60,1.0,1.0,,0.6,0.9355,,0.06184170498238317,1.0,,0.12309542161399871,0.010000000000005116,px4,,0.4701636690108097,1.0,,25/25/25 Hz,1.0,2000,transition,7,40,0.02586756547680174,0.02076256615156298,0.4660788336564729,after_return,0.2076599714699838
0.5463582807159953,1.0,,,original,zero,60,1.0,,,0.6,0.4238297872340426,,0.12991517380541678,,,0.3033346472966469,0.010000000000005116,ekf3,,0.14227977805157238,1.0,,25/25/25 Hz,1.0,4700,transition,7,13,0.03161911115475618,0.05609124487081566,0.058013643718637854,flight,0.5201951838647364
0.2925884642605962,1.0,,,original,zero,25,1.0,,,0.6,0.0,,0.19226785413833983,,,0.24652157936303357,0.010000000000001563,ekf3,,0.21506277599965135,1.0,,25/25/25 Hz,1.0,700,transition,7,18,0.17967790827361313,0.07116543381614078,0.09635906748051419,before_outage,0.24023004718075383
0.34697515165095466,1.0,,,original,zero,40,1.0,,,0.6,0.0,,0.15366938856221096,,,0.26445921919823157,0.010000000000005116,ekf3,,0.16045560730126293,1.0,,25/25/25 Hz,1.0,1500,transition,7,25,0.03547916930790492,0.06829762152233838,0.04617056349378176,outage_window,0.2863281360687661
0.7255791941504274,1.0,,,original,zero,60,1.0,,,0.6,0.996,,0.07855872821537788,,,0.3033346472966469,0.010000000000005116,ekf3,,0.09057625538085358,1.0,,25/25/25 Hz,1.0,2000,transition,7,40,0.03161911115475618,0.027155127779544843,0.045084190798992944,after_return,0.7103109328843992
0.2194426936016412,1.0,1.0,,original,nominal,60,1.0,1.0,,0.6,1.0,,0.04974926417478649,1.0,,0.12104006574669689,0.010000000000005116,px4,,0.6020123188536306,1.0,,25/25/25 Hz,1.0,4700,gps,7,13,0.028401197365762885,0.018108920149743746,0.599953200479498,flight,0.19565912776973687
0.1800050874395951,1.0,1.0,,original,nominal,25,1.0,1.0,,0.6,1.0,,0.041453827221538606,1.0,,0.07208876134770151,0.010000000000001563,px4,,0.5929783350925066,1.0,,25/25/25 Hz,1.0,700,gps,7,18,0.03917438063971518,0.01626467177568282,0.5915275869287652,before_outage,0.15121955773327814
0.2338210322425858,1.0,1.0,,original,nominal,40,1.0,1.0,,0.6,1.0,,0.040784595678648616,1.0,,0.07875925272522664,0.010000000000005116,px4,,0.6149796833569856,1.0,,25/25/25 Hz,1.0,1500,gps,7,25,0.008597303064493782,0.01869865989410321,0.6136258042954089,outage_window,0.20936386370346777
0.15146467283165793,1.0,1.0,,original,nominal,60,1.0,1.0,,0.6,1.0,,0.061924927975747106,1.0,,0.12104006574669689,0.010000000000005116,px4,,0.6011458189950839,1.0,,25/25/25 Hz,1.0,2000,gps,7,40,0.028401197365762885,0.017011861290161818,0.5979478229665769,after_return,0.13258493610120603
0.49024344526069424,1.0,,,original,nominal,60,1.0,,,0.6,0.5612765957446808,,0.13997337316359137,,,0.5803679327964889,0.010000000000005116,ekf3,,0.1542241290638833,1.0,,25/25/25 Hz,1.0,4700,gps,7,13,0.02663640689546644,0.05663696327595532,0.06474980147243185,flight,0.4654418641248023
0.26447888676545267,1.0,,,original,nominal,25,1.0,,,0.6,0.0,,0.22367460874266945,,,0.3028577317410051,0.010000000000001563,ekf3,,0.23611848402059982,1.0,,25/25/25 Hz,1.0,700,gps,7,18,0.2734473339054322,0.07958949905845661,0.07564131080302615,before_outage,0.2071784485068251
0.3919889186474038,1.0,,,original,nominal,40,1.0,,,0.6,0.42533333333333334,,0.16432050343496418,,,0.5803679327964889,0.010000000000005116,ekf3,,0.17237327825329174,1.0,,25/25/25 Hz,1.0,1500,gps,7,25,0.0156292476700901,0.06761530738403788,0.05207032942729157,outage_window,0.3444306176785331
0.6132499789354764,1.0,,,original,nominal,60,1.0,,,0.6,1.0,,0.06040231369999048,,,0.11494874756401645,0.010000000000005116,ekf3,,0.08743769416168326,1.0,,25/25/25 Hz,1.0,2000,gps,7,40,0.02663640689546644,0.026137121246315436,0.06322112669037148,after_return,0.6008461912281593
0.36343702618835505,1.0,1.0,,original,nominal,60,1.0,1.0,,0.6,0.0,,0.10968128979287341,1.0,,0.16649439976564123,0.010000000000005116,px4,,0.2561422921586566,1.0,,25/25/25 Hz,1.0,4700,denied,7,13,0.1355745306005,0.018549004874362073,0.23147113967331287,flight,0.344409178899255
0.44412858433193164,1.0,1.0,,original,nominal,25,1.0,1.0,,0.6,0.0,,0.06267392312399221,1.0,,0.09463320717413078,0.010000000000001563,px4,,0.23053124364438174,1.0,,25/25/25 Hz,1.0,700,denied,7,18,0.0945988857908179,0.026226073656164032,0.22184822211699876,before_outage,0.42570235556340663
0.28353870801281666,1.0,1.0,,original,nominal,40,1.0,1.0,,0.6,0.0,,0.09651672300713009,1.0,,0.12316454896385964,0.010000000000005116,px4,,0.24505497363949122,1.0,,25/25/25 Hz,1.0,1500,denied,7,25,0.10549950163994376,0.015167765864993698,0.22524755777902827,outage_window,0.25904580169588154
0.1473340253851564,1.0,1.0,,original,nominal,60,1.0,1.0,,0.6,0.0,,0.13851292991063247,1.0,,0.16649439976564123,0.010000000000005116,px4,,0.2778203947934871,1.0,,25/25/25 Hz,1.0,2000,denied,7,40,0.1355745306005,0.011981468226782817,0.2408284451861558,after_return,0.12149175871587461
0.2597115933219269,1.0,,,original,nominal,60,1.0,,,0.6,0.0,,0.26857133892981494,,,0.4791229701144245,0.010000000000005116,ekf3,,0.2761229459632077,1.0,,25/25/25 Hz,1.0,4700,denied,7,13,0.17354476171980104,0.06898842065861054,0.06413514787421166,flight,0.20009915700656442
0.26447888676545267,1.0,,,original,nominal,25,1.0,,,0.6,0.0,,0.22367460874266945,,,0.3028577317410051,0.010000000000001563,ekf3,,0.23611848402059982,1.0,,25/25/25 Hz,1.0,700,denied,7,18,0.2734473339054322,0.07958949905845661,0.07564131080302615,before_outage,0.2071784485068251
0.25914763552290415,1.0,,,original,nominal,40,1.0,,,0.6,0.0,,0.22952598311224265,,,0.35312051901034414,0.010000000000005116,ekf3,,0.23415404703664955,1.0,,25/25/25 Hz,1.0,1500,denied,7,25,0.11931010104779527,0.07194409997198783,0.046324300534384764,outage_window,0.15952012593869971
0.1861742919214003,1.0,,,original,nominal,60,1.0,,,0.6,0.0,,0.328408392263133,,,0.4791229701144245,0.010000000000005116,ekf3,,0.33479374352555613,1.0,,25/25/25 Hz,1.0,2000,denied,7,40,0.17354476171980104,0.062261137671745945,0.0650751764884276,after_return,0.12611030171352183
0.274556524485376,1.0,1.0,,original,nominal,60,1.0,1.0,,0.6,0.8029787234042554,,0.05433656220949898,1.0,,0.12318884232206917,0.010000000000005116,px4,,0.5516842127153931,1.0,,25/25/25 Hz,1.0,4700,transition,7,13,0.0258301274097255,0.019020746019682885,0.5490018292926322,flight,0.2508472056528222
0.1800050874395951,1.0,1.0,,original,nominal,25,1.0,1.0,,0.6,1.0,,0.041453827221538606,1.0,,0.07208876134770151,0.010000000000001563,px4,,0.5929783350925066,1.0,,25/25/25 Hz,1.0,700,transition,7,18,0.03917438063971518,0.01626467177568282,0.5915275869287652,before_outage,0.15121955773327814
0.31455439959218245,1.0,1.0,,original,nominal,40,1.0,1.0,,0.6,0.4686666666666667,,0.05629108666405008,1.0,,0.08593271994143688,0.010000000000005116,px4,,0.6066341616526962,1.0,,25/25/25 Hz,1.0,1500,transition,7,25,0.05060542959283755,0.016522711604197125,0.6040168206649961,outage_window,0.29465525822805533
0.23177347934924436,1.0,1.0,,original,nominal,60,1.0,1.0,,0.6,0.9355,,0.06186905665155189,1.0,,0.12318884232206917,0.010000000000005116,px4,,0.482258903320742,1.0,,25/25/25 Hz,1.0,2000,transition,7,40,0.0258301274097255,0.020650531318370635,0.4782738437978517,after_return,0.20795597313714745
0.5132692528337124,1.0,,,original,nominal,60,1.0,,,0.6,0.4208510638297872,,0.16886198336217817,,,0.35312051901034414,0.010000000000005116,ekf3,,0.17873576823208917,1.0,,25/25/25 Hz,1.0,4700,transition,7,13,0.026054679541288848,0.05977856244536632,0.05858417380578625,flight,0.4846631808130384
0.26447888676545267,1.0,,,original,nominal,25,1.0,,,0.6,0.0,,0.22367460874266945,,,0.3028577317410051,0.010000000000001563,ekf3,,0.23611848402059982,1.0,,25/25/25 Hz,1.0,700,transition,7,18,0.2734473339054322,0.07958949905845661,0.07564131080302615,before_outage,0.2071784485068251
0.25914763552290415,1.0,,,original,nominal,40,1.0,,,0.6,0.0,,0.22952598311224265,,,0.35312051901034414,0.010000000000005116,ekf3,,0.23415404703664955,1.0,,25/25/25 Hz,1.0,1500,transition,7,25,0.11931010104779527,0.07194409997198783,0.046324300534384764,outage_window,0.15952012593869971
0.7037397390650141,1.0,,,original,nominal,60,1.0,,,0.6,0.989,,0.07317113252796581,,,0.14804687969480554,0.010000000000005116,ekf3,,0.08937530735849322,1.0,,25/25/25 Hz,1.0,2000,transition,7,40,0.026054679541288848,0.033007937990477826,0.051321836775392204,after_return,0.6883471615186627
0.2180678205963675,1.0,1.0,,original,stress,60,1.0,1.0,,0.6,1.0,,0.04977049095092551,1.0,,0.12104856377468315,0.010000000000005116,px4,,0.6076027161730567,1.0,,25/25/25 Hz,1.0,4700,gps,7,13,0.028401197365762885,0.018062770891046732,0.6055608631107032,flight,0.194959341637424
0.17852646940545452,1.0,1.0,,original,stress,25,1.0,1.0,,0.6,1.0,,0.0414730181360671,1.0,,0.07207898823998476,0.010000000000001563,px4,,0.5987240207162603,1.0,,25/25/25 Hz,1.0,700,gps,7,18,0.03920810209242198,0.016262667266635146,0.5972858961580546,before_outage,0.15074111237770232
0.23292933041453984,1.0,1.0,,original,stress,40,1.0,1.0,,0.6,1.0,,0.04076947832377421,1.0,,0.07869711806119328,0.010000000000005116,px4,,0.6205269975072776,1.0,,25/25/25 Hz,1.0,1500,gps,7,25,0.008597303064493782,0.018664077192230826,0.619186243607369,outage_window,0.20911172456662186
0.15098444407955872,1.0,1.0,,original,stress,60,1.0,1.0,,0.6,1.0,,0.061936770729335226,1.0,,0.12104856377468315,0.010000000000005116,px4,,0.6066749840086484,1.0,,25/25/25 Hz,1.0,2000,gps,7,40,0.028401197365762885,0.016988939128547587,0.6035050725996557,after_return,0.13255741504391386
0.48899263236664314,1.0,,,original,stress,60,1.0,,,0.6,0.563404255319149,,0.13778748663529178,,,0.6958226330102175,0.010000000000005116,ekf3,,0.1531147717383735,1.0,,25/25/25 Hz,1.0,4700,gps,7,13,0.025018884719220525,0.05903818608048961,0.0667738111180088,flight,0.46453642631963765
0.17552029429061053,1.0,,,original,stress,25,1.0,,,0.6,0.0,,0.23960919538936654,,,0.3142798599051629,0.010000000000001563,ekf3,,0.2508755702409285,1.0,,25/25/25 Hz,1.0,700,gps,7,18,0.2567821444994197,0.07421267077791124,0.07433697080572646,before_outage,0.1015442318341459
0.38847031219453365,1.0,,,original,stress,40,1.0,,,0.6,0.432,,0.1525096501244627,,,0.6958226330102175,0.010000000000005116,ekf3,,0.16128649352757146,1.0,,25/25/25 Hz,1.0,1500,gps,7,25,0.014800987379935533,0.0739459067334918,0.05247989723059044,outage_window,0.333743093025958
0.6312189024893958,1.0,,,original,stress,60,1.0,,,0.6,1.0,,0.06058779464801486,,,0.11314977544715857,0.010000000000005116,ekf3,,0.08762708342921163,1.0,,25/25/25 Hz,1.0,2000,gps,7,40,0.025018884719220525,0.02610261729152899,0.06330580455218937,after_return,0.6205260541679785
0.3448138914732346,1.0,1.0,,original,stress,60,1.0,1.0,,0.6,0.0,,0.10970262669754025,1.0,,0.16669196906488737,0.010000000000005116,px4,,0.2590087426338321,1.0,,25/25/25 Hz,1.0,4700,denied,7,13,0.13575988269102704,0.017991577442699448,0.23462920205383386,flight,0.3254756031805739
0.416802522165492,1.0,1.0,,original,stress,25,1.0,1.0,,0.6,0.0,,0.06279852777390557,1.0,,0.09368813691639907,0.010000000000001563,px4,,0.23366432729917744,1.0,,25/25/25 Hz,1.0,700,denied,7,18,0.09364425316492303,0.025425505183009667,0.22506746268976138,before_outage,0.39790842642975716
0.27168070584028026,1.0,1.0,,original,stress,40,1.0,1.0,,0.6,0.0,,0.096578862977251,1.0,,0.12327419644927004,0.010000000000005116,px4,,0.2479884446302377,1.0,,25/25/25 Hz,1.0,1500,denied,7,25,0.10583503830597292,0.014805050912711741,0.22840926403310755,outage_window,0.24681239461966922
0.14529154760092244,1.0,1.0,,original,stress,60,1.0,1.0,,0.6,0.0,,0.13876167301014564,1.0,,0.16669196906488737,0.010000000000005116,px4,,0.2806640167255919,1.0,,25/25/25 Hz,1.0,2000,denied,7,40,0.13575988269102704,0.011886730993711035,0.2439620634196406,after_return,0.11983904527224812
0.2238260957129985,1.0,,,original,stress,60,1.0,,,0.6,0.0,,0.25865934396482054,,,0.4602298169935582,0.010000000000005116,ekf3,,0.2667881011717989,1.0,,25/25/25 Hz,1.0,4700,denied,7,13,0.2102127051983134,0.07023246533525755,0.06535468389138352,flight,0.15358075729402731
0.17552011246651675,1.0,,,original,stress,25,1.0,,,0.6,0.0,,0.23960919538936654,,,0.3142798599051629,0.010000000000001563,ekf3,,0.2508755702409285,1.0,,25/25/25 Hz,1.0,700,denied,7,18,0.2567821444994197,0.07421267077791124,0.07433697080572646,before_outage,0.10154343642839178
0.23895003224121672,1.0,,,original,stress,40,1.0,,,0.6,0.0,,0.2035342162390821,,,0.31248346656293563,0.010000000000005116,ekf3,,0.2082406312259708,1.0,,25/25/25 Hz,1.0,1500,denied,7,25,0.10225738952354024,0.07668208583524605,0.044022531882359224,outage_window,0.11218615766387872
0.15687451036557865,1.0,,,original,stress,60,1.0,,,0.6,0.0,,0.3203996179252199,,,0.4602298169935582,0.010000000000005116,ekf3,,0.32685626120915434,1.0,,25/25/25 Hz,1.0,2000,denied,7,40,0.2102127051983134,0.06142396452679314,0.06464596139744538,after_return,0.08640134095031897
0.2732937445398161,1.0,1.0,,original,stress,60,1.0,1.0,,0.6,0.8040425531914893,,0.054343192778556364,1.0,,0.12316335575095404,0.010000000000005116,px4,,0.5574493312355674,1.0,,25/25/25 Hz,1.0,4700,transition,7,13,0.0258301274097255,0.018969243536751473,0.5547941729088491,flight,0.2502267312352238
0.17852646940545452,1.0,1.0,,original,stress,25,1.0,1.0,,0.6,1.0,,0.0414730181360671,1.0,,0.07207898823998476,0.010000000000001563,px4,,0.5987240207162603,1.0,,25/25/25 Hz,1.0,700,transition,7,18,0.03920810209242198,0.016262667266635146,0.5972858961580546,before_outage,0.15074111237770232
0.3136729414354652,1.0,1.0,,original,stress,40,1.0,1.0,,0.6,0.472,,0.056246496155375,1.0,,0.08591252577635267,0.010000000000005116,px4,,0.6121773973807946,1.0,,25/25/25 Hz,1.0,1500,transition,7,25,0.050541262238349906,0.01649189938554931,0.6095879735806528,outage_window,0.29429950969677204
0.2312243024350496,1.0,1.0,,original,stress,60,1.0,1.0,,0.6,0.9355,,0.061877419532916644,1.0,,0.12316335575095404,0.010000000000005116,px4,,0.48832408691016493,1.0,,25/25/25 Hz,1.0,2000,transition,7,40,0.0258301274097255,0.02061028434557811,0.48438785988977234,after_return,0.20791378442324826
0.5029838757589677,1.0,,,original,stress,60,1.0,,,0.6,0.4208510638297872,,0.15970311776437768,,,0.3142798599051629,0.010000000000005116,ekf3,,0.17051820731508419,1.0,,25/25/25 Hz,1.0,4700,transition,7,13,0.02447146800443426,0.06149914964306463,0.059760967213452504,flight,0.47440550305145934
0.17552029429061053,1.0,,,original,stress,25,1.0,,,0.6,0.0,,0.23960919538936654,,,0.3142798599051629,0.010000000000001563,ekf3,,0.2508755702409285,1.0,,25/25/25 Hz,1.0,700,transition,7,18,0.2567821444994197,0.07421267077791124,0.07433697080572646,before_outage,0.1015442318341459
0.2389495097372485,1.0,,,original,stress,40,1.0,,,0.6,0.0,,0.20353429208976412,,,0.31248346656293563,0.010000000000005116,ekf3,,0.20824072644373567,1.0,,25/25/25 Hz,1.0,1500,transition,7,25,0.10225738952354024,0.07668208583524605,0.04402263160390726,outage_window,0.11218521555597316
0.7081046204456575,1.0,,,original,stress,60,1.0,,,0.6,0.989,,0.07325913988837579,,,0.15020342980081486,0.010000000000005116,ekf3,,0.08888937384291,1.0,,25/25/25 Hz,1.0,2000,transition,7,40,0.02447146800443426,0.03270071917566517,0.05034301545398327,after_return,0.693489749342586
0.31209412219541066,1.0,1.0,,original,zero,60,1.0,1.0,,0.6,1.0,,0.04851086618271557,1.0,,0.09706491990044733,0.010000000000005116,px4,,0.3780455330279731,1.0,,25/25/25 Hz,1.0,4700,gps,19,13,0.03535443929370382,0.019392699098841334,0.3749201527053553,flight,0.29695481665233986
0.4469972304453811,1.0,1.0,,original,zero,25,1.0,1.0,,0.6,1.0,,0.048644566209014556,1.0,,0.07248332423456756,0.010000000000001563,px4,,0.3630866983356322,1.0,,25/25/25 Hz,1.0,700,gps,19,18,0.018643828363277024,0.02538240911070576,0.35981336368540723,before_outage,0.4298262775311206
0.2943980745462188,1.0,1.0,,original,zero,40,1.0,1.0,,0.6,1.0,,0.04845099719767633,1.0,,0.0917303362452924,0.010000000000005116,px4,,0.37282331711713,1.0,,25/25/25 Hz,1.0,1500,gps,19,25,0.0320598106206671,0.020074794313677546,0.36966163806482655,outage_window,0.2779103906617664
0.1448073193499532,1.0,1.0,,original,zero,60,1.0,1.0,,0.6,1.0,,0.045539087749207015,1.0,,0.09026316672594277,0.010000000000005116,px4,,0.39065827866381747,1.0,,25/25/25 Hz,1.0,2000,gps,19,40,0.03535443929370382,0.01521548242862002,0.38799495122429994,after_return,0.12777276935690327
0.5594705066316172,1.0,,,original,zero,60,1.0,,,0.6,0.5642553191489361,,0.10737425687958767,,,0.22845119943789807,0.010000000000005116,ekf3,,0.12142180141817165,1.0,,25/25/25 Hz,1.0,4700,gps,19,13,0.051253937368518784,0.05180385407317136,0.05669235238716266,flight,0.5456073416921382
0.27476254202145084,1.0,,,original,zero,25,1.0,,,0.6,0.0,,0.20263319865021434,,,0.22845119943789807,0.010000000000001563,ekf3,,0.2108607633915669,1.0,,25/25/25 Hz,1.0,700,gps,19,18,0.16826805809863266,0.06954969146873133,0.058327080698909864,before_outage,0.2533868756748731
0.518911382938005,1.0,,,original,zero,40,1.0,,,0.6,0.43466666666666665,,0.10184297380712572,,,0.21219474240085043,0.010000000000005116,ekf3,,0.11315081941320132,1.0,,25/25/25 Hz,1.0,1500,gps,19,25,0.020201135944124725,0.05843255634688982,0.049306354762849794,outage_window,0.4970753106045091
0.6786496668829084,1.0,,,original,zero,60,1.0,,,0.6,1.0,,0.050192109314503616,,,0.10130766123937011,0.010000000000005116,ekf3,,0.07308917041832587,1.0,,25/25/25 Hz,1.0,2000,gps,19,40,0.051253937368518784,0.027026034565548418,0.05312983149794473,after_return,0.6691816520024367
0.2832554566936966,1.0,1.0,,original,zero,60,1.0,1.0,,0.6,0.0,,0.10637639675816711,1.0,,0.17094780562510406,0.010000000000005116,px4,,0.23057339620877018,1.0,,25/25/25 Hz,1.0,4700,denied,19,13,0.16593646393919537,0.016850715203833213,0.20456821173387507,flight,0.26914036536074465
0.4063853571457384,1.0,1.0,,original,zero,25,1.0,1.0,,0.6,0.0,,0.06619369808566526,1.0,,0.09616954603168519,0.010000000000001563,px4,,0.19353939229303677,1.0,,25/25/25 Hz,1.0,700,denied,19,18,0.060379953821468976,0.01884190936847347,0.1818677835761512,before_outage,0.3944974531462335
0.11076206844763739,1.0,1.0,,original,zero,40,1.0,1.0,,0.6,0.0,,0.07673065966722598,1.0,,0.10191536933318053,0.010000000000005116,px4,,0.22142541315340286,1.0,,25/25/25 Hz,1.0,1500,denied,19,25,0.09536867081982314,0.011341712620448172,0.20770560766909374,outage_window,0.04404771633571088
0.14651207570280356,1.0,1.0,,original,zero,60,1.0,1.0,,0.6,0.0,,0.1418177641506135,1.0,,0.17094780562510406,0.010000000000005116,px4,,0.25807263995928365,1.0,,25/25/25 Hz,1.0,2000,denied,19,40,0.16593646393919537,0.015601289589601027,0.215613564663439,after_return,0.1279574563334851
0.2709002771660899,1.0,,,original,zero,60,1.0,,,0.6,0.0,,0.19644494492348252,,,0.32955178780319744,0.010000000000005116,ekf3,,0.20885155607677652,1.0,,25/25/25 Hz,1.0,4700,denied,19,13,0.1296399709677481,0.06948312007119058,0.07091090247416712,flight,0.23546147884981025
0.29972817718999706,1.0,,,original,zero,25,1.0,,,0.6,0.0,,0.20324241743327418,,,0.2430760806203004,0.010000000000001563,ekf3,,0.2175181961547286,1.0,,25/25/25 Hz,1.0,700,denied,19,18,0.20038187746974748,0.07102842428169061,0.07750280907351496,before_outage,0.27983057359636776
0.33383436059111776,1.0,,,original,zero,40,1.0,,,0.6,0.0,,0.16344946030205473,,,0.24161100041059969,0.010000000000005116,ekf3,,0.17125925800678038,1.0,,25/25/25 Hz,1.0,1500,denied,19,25,0.04172021909418809,0.07345617300706227,0.05112736429740927,outage_window,0.28306327764918393
0.14833531350128668,1.0,,,original,zero,60,1.0,,,0.6,0.0,,0.23071475830932298,,,0.32955178780319744,0.010000000000005116,ekf3,,0.2405909346935776,1.0,,25/25/25 Hz,1.0,2000,denied,19,40,0.1296399709677481,0.06385439712187924,0.06822534833183337,after_return,0.10010889414701525
0.31651837925060716,1.0,1.0,,original,zero,60,1.0,1.0,,0.6,0.8004255319148936,,0.05309979787286149,1.0,,0.1251768562604563,0.010000000000005116,px4,,0.37513177321240915,1.0,,25/25/25 Hz,1.0,4700,transition,19,13,0.03620106027566875,0.01842045136268186,0.37135462665671426,flight,0.2985415950359185
0.4469972304453811,1.0,1.0,,original,zero,25,1.0,1.0,,0.6,1.0,,0.048644566209014556,1.0,,0.07248332423456756,0.010000000000001563,px4,,0.3630866983356322,1.0,,25/25/25 Hz,1.0,700,transition,19,18,0.018643828363277024,0.02538240911070576,0.35981336368540723,before_outage,0.4298262775311206
0.2831351699674257,1.0,1.0,,original,zero,40,1.0,1.0,,0.6,0.46066666666666667,,0.05129590527934324,1.0,,0.0817627389497715,0.010000000000005116,px4,,0.3771597864481786,1.0,,25/25/25 Hz,1.0,1500,transition,19,25,0.04857146844654956,0.015457025592594974,0.3736552349629379,outage_window,0.26321454960538376
0.17995380753804527,1.0,1.0,,original,zero,60,1.0,1.0,,0.6,0.9355,,0.0543759944065274,1.0,,0.1251768562604563,0.010000000000005116,px4,,0.3808115332891824,1.0,,25/25/25 Hz,1.0,2000,transition,19,40,0.03620106027566875,0.016376030902425513,0.37690937255308393,after_return,0.156558804074921
0.45448842171477016,1.0,,,original,zero,60,1.0,,,0.6,0.4238297872340426,,0.12286133711405746,,,0.26961216070713323,0.010000000000005116,ekf3,,0.1349303235245196,1.0,,25/25/25 Hz,1.0,4700,transition,19,13,0.05107892977979114,0.05585034042084505,0.05577888533287002,flight,0.4331183656873141
0.27476254202145084,1.0,,,original,zero,25,1.0,,,0.6,0.0,,0.20263319865021434,,,0.22845119943789807,0.010000000000001563,ekf3,,0.2108607633915669,1.0,,25/25/25 Hz,1.0,700,transition,19,18,0.16826805809863266,0.06954969146873133,0.058327080698909864,before_outage,0.2533868756748731
0.2993157849855381,1.0,,,original,zero,40,1.0,,,0.6,0.0,,0.14046486470577882,,,0.21509047271958662,0.010000000000005116,ekf3,,0.14737616278358165,1.0,,25/25/25 Hz,1.0,1500,transition,19,25,0.014035610348147298,0.0691900340233448,0.04460218761451057,outage_window,0.24532800340812644
0.5875142603070708,1.0,,,original,zero,60,1.0,,,0.6,0.996,,0.062288031637009494,,,0.26961216070713323,0.010000000000005116,ekf3,,0.08241639934025931,1.0,,25/25/25 Hz,1.0,2000,transition,19,40,0.05107892977979114,0.02691548913971261,0.05396910222525478,after_return,0.5738051551738633
0.31242596258127303,1.0,1.0,,original,nominal,60,1.0,1.0,,0.6,1.0,,0.04850106653650092,1.0,,0.09708654114294994,0.010000000000005116,px4,,0.37061813324418913,1.0,,25/25/25 Hz,1.0,4700,gps,19,13,0.03533623274403609,0.019443973201325904,0.3674308740895755,flight,0.29661316447712377
0.44757077556906455,1.0,1.0,,original,nominal,25,1.0,1.0,,0.6,1.0,,0.04854639482587702,1.0,,0.07229523189630628,0.010000000000001563,px4,,0.35546837177394097,1.0,,25/25/25 Hz,1.0,700,gps,19,18,0.018571113099416874,0.02545273776780867,0.3521377725848603,before_outage,0.42970088658686834
0.293972885559164,1.0,1.0,,original,nominal,40,1.0,1.0,,0.6,1.0,,0.048436636046014205,1.0,,0.0917303362452924,0.010000000000005116,px4,,0.36542850567019247,1.0,,25/25/25 Hz,1.0,1500,gps,19,25,0.032053660057032286,0.02008271009913643,0.36220420351632565,outage_window,0.2768041779186251
0.14606419819600255,1.0,1.0,,original,nominal,60,1.0,1.0,,0.6,1.0,,0.045510400814362174,1.0,,0.09026316672594277,0.010000000000005116,px4,,0.38328454371508075,1.0,,25/25/25 Hz,1.0,2000,gps,19,40,0.03533623274403609,0.01525639584019679,0.3805730480060218,after_return,0.1284348611652196
0.5695911642177167,1.0,,,original,nominal,60,1.0,,,0.6,0.5612765957446808,,0.11544744395838091,,,0.5354237438782973,0.010000000000005116,ekf3,,0.13034919711093196,1.0,,25/25/25 Hz,1.0,4700,gps,19,13,0.06610667102331545,0.05390984107572575,0.060521077906305426,flight,0.5439127369857716
0.27650039493545264,1.0,,,original,nominal,25,1.0,,,0.6,0.0,,0.2124083859594741,,,0.25749178843924836,0.010000000000001563,ekf3,,0.22855485746044876,1.0,,25/25/25 Hz,1.0,700,gps,19,18,0.21498227421219837,0.07745843735857179,0.08438009506309616,before_outage,0.20348185281145015
0.5336304744977013,1.0,,,original,nominal,40,1.0,,,0.6,0.42533333333333334,,0.12524422288703527,,,0.5354237438782973,0.010000000000005116,ekf3,,0.1376303391210578,1.0,,25/25/25 Hz,1.0,1500,gps,19,25,0.0226169881915566,0.06576158856656494,0.057061325606754004,outage_window,0.4954111643994096
0.7125300089223076,1.0,,,original,nominal,60,1.0,,,0.6,1.0,,0.04919393698649305,,,0.09784187936095133,0.010000000000005116,ekf3,,0.07358641067636774,1.0,,25/25/25 Hz,1.0,2000,gps,19,40,0.06610667102331545,0.029894985243881626,0.05472582936785883,after_return,0.6980441049290012
0.26697272929278915,1.0,1.0,,original,nominal,60,1.0,1.0,,0.6,0.0,,0.10683462663633927,1.0,,0.17252111600067194,0.010000000000005116,px4,,0.22737671557808442,1.0,,25/25/25 Hz,1.0,4700,denied,19,13,0.16729168076296458,0.016619364104108404,0.20071505508693435,flight,0.2512017841610544
0.37460275578695285,1.0,1.0,,original,nominal,25,1.0,1.0,,0.6,0.0,,0.06451600686403954,1.0,,0.09084632461070954,0.010000000000001563,px4,,0.1892766457373743,1.0,,25/25/25 Hz,1.0,700,denied,19,18,0.0617791588400019,0.018522923777912575,0.17794193850779164,before_outage,0.3610432220304622
0.1134413824132521,1.0,1.0,,original,nominal,40,1.0,1.0,,0.6,0.0,,0.07755875466158269,1.0,,0.10274418442402965,0.010000000000005116,px4,,0.2180834315741468,1.0,,25/25/25 Hz,1.0,1500,denied,19,25,0.09609177727587474,0.011454370965561532,0.2038259617970684,outage_window,0.04663250722194385
0.14833122328200535,1.0,1.0,,original,nominal,60,1.0,1.0,,0.6,0.0,,0.14286991817505432,1.0,,0.17252111600067194,0.010000000000005116,px4,,0.25548052126376697,1.0,,25/25/25 Hz,1.0,2000,denied,19,40,0.16729168076296458,0.01570954250750231,0.21179821346238822,after_return,0.12907624486447478
0.25669952796610734,1.0,,,original,nominal,60,1.0,,,0.6,0.0,,0.182069352526623,,,0.3256664515446185,0.010000000000005116,ekf3,,0.19432293456035885,1.0,,25/25/25 Hz,1.0,4700,denied,19,13,0.10650460310516972,0.06880533416696782,0.06791283948330958,flight,0.18514892326200522
0.27650039493545264,1.0,,,original,nominal,25,1.0,,,0.6,0.0,,0.2124083859594741,,,0.25749178843924836,0.010000000000001563,ekf3,,0.22855485746044876,1.0,,25/25/25 Hz,1.0,700,denied,19,18,0.21498227421219837,0.07745843735857179,0.08438009506309616,before_outage,0.20348185281145015
0.3304663593991931,1.0,,,original,nominal,40,1.0,,,0.6,0.0,,0.13738578455346992,,,0.21472640202783794,0.010000000000005116,ekf3,,0.14791009795606402,1.0,,25/25/25 Hz,1.0,1500,denied,19,25,0.04814336362466778,0.07288799223988059,0.054795467695786665,outage_window,0.2463151754119392
0.17831549383253056,1.0,,,original,nominal,60,1.0,,,0.6,0.0,,0.2158892334590687,,,0.3256664515446185,0.010000000000005116,ekf3,,0.22808802144905435,1.0,,25/25/25 Hz,1.0,2000,denied,19,40,0.10650460310516972,0.06669503457568932,0.0735933720181376,after_return,0.10567947592135103
0.3166331949130222,1.0,1.0,,original,nominal,60,1.0,1.0,,0.6,0.8029787234042554,,0.05309881666308844,1.0,,0.1252151450502914,0.010000000000005116,px4,,0.3678104366921245,1.0,,25/25/25 Hz,1.0,4700,transition,19,13,0.03618224332253462,0.0184664952749161,0.3639574604382098,flight,0.29791445260763894
0.44757077556906455,1.0,1.0,,original,nominal,25,1.0,1.0,,0.6,1.0,,0.04854639482587702,1.0,,0.07229523189630628,0.010000000000001563,px4,,0.35546837177394097,1.0,,25/25/25 Hz,1.0,700,transition,19,18,0.018571113099416874,0.02545273776780867,0.3521377725848603,before_outage,0.42970088658686834
0.28248044374277487,1.0,1.0,,original,nominal,40,1.0,1.0,,0.6,0.4686666666666667,,0.05129316486748698,1.0,,0.08171926459229818,0.010000000000005116,px4,,0.3697391293927414,1.0,,25/25/25 Hz,1.0,1500,transition,19,25,0.048761641177357866,0.01543956220017072,0.3661639455789977,outage_window,0.2617363187930426
0.18034105915147047,1.0,1.0,,original,nominal,60,1.0,1.0,,0.6,0.9355,,0.05436260987582524,1.0,,0.1252151450502914,0.010000000000005116,px4,,0.37370851247079745,1.0,,25/25/25 Hz,1.0,2000,transition,19,40,0.03618224332253462,0.01641267402516695,0.36973336195240075,after_return,0.15620366316020584
0.47733644459900404,1.0,,,original,nominal,60,1.0,,,0.6,0.4208510638297872,,0.12221113017865683,,,0.37806518712744225,0.010000000000005116,ekf3,,0.13621887410956376,1.0,,25/25/25 Hz,1.0,4700,transition,19,13,0.06582001916048974,0.05869974538642956,0.06016661303524222,flight,0.4413671902125908
0.27650039493545264,1.0,,,original,nominal,25,1.0,,,0.6,0.0,,0.2124083859594741,,,0.25749178843924836,0.010000000000001563,ekf3,,0.22855485746044876,1.0,,25/25/25 Hz,1.0,700,transition,19,18,0.21498227421219837,0.07745843735857179,0.08438009506309616,before_outage,0.20348185281145015
0.3304663593991931,1.0,,,original,nominal,40,1.0,,,0.6,0.0,,0.13738578455346992,,,0.21472640202783794,0.010000000000005116,ekf3,,0.14791009795606402,1.0,,25/25/25 Hz,1.0,1500,transition,19,25,0.04814336362466778,0.07288799223988059,0.054795467695786665,outage_window,0.2463151754119392
0.6421772998939383,1.0,,,original,nominal,60,1.0,,,0.6,0.989,,0.06169272621009973,,,0.37806518712744225,0.010000000000005116,ekf3,,0.08300882864029781,1.0,,25/25/25 Hz,1.0,2000,transition,19,40,0.06582001916048974,0.03768580593234984,0.05553803349957577,after_return,0.6232187438909739
0.3122174452132097,1.0,1.0,,original,stress,60,1.0,1.0,,0.6,1.0,,0.04850429590060742,1.0,,0.09699366520967063,0.010000000000005116,px4,,0.39953788741611784,1.0,,25/25/25 Hz,1.0,4700,gps,19,13,0.03535443929370382,0.019399945795729696,0.3965827237287584,flight,0.2969909150979085
0.44698608519523525,1.0,1.0,,original,stress,25,1.0,1.0,,0.6,1.0,,0.048619233600737596,1.0,,0.07245428228086806,0.010000000000001563,px4,,0.3846389566491263,1.0,,25/25/25 Hz,1.0,700,gps,19,18,0.018616530475126913,0.025410982592777586,0.38155379318807114,before_outage,0.42976903393107724
0.2943611191407656,1.0,1.0,,original,stress,40,1.0,1.0,,0.6,1.0,,0.048445679658208764,1.0,,0.09172779328097296,0.010000000000005116,px4,,0.3942967806497727,1.0,,25/25/25 Hz,1.0,1500,gps,19,25,0.0320598106206671,0.020070496324986063,0.3913092988330703,outage_window,0.27777860589442194
0.14506030462577613,1.0,1.0,,original,stress,60,1.0,1.0,,0.6,1.0,,0.04553240184249756,1.0,,0.09026316672594277,0.010000000000005116,px4,,0.4120953743032747,1.0,,25/25/25 Hz,1.0,2000,gps,19,40,0.03535443929370382,0.01522432339313372,0.4095722132965191,after_return,0.12785114827122132
0.5584000403468499,1.0,,,original,stress,60,1.0,,,0.6,0.563404255319149,,0.11283870261006809,,,0.48063846308841746,0.010000000000005116,ekf3,,0.12873174499346343,1.0,,25/25/25 Hz,1.0,4700,gps,19,13,0.06532154783306392,0.054831794337829295,0.06196199934103732,flight,0.5393784894124378
0.23119444259756178,1.0,,,original,stress,25,1.0,,,0.6,0.0,,0.1997949043219841,,,0.2436443272416052,0.010000000000001563,ekf3,,0.2191465910074205,1.0,,25/25/25 Hz,1.0,700,gps,19,18,0.09414634753916273,0.0734981591934485,0.09004012748293318,before_outage,0.17447071500112923
0.5234472796709161,1.0,,,original,stress,40,1.0,,,0.6,0.432,,0.1246687442327089,,,0.48063846308841746,0.010000000000005116,ekf3,,0.13637059432013654,1.0,,25/25/25 Hz,1.0,1500,gps,19,25,0.023603537276624727,0.0678008359007712,0.05526882671693571,outage_window,0.49447878334162465
0.7051296058632195,1.0,,,original,stress,60,1.0,,,0.6,1.0,,0.04982454187725528,,,0.09818650737730183,0.010000000000005116,ekf3,,0.07234814885868444,1.0,,25/25/25 Hz,1.0,2000,gps,19,40,0.06532154783306392,0.029580007711787308,0.0524573128362481,after_return,0.6940707758277078
0.28220846309064745,1.0,1.0,,original,stress,60,1.0,1.0,,0.6,0.0,,0.10684920203341275,1.0,,0.17173764820336443,0.010000000000005116,px4,,0.24109483935785112,1.0,,25/25/25 Hz,1.0,4700,denied,19,13,0.1666401353167313,0.01685776089453212,0.2161248934986689,flight,0.26799487532295785
0.4043484982295081,1.0,1.0,,original,stress,25,1.0,1.0,,0.6,0.0,,0.06645820869061897,1.0,,0.09595387617699674,0.010000000000001563,px4,,0.20449881304263848,1.0,,25/25/25 Hz,1.0,700,denied,19,18,0.060961749361367605,0.018875224037881336,0.19339873586319567,before_outage,0.3924064520979863
0.11085253177258074,1.0,1.0,,original,stress,40,1.0,1.0,,0.6,0.0,,0.07730122113389835,1.0,,0.10249215907772923,0.010000000000005116,px4,,0.2325088924156096,1.0,,25/25/25 Hz,1.0,1500,denied,19,25,0.0959283169399747,0.011332983442391191,0.21928270853749884,outage_window,0.044059658227362644
0.14658580671400256,1.0,1.0,,original,stress,60,1.0,1.0,,0.6,0.0,,0.14242107673510382,1.0,,0.17173764820336443,0.010000000000005116,px4,,0.26816393760763224,1.0,,25/25/25 Hz,1.0,2000,denied,19,40,0.1666401353167313,0.015618680780837729,0.22721825264455264,after_return,0.12783490718772314
0.2259998638534121,1.0,,,original,stress,60,1.0,,,0.6,0.0,,0.151558417766312,,,0.2436443272416052,0.010000000000005116,ekf3,,0.16658481073856932,1.0,,25/25/25 Hz,1.0,4700,denied,19,13,0.11717474397799249,0.0682542639747441,0.06914148662689433,flight,0.16717344625723854
0.23119444259756178,1.0,,,original,stress,25,1.0,,,0.6,0.0,,0.1997949043219841,,,0.2436443272416052,0.010000000000001563,ekf3,,0.2191465910074205,1.0,,25/25/25 Hz,1.0,700,denied,19,18,0.09414634753916273,0.0734981591934485,0.09004012748293318,before_outage,0.17447071500112923
0.3024713219390465,1.0,,,original,stress,40,1.0,,,0.6,0.0,,0.13942661872972645,,,0.196248093869007,0.010000000000005116,ekf3,,0.14945353968286548,1.0,,25/25/25 Hz,1.0,1500,denied,19,25,0.12735465724770723,0.07487417804885654,0.05381987098956419,outage_window,0.23266031131871082
0.14615885214364735,1.0,,,original,stress,60,1.0,,,0.6,0.0,,0.15367893837898267,,,0.220585705572992,0.010000000000005116,ekf3,,0.16940922479691345,1.0,,25/25/25 Hz,1.0,2000,denied,19,40,0.11717474397799249,0.06325001449010799,0.07129003678635606,after_return,0.08068408566713361
0.31660184460220414,1.0,1.0,,original,stress,60,1.0,1.0,,0.6,0.8042553191489362,,0.053106508057962944,1.0,,0.125239033191752,0.010000000000005116,px4,,0.3967934530560597,1.0,,25/25/25 Hz,1.0,4700,transition,19,13,0.03618224332253462,0.018432501605467604,0.3932235282762731,flight,0.29854822747416265
0.44698608519523525,1.0,1.0,,original,stress,25,1.0,1.0,,0.6,1.0,,0.048619233600737596,1.0,,0.07245428228086806,0.010000000000001563,px4,,0.3846389566491263,1.0,,25/25/25 Hz,1.0,700,transition,19,18,0.018616530475126913,0.025410982592777586,0.38155379318807114,before_outage,0.42976903393107724
0.2830692906155696,1.0,1.0,,original,stress,40,1.0,1.0,,0.6,0.4726666666666667,,0.051323866755114196,1.0,,0.0817627389497715,0.010000000000005116,px4,,0.3986321420316982,1.0,,25/25/25 Hz,1.0,1500,transition,19,25,0.04863230657415801,0.015449060580358977,0.3953143627065469,outage_window,0.2630440198508396
0.18003225793146918,1.0,1.0,,original,stress,60,1.0,1.0,,0.6,0.9355,,0.05437622709724314,1.0,,0.125239033191752,0.010000000000005116,px4,,0.4026269943528528,1.0,,25/25/25 Hz,1.0,2000,transition,19,40,0.03618224332253462,0.016397612595360277,0.39893824397803884,after_return,0.15653114505067997
0.4532472869920313,1.0,,,original,stress,60,1.0,,,0.6,0.4208510638297872,,0.12093683284579217,,,0.37806518712744225,0.010000000000005116,ekf3,,0.13595760971496834,1.0,,25/25/25 Hz,1.0,4700,transition,19,13,0.06512830093730403,0.059593126323875395,0.06211887072892248,flight,0.4251558511305042
0.23119444259756178,1.0,,,original,stress,25,1.0,,,0.6,0.0,,0.1997949043219841,,,0.2436443272416052,0.010000000000001563,ekf3,,0.2191465910074205,1.0,,25/25/25 Hz,1.0,700,transition,19,18,0.09414634753916273,0.0734981591934485,0.09004012748293318,before_outage,0.17447071500112923
0.3024713219390465,1.0,,,original,stress,40,1.0,,,0.6,0.0,,0.13942661872972645,,,0.196248093869007,0.010000000000005116,ekf3,,0.14945353968286548,1.0,,25/25/25 Hz,1.0,1500,transition,19,25,0.12735465724770723,0.07487417804885654,0.05381987098956419,outage_window,0.23266031131871082
0.6197594268053186,1.0,,,original,stress,60,1.0,,,0.6,0.989,,0.06331082393404375,,,0.37806518712744225,0.010000000000005116,ekf3,,0.08321250358093721,1.0,,25/25/25 Hz,1.0,2000,transition,19,40,0.06512830093730403,0.037395190809103654,0.05400055856192601,after_return,0.6046607997297726
0.3145767488188996,1.0,1.0,,original,zero,60,1.0,1.0,,0.6,1.0,,0.055806382771015364,1.0,,0.13603083249392953,0.010000000000005116,px4,,0.5150070721517005,1.0,,25/25/25 Hz,1.0,4700,gps,41,13,0.022909174709280264,0.02267795793846603,0.511974542343935,flight,0.3031914279664877
0.2535333165148248,1.0,1.0,,original,zero,25,1.0,1.0,,0.6,1.0,,0.04761290879970381,1.0,,0.08178245469542994,0.010000000000001563,px4,,0.491228424215846,1.0,,25/25/25 Hz,1.0,700,gps,41,18,0.022042175340805163,0.02067469944382588,0.4889155097490918,before_outage,0.24023872818828138
0.33900863520328467,1.0,1.0,,original,zero,40,1.0,1.0,,0.6,1.0,,0.06397934482529102,1.0,,0.13603083249392953,0.010000000000005116,px4,,0.5404208454621293,1.0,,25/25/25 Hz,1.0,1500,gps,41,25,0.02798232641421885,0.02590666606974614,0.5366202881421175,outage_window,0.3287529101549263
0.1868000010150488,1.0,1.0,,original,zero,60,1.0,1.0,,0.6,1.0,,0.05463494679871891,1.0,,0.10666239418895573,0.010000000000005116,px4,,0.5135334790408893,1.0,,25/25/25 Hz,1.0,2000,gps,41,40,0.022909174709280264,0.0209136422047135,0.5106188957374577,after_return,0.1723226877242829
0.4261026552957245,1.0,,,original,zero,60,1.0,,,0.6,0.5642553191489361,,0.11216115457113551,,,0.4180375241003359,0.010000000000005116,ekf3,,0.12460455195635226,1.0,,25/25/25 Hz,1.0,4700,gps,41,13,0.01576249528223449,0.05250218738823228,0.05427863091045255,flight,0.3954336633096841
0.32861512465588,1.0,,,original,zero,25,1.0,,,0.6,0.0,,0.18253663622163727,,,0.24170967631224355,0.010000000000001563,ekf3,,0.18601698288127672,1.0,,25/25/25 Hz,1.0,700,gps,41,18,0.19870352542569755,0.078304809653097,0.03581472263110321,before_outage,0.2828710444120228
0.40806674887581956,1.0,,,original,zero,40,1.0,,,0.6,0.43466666666666665,,0.12306077943805832,,,0.4180375241003359,0.010000000000005116,ekf3,,0.14068054761018822,1.0,,25/25/25 Hz,1.0,1500,gps,41,25,0.028428172956506223,0.0595720249897942,0.06816935557858823,outage_window,0.3579708630503236
0.4712976941636915,1.0,,,original,zero,60,1.0,,,0.6,1.0,,0.05508468303041651,,,0.1101898559922402,0.010000000000005116,ekf3,,0.07718090991016792,1.0,,25/25/25 Hz,1.0,2000,gps,41,40,0.01576249528223449,0.030924778013906414,0.05406080419305655,after_return,0.4553353431588013
0.3814863865703827,1.0,1.0,,original,zero,60,1.0,1.0,,0.6,0.0,,0.08554380871418812,1.0,,0.16505324550512088,0.010000000000005116,px4,,0.27104450393257,1.0,,25/25/25 Hz,1.0,4700,denied,41,13,0.15021394950789188,0.02031826352345501,0.25719132936925254,flight,0.37150521441426954
0.5525631306514781,1.0,1.0,,original,zero,25,1.0,1.0,,0.6,0.0,,0.053838280786184675,1.0,,0.07531364004860744,0.010000000000001563,px4,,0.2418039606671212,1.0,,25/25/25 Hz,1.0,700,denied,41,18,0.07531364004860744,0.028279554975555933,0.23573416153857427,before_outage,0.5451027195577187
0.2837868091787217,1.0,1.0,,original,zero,40,1.0,1.0,,0.6,0.0,,0.056314889100356404,1.0,,0.07668815355137412,0.010000000000005116,px4,,0.27512250755953027,1.0,,25/25/25 Hz,1.0,1500,denied,41,25,0.028785774249815498,0.017033770272981492,0.26929728448586027,outage_window,0.2701520338152423
0.20359532280759832,1.0,1.0,,original,zero,60,1.0,1.0,,0.6,0.0,,0.11496854210084634,1.0,,0.16505324550512088,0.010000000000005116,px4,,0.2873971276351772,1.0,,25/25/25 Hz,1.0,2000,denied,41,40,0.15021394950789188,0.01530217072605104,0.26339958864841884,after_return,0.1948366931322524
0.2696976971939186,1.0,,,original,zero,60,1.0,,,0.6,0.0,,0.20963327790381395,,,0.3768643675538402,0.010000000000005116,ekf3,,0.2178020900790439,1.0,,25/25/25 Hz,1.0,4700,denied,41,13,0.24207680443402813,0.07002897893435363,0.059090094246855455,flight,0.20746395869855136
0.3442605888084601,1.0,,,original,zero,25,1.0,,,0.6,0.0,,0.1943644158768476,,,0.24025745768649778,0.010000000000001563,ekf3,,0.20130937875179558,1.0,,25/25/25 Hz,1.0,700,denied,41,18,0.2391817046859914,0.08003765921062399,0.05242079562812561,before_outage,0.3086445574369327
0.2858200444280903,1.0,,,original,zero,40,1.0,,,0.6,0.0,,0.17739257682140794,,,0.23993156737185392,0.010000000000005116,ekf3,,0.19245133697813702,1.0,,25/25/25 Hz,1.0,1500,denied,41,25,0.10155727960869682,0.07306516891610357,0.07462835113636997,outage_window,0.17839271674865176
0.16865668664108296,1.0,,,original,zero,60,1.0,,,0.6,0.0,,0.25058585027854124,,,0.3768643675538402,0.010000000000005116,ekf3,,0.25568525273237697,1.0,,25/25/25 Hz,1.0,2000,denied,41,40,0.24207680443402813,0.06731209843972394,0.0508102362226353,after_return,0.10015360890913831
0.3037465951620552,1.0,1.0,,original,zero,60,1.0,1.0,,0.6,0.8004255319148936,,0.04511230337094195,1.0,,0.11018910182677759,0.010000000000005116,px4,,0.4859810520429005,1.0,,25/25/25 Hz,1.0,4700,transition,41,13,0.0208330948173148,0.02017726935925597,0.4838826955257777,flight,0.29030378838106
0.2535333165148248,1.0,1.0,,original,zero,25,1.0,1.0,,0.6,1.0,,0.04761290879970381,1.0,,0.08178245469542994,0.010000000000001563,px4,,0.491228424215846,1.0,,25/25/25 Hz,1.0,700,transition,41,18,0.022042175340805163,0.02067469944382588,0.4889155097490918,before_outage,0.24023872818828138
0.24890820715564604,1.0,1.0,,original,zero,40,1.0,1.0,,0.6,0.46066666666666667,,0.03788234435698806,1.0,,0.06319774493081914,0.010000000000005116,px4,,0.5311773286903408,1.0,,25/25/25 Hz,1.0,1500,transition,41,25,0.03156040649871703,0.01741342830295512,0.5298247658430333,outage_window,0.23292075685215471
0.24266447660372398,1.0,1.0,,original,zero,60,1.0,1.0,,0.6,0.9355,,0.04942160038300989,1.0,,0.11018910182677759,0.010000000000005116,px4,,0.45040769035037764,1.0,,25/25/25 Hz,1.0,2000,transition,41,40,0.0208330948173148,0.021482144199763326,0.44768805316017063,after_return,0.2282330786351378
0.3980827965169758,1.0,,,original,zero,60,1.0,,,0.6,0.4238297872340426,,0.12759574117138223,,,0.39017780107905403,0.010000000000005116,ekf3,,0.13622334053558005,1.0,,25/25/25 Hz,1.0,4700,transition,41,13,0.015836706612755064,0.05548289432476866,0.047708755397707046,flight,0.35964938275710784
0.32861512465588,1.0,,,original,zero,25,1.0,,,0.6,0.0,,0.18253663622163727,,,0.24170967631224355,0.010000000000001563,ekf3,,0.18601698288127672,1.0,,25/25/25 Hz,1.0,700,transition,41,18,0.19870352542569755,0.078304809653097,0.03581472263110321,before_outage,0.2828710444120228
0.3014064810409492,1.0,,,original,zero,40,1.0,,,0.6,0.0,,0.15053196768621663,,,0.19905158084741903,0.010000000000005116,ekf3,,0.16459127982819796,1.0,,25/25/25 Hz,1.0,1500,transition,41,25,0.09414836699822811,0.06782454007582164,0.06656137092939117,outage_window,0.20796503892437643
0.4739262644592758,1.0,,,original,zero,60,1.0,,,0.6,0.996,,0.07806198210514553,,,0.39017780107905403,0.010000000000005116,ekf3,,0.08720162206165698,1.0,,25/25/25 Hz,1.0,2000,transition,41,40,0.015836706612755064,0.030401221386987958,0.038864506172084576,after_return,0.4555252928158303
0.3192404210627522,1.0,1.0,,original,nominal,60,1.0,1.0,,0.6,1.0,,0.0559563695682122,1.0,,0.13593680317770132,0.010000000000005116,px4,,0.5815664269319287,1.0,,25/25/25 Hz,1.0,4700,gps,41,13,0.022811844884715854,0.02266852232540909,0.5788682005768809,flight,0.31065760573912754
0.2570896773124769,1.0,1.0,,original,nominal,25,1.0,1.0,,0.6,1.0,,0.04864945673747649,1.0,,0.08330802067403813,0.010000000000001563,px4,,0.558388295213134,1.0,,25/25/25 Hz,1.0,700,gps,41,18,0.021682090832177443,0.02048497218227122,0.5562649715649715,before_outage,0.2476475067035532
0.34060668530554855,1.0,1.0,,original,nominal,40,1.0,1.0,,0.6,1.0,,0.06400357320235679,1.0,,0.13593680317770132,0.010000000000005116,px4,,0.606836529397936,1.0,,25/25/25 Hz,1.0,1500,gps,41,25,0.027704866804622624,0.025857212983944947,0.6034518340589101,outage_window,0.3330352576807415
0.1870738372864522,1.0,1.0,,original,nominal,60,1.0,1.0,,0.6,1.0,,0.054670139255694236,1.0,,0.10730199045629367,0.010000000000005116,px4,,0.5796613827257951,1.0,,25/25/25 Hz,1.0,2000,gps,41,40,0.022811844884715854,0.02092776456042735,0.5770775463465406,after_return,0.17563786134947654
0.39468311816332624,1.0,,,original,nominal,60,1.0,,,0.6,0.5612765957446808,,0.13061158026681952,,,0.7355321971593333,0.010000000000005116,ekf3,,0.1447848622834252,1.0,,25/25/25 Hz,1.0,4700,gps,41,13,0.01769850337984753,0.05464321122299384,0.06247616702899234,flight,0.3505244838526912
0.3254547169216074,1.0,,,original,nominal,25,1.0,,,0.6,0.0,,0.21933922417657248,,,0.25959022559938655,0.010000000000001563,ekf3,,0.2345019632073365,1.0,,25/25/25 Hz,1.0,700,gps,41,18,0.2044719709870986,0.07840505056688012,0.0829546592164315,before_outage,0.2259414535829246
0.3750805488811306,1.0,,,original,nominal,40,1.0,,,0.6,0.42533333333333334,,0.15239286017716974,,,0.7355321971593333,0.010000000000005116,ekf3,,0.16172566194942103,1.0,,25/25/25 Hz,1.0,1500,gps,41,25,0.019531216401059873,0.06221305531336247,0.05414430625652156,outage_window,0.309599929395162
0.443767379811158,1.0,,,original,nominal,60,1.0,,,0.6,1.0,,0.05851025589813473,,,0.11586833123128283,0.010000000000005116,ekf3,,0.08421603285755754,1.0,,25/25/25 Hz,1.0,2000,gps,41,40,0.01769850337984753,0.03309260497113427,0.06057136406751956,after_return,0.4235564154125115
0.4258313925251007,1.0,1.0,,original,nominal,60,1.0,1.0,,0.6,0.0,,0.09142816694026504,1.0,,0.17185854216486915,0.010000000000005116,px4,,0.30613343537522714,1.0,,25/25/25 Hz,1.0,4700,denied,41,13,0.1567253374247387,0.021563784618044677,0.29216189098611306,flight,0.41778918729397474
0.6241324936342679,1.0,1.0,,original,nominal,25,1.0,1.0,,0.6,0.0,,0.05639080157306756,1.0,,0.08500760225056728,0.010000000000001563,px4,,0.2767596694804664,1.0,,25/25/25 Hz,1.0,700,denied,41,18,0.08500760225056728,0.03117581138304485,0.2709538561247725,before_outage,0.6184413814465681
0.3121293511022899,1.0,1.0,,original,nominal,40,1.0,1.0,,0.6,0.0,,0.06305349032017907,1.0,,0.08631749844072488,0.010000000000005116,px4,,0.31084517755728397,1.0,,25/25/25 Hz,1.0,1500,denied,41,25,0.03606385869655828,0.017594314296242673,0.3043829524941607,outage_window,0.3014280303575298
0.20409027252612752,1.0,1.0,,original,nominal,60,1.0,1.0,,0.6,0.0,,0.12115123545260399,1.0,,0.17185854216486915,0.010000000000005116,px4,,0.32195896314649197,1.0,,25/25/25 Hz,1.0,2000,denied,41,40,0.1567253374247387,0.015222737317935737,0.2982950755521651,after_return,0.19684422833212234
0.2644956725387384,1.0,,,original,nominal,60,1.0,,,0.6,0.0,,0.19174339717548147,,,0.35729990523683564,0.010000000000005116,ekf3,,0.20064207674948978,1.0,,25/25/25 Hz,1.0,4700,denied,41,13,0.10732826093344916,0.06865110603061637,0.05909071502320563,flight,0.17468421722064303
0.3254547169216074,1.0,,,original,nominal,25,1.0,,,0.6,0.0,,0.21933922417657248,,,0.25959022559938655,0.010000000000001563,ekf3,,0.2345019632073365,1.0,,25/25/25 Hz,1.0,700,denied,41,18,0.2044719709870986,0.07840505056688012,0.0829546592164315,before_outage,0.2259414535829246
0.29453654160786474,1.0,,,original,nominal,40,1.0,,,0.6,0.0,,0.14558056425332194,,,0.22758715681002684,0.010000000000005116,ekf3,,0.1551594408610562,1.0,,25/25/25 Hz,1.0,1500,denied,41,25,0.06942829610405919,0.07133951229345739,0.053672631759584886,outage_window,0.1713717531812548
0.18897151440532375,1.0,,,original,nominal,60,1.0,,,0.6,0.0,,0.22639634324822702,,,0.35729990523683564,0.010000000000005116,ekf3,,0.23236861227620442,1.0,,25/25/25 Hz,1.0,2000,denied,41,40,0.10732826093344916,0.06511255388815196,0.05234374590149237,after_return,0.11060626802543481
0.3103819657707358,1.0,1.0,,original,nominal,60,1.0,1.0,,0.6,0.8029787234042554,,0.045570660451835936,1.0,,0.11093844069310799,0.010000000000005116,px4,,0.5528718716342597,1.0,,25/25/25 Hz,1.0,4700,transition,41,13,0.020723609219504665,0.02024292458289931,0.5509905819071255,flight,0.29998811531869235
0.2570896773124769,1.0,1.0,,original,nominal,25,1.0,1.0,,0.6,1.0,,0.04864945673747649,1.0,,0.08330802067403813,0.010000000000001563,px4,,0.558388295213134,1.0,,25/25/25 Hz,1.0,700,transition,41,18,0.021682090832177443,0.02048497218227122,0.5562649715649715,before_outage,0.2476475067035532
0.25401085124509093,1.0,1.0,,original,nominal,40,1.0,1.0,,0.6,0.4686666666666667,,0.03866633433964603,1.0,,0.06394895964426303,0.010000000000005116,px4,,0.5981150992831866,1.0,,25/25/25 Hz,1.0,1500,transition,41,25,0.03428457115977669,0.01751425300359555,0.5968639598595905,outage_window,0.241830788687057
0.24598392141288578,1.0,1.0,,original,nominal,60,1.0,1.0,,0.6,0.9355,,0.04961796178684931,1.0,,0.11093844069310799,0.010000000000005116,px4,,0.5170989449205781,1.0,,25/25/25 Hz,1.0,2000,transition,41,40,0.020723609219504665,0.021558159654867824,0.5147129070715963,after_return,0.23422322224413172
0.3747335713168283,1.0,,,original,nominal,60,1.0,,,0.6,0.4208510638297872,,0.1378082095452369,,,0.6854418769200508,0.010000000000005116,ekf3,,0.14892100180117118,1.0,,25/25/25 Hz,1.0,4700,transition,41,13,0.018097985997079156,0.06033900462359984,0.05644787116801224,flight,0.320433851345376
0.3254547169216074,1.0,,,original,nominal,25,1.0,,,0.6,0.0,,0.21933922417657248,,,0.25959022559938655,0.010000000000001563,ekf3,,0.2345019632073365,1.0,,25/25/25 Hz,1.0,700,transition,41,18,0.2044719709870986,0.07840505056688012,0.0829546592164315,before_outage,0.2259414535829246
0.29453654160786474,1.0,,,original,nominal,40,1.0,,,0.6,0.0,,0.14558056425332194,,,0.22758715681002684,0.010000000000005116,ekf3,,0.1551594408610562,1.0,,25/25/25 Hz,1.0,1500,transition,41,25,0.06942829610405919,0.07133951229345739,0.053672631759584886,outage_window,0.1713717531812548
0.44867400376552025,1.0,,,original,nominal,60,1.0,,,0.6,0.989,,0.09739301331046449,,,0.6854418769200508,0.010000000000005116,ekf3,,0.10727391685163878,1.0,,25/25/25 Hz,1.0,2000,transition,41,40,0.018097985997079156,0.04147317573114202,0.0449699254502384,after_return,0.4264005725609575
0.31461654804011707,1.0,1.0,,original,stress,60,1.0,1.0,,0.6,1.0,,0.055772638014174876,1.0,,0.13605524519416887,0.010000000000005116,px4,,0.5289907540875409,1.0,,25/25/25 Hz,1.0,4700,gps,41,13,0.022923571441396857,0.022698602575701218,0.5260424229651492,flight,0.3023263679737571
0.25409330694622123,1.0,1.0,,original,stress,25,1.0,1.0,,0.6,1.0,,0.047383673364947344,1.0,,0.08148153701832914,0.010000000000001563,px4,,0.5051473771904191,1.0,,25/25/25 Hz,1.0,700,gps,41,18,0.022042175340805163,0.020740075268870655,0.5029201330040423,before_outage,0.2393900400888946
0.3384103347121444,1.0,1.0,,original,stress,40,1.0,1.0,,0.6,1.0,,0.06397661542761676,1.0,,0.13605524519416887,0.010000000000005116,px4,,0.5543803704995506,1.0,,25/25/25 Hz,1.0,1500,gps,41,25,0.028040188927156127,0.02592840050975863,0.5506764820415394,outage_window,0.3273311591710828
0.18676060867545932,1.0,1.0,,original,stress,60,1.0,1.0,,0.6,1.0,,0.05462437653456121,1.0,,0.10647227319959102,0.010000000000005116,px4,,0.5275374894436492,1.0,,25/25/25 Hz,1.0,2000,gps,41,40,0.022923571441396857,0.02092428496289893,0.5247018012707014,after_return,0.17138615884240765
0.39147896355346756,1.0,,,original,stress,60,1.0,,,0.6,0.563404255319149,,0.12034020321342138,,,0.5235863175110117,0.010000000000005116,ekf3,,0.13549725617942865,1.0,,25/25/25 Hz,1.0,4700,gps,41,13,0.020043142138958248,0.057440135027433316,0.062271517748535364,flight,0.35679274429261687
0.21499299269627142,1.0,,,original,stress,25,1.0,,,0.6,0.0,,0.21486174840963382,,,0.2323106046812185,0.010000000000001563,ekf3,,0.22716916217640654,1.0,,25/25/25 Hz,1.0,700,gps,41,18,0.19481692730872477,0.07990735081794113,0.07375809999102279,before_outage,0.12355485759525835
0.3546088004786587,1.0,,,original,stress,40,1.0,,,0.6,0.432,,0.13043754865868773,,,0.5235863175110117,0.010000000000005116,ekf3,,0.14209007673568974,1.0,,25/25/25 Hz,1.0,1500,gps,41,25,0.018231855701355,0.06897541943837084,0.05635277993734353,outage_window,0.29358551872927574
0.4873444266345146,1.0,,,original,stress,60,1.0,,,0.6,1.0,,0.058958204924193486,,,0.1184108712468174,0.010000000000005116,ekf3,,0.08605888032552593,1.0,,25/25/25 Hz,1.0,2000,gps,41,40,0.020043142138958248,0.03453697741576685,0.062690198237045,after_return,0.4716512936928115
0.386701680578481,1.0,1.0,,original,stress,60,1.0,1.0,,0.6,0.0,,0.08606141370945708,1.0,,0.16573350259790184,0.010000000000005116,px4,,0.2794859220250632,1.0,,25/25/25 Hz,1.0,4700,denied,41,13,0.15084156191993045,0.020520973725041778,0.265905648079407,flight,0.37603253453861346
0.5618696585502467,1.0,1.0,,original,stress,25,1.0,1.0,,0.6,0.0,,0.05408894502547514,1.0,,0.07590665782927869,0.010000000000001563,px4,,0.25033731312559476,1.0,,25/25/25 Hz,1.0,700,denied,41,18,0.07590665782927869,0.028638056251430455,0.24442413213300604,before_outage,0.5537865796441349
0.28689430422682827,1.0,1.0,,original,stress,40,1.0,1.0,,0.6,0.0,,0.05675902831202091,1.0,,0.07733134096005585,0.010000000000005116,px4,,0.2837599877881097,1.0,,25/25/25 Hz,1.0,1500,denied,41,25,0.029449844713017904,0.017144097389184723,0.2780254365603682,outage_window,0.2724022210391415
0.2041823416138169,1.0,1.0,,original,stress,60,1.0,1.0,,0.6,0.0,,0.11553387396837589,1.0,,0.16573350259790184,0.010000000000005116,px4,,0.29567103164679165,1.0,,25/25/25 Hz,1.0,2000,denied,41,40,0.15084156191993045,0.01540107646005523,0.272164073530908,after_return,0.1947050684902435
0.21340558897360098,1.0,,,original,stress,60,1.0,,,0.6,0.0,,0.17346500886349722,,,0.31831140004119857,0.010000000000005116,ekf3,,0.1828211665004675,1.0,,25/25/25 Hz,1.0,4700,denied,41,13,0.08221214012360026,0.0695028868869504,0.05773620718906374,flight,0.12061164950188238
0.21499299269627142,1.0,,,original,stress,25,1.0,,,0.6,0.0,,0.21486174840963382,,,0.2323106046812185,0.010000000000001563,ekf3,,0.22716916217640654,1.0,,25/25/25 Hz,1.0,700,denied,41,18,0.19481692730872477,0.07990735081794113,0.07375809999102279,before_outage,0.12355485759525835
0.24739989948632243,1.0,,,original,stress,40,1.0,,,0.6,0.0,,0.12945233474126216,,,0.19495710647539521,0.010000000000005116,ekf3,,0.13983016685714542,1.0,,25/25/25 Hz,1.0,1500,denied,41,25,0.11195446646039174,0.07131837891499579,0.052863679339725626,outage_window,0.10968531343812363
0.18105965807066726,1.0,,,original,stress,60,1.0,,,0.6,0.0,,0.20086740784235055,,,0.31831140004119857,0.010000000000005116,ekf3,,0.20804936190314355,1.0,,25/25/25 Hz,1.0,2000,denied,41,40,0.08221214012360026,0.06741504953512198,0.05419244832077621,after_return,0.11447483285271007
0.30352835960659047,1.0,1.0,,original,stress,60,1.0,1.0,,0.6,0.8042553191489362,,0.04504616647134543,1.0,,0.110053067052872,0.010000000000005116,px4,,0.5004196520056615,1.0,,25/25/25 Hz,1.0,4700,transition,41,13,0.020938183148123325,0.02016851757151021,0.4983880726900507,flight,0.2890993115856395
0.25409330694622123,1.0,1.0,,original,stress,25,1.0,1.0,,0.6,1.0,,0.047383673364947344,1.0,,0.08148153701832914,0.010000000000001563,px4,,0.5051473771904191,1.0,,25/25/25 Hz,1.0,700,transition,41,18,0.022042175340805163,0.020740075268870655,0.5029201330040423,before_outage,0.2393900400888946
0.24793161703861763,1.0,1.0,,original,stress,40,1.0,1.0,,0.6,0.4726666666666667,,0.037809166422771864,1.0,,0.06316131814130375,0.010000000000005116,px4,,0.5451780308632194,1.0,,25/25/25 Hz,1.0,1500,transition,41,25,0.031110149720826787,0.01743054446214097,0.5438653806506831,outage_window,0.2306866121990957
0.24199374771165513,1.0,1.0,,original,stress,60,1.0,1.0,,0.6,0.9355,,0.049397040560494196,1.0,,0.110053067052872,0.010000000000005116,px4,,0.4655834180261371,1.0,,25/25/25 Hz,1.0,2000,transition,41,40,0.020938183148123325,0.0214311509211415,0.4629555610690573,after_return,0.22679642318542223
0.36030678143982,1.0,,,original,stress,60,1.0,,,0.6,0.4208510638297872,,0.1304941387410028,,,0.6854418769200508,0.010000000000005116,ekf3,,0.14149937279146202,1.0,,25/25/25 Hz,1.0,4700,transition,41,13,0.020340663785886923,0.06049771222463573,0.05471153675981922,flight,0.31591128826700005
0.21499299269627142,1.0,,,original,stress,25,1.0,,,0.6,0.0,,0.21486174840963382,,,0.2323106046812185,0.010000000000001563,ekf3,,0.22716916217640654,1.0,,25/25/25 Hz,1.0,700,transition,41,18,0.19481692730872477,0.07990735081794113,0.07375809999102279,before_outage,0.12355485759525835
0.24739989948632243,1.0,,,original,stress,40,1.0,,,0.6,0.0,,0.12945233474126216,,,0.19495710647539521,0.010000000000005116,ekf3,,0.13983016685714542,1.0,,25/25/25 Hz,1.0,1500,transition,41,25,0.11195446646039174,0.07131837891499579,0.052863679339725626,outage_window,0.10968531343812363
0.48045636996984,1.0,,,original,stress,60,1.0,,,0.6,0.989,,0.09825197838110465,,,0.6854418769200508,0.010000000000005116,ekf3,,0.10858635688152106,1.0,,25/25/25 Hz,1.0,2000,transition,41,40,0.020340663785886923,0.042352040871607356,0.04623359865941651,after_return,0.4620048719388033
0.3967764636813661,1.0,,49.8936170212766,held-out,zero,60,1.0,,99.87234042553192,0.85,,10.0,0.030532828755532728,,50.0,0.06147024099647877,0.010000000000005116,retrodiction,0,0.0669435290295965,1.0,1.0,100/50/50 Hz,1.0,4700,gps,101,13,0.0459033024949634,0.043399515736980004,0.05957501529266897,flight,0.3030452655097759
0.4003006703176593,1.0,,49.857142857142854,held-out,zero,25,1.0,,100.0,0.85,,10.0,0.034400757247946515,,50.0,0.04883791225423163,0.010000000000001563,retrodiction,0,0.055528948317917166,1.0,1.0,100/50/50 Hz,1.0,700,gps,101,18,0.03788041500777335,0.043725088359193726,0.04358958593588348,before_outage,0.23430825734363436
0.3023164424006743,1.0,,49.93333333333333,held-out,zero,40,1.0,,100.0,0.85,,10.0,0.0279983913015285,,50.0,0.044851180190732275,0.010000000000005116,retrodiction,0,0.06842165556145555,1.0,1.0,100/50/50 Hz,1.0,1500,gps,101,25,0.03034210140059597,0.042732987851250154,0.06243086603833838,outage_window,0.2211556164036916
0.3455263219127247,1.0,,49.95,held-out,zero,60,1.0,,100.0,0.85,,10.0,0.03236536947690574,,50.0,0.06147024099647877,0.010000000000005116,retrodiction,0,0.07253038409001535,1.0,1.0,100/50/50 Hz,1.0,2000,gps,101,40,0.0459033024949634,0.043264271476572136,0.06490870107210996,after_return,0.2618834313417593
0.8644984137582399,1.0,,49.8936170212766,held-out,zero,60,1.0,,99.85106382978724,0.85,,10.0,0.032057930534676794,,50.0,0.07654194019306117,0.010000000000005116,horizon,0,0.09786799897214755,1.0,1.0,100/50/50 Hz,1.0,4700,gps,101,13,0.034563751353400084,0.04833273092770951,0.09246855850853367,flight,0.4361059741674391
1.0526456713366905,1.0,,49.857142857142854,held-out,zero,25,1.0,,100.0,0.85,,10.0,0.03551491582924096,,50.0,0.06088815516965801,0.010000000000001563,horizon,0,0.07931159183023587,1.0,1.0,100/50/50 Hz,1.0,700,gps,101,18,0.048111713051878634,0.046174048703414704,0.0709155790520522,before_outage,0.23867536031311798
0.767250330184588,1.0,,49.93333333333333,held-out,zero,40,1.0,,100.0,0.85,,10.0,0.028497921745732364,,50.0,0.05405352540611074,0.010000000000005116,horizon,0,0.09633247432530463,1.0,1.0,100/50/50 Hz,1.0,1500,gps,101,25,0.01878685534161593,0.04834200701233991,0.09202072628386276,outage_window,0.2635535910853539
0.631911626251051,1.0,,49.95,held-out,zero,60,1.0,,100.0,0.85,,10.0,0.03357658158760305,,50.0,0.07654194019306117,0.010000000000005116,horizon,0,0.10809419492876457,1.0,1.0,100/50/50 Hz,1.0,2000,gps,101,40,0.034563751353400084,0.047393368995690716,0.10274710772663524,after_return,0.262063280916071
0.6601083864429496,1.0,,49.91489361702128,held-out,zero,60,1.0,,99.87234042553192,0.85,,0.0,0.7011480598234329,,50.0,0.8553272549776515,0.010000000000005116,retrodiction,0,0.7038603191825841,1.0,1.0,100/50/50 Hz,1.0,4700,denied,101,13,0.6349708763792893,0.049896371511123846,0.06173124918260476,flight,0.5460638381456903
0.7450289645782012,1.0,,49.857142857142854,held-out,zero,25,1.0,,100.0,0.85,,0.0,0.7637660840994769,,50.0,0.8553272549776515,0.010000000000001563,retrodiction,0,0.7650995372090943,1.0,1.0,100/50/50 Hz,1.0,700,denied,101,18,0.777452945474683,0.05460918510556986,0.045151640246187175,before_outage,0.635654014123075
0.5685933734037585,1.0,,49.93333333333333,held-out,zero,40,1.0,,100.0,0.85,,0.0,0.7054754732957567,,50.0,0.8359978701280775,0.010000000000005116,retrodiction,0,0.7084395933972332,1.0,1.0,100/50/50 Hz,1.0,1500,denied,101,25,0.6961223164450246,0.047956346398949884,0.0647380419148216,outage_window,0.42879004985407654
0.6472123156845091,1.0,,50.0,held-out,zero,60,1.0,,100.0,0.85,,0.0,0.6496075493376273,,50.0,0.7155424484385587,0.010000000000005116,retrodiction,0,0.6530706967491342,1.0,1.0,100/50/50 Hz,1.0,2000,denied,101,40,0.6349708763792893,0.046624334244679246,0.06716670898563995,after_return,0.5574069471535325
0.6308263719174995,1.0,,49.8936170212766,held-out,zero,60,1.0,,99.85106382978724,0.85,,0.0,0.4987177511900965,,50.0,0.6354194363090769,0.010000000000005116,horizon,0,0.5081935578855119,1.0,1.0,100/50/50 Hz,1.0,4700,denied,101,13,0.4849998303425283,0.051180075996846,0.09767956246947548,flight,0.45432795304220297
0.6087019778703655,1.0,,49.857142857142854,held-out,zero,25,1.0,,100.0,0.85,,0.0,0.5191064058618657,,50.0,0.5803736430592716,0.010000000000001563,horizon,0,0.5243644368372221,1.0,1.0,100/50/50 Hz,1.0,700,denied,101,18,0.5461102812591239,0.05007110118764185,0.07407160058209232,before_outage,0.3011178936869827
0.7373402320801486,1.0,,49.93333333333333,held-out,zero,40,1.0,,100.0,0.85,,0.0,0.5284756370803722,,50.0,0.6354194363090769,0.010000000000005116,horizon,0,0.5372944294384302,1.0,1.0,100/50/50 Hz,1.0,1500,denied,101,25,0.4606559877953049,0.05681944553692994,0.09694743378791967,outage_window,0.6042303380078013
0.49728070930101953,1.0,,50.0,held-out,zero,60,1.0,,100.0,0.85,,0.0,0.4650882179013047,,50.0,0.5238552868284908,0.010000000000005116,horizon,0,0.4776819310398491,1.0,1.0,100/50/50 Hz,1.0,2000,denied,101,40,0.4849998303425283,0.043278146447874914,0.10896319016689812,after_return,0.32435206019311763
0.40698652585563866,1.0,,49.8936170212766,held-out,zero,60,1.0,,99.87234042553192,0.85,,6.808510638297872,0.0327689006013413,,50.0,0.07270469825297658,0.010000000000005116,retrodiction,0,0.06871464008099669,1.0,1.0,100/50/50 Hz,1.0,4700,transition,101,13,0.04666861914852965,0.04325037364759997,0.060397855217220506,flight,0.30655113189457683
0.4003006703176593,1.0,,49.857142857142854,held-out,zero,25,1.0,,100.0,0.85,,10.0,0.034400757247946515,,50.0,0.04883791225423163,0.010000000000001563,retrodiction,0,0.055528948317917166,1.0,1.0,100/50/50 Hz,1.0,700,transition,101,18,0.03788041500777335,0.043725088359193726,0.04358958593588348,before_outage,0.23430825734363436
0.3039220649157954,1.0,,49.93333333333333,held-out,zero,40,1.0,,100.0,0.85,,0.0,0.030161787627468642,,50.0,0.0528158341233588,0.010000000000005116,retrodiction,0,0.07153273297479537,1.0,1.0,100/50/50 Hz,1.0,1500,transition,101,25,0.03622803139236114,0.04189984104207586,0.06486292048588976,outage_window,0.20874452944569608
0.37140759444816496,1.0,,49.95,held-out,zero,60,1.0,,100.0,0.85,,10.0,0.03585785071797007,,50.0,0.07270469825297658,0.010000000000005116,retrodiction,0,0.07415338338452947,1.0,1.0,100/50/50 Hz,1.0,2000,transition,101,40,0.04666861914852965,0.04352368864044183,0.0649071553009434,after_return,0.27858017149211034
1.1314815921721697,1.0,,49.8936170212766,held-out,zero,60,1.0,,99.85106382978724,0.85,,6.808510638297872,0.05789963357810939,,50.0,0.17065179852477969,0.010000000000005116,horizon,0,0.11185229567019883,1.0,1.0,100/50/50 Hz,1.0,4700,transition,101,13,0.035353956335339026,0.0623918110956644,0.09570041002113965,flight,0.7860354837619487
1.0526456713366905,1.0,,49.857142857142854,held-out,zero,25,1.0,,100.0,0.85,,10.0,0.03551491582924096,,50.0,0.06088815516965801,0.010000000000001563,horizon,0,0.07931159183023587,1.0,1.0,100/50/50 Hz,1.0,700,transition,101,18,0.048111713051878634,0.046174048703414704,0.0709155790520522,before_outage,0.23867536031311798
1.4757828232616963,1.0,,49.93333333333333,held-out,zero,40,1.0,,100.0,0.85,,0.13333333333333333,0.08737994977766453,,50.0,0.17065179852477969,0.010000000000005116,horizon,0,0.13408319804052274,1.0,1.0,100/50/50 Hz,1.0,1500,transition,101,25,0.09121953487450918,0.08438982052398143,0.10170077862841986,outage_window,1.1739027039552234
0.6779857309498589,1.0,,49.95,held-out,zero,60,1.0,,100.0,0.85,,9.9,0.0383795117042146,,50.0,0.10753662215565545,0.010000000000005116,horizon,0,0.10978453726761749,1.0,1.0,100/50/50 Hz,1.0,2000,transition,101,40,0.035353956335339026,0.048122993988653114,0.1028574630467374,after_return,0.3037198781551308
0.5559144866378968,1.0,,49.8936170212766,held-out,nominal,60,1.0,,99.82978723404256,0.85,,10.0,0.041495849991614375,,50.0,0.09095104538140841,0.010000000000005116,retrodiction,0,0.07300503079491331,1.0,1.0,100/50/50 Hz,1.0,4700,gps,101,13,0.034742387684013366,0.03518926423728207,0.06006520585863066,flight,0.3415293218514907
0.5210940422800037,1.0,,49.857142857142854,held-out,nominal,25,1.0,,100.0,0.85,,10.0,0.04121818395770058,,50.0,0.07836550958913414,0.010000000000001563,retrodiction,0,0.06049942715295398,1.0,1.0,100/50/50 Hz,1.0,700,gps,101,18,0.005049993646825106,0.03556546179393365,0.044285911947985666,before_outage,0.28465631825134435
0.5407423921860981,1.0,,49.93333333333333,held-out,nominal,40,1.0,,100.0,0.85,,10.0,0.04137224871217852,,50.0,0.08277789359822368,0.010000000000005116,retrodiction,0,0.0748519516647121,1.0,1.0,100/50/50 Hz,1.0,1500,gps,101,25,0.040903837320335854,0.034351786499532945,0.062379096695239514,outage_window,0.30099705714465347
0.4640520293962343,1.0,,49.95,held-out,nominal,60,1.0,,100.0,0.85,,10.0,0.04002892591207668,,50.0,0.09073873693653664,0.010000000000005116,retrodiction,0,0.07679038335409882,1.0,1.0,100/50/50 Hz,1.0,2000,gps,101,40,0.034742387684013366,0.03306832744639727,0.06553203846970528,after_return,0.27220453200971684
0.8644202319856219,1.0,,49.8936170212766,held-out,nominal,60,1.0,,99.85106382978724,0.85,,10.0,0.03205897455329461,,50.0,0.07654175263082019,0.010000000000005116,horizon,0,0.09742363789829626,1.0,1.0,100/50/50 Hz,1.0,4700,gps,101,13,0.0345636591362893,0.048332435512857416,0.09199775742880668,flight,0.43611385847721623
1.0525174745365324,1.0,,49.857142857142854,held-out,nominal,25,1.0,,100.0,0.85,,10.0,0.03551865270976973,,50.0,0.060890851103541796,0.010000000000001563,horizon,0,0.07889749920900047,1.0,1.0,100/50/50 Hz,1.0,700,gps,101,18,0.04811381504057357,0.04617388879306761,0.07045027105069927,before_outage,0.2386712696951545
0.7671614828209425,1.0,,49.93333333333333,held-out,nominal,40,1.0,,100.0,0.85,,10.0,0.028499005476595625,,50.0,0.05405359582665177,0.010000000000005116,horizon,0,0.09588262080387587,1.0,1.0,100/50/50 Hz,1.0,1500,gps,101,25,0.01878676302946102,0.04834170036513487,0.09154935094835366,outage_window,0.2635492782941662
0.6318483367736866,1.0,,49.95,held-out,nominal,60,1.0,,100.0,0.85,,10.0,0.03357653612483049,,50.0,0.07654175263082019,0.010000000000005116,horizon,0,0.10763743976972072,1.0,1.0,100/50/50 Hz,1.0,2000,gps,101,40,0.0345636591362893,0.04739318395768203,0.10226648846048353,after_return,0.26206383655686855
4.826685250691263,1.0,,0.0,held-out,nominal,60,1.0,,100.0,0.85,,0.0,10.935378978953565,,49.97872340425532,21.831148322326747,0.010000000000005116,retrodiction,0,655.3917111182749,1.0,1.0,100/50/50 Hz,1.0,4700,denied,101,13,6.710835477908082,27.216471348777237,655.3004749648263,flight,3.18295436133465
5.013021917856002,1.0,,0.0,held-out,nominal,25,1.0,,100.0,0.85,,0.0,12.804025247439506,,49.857142857142854,16.60712944716583,0.010000000000001563,retrodiction,0,392.08163150026405,1.0,1.0,100/50/50 Hz,1.0,700,denied,101,18,16.602031789757444,30.190521982758522,391.87250821838956,before_outage,2.666826898957605
5.591159451138303,1.0,,0.0,held-out,nominal,40,1.0,,100.0,0.85,,0.0,12.400084470483435,,50.0,21.831148322326747,0.010000000000005116,retrodiction,0,607.288523745223,1.0,1.0,100/50/50 Hz,1.0,1500,denied,101,25,9.751934070386039,29.739847018370675,607.1619133128963,outage_window,4.1027683647054465
4.554329095420097,1.0,,0.0,held-out,nominal,60,1.0,,100.0,0.85,,0.0,8.911933814890778,,50.0,18.67681735606,0.010000000000005116,retrodiction,0,813.6329117201883,1.0,1.0,100/50/50 Hz,1.0,2000,denied,101,40,6.710835477908082,23.732091525371857,813.5841028866964,after_return,2.8184522686139672
0.623183154386164,1.0,,49.8936170212766,held-out,nominal,60,1.0,,99.85106382978724,0.85,,0.0,0.5323092074534841,,50.0,0.6712356830176347,0.010000000000005116,horizon,0,0.5411292295437311,1.0,1.0,100/50/50 Hz,1.0,4700,denied,101,13,0.5185431300181537,0.05093769300671328,0.09730236752944739,flight,0.447070377187188
0.6008004861887493,1.0,,49.857142857142854,held-out,nominal,25,1.0,,100.0,0.85,,0.0,0.5556306091550964,,50.0,0.617170920820855,0.010000000000001563,horizon,0,0.5605003174071409,1.0,1.0,100/50/50 Hz,1.0,700,denied,101,18,0.5820087878356993,0.0497808054136541,0.0737240258222665,before_outage,0.2926869223866
0.7292378764077198,1.0,,49.93333333333333,held-out,nominal,40,1.0,,100.0,0.85,,0.0,0.5624247794330517,,50.0,0.6712356830176347,0.010000000000005116,horizon,0,0.5706554814711251,1.0,1.0,100/50/50 Hz,1.0,1500,denied,101,25,0.4921171128450794,0.05650174874543183,0.09657145547585348,outage_window,0.5967094707931812
0.49040061488008885,1.0,,50.0,held-out,nominal,60,1.0,,100.0,0.85,,0.0,0.4964238819147533,,50.0,0.5562031716243445,0.010000000000005116,horizon,0,0.5081562624686536,1.0,1.0,100/50/50 Hz,1.0,2000,denied,101,40,0.5185431300181537,0.043130028803446185,0.10856388234950985,after_return,0.3175991797954443
0.5978128209615838,1.0,,49.87234042553192,held-out,nominal,60,1.0,,99.82978723404256,0.85,,6.808510638297872,0.04013154985709378,,50.0,0.1085160120414924,0.010000000000005116,retrodiction,0,0.07336582192575192,1.0,1.0,100/50/50 Hz,1.0,4700,transition,101,13,0.0342677869562244,0.04010430579161373,0.06141663075184715,flight,0.3766456331271563
0.5210940422800037,1.0,,49.857142857142854,held-out,nominal,25,1.0,,100.0,0.85,,10.0,0.04121818395770058,,50.0,0.07836550958913414,0.010000000000001563,retrodiction,0,0.06049942715295398,1.0,1.0,100/50/50 Hz,1.0,700,transition,101,18,0.005049993646825106,0.03556546179393365,0.044285911947985666,before_outage,0.28465631825134435
0.6106432210561791,1.0,,49.86666666666667,held-out,nominal,40,1.0,,100.0,0.85,,0.06666666666666667,0.03092983614835346,,50.0,0.05451472891860712,0.010000000000005116,retrodiction,0,0.07319346831481101,1.0,1.0,100/50/50 Hz,1.0,1500,transition,101,25,0.019091440155819372,0.047988072739032224,0.06633723720345347,outage_window,0.40279319375983685
0.5182464883752926,1.0,,49.95,held-out,nominal,60,1.0,,100.0,0.85,,9.95,0.04366766559574743,,50.0,0.1085160120414924,0.010000000000005116,retrodiction,0,0.07877190483658711,1.0,1.0,100/50/50 Hz,1.0,2000,transition,101,40,0.0342677869562244,0.033482439768099274,0.06556026214866986,after_return,0.2821863758806028
1.1314011948811116,1.0,,49.8936170212766,held-out,nominal,60,1.0,,99.85106382978724,0.85,,6.808510638297872,0.057900328841488026,,50.0,0.17065300985975693,0.010000000000005116,horizon,0,0.11145103258577965,1.0,1.0,100/50/50 Hz,1.0,4700,transition,101,13,0.03535254152656973,0.062391636455859656,0.09523069139980066,flight,0.7860286410890213
1.0525174745365324,1.0,,49.857142857142854,held-out,nominal,25,1.0,,100.0,0.85,,10.0,0.03551865270976973,,50.0,0.060890851103541796,0.010000000000001563,horizon,0,0.07889749920900047,1.0,1.0,100/50/50 Hz,1.0,700,transition,101,18,0.04811381504057357,0.04617388879306761,0.07045027105069927,before_outage,0.2386712696951545
1.4756972413794955,1.0,,49.93333333333333,held-out,nominal,40,1.0,,100.0,0.85,,0.13333333333333333,0.08738068259138254,,50.0,0.17065300985975693,0.010000000000005116,horizon,0,0.1337282019973856,1.0,1.0,100/50/50 Hz,1.0,1500,transition,101,25,0.09122110770150761,0.08438983871489251,0.10123165670538847,outage_window,1.1738799778484876
0.6779100101778852,1.0,,49.95,held-out,nominal,60,1.0,,100.0,0.85,,9.9,0.038379239663963616,,50.0,0.10753698522415155,0.010000000000005116,horizon,0,0.10933400959232983,1.0,1.0,100/50/50 Hz,1.0,2000,transition,101,40,0.03535254152656973,0.0481227219573105,0.10237655794346531,after_return,0.3037152083535281
0.9256761640257358,1.0,,49.87234042553192,held-out,stress,60,1.0,,99.7872340425532,0.85,,10.0,0.054297985141704114,,50.0,0.11877273185200467,0.010000000000005116,retrodiction,0,0.08115838137742844,1.0,1.0,100/50/50 Hz,1.0,4700,gps,101,13,0.04384929674166198,0.04185175764536684,0.06031924798400095,flight,0.43656052826342
1.0329155519039104,1.0,,49.857142857142854,held-out,stress,25,1.0,,100.0,0.85,,10.0,0.059920411735913275,,50.0,0.11029868185700518,0.010000000000001563,retrodiction,0,0.07455368676665647,1.0,1.0,100/50/50 Hz,1.0,700,gps,101,18,0.027873242963291446,0.04623221876798416,0.0443598519823878,before_outage,0.544274570109916
0.9390966715247163,1.0,,49.86666666666667,held-out,stress,40,1.0,,100.0,0.85,,10.0,0.05412179533869702,,50.0,0.09946474177645823,0.010000000000005116,retrodiction,0,0.08296966932157349,1.0,1.0,100/50/50 Hz,1.0,1500,gps,101,25,0.05842625695355965,0.042095507069273966,0.06288717911186227,outage_window,0.4132937429178697
0.7090217428385331,1.0,,50.0,held-out,stress,60,1.0,,100.0,0.85,,10.0,0.04721282302870546,,50.0,0.11877273185200467,0.010000000000005116,retrodiction,0,0.08061662298332939,1.0,1.0,100/50/50 Hz,1.0,2000,gps,101,40,0.04384929674166198,0.034587777727157716,0.06534515470099073,after_return,0.28370323385734386
0.8708066378076496,1.0,,49.8936170212766,held-out,stress,60,1.0,,99.85106382978724,0.85,,10.0,0.03204296056640483,,50.0,0.07656634600053953,0.010000000000005116,horizon,0,0.07615731608617099,1.0,1.0,100/50/50 Hz,1.0,4700,gps,101,13,0.034553064405003976,0.04835550123969842,0.06908824409108097,flight,0.43857814098321085
1.0599266610536235,1.0,,49.857142857142854,held-out,stress,25,1.0,,100.0,0.85,,10.0,0.03544770587366172,,50.0,0.06082440493562035,0.010000000000001563,horizon,0,0.05990992843072432,1.0,1.0,100/50/50 Hz,1.0,700,gps,101,18,0.048050437697424474,0.04618327751075277,0.04829761560231393,before_outage,0.23887107459814985
0.7727797720482281,1.0,,49.93333333333333,held-out,stress,40,1.0,,100.0,0.85,,10.0,0.028476255113489182,,50.0,0.054044922051178036,0.010000000000005116,horizon,0,0.07426253812459993,1.0,1.0,100/50/50 Hz,1.0,1500,gps,101,25,0.018791187758901602,0.04837323453604072,0.06858591301002807,outage_window,0.2638542933371852
0.6360457231115781,1.0,,49.95,held-out,stress,60,1.0,,100.0,0.85,,10.0,0.03358335632591155,,50.0,0.07656634600053953,0.010000000000005116,horizon,0,0.08550254144381317,1.0,1.0,100/50/50 Hz,1.0,2000,gps,101,40,0.034553064405003976,0.04740792331763377,0.07863105475089245,after_return,0.2620894273395825
24.26252485785475,1.0,,49.87234042553192,held-out,stress,60,1.0,,99.87234042553192,0.85,,0.0,30.027454883649543,,0.0,32.65576803432955,0.010000000000005116,retrodiction,0,30.02751993183907,1.0,1.0,100/50/50 Hz,1.0,4700,denied,101,13,28.328605143037198,1.230155243223903,0.06250173904742724,flight,24.088295583017516
23.54834015618655,1.0,,49.857142857142854,held-out,stress,25,1.0,,100.0,0.85,,0.0,30.353684779165928,,0.0,32.65576803432955,0.010000000000001563,retrodiction,0,30.35371491029131,1.0,1.0,100/50/50 Hz,1.0,700,denied,101,18,30.885704765900847,1.2180453600305445,0.04276894050087151,before_outage,23.30901550126548
23.936598312974848,1.0,,49.8,held-out,stress,40,1.0,,100.0,0.85,,0.0,29.81011884283839,,0.0,32.005968185432465,0.010000000000005116,retrodiction,0,29.810191126878856,1.0,1.0,100/50/50 Hz,1.0,1500,denied,101,25,31.346916723025792,1.240019354708779,0.06564752012461736,outage_window,23.77307712638095
24.94290904355729,1.0,,50.0,held-out,stress,60,1.0,,100.0,0.85,,0.0,30.227277728919354,,0.0,32.08802858439023,0.010000000000005116,retrodiction,0,30.22735753576079,1.0,1.0,100/50/50 Hz,1.0,2000,denied,101,40,28.328605143037198,1.278502903529457,0.06946001361066387,after_return,24.78380666116648
0.6184735454406916,1.0,,49.8936170212766,held-out,stress,60,1.0,,99.85106382978724,0.85,,0.0,0.45602081940436995,,50.0,0.6050046398525448,0.010000000000005116,horizon,0,0.46207946991441545,1.0,1.0,100/50/50 Hz,1.0,4700,denied,101,13,0.43609167761258216,0.05095501963847707,0.07458182611168887,flight,0.4503710966739753
0.596582337989997,1.0,,49.857142857142854,held-out,stress,25,1.0,,100.0,0.85,,0.0,0.493398364587387,,50.0,0.5597846262514933,0.010000000000001563,horizon,0,0.49622292028608006,1.0,1.0,100/50/50 Hz,1.0,700,denied,101,18,0.5117747525049688,0.05000507203133741,0.05287003347584769,before_outage,0.30271726436193597
0.7257575250964086,1.0,,49.93333333333333,held-out,stress,40,1.0,,100.0,0.85,,0.0,0.48767924624589565,,50.0,0.6050046398525448,0.010000000000005116,horizon,0,0.4932645870875156,1.0,1.0,100/50/50 Hz,1.0,1500,denied,101,25,0.4024374766097188,0.056499739316609135,0.07401963020477952,outage_window,0.5998094660166413
0.4843465211363483,1.0,,50.0,held-out,stress,60,1.0,,100.0,0.85,,0.0,0.4073282529922808,,50.0,0.47104308061147954,0.010000000000005116,horizon,0,0.41601695431128205,1.0,1.0,100/50/50 Hz,1.0,2000,denied,101,40,0.43609167761258216,0.043067977913650836,0.08458014299285523,after_return,0.3193762894720005
0.9333617839568614,1.0,,49.851063829787236,held-out,stress,60,1.0,,99.7872340425532,0.85,,6.808510638297872,0.04893642640596797,,50.0,0.12843219867302133,0.010000000000005116,retrodiction,0,0.07892731659510278,1.0,1.0,100/50/50 Hz,1.0,4700,transition,101,13,0.04703515161278702,0.04569895832830647,0.06192533791201198,flight,0.41822235998343027
1.0329155519039104,1.0,,49.857142857142854,held-out,stress,25,1.0,,100.0,0.85,,10.0,0.059920411735913275,,50.0,0.11029868185700518,0.010000000000001563,retrodiction,0,0.07455368676665647,1.0,1.0,100/50/50 Hz,1.0,700,transition,101,18,0.027873242963291446,0.04623221876798416,0.0443598519823878,before_outage,0.544274570109916
0.9242878397565362,1.0,,49.86666666666667,held-out,stress,40,1.0,,100.0,0.85,,0.06666666666666667,0.031852746000541825,,50.0,0.0637385931311763,0.010000000000005116,retrodiction,0,0.07364828848681607,1.0,1.0,100/50/50 Hz,1.0,1500,transition,101,25,0.06077691675555384,0.052491926570280414,0.06640386260800084,outage_window,0.34932724710211766
0.7463137487186692,1.0,,49.95,held-out,stress,60,1.0,,100.0,0.85,,9.95,0.04862366025944301,,50.0,0.12843219867302133,0.010000000000005116,retrodiction,0,0.08218656794842139,1.0,1.0,100/50/50 Hz,1.0,2000,transition,101,40,0.04703515161278702,0.03535994270278889,0.06625987936990792,after_return,0.28326235352543117
1.139215913178453,1.0,,49.8936170212766,held-out,stress,60,1.0,,99.85106382978724,0.85,,6.808510638297872,0.058080524504828125,,50.0,0.17132615455883463,0.010000000000005116,horizon,0,0.09280001517326601,1.0,1.0,100/50/50 Hz,1.0,4700,transition,101,13,0.03534936107377431,0.06256582772296164,0.07237745152602751,flight,0.7905015554527043
1.0599266610536235,1.0,,49.857142857142854,held-out,stress,25,1.0,,100.0,0.85,,10.0,0.03544770587366172,,50.0,0.06082440493562035,0.010000000000001563,horizon,0,0.05990992843072432,1.0,1.0,100/50/50 Hz,1.0,700,transition,101,18,0.048050437697424474,0.04618327751075277,0.04829761560231393,before_outage,0.23887107459814985
1.4852102139158587,1.0,,49.93333333333333,held-out,stress,40,1.0,,100.0,0.85,,0.13333333333333333,0.08775352545503709,,50.0,0.17132615455883463,0.010000000000005116,horizon,0,0.11765756166532731,1.0,1.0,100/50/50 Hz,1.0,1500,transition,101,25,0.09196428855643839,0.0847605989037069,0.07837487216731172,outage_window,1.1802901544872026
0.6825716049091338,1.0,,49.95,held-out,stress,60,1.0,,100.0,0.85,,9.9,0.0384057852444615,,50.0,0.10830536264518106,0.010000000000005116,horizon,0,0.08759212755993659,1.0,1.0,100/50/50 Hz,1.0,2000,transition,101,40,0.03534936107377431,0.048149306480239226,0.07872341754670274,after_return,0.30424507797396144
0.6895167710526175,1.0,,49.91489361702128,held-out,zero,60,1.0,,99.68085106382979,0.85,,10.0,0.049698752024538766,,50.0,0.08823485120074742,0.010000000000005116,retrodiction,0,0.06235339740912912,1.0,1.0,100/50/50 Hz,1.0,4700,gps,307,13,0.026077873935601507,0.04315098014730616,0.037656078070667336,flight,0.31645024093353613
0.6515361837531306,1.0,,49.857142857142854,held-out,zero,25,1.0,,100.0,0.85,,10.0,0.0635825105074416,,50.0,0.08823485120074742,0.010000000000001563,retrodiction,0,0.07047282327253968,1.0,1.0,100/50/50 Hz,1.0,700,gps,307,18,0.08823485120074742,0.044650598192732815,0.030392156514036466,before_outage,0.2999996951916283
0.7011440819095505,1.0,,49.86666666666667,held-out,zero,40,1.0,,100.0,0.85,,10.0,0.05799931882869362,,50.0,0.08572241190325504,0.010000000000005116,retrodiction,0,0.06870951151819679,1.0,1.0,100/50/50 Hz,1.0,1500,gps,307,25,0.035628002070616095,0.04257086551741468,0.03683851229999337,outage_window,0.2342640237874671
0.6724001597970727,1.0,,50.0,held-out,zero,60,1.0,,99.95,0.85,,10.0,0.036820489733983976,,50.0,0.06131145706155735,0.010000000000005116,retrodiction,0,0.055454309278107725,1.0,1.0,100/50/50 Hz,1.0,2000,gps,307,40,0.026077873935601507,0.043103269748260384,0.041466033729567205,after_return,0.30447372331512873
0.4526678337681631,1.0,,49.91489361702128,held-out,zero,60,1.0,,99.57446808510639,0.85,,10.0,0.051229271764337975,,50.0,0.09676930444912617,0.010000000000005116,horizon,0,0.0645783873864618,1.0,1.0,100/50/50 Hz,1.0,4700,gps,307,13,0.021943245636612402,0.04631931377023118,0.039318314205107154,flight,0.27992670881560555
0.38330392939304214,1.0,,49.857142857142854,held-out,zero,25,1.0,,99.85714285714286,0.85,,10.0,0.06439828215037488,,50.0,0.090997092724708,0.010000000000001563,horizon,0,0.0716112980929978,1.0,1.0,100/50/50 Hz,1.0,700,gps,307,18,0.08287860541752164,0.047690223906041024,0.03132154642805649,before_outage,0.29027147680959303
0.4614036569570422,1.0,,49.86666666666667,held-out,zero,40,1.0,,100.0,0.85,,10.0,0.058996942680605076,,50.0,0.09676930444912617,0.010000000000005116,horizon,0,0.06982217907385457,1.0,1.0,100/50/50 Hz,1.0,1500,gps,307,25,0.032594950088118885,0.0450166630516036,0.03734297048927434,outage_window,0.2309310869589409
0.47241062276753304,1.0,,50.0,held-out,zero,60,1.0,,99.95,0.85,,10.0,0.038879819594683805,,50.0,0.07352319516278717,0.010000000000005116,horizon,0,0.05760928887359628,1.0,1.0,100/50/50 Hz,1.0,2000,gps,307,40,0.021943245636612402,0.045809536444261986,0.04251105494816972,after_return,0.30182319332773416
1.0302971714942584,1.0,,49.93617021276596,held-out,zero,60,1.0,,99.68085106382979,0.85,,0.0,1.3892835650324118,,50.0,1.5876004438749212,0.010000000000005116,retrodiction,0,1.3898445492174207,1.0,1.0,100/50/50 Hz,1.0,4700,denied,307,13,1.4423799970949813,0.06194289094193961,0.03948476820506782,flight,0.9045560230403987
1.2298070068684352,1.0,,49.857142857142854,held-out,zero,25,1.0,,99.85714285714286,0.85,,0.0,1.2760149756820696,,50.0,1.3535260469841681,0.010000000000001563,retrodiction,0,1.2764481651778659,1.0,1.0,100/50/50 Hz,1.0,700,denied,307,18,1.3473936282868428,0.07266694483084316,0.03325207092841217,before_outage,1.1282372180335762
0.8841942740188323,1.0,,49.93333333333333,held-out,zero,40,1.0,,100.0,0.85,,0.0,1.3738531456733116,,50.0,1.4515356950890648,0.010000000000005116,retrodiction,0,1.3743658616299665,1.0,1.0,100/50/50 Hz,1.0,1500,denied,307,25,1.4309036338815153,0.057023101953124274,0.03753739119101383,outage_window,0.7520963155407233
0.7446091485627541,1.0,,50.0,held-out,zero,60,1.0,,99.95,0.85,,0.0,1.4763413376159416,,50.0,1.5876004438749212,0.010000000000005116,retrodiction,0,1.4769935442175135,1.0,1.0,100/50/50 Hz,1.0,2000,denied,307,40,1.4423799970949813,0.0525587481154325,0.043888318566386336,after_return,0.5943041726885127
0.4841445020080473,1.0,,49.93617021276596,held-out,zero,60,1.0,,99.59574468085107,0.85,,0.0,0.25768129702877074,,50.0,0.3941491477291133,0.010000000000005116,horizon,0,0.2620095201622948,1.0,1.0,100/50/50 Hz,1.0,4700,denied,307,13,0.16370863466939098,0.047935006398055036,0.047427184369793485,flight,0.31125944019329926
0.4139667796223314,1.0,,49.857142857142854,held-out,zero,25,1.0,,99.85714285714286,0.85,,0.0,0.2808927447131864,,50.0,0.32721768006759383,0.010000000000001563,horizon,0,0.2837152098488584,1.0,1.0,100/50/50 Hz,1.0,700,denied,307,18,0.27910565384864766,0.04645346046709251,0.0399197478333018,before_outage,0.2338274281778699
0.40063303658843274,1.0,,49.93333333333333,held-out,zero,40,1.0,,100.0,0.85,,0.0,0.22617995819895564,,50.0,0.3025959829318489,0.010000000000005116,horizon,0,0.23019739641802392,1.0,1.0,100/50/50 Hz,1.0,1500,denied,307,25,0.2824555904869867,0.042666921283159645,0.04281901244488865,outage_window,0.15912967305092668
0.4684016760349076,1.0,,50.0,held-out,zero,60,1.0,,99.95,0.85,,0.0,0.24856193647030342,,50.0,0.30281022557519754,0.010000000000005116,horizon,0,0.2540134824145468,1.0,1.0,100/50/50 Hz,1.0,2000,denied,307,40,0.16370863466939098,0.046393573279106634,0.05234322292807465,after_return,0.28119271202895335
0.6650425602416845,1.0,,49.93617021276596,held-out,zero,60,1.0,,99.68085106382979,0.85,,6.808510638297872,0.06513961720820542,,50.0,0.10911747555408255,0.010000000000005116,retrodiction,0,0.07539184970097558,1.0,1.0,100/50/50 Hz,1.0,4700,transition,307,13,0.025962184426109633,0.043768220957011376,0.03795736122681555,flight,0.3295587672874605
0.6515361837531306,1.0,,49.857142857142854,held-out,zero,25,1.0,,100.0,0.85,,10.0,0.0635825105074416,,50.0,0.08823485120074742,0.010000000000001563,retrodiction,0,0.07047282327253968,1.0,1.0,100/50/50 Hz,1.0,700,transition,307,18,0.08823485120074742,0.044650598192732815,0.030392156514036466,before_outage,0.2999996951916283
0.6280196153991382,1.0,,49.93333333333333,held-out,zero,40,1.0,,100.0,0.85,,0.0,0.09152346210287433,,50.0,0.10903983214214946,0.010000000000005116,retrodiction,0,0.09901873302178962,1.0,1.0,100/50/50 Hz,1.0,1500,transition,307,25,0.10713742793590042,0.04435415595807934,0.037791075321352986,outage_window,0.2686400165317768
0.6686636700297292,1.0,,50.0,held-out,zero,60,1.0,,99.95,0.85,,10.0,0.04199178482423261,,50.0,0.10911747555408255,0.010000000000005116,retrodiction,0,0.05901661111616627,1.0,1.0,100/50/50 Hz,1.0,2000,transition,307,40,0.025962184426109633,0.04321701200411188,0.0414686676288514,after_return,0.31565599996677846
0.4358768556909948,1.0,,49.93617021276596,held-out,zero,60,1.0,,99.57446808510639,0.85,,6.808510638297872,0.06597765315800126,,50.0,0.116049484812636,0.010000000000005116,horizon,0,0.07761632977129336,1.0,1.0,100/50/50 Hz,1.0,4700,transition,307,13,0.022127845461147187,0.045330796541930986,0.04088085041836394,flight,0.30647753178261417
0.38330392939304214,1.0,,49.857142857142854,held-out,zero,25,1.0,,99.85714285714286,0.85,,10.0,0.06439828215037488,,50.0,0.090997092724708,0.010000000000001563,horizon,0,0.0716112980929978,1.0,1.0,100/50/50 Hz,1.0,700,transition,307,18,0.08287860541752164,0.047690223906041024,0.03132154642805649,before_outage,0.29027147680959303
0.4093484603034448,1.0,,49.93333333333333,held-out,zero,40,1.0,,100.0,0.85,,0.13333333333333333,0.09116996987707418,,50.0,0.116049484812636,0.010000000000005116,horizon,0,0.10048389632147744,1.0,1.0,100/50/50 Hz,1.0,1500,transition,307,25,0.10598787395702142,0.042158750630026186,0.04224985221937248,outage_window,0.29750761473099047
0.4712815190371548,1.0,,50.0,held-out,zero,60,1.0,,99.95,0.85,,9.9,0.04416317994259445,,50.0,0.11257207277807846,0.010000000000005116,horizon,0,0.06131190718281813,1.0,1.0,100/50/50 Hz,1.0,2000,transition,307,40,0.022127845461147187,0.045524320718224244,0.0425295603051869,after_return,0.3182756514054584
0.5829134380303155,1.0,,49.93617021276596,held-out,nominal,60,1.0,,99.57446808510639,0.85,,10.0,0.0571986413394735,,50.0,0.11491625100789268,0.010000000000005116,retrodiction,0,0.0688063252909192,1.0,1.0,100/50/50 Hz,1.0,4700,gps,307,13,0.030472417258127826,0.03609905961782335,0.03824429145582465,flight,0.5144539236331267
0.3732960662173972,1.0,,49.857142857142854,held-out,nominal,25,1.0,,99.85714285714286,0.85,,10.0,0.0638091405060819,,50.0,0.09607661245420863,0.010000000000001563,retrodiction,0,0.07058521649359202,1.0,1.0,100/50/50 Hz,1.0,700,gps,307,18,0.08424380195267905,0.032306326659035996,0.030177249300132606,before_outage,0.25042127299084266
0.33065971257453164,1.0,,49.86666666666667,held-out,nominal,40,1.0,,100.0,0.85,,10.0,0.06760206092658311,,50.0,0.11415978170234284,0.010000000000005116,retrodiction,0,0.07715119278866422,1.0,1.0,100/50/50 Hz,1.0,1500,gps,307,25,0.0270906323324974,0.03380906243686956,0.03717886371572133,outage_window,0.2591341327926631
0.4697277821991054,1.0,,50.0,held-out,nominal,60,1.0,,99.95,0.85,,10.0,0.04487554970488696,,50.0,0.084803851875286,0.010000000000005116,retrodiction,0,0.061940394248409546,1.0,1.0,100/50/50 Hz,1.0,2000,gps,307,40,0.030472417258127826,0.03596007425293902,0.04269423237783561,after_return,0.39556245296830717
0.5023549466418622,1.0,,49.91489361702128,held-out,nominal,60,1.0,,99.57446808510639,0.85,,10.0,0.05125483112728194,,50.0,0.09688109827936947,0.010000000000005116,horizon,0,0.06507494948299775,1.0,1.0,100/50/50 Hz,1.0,4700,gps,307,13,0.022215978355700536,0.04642290813480787,0.04009602644064022,flight,0.3145122293915253
0.43169208084054683,1.0,,49.857142857142854,held-out,nominal,25,1.0,,99.85714285714286,0.85,,10.0,0.06475975610095815,,50.0,0.09220532673642662,0.010000000000001563,horizon,0,0.0718839062287387,1.0,1.0,100/50/50 Hz,1.0,700,gps,307,18,0.08289135742971337,0.047669453589542936,0.03120048019576802,before_outage,0.2837617582215821
0.4953408294541702,1.0,,49.86666666666667,held-out,nominal,40,1.0,,100.0,0.85,,10.0,0.05864568698581487,,50.0,0.09688109827936947,0.010000000000005116,horizon,0,0.07009168068553004,1.0,1.0,100/50/50 Hz,1.0,1500,gps,307,25,0.0325602458939612,0.045028739200655366,0.038386548415872565,outage_window,0.23534247491334037
0.476991602284745,1.0,,50.0,held-out,nominal,60,1.0,,99.95,0.85,,10.0,0.039236228646845506,,50.0,0.07461396685719053,0.010000000000005116,horizon,0,0.059006088262835814,1.0,1.0,100/50/50 Hz,1.0,2000,gps,307,40,0.022215978355700536,0.045743077183578264,0.04407081589503455,after_return,0.3022769522827101
5.044066522642166,1.0,,0.0,held-out,nominal,60,1.0,,99.93617021276596,0.85,,0.0,10.672970314351257,,50.0,22.097688795240806,0.010000000000005116,retrodiction,0,603.7730044538838,1.0,1.0,100/50/50 Hz,1.0,4700,denied,307,13,11.218558688645206,25.511397282917443,603.678663373105,flight,3.4955805769868693
5.252758711410921,1.0,,0.0,held-out,nominal,25,1.0,,100.0,0.85,,0.0,10.60320763539397,,50.0,14.446973141056676,0.010000000000001563,retrodiction,0,336.07511928634403,1.0,1.0,100/50/50 Hz,1.0,700,denied,307,18,14.446973141056676,26.838801175981118,335.90781144708603,before_outage,3.135733263950006
5.741308361323651,1.0,,0.0,held-out,nominal,40,1.0,,100.0,0.85,,0.0,10.443983821065197,,50.0,19.17113826813801,0.010000000000005116,retrodiction,0,534.8310195203313,1.0,1.0,100/50/50 Hz,1.0,1500,denied,307,25,12.975312235674094,27.12866301145206,534.7290366560454,outage_window,4.246295826561329
4.92898253266194,1.0,,0.0,held-out,nominal,60,1.0,,100.0,0.85,,0.0,11.494715972947118,,50.0,22.097688795240806,0.010000000000005116,retrodiction,0,768.2745012722122,1.0,1.0,100/50/50 Hz,1.0,2000,denied,307,40,11.218558688645206,23.90626028368209,768.1885060385683,after_return,3.3579008897156744
0.47583303793137605,1.0,,49.93617021276596,held-out,nominal,60,1.0,,99.59574468085107,0.85,,0.0,0.29056816207940406,,50.0,0.3966953063498901,0.010000000000005116,horizon,0,0.2945708949339464,1.0,1.0,100/50/50 Hz,1.0,4700,denied,307,13,0.21538295190497886,0.048040747964073496,0.04839581932340082,flight,0.3127999982286841
0.37931554273691737,1.0,,49.857142857142854,held-out,nominal,25,1.0,,99.85714285714286,0.85,,0.0,0.29019908803572736,,50.0,0.337134620161522,0.010000000000001563,horizon,0,0.29291822285939,1.0,1.0,100/50/50 Hz,1.0,700,denied,307,18,0.2975784819135274,0.045709846856814285,0.03981927405585685,before_outage,0.1879239412025584
0.40709559057502726,1.0,,49.93333333333333,held-out,nominal,40,1.0,,100.0,0.85,,0.0,0.2596684147770245,,50.0,0.34010389831327614,0.010000000000005116,horizon,0,0.263318038982469,1.0,1.0,100/50/50 Hz,1.0,1500,denied,307,25,0.3211846523095237,0.042939466944765366,0.04368871731649087,outage_window,0.1947304552753662
0.477238198056026,1.0,,50.0,held-out,nominal,60,1.0,,99.95,0.85,,0.0,0.2997189246362173,,50.0,0.34610529315754546,0.010000000000005116,horizon,0,0.30459461852736036,1.0,1.0,100/50/50 Hz,1.0,2000,denied,307,40,0.21538295190497886,0.047176884900806335,0.05428119242184803,after_return,0.30769148769234905
0.656648606172506,1.0,,49.95744680851064,held-out,nominal,60,1.0,,99.57446808510639,0.85,,6.808510638297872,0.07469503444441397,,50.0,0.156884852076107,0.010000000000005116,retrodiction,0,0.08404904247861164,1.0,1.0,100/50/50 Hz,1.0,4700,transition,307,13,0.030248229421191708,0.04261777624577332,0.03853431420071304,flight,0.5883320496483763
0.3732960662173972,1.0,,49.857142857142854,held-out,nominal,25,1.0,,99.85714285714286,0.85,,10.0,0.0638091405060819,,50.0,0.09607661245420863,0.010000000000001563,retrodiction,0,0.07058521649359202,1.0,1.0,100/50/50 Hz,1.0,700,transition,307,18,0.08424380195267905,0.032306326659035996,0.030177249300132606,before_outage,0.25042127299084266
0.6251117624772525,1.0,,49.93333333333333,held-out,nominal,40,1.0,,100.0,0.85,,0.06666666666666667,0.10500530523691338,,50.0,0.156884852076107,0.010000000000005116,retrodiction,0,0.11168073873693116,1.0,1.0,100/50/50 Hz,1.0,1500,transition,307,25,0.13174135302814158,0.05221134126052702,0.03803252919448461,outage_window,0.5528782857196327
0.47366752985207544,1.0,,50.0,held-out,nominal,60,1.0,,99.95,0.85,,9.95,0.05093886341021407,,50.0,0.13174450517447783,0.010000000000005116,retrodiction,0,0.06649616515381217,1.0,1.0,100/50/50 Hz,1.0,2000,transition,307,40,0.030248229421191708,0.036218231670487905,0.04274309505216739,after_return,0.41113910998141323
0.5648622372117108,1.0,,49.93617021276596,held-out,nominal,60,1.0,,99.57446808510639,0.85,,6.808510638297872,0.06648511191852684,,50.0,0.12059097535361002,0.010000000000005116,horizon,0,0.0784556454661751,1.0,1.0,100/50/50 Hz,1.0,4700,transition,307,13,0.022419018219611352,0.04768961461274492,0.04165354965300223,flight,0.42961554964199095
0.43169208084054683,1.0,,49.857142857142854,held-out,nominal,25,1.0,,99.85714285714286,0.85,,10.0,0.06475975610095815,,50.0,0.09220532673642662,0.010000000000001563,horizon,0,0.0718839062287387,1.0,1.0,100/50/50 Hz,1.0,700,transition,307,18,0.08289135742971337,0.047669453589542936,0.03120048019576802,before_outage,0.2837617582215821
0.6645975993565376,1.0,,49.93333333333333,held-out,nominal,40,1.0,,100.0,0.85,,0.13333333333333333,0.09234426538908308,,50.0,0.12059097535361002,0.010000000000005116,horizon,0,0.10195841290242803,1.0,1.0,100/50/50 Hz,1.0,1500,transition,307,25,0.09823206137501139,0.04903389162166872,0.043220997343103904,outage_window,0.5487945570433793
0.48686879462480376,1.0,,50.0,held-out,nominal,60,1.0,,99.95,0.85,,9.9,0.04401614136497329,,50.0,0.10918547347692854,0.010000000000005116,horizon,0,0.06231356198164657,1.0,1.0,100/50/50 Hz,1.0,2000,transition,307,40,0.022419018219611352,0.04571682561447721,0.04410849471676852,after_return,0.3291056446029889
5.012804055554016,1.0,,49.91489361702128,held-out,stress,60,1.0,,99.55319148936171,0.85,,10.0,0.08713532028665655,,46.829787234042556,0.4602082585359061,0.010000000000005116,retrodiction,0,0.09520389405168869,1.0,1.0,100/50/50 Hz,1.0,4700,gps,307,13,0.027951355224172917,0.11442857849048826,0.038356451884226,flight,4.972800664601841
0.823984309880076,1.0,,49.857142857142854,held-out,stress,25,1.0,,100.0,0.85,,10.0,0.055045333945297,,50.0,0.11417177251837496,0.010000000000001563,retrodiction,0,0.06269911652858474,1.0,1.0,100/50/50 Hz,1.0,700,gps,307,18,0.09782745008912369,0.04401538149543947,0.030019833848903662,before_outage,0.5900210804385059
0.6839240307210437,1.0,,49.86666666666667,held-out,stress,40,1.0,,100.0,0.85,,10.0,0.06761229522522628,,50.0,0.12450597760963958,0.010000000000005116,retrodiction,0,0.07737952508622359,1.0,1.0,100/50/50 Hz,1.0,1500,gps,307,25,0.023529187581939993,0.0410068522258755,0.03763201345857472,outage_window,0.39592502209182245
0.7333356730081146,1.0,,49.95,held-out,stress,60,1.0,,99.9,0.85,,10.0,0.04933170506099338,,50.0,0.10330327305170497,0.010000000000005116,retrodiction,0,0.06533778633762931,1.0,1.0,100/50/50 Hz,1.0,2000,gps,307,40,0.027951355224172917,0.03972622975583587,0.042841675962511774,after_return,0.43687516865156933
0.5095244446111984,1.0,,49.91489361702128,held-out,stress,60,1.0,,99.57446808510639,0.85,,10.0,0.05121304040226495,,50.0,0.09690218495647268,0.010000000000005116,horizon,0,0.06626437637207172,1.0,1.0,100/50/50 Hz,1.0,4700,gps,307,13,0.02221530819683673,0.04642580536655174,0.04204987596575706,flight,0.3088653163648575
0.4404496363694181,1.0,,49.857142857142854,held-out,stress,25,1.0,,99.85714285714286,0.85,,10.0,0.0646294197846955,,50.0,0.0918913369628295,0.010000000000001563,horizon,0,0.07203934624072629,1.0,1.0,100/50/50 Hz,1.0,700,gps,307,18,0.08291825294694743,0.047672787408119116,0.03182303419042339,before_outage,0.28502850765389415
0.5101640290202708,1.0,,49.86666666666667,held-out,stress,40,1.0,,100.0,0.85,,10.0,0.05873584091825562,,50.0,0.09690218495647268,0.010000000000005116,horizon,0,0.0714937357398063,1.0,1.0,100/50/50 Hz,1.0,1500,gps,307,25,0.03253455812558993,0.04511912754358455,0.04076095241353697,outage_window,0.23520107503894214
0.4897502816294684,1.0,,50.0,held-out,stress,60,1.0,,99.95,0.85,,10.0,0.03915328467555006,,50.0,0.07443233861568264,0.010000000000005116,horizon,0,0.06134290305228187,1.0,1.0,100/50/50 Hz,1.0,2000,gps,307,40,0.02221530819683673,0.04574254602950126,0.047222579916783344,after_return,0.30229621147115443
3.7948629098194058,1.0,,49.8936170212766,held-out,stress,60,1.0,,99.68085106382979,0.85,,0.0,36.795204106359066,,50.0,38.450043459549185,0.010000000000005116,retrodiction,0,36.79522797898667,1.0,1.0,100/50/50 Hz,1.0,4700,denied,307,13,37.47981816903699,0.16591861173126884,0.041914162044973675,flight,2.7808269399131715
3.416544528021031,1.0,,49.857142857142854,held-out,stress,25,1.0,,99.85714285714286,0.85,,0.0,37.78670927051945,,50.0,38.43097499786819,0.010000000000001563,retrodiction,0,37.78672285643237,1.0,1.0,100/50/50 Hz,1.0,700,denied,307,18,37.947652367622325,0.12078617034053886,0.03204269132899915,before_outage,2.003863793385268
3.7481482660363477,1.0,,49.86666666666667,held-out,stress,40,1.0,,100.0,0.85,,0.0,36.344597615728055,,50.0,38.450043459549185,0.010000000000005116,retrodiction,0,36.344619391269006,1.0,1.0,100/50/50 Hz,1.0,1500,denied,307,25,35.76044964601666,0.16442737888265496,0.0397850100121655,outage_window,2.7155191592302024
3.8552752632100855,1.0,,49.95,held-out,stress,60,1.0,,100.0,0.85,,0.0,36.73325872568154,,50.0,37.67588286805302,0.010000000000005116,retrodiction,0,36.73328768813377,1.0,1.0,100/50/50 Hz,1.0,2000,denied,307,40,37.47981816903699,0.18119286344690427,0.046127771913189404,after_return,2.9582785113731673
0.41223114657363785,1.0,,49.93617021276596,held-out,stress,60,1.0,,99.59574468085107,0.85,,0.0,0.2906815068459471,,50.0,0.3876908767555141,0.010000000000005116,horizon,0,0.29505893499349056,1.0,1.0,100/50/50 Hz,1.0,4700,denied,307,13,0.27262908107197753,0.04767999054737257,0.050636317967072915,flight,0.3077956751151903
0.2803796393953775,1.0,,49.857142857142854,held-out,stress,25,1.0,,99.85714285714286,0.85,,0.0,0.22383156860368736,,50.0,0.26333889447705483,0.010000000000001563,horizon,0,0.22748931990516455,1.0,1.0,100/50/50 Hz,1.0,700,denied,307,18,0.24324414588742305,0.04532814359806476,0.04063027894719757,before_outage,0.14636972047238916
0.35409593002930984,1.0,,49.93333333333333,held-out,stress,40,1.0,,100.0,0.85,,0.0,0.2534645809000407,,50.0,0.33609553755894844,0.010000000000005116,horizon,0,0.2575740255867621,1.0,1.0,100/50/50 Hz,1.0,1500,denied,307,25,0.31774627031493097,0.04281326667607744,0.045826683123882196,outage_window,0.2215387791821538
0.404698186034491,1.0,,50.0,held-out,stress,60,1.0,,99.95,0.85,,0.0,0.341430297439858,,50.0,0.3876908767555141,0.010000000000005116,horizon,0,0.34631702934405256,1.0,1.0,100/50/50 Hz,1.0,2000,denied,307,40,0.27262908107197753,0.046882699351252534,0.05797272465409477,after_return,0.2880569817486087
5.01920025874646,1.0,,49.93617021276596,held-out,stress,60,1.0,,99.55319148936171,0.85,,6.808510638297872,0.09150503003472167,,46.829787234042556,0.4602082585359061,0.010000000000005116,retrodiction,0,0.09931516608239829,1.0,1.0,100/50/50 Hz,1.0,4700,transition,307,13,0.029348926677614896,0.11612326086510898,0.03860481436711022,flight,4.977160669898439
0.823984309880076,1.0,,49.857142857142854,held-out,stress,25,1.0,,100.0,0.85,,10.0,0.055045333945297,,50.0,0.11417177251837496,0.010000000000001563,retrodiction,0,0.06269911652858474,1.0,1.0,100/50/50 Hz,1.0,700,transition,307,18,0.09782745008912369,0.04401538149543947,0.030019833848903662,before_outage,0.5900210804385059
0.7572000072291437,1.0,,49.93333333333333,held-out,stress,40,1.0,,100.0,0.85,,0.06666666666666667,0.07794951023269533,,50.0,0.11201016864317635,0.010000000000005116,retrodiction,0,0.08685279494185093,1.0,1.0,100/50/50 Hz,1.0,1500,transition,307,25,0.10425638269809333,0.05154845655339713,0.038305115111354655,outage_window,0.4652330456233969
0.7806236066727601,1.0,,49.95,held-out,stress,60,1.0,,99.9,0.85,,9.95,0.05603137150532345,,50.0,0.11296585720230375,0.010000000000005116,retrodiction,0,0.07057979400110218,1.0,1.0,100/50/50 Hz,1.0,2000,transition,307,40,0.029348926677614896,0.04200697291680735,0.042918442754490124,after_return,0.49803962487805004
0.5635840518698861,1.0,,49.93617021276596,held-out,stress,60,1.0,,99.57446808510639,0.85,,6.808510638297872,0.06632091449855697,,50.0,0.11982985914389174,0.010000000000005116,horizon,0,0.07933720227364435,1.0,1.0,100/50/50 Hz,1.0,4700,transition,307,13,0.02241070684432795,0.04753308363832445,0.043542254933389174,flight,0.4192068858018179
0.4404496363694181,1.0,,49.857142857142854,held-out,stress,25,1.0,,99.85714285714286,0.85,,10.0,0.0646294197846955,,50.0,0.0918913369628295,0.010000000000001563,horizon,0,0.07203934624072629,1.0,1.0,100/50/50 Hz,1.0,700,transition,307,18,0.08291825294694743,0.047672787408119116,0.03182303419042339,before_outage,0.28502850765389415
0.6568702345185464,1.0,,49.93333333333333,held-out,stress,40,1.0,,100.0,0.85,,0.13333333333333333,0.09205394804811447,,50.0,0.11982985914389174,0.010000000000005116,horizon,0,0.10260381450331779,1.0,1.0,100/50/50 Hz,1.0,1500,transition,307,25,0.09895237239361432,0.048653193785198744,0.04531681144328545,outage_window,0.5336419975330516
0.49776977416564194,1.0,,50.0,held-out,stress,60,1.0,,99.95,0.85,,9.9,0.044020724625248836,,50.0,0.1092755837683549,0.010000000000005116,horizon,0,0.06460539441650891,1.0,1.0,100/50/50 Hz,1.0,2000,transition,307,40,0.02241070684432795,0.04569817409928882,0.04728670839866834,after_return,0.3287604018199004
0.6388456796708772,1.0,,49.91489361702128,held-out,zero,60,1.0,,99.7872340425532,0.85,,10.0,0.03867594870391807,,50.0,0.07149638415294961,0.010000000000005116,retrodiction,0,0.061798337651176316,1.0,1.0,100/50/50 Hz,1.0,4700,gps,911,13,0.06358976916968394,0.043973021777028186,0.04819964240843177,flight,0.30680956982104035
0.5505529691793971,1.0,,49.714285714285715,held-out,zero,25,1.0,,100.0,0.85,,10.0,0.0430490272557346,,50.0,0.06585248646998221,0.010000000000001563,retrodiction,0,0.05825117190141315,1.0,1.0,100/50/50 Hz,1.0,700,gps,911,18,0.03714170517253263,0.047453000506717254,0.03924258248666879,before_outage,0.27332506584008653
0.5466198867052884,1.0,,49.93333333333333,held-out,zero,40,1.0,,100.0,0.85,,10.0,0.035343519912613565,,50.0,0.06669745776079548,0.010000000000005116,retrodiction,0,0.06209688802762813,1.0,1.0,100/50/50 Hz,1.0,1500,gps,911,25,0.033927999896213805,0.04258838703303521,0.05105740987263724,outage_window,0.29160969278601667
0.7113428735837547,1.0,,49.95,held-out,zero,60,1.0,,100.0,0.85,,10.0,0.03908179482791694,,50.0,0.07149638415294961,0.010000000000005116,retrodiction,0,0.06566353010156524,1.0,1.0,100/50/50 Hz,1.0,2000,gps,911,40,0.06358976916968394,0.04419258072762393,0.05276658505558011,after_return,0.27231606038572403
0.4406944360446308,1.0,,49.91489361702128,held-out,zero,60,1.0,,99.74468085106383,0.85,,10.0,0.03898360512196443,,50.0,0.08902971616833329,0.010000000000005116,horizon,0,0.0559737627815335,1.0,1.0,100/50/50 Hz,1.0,4700,gps,911,13,0.065570099223584,0.0471216256160754,0.04016641198337404,flight,0.2855095998202825
0.36195666857924746,1.0,,49.714285714285715,held-out,zero,25,1.0,,100.0,0.85,,10.0,0.042462175440277396,,50.0,0.06562417615063237,0.010000000000001563,horizon,0,0.053070425663604766,1.0,1.0,100/50/50 Hz,1.0,700,gps,911,18,0.034735765314139216,0.05029021512339177,0.03183447403358978,before_outage,0.2837546265737874
0.36756544975607686,1.0,,49.93333333333333,held-out,zero,40,1.0,,100.0,0.85,,10.0,0.03666667370872839,,50.0,0.07645622375610317,0.010000000000005116,horizon,0,0.05442311662445844,1.0,1.0,100/50/50 Hz,1.0,1500,gps,911,25,0.021938056821901707,0.045186478168465126,0.04021729307470917,outage_window,0.28935894386979977
0.49383440417841684,1.0,,49.95,held-out,zero,60,1.0,,100.0,0.85,,10.0,0.03944875027705882,,50.0,0.08902971616833329,0.010000000000005116,horizon,0,0.059935059431462115,1.0,1.0,100/50/50 Hz,1.0,2000,gps,911,40,0.065570099223584,0.047419985387925544,0.04512213925149324,after_return,0.2688729799565635
1.1307020861093395,1.0,,49.95744680851064,held-out,zero,60,1.0,,99.7872340425532,0.85,,0.0,0.7692978798464535,,50.0,0.9095212227105832,0.010000000000005116,retrodiction,0,0.7709159303129516,1.0,1.0,100/50/50 Hz,1.0,4700,denied,911,13,0.8286695954522715,0.06821452718950055,0.04992137492132343,flight,1.0493189160519723
1.0947201053298368,1.0,,49.857142857142854,held-out,zero,25,1.0,,100.0,0.85,,0.0,0.7993482037221482,,50.0,0.9095212227105832,0.010000000000001563,retrodiction,0,0.800310993086972,1.0,1.0,100/50/50 Hz,1.0,700,denied,911,18,0.8537516208527012,0.06925029635812321,0.03924455200445696,before_outage,1.028745439318206
1.2194035695523533,1.0,,49.93333333333333,held-out,zero,40,1.0,,100.0,0.85,,0.0,0.742406677704953,,50.0,0.8954302444767575,0.010000000000005116,retrodiction,0,0.7442684088854266,1.0,1.0,100/50/50 Hz,1.0,1500,denied,911,25,0.7967418157451008,0.07355670119984237,0.052609783918377215,outage_window,1.1196777707477543
0.9749341658465212,1.0,,50.0,held-out,zero,60,1.0,,100.0,0.85,,0.0,0.7767367460516554,,50.0,0.8927897599930091,0.010000000000005116,retrodiction,0,0.7786871241288199,1.0,1.0,100/50/50 Hz,1.0,2000,denied,911,40,0.8286695954522715,0.06123106814038432,0.05507871292158433,after_return,0.9103440422353214
0.4687644112413589,1.0,,49.95744680851064,held-out,zero,60,1.0,,99.74468085106383,0.85,,0.0,0.8185612490222087,,50.0,0.9337235032605335,0.010000000000005116,horizon,0,0.8199648617050455,1.0,1.0,100/50/50 Hz,1.0,4700,denied,911,13,0.8146652341793165,0.04987242327960919,0.04795681422046148,flight,0.4280007579197683
0.2668501906867655,1.0,,49.857142857142854,held-out,zero,25,1.0,,100.0,0.85,,0.0,0.8200563758699124,,50.0,0.8847790433011469,0.010000000000001563,horizon,0,0.8209749628677773,1.0,1.0,100/50/50 Hz,1.0,700,denied,911,18,0.8107096115703353,0.04659223563236281,0.03882563651574833,before_outage,0.2343556612787639
0.5224973825021804,1.0,,49.93333333333333,held-out,zero,40,1.0,,100.0,0.85,,0.0,0.799186857114715,,50.0,0.8913202719323892,0.010000000000005116,horizon,0,0.8006212587651662,1.0,1.0,100/50/50 Hz,1.0,1500,denied,911,25,0.8492709087152486,0.05136620156410888,0.04790373056269663,outage_window,0.47491543256215724
0.453825400098199,1.0,,50.0,held-out,zero,60,1.0,,100.0,0.85,,0.0,0.827350185318984,,50.0,0.890312851758943,0.010000000000005116,horizon,0,0.8290920046711263,1.0,1.0,100/50/50 Hz,1.0,2000,denied,911,40,0.8146652341793165,0.04878835746347302,0.05371427242577076,after_return,0.41225505382440003
0.5740705610132277,1.0,,49.91489361702128,held-out,zero,60,1.0,,99.7872340425532,0.85,,6.808510638297872,0.037485282853744945,,50.0,0.11461634702758958,0.010000000000005116,retrodiction,0,0.061647333582777436,1.0,1.0,100/50/50 Hz,1.0,4700,transition,911,13,0.06447644493477017,0.044799924352550966,0.0489412638500578,flight,0.2713249243295765
0.5505529691793971,1.0,,49.714285714285715,held-out,zero,25,1.0,,100.0,0.85,,10.0,0.0430490272557346,,50.0,0.06585248646998221,0.010000000000001563,retrodiction,0,0.05825117190141315,1.0,1.0,100/50/50 Hz,1.0,700,transition,911,18,0.03714170517253263,0.047453000506717254,0.03924258248666879,before_outage,0.27332506584008653
0.41911182696181154,1.0,,49.93333333333333,held-out,zero,40,1.0,,100.0,0.85,,0.0,0.023079159085944694,,50.0,0.04165636018981207,0.010000000000005116,retrodiction,0,0.057996340474829745,1.0,1.0,100/50/50 Hz,1.0,1500,transition,911,25,0.0227362038280895,0.045044518775078264,0.05320646506166363,outage_window,0.12957440107311657
0.6432189767581313,1.0,,49.95,held-out,zero,60,1.0,,100.0,0.85,,10.0,0.0430310381186296,,50.0,0.11461634702758958,0.010000000000005116,retrodiction,0,0.0680972048208494,1.0,1.0,100/50/50 Hz,1.0,2000,transition,911,40,0.06447644493477017,0.04431772983778631,0.05277839579644081,after_return,0.2777247613850258
0.39907606279072755,1.0,,49.91489361702128,held-out,zero,60,1.0,,99.74468085106383,0.85,,6.808510638297872,0.036658085638189515,,50.0,0.11636677451027351,0.010000000000005116,horizon,0,0.056411005468349096,1.0,1.0,100/50/50 Hz,1.0,4700,transition,911,13,0.06630979250415593,0.04748573493882267,0.04287640721064763,flight,0.2676827918425056
0.36195666857924746,1.0,,49.714285714285715,held-out,zero,25,1.0,,100.0,0.85,,10.0,0.042462175440277396,,50.0,0.06562417615063237,0.010000000000001563,horizon,0,0.053070425663604766,1.0,1.0,100/50/50 Hz,1.0,700,transition,911,18,0.034735765314139216,0.05029021512339177,0.03183447403358978,before_outage,0.2837546265737874
0.31461969641817134,1.0,,49.93333333333333,held-out,zero,40,1.0,,100.0,0.85,,0.13333333333333333,0.01954748222315867,,50.0,0.047083720629288485,0.010000000000005116,horizon,0,0.0519583954247155,1.0,1.0,100/50/50 Hz,1.0,1500,transition,911,25,0.009587295753949768,0.046536581610416634,0.04814115488691971,outage_window,0.22473162035302394
0.4345449352485902,1.0,,49.95,held-out,zero,60,1.0,,100.0,0.85,,9.9,0.04318078210090933,,50.0,0.11636677451027351,0.010000000000005116,horizon,0,0.06248471459022547,1.0,1.0,100/50/50 Hz,1.0,2000,transition,911,40,0.06630979250415593,0.047294077238120666,0.0451636979727715,after_return,0.2720955973324946
0.3278696242151759,1.0,,49.95744680851064,held-out,nominal,60,1.0,,99.72340425531915,0.85,,10.0,0.046425362830469774,,50.0,0.1265991695069189,0.010000000000005116,retrodiction,0,0.06700315106181744,1.0,1.0,100/50/50 Hz,1.0,4700,gps,911,13,0.02519684728517401,0.03415816404901941,0.04831260641149434,flight,0.2704281254007959
0.2843107926702264,1.0,,49.857142857142854,held-out,nominal,25,1.0,,100.0,0.85,,10.0,0.04272973331470503,,50.0,0.08958694858972702,0.010000000000001563,retrodiction,0,0.05782167732391756,1.0,1.0,100/50/50 Hz,1.0,700,gps,911,18,0.06493882332240537,0.03708691612884334,0.03895531105517486,before_outage,0.24237801169232967
0.26088463589546645,1.0,,49.93333333333333,held-out,nominal,40,1.0,,100.0,0.85,,10.0,0.04304921460923223,,50.0,0.09287217561880348,0.010000000000005116,retrodiction,0,0.06705472508412788,1.0,1.0,100/50/50 Hz,1.0,1500,gps,911,25,0.04471332948800961,0.03233137929666263,0.05141110072383429,outage_window,0.22730137945077214
0.33915953563794915,1.0,,50.0,held-out,nominal,60,1.0,,100.0,0.85,,10.0,0.04795060930339748,,50.0,0.1265991695069189,0.010000000000005116,retrodiction,0,0.071272123625743,1.0,1.0,100/50/50 Hz,1.0,2000,gps,911,40,0.02519684728517401,0.03240724693002336,0.0527300168173321,after_return,0.2859168124218091
0.44029564154565837,1.0,,49.91489361702128,held-out,nominal,60,1.0,,99.74468085106383,0.85,,10.0,0.038987177416867386,,50.0,0.08902368501346025,0.010000000000005116,horizon,0,0.05611861425983401,1.0,1.0,100/50/50 Hz,1.0,4700,gps,911,13,0.06557055357767577,0.04712148469192586,0.04036457436304452,flight,0.2854366334518545
0.3629384979439553,1.0,,49.714285714285715,held-out,nominal,25,1.0,,100.0,0.85,,10.0,0.04247719879414385,,50.0,0.0656361523717141,0.010000000000001563,horizon,0,0.053110663987112755,1.0,1.0,100/50/50 Hz,1.0,700,gps,911,18,0.03475295943403553,0.05029101491030375,0.031881502658356306,before_outage,0.2838595838062334
0.36737773185048617,1.0,,49.93333333333333,held-out,nominal,40,1.0,,100.0,0.85,,10.0,0.03667137404901793,,50.0,0.07645143042887004,0.010000000000005116,horizon,0,0.05457968728587161,1.0,1.0,100/50/50 Hz,1.0,1500,gps,911,25,0.02193966238776598,0.045183918077494445,0.04042465324007801,outage_window,0.28929408182506844
0.4925239804880642,1.0,,49.95,held-out,nominal,60,1.0,,100.0,0.85,,10.0,0.03944107769929987,,50.0,0.08902368501346025,0.010000000000005116,horizon,0,0.060152952827413425,1.0,1.0,100/50/50 Hz,1.0,2000,gps,911,40,0.06557055357767577,0.047418461016762614,0.04541782825911886,after_return,0.268834366670784
14.26234921182317,1.0,,49.93617021276596,held-out,nominal,60,1.0,,99.76595744680851,0.85,,0.0,12.742702796149308,,20.5531914893617,14.12960719937777,0.010000000000005116,retrodiction,0,12.742804501947544,1.0,1.0,100/50/50 Hz,1.0,4700,denied,911,13,13.180935018250558,0.7126918072902356,0.0509119226039897,flight,13.992654355588657
18.28421659468711,1.0,,49.714285714285715,held-out,nominal,25,1.0,,100.0,0.85,,0.0,11.957913896689952,,0.0,13.340345778741732,0.010000000000001563,retrodiction,0,11.95797462615263,1.0,1.0,100/50/50 Hz,1.0,700,denied,911,18,13.144027933877888,0.9450652600694337,0.03811035370440169,before_outage,18.012865195009077
17.66602796135079,1.0,,49.93333333333333,held-out,nominal,40,1.0,,100.0,0.85,,0.0,12.52400188748596,,0.0,13.89879997260085,0.010000000000005116,retrodiction,0,12.5241088647818,1.0,1.0,100/50/50 Hz,1.0,1500,denied,911,25,13.710092558794221,0.914650615219721,0.0517646515895585,outage_window,17.47243443411589
6.533849900496787,1.0,,50.0,held-out,nominal,60,1.0,,100.0,0.85,,0.0,13.362185093365124,,48.3,14.12960719937777,0.010000000000005116,retrodiction,0,13.36231292245457,1.0,1.0,100/50/50 Hz,1.0,2000,denied,911,40,13.180935018250558,0.3194574577992276,0.05844799609290832,after_return,5.90708141883126
0.4640268610030818,1.0,,49.95744680851064,held-out,nominal,60,1.0,,99.74468085106383,0.85,,0.0,0.8240171757675064,,50.0,0.937913106707796,0.010000000000005116,horizon,0,0.8254242347043903,1.0,1.0,100/50/50 Hz,1.0,4700,denied,911,13,0.8201513513978897,0.04978160027751596,0.048175318135649015,flight,0.4236065426347556
0.26365279270280995,1.0,,49.857142857142854,held-out,nominal,25,1.0,,100.0,0.85,,0.0,0.825657321035979,,50.0,0.889818086552953,0.010000000000001563,horizon,0,0.8265683474009659,1.0,1.0,100/50/50 Hz,1.0,700,denied,911,18,0.8158861360376914,0.046534277652571454,0.03879717959922192,before_outage,0.23153783441198353
0.5175836702575959,1.0,,49.93333333333333,held-out,nominal,40,1.0,,100.0,0.85,,0.0,0.8047244002587685,,50.0,0.8959928237555027,0.010000000000005116,horizon,0,0.8061623161183556,1.0,1.0,100/50/50 Hz,1.0,1500,denied,911,25,0.8542743969585668,0.05124434724583452,0.048128157636429636,outage_window,0.470511631457468
0.449297493741676,1.0,,50.0,held-out,nominal,60,1.0,,100.0,0.85,,0.0,0.8327850032172835,,50.0,0.8948507865777361,0.010000000000005116,horizon,0,0.8345375343934422,1.0,1.0,100/50/50 Hz,1.0,2000,denied,911,40,0.8201513513978897,0.04872427281135094,0.05405584823009306,after_return,0.40793891790222675
0.3653312616543995,1.0,,49.95744680851064,held-out,nominal,60,1.0,,99.72340425531915,0.85,,6.808510638297872,0.0485689537976658,,50.0,0.12548072422719075,0.010000000000005116,retrodiction,0,0.0690736744260828,1.0,1.0,100/50/50 Hz,1.0,4700,transition,911,13,0.0256285788806307,0.039153957231513735,0.04911445027403533,flight,0.30993841069861594
0.2843107926702264,1.0,,49.857142857142854,held-out,nominal,25,1.0,,100.0,0.85,,10.0,0.04272973331470503,,50.0,0.08958694858972702,0.010000000000001563,retrodiction,0,0.05782167732391756,1.0,1.0,100/50/50 Hz,1.0,700,transition,911,18,0.06493882332240537,0.03708691612884334,0.03895531105517486,before_outage,0.24237801169232967
0.39041854943922033,1.0,,49.93333333333333,held-out,nominal,40,1.0,,100.0,0.85,,0.06666666666666667,0.04841616702720631,,50.0,0.07586770588280765,0.010000000000005116,retrodiction,0,0.07233469819556144,1.0,1.0,100/50/50 Hz,1.0,1500,transition,911,25,0.030341295788898527,0.04685011130373537,0.05374182108411121,outage_window,0.3482229771893664
0.335828285508905,1.0,,50.0,held-out,nominal,60,1.0,,100.0,0.85,,9.95,0.04908789283524845,,50.0,0.12548072422719075,0.010000000000005116,retrodiction,0,0.07204060924378125,1.0,1.0,100/50/50 Hz,1.0,2000,transition,911,40,0.0256285788806307,0.03238381049210086,0.05272786888553664,after_return,0.28885979557969876
0.3995170663248537,1.0,,49.91489361702128,held-out,nominal,60,1.0,,99.74468085106383,0.85,,6.808510638297872,0.036672969631618625,,50.0,0.11635166882150173,0.010000000000005116,horizon,0,0.05658354018269349,1.0,1.0,100/50/50 Hz,1.0,4700,transition,911,13,0.06630778519244923,0.0474945450890424,0.04309048987891489,flight,0.2679273322588932
0.3629384979439553,1.0,,49.714285714285715,held-out,nominal,25,1.0,,100.0,0.85,,10.0,0.04247719879414385,,50.0,0.0656361523717141,0.010000000000001563,horizon,0,0.053110663987112755,1.0,1.0,100/50/50 Hz,1.0,700,transition,911,18,0.03475295943403553,0.05029101491030375,0.031881502658356306,before_outage,0.2838595838062334
0.31650434945342254,1.0,,49.93333333333333,held-out,nominal,40,1.0,,100.0,0.85,,0.13333333333333333,0.01962055321651062,,50.0,0.04709412034012922,0.010000000000005116,horizon,0,0.052218704754171744,1.0,1.0,100/50/50 Hz,1.0,1500,transition,911,25,0.009406468347713597,0.04656187596599786,0.04839242727619098,outage_window,0.2258445002187471
0.43381385176938675,1.0,,49.95,held-out,nominal,60,1.0,,100.0,0.85,,9.9,0.043174031854127604,,50.0,0.11635166882150173,0.010000000000005116,horizon,0,0.06269469871770578,1.0,1.0,100/50/50 Hz,1.0,2000,transition,911,40,0.06630778519244923,0.047293162029847916,0.04546018280608508,after_return,0.2720601476100247
0.4000056856942382,1.0,,49.95744680851064,held-out,stress,60,1.0,,99.65957446808511,0.85,,10.0,0.050174413799886124,,50.0,0.14753719042229743,0.010000000000005116,retrodiction,0,0.06992344815256359,1.0,1.0,100/50/50 Hz,1.0,4700,gps,911,13,0.03576581656658297,0.03743736075250953,0.04870130184483826,flight,0.313799768902503
0.3824898975616665,1.0,,49.857142857142854,held-out,stress,25,1.0,,100.0,0.85,,10.0,0.046220802792123074,,50.0,0.12058238058034905,0.010000000000001563,retrodiction,0,0.060614525588933356,1.0,1.0,100/50/50 Hz,1.0,700,gps,911,18,0.07996724368490025,0.03892976719389079,0.039214258906973165,before_outage,0.2542217870952847
0.36561359113812547,1.0,,49.93333333333333,held-out,stress,40,1.0,,100.0,0.85,,10.0,0.04581092183496097,,50.0,0.09783867696481087,0.010000000000005116,retrodiction,0,0.06906524644460808,1.0,1.0,100/50/50 Hz,1.0,1500,gps,911,25,0.03129524253954162,0.03643112951580526,0.05168527553458088,outage_window,0.31418801916239586
0.38816676907638503,1.0,,50.0,held-out,stress,60,1.0,,100.0,0.85,,10.0,0.05256018609568862,,50.0,0.14753719042229743,0.010000000000005116,retrodiction,0,0.07480696010955383,1.0,1.0,100/50/50 Hz,1.0,2000,gps,911,40,0.03576581656658297,0.03509526170242379,0.05323070653691305,after_return,0.3327985035615309
0.44011876176175585,1.0,,49.91489361702128,held-out,stress,60,1.0,,99.74468085106383,0.85,,10.0,0.0389755744378544,,50.0,0.08901932889627179,0.010000000000005116,horizon,0,0.060976245127105165,1.0,1.0,100/50/50 Hz,1.0,4700,gps,911,13,0.06556952541490221,0.04712158776664919,0.04689357170274074,flight,0.285398224847898
0.3634042748475291,1.0,,49.714285714285715,held-out,stress,25,1.0,,100.0,0.85,,10.0,0.04245484477500761,,50.0,0.06561275074401177,0.010000000000001563,horizon,0,0.05542491206896305,1.0,1.0,100/50/50 Hz,1.0,700,gps,911,18,0.034741630763160294,0.050292339339780216,0.035630142197054106,before_outage,0.2839215610658684
0.36726442207230137,1.0,,49.93333333333333,held-out,stress,40,1.0,,100.0,0.85,,10.0,0.03666913483313342,,50.0,0.0764490348836419,0.010000000000005116,horizon,0,0.059708084095434356,1.0,1.0,100/50/50 Hz,1.0,1500,gps,911,25,0.021937225289685346,0.045182571732929624,0.04712143733946306,outage_window,0.2892541954264413
0.49194738155544826,1.0,,49.95,held-out,stress,60,1.0,,100.0,0.85,,10.0,0.03943633931714691,,50.0,0.08901932889627179,0.010000000000005116,horizon,0,0.06673241286825604,1.0,1.0,100/50/50 Hz,1.0,2000,gps,911,40,0.06556952541490221,0.047417926561015684,0.05383298309105893,after_return,0.2688193081658598
0.8031018275813802,1.0,,49.93617021276596,held-out,stress,60,1.0,,99.74468085106383,0.85,,0.0,0.7157982522134393,,50.0,0.8340828016034976,0.010000000000005116,retrodiction,0,0.7176631858381326,1.0,1.0,100/50/50 Hz,1.0,4700,denied,911,13,0.692079557797285,0.05539289344484149,0.05170406594769554,flight,0.5716880588223628
1.0200530286206158,1.0,,49.714285714285715,held-out,stress,25,1.0,,100.0,0.85,,0.0,0.6963559932641948,,50.0,0.7693915446365459,0.010000000000001563,retrodiction,0,0.6975429742836509,1.0,1.0,100/50/50 Hz,1.0,700,denied,911,18,0.6345536441730196,0.06407702480499902,0.040675934132096546,before_outage,0.8432983357898681
0.7875483519809993,1.0,,49.93333333333333,held-out,stress,40,1.0,,100.0,0.85,,0.0,0.696487723666539,,50.0,0.8340828016034976,0.010000000000005116,retrodiction,0,0.6985602322442881,1.0,1.0,100/50/50 Hz,1.0,1500,denied,911,25,0.8002556840518175,0.05243415153675901,0.05377033433963657,outage_window,0.5461153577337701
0.7034563889850832,1.0,,50.0,held-out,stress,60,1.0,,100.0,0.85,,0.0,0.730481230855133,,50.0,0.8146999786367106,0.010000000000005116,retrodiction,0,0.7327515241988541,1.0,1.0,100/50/50 Hz,1.0,2000,denied,911,40,0.692079557797285,0.05258128655824436,0.05763651259500217,after_return,0.4978398154269935
0.4771446217549609,1.0,,49.95744680851064,held-out,stress,60,1.0,,99.74468085106383,0.85,,0.0,1.1026214705689106,,50.0,1.2151697394951817,0.010000000000005116,horizon,0,1.103992633734564,1.0,1.0,100/50/50 Hz,1.0,4700,denied,911,13,1.0974049785327393,0.05036424070082264,0.055005708618582436,flight,0.4361377764075005
0.27315232242656823,1.0,,49.857142857142854,held-out,stress,25,1.0,,100.0,0.85,,0.0,1.1034491914530093,,50.0,1.167444812511426,0.010000000000001563,horizon,0,1.1042015269581527,1.0,1.0,100/50/50 Hz,1.0,700,denied,911,18,1.0947933437418487,0.04657834256251585,0.04075406750762357,before_outage,0.24083873772735728
0.5313928943584489,1.0,,49.93333333333333,held-out,stress,40,1.0,,100.0,0.85,,0.0,1.0840396389501157,,50.0,1.1754950549762175,0.010000000000005116,horizon,0,1.0854444660464753,1.0,1.0,100/50/50 Hz,1.0,1500,denied,911,25,1.1337395943651833,0.05197586441883593,0.055206431290389046,outage_window,0.4831790626007534
0.4604682193598226,1.0,,50.0,held-out,stress,60,1.0,,100.0,0.85,,0.0,1.111446425694727,,50.0,1.1735801265940242,0.010000000000005116,horizon,0,1.113238601121115,1.0,1.0,100/50/50 Hz,1.0,2000,denied,911,40,1.0974049785327393,0.049437085346165685,0.06314290012750882,after_return,0.4189784401156941
0.40244247832754276,1.0,,49.95744680851064,held-out,stress,60,1.0,,99.65957446808511,0.85,,6.808510638297872,0.0540768399904343,,50.0,0.14770147157410451,0.010000000000005116,retrodiction,0,0.07338072288730389,1.0,1.0,100/50/50 Hz,1.0,4700,transition,911,13,0.038505279585561554,0.04091770899183635,0.049602680049693385,flight,0.3009661396503142
0.3824898975616665,1.0,,49.857142857142854,held-out,stress,25,1.0,,100.0,0.85,,10.0,0.046220802792123074,,50.0,0.12058238058034905,0.010000000000001563,retrodiction,0,0.060614525588933356,1.0,1.0,100/50/50 Hz,1.0,700,transition,911,18,0.07996724368490025,0.03892976719389079,0.039214258906973165,before_outage,0.2542217870952847
0.2980132560459443,1.0,,49.93333333333333,held-out,stress,40,1.0,,100.0,0.85,,0.06666666666666667,0.054653544321780906,,50.0,0.0832540985637507,0.010000000000005116,retrodiction,0,0.07704786999555278,1.0,1.0,100/50/50 Hz,1.0,1500,transition,911,25,0.03051146938040871,0.04578165661967435,0.054308050636335065,outage_window,0.19813052149682317
0.4346431617086548,1.0,,50.0,held-out,stress,60,1.0,,100.0,0.85,,9.95,0.05524810663031085,,50.0,0.14770147157410451,0.010000000000005116,retrodiction,0,0.0767176330372897,1.0,1.0,100/50/50 Hz,1.0,2000,transition,911,40,0.038505279585561554,0.03599971685155204,0.053228206175016335,after_return,0.36987552925841516
0.39971298339685896,1.0,,49.91489361702128,held-out,stress,60,1.0,,99.74468085106383,0.85,,6.808510638297872,0.036667111207350285,,50.0,0.11636293999510708,0.010000000000005116,horizon,0,0.061897914455716706,1.0,1.0,100/50/50 Hz,1.0,4700,transition,911,13,0.0663107473490357,0.04750090513156634,0.04986857497136879,flight,0.2680430750076731
0.3634042748475291,1.0,,49.714285714285715,held-out,stress,25,1.0,,100.0,0.85,,10.0,0.04245484477500761,,50.0,0.06561275074401177,0.010000000000001563,horizon,0,0.05542491206896305,1.0,1.0,100/50/50 Hz,1.0,700,transition,911,18,0.034741630763160294,0.050292339339780216,0.035630142197054106,before_outage,0.2839215610658684
0.31733039366447047,1.0,,49.93333333333333,held-out,stress,40,1.0,,100.0,0.85,,0.13333333333333333,0.019644315989380764,,50.0,0.04707996971298996,0.010000000000005116,horizon,0,0.05916159918161627,1.0,1.0,100/50/50 Hz,1.0,1500,transition,911,25,0.009282333563863104,0.04658007126305069,0.055804978873175634,outage_window,0.22637868364042896
0.43348082870987026,1.0,,49.95,held-out,stress,60,1.0,,100.0,0.85,,9.9,0.043173098572791765,,50.0,0.11636293999510708,0.010000000000005116,horizon,0,0.06905122194774231,1.0,1.0,100/50/50 Hz,1.0,2000,transition,911,40,0.0663107473490357,0.04729299276810058,0.05389021072607134,after_return,0.2720430997151894
0.35076890796388227,1.0,,25.0,held-out,zero,60,1.0,,25.0,0.85,,10.0,0.03430703457509693,,25.0,0.06750169598944168,0.010000000000005116,retrodiction,0,0.07873945787296846,1.0,1.0,25/25/25 Hz,1.0,4700,gps,101,13,0.048426521792722235,0.047168962860917776,0.07087262944742546,flight,0.25597780959285404
0.339896050117006,1.0,,25.0,held-out,zero,25,1.0,,25.0,0.85,,10.0,0.04867127457590304,,25.0,0.06750169598944168,0.010000000000001563,retrodiction,0,0.07309323861188426,1.0,1.0,25/25/25 Hz,1.0,700,gps,101,18,0.04413956092733635,0.04925732746960574,0.05453190407395381,before_outage,0.2588908689127901
0.31445862360784815,1.0,,25.0,held-out,zero,40,1.0,,25.0,0.85,,10.0,0.02779594939341684,,25.0,0.044819401030187146,0.010000000000005116,retrodiction,0,0.07721512731798297,1.0,1.0,25/25/25 Hz,1.0,1500,gps,101,25,0.02395626636074425,0.04652685069024761,0.07203860828785442,outage_window,0.23796508554576432
0.3729203034864643,1.0,,25.0,held-out,zero,60,1.0,,25.0,0.85,,10.0,0.03367193309608143,,25.0,0.06293618947642832,0.010000000000005116,retrodiction,0,0.08474382069759057,1.0,1.0,25/25/25 Hz,1.0,2000,gps,101,40,0.048426521792722235,0.046669742075363334,0.07776706287367678,after_return,0.2685384515301216
0.3560537748476914,1.0,,25.0,held-out,zero,60,1.0,,25.0,0.85,,10.0,0.0361099179894789,,25.0,0.08039202363858183,0.010000000000005116,horizon,0,0.094496377724365,1.0,1.0,25/25/25 Hz,1.0,4700,gps,101,13,0.03543010087088123,0.05090769943699158,0.08732490610254885,flight,0.2576478087552677
0.3464638279150864,1.0,,25.0,held-out,zero,25,1.0,,25.0,0.85,,10.0,0.04978128494686849,,25.0,0.08039202363858183,0.010000000000001563,horizon,0,0.08127625881027112,1.0,1.0,25/25/25 Hz,1.0,700,gps,101,18,0.05358208307686336,0.05207794870645884,0.0642468202733245,before_outage,0.254069000386965
0.32696682543492983,1.0,,25.0,held-out,zero,40,1.0,,25.0,0.85,,10.0,0.029729459618077363,,25.0,0.05411105197318098,0.010000000000005116,horizon,0,0.09069083748484603,1.0,1.0,25/25/25 Hz,1.0,1500,gps,101,25,0.022625450269937182,0.049563538871236594,0.08567956135812008,outage_window,0.24119948993359908
0.3713225220804438,1.0,,25.0,held-out,zero,60,1.0,,25.0,0.85,,10.0,0.03549688038928466,,25.0,0.07542674128488945,0.010000000000005116,horizon,0,0.10495147713432686,1.0,1.0,25/25/25 Hz,1.0,2000,gps,101,40,0.03543010087088123,0.05016525090717983,0.09876631022421538,after_return,0.26647781395734127
0.7233413428806849,1.0,,24.97872340425532,held-out,zero,60,1.0,,25.0,0.85,,0.0,0.3028134000863705,,25.0,0.48173138056518217,0.010000000000005116,retrodiction,0,0.3126962956121388,1.0,1.0,25/25/25 Hz,1.0,4700,denied,101,13,0.32111045621735584,0.06869211269025557,0.0779937049875555,flight,0.6477526710142566
1.0881416659752834,1.0,,25.0,held-out,zero,25,1.0,,25.0,0.85,,0.0,0.341270860628809,,25.0,0.48173138056518217,0.010000000000001563,retrodiction,0,0.34694224672631846,1.0,1.0,25/25/25 Hz,1.0,700,denied,101,18,0.3304114890537091,0.08831370875968704,0.06247497298260863,before_outage,0.9956440740971019
0.6335024321647938,1.0,,25.0,held-out,zero,40,1.0,,25.0,0.85,,0.0,0.265167964889949,,25.0,0.3538925680586367,0.010000000000005116,retrodiction,0,0.27645592004928327,1.0,1.0,25/25/25 Hz,1.0,1500,denied,101,25,0.28119868244425633,0.062324052318904984,0.07819095936499607,outage_window,0.5384478189208282
0.553415040965406,1.0,,25.0,held-out,zero,60,1.0,,25.0,0.85,,0.0,0.3134431134384122,,25.0,0.38779472311005014,0.010000000000005116,retrodiction,0,0.32450219072337855,1.0,1.0,25/25/25 Hz,1.0,2000,denied,101,40,0.32111045621735584,0.05543183802789051,0.08399456186150758,after_return,0.5044979545646178
0.6295817601868805,1.0,,24.95744680851064,held-out,zero,60,1.0,,25.0,0.85,,0.0,0.3235508762598234,,25.0,0.4916722039968761,0.010000000000005116,horizon,0,0.3387367422303371,1.0,1.0,25/25/25 Hz,1.0,4700,denied,101,13,0.36371272783948033,0.07003875825454484,0.10028664421707567,flight,0.5647085267430243
0.9535900362845894,1.0,,25.0,held-out,zero,25,1.0,,25.0,0.85,,0.0,0.3587293555902822,,25.0,0.4916722039968761,0.010000000000001563,horizon,0,0.367540969558517,1.0,1.0,25/25/25 Hz,1.0,700,denied,101,18,0.3155537644598871,0.08861045400360533,0.07999758584979676,before_outage,0.8697010285463781
0.5513280472245232,1.0,,25.0,held-out,zero,40,1.0,,25.0,0.85,,0.0,0.2885321108960106,,25.0,0.3714954784956023,0.010000000000005116,horizon,0,0.30430663631570914,1.0,1.0,25/25/25 Hz,1.0,1500,denied,101,25,0.3107342482073909,0.06334197468808199,0.0967044460594935,outage_window,0.4660230802821292
0.49068588368307914,1.0,,25.0,held-out,zero,60,1.0,,25.0,0.85,,0.0,0.34347085960156704,,25.0,0.41680165088387383,0.010000000000005116,horizon,0,0.3604921014186314,1.0,1.0,25/25/25 Hz,1.0,2000,denied,101,40,0.36371272783948033,0.05613157806766958,0.10946380127595359,after_return,0.4530096261606137
0.35368567356618485,1.0,,25.0,held-out,zero,60,1.0,,25.0,0.85,,6.808510638297872,0.03606920549109047,,25.0,0.07174723652151181,0.010000000000005116,retrodiction,0,0.08132061414254473,1.0,1.0,25/25/25 Hz,1.0,4700,transition,101,13,0.04886313977114162,0.05021048787745627,0.07288384388712038,flight,0.2775720873083016
0.339896050117006,1.0,,25.0,held-out,zero,25,1.0,,25.0,0.85,,10.0,0.04867127457590304,,25.0,0.06750169598944168,0.010000000000001563,retrodiction,0,0.07309323861188426,1.0,1.0,25/25/25 Hz,1.0,700,transition,101,18,0.04413956092733635,0.04925732746960574,0.05453190407395381,before_outage,0.2588908689127901
0.33972135496893047,1.0,,25.0,held-out,zero,40,1.0,,25.0,0.85,,0.0,0.0289178689323263,,25.0,0.049002811570425894,0.010000000000005116,retrodiction,0,0.08324477639433038,1.0,1.0,25/25/25 Hz,1.0,1500,transition,101,25,0.012635572245724602,0.055426931583237526,0.07806055119812351,outage_window,0.2935413930097367
0.36263395573595775,1.0,,25.0,held-out,zero,60,1.0,,25.0,0.85,,10.0,0.03711486207422059,,25.0,0.07174723652151181,0.010000000000005116,retrodiction,0,0.08617863192803944,1.0,1.0,25/25/25 Hz,1.0,2000,transition,101,40,0.04886313977114162,0.046835295735822347,0.07777688354646309,after_return,0.2775506120894804
0.36104907283083004,1.0,,25.0,held-out,zero,60,1.0,,25.0,0.85,,6.808510638297872,0.037319867925030545,,25.0,0.08039202363858183,0.010000000000005116,horizon,0,0.09832414234345553,1.0,1.0,25/25/25 Hz,1.0,4700,transition,101,13,0.035671250715753465,0.053843821172032146,0.09096628180614166,flight,0.2803000981909047
0.3464638279150864,1.0,,25.0,held-out,zero,25,1.0,,25.0,0.85,,10.0,0.04978128494686849,,25.0,0.08039202363858183,0.010000000000001563,horizon,0,0.08127625881027112,1.0,1.0,25/25/25 Hz,1.0,700,transition,101,18,0.05358208307686336,0.05207794870645884,0.0642468202733245,before_outage,0.254069000386965
0.3485663699312726,1.0,,25.0,held-out,zero,40,1.0,,25.0,0.85,,0.13333333333333333,0.030011462495421446,,25.0,0.059443390174179156,0.010000000000005116,horizon,0,0.10110110693853012,1.0,1.0,25/25/25 Hz,1.0,1500,transition,101,25,0.018698457763701246,0.05844040456280001,0.09654401039464858,outage_window,0.2987761262114376
0.3679062966036353,1.0,,25.0,held-out,zero,60,1.0,,25.0,0.85,,9.9,0.038159954671745086,,25.0,0.07652256556871587,0.010000000000005116,horizon,0,0.10607462639104687,1.0,1.0,25/25/25 Hz,1.0,2000,transition,101,40,0.035671250715753465,0.05020232646196683,0.09897294692718074,after_return,0.276277862059926
0.4242202716336899,1.0,,25.0,held-out,nominal,60,1.0,,25.0,0.85,,10.0,0.04433710521829238,,25.0,0.0970607219513133,0.010000000000005116,retrodiction,0,0.08421608014475948,1.0,1.0,25/25/25 Hz,1.0,4700,gps,101,13,0.03317316434472101,0.04316045204477016,0.07160006463551986,flight,0.3150996278045989
0.37357635989370297,1.0,,25.0,held-out,nominal,25,1.0,,25.0,0.85,,10.0,0.054653773513462935,,25.0,0.09541207560542025,0.010000000000001563,retrodiction,0,0.07854498285587384,1.0,1.0,25/25/25 Hz,1.0,700,gps,101,18,0.029439317705296227,0.04862689803598887,0.05641169535272462,before_outage,0.27932759599689083
0.40887713960683686,1.0,,25.0,held-out,nominal,40,1.0,,25.0,0.85,,10.0,0.04087380481049654,,25.0,0.07806861240677788,0.010000000000005116,retrodiction,0,0.08307273082424403,1.0,1.0,25/25/25 Hz,1.0,1500,gps,101,25,0.03121889906556464,0.04030517986285687,0.07232157829383104,outage_window,0.27286318967778733
0.31315983893847127,1.0,,25.0,held-out,nominal,60,1.0,,25.0,0.85,,10.0,0.0396452923576422,,25.0,0.08509484305840943,0.010000000000005116,retrodiction,0,0.08751648454710269,1.0,1.0,25/25/25 Hz,1.0,2000,gps,101,40,0.03317316434472101,0.039104940169875826,0.07802170122062414,after_return,0.23127771786946963
0.3559656758999524,1.0,,25.0,held-out,nominal,60,1.0,,25.0,0.85,,10.0,0.03610776710814327,,25.0,0.0803835032558518,0.010000000000005116,horizon,0,0.08964603843262381,1.0,1.0,25/25/25 Hz,1.0,4700,gps,101,13,0.03543346577479993,0.050908151670183956,0.08205267430820004,flight,0.2578071793966042
0.3462296802093349,1.0,,25.0,held-out,nominal,25,1.0,,25.0,0.85,,10.0,0.049776367255709796,,25.0,0.0803835032558518,0.010000000000001563,horizon,0,0.07754632046178543,1.0,1.0,25/25/25 Hz,1.0,700,gps,101,18,0.053583612147707536,0.052078937552517524,0.05946213147866989,before_outage,0.2541039144843971
0.3266746167031158,1.0,,25.0,held-out,nominal,40,1.0,,25.0,0.85,,10.0,0.02972671543384971,,25.0,0.05411254126068066,0.010000000000005116,horizon,0,0.08562128788867117,1.0,1.0,25/25/25 Hz,1.0,1500,gps,101,25,0.02262264960131634,0.04956176592254036,0.08029525097556908,outage_window,0.24115476665110078
0.37111769443433873,1.0,,25.0,held-out,nominal,60,1.0,,25.0,0.85,,10.0,0.03549763372525479,,25.0,0.07543171336474462,0.010000000000005116,horizon,0,0.09980001964936859,1.0,1.0,25/25/25 Hz,1.0,2000,gps,101,40,0.03543346577479993,0.0501652747752698,0.09327358641074122,after_return,0.2664619708536801
0.5502006256976356,1.0,,24.97872340425532,held-out,nominal,60,1.0,,25.0,0.85,,0.0,0.15323692971327676,,25.0,0.2340995473626714,0.010000000000005116,retrodiction,0,0.17218153716626688,1.0,1.0,25/25/25 Hz,1.0,4700,denied,101,13,0.23027993549712353,0.06637049870922924,0.078517037087417,flight,0.47011575237512093
0.8030406898138541,1.0,,25.0,held-out,nominal,25,1.0,,25.0,0.85,,0.0,0.15928708291215993,,25.0,0.2043519395092524,0.010000000000001563,retrodiction,0,0.17138238501055927,1.0,1.0,25/25/25 Hz,1.0,700,denied,101,18,0.1599234150963915,0.08459126684121636,0.06324197268620152,before_outage,0.720479637555155
0.425410030720627,1.0,,25.0,held-out,nominal,40,1.0,,25.0,0.85,,0.0,0.15237178688768316,,25.0,0.19037403488802393,0.010000000000005116,retrodiction,0,0.17145436092525634,1.0,1.0,25/25/25 Hz,1.0,1500,denied,101,25,0.1578730340477071,0.058212860660094595,0.07860939155687781,outage_window,0.32063529325480755
0.4656932265308211,1.0,,25.0,held-out,nominal,60,1.0,,25.0,0.85,,0.0,0.16524824960331616,,25.0,0.2340995473626714,0.010000000000005116,retrodiction,0,0.18554435269131045,1.0,1.0,25/25/25 Hz,1.0,2000,denied,101,40,0.23027993549712353,0.05439990382550077,0.08437844996607567,after_return,0.40585288141472503
0.6087170481124416,1.0,,24.95744680851064,held-out,nominal,60,1.0,,25.0,0.85,,0.0,0.31755899473471594,,25.0,0.48608251639267896,0.010000000000005116,horizon,0,0.331463408309586,1.0,1.0,25/25/25 Hz,1.0,4700,denied,101,13,0.35742287902493625,0.06958152132809786,0.09499618893031424,flight,0.5444498122072341
0.9330251217376689,1.0,,25.0,held-out,nominal,25,1.0,,25.0,0.85,,0.0,0.3540260843217519,,25.0,0.48608251639267896,0.010000000000001563,horizon,0,0.36206164972590543,1.0,1.0,25/25/25 Hz,1.0,700,denied,101,18,0.31073108863519,0.08807816584144972,0.07585624444995966,before_outage,0.8516074447023251
0.5335006834814308,1.0,,25.0,held-out,nominal,40,1.0,,25.0,0.85,,0.0,0.28258542262313,,25.0,0.3659379365458797,0.010000000000005116,horizon,0,0.29694030375404945,1.0,1.0,25/25/25 Hz,1.0,1500,denied,101,25,0.30385175930170705,0.06293776853292914,0.09120867784621232,outage_window,0.44897069314176735
0.4680051014763027,1.0,,25.0,held-out,nominal,60,1.0,,25.0,0.85,,0.0,0.33655636479525963,,25.0,0.40855017696117574,0.010000000000005116,horizon,0,0.35219177916153893,1.0,1.0,25/25/25 Hz,1.0,2000,denied,101,40,0.35742287902493625,0.05556196102172673,0.10377313055300172,after_return,0.4302546451423631
0.40134635906560007,1.0,,25.0,held-out,nominal,60,1.0,,25.0,0.85,,6.808510638297872,0.04233280005085466,,25.0,0.10413549976038333,0.010000000000005116,retrodiction,0,0.08487842865919416,1.0,1.0,25/25/25 Hz,1.0,4700,transition,101,13,0.03297676467993112,0.04827245104959236,0.07356821114794264,flight,0.3015964369659728
0.37357635989370297,1.0,,25.0,held-out,nominal,25,1.0,,25.0,0.85,,10.0,0.054653773513462935,,25.0,0.09541207560542025,0.010000000000001563,retrodiction,0,0.07854498285587384,1.0,1.0,25/25/25 Hz,1.0,700,transition,101,18,0.029439317705296227,0.04862689803598887,0.05641169535272462,before_outage,0.27932759599689083
0.3280124820683942,1.0,,25.0,held-out,nominal,40,1.0,,25.0,0.85,,0.06666666666666667,0.027625382875619584,,25.0,0.05655647939397007,0.010000000000005116,retrodiction,0,0.0829529536531317,1.0,1.0,25/25/25 Hz,1.0,1500,transition,101,25,0.023418911596954597,0.055358065943748966,0.07821784157565358,outage_window,0.2226608931009439
0.31366076167471346,1.0,,25.0,held-out,nominal,60,1.0,,25.0,0.85,,9.95,0.0429436072656634,,25.0,0.10413549976038333,0.010000000000005116,retrodiction,0,0.0890912366613848,1.0,1.0,25/25/25 Hz,1.0,2000,transition,101,40,0.03297676467993112,0.03933944492961437,0.07805827979700383,after_return,0.22929764733663716
0.3606851712984462,1.0,,25.0,held-out,nominal,60,1.0,,25.0,0.85,,6.808510638297872,0.03730011370302642,,25.0,0.0803835032558518,0.010000000000005116,horizon,0,0.09343883027209456,1.0,1.0,25/25/25 Hz,1.0,4700,transition,101,13,0.03567219572137475,0.053833297628437936,0.0856709782852898,flight,0.2799805094601094
0.3462296802093349,1.0,,25.0,held-out,nominal,25,1.0,,25.0,0.85,,10.0,0.049776367255709796,,25.0,0.0803835032558518,0.010000000000001563,horizon,0,0.07754632046178543,1.0,1.0,25/25/25 Hz,1.0,700,transition,101,18,0.053583612147707536,0.052078937552517524,0.05946213147866989,before_outage,0.2541039144843971
0.34720885695308623,1.0,,25.0,held-out,nominal,40,1.0,,25.0,0.85,,0.13333333333333333,0.02994049962081786,,25.0,0.0594374402399106,0.010000000000005116,horizon,0,0.09589261753790371,1.0,1.0,25/25/25 Hz,1.0,1500,transition,101,25,0.01862320341439474,0.05840710074693682,0.09109863105846587,outage_window,0.29737158292382887
0.36782920036845923,1.0,,25.0,held-out,nominal,60,1.0,,25.0,0.85,,9.9,0.03816025440293285,,25.0,0.07652218938831325,0.010000000000005116,horizon,0,0.10096335287414379,1.0,1.0,25/25/25 Hz,1.0,2000,transition,101,40,0.03567219572137475,0.05020250665737621,0.09347402637894829,after_return,0.2762589048439476
0.44841659529744915,1.0,,24.97872340425532,held-out,stress,60,1.0,,24.97872340425532,0.85,,10.0,0.051943806091423954,,25.0,0.13112573950974818,0.010000000000005116,retrodiction,0,0.08963686679149885,1.0,1.0,25/25/25 Hz,1.0,4700,gps,101,13,0.041626542913436856,0.05219858527273638,0.07305209714261088,flight,0.37838597155206877
0.5200833400677842,1.0,,25.0,held-out,stress,25,1.0,,25.0,0.85,,10.0,0.06360135117203505,,25.0,0.11742487181787092,0.010000000000001563,retrodiction,0,0.0858477458783514,1.0,1.0,25/25/25 Hz,1.0,700,gps,101,18,0.030864004935152307,0.0642375968118066,0.05766024281500618,before_outage,0.4600584560832577
0.4510223182106089,1.0,,25.0,held-out,stress,40,1.0,,25.0,0.85,,10.0,0.04836687918424971,,25.0,0.09667461734265054,0.010000000000005116,retrodiction,0,0.08767419982882992,1.0,1.0,25/25/25 Hz,1.0,1500,gps,101,25,0.03604567678175405,0.046606423025499805,0.07312598931708064,outage_window,0.3909422502261469
0.3416253305435561,1.0,,25.0,held-out,stress,60,1.0,,25.0,0.85,,10.0,0.044316664754921395,,25.0,0.1050808760087772,0.010000000000005116,retrodiction,0,0.0906151330836616,1.0,1.0,25/25/25 Hz,1.0,2000,gps,101,40,0.041626542913436856,0.04162301916217086,0.07903882317424527,after_return,0.28292772332554167
0.35566076254481743,1.0,,25.0,held-out,stress,60,1.0,,25.0,0.85,,10.0,0.03611031703009994,,25.0,0.08038255950224242,0.010000000000005116,horizon,0,0.08173746265456379,1.0,1.0,25/25/25 Hz,1.0,4700,gps,101,13,0.03543969820739245,0.05090743533764592,0.07332842426502757,flight,0.258064397500068
0.34513997699172405,1.0,,25.0,held-out,stress,25,1.0,,25.0,0.85,,10.0,0.04977882506142662,,25.0,0.08038255950224242,0.010000000000001563,horizon,0,0.07193905647154289,1.0,1.0,25/25/25 Hz,1.0,700,gps,101,18,0.05359501848157008,0.0520798074281232,0.05193550251532878,before_outage,0.254104884997458
0.3261953497415607,1.0,,25.0,held-out,stress,40,1.0,,25.0,0.85,,10.0,0.02973050124273097,,25.0,0.05412396509781848,0.010000000000005116,horizon,0,0.077298254052388,1.0,1.0,25/25/25 Hz,1.0,1500,gps,101,25,0.02262316244147361,0.0495577751380849,0.07135206637094324,outage_window,0.2410500911806275
0.37070429505800484,1.0,,25.0,held-out,stress,60,1.0,,25.0,0.85,,10.0,0.03549870019376522,,25.0,0.07543534235432947,0.010000000000005116,horizon,0,0.09124680165794828,1.0,1.0,25/25/25 Hz,1.0,2000,gps,101,40,0.03543969820739245,0.050163970831444846,0.08405843858505893,after_return,0.2664450213013528
0.6570870721865328,1.0,,24.95744680851064,held-out,stress,60,1.0,,24.97872340425532,0.85,,0.0,0.26266326209639307,,25.0,0.45106867068960527,0.010000000000005116,retrodiction,0,0.27459462374957055,1.0,1.0,25/25/25 Hz,1.0,4700,denied,101,13,0.2786445935049682,0.07250487996870893,0.08006383788608774,flight,0.582369121950738
0.9528260848980923,1.0,,25.0,held-out,stress,25,1.0,,25.0,0.85,,0.0,0.3066896775066753,,25.0,0.45106867068960527,0.010000000000001563,retrodiction,0,0.31356762892510065,1.0,1.0,25/25/25 Hz,1.0,700,denied,101,18,0.2615806596300988,0.09354000195446027,0.06531538578743215,before_outage,0.8789462367709355
0.5902668129316133,1.0,,25.0,held-out,stress,40,1.0,,25.0,0.85,,0.0,0.21605953039141126,,25.0,0.29445352035940053,0.010000000000005116,retrodiction,0,0.23018588504699583,1.0,1.0,25/25/25 Hz,1.0,1500,denied,101,25,0.24343746808407382,0.06598566375070983,0.07939660573293805,outage_window,0.48244090105910853
0.5421084045051588,1.0,,25.0,held-out,stress,60,1.0,,25.0,0.85,,0.0,0.2831092023827678,,25.0,0.35758976837275724,0.010000000000005116,retrodiction,0,0.29559837045042187,1.0,1.0,25/25/25 Hz,1.0,2000,denied,101,40,0.2786445935049682,0.05812889924178675,0.0850151524090728,after_return,0.49963041518929446
0.6570010263920191,1.0,,24.97872340425532,held-out,stress,60,1.0,,25.0,0.85,,0.0,0.3758599340809199,,25.0,0.5261821293194272,0.010000000000005116,horizon,0,0.3854718055324408,1.0,1.0,25/25/25 Hz,1.0,4700,denied,101,13,0.41830920905479285,0.06970654461911724,0.08554427399380035,flight,0.5863247509119479
0.9936649148427749,1.0,,25.0,held-out,stress,25,1.0,,25.0,0.85,,0.0,0.39656927557308125,,25.0,0.5261821293194272,0.010000000000001563,horizon,0,0.4026092130900045,1.0,1.0,25/25/25 Hz,1.0,700,denied,101,18,0.3540347345642846,0.088781221235379,0.06947652939226442,before_outage,0.9086815531856867
0.5838346696750509,1.0,,25.0,held-out,stress,40,1.0,,25.0,0.85,,0.0,0.3385405838925213,,25.0,0.410659689417351,0.010000000000005116,horizon,0,0.34828833858898783,1.0,1.0,25/25/25 Hz,1.0,1500,denied,101,25,0.3648604991910644,0.06392666017416149,0.08182322319970142,outage_window,0.4929493466098357
0.4985663682799861,1.0,,25.0,held-out,stress,60,1.0,,25.0,0.85,,0.0,0.40046113342690587,,25.0,0.47299652588690894,0.010000000000005116,horizon,0,0.411354068900173,1.0,1.0,25/25/25 Hz,1.0,2000,denied,101,40,0.41830920905479285,0.05592814784388007,0.09403749579378515,after_return,0.45376111675346514
0.4310465374707677,1.0,,24.97872340425532,held-out,stress,60,1.0,,24.97872340425532,0.85,,6.808510638297872,0.05034318374546731,,25.0,0.13112573950974818,0.010000000000005116,retrodiction,0,0.09028062584526793,1.0,1.0,25/25/25 Hz,1.0,4700,transition,101,13,0.041396134198469645,0.056755433019598754,0.07494101182519071,flight,0.3599771712092469
0.5200833400677842,1.0,,25.0,held-out,stress,25,1.0,,25.0,0.85,,10.0,0.06360135117203505,,25.0,0.11742487181787092,0.010000000000001563,retrodiction,0,0.0858477458783514,1.0,1.0,25/25/25 Hz,1.0,700,transition,101,18,0.030864004935152307,0.0642375968118066,0.05766024281500618,before_outage,0.4600584560832577
0.3825012553243672,1.0,,25.0,held-out,stress,40,1.0,,25.0,0.85,,0.06666666666666667,0.03787687130107409,,25.0,0.07115576813190522,0.010000000000005116,retrodiction,0,0.0874553224822761,1.0,1.0,25/25/25 Hz,1.0,1500,transition,101,25,0.041660070104183676,0.06081211620192258,0.07882750821204978,outage_window,0.34158809388392536
0.3516304061196317,1.0,,25.0,held-out,stress,60,1.0,,25.0,0.85,,9.95,0.04751569544908783,,25.0,0.11890849887688551,0.010000000000005116,retrodiction,0,0.09226069866117502,1.0,1.0,25/25/25 Hz,1.0,2000,transition,101,40,0.041396134198469645,0.04188978118686872,0.07908410209035491,after_return,0.2742645934768221
0.3595619564748783,1.0,,25.0,held-out,stress,60,1.0,,25.0,0.85,,6.808510638297872,0.03726944663509901,,25.0,0.08038255950224242,0.010000000000005116,horizon,0,0.08547380023755828,1.0,1.0,25/25/25 Hz,1.0,4700,transition,101,13,0.03567600953172209,0.053813823347096085,0.0769204711020644,flight,0.2792740242667166
0.34513997699172405,1.0,,25.0,held-out,stress,25,1.0,,25.0,0.85,,10.0,0.04977882506142662,,25.0,0.08038255950224242,0.010000000000001563,horizon,0,0.07193905647154289,1.0,1.0,25/25/25 Hz,1.0,700,transition,101,18,0.05359501848157008,0.0520798074281232,0.05193550251532878,before_outage,0.254104884997458
0.3440074102491169,1.0,,25.0,held-out,stress,40,1.0,,25.0,0.85,,0.13333333333333333,0.029817016745749797,,25.0,0.059446787568576936,0.010000000000005116,horizon,0,0.08734288119370034,1.0,1.0,25/25/25 Hz,1.0,1500,transition,101,25,0.018418354083056622,0.05834990242718023,0.08209582454425152,outage_window,0.29450602747360605
0.3674580632333158,1.0,,25.0,held-out,stress,60,1.0,,25.0,0.85,,9.9,0.03815988758568608,,25.0,0.07652156700267,0.010000000000005116,horizon,0,0.09248697398437197,1.0,1.0,25/25/25 Hz,1.0,2000,transition,101,40,0.03567600953172209,0.05020077566096939,0.08424763104226551,after_return,0.27623145255904963
0.46155593114191107,1.0,,24.95744680851064,held-out,zero,60,1.0,,24.95744680851064,0.85,,10.0,0.05029001793946673,,25.0,0.08807395838265449,0.010000000000005116,retrodiction,0,0.06997596679644288,1.0,1.0,25/25/25 Hz,1.0,4700,gps,307,13,0.03140570516441891,0.04627961578749453,0.048657476555458476,flight,0.289980639767829
0.4227326666001337,1.0,,25.0,held-out,zero,25,1.0,,25.0,0.85,,10.0,0.06125767166721098,,25.0,0.08761364735951943,0.010000000000001563,retrodiction,0,0.07335906793218118,1.0,1.0,25/25/25 Hz,1.0,700,gps,307,18,0.08711298325407128,0.046765831263884554,0.04036149786356486,before_outage,0.3059147909797177
0.4417066428441992,1.0,,24.933333333333334,held-out,zero,40,1.0,,25.0,0.85,,10.0,0.05916376168957969,,25.0,0.08807395838265449,0.010000000000005116,retrodiction,0,0.07596448104230166,1.0,1.0,25/25/25 Hz,1.0,1500,gps,307,25,0.027338629931490954,0.04546969993656204,0.04764715818141551,outage_window,0.2771734418162812
0.4479017312755917,1.0,,24.95,held-out,zero,60,1.0,,24.95,0.85,,10.0,0.03956070016250203,,25.0,0.07436705376273502,0.010000000000005116,retrodiction,0,0.06756012423454481,1.0,1.0,25/25/25 Hz,1.0,2000,gps,307,40,0.03140570516441891,0.046958194463069425,0.05476606055980054,after_return,0.27250743306292813
0.48093919459609635,1.0,,24.95744680851064,held-out,zero,60,1.0,,24.95744680851064,0.85,,10.0,0.05187859364295353,,25.0,0.1026324027334927,0.010000000000005116,horizon,0,0.07234324022848784,1.0,1.0,25/25/25 Hz,1.0,4700,gps,307,13,0.018793229766170837,0.05015008673490534,0.05041979698874246,flight,0.29499730260658297
0.43379050840633987,1.0,,25.0,held-out,zero,25,1.0,,25.0,0.85,,10.0,0.061141316609531496,,25.0,0.09079161988228288,0.010000000000001563,horizon,0,0.07229252523030201,1.0,1.0,25/25/25 Hz,1.0,700,gps,307,18,0.0825567267097754,0.0502819071069737,0.03857393689302247,before_outage,0.30690148602594597
0.47037062767642485,1.0,,24.933333333333334,held-out,zero,40,1.0,,25.0,0.85,,10.0,0.06199154997826249,,25.0,0.1026324027334927,0.010000000000005116,horizon,0,0.07878292526517379,1.0,1.0,25/25/25 Hz,1.0,1500,gps,307,25,0.0281507201100175,0.04946588091342575,0.04861889596268659,outage_window,0.2749944818311741
0.4531416093585609,1.0,,24.95,held-out,zero,60,1.0,,24.95,0.85,,10.0,0.04116979275431984,,25.0,0.08293566308943659,0.010000000000005116,horizon,0,0.0715019160024261,1.0,1.0,25/25/25 Hz,1.0,2000,gps,307,40,0.018793229766170837,0.049952605067787884,0.058460004760385965,after_return,0.27436773290522837
0.3098418590399624,1.0,,24.95744680851064,held-out,zero,60,1.0,,24.97872340425532,0.85,,0.0,0.11985044894616971,,25.0,0.17737875230313516,0.010000000000005116,retrodiction,0,0.13151436081639004,1.0,1.0,25/25/25 Hz,1.0,4700,denied,307,13,0.1495497154785311,0.05748971121576391,0.05414699426879751,flight,0.2496215445134135
0.31165251572884745,1.0,,25.0,held-out,zero,25,1.0,,25.0,0.85,,0.0,0.13547286814177437,,25.0,0.1669448939205502,0.010000000000001563,retrodiction,0,0.14392770209464903,1.0,1.0,25/25/25 Hz,1.0,700,denied,307,18,0.1666957481957266,0.06360077397589783,0.048603347906162324,before_outage,0.2723272434223707
0.3612615886466446,1.0,,24.933333333333334,held-out,zero,40,1.0,,25.0,0.85,,0.0,0.12240507790775494,,25.0,0.17737875230313516,0.010000000000005116,retrodiction,0,0.13222768425535364,1.0,1.0,25/25/25 Hz,1.0,1500,denied,307,25,0.08452652390396562,0.05378838248284575,0.050011572520067264,outage_window,0.2967613890529044
0.28623353274156543,1.0,,24.95,held-out,zero,60,1.0,,25.0,0.85,,0.0,0.11226058435640097,,25.0,0.15799315674665668,0.010000000000005116,retrodiction,0,0.12724034620848762,1.0,1.0,25/25/25 Hz,1.0,2000,denied,307,40,0.1495497154785311,0.0491791266521438,0.05989713601847059,after_return,0.22478030360367574
0.376797826907593,1.0,,24.95744680851064,held-out,zero,60,1.0,,24.97872340425532,0.85,,0.0,0.07482072267095209,,25.0,0.14593301173065928,0.010000000000005116,horizon,0,0.0973796751952491,1.0,1.0,25/25/25 Hz,1.0,4700,denied,307,13,0.09546046595436224,0.061476343981773214,0.062327045494942966,flight,0.31251558119852646
0.37896573444973425,1.0,,25.0,held-out,zero,25,1.0,,25.0,0.85,,0.0,0.06735748852040542,,25.0,0.1005397390532471,0.010000000000001563,horizon,0,0.08712906500462034,1.0,1.0,25/25/25 Hz,1.0,700,denied,307,18,0.07468906395770265,0.06629402090318157,0.05526701284494043,before_outage,0.3378985530424777
0.4375297137323541,1.0,,24.933333333333334,held-out,zero,40,1.0,,25.0,0.85,,0.0,0.09991088716957917,,25.0,0.14593301173065928,0.010000000000005116,horizon,0,0.11404521767971097,1.0,1.0,25/25/25 Hz,1.0,1500,denied,307,25,0.06898200633780918,0.05852223980130075,0.0549920567045849,outage_window,0.3681376483985484
0.3548676725398704,1.0,,24.95,held-out,zero,60,1.0,,25.0,0.85,,0.0,0.05236643021766811,,25.0,0.1161200265321223,0.010000000000005116,horizon,0,0.08713547416952541,1.0,1.0,25/25/25 Hz,1.0,2000,denied,307,40,0.09546046595436224,0.052540339964720524,0.06964443872274459,after_return,0.288103947146633
0.43848668998904194,1.0,,24.95744680851064,held-out,zero,60,1.0,,24.95744680851064,0.85,,6.808510638297872,0.07820080795717906,,25.0,0.14914284059951313,0.010000000000005116,retrodiction,0,0.09252633499019362,1.0,1.0,25/25/25 Hz,1.0,4700,transition,307,13,0.03131670353947982,0.04839343360946207,0.049454588276134,flight,0.27741690843494465
0.4227326666001337,1.0,,25.0,held-out,zero,25,1.0,,25.0,0.85,,10.0,0.06125767166721098,,25.0,0.08761364735951943,0.010000000000001563,retrodiction,0,0.07335906793218118,1.0,1.0,25/25/25 Hz,1.0,700,transition,307,18,0.08711298325407128,0.046765831263884554,0.04036149786356486,before_outage,0.3059147909797177
0.34609755257383806,1.0,,24.933333333333334,held-out,zero,40,1.0,,25.0,0.85,,0.0,0.11862016481465014,,25.0,0.14914284059951313,0.010000000000005116,retrodiction,0,0.1287855311032103,1.0,1.0,25/25/25 Hz,1.0,1500,transition,307,25,0.14486678327425845,0.0518101094490175,0.05014947179064987,outage_window,0.20605331244899427
0.4564133401428744,1.0,,24.95,held-out,zero,60,1.0,,24.95,0.85,,10.0,0.04544241936441188,,25.0,0.10989389512477642,0.010000000000005116,retrodiction,0,0.07116587130685154,1.0,1.0,25/25/25 Hz,1.0,2000,transition,307,40,0.03131670353947982,0.047040008146893034,0.054768309825776795,after_return,0.2885886028573337
0.45676749953183354,1.0,,24.95744680851064,held-out,zero,60,1.0,,24.95744680851064,0.85,,6.808510638297872,0.07867875577878164,,25.0,0.15754002975157197,0.010000000000005116,horizon,0,0.09475282208466582,1.0,1.0,25/25/25 Hz,1.0,4700,transition,307,13,0.019051587053106948,0.05182628019029588,0.05279915417988405,flight,0.27882873099169103
0.43379050840633987,1.0,,25.0,held-out,zero,25,1.0,,25.0,0.85,,10.0,0.061141316609531496,,25.0,0.09079161988228288,0.010000000000001563,horizon,0,0.07229252523030201,1.0,1.0,25/25/25 Hz,1.0,700,transition,307,18,0.0825567267097754,0.0502819071069737,0.03857393689302247,before_outage,0.30690148602594597
0.3564750833216531,1.0,,24.933333333333334,held-out,zero,40,1.0,,25.0,0.85,,0.13333333333333333,0.117682149036266,,25.0,0.15754002975157197,0.010000000000005116,horizon,0,0.13022622392840716,1.0,1.0,25/25/25 Hz,1.0,1500,transition,307,25,0.15239491896250204,0.05477544171624321,0.05576541219122942,outage_window,0.17748439700271304
0.47191402104705316,1.0,,24.95,held-out,zero,60,1.0,,24.95,0.85,,9.9,0.04912129372335349,,25.0,0.15304878208804215,0.010000000000005116,horizon,0,0.0764730881469035,1.0,1.0,25/25/25 Hz,1.0,2000,transition,307,40,0.019051587053106948,0.04981813426696919,0.05861084979479572,after_return,0.29422001470700454
0.38520197647967264,1.0,,24.95744680851064,held-out,nominal,60,1.0,,24.97872340425532,0.85,,10.0,0.056729000375878635,,25.0,0.11258887910400651,0.010000000000005116,retrodiction,0,0.07565203708962473,1.0,1.0,25/25/25 Hz,1.0,4700,gps,307,13,0.03260352634709651,0.042028356219064526,0.0500504868324327,flight,0.34754498140584095
0.3615847417843618,1.0,,25.0,held-out,nominal,25,1.0,,25.0,0.85,,10.0,0.06636881592727112,,25.0,0.09342950701680888,0.010000000000001563,retrodiction,0,0.0781637640261572,1.0,1.0,25/25/25 Hz,1.0,700,gps,307,18,0.09207835865871737,0.03926826179457425,0.041288670106323255,before_outage,0.34159942309543234
0.29180221570193604,1.0,,24.933333333333334,held-out,nominal,40,1.0,,25.0,0.85,,10.0,0.06826207543217692,,25.0,0.11258887910400651,0.010000000000005116,retrodiction,0,0.08369971264192758,1.0,1.0,25/25/25 Hz,1.0,1500,gps,307,25,0.02953990129589236,0.0390356593535029,0.048434811386367946,outage_window,0.2602346758346691
0.4115607833329687,1.0,,24.95,held-out,nominal,60,1.0,,25.0,0.85,,10.0,0.044965637373747876,,25.0,0.08316757599723011,0.010000000000005116,retrodiction,0,0.07201475601172509,1.0,1.0,25/25/25 Hz,1.0,2000,gps,307,40,0.03260352634709651,0.04081739220087666,0.056251369218899054,after_return,0.37078950044777037
0.4805140554218212,1.0,,24.95744680851064,held-out,nominal,60,1.0,,24.95744680851064,0.85,,10.0,0.05188101060831963,,25.0,0.10262562804129602,0.010000000000005116,horizon,0,0.07421078300456267,1.0,1.0,25/25/25 Hz,1.0,4700,gps,307,13,0.018791974320452348,0.05014853431607396,0.053062237536780445,flight,0.29517536485684215
0.43311219396210276,1.0,,25.0,held-out,nominal,25,1.0,,25.0,0.85,,10.0,0.06114977545036155,,25.0,0.09079151900597221,0.010000000000001563,horizon,0,0.07344821277345982,1.0,1.0,25/25/25 Hz,1.0,700,gps,307,18,0.08255598651470915,0.05027979128901895,0.0406859302706204,before_outage,0.30682258590664646
0.4697261774281346,1.0,,24.933333333333334,held-out,nominal,40,1.0,,25.0,0.85,,10.0,0.061989088647211046,,25.0,0.10262562804129602,0.010000000000005116,horizon,0,0.08046545530159055,1.0,1.0,25/25/25 Hz,1.0,1500,gps,307,25,0.028150461519206547,0.04946359039783921,0.05130343444234975,outage_window,0.2749874431554034
0.4525747220206784,1.0,,24.95,held-out,nominal,60,1.0,,24.95,0.85,,10.0,0.04117281635047253,,25.0,0.08294427199200641,0.010000000000005116,horizon,0,0.07401536812112278,1.0,1.0,25/25/25 Hz,1.0,2000,gps,307,40,0.018791974320452348,0.049951578752054096,0.061506698105780154,after_return,0.2743682965741101
0.6118817167866328,1.0,,24.95744680851064,held-out,nominal,60,1.0,,24.97872340425532,0.85,,0.0,0.1368963445766382,,25.0,0.231226024459981,0.010000000000005116,retrodiction,0,0.14746241710340513,1.0,1.0,25/25/25 Hz,1.0,4700,denied,307,13,0.17203798081009483,0.06407325973092322,0.05481382398203003,flight,0.551053244981841
0.6857027113574344,1.0,,25.0,held-out,nominal,25,1.0,,25.0,0.85,,0.0,0.0848449188462119,,25.0,0.11992059502776979,0.010000000000001563,retrodiction,0,0.09820694370680878,1.0,1.0,25/25/25 Hz,1.0,700,denied,307,18,0.09958092941978092,0.07268403435950845,0.04945648125586805,before_outage,0.6263978146151331
0.6580404263072189,1.0,,24.933333333333334,held-out,nominal,40,1.0,,25.0,0.85,,0.0,0.13420190314192854,,25.0,0.18004905516736527,0.010000000000005116,retrodiction,0,0.14340898675630256,1.0,1.0,25/25/25 Hz,1.0,1500,denied,307,25,0.09706026605684077,0.061214809225875265,0.05055676686215006,outage_window,0.5906846681997592
0.56324106454527,1.0,,24.95,held-out,nominal,60,1.0,,25.0,0.85,,0.0,0.1595182529358061,,25.0,0.231226024459981,0.010000000000005116,retrodiction,0,0.17056066406535547,1.0,1.0,25/25/25 Hz,1.0,2000,denied,307,40,0.17203798081009483,0.055049349031983635,0.060372734795793616,after_return,0.5072979028679203
0.4284962132834926,1.0,,24.95744680851064,held-out,nominal,60,1.0,,24.97872340425532,0.85,,0.0,0.12023471038993268,,25.0,0.2160062231028433,0.010000000000005116,horizon,0,0.13681592887864108,1.0,1.0,25/25/25 Hz,1.0,4700,denied,307,13,0.12787786652835986,0.06221442735981181,0.06528562485244661,flight,0.3611523534677389
0.44468512429278606,1.0,,25.0,held-out,nominal,25,1.0,,25.0,0.85,,0.0,0.10915252592591235,,25.0,0.15121440695776953,0.010000000000001563,horizon,0,0.12340522295057443,1.0,1.0,25/25/25 Hz,1.0,700,denied,307,18,0.09580270582059319,0.0675707497404523,0.05757234696861,before_outage,0.3998546634476612
0.4900428629260072,1.0,,24.933333333333334,held-out,nominal,40,1.0,,25.0,0.85,,0.0,0.15459923118993663,,25.0,0.2160062231028433,0.010000000000005116,horizon,0,0.16500679645668545,1.0,1.0,25/25/25 Hz,1.0,1500,denied,307,25,0.1316838313170607,0.05909202595606657,0.057674262824751826,outage_window,0.41684438421583947
0.40221741591778826,1.0,,24.95,held-out,nominal,60,1.0,,25.0,0.85,,0.0,0.10132072839579252,,25.0,0.1767040594402307,0.010000000000005116,horizon,0,0.12508663886785903,1.0,1.0,25/25/25 Hz,1.0,2000,denied,307,40,0.12787786652835986,0.05363979649216804,0.07335378122908337,after_return,0.3327422096585062
0.37664958911435786,1.0,,24.95744680851064,held-out,nominal,60,1.0,,24.97872340425532,0.85,,6.808510638297872,0.07642512531973439,,25.0,0.1456240911395954,0.010000000000005116,retrodiction,0,0.09178612318755296,1.0,1.0,25/25/25 Hz,1.0,4700,transition,307,13,0.0321547362218381,0.04701115489709651,0.050832003990237684,flight,0.34230754353674103
0.3615847417843618,1.0,,25.0,held-out,nominal,25,1.0,,25.0,0.85,,10.0,0.06636881592727112,,25.0,0.09342950701680888,0.010000000000001563,retrodiction,0,0.0781637640261572,1.0,1.0,25/25/25 Hz,1.0,700,transition,307,18,0.09207835865871737,0.03926826179457425,0.041288670106323255,before_outage,0.34159942309543234
0.1997547841378588,1.0,,24.933333333333334,held-out,nominal,40,1.0,,25.0,0.85,,0.06666666666666667,0.11030946677237723,,25.0,0.1456240911395954,0.010000000000005116,retrodiction,0,0.12141381312592207,1.0,1.0,25/25/25 Hz,1.0,1500,transition,307,25,0.13385733281292425,0.05350084957176881,0.050726083607648374,outage_window,0.15846390631319365
0.43359591908894846,1.0,,24.95,held-out,nominal,60,1.0,,25.0,0.85,,9.95,0.05053430125377191,,25.0,0.13399413112926897,0.010000000000005116,retrodiction,0,0.07571529550381552,1.0,1.0,25/25/25 Hz,1.0,2000,transition,307,40,0.0321547362218381,0.04128868919255816,0.05638342282996957,after_return,0.4011890089901818
0.4564522635256598,1.0,,24.95744680851064,held-out,nominal,60,1.0,,24.95744680851064,0.85,,6.808510638297872,0.07867343778409928,,25.0,0.1574979612079547,0.010000000000005116,horizon,0,0.09617311072692741,1.0,1.0,25/25/25 Hz,1.0,4700,transition,307,13,0.01905303257827593,0.051819645701106753,0.05531507402259623,flight,0.2791982449648053
0.43311219396210276,1.0,,25.0,held-out,nominal,25,1.0,,25.0,0.85,,10.0,0.06114977545036155,,25.0,0.09079151900597221,0.010000000000001563,horizon,0,0.07344821277345982,1.0,1.0,25/25/25 Hz,1.0,700,transition,307,18,0.08255598651470915,0.05027979128901895,0.0406859302706204,before_outage,0.30682258590664646
0.35617458052072726,1.0,,24.933333333333334,held-out,nominal,40,1.0,,25.0,0.85,,0.13333333333333333,0.11766795013163782,,25.0,0.1574979612079547,0.010000000000005116,horizon,0,0.13121218114866748,1.0,1.0,25/25/25 Hz,1.0,1500,transition,307,25,0.15236067364463948,0.05475726990266394,0.05805936611442741,outage_window,0.17830649584749728
0.4713593993044588,1.0,,24.95,held-out,nominal,60,1.0,,24.95,0.85,,9.9,0.04912099417248286,,25.0,0.15301517763981526,0.010000000000005116,horizon,0,0.07883893533260597,1.0,1.0,25/25/25 Hz,1.0,2000,transition,307,40,0.01905303257827593,0.04981783600353867,0.061666081891796315,after_return,0.2942466024875453
0.43546177124769536,1.0,,24.93617021276596,held-out,stress,60,1.0,,24.95744680851064,0.85,,10.0,0.060329867209515144,,25.0,0.12328991508726347,0.010000000000005116,retrodiction,0,0.0791175096131294,1.0,1.0,25/25/25 Hz,1.0,4700,gps,307,13,0.03397956148163252,0.04836996346780841,0.05118483613206057,flight,0.38054805777311607
0.44750965317938224,1.0,,25.0,held-out,stress,25,1.0,,24.857142857142858,0.85,,10.0,0.06749312767757182,,25.0,0.10169391300292376,0.010000000000001563,retrodiction,0,0.07998791433304253,1.0,1.0,25/25/25 Hz,1.0,700,gps,307,18,0.1008456613523423,0.04762049635632234,0.04292719599099317,before_outage,0.39791451292170094
0.2983075523926293,1.0,,24.933333333333334,held-out,stress,40,1.0,,25.0,0.85,,10.0,0.07067307440435265,,25.0,0.12328991508726347,0.010000000000005116,retrodiction,0,0.08611102299310201,1.0,1.0,25/25/25 Hz,1.0,1500,gps,307,25,0.03490157846353062,0.04347999321116256,0.049197813316806845,outage_window,0.250177228830624
0.4935337608787813,1.0,,24.95,held-out,stress,60,1.0,,25.0,0.85,,10.0,0.05140951853849275,,25.0,0.09650737712186479,0.010000000000005116,retrodiction,0,0.07666871361440517,1.0,1.0,25/25/25 Hz,1.0,2000,gps,307,40,0.03397956148163252,0.044382851643536905,0.05687840584024878,after_return,0.440657717868825
0.4805246750710095,1.0,,24.95744680851064,held-out,stress,60,1.0,,24.95744680851064,0.85,,10.0,0.05188071146727744,,25.0,0.10262785979017483,0.010000000000005116,horizon,0,0.07319217608165045,1.0,1.0,25/25/25 Hz,1.0,4700,gps,307,13,0.01879221267076023,0.050148664857790744,0.051628348968531135,flight,0.2951497803408992
0.43315324712152253,1.0,,25.0,held-out,stress,25,1.0,,25.0,0.85,,10.0,0.06114818474182099,,25.0,0.09079077809433467,0.010000000000001563,horizon,0,0.07281499098372642,1.0,1.0,25/25/25 Hz,1.0,700,gps,307,18,0.08255588301331257,0.050279915737337616,0.039533813561814256,before_outage,0.30682929755207194
0.46975931274939176,1.0,,24.933333333333334,held-out,stress,40,1.0,,25.0,0.85,,10.0,0.06198978149302651,,25.0,0.10262785979017483,0.010000000000005116,horizon,0,0.07954407599488536,1.0,1.0,25/25/25 Hz,1.0,1500,gps,307,25,0.028150792754072795,0.04946367563628419,0.04984503000627972,outage_window,0.27498760995642646
0.4526069868975713,1.0,,24.95,held-out,stress,60,1.0,,24.95,0.85,,10.0,0.041172297326258094,,25.0,0.08294261545834393,0.010000000000005116,horizon,0,0.07264949548882867,1.0,1.0,25/25/25 Hz,1.0,2000,gps,307,40,0.01879221267076023,0.049951774723638986,0.05985642093927382,after_return,0.27436726173585657
0.236510204208662,1.0,,24.95744680851064,held-out,stress,60,1.0,,24.95744680851064,0.85,,0.0,0.22304905224138213,,25.0,0.31731305389379716,0.010000000000005116,retrodiction,0,0.23000549017758207,1.0,1.0,25/25/25 Hz,1.0,4700,denied,307,13,0.22444242834494532,0.06151646583840889,0.056139520892602844,flight,0.1785653689731022
0.24236183575125722,1.0,,25.0,held-out,stress,25,1.0,,24.857142857142858,0.85,,0.0,0.19320533145600058,,25.0,0.23106236351709866,0.010000000000001563,retrodiction,0,0.2001179419406973,1.0,1.0,25/25/25 Hz,1.0,700,denied,307,18,0.22117824236966083,0.06937266657180402,0.05214298211223861,before_outage,0.1868374787660949
0.20793806749301652,1.0,,24.933333333333334,held-out,stress,40,1.0,,25.0,0.85,,0.0,0.2676495336008874,,25.0,0.31731305389379716,0.010000000000005116,retrodiction,0,0.2725838087316377,1.0,1.0,25/25/25 Hz,1.0,1500,denied,307,25,0.2426489860056827,0.0593645251122521,0.051630029497120034,outage_window,0.14330508135713507
0.210200861050341,1.0,,24.95,held-out,stress,60,1.0,,25.0,0.85,,0.0,0.21801480722374017,,25.0,0.2684200251964411,0.010000000000005116,retrodiction,0,0.22632322198042076,1.0,1.0,25/25/25 Hz,1.0,2000,denied,307,40,0.22444242834494532,0.051268847055760784,0.06075972875839911,after_return,0.14648033049116996
0.420672052701992,1.0,,24.95744680851064,held-out,stress,60,1.0,,24.97872340425532,0.85,,0.0,0.10305534900790678,,25.0,0.19708976525392977,0.010000000000005116,horizon,0,0.12127593372356128,1.0,1.0,25/25/25 Hz,1.0,4700,denied,307,13,0.10728537110487499,0.062051516216310755,0.06393314587426586,flight,0.3513536196285546
0.4240794126746926,1.0,,25.0,held-out,stress,25,1.0,,25.0,0.85,,0.0,0.08925402741070315,,25.0,0.13004468738031985,0.010000000000001563,horizon,0,0.10561948213204284,1.0,1.0,25/25/25 Hz,1.0,700,denied,307,18,0.0778432173370306,0.06701278533448804,0.05647294570686364,before_outage,0.37861908395223237
0.47906395534824836,1.0,,24.933333333333334,held-out,stress,40,1.0,,25.0,0.85,,0.0,0.13527615683769992,,25.0,0.19708976525392977,0.010000000000005116,horizon,0,0.1465886524140439,1.0,1.0,25/25/25 Hz,1.0,1500,denied,307,25,0.11243327623007796,0.05892972766518033,0.056467640359655465,outage_window,0.4042435253573454
0.40167292879678,1.0,,24.95,held-out,stress,60,1.0,,25.0,0.85,,0.0,0.08314536134713293,,25.0,0.15723772961557445,0.010000000000005116,horizon,0,0.10977160405264769,1.0,1.0,25/25/25 Hz,1.0,2000,denied,307,40,0.10728537110487499,0.05354498026621448,0.07167045376405781,after_return,0.3292139259774222
0.4689020676234665,1.0,,24.93617021276596,held-out,stress,60,1.0,,24.95744680851064,0.85,,6.808510638297872,0.07862531220536892,,25.0,0.15430651142987176,0.010000000000005116,retrodiction,0,0.09428031581385436,1.0,1.0,25/25/25 Hz,1.0,4700,transition,307,13,0.03184966302188162,0.05411407728982124,0.05202728352094104,flight,0.415611255831925
0.44750965317938224,1.0,,25.0,held-out,stress,25,1.0,,24.857142857142858,0.85,,10.0,0.06749312767757182,,25.0,0.10169391300292376,0.010000000000001563,retrodiction,0,0.07998791433304253,1.0,1.0,25/25/25 Hz,1.0,700,transition,307,18,0.1008456613523423,0.04762049635632234,0.04292719599099317,before_outage,0.39791451292170094
0.3761481292437626,1.0,,24.933333333333334,held-out,stress,40,1.0,,25.0,0.85,,0.06666666666666667,0.10977057837031674,,25.0,0.15430651142987176,0.010000000000005116,retrodiction,0,0.12132091675778109,1.0,1.0,25/25/25 Hz,1.0,1500,transition,307,25,0.14413344510852313,0.06041477413307726,0.05166415553548318,outage_window,0.33575642670355327
0.5246615255817557,1.0,,24.95,held-out,stress,60,1.0,,25.0,0.85,,9.95,0.057671885284517374,,25.0,0.1422769647763403,0.010000000000005116,retrodiction,0,0.08111081086279445,1.0,1.0,25/25/25 Hz,1.0,2000,transition,307,40,0.03184966302188162,0.04509611031400081,0.05703435181142574,after_return,0.4713531273102868
0.45645660613409283,1.0,,24.95744680851064,held-out,stress,60,1.0,,24.95744680851064,0.85,,6.808510638297872,0.07867574264195813,,25.0,0.1575048422727629,0.010000000000005116,horizon,0,0.09539395674229782,1.0,1.0,25/25/25 Hz,1.0,4700,transition,307,13,0.01905369420954524,0.051814115115282014,0.053945662501147955,flight,0.2791468753611439
0.43315324712152253,1.0,,25.0,held-out,stress,25,1.0,,25.0,0.85,,10.0,0.06114818474182099,,25.0,0.09079077809433467,0.010000000000001563,horizon,0,0.07281499098372642,1.0,1.0,25/25/25 Hz,1.0,700,transition,307,18,0.08255588301331257,0.050279915737337616,0.039533813561814256,before_outage,0.30682929755207194
0.3561635112444714,1.0,,24.933333333333334,held-out,stress,40,1.0,,25.0,0.85,,0.13333333333333333,0.11767283952502805,,25.0,0.1575048422727629,0.010000000000005116,horizon,0,0.13066456273394567,1.0,1.0,25/25/25 Hz,1.0,1500,transition,307,25,0.15236485206179332,0.05474075261211138,0.056800799224748746,outage_window,0.17819764185476022
0.47140585784096434,1.0,,24.95,held-out,stress,60,1.0,,24.95,0.85,,9.9,0.04912184808177877,,25.0,0.15301935523863533,0.010000000000005116,horizon,0,0.07755202934355779,1.0,1.0,25/25/25 Hz,1.0,2000,transition,307,40,0.01905369420954524,0.049817882942796175,0.0600113430639133,after_return,0.29424098806229537
0.47004857196867644,1.0,,25.0,held-out,zero,60,1.0,,25.0,0.85,,10.0,0.04049198287485024,,25.0,0.07093082149858473,0.010000000000005116,retrodiction,0,0.06463632522395653,1.0,1.0,25/25/25 Hz,1.0,4700,gps,911,13,0.06380025469507751,0.04791692060680177,0.05038108634517437,flight,0.28478513684478735
0.3000226164189879,1.0,,25.0,held-out,zero,25,1.0,,25.0,0.85,,10.0,0.04435464730130197,,25.0,0.06422032406727463,0.010000000000001563,retrodiction,0,0.05784307215759531,1.0,1.0,25/25/25 Hz,1.0,700,gps,911,18,0.05427943927330723,0.05136340021270689,0.03712797138823885,before_outage,0.23331916650183518
0.3892170772944657,1.0,,25.0,held-out,zero,40,1.0,,25.0,0.85,,10.0,0.04115787464648085,,25.0,0.0639404340508081,0.010000000000005116,retrodiction,0,0.06689931317166199,1.0,1.0,25/25/25 Hz,1.0,1500,gps,911,25,0.02990205067032652,0.04628429170390866,0.052740377865774506,outage_window,0.3028370870603132
0.5618320153179823,1.0,,25.0,held-out,zero,60,1.0,,25.0,0.85,,10.0,0.03895653113015303,,25.0,0.07093082149858473,0.010000000000005116,retrodiction,0,0.06761652430879896,1.0,1.0,25/25/25 Hz,1.0,2000,gps,911,40,0.06380025469507751,0.047961403962940366,0.05526647303662338,after_return,0.25395123668328556
0.5000127531242734,1.0,,25.0,held-out,zero,60,1.0,,25.0,0.85,,10.0,0.04164275405647369,,25.0,0.09235043814092954,0.010000000000005116,horizon,0,0.06195528881323074,1.0,1.0,25/25/25 Hz,1.0,4700,gps,911,13,0.06896675825689347,0.05180126156563511,0.04587307321864186,flight,0.2871915889345421
0.3162973872720639,1.0,,25.0,held-out,zero,25,1.0,,25.0,0.85,,10.0,0.044145306802722405,,25.0,0.07724071884352583,0.010000000000001563,horizon,0,0.053061393330384767,1.0,1.0,25/25/25 Hz,1.0,700,gps,911,18,0.055489183869995906,0.05454955666186762,0.029439825907354004,before_outage,0.24172594931629182
0.3915302610065989,1.0,,25.0,held-out,zero,40,1.0,,25.0,0.85,,10.0,0.04188592819885756,,25.0,0.07625594565496363,0.010000000000005116,horizon,0,0.06130041515116775,1.0,1.0,25/25/25 Hz,1.0,1500,gps,911,25,0.011188385620954703,0.04969834743932873,0.04475835024468244,outage_window,0.2983275170631966
0.6123005950687507,1.0,,25.0,held-out,zero,60,1.0,,25.0,0.85,,10.0,0.04159936686995314,,25.0,0.09235043814092954,0.010000000000005116,horizon,0,0.06753575258784415,1.0,1.0,25/25/25 Hz,1.0,2000,gps,911,40,0.06896675825689347,0.05226232061826773,0.05320310661630148,after_return,0.2493116124831115
0.46620873372282384,1.0,,25.0,held-out,zero,60,1.0,,25.0,0.85,,0.0,0.1019033079714977,,25.0,0.1542011669086623,0.010000000000005116,retrodiction,0,0.11569693603831858,1.0,1.0,25/25/25 Hz,1.0,4700,denied,911,13,0.13060161388545935,0.05625475018310744,0.05478591820094719,flight,0.3793036172984416
0.581866196344775,1.0,,25.0,held-out,zero,25,1.0,,25.0,0.85,,0.0,0.10316080528494434,,25.0,0.13181100859786762,0.010000000000001563,retrodiction,0,0.11056909383980056,1.0,1.0,25/25/25 Hz,1.0,700,denied,911,18,0.055229868368193664,0.059660540571147024,0.039791616774346075,before_outage,0.5136854348291507
0.5366047274448097,1.0,,25.0,held-out,zero,40,1.0,,25.0,0.85,,0.0,0.11036165359374638,,25.0,0.1542011669086623,0.010000000000005116,retrodiction,0,0.12378786009715519,1.0,1.0,25/25/25 Hz,1.0,1500,denied,911,25,0.041414562596769795,0.053052369889604975,0.056069062088524316,outage_window,0.4210041224901597
0.35225627976418233,1.0,,25.0,held-out,zero,60,1.0,,25.0,0.85,,0.0,0.08601943962512766,,25.0,0.15415809832548638,0.010000000000005116,retrodiction,0,0.10488852043605386,1.0,1.0,25/25/25 Hz,1.0,2000,denied,911,40,0.13060161388545935,0.04867302888299247,0.06001881143311242,after_return,0.26804693459079454
0.4936587306971072,1.0,,25.0,held-out,zero,60,1.0,,25.0,0.85,,0.0,0.09109227448323573,,25.0,0.16150227909233986,0.010000000000005116,horizon,0,0.10674490988047942,1.0,1.0,25/25/25 Hz,1.0,4700,denied,911,13,0.11846335964654651,0.05981288846572688,0.05564776109478724,flight,0.4010067808384581
0.6091057257226057,1.0,,25.0,held-out,zero,25,1.0,,25.0,0.85,,0.0,0.09628504220891294,,25.0,0.137579567873576,0.010000000000001563,horizon,0,0.1036274280020919,1.0,1.0,25/25/25 Hz,1.0,700,denied,911,18,0.03415697510157454,0.06213508056234847,0.03831232805712272,before_outage,0.5344850029213232
0.5642064342896161,1.0,,25.0,held-out,zero,40,1.0,,25.0,0.85,,0.0,0.09599820122833189,,25.0,0.1453800491895566,0.010000000000005116,horizon,0,0.10989919252893474,1.0,1.0,25/25/25 Hz,1.0,1500,denied,911,25,0.013795783802826369,0.057466759885358314,0.05349932597179672,outage_window,0.44287083757081164
0.37839167038182214,1.0,,25.0,held-out,zero,60,1.0,,25.0,0.85,,0.0,0.07268593005605556,,25.0,0.1462981728519543,0.010000000000005116,horizon,0,0.09540848939657502,1.0,1.0,25/25/25 Hz,1.0,2000,denied,911,40,0.11846335964654651,0.05183056361339107,0.061802390089887034,after_return,0.2887410953612478
0.4044730352346712,1.0,,25.0,held-out,zero,60,1.0,,25.0,0.85,,6.808510638297872,0.04239677219986042,,25.0,0.10443324959586835,0.010000000000005116,retrodiction,0,0.06683987638078394,1.0,1.0,25/25/25 Hz,1.0,4700,transition,911,13,0.0642200818290525,0.04882599754319804,0.05167284375406119,flight,0.2475024308609328
0.3000226164189879,1.0,,25.0,held-out,zero,25,1.0,,25.0,0.85,,10.0,0.04435464730130197,,25.0,0.06422032406727463,0.010000000000001563,retrodiction,0,0.05784307215759531,1.0,1.0,25/25/25 Hz,1.0,700,transition,911,18,0.05427943927330723,0.05136340021270689,0.03712797138823885,before_outage,0.23331916650183518
0.2384477677180096,1.0,,25.0,held-out,zero,40,1.0,,25.0,0.85,,0.0,0.04188252230959815,,25.0,0.06185030252454299,0.010000000000005116,retrodiction,0,0.0702993448086333,1.0,1.0,25/25/25 Hz,1.0,1500,transition,911,25,0.03339180697245424,0.04907621148355789,0.056461068051438155,outage_window,0.15666122364210527
0.5018602236223642,1.0,,25.0,held-out,zero,60,1.0,,25.0,0.85,,10.0,0.042936129805741026,,25.0,0.10443324959586835,0.010000000000005116,retrodiction,0,0.07002116598766712,1.0,1.0,25/25/25 Hz,1.0,2000,transition,911,40,0.0642200818290525,0.04803427931788582,0.05531231728626986,after_return,0.2612103907989344
0.4311754096738351,1.0,,25.0,held-out,zero,60,1.0,,25.0,0.85,,6.808510638297872,0.04374560272596725,,25.0,0.11167628290333734,0.010000000000005116,horizon,0,0.06561751369545311,1.0,1.0,25/25/25 Hz,1.0,4700,transition,911,13,0.06937921809556097,0.052523721387104566,0.04890787611126476,flight,0.250687913689661
0.3162973872720639,1.0,,25.0,held-out,zero,25,1.0,,25.0,0.85,,10.0,0.044145306802722405,,25.0,0.07724071884352583,0.010000000000001563,horizon,0,0.053061393330384767,1.0,1.0,25/25/25 Hz,1.0,700,transition,911,18,0.055489183869995906,0.05454955666186762,0.029439825907354004,before_outage,0.24172594931629182
0.24517995050531668,1.0,,25.0,held-out,zero,40,1.0,,25.0,0.85,,0.13333333333333333,0.042412495190970026,,25.0,0.07184582319423208,0.010000000000005116,horizon,0,0.06841510970399549,1.0,1.0,25/25/25 Hz,1.0,1500,transition,911,25,0.05994411012550143,0.05216089204786307,0.05368246908894636,outage_window,0.14926020848528693
0.5423678189616923,1.0,,25.0,held-out,zero,60,1.0,,25.0,0.85,,9.9,0.046034540410497905,,25.0,0.11167628290333734,0.010000000000005116,horizon,0,0.07047576753315543,1.0,1.0,25/25/25 Hz,1.0,2000,transition,911,40,0.06937921809556097,0.05215694005353884,0.053363422852939255,after_return,0.25701273005430136
0.3975503496068058,1.0,,25.0,held-out,nominal,60,1.0,,25.0,0.85,,10.0,0.04642426965233094,,25.0,0.1127097828038915,0.010000000000005116,retrodiction,0,0.06886046890643338,1.0,1.0,25/25/25 Hz,1.0,4700,gps,911,13,0.014613047457484525,0.04248233881918886,0.050858149447866687,flight,0.3343369340986932
0.27172759660447016,1.0,,25.0,held-out,nominal,25,1.0,,25.0,0.85,,10.0,0.04735961603795404,,25.0,0.10529632416053349,0.010000000000001563,retrodiction,0,0.059847960475852904,1.0,1.0,25/25/25 Hz,1.0,700,gps,911,18,0.07950687428283905,0.04379572414207781,0.03659023287513783,before_outage,0.23228794314085632
0.34267315820552013,1.0,,25.0,held-out,nominal,40,1.0,,25.0,0.85,,10.0,0.0470772020699489,,25.0,0.0999600106114782,0.010000000000005116,retrodiction,0,0.07117408352484653,1.0,1.0,25/25/25 Hz,1.0,1500,gps,911,25,0.0439079389167372,0.041062200771349935,0.05338058833384125,outage_window,0.28565491796578013
0.3257441006166282,1.0,,25.0,held-out,nominal,60,1.0,,25.0,0.85,,10.0,0.04382034707512841,,25.0,0.1127097828038915,0.010000000000005116,retrodiction,0,0.07074541617003915,1.0,1.0,25/25/25 Hz,1.0,2000,gps,911,40,0.014613047457484525,0.04001744193434086,0.0555399954203034,after_return,0.23775430697894612
0.49947378041608276,1.0,,25.0,held-out,nominal,60,1.0,,25.0,0.85,,10.0,0.041642157905928144,,25.0,0.09234952685921194,0.010000000000005116,horizon,0,0.06046850404515804,1.0,1.0,25/25/25 Hz,1.0,4700,gps,911,13,0.06896714624915082,0.05180066045227983,0.0438448476607804,flight,0.28700132956832036
0.31602477140844165,1.0,,25.0,held-out,nominal,25,1.0,,25.0,0.85,,10.0,0.04414497852513542,,25.0,0.07723980173578146,0.010000000000001563,horizon,0,0.05234551805091176,1.0,1.0,25/25/25 Hz,1.0,700,gps,911,18,0.05549063326264825,0.054549195606454715,0.028129595287413246,before_outage,0.2417517058140389
0.39115807553422444,1.0,,25.0,held-out,nominal,40,1.0,,25.0,0.85,,10.0,0.041886939004466175,,25.0,0.07625601264458849,0.010000000000005116,horizon,0,0.05974379232147246,1.0,1.0,25/25/25 Hz,1.0,1500,gps,911,25,0.011186098730524025,0.04969659814465923,0.04260052889093469,outage_window,0.29830191931212985
0.6117007081273906,1.0,,25.0,held-out,nominal,60,1.0,,25.0,0.85,,10.0,0.04159755488429178,,25.0,0.09234952685921194,0.010000000000005116,horizon,0,0.06561309681973283,1.0,1.0,25/25/25 Hz,1.0,2000,gps,911,40,0.06896714624915082,0.052261438993844014,0.05074171756970755,after_return,0.2493006051229338
0.752141824988456,1.0,,25.0,held-out,nominal,60,1.0,,25.0,0.85,,0.0,0.1989575927635906,,25.0,0.2930572288485019,0.010000000000005116,retrodiction,0,0.20662233949645895,1.0,1.0,25/25/25 Hz,1.0,4700,denied,911,13,0.1930766859756556,0.06438790596030122,0.05575542539257672,flight,0.6713992298828747
1.0968419216123373,1.0,,25.0,held-out,nominal,25,1.0,,25.0,0.85,,0.0,0.2051663608231541,,25.0,0.2930572288485019,0.010000000000001563,retrodiction,0,0.20906968759282915,1.0,1.0,25/25/25 Hz,1.0,700,denied,911,18,0.2914813173176886,0.07538836603859547,0.040210678392020714,before_outage,1.0188017654390802
0.7672869801444905,1.0,,25.0,held-out,nominal,40,1.0,,25.0,0.85,,0.0,0.1928600271849597,,25.0,0.2904703614543725,0.010000000000005116,retrodiction,0,0.20111291860476407,1.0,1.0,25/25/25 Hz,1.0,1500,denied,911,25,0.173912466807337,0.06125000209442097,0.05702118855252899,outage_window,0.6727896944803188
0.4658898042516796,1.0,,25.0,held-out,nominal,60,1.0,,25.0,0.85,,0.0,0.19129013173632373,,25.0,0.24265716320118658,0.010000000000005116,retrodiction,0,0.20074832917795785,1.0,1.0,25/25/25 Hz,1.0,2000,denied,911,40,0.1930766859756556,0.052489039767870366,0.06089316191528929,after_return,0.3978912373863
0.497274707608461,1.0,,25.0,held-out,nominal,60,1.0,,25.0,0.85,,0.0,0.07919127727171983,,25.0,0.1394523846123688,0.010000000000005116,horizon,0,0.09566632521961548,1.0,1.0,25/25/25 Hz,1.0,4700,denied,911,13,0.11524586235015846,0.05983431049044175,0.05367296698617309,flight,0.4030956118937686
0.6092885141344847,1.0,,25.0,held-out,nominal,25,1.0,,25.0,0.85,,0.0,0.0749248415790099,,25.0,0.11461008451340783,0.010000000000001563,horizon,0,0.0839078215647246,1.0,1.0,25/25/25 Hz,1.0,700,denied,911,18,0.04256224632433416,0.06218808877671366,0.03777288225828062,before_outage,0.5329486069772591
0.5678225720918398,1.0,,25.0,held-out,nominal,40,1.0,,25.0,0.85,,0.0,0.08106127478508149,,25.0,0.13275674230395262,0.010000000000005116,horizon,0,0.09593552547712823,1.0,1.0,25/25/25 Hz,1.0,1500,denied,911,25,0.028796228596163216,0.05745721952912379,0.051309792231017955,outage_window,0.44497922261841594
0.3834553334068976,1.0,,25.0,held-out,nominal,60,1.0,,25.0,0.85,,0.0,0.07100737692686114,,25.0,0.1394523846123688,0.010000000000005116,horizon,0,0.09245383328827217,1.0,1.0,25/25/25 Hz,1.0,2000,denied,911,40,0.11524586235015846,0.05181747274630721,0.059208645582062513,after_return,0.2925333287409729
0.35604012458718143,1.0,,25.0,held-out,nominal,60,1.0,,25.0,0.85,,6.808510638297872,0.05338516800394988,,25.0,0.11201700846625462,0.010000000000005116,retrodiction,0,0.0745997938218404,1.0,1.0,25/25/25 Hz,1.0,4700,transition,911,13,0.015046939887916779,0.045831860597959136,0.05210713075435206,flight,0.3029040436227358
0.27172759660447016,1.0,,25.0,held-out,nominal,25,1.0,,25.0,0.85,,10.0,0.04735961603795404,,25.0,0.10529632416053349,0.010000000000001563,retrodiction,0,0.059847960475852904,1.0,1.0,25/25/25 Hz,1.0,700,transition,911,18,0.07950687428283905,0.04379572414207781,0.03659023287513783,before_outage,0.23228794314085632
0.17799986192173167,1.0,,25.0,held-out,nominal,40,1.0,,25.0,0.85,,0.06666666666666667,0.06424652423819636,,25.0,0.0912833945266339,0.010000000000005116,retrodiction,0,0.08591330483312164,1.0,1.0,25/25/25 Hz,1.0,1500,transition,911,25,0.04188505261078625,0.05098188844242794,0.05703928532739281,outage_window,0.11478481854853542
0.31129231776852373,1.0,,25.0,held-out,nominal,60,1.0,,25.0,0.85,,9.95,0.046036963398494835,,25.0,0.11201700846625462,0.010000000000005116,retrodiction,0,0.072133989660511,1.0,1.0,25/25/25 Hz,1.0,2000,transition,911,40,0.015046939887916779,0.040146774240265456,0.055532967374239565,after_return,0.24652226655781725
0.43053654914533357,1.0,,25.0,held-out,nominal,60,1.0,,25.0,0.85,,6.808510638297872,0.04373674096578583,,25.0,0.1116770977612292,0.010000000000005116,horizon,0,0.06413707479395941,1.0,1.0,25/25/25 Hz,1.0,4700,transition,911,13,0.06937682543415875,0.05251722253186824,0.04691121244241824,flight,0.2503232478309844
0.31602477140844165,1.0,,25.0,held-out,nominal,25,1.0,,25.0,0.85,,10.0,0.04414497852513542,,25.0,0.07723980173578146,0.010000000000001563,horizon,0,0.05234551805091176,1.0,1.0,25/25/25 Hz,1.0,700,transition,911,18,0.05549063326264825,0.054549195606454715,0.028129595287413246,before_outage,0.2417517058140389
0.2440084982503739,1.0,,25.0,held-out,nominal,40,1.0,,25.0,0.85,,0.13333333333333333,0.0423901146835446,,25.0,0.0718470555495226,0.010000000000005116,horizon,0,0.06680106076087669,1.0,1.0,25/25/25 Hz,1.0,1500,transition,911,25,0.059841184171949516,0.0521406971626476,0.05162809211944864,outage_window,0.14844270482811683
0.5418598837287636,1.0,,25.0,held-out,nominal,60,1.0,,25.0,0.85,,9.9,0.04603053289273988,,25.0,0.1116770977612292,0.010000000000005116,horizon,0,0.06862597921211712,1.0,1.0,25/25/25 Hz,1.0,2000,transition,911,40,0.06937682543415875,0.05215597513865445,0.050899067422029674,after_return,0.25699904444023225
0.4223875210957639,1.0,,25.0,held-out,stress,60,1.0,,24.97872340425532,0.85,,10.0,0.05230195648842876,,25.0,0.13614771615022744,0.010000000000005116,retrodiction,0,0.0732524176005034,1.0,1.0,25/25/25 Hz,1.0,4700,gps,911,13,0.014067796465653972,0.04772036159976125,0.05128764014654062,flight,0.3441679504133707
0.3453838829038611,1.0,,25.0,held-out,stress,25,1.0,,25.0,0.85,,10.0,0.05121331200030489,,25.0,0.12171867841055406,0.010000000000001563,retrodiction,0,0.06262470551733232,1.0,1.0,25/25/25 Hz,1.0,700,gps,911,18,0.08768796983886482,0.04685620156905547,0.036042341975682145,before_outage,0.2819596029895932
0.41908364217093536,1.0,,25.0,held-out,stress,40,1.0,,25.0,0.85,,10.0,0.05147017498949019,,25.0,0.11210130173378631,0.010000000000005116,retrodiction,0,0.07436847471811242,1.0,1.0,25/25/25 Hz,1.0,1500,gps,911,25,0.03627810926989836,0.04591561677733403,0.053679522338129886,outage_window,0.34940085460808007
0.3963670736220718,1.0,,25.0,held-out,stress,60,1.0,,24.95,0.85,,10.0,0.0518526020099253,,25.0,0.13614771615022744,0.010000000000005116,retrodiction,0,0.0760296363865217,1.0,1.0,25/25/25 Hz,1.0,2000,gps,911,40,0.014067796465653972,0.042415255079524025,0.055604076054431434,after_return,0.2977273694198106
0.5002486346570454,1.0,,25.0,held-out,stress,60,1.0,,25.0,0.85,,10.0,0.04164318170109333,,25.0,0.092351028179639,0.010000000000005116,horizon,0,0.0638413487775675,1.0,1.0,25/25/25 Hz,1.0,4700,gps,911,13,0.06896783144610195,0.051801651201813834,0.048389701709648375,flight,0.2872452398867352
0.31644815096409823,1.0,,25.0,held-out,stress,25,1.0,,25.0,0.85,,10.0,0.04414507447286973,,25.0,0.0772402747411605,0.010000000000001563,horizon,0,0.05416195761150768,1.0,1.0,25/25/25 Hz,1.0,700,gps,911,18,0.055488585149061034,0.054550298994470045,0.03138040873053664,before_outage,0.24171651648596273
0.3917015836056663,1.0,,25.0,held-out,stress,40,1.0,,25.0,0.85,,10.0,0.04188554472171741,,25.0,0.07625678624609021,0.010000000000005116,horizon,0,0.06326615469827,1.0,1.0,25/25/25 Hz,1.0,1500,gps,911,25,0.011187884290524232,0.049699140875420565,0.04741526625118161,outage_window,0.2983344360428319
0.612588188809399,1.0,,25.0,held-out,stress,60,1.0,,25.0,0.85,,10.0,0.04160075116401582,,25.0,0.092351028179639,0.010000000000005116,horizon,0,0.06985949571389694,1.0,1.0,25/25/25 Hz,1.0,2000,gps,911,40,0.06896783144610195,0.05226285523331747,0.05612242549988035,after_return,0.24931743717273477
1.8417888134957738,1.0,,0.0,held-out,stress,60,1.0,,24.97872340425532,0.85,,0.0,1.7014221921425863,,25.0,3.3738003070334615,0.010000000000005116,retrodiction,0,162.00226824024014,1.0,1.0,25/25/25 Hz,1.0,4700,denied,911,13,0.8534783274761636,6.446461422305916,161.99333343538183,flight,1.280070492684795
2.9841674925491177,1.0,,0.0,held-out,stress,25,1.0,,25.0,0.85,,0.0,2.690703637436801,,25.0,3.2855724683643572,0.010000000000001563,retrodiction,0,116.0291634840034,1.0,1.0,25/25/25 Hz,1.0,700,denied,911,18,1.1670152433839163,8.084880567975823,115.99796072661395,before_outage,2.1386105025090663
1.919961299713524,1.0,,0.0,held-out,stress,40,1.0,,25.0,0.85,,0.0,1.3499354633063823,,25.0,2.145629115509322,0.010000000000005116,retrodiction,0,152.0926897312189,1.0,1.0,25/25/25 Hz,1.0,1500,denied,911,25,0.4746108341597759,6.371353111891637,152.08669877383008,outage_window,1.360298601483127
1.2637626441217884,1.0,,0.0,held-out,stress,60,1.0,,24.95,0.85,,0.0,1.4214183382999819,,25.0,2.6267592081752738,0.010000000000005116,retrodiction,0,193.27168710744343,1.0,1.0,25/25/25 Hz,1.0,2000,denied,911,40,0.8534783274761636,4.502656199040667,193.26646011986938,after_return,0.7890889831203153
0.4905413158399695,1.0,,25.0,held-out,stress,60,1.0,,25.0,0.85,,0.0,0.08799446739641603,,25.0,0.1600573695238196,0.010000000000005116,horizon,0,0.10534442105614819,1.0,1.0,25/25/25 Hz,1.0,4700,denied,911,13,0.11335939860468906,0.05970242237497454,0.057917361432269276,flight,0.39628056252965904
0.6024132610217823,1.0,,25.0,held-out,stress,25,1.0,,25.0,0.85,,0.0,0.09321722409042865,,25.0,0.13635824088983223,0.010000000000001563,horizon,0,0.1011688368123204,1.0,1.0,25/25/25 Hz,1.0,700,denied,911,18,0.0300872074634182,0.06192915897142134,0.039315171051805514,before_outage,0.5260717318391993
0.5606247757727184,1.0,,25.0,held-out,stress,40,1.0,,25.0,0.85,,0.0,0.09191254949382682,,25.0,0.1400333172516849,0.010000000000005116,horizon,0,0.10761263686551109,1.0,1.0,25/25/25 Hz,1.0,1500,denied,911,25,0.018256825062999738,0.05734300187920941,0.05596930282479128,outage_window,0.437722535806564
0.37790333128009407,1.0,,25.0,held-out,stress,60,1.0,,25.0,0.85,,0.0,0.06957000862521774,,25.0,0.1409749148219008,0.010000000000005116,horizon,0,0.094975970052272,1.0,1.0,25/25/25 Hz,1.0,2000,denied,911,40,0.11335939860468906,0.05178213276104107,0.06465639015021792,after_return,0.28677976873812555
0.3628071154561099,1.0,,24.97872340425532,held-out,stress,60,1.0,,24.97872340425532,0.85,,6.808510638297872,0.05872790014512275,,25.0,0.13578450671524406,0.010000000000005116,retrodiction,0,0.0787035710052723,1.0,1.0,25/25/25 Hz,1.0,4700,transition,911,13,0.013954582207211602,0.05045820909345842,0.05239547531539752,flight,0.2996586923678309
0.3453838829038611,1.0,,25.0,held-out,stress,25,1.0,,25.0,0.85,,10.0,0.05121331200030489,,25.0,0.12171867841055406,0.010000000000001563,retrodiction,0,0.06262470551733232,1.0,1.0,25/25/25 Hz,1.0,700,transition,911,18,0.08768796983886482,0.04685620156905547,0.036042341975682145,before_outage,0.2819596029895932
0.22286139295348079,1.0,,24.933333333333334,held-out,stress,40,1.0,,25.0,0.85,,0.06666666666666667,0.06841706240599232,,25.0,0.10366550714698257,0.010000000000005116,retrodiction,0,0.0889771498057322,1.0,1.0,25/25/25 Hz,1.0,1500,transition,911,25,0.032504485642865004,0.05400852671046739,0.05688619128827539,outage_window,0.14143568264378395
0.37635299376312376,1.0,,25.0,held-out,stress,60,1.0,,24.95,0.85,,9.95,0.053306322007727294,,25.0,0.13578450671524406,0.010000000000005116,retrodiction,0,0.07705450306948845,1.0,1.0,25/25/25 Hz,1.0,2000,transition,911,40,0.013954582207211602,0.04271090299477182,0.05564020558278244,after_return,0.31282117357248057
0.4314461390406967,1.0,,25.0,held-out,stress,60,1.0,,25.0,0.85,,6.808510638297872,0.04374734423163591,,25.0,0.11168999503643089,0.010000000000005116,horizon,0,0.06748520456228216,1.0,1.0,25/25/25 Hz,1.0,4700,transition,911,13,0.06938017532368633,0.052516181759570776,0.05138504361671615,flight,0.25079703609655496
0.31644815096409823,1.0,,25.0,held-out,stress,25,1.0,,25.0,0.85,,10.0,0.04414507447286973,,25.0,0.0772402747411605,0.010000000000001563,horizon,0,0.05416195761150768,1.0,1.0,25/25/25 Hz,1.0,700,transition,911,18,0.055488585149061034,0.054550298994470045,0.03138040873053664,before_outage,0.24171651648596273
0.2456236072276789,1.0,,25.0,held-out,stress,40,1.0,,25.0,0.85,,0.13333333333333333,0.04241551596796757,,25.0,0.07184609677983038,0.010000000000005116,horizon,0,0.07042204841880118,1.0,1.0,25/25/25 Hz,1.0,1500,transition,911,25,0.05998865243949448,0.052136658723593986,0.05621555753233322,outage_window,0.1495233550721815
0.5426295187116155,1.0,,25.0,held-out,stress,60,1.0,,25.0,0.85,,9.9,0.04603642226349384,,25.0,0.11168999503643089,0.010000000000005116,horizon,0,0.07271459627219343,1.0,1.0,25/25/25 Hz,1.0,2000,transition,911,40,0.06938017532368633,0.052157464080692634,0.05628552510375447,after_return,0.25701896984966405
0.27315961924071275,1.0,1.0,,held-out,zero,60,1.0,1.0,,0.85,1.0,,0.037149137265274704,1.0,,0.09844419237695624,0.010000000000005116,px4,,0.17817049061071402,1.0,,100/50/50 Hz,1.0,4700,gps,101,13,0.059357971813810625,0.01681037884694111,0.17425459914994587,flight,0.2589149246445733
0.21878090638442874,1.0,1.0,,held-out,zero,25,1.0,1.0,,0.85,1.0,,0.0348957586042801,1.0,,0.05671775485362955,0.010000000000001563,px4,,0.19959919588020275,1.0,,100/50/50 Hz,1.0,700,gps,101,18,0.021584058209777095,0.016671871275232685,0.19652512568996197,before_outage,0.18849128540882856
0.17236814162871428,1.0,1.0,,held-out,zero,40,1.0,1.0,,0.85,1.0,,0.03515919194386445,1.0,,0.07322190600431927,0.010000000000005116,px4,,0.17954200852365446,1.0,,100/50/50 Hz,1.0,1500,gps,101,25,0.03784740063204146,0.01246065663867496,0.17606579465234723,outage_window,0.14530496555343161
0.11289998644107958,1.0,1.0,,held-out,zero,60,1.0,1.0,,0.85,1.0,,0.0369871573119203,1.0,,0.06549686818362359,0.010000000000005116,px4,,0.16628684981056976,1.0,,100/50/50 Hz,1.0,2000,gps,101,40,0.059357971813810625,0.013489606356081065,0.16212114795394908,after_return,0.08911623677826004
0.4092170617621147,1.0,,,held-out,zero,60,1.0,,,0.85,0.6323404255319149,,0.12438668859571045,,,0.3308033067364653,0.010000000000005116,ekf3,,0.13517577659744448,1.0,,100/50/50 Hz,1.0,4700,gps,101,13,0.08542032823275633,0.0675868461777448,0.05291920519920886,flight,0.38308888350477116
0.30571128336913744,1.0,,,held-out,zero,25,1.0,,,0.85,0.0,,0.20110102412997716,,,0.2547575163688996,0.010000000000001563,ekf3,,0.20361241729706522,1.0,,100/50/50 Hz,1.0,700,gps,101,18,0.12985232355364754,0.09042112696078927,0.031880943703544454,before_outage,0.23832996182040503
0.4852172652461432,1.0,,,held-out,zero,40,1.0,,,0.85,0.648,,0.13920147577464584,,,0.3308033067364653,0.010000000000005116,ekf3,,0.14757841562315036,1.0,,100/50/50 Hz,1.0,1500,gps,101,25,0.02876783958101402,0.0770738580743549,0.049013650139527465,outage_window,0.4497024511921316
0.40842917903608295,1.0,,,held-out,zero,60,1.0,,,0.85,1.0,,0.06053963092304954,,,0.11060273475530251,0.010000000000005116,ekf3,,0.07910358985089777,1.0,,100/50/50 Hz,1.0,2000,gps,101,40,0.08542032823275633,0.03841620052946178,0.05091493901597055,after_return,0.3974494050078982
0.27603655319675574,1.0,1.0,,held-out,zero,60,1.0,1.0,,0.85,0.0,,0.09816932391116462,1.0,,0.1600685783609775,0.010000000000005116,px4,,0.157063031357753,1.0,,100/50/50 Hz,1.0,4700,denied,101,13,0.14831003003231988,0.020258170348807326,0.12260334278522489,flight,0.25594610441176174
0.3479819037353923,1.0,1.0,,held-out,zero,25,1.0,1.0,,0.85,0.0,,0.058057445474931135,1.0,,0.09241011153288718,0.010000000000001563,px4,,0.11359484467672014,1.0,,100/50/50 Hz,1.0,700,denied,101,18,0.03843733008515736,0.02680463183607158,0.09763770666117456,before_outage,0.3244201554596389
0.2692421965420486,1.0,1.0,,held-out,zero,40,1.0,1.0,,0.85,0.0,,0.08892872917121193,1.0,,0.13381498725895158,0.010000000000005116,px4,,0.15317682922621956,1.0,,100/50/50 Hz,1.0,1500,denied,101,25,0.07401804670056586,0.02157468617678413,0.12471897265368917,outage_window,0.2472791590597411
0.14720481523057813,1.0,1.0,,held-out,zero,60,1.0,1.0,,0.85,0.0,,0.12314078066929018,1.0,,0.1600685783609775,0.010000000000005116,px4,,0.17985874515900072,1.0,,100/50/50 Hz,1.0,2000,denied,101,40,0.14831003003231988,0.016030765398828806,0.13109354044470733,after_return,0.12249419006258312
0.26529116951917564,1.0,,,held-out,zero,60,1.0,,,0.85,0.0,,0.21572244472653682,,,0.31590259024239864,0.010000000000005116,ekf3,,0.2245845501836505,1.0,,100/50/50 Hz,1.0,4700,denied,101,13,0.30078468650143103,0.09642688616396301,0.062466367129831564,flight,0.21390129778706804
0.3648912331129858,1.0,,,held-out,zero,25,1.0,,,0.85,0.0,,0.2164576546672092,,,0.270224375898101,0.010000000000001563,ekf3,,0.22073926851384826,1.0,,100/50/50 Hz,1.0,700,denied,101,18,0.14557884754322337,0.09453925988795742,0.04326555673974391,before_outage,0.3079805063168214
0.2949029676057744,1.0,,,held-out,zero,40,1.0,,,0.85,0.0,,0.22229584561605886,,,0.30446645877662165,0.010000000000005116,ekf3,,0.22851159978906688,1.0,,100/50/50 Hz,1.0,1500,denied,101,25,0.0808728240321739,0.10294893907046625,0.052934943657285585,outage_window,0.22986813397048805
0.1952946314190623,1.0,,,held-out,zero,60,1.0,,,0.85,0.0,,0.22515626222010376,,,0.31590259024239864,0.010000000000005116,ekf3,,0.23201142896833363,1.0,,100/50/50 Hz,1.0,2000,denied,101,40,0.30078468650143103,0.09254102571145939,0.055981789494441846,after_return,0.14674050272978148
0.28664449694016764,1.0,1.0,,held-out,zero,60,1.0,1.0,,0.85,0.8004255319148936,,0.04055883210505237,1.0,,0.10228264602412979,0.010000000000005116,px4,,0.1838455731191728,1.0,,100/50/50 Hz,1.0,4700,transition,101,13,0.059021757034987854,0.017035210779822344,0.17931585510989062,flight,0.2727113758056389
0.21878090638442874,1.0,1.0,,held-out,zero,25,1.0,1.0,,0.85,1.0,,0.0348957586042801,1.0,,0.05671775485362955,0.010000000000001563,px4,,0.19959919588020275,1.0,,100/50/50 Hz,1.0,700,transition,101,18,0.021584058209777095,0.016671871275232685,0.19652512568996197,before_outage,0.18849128540882856
0.17848186631829363,1.0,1.0,,held-out,zero,40,1.0,1.0,,0.85,0.46066666666666667,,0.03557867590042688,1.0,,0.052188576897201536,0.010000000000005116,px4,,0.17668613029764613,1.0,,100/50/50 Hz,1.0,1500,transition,101,25,0.05213905746454017,0.012456954473537203,0.17306688435610426,outage_window,0.15093531512392383
0.16993395267272618,1.0,1.0,,held-out,zero,60,1.0,1.0,,0.85,0.9355,,0.04436723838158542,1.0,,0.10228264602412979,0.010000000000005116,px4,,0.18232479667276383,1.0,,100/50/50 Hz,1.0,2000,transition,101,40,0.059021757034987854,0.0141393477364883,0.17684422422051632,after_return,0.15468341438708516
0.38679803144615893,1.0,,,held-out,zero,60,1.0,,,0.85,0.4238297872340426,,0.14979302791753377,,,0.27575262133602557,0.010000000000005116,ekf3,,0.1601367729511042,1.0,,100/50/50 Hz,1.0,4700,transition,101,13,0.08586550506565381,0.07806799781510414,0.056620092180165525,flight,0.35555334975155906
0.30571128336913744,1.0,,,held-out,zero,25,1.0,,,0.85,0.0,,0.20110102412997716,,,0.2547575163688996,0.010000000000001563,ekf3,,0.20361241729706522,1.0,,100/50/50 Hz,1.0,700,transition,101,18,0.12985232355364754,0.09042112696078927,0.031880943703544454,before_outage,0.23832996182040503
0.2928772643403889,1.0,,,held-out,zero,40,1.0,,,0.85,0.0,,0.20194047594832637,,,0.27575262133602557,0.010000000000005116,ekf3,,0.20835424772784591,1.0,,100/50/50 Hz,1.0,1500,transition,101,25,0.04903819722411235,0.09993430945988868,0.05129850602113086,outage_window,0.23028855496917497
0.48695029303992454,1.0,,,held-out,zero,60,1.0,,,0.85,0.996,,0.06310895365404666,,,0.11290406500522382,0.010000000000005116,ekf3,,0.08576621972728313,1.0,,100/50/50 Hz,1.0,2000,transition,101,40,0.08586550506565381,0.045039107418689425,0.05807843330359385,after_return,0.4712421908565812
0.2711869274755558,1.0,1.0,,held-out,nominal,60,1.0,1.0,,0.85,1.0,,0.0371828458221614,1.0,,0.09844939748836104,0.010000000000005116,px4,,0.18116524765885303,1.0,,100/50/50 Hz,1.0,4700,gps,101,13,0.059357971813810625,0.01673885014131471,0.1773084401145612,flight,0.2574766567685539
0.21703409091403628,1.0,1.0,,held-out,nominal,25,1.0,1.0,,0.85,1.0,,0.03499001686687015,1.0,,0.05674499540622432,0.010000000000001563,px4,,0.20262663825400806,1.0,,100/50/50 Hz,1.0,700,gps,101,18,0.021638403555409746,0.016637333589393774,0.1995826977715673,before_outage,0.18798301884742818
0.17153463211073286,1.0,1.0,,held-out,nominal,40,1.0,1.0,,0.85,1.0,,0.03518173380841359,1.0,,0.0732209353291978,0.010000000000005116,px4,,0.18256066212533595,1.0,,100/50/50 Hz,1.0,1500,gps,101,25,0.03784740063204146,0.01246949183375211,0.1791386082391928,outage_window,0.14555733218508132
0.11208635517107353,1.0,1.0,,held-out,nominal,60,1.0,1.0,,0.85,1.0,,0.036987027712066536,1.0,,0.06549686818362359,0.010000000000005116,px4,,0.1692736957064322,1.0,,100/50/50 Hz,1.0,2000,gps,101,40,0.059357971813810625,0.013461382268205818,0.16518336429295968,after_return,0.08913880270496705
0.4828898004412964,1.0,,,held-out,nominal,60,1.0,,,0.85,0.6272340425531915,,0.15789358297930464,,,0.36684384531762,0.010000000000005116,ekf3,,0.16504502564055257,1.0,,100/50/50 Hz,1.0,4700,gps,101,13,0.09811700971786606,0.09038245432794076,0.048057017621239234,flight,0.4346909606635755
0.44672680212040505,1.0,,,held-out,nominal,25,1.0,,,0.85,0.0,,0.26023003623216207,,,0.3124448924308129,0.010000000000001563,ekf3,,0.2636059941063954,1.0,,100/50/50 Hz,1.0,700,gps,101,18,0.18138827679294808,0.12573301857432181,0.04205292345876291,before_outage,0.33389757997881914
0.5749964527519263,1.0,,,held-out,nominal,40,1.0,,,0.85,0.632,,0.1823334441717919,,,0.36684384531762,0.010000000000005116,ekf3,,0.19071386360255677,1.0,,100/50/50 Hz,1.0,1500,gps,101,25,0.04038194560673063,0.11288932989829581,0.055913262350417964,outage_window,0.5124786051032761
0.46730091280968006,1.0,,,held-out,nominal,60,1.0,,,0.85,1.0,,0.06791803260293361,,,0.11853345390264154,0.010000000000005116,ekf3,,0.07874984036588997,1.0,,100/50/50 Hz,1.0,2000,gps,101,40,0.09811700971786606,0.04727597561083143,0.03985822631527901,after_return,0.4474031869813692
0.26742460090109443,1.0,1.0,,held-out,nominal,60,1.0,1.0,,0.85,0.0,,0.09654873289109482,1.0,,0.15854737860341847,0.010000000000005116,px4,,0.15418598617692034,1.0,,100/50/50 Hz,1.0,4700,denied,101,13,0.14654413760123922,0.019915999281435236,0.12021505941633724,flight,0.2484166375162645
0.3350226491964247,1.0,1.0,,held-out,nominal,25,1.0,1.0,,0.85,0.0,,0.05604367865299318,1.0,,0.08929500035277672,0.010000000000001563,px4,,0.11058008723074857,1.0,,100/50/50 Hz,1.0,700,denied,101,18,0.036135174269724374,0.026122371345719674,0.09532608129468031,before_outage,0.31252779989929047
0.2636453687432648,1.0,1.0,,held-out,nominal,40,1.0,1.0,,0.85,0.0,,0.08702247268258169,1.0,,0.1317005048042419,0.010000000000005116,px4,,0.15010195740839738,1.0,,100/50/50 Hz,1.0,1500,denied,101,25,0.07208663982460799,0.02132084658895274,0.12230162249962861,outage_window,0.24293670055951483
0.1445272659744925,1.0,1.0,,held-out,nominal,60,1.0,1.0,,0.85,0.0,,0.12168478830758982,1.0,,0.15854737860341847,0.010000000000005116,px4,,0.17706323243669675,1.0,,100/50/50 Hz,1.0,2000,denied,101,40,0.14654413760123922,0.01593171169635049,0.12862426122419032,after_return,0.12117409155463997
0.28788904094817047,1.0,,,held-out,nominal,60,1.0,,,0.85,0.0,,0.30912518462596394,,,0.5816702468502287,0.010000000000005116,ekf3,,0.3132953695115286,1.0,,100/50/50 Hz,1.0,4700,denied,101,13,0.40878312520538845,0.11466021407330354,0.05094711755662875,flight,0.19006796317958755
0.44672662777474653,1.0,,,held-out,nominal,25,1.0,,,0.85,0.0,,0.26023003623216207,,,0.3124448924308129,0.010000000000001563,ekf3,,0.2636059941063954,1.0,,100/50/50 Hz,1.0,700,denied,101,18,0.18138827679294808,0.12573301857432181,0.04205292345876291,before_outage,0.3338973409422443
0.29510777090130047,1.0,,,held-out,nominal,40,1.0,,,0.85,0.0,,0.27251215970371795,,,0.4379770281117266,0.010000000000005116,ekf3,,0.2797512375898476,1.0,,100/50/50 Hz,1.0,1500,denied,101,25,0.03314302883858003,0.12365875370808088,0.06322877309158123,outage_window,0.16811128308316572
0.2186519175442322,1.0,,,held-out,nominal,60,1.0,,,0.85,0.0,,0.3739326223224057,,,0.5816702468502287,0.010000000000005116,ekf3,,0.37607579747560316,1.0,,100/50/50 Hz,1.0,2000,denied,101,40,0.40878312520538845,0.10964783651982604,0.04009238593548655,after_return,0.1296067665751803
0.284737856853068,1.0,1.0,,held-out,nominal,60,1.0,1.0,,0.85,0.8029787234042554,,0.04056746784736696,1.0,,0.10222547519044474,0.010000000000005116,px4,,0.18683902016614226,1.0,,100/50/50 Hz,1.0,4700,transition,101,13,0.059021757034987854,0.016965567136846407,0.18238174253224188,flight,0.2713367029416269
0.21703409091403628,1.0,1.0,,held-out,nominal,25,1.0,1.0,,0.85,1.0,,0.03499001686687015,1.0,,0.05674499540622432,0.010000000000001563,px4,,0.20262663825400806,1.0,,100/50/50 Hz,1.0,700,transition,101,18,0.021638403555409746,0.016637333589393774,0.1995826977715673,before_outage,0.18798301884742818
0.1776046448108528,1.0,1.0,,held-out,nominal,40,1.0,1.0,,0.85,0.4686666666666667,,0.03553152879820755,1.0,,0.052149583190571835,0.010000000000005116,px4,,0.17964977717303515,1.0,,100/50/50 Hz,1.0,1500,transition,101,25,0.05211338205625462,0.012445905900727068,0.1761009735906742,outage_window,0.15117962605901247
0.16934326156400598,1.0,1.0,,held-out,nominal,60,1.0,1.0,,0.85,0.9355,,0.04436106521386496,1.0,,0.10222547519044474,0.010000000000005116,px4,,0.18534045460955773,1.0,,100/50/50 Hz,1.0,2000,transition,101,40,0.059021757034987854,0.014128225584547766,0.1799532717345499,after_return,0.15465609163469984
0.4445528947819906,1.0,,,held-out,nominal,60,1.0,,,0.85,0.4208510638297872,,0.19802464165449885,,,0.4478745254744513,0.010000000000005116,ekf3,,0.20494203170117822,1.0,,100/50/50 Hz,1.0,4700,transition,101,13,0.09878763244029017,0.10210841951777587,0.052796568595071175,flight,0.3906108715783001
0.44672680212040505,1.0,,,held-out,nominal,25,1.0,,,0.85,0.0,,0.26023003623216207,,,0.3124448924308129,0.010000000000001563,ekf3,,0.2636059941063954,1.0,,100/50/50 Hz,1.0,700,transition,101,18,0.18138827679294808,0.12573301857432181,0.04205292345876291,before_outage,0.33389757997881914
0.29510766509361375,1.0,,,held-out,nominal,40,1.0,,,0.85,0.0,,0.27251215970371795,,,0.4379770281117266,0.010000000000005116,ekf3,,0.2797512375898476,1.0,,100/50/50 Hz,1.0,1500,transition,101,25,0.03314302883858003,0.12365875370808088,0.06322877309158123,outage_window,0.16811108298054897
0.5634398972487571,1.0,,,held-out,nominal,60,1.0,,,0.85,0.989,,0.08611472886764726,,,0.4478745254744513,0.010000000000005116,ekf3,,0.09733466894148456,1.0,,100/50/50 Hz,1.0,2000,transition,101,40,0.09878763244029017,0.07502456244072297,0.04536839483605299,after_return,0.538941380018577
0.26897450287187086,1.0,1.0,,held-out,stress,60,1.0,1.0,,0.85,1.0,,0.037228652668644675,1.0,,0.09848481118515492,0.010000000000005116,px4,,0.1606783195535114,1.0,,100/50/50 Hz,1.0,4700,gps,101,13,0.059357971813810625,0.01664672309689889,0.15630594932700975,flight,0.25582680530081237
0.215351432132459,1.0,1.0,,held-out,stress,25,1.0,1.0,,0.85,1.0,,0.03515735920394413,1.0,,0.05670387020534351,0.010000000000001563,px4,,0.18186859024404373,1.0,,100/50/50 Hz,1.0,700,gps,101,18,0.02173317270110482,0.016598978851744328,0.17843806827905506,before_outage,0.18758943211486684
0.1703993837130022,1.0,1.0,,held-out,stress,40,1.0,1.0,,0.85,1.0,,0.03520104954371333,1.0,,0.07321936018871353,0.010000000000005116,px4,,0.16197659182707994,1.0,,100/50/50 Hz,1.0,1500,gps,101,25,0.037892102119303446,0.01246444723194904,0.15810535225265937,outage_window,0.14551223542599323
0.11109131288633269,1.0,1.0,,held-out,stress,60,1.0,1.0,,0.85,1.0,,0.036986032271047804,1.0,,0.06549686818362359,0.010000000000005116,px4,,0.14893061390878887,1.0,,100/50/50 Hz,1.0,2000,gps,101,40,0.059357971813810625,0.013431865237955391,0.14426489932098435,after_return,0.08906440363048868
0.427931899238732,1.0,,,held-out,stress,60,1.0,,,0.85,0.6102127659574468,,0.14510512790216293,,,0.5237601489411781,0.010000000000005116,ekf3,,0.15352470061348136,1.0,,100/50/50 Hz,1.0,4700,gps,101,13,0.08694188498685725,0.07530436318198723,0.050143150628535665,flight,0.38426006270803914
0.32298757475906015,1.0,,,held-out,stress,25,1.0,,,0.85,0.0,,0.23491927804808313,,,0.2870011538303298,0.010000000000001563,ekf3,,0.2385189687845836,1.0,,100/50/50 Hz,1.0,700,gps,101,18,0.20225007730522895,0.10357907809800551,0.04128233607038937,before_outage,0.20519154295747638
0.5408681468356368,1.0,,,held-out,stress,40,1.0,,,0.85,0.5786666666666667,,0.17477314186332665,,,0.5237601489411781,0.010000000000005116,ekf3,,0.18348433821476925,1.0,,100/50/50 Hz,1.0,1500,gps,101,25,0.0344891336608645,0.09701949005264121,0.05586457959506483,outage_window,0.4831814182933333
0.3715979217360985,1.0,,,held-out,stress,60,1.0,,,0.85,1.0,,0.06297773253309709,,,0.1167834110929356,0.010000000000005116,ekf3,,0.07616202771073204,1.0,,100/50/50 Hz,1.0,2000,gps,101,40,0.08694188498685725,0.037856652000127285,0.04283059268793744,after_return,0.35294050972043356
0.2625272997472904,1.0,1.0,,held-out,stress,60,1.0,1.0,,0.85,0.0,,0.09192220592164307,1.0,,0.1531468105620731,0.010000000000005116,px4,,0.15757664570547153,1.0,,100/50/50 Hz,1.0,4700,denied,101,13,0.1411406640269732,0.019720702454047716,0.12798713736265355,flight,0.24432104968629412
0.3272920450063825,1.0,1.0,,held-out,stress,25,1.0,1.0,,0.85,0.0,,0.052045678487620234,1.0,,0.08397017274549717,0.010000000000001563,px4,,0.11561456734071011,1.0,,100/50/50 Hz,1.0,700,denied,101,18,0.03180481390541938,0.025680983437772403,0.10323747155051241,before_outage,0.30551234742690686
0.2605706475157203,1.0,1.0,,held-out,stress,40,1.0,1.0,,0.85,0.0,,0.08227460095795941,1.0,,0.12635718619052955,0.010000000000005116,px4,,0.1539196621996216,1.0,,100/50/50 Hz,1.0,1500,denied,101,25,0.06685250906022334,0.021189345283539655,0.13008517382413018,outage_window,0.24079844410611745
0.1428692947375634,1.0,1.0,,held-out,stress,60,1.0,1.0,,0.85,0.0,,0.11646518872413135,1.0,,0.1531468105620731,0.010000000000005116,px4,,0.17934559383858073,1.0,,100/50/50 Hz,1.0,2000,denied,101,40,0.1411406640269732,0.01586717775944958,0.13638439003333788,after_return,0.12053071650537846
0.37313156799270114,1.0,,,held-out,stress,60,1.0,,,0.85,0.0,,0.23066510416279917,,,0.3613131866669788,0.010000000000005116,ekf3,,0.236105242111521,1.0,,100/50/50 Hz,1.0,4700,denied,101,13,0.31128155501408994,0.0900261377587739,0.05039141865541148,flight,0.3255189040335716
0.3229869441821637,1.0,,,held-out,stress,25,1.0,,,0.85,0.0,,0.2349192243177385,,,0.2870011538303298,0.010000000000001563,ekf3,,0.23851888993127557,1.0,,100/50/50 Hz,1.0,700,denied,101,18,0.20225007730522895,0.10357913732468652,0.04128218623086718,before_outage,0.2051905035115246
0.5060421431298229,1.0,,,held-out,stress,40,1.0,,,0.85,0.0,,0.23082998384891007,,,0.3152315292678255,0.010000000000005116,ekf3,,0.23707369576502596,1.0,,100/50/50 Hz,1.0,1500,denied,101,25,0.07483159092726091,0.0980634328579861,0.05405049287471854,outage_window,0.46270831648209537
0.24953695674991613,1.0,,,held-out,stress,60,1.0,,,0.85,0.0,,0.24993634670156079,,,0.3613131866669788,0.010000000000005116,ekf3,,0.2539898479812191,1.0,,100/50/50 Hz,1.0,2000,denied,101,40,0.31128155501408994,0.08366714215429409,0.045195856834448885,after_return,0.20276176610546218
0.28256000059524494,1.0,1.0,,held-out,stress,60,1.0,1.0,,0.85,0.8040425531914893,,0.040583282654648424,1.0,,0.10216837024307981,0.010000000000005116,px4,,0.16633639662923452,1.0,,100/50/50 Hz,1.0,4700,transition,101,13,0.059021757034987854,0.016873359249283435,0.16130962157469383,flight,0.26972132166305457
0.215351432132459,1.0,1.0,,held-out,stress,25,1.0,1.0,,0.85,1.0,,0.03515735920394413,1.0,,0.05670387020534351,0.010000000000001563,px4,,0.18186859024404373,1.0,,100/50/50 Hz,1.0,700,transition,101,18,0.02173317270110482,0.016598978851744328,0.17843806827905506,before_outage,0.18758943211486684
0.1763588894826836,1.0,1.0,,held-out,stress,40,1.0,1.0,,0.85,0.472,,0.035474757788781085,1.0,,0.05201190167696628,0.010000000000005116,px4,,0.15901354528704786,1.0,,100/50/50 Hz,1.0,1500,transition,101,25,0.05200228795184552,0.012413020285844909,0.15500596486775384,outage_window,0.15105676644499885
0.1685219424683856,1.0,1.0,,held-out,stress,60,1.0,1.0,,0.85,0.9355,,0.044349512520379296,1.0,,0.10216837024307981,0.010000000000005116,px4,,0.16505091425952373,1.0,,100/50/50 Hz,1.0,2000,transition,101,40,0.059021757034987854,0.014114785147473021,0.15898089519533276,after_return,0.1544651191601808
0.43124212729000444,1.0,,,held-out,stress,60,1.0,,,0.85,0.4208510638297872,,0.17170291184547748,,,0.4478745254744513,0.010000000000005116,ekf3,,0.17920202877989802,1.0,,100/50/50 Hz,1.0,4700,transition,101,13,0.0872671462413882,0.08378085652546166,0.05129792571455099,flight,0.3913319737559858
0.32298757475906015,1.0,,,held-out,stress,25,1.0,,,0.85,0.0,,0.23491927804808313,,,0.2870011538303298,0.010000000000001563,ekf3,,0.2385189687845836,1.0,,100/50/50 Hz,1.0,700,transition,101,18,0.20225007730522895,0.10357907809800551,0.04128233607038937,before_outage,0.20519154295747638
0.5060435288000603,1.0,,,held-out,stress,40,1.0,,,0.85,0.0,,0.23083011695952196,,,0.3152315292678255,0.010000000000005116,ekf3,,0.23707382536996063,1.0,,100/50/50 Hz,1.0,1500,transition,101,25,0.07483159092726091,0.09806342666982525,0.05405049287471854,outage_window,0.46270985010338633
0.41486417713349977,1.0,,,held-out,stress,60,1.0,,,0.85,0.989,,0.0819484391175891,,,0.4478745254744513,0.010000000000005116,ekf3,,0.09473560985083282,1.0,,100/50/50 Hz,1.0,2000,transition,101,40,0.0872671462413882,0.06670325887389308,0.04753197976099881,after_return,0.38984544199898197
0.24425397642382563,1.0,1.0,,held-out,zero,60,1.0,1.0,,0.85,1.0,,0.0495245351893887,1.0,,0.0926142830963888,0.010000000000005116,px4,,0.4080187264884128,1.0,,100/50/50 Hz,1.0,4700,gps,307,13,0.009848705567093642,0.018619146083492487,0.4050019772538169,flight,0.2293310668184827
0.3342037381145524,1.0,1.0,,held-out,zero,25,1.0,1.0,,0.85,1.0,,0.061062484880708416,1.0,,0.0926142830963888,0.010000000000001563,px4,,0.42350450561355935,1.0,,100/50/50 Hz,1.0,700,gps,307,18,0.05872124760596618,0.019222611568055884,0.41907927557346303,before_outage,0.31394177340014084
0.1877008214539482,1.0,1.0,,held-out,zero,40,1.0,1.0,,0.85,1.0,,0.055241093093046735,1.0,,0.07838101731850507,0.010000000000005116,px4,,0.39425398167598086,1.0,,100/50/50 Hz,1.0,1500,gps,307,25,0.041264315735514964,0.01836928388940498,0.3903647316308813,outage_window,0.16986896960033906
0.16038373777548015,1.0,1.0,,held-out,zero,60,1.0,1.0,,0.85,1.0,,0.039197938740301294,1.0,,0.06937087636388488,0.010000000000005116,px4,,0.4035819930713092,1.0,,100/50/50 Hz,1.0,2000,gps,307,40,0.009848705567093642,0.016810169747510192,0.4016739308567608,after_return,0.1545951228868167
0.44491368119552693,1.0,,,held-out,zero,60,1.0,,,0.85,0.6259574468085106,,0.14232362408357904,,,0.34404877041906956,0.010000000000005116,ekf3,,0.14868816317664646,1.0,,100/50/50 Hz,1.0,4700,gps,307,13,0.040171123691450907,0.0688790449541416,0.04303668082648939,flight,0.40494183212663776
0.4780961867721703,1.0,,,held-out,zero,25,1.0,,,0.85,0.0,,0.21129365099264644,,,0.3060785435231266,0.010000000000001563,ekf3,,0.2156301567991612,1.0,,100/50/50 Hz,1.0,700,gps,307,18,0.1627691533194211,0.09910600776199295,0.04302740488837981,before_outage,0.40178064260685853
0.41818310434431033,1.0,,,held-out,zero,40,1.0,,,0.85,0.628,,0.18604241936805635,,,0.34404877041906956,0.010000000000005116,ekf3,,0.19604976272446686,1.0,,100/50/50 Hz,1.0,1500,gps,307,25,0.03230728847295874,0.07665001301181844,0.06183629726948404,outage_window,0.3521407683341814
0.4812540474063982,1.0,,,held-out,zero,60,1.0,,,0.85,1.0,,0.052953727164922276,,,0.11227270517957856,0.010000000000005116,ekf3,,0.06005433477824084,1.0,,100/50/50 Hz,1.0,2000,gps,307,40,0.040171123691450907,0.04074486804798163,0.028327123133138673,after_return,0.4666380791737019
0.24741656478683377,1.0,1.0,,held-out,zero,60,1.0,1.0,,0.85,0.0,,0.05575985732103051,1.0,,0.10059323695289987,0.010000000000005116,px4,,0.0885236968760168,1.0,,100/50/50 Hz,1.0,4700,denied,307,13,0.08943274758696639,0.020178762482869726,0.06875524140118501,flight,0.22161263830035008
0.4175018343098693,1.0,1.0,,held-out,zero,25,1.0,1.0,,0.85,0.0,,0.043687579418952134,1.0,,0.05886629433441904,0.010000000000001563,px4,,0.10009073806157325,1.0,,100/50/50 Hz,1.0,700,denied,307,18,0.011770846384799525,0.03000853438041527,0.09005304686807224,before_outage,0.3972001690301016
0.18527332237671984,1.0,1.0,,held-out,zero,40,1.0,1.0,,0.85,0.0,,0.04011175181724393,1.0,,0.054201574990250384,0.010000000000005116,px4,,0.07330591442568378,1.0,,100/50/50 Hz,1.0,1500,denied,307,25,0.041732848101804346,0.01956311785743312,0.06135800237896847,outage_window,0.1550379545720393
0.11679704821006091,1.0,1.0,,held-out,zero,60,1.0,1.0,,0.85,0.0,,0.07249467727683753,1.0,,0.10059323695289987,0.010000000000005116,px4,,0.09205876499868004,1.0,,100/50/50 Hz,1.0,2000,denied,307,40,0.08943274758696639,0.015131168638125228,0.05673921024837564,after_return,0.07756733479860656
0.4003135394213257,1.0,,,held-out,zero,60,1.0,,,0.85,0.0,,0.23896748957436284,,,0.4329308589277275,0.010000000000005116,ekf3,,0.24331250547316663,1.0,,100/50/50 Hz,1.0,4700,denied,307,13,0.28202387701323095,0.09792928142100554,0.045776787197842214,flight,0.353866993314881
0.5291570857774286,1.0,,,held-out,zero,25,1.0,,,0.85,0.0,,0.2210379039122561,,,0.3209564006410066,0.010000000000001563,ekf3,,0.22415846603350761,1.0,,100/50/50 Hz,1.0,700,denied,307,18,0.1366181370191639,0.10361841340409161,0.03727281755611492,before_outage,0.4650735541852486
0.37004864080916716,1.0,,,held-out,zero,40,1.0,,,0.85,0.0,,0.22539886355880845,,,0.3507355922747943,0.010000000000005116,ekf3,,0.23127494241040397,1.0,,100/50/50 Hz,1.0,1500,denied,307,25,0.12353828816216902,0.10261393432552565,0.05180203947079046,outage_window,0.3085294268272048
0.3912272241272928,1.0,,,held-out,zero,60,1.0,,,0.85,0.0,,0.2747538927416046,,,0.4329308589277275,0.010000000000005116,ekf3,,0.2788243659127824,1.0,,100/50/50 Hz,1.0,2000,denied,307,40,0.28202387701323095,0.09614795819270984,0.04746920528089764,after_return,0.35857956732183704
0.3350000874399833,1.0,1.0,,held-out,zero,60,1.0,1.0,,0.85,0.8004255319148936,,0.05721498639907179,1.0,,0.10039902494773076,0.010000000000005116,px4,,0.4244373656767532,1.0,,100/50/50 Hz,1.0,4700,transition,307,13,0.013407056503618777,0.018194332341067123,0.4205633397170704,flight,0.32205442095762
0.3342037381145524,1.0,1.0,,held-out,zero,25,1.0,1.0,,0.85,1.0,,0.061062484880708416,1.0,,0.0926142830963888,0.010000000000001563,px4,,0.42350450561355935,1.0,,100/50/50 Hz,1.0,700,transition,307,18,0.05872124760596618,0.019222611568055884,0.41907927557346303,before_outage,0.31394177340014084
0.3130531600571593,1.0,1.0,,held-out,zero,40,1.0,1.0,,0.85,0.46066666666666667,,0.06876448889006838,1.0,,0.09269001546889907,0.010000000000005116,px4,,0.40396439636564796,1.0,,100/50/50 Hz,1.0,1500,transition,307,25,0.09269001546889907,0.0174277195279132,0.39806868578016785,outage_window,0.3020815549583915
0.31964481426161356,1.0,1.0,,held-out,zero,60,1.0,1.0,,0.85,0.9355,,0.04698725807816873,1.0,,0.10039902494773076,0.010000000000005116,px4,,0.43495341433826784,1.0,,100/50/50 Hz,1.0,2000,transition,307,40,0.013407056503618777,0.016465398440902376,0.4324079904705884,after_return,0.3118463333257512
0.49969848265314254,1.0,,,held-out,zero,60,1.0,,,0.85,0.4238297872340426,,0.15862205443654695,,,0.34404877041906956,0.010000000000005116,ekf3,,0.16228029538234431,1.0,,100/50/50 Hz,1.0,4700,transition,307,13,0.04061121084840772,0.07884820826469635,0.034262780326617635,flight,0.4634785027522533
0.4780961867721703,1.0,,,held-out,zero,25,1.0,,,0.85,0.0,,0.21129365099264644,,,0.3060785435231266,0.010000000000001563,ekf3,,0.2156301567991612,1.0,,100/50/50 Hz,1.0,700,transition,307,18,0.1627691533194211,0.09910600776199295,0.04302740488837981,before_outage,0.40178064260685853
0.36584953206331916,1.0,,,held-out,zero,40,1.0,,,0.85,0.0,,0.220004392592332,,,0.34404877041906956,0.010000000000005116,ekf3,,0.22529769588980328,1.0,,100/50/50 Hz,1.0,1500,transition,307,25,0.14463076990375584,0.09912087591270038,0.048550170064927005,outage_window,0.2993769545920575
0.6196711190468063,1.0,,,held-out,zero,60,1.0,,,0.85,0.996,,0.06315139056438462,,,0.15184234911347938,0.010000000000005116,ekf3,,0.06554897966570834,1.0,,100/50/50 Hz,1.0,2000,transition,307,40,0.04061121084840772,0.04646220858921382,0.017566177871124956,after_return,0.6024901984878458
0.24312937114255928,1.0,1.0,,held-out,nominal,60,1.0,1.0,,0.85,1.0,,0.04962174429703782,1.0,,0.09278395075141457,0.010000000000005116,px4,,0.4017747347561356,1.0,,100/50/50 Hz,1.0,4700,gps,307,13,0.009848705567093642,0.01851414588587027,0.3986986581132203,flight,0.22959868960999777
0.33248112776342825,1.0,1.0,,held-out,nominal,25,1.0,1.0,,0.85,1.0,,0.061221009995630404,1.0,,0.09278395075141457,0.010000000000001563,px4,,0.4171417073339399,1.0,,100/50/50 Hz,1.0,700,gps,307,18,0.05884380078601658,0.0191719476425463,0.4126247592336036,before_outage,0.3139619600536607
0.18623201307055254,1.0,1.0,,held-out,nominal,40,1.0,1.0,,0.85,1.0,,0.055262290551879145,1.0,,0.07844962963653664,0.010000000000005116,px4,,0.38805828940964565,1.0,,100/50/50 Hz,1.0,1500,gps,307,25,0.04126694464824743,0.018259685180097334,0.3841032611453592,outage_window,0.1699002206519524
0.15978806362795292,1.0,1.0,,held-out,nominal,60,1.0,1.0,,0.85,1.0,,0.039204805420805004,1.0,,0.06938989333933604,0.010000000000005116,px4,,0.3973934691926749,1.0,,100/50/50 Hz,1.0,2000,gps,307,40,0.009848705567093642,0.016765851388266435,0.3954548679544939,after_return,0.15456765173195505
0.4735505553418313,1.0,,,held-out,nominal,60,1.0,,,0.85,0.6229787234042553,,0.15939220343838978,,,0.6637442611291932,0.010000000000005116,ekf3,,0.1676813749203395,1.0,,100/50/50 Hz,1.0,4700,gps,307,13,0.0362419903650428,0.08931497277243783,0.052068886854151536,flight,0.41896685319658844
0.5054439829769198,1.0,,,held-out,nominal,25,1.0,,,0.85,0.0,,0.2426820845723558,,,0.31393773934446556,0.010000000000001563,ekf3,,0.24541864907794023,1.0,,100/50/50 Hz,1.0,700,gps,307,18,0.20715824669501567,0.12545011059201885,0.03654749160827789,before_outage,0.38500977614370124
0.5104936389826715,1.0,,,held-out,nominal,40,1.0,,,0.85,0.6186666666666667,,0.20010859785528198,,,0.6637442611291932,0.010000000000005116,ekf3,,0.21277269414943023,1.0,,100/50/50 Hz,1.0,1500,gps,307,25,0.041115932224247885,0.1091791957353434,0.07231022362017697,outage_window,0.43272035912352846
0.48339999091760044,1.0,,,held-out,nominal,60,1.0,,,0.85,1.0,,0.06085421248051958,,,0.12839977134336902,0.010000000000005116,ekf3,,0.0674271435448976,1.0,,100/50/50 Hz,1.0,2000,gps,307,40,0.0362419903650428,0.048747425736930465,0.029037639539053445,after_return,0.4662642575312112
0.23600204630632457,1.0,1.0,,held-out,nominal,60,1.0,1.0,,0.85,0.0,,0.05856337497696245,1.0,,0.10474668073779661,0.010000000000005116,px4,,0.09083528403609914,1.0,,100/50/50 Hz,1.0,4700,denied,307,13,0.09394856360302026,0.019705852240018744,0.06943615727577741,flight,0.21153263543906697
0.40161446322803346,1.0,1.0,,held-out,nominal,25,1.0,1.0,,0.85,0.0,,0.04450181525755606,1.0,,0.06282441723790601,0.010000000000001563,px4,,0.10105857469324485,1.0,,100/50/50 Hz,1.0,700,denied,307,18,0.007043571390765737,0.029189272464514197,0.0907327061087263,before_outage,0.3825619889731499
0.1753415661818243,1.0,1.0,,held-out,nominal,40,1.0,1.0,,0.85,0.0,,0.043193468775983734,1.0,,0.058251744480056905,0.010000000000005116,px4,,0.07557782202737708,1.0,,100/50/50 Hz,1.0,1500,denied,307,25,0.04502532089702656,0.01911213692460529,0.062018799065283424,outage_window,0.1462823687569508
0.11344772368248833,1.0,1.0,,held-out,nominal,60,1.0,1.0,,0.85,0.0,,0.07612672869152685,1.0,,0.10474668073779661,0.010000000000005116,px4,,0.09543542929044467,1.0,,100/50/50 Hz,1.0,2000,denied,307,40,0.09394856360302026,0.014996008610205013,0.05755555874612047,after_return,0.07622706274213956
0.34120783975575525,1.0,,,held-out,nominal,60,1.0,,,0.85,0.0,,0.27049467885276035,,,0.49154842632749357,0.010000000000005116,ekf3,,0.27483866421751346,1.0,,100/50/50 Hz,1.0,4700,denied,307,13,0.26846553462014444,0.11704275864385358,0.048671552894983316,flight,0.25013149446670013
0.5054419514111435,1.0,,,held-out,nominal,25,1.0,,,0.85,0.0,,0.2426820845723558,,,0.31393773934446556,0.010000000000001563,ekf3,,0.24541864907794023,1.0,,100/50/50 Hz,1.0,700,denied,307,18,0.20715824669501567,0.12545001231448938,0.03654749160827789,before_outage,0.38500711210279254
0.3245577946052786,1.0,,,held-out,nominal,40,1.0,,,0.85,0.0,,0.23820281368216065,,,0.34225471013650655,0.010000000000005116,ekf3,,0.24470124757773132,1.0,,100/50/50 Hz,1.0,1500,denied,307,25,0.17858124640189144,0.12473746891323208,0.05601892644455085,outage_window,0.20357629436606434
0.31101674802552537,1.0,,,held-out,nominal,60,1.0,,,0.85,0.0,,0.3215896569887186,,,0.49154842632749357,0.010000000000005116,ekf3,,0.32407837520748234,1.0,,100/50/50 Hz,1.0,2000,denied,307,40,0.26846553462014444,0.11442528848439715,0.04008598003042959,after_return,0.247552332990244
0.33402925182075777,1.0,1.0,,held-out,nominal,60,1.0,1.0,,0.85,0.8029787234042554,,0.05732289982540947,1.0,,0.10038283532697742,0.010000000000005116,px4,,0.41799095661936286,1.0,,100/50/50 Hz,1.0,4700,transition,307,13,0.013469158690503734,0.018086586591198793,0.4140416947255145,flight,0.32221514902530246
0.33248112776342825,1.0,1.0,,held-out,nominal,25,1.0,1.0,,0.85,1.0,,0.061221009995630404,1.0,,0.09278395075141457,0.010000000000001563,px4,,0.4171417073339399,1.0,,100/50/50 Hz,1.0,700,transition,307,18,0.05884380078601658,0.0191719476425463,0.4126247592336036,before_outage,0.3139619600536607
0.3121313947941342,1.0,1.0,,held-out,nominal,40,1.0,1.0,,0.85,0.4686666666666667,,0.06885329172560013,1.0,,0.09274021446801801,0.010000000000005116,px4,,0.397779837094006,1.0,,100/50/50 Hz,1.0,1500,transition,307,25,0.09274021446801801,0.017318055420990252,0.391775475262405,outage_window,0.3021379234407693
0.31900481029372907,1.0,1.0,,held-out,nominal,60,1.0,1.0,,0.85,0.9355,,0.04698222262155949,1.0,,0.10038283532697742,0.010000000000005116,px4,,0.4282891870123276,1.0,,100/50/50 Hz,1.0,2000,transition,307,40,0.013469158690503734,0.016414763365815953,0.4257044731609227,after_return,0.31173190803573725
0.5077776213803574,1.0,,,held-out,nominal,60,1.0,,,0.85,0.4208510638297872,,0.18040823797105437,,,0.5157929259804895,0.010000000000005116,ekf3,,0.1853895665248284,1.0,,100/50/50 Hz,1.0,4700,transition,307,13,0.037090081530131935,0.10330642671648656,0.042686754953301397,flight,0.4545656598968148
0.5054439829769198,1.0,,,held-out,nominal,25,1.0,,,0.85,0.0,,0.2426820845723558,,,0.31393773934446556,0.010000000000001563,ekf3,,0.24541864907794023,1.0,,100/50/50 Hz,1.0,700,transition,307,18,0.20715824669501567,0.12545011059201885,0.03654749160827789,before_outage,0.38500977614370124
0.3245578121942741,1.0,,,held-out,nominal,40,1.0,,,0.85,0.0,,0.23820251497697784,,,0.34225471013650655,0.010000000000005116,ekf3,,0.244700956805153,1.0,,100/50/50 Hz,1.0,1500,transition,307,25,0.17858124640189144,0.12473746891323208,0.05601892644455085,outage_window,0.20357632159356012
0.6550242749982895,1.0,,,held-out,nominal,60,1.0,,,0.85,0.989,,0.08923256483968721,,,0.5157929259804895,0.010000000000005116,ekf3,,0.09101894331878932,1.0,,100/50/50 Hz,1.0,2000,transition,307,40,0.037090081530131935,0.07733164017341701,0.01794428641657282,after_return,0.632322964278458
0.2430619571767532,1.0,1.0,,held-out,stress,60,1.0,1.0,,0.85,1.0,,0.04962967098352185,1.0,,0.0928792591054048,0.010000000000005116,px4,,0.4111271400147162,1.0,,100/50/50 Hz,1.0,4700,gps,307,13,0.009848705567093642,0.018509156064047724,0.4081205961658238,flight,0.22953351788064327
0.33212638516913734,1.0,1.0,,held-out,stress,25,1.0,1.0,,0.85,1.0,,0.061268236477337146,1.0,,0.0928792591054048,0.010000000000001563,px4,,0.42647391635317433,1.0,,100/50/50 Hz,1.0,700,gps,307,18,0.058852307744891454,0.01918690580346904,0.42205000240323587,before_outage,0.31359327528697073
0.18610832210402395,1.0,1.0,,held-out,stress,40,1.0,1.0,,0.85,1.0,,0.05525693725911528,1.0,,0.07849254657450636,0.010000000000005116,px4,,0.39737949412624285,1.0,,100/50/50 Hz,1.0,1500,gps,307,25,0.04126856734962177,0.018243127440508985,0.3935189109010783,outage_window,0.1697816336832336
0.15980882111715086,1.0,1.0,,held-out,stress,60,1.0,1.0,,0.85,1.0,,0.039207218856568284,1.0,,0.06938989333933604,0.010000000000005116,px4,,0.4067493772628891,1.0,,100/50/50 Hz,1.0,2000,gps,307,40,0.009848705567093642,0.016763343500436508,0.40485534440498777,after_return,0.15458450857387912
0.3949233823109045,1.0,,,held-out,stress,60,1.0,,,0.85,0.5974468085106382,,0.14051898051291564,,,0.5643406889056358,0.010000000000005116,ekf3,,0.14556924487571046,1.0,,100/50/50 Hz,1.0,4700,gps,307,13,0.03194077679239873,0.0756001410039101,0.038010803323468345,flight,0.35263689176587454
0.3521827748828831,1.0,,,held-out,stress,25,1.0,,,0.85,0.0,,0.22881350035527892,,,0.3133339078117891,0.010000000000001563,ekf3,,0.23220920177222168,1.0,,100/50/50 Hz,1.0,700,gps,307,18,0.20128375065211543,0.10641565656456198,0.03956634229818499,before_outage,0.24071619561474644
0.4407357938765223,1.0,,,held-out,stress,40,1.0,,,0.85,0.5386666666666666,,0.1747490809124093,,,0.5643406889056358,0.010000000000005116,ekf3,,0.18123075566727567,1.0,,100/50/50 Hz,1.0,1500,gps,307,25,0.0395355148582505,0.09526502565650563,0.04803483652517202,outage_window,0.37804975813903274
0.41436184934675,1.0,,,held-out,stress,60,1.0,,,0.85,1.0,,0.05575262343703451,,,0.11681298014373004,0.010000000000005116,ekf3,,0.06134226043366652,1.0,,100/50/50 Hz,1.0,2000,gps,307,40,0.03194077679239873,0.03960583106867876,0.02558354734981058,after_return,0.4022235372104984
0.2344727421179102,1.0,1.0,,held-out,stress,60,1.0,1.0,,0.85,0.0,,0.058093452136561675,1.0,,0.10415669282165398,0.010000000000005116,px4,,0.09357326650219873,1.0,,100/50/50 Hz,1.0,4700,denied,307,13,0.09340499655034606,0.019629830394913908,0.07335602921879376,flight,0.20984851124607776
0.39985552734198054,1.0,1.0,,held-out,stress,25,1.0,1.0,,0.85,0.0,,0.04430071762923503,1.0,,0.06255478525413231,0.010000000000001563,px4,,0.1045512902340668,1.0,,100/50/50 Hz,1.0,700,denied,307,18,0.0076406781372181,0.029129344955842438,0.09470173550227502,before_outage,0.38087020480371153
0.17416873064705937,1.0,1.0,,held-out,stress,40,1.0,1.0,,0.85,0.0,,0.04274227459693006,1.0,,0.057885211803890994,0.010000000000005116,px4,,0.0786197881368152,1.0,,100/50/50 Hz,1.0,1500,denied,307,25,0.04443328000998188,0.019042535984197185,0.06598612770089131,outage_window,0.1449988280754378
0.11312846684912971,1.0,1.0,,held-out,stress,60,1.0,1.0,,0.85,0.0,,0.07553209613062141,1.0,,0.10415669282165398,0.010000000000005116,px4,,0.0974507184155846,1.0,,100/50/50 Hz,1.0,2000,denied,307,40,0.09340499655034606,0.014956055762430488,0.061575522521762856,after_return,0.07543929783996954
0.24532151779193723,1.0,,,held-out,stress,60,1.0,,,0.85,0.0,,0.22030462302120907,,,0.36440299591397857,0.010000000000005116,ekf3,,0.22481544919457042,1.0,,100/50/50 Hz,1.0,4700,denied,307,13,0.16917964249346867,0.08937762426562247,0.044809142728236,flight,0.17113522548754795
0.3521814860175004,1.0,,,held-out,stress,25,1.0,,,0.85,0.0,,0.22881363786518766,,,0.3133339078117891,0.010000000000001563,ekf3,,0.23220933727126128,1.0,,100/50/50 Hz,1.0,700,denied,307,18,0.20128375065211543,0.10641565656456198,0.03956634229818499,before_outage,0.24071485865478
0.2945204517353606,1.0,,,held-out,stress,40,1.0,,,0.85,0.0,,0.20881252826829225,,,0.30655598959990626,0.010000000000005116,ekf3,,0.2139563016797192,1.0,,100/50/50 Hz,1.0,1500,denied,307,25,0.18997242587807595,0.09488702409144738,0.04663289682902689,outage_window,0.22579362286881077
0.16503959618352068,1.0,,,held-out,stress,60,1.0,,,0.85,0.0,,0.24690551962960872,,,0.36440299591397857,0.010000000000005116,ekf3,,0.25107673471185477,1.0,,100/50/50 Hz,1.0,2000,denied,307,40,0.16917964249346867,0.08345075165364861,0.04557621188734316,after_return,0.08563992953541966
0.3340214900872598,1.0,1.0,,held-out,stress,60,1.0,1.0,,0.85,0.8042553191489362,,0.05734529186971952,1.0,,0.10048152534791213,0.010000000000005116,px4,,0.4272119693022059,1.0,,100/50/50 Hz,1.0,4700,transition,307,13,0.013407056503618777,0.018078428658512943,0.4233457029608846,flight,0.32220059898196485
0.33212638516913734,1.0,1.0,,held-out,stress,25,1.0,1.0,,0.85,1.0,,0.061268236477337146,1.0,,0.0928792591054048,0.010000000000001563,px4,,0.42647391635317433,1.0,,100/50/50 Hz,1.0,700,transition,307,18,0.058852307744891454,0.01918690580346904,0.42205000240323587,before_outage,0.31359327528697073
0.31203950932243013,1.0,1.0,,held-out,stress,40,1.0,1.0,,0.85,0.4726666666666667,,0.06888137925699685,1.0,,0.0927476119566239,0.010000000000005116,px4,,0.4070577378261953,1.0,,100/50/50 Hz,1.0,1500,transition,307,25,0.0927476119566239,0.01730364079303006,0.40118743439424087,outage_window,0.3020565376518354
0.31913009001388243,1.0,1.0,,held-out,stress,60,1.0,1.0,,0.85,0.9355,,0.04699317446420957,1.0,,0.10048152534791213,0.010000000000005116,px4,,0.4373723512658849,1.0,,100/50/50 Hz,1.0,2000,transition,307,40,0.013407056503618777,0.016401895427403317,0.43484044798710364,after_return,0.31182839118754063
0.39279598374858254,1.0,,,held-out,stress,60,1.0,,,0.85,0.4208510638297872,,0.16036607053356128,,,0.5157929259804895,0.010000000000005116,ekf3,,0.16421516823845914,1.0,,100/50/50 Hz,1.0,4700,transition,307,13,0.03209507328668708,0.08355076580758168,0.0353460733492461,flight,0.3529171319829242
0.3521827748828831,1.0,,,held-out,stress,25,1.0,,,0.85,0.0,,0.22881350035527892,,,0.3133339078117891,0.010000000000001563,ekf3,,0.23220920177222168,1.0,,100/50/50 Hz,1.0,700,transition,307,18,0.20128375065211543,0.10641565656456198,0.03956634229818499,before_outage,0.24071619561474644
0.2945189873655108,1.0,,,held-out,stress,40,1.0,,,0.85,0.0,,0.20881247276216108,,,0.30655598959990626,0.010000000000005116,ekf3,,0.21395624750802422,1.0,,100/50/50 Hz,1.0,1500,transition,307,25,0.18997242587807595,0.09488698909150982,0.04663289682902689,outage_window,0.22579163676953867
0.49838497479136595,1.0,,,held-out,stress,60,1.0,,,0.85,0.989,,0.08569000656430997,,,0.5157929259804895,0.010000000000005116,ekf3,,0.08739258967436248,1.0,,100/50/50 Hz,1.0,2000,transition,307,40,0.03209507328668708,0.06779458430785483,0.017166464545735675,after_return,0.48083598453270565
0.15655952950311694,1.0,1.0,,held-out,zero,60,1.0,1.0,,0.85,1.0,,0.0445616051138303,1.0,,0.09669062570116616,0.010000000000005116,px4,,0.08231050784396558,1.0,,100/50/50 Hz,1.0,4700,gps,911,13,0.023783378883482136,0.017023935409240673,0.0692046461678013,flight,0.11909863939668298
0.17427593296907098,1.0,1.0,,held-out,zero,25,1.0,1.0,,0.85,1.0,,0.03205575686346608,1.0,,0.0612812948323019,0.010000000000001563,px4,,0.09024787214230955,1.0,,100/50/50 Hz,1.0,700,gps,911,18,0.052792212677670466,0.01711201022401474,0.08436294730582258,before_outage,0.10684755938786704
0.13053737981021293,1.0,1.0,,held-out,zero,40,1.0,1.0,,0.85,1.0,,0.04279328702282197,1.0,,0.08562524249883727,0.010000000000005116,px4,,0.07107942754960905,1.0,,100/50/50 Hz,1.0,1500,gps,911,25,0.03127593195254346,0.018621871143879136,0.056754027227699885,outage_window,0.07608252329055633
0.10496540889396845,1.0,1.0,,held-out,zero,60,1.0,1.0,,0.85,1.0,,0.048237806827393814,1.0,,0.09669062570116616,0.010000000000005116,px4,,0.08512202594300702,1.0,,100/50/50 Hz,1.0,2000,gps,911,40,0.023783378883482136,0.01632152283277652,0.07013467967507231,after_return,0.07345903926658898
0.3884322994339891,1.0,,,held-out,zero,60,1.0,,,0.85,0.6323404255319149,,0.12694245657095649,,,0.2552347849835027,0.010000000000005116,ekf3,,0.13109268776476882,1.0,,100/50/50 Hz,1.0,4700,gps,911,13,0.023424763530712343,0.0686549140397262,0.03272469259018321,flight,0.33824784743383174
0.4077191533481338,1.0,,,held-out,zero,25,1.0,,,0.85,0.0,,0.1962656157959613,,,0.2552347849835027,0.010000000000001563,ekf3,,0.2008257423049628,1.0,,100/50/50 Hz,1.0,700,gps,911,18,0.18181030912665266,0.10116011391656936,0.042553340980132554,before_outage,0.30630287027262076
0.4165925951517174,1.0,,,held-out,zero,40,1.0,,,0.85,0.648,,0.1355810004182781,,,0.2384323895130967,0.010000000000005116,ekf3,,0.13690504760996872,1.0,,100/50/50 Hz,1.0,1500,gps,911,25,0.019366542372941248,0.07610662606792415,0.0189943251174309,outage_window,0.3477679488451538
0.35530912252959373,1.0,,,held-out,zero,60,1.0,,,0.85,1.0,,0.07701283791423714,,,0.16791055128116905,0.010000000000005116,ekf3,,0.08453858109528786,1.0,,100/50/50 Hz,1.0,2000,gps,911,40,0.023424763530712343,0.038394686116005335,0.034868244722096355,after_return,0.33115952117779046
0.1925377098879287,1.0,1.0,,held-out,zero,60,1.0,1.0,,0.85,0.0,,0.09413892303926687,1.0,,0.1444336316163864,0.010000000000005116,px4,,0.09533195333206126,1.0,,100/50/50 Hz,1.0,4700,denied,911,13,0.13230973915978494,0.01551039009459572,0.015034776190994446,flight,0.16668315259965702
0.2737218879441227,1.0,1.0,,held-out,zero,25,1.0,1.0,,0.85,0.0,,0.06025867326985709,1.0,,0.08270308939909261,0.010000000000001563,px4,,0.0633531714855626,1.0,,100/50/50 Hz,1.0,700,denied,911,18,0.03435181126332146,0.021660512307901426,0.0195580324428536,before_outage,0.24947922183299498
0.21094485225707163,1.0,1.0,,held-out,zero,40,1.0,1.0,,0.85,0.0,,0.07881490090031168,1.0,,0.1010985531362569,0.010000000000005116,px4,,0.07945899867206746,1.0,,100/50/50 Hz,1.0,1500,denied,911,25,0.08196694021871946,0.016101803246364167,0.010096725510860763,outage_window,0.1868454686038212
0.09730265475408244,1.0,1.0,,held-out,zero,60,1.0,1.0,,0.85,0.0,,0.12097331261001056,1.0,,0.1444336316163864,0.010000000000005116,px4,,0.12161639476210882,1.0,,100/50/50 Hz,1.0,2000,denied,911,40,0.13230973915978494,0.012740812873951249,0.012490200602622445,after_return,0.05954714903460542
0.41774699696285705,1.0,,,held-out,zero,60,1.0,,,0.85,0.0,,0.18870332517555627,,,0.3529389095439907,0.010000000000005116,ekf3,,0.1940564695926803,1.0,,100/50/50 Hz,1.0,4700,denied,911,13,0.23967663380028137,0.09764378239964698,0.04526553278669243,flight,0.36819291656063435
0.5075879248935554,1.0,,,held-out,zero,25,1.0,,,0.85,0.0,,0.20649432336521606,,,0.271915747285259,0.010000000000001563,ekf3,,0.2112177447816112,1.0,,100/50/50 Hz,1.0,700,denied,911,18,0.18314986796376106,0.10643716275141807,0.04441880377240508,before_outage,0.42715697152533516
0.3951581708126494,1.0,,,held-out,zero,40,1.0,,,0.85,0.0,,0.17561236916509365,,,0.24820915173855757,0.010000000000005116,ekf3,,0.17995800813090762,1.0,,100/50/50 Hz,1.0,1500,denied,911,25,0.12836135087799996,0.10333739792804043,0.03930878383601643,outage_window,0.331635929494392
0.4099863704142638,1.0,,,held-out,zero,60,1.0,,,0.85,0.0,,0.20078836473136355,,,0.3529389095439907,0.010000000000005116,ekf3,,0.20587363896695243,1.0,,100/50/50 Hz,1.0,2000,denied,911,40,0.23967663380028137,0.09402322231963525,0.045475133974514026,after_return,0.37660785218976606
0.1608793462441084,1.0,1.0,,held-out,zero,60,1.0,1.0,,0.85,0.8004255319148936,,0.052352243772681606,1.0,,0.09459510599596437,0.010000000000005116,px4,,0.09929771491089529,1.0,,100/50/50 Hz,1.0,4700,transition,911,13,0.024424698991670844,0.01703185288714125,0.08437581856486583,flight,0.12469810204465172
0.17427593296907098,1.0,1.0,,held-out,zero,25,1.0,1.0,,0.85,1.0,,0.03205575686346608,1.0,,0.0612812948323019,0.010000000000001563,px4,,0.09024787214230955,1.0,,100/50/50 Hz,1.0,700,transition,911,18,0.052792212677670466,0.01711201022401474,0.08436294730582258,before_outage,0.10684755938786704
0.10859043685213104,1.0,1.0,,held-out,zero,40,1.0,1.0,,0.85,0.46066666666666667,,0.06286777378850422,1.0,,0.08998010893144645,0.010000000000005116,px4,,0.08306281048397976,1.0,,100/50/50 Hz,1.0,1500,transition,911,25,0.05934826469266795,0.018165548143244167,0.054286955195286084,outage_window,0.03891175078931428
0.13481963223894397,1.0,1.0,,held-out,zero,60,1.0,1.0,,0.85,0.9355,,0.050103554364581825,1.0,,0.09459510599596437,0.010000000000005116,px4,,0.11449973337016818,1.0,,100/50/50 Hz,1.0,2000,transition,911,40,0.024424698991670844,0.016721721240119322,0.10295544075897592,after_return,0.10867431714499083
0.47860630850453045,1.0,,,held-out,zero,60,1.0,,,0.85,0.4238297872340426,,0.14008263696282147,,,0.2764099799671638,0.010000000000005116,ekf3,,0.1450902167199255,1.0,,100/50/50 Hz,1.0,4700,transition,911,13,0.022958007420893347,0.07967287266740751,0.037789228748114335,flight,0.4378509740340722
0.4077191533481338,1.0,,,held-out,zero,25,1.0,,,0.85,0.0,,0.1962656157959613,,,0.2552347849835027,0.010000000000001563,ekf3,,0.2008257423049628,1.0,,100/50/50 Hz,1.0,700,transition,911,18,0.18181030912665266,0.10116011391656936,0.042553340980132554,before_outage,0.30630287027262076
0.3580717983319298,1.0,,,held-out,zero,40,1.0,,,0.85,0.0,,0.16689034094881963,,,0.2384323895130967,0.010000000000005116,ekf3,,0.1711422257519943,1.0,,100/50/50 Hz,1.0,1500,transition,911,25,0.12531467879600933,0.09979846703722085,0.03791141692595165,outage_window,0.2833005557385988
0.5864966085844534,1.0,,,held-out,zero,60,1.0,,,0.85,0.996,,0.08410662633617734,,,0.2764099799671638,0.010000000000005116,ekf3,,0.09122271339229808,1.0,,100/50/50 Hz,1.0,2000,transition,911,40,0.022958007420893347,0.04678726786092436,0.03532221461063844,after_return,0.5673081411679162
0.15867244468855965,1.0,1.0,,held-out,nominal,60,1.0,1.0,,0.85,1.0,,0.04456059394562869,1.0,,0.09669062570116616,0.010000000000005116,px4,,0.08141929363353867,1.0,,100/50/50 Hz,1.0,4700,gps,911,13,0.023761870542078876,0.017061301858904747,0.068142900165734,flight,0.11968267197049146
0.17752172381012896,1.0,1.0,,held-out,nominal,25,1.0,1.0,,0.85,1.0,,0.032083108102127736,1.0,,0.06125637306805642,0.010000000000001563,px4,,0.08931587412926639,1.0,,100/50/50 Hz,1.0,700,gps,911,18,0.05273704458027883,0.017098746480846732,0.08335466121328874,before_outage,0.10781559498096471
0.1327728208380346,1.0,1.0,,held-out,nominal,40,1.0,1.0,,0.85,1.0,,0.04281834185423849,1.0,,0.08569314131291798,0.010000000000005116,px4,,0.07028650601645098,1.0,,100/50/50 Hz,1.0,1500,gps,911,25,0.031250446229116206,0.018698757749827086,0.05573851925602408,outage_window,0.076339835729805
0.10615041296229531,1.0,1.0,,held-out,nominal,60,1.0,1.0,,0.85,1.0,,0.04823751303199147,1.0,,0.09669062570116616,0.010000000000005116,px4,,0.08421415597810915,1.0,,100/50/50 Hz,1.0,2000,gps,911,40,0.023761870542078876,0.01634457374745363,0.06903018472808653,after_return,0.0734890926777507
0.4245062374151026,1.0,,,held-out,nominal,60,1.0,,,0.85,0.6251063829787235,,0.1774224633641275,,,0.8283299210062913,0.010000000000005116,ekf3,,0.18162917949578972,1.0,,100/50/50 Hz,1.0,4700,gps,911,13,0.030908344189293252,0.08949981974023113,0.0388642295448994,flight,0.37741001923058626
0.5466277100016292,1.0,,,held-out,nominal,25,1.0,,,0.85,0.0,,0.2658331952914369,,,0.36916262264898303,0.010000000000001563,ekf3,,0.2691775330074895,1.0,,100/50/50 Hz,1.0,700,gps,911,18,0.13263847155077993,0.12665656705227968,0.04229960469251288,before_outage,0.4670185667884952
0.47069172483884575,1.0,,,held-out,nominal,40,1.0,,,0.85,0.6253333333333333,,0.22442934804794032,,,0.8283299210062913,0.010000000000005116,ekf3,,0.22648842368921096,1.0,,100/50/50 Hz,1.0,1500,gps,911,25,0.006469124897151615,0.11091041885568408,0.03047086805458617,outage_window,0.40278803073023794
0.3755244861694279,1.0,,,held-out,nominal,60,1.0,,,0.85,1.0,,0.08406072035874293,,,0.17382736065929547,0.010000000000005116,ekf3,,0.09145999900082427,1.0,,100/50/50 Hz,1.0,2000,gps,911,40,0.030908344189293252,0.04684925052646922,0.03603785107355876,after_return,0.35783442413654737
0.19842247295816098,1.0,1.0,,held-out,nominal,60,1.0,1.0,,0.85,0.0,,0.09777360263089992,1.0,,0.14859184716306628,0.010000000000005116,px4,,0.09890175012616192,1.0,,100/50/50 Hz,1.0,4700,denied,911,13,0.13624478759204084,0.015779121321096636,0.014895596886081804,flight,0.17178064566118864
0.2822575321274803,1.0,1.0,,held-out,nominal,25,1.0,1.0,,0.85,0.0,,0.06326567911659235,1.0,,0.08586848289466409,0.010000000000001563,px4,,0.06611746922802887,1.0,,100/50/50 Hz,1.0,700,denied,911,18,0.03532806189767378,0.02209085241614128,0.01920868509387653,before_outage,0.2571285684944094
0.2153484325239668,1.0,1.0,,held-out,nominal,40,1.0,1.0,,0.85,0.0,,0.08262199181627064,1.0,,0.10537948870383126,0.010000000000005116,px4,,0.08320432663166957,1.0,,100/50/50 Hz,1.0,1500,denied,911,25,0.08605992337752688,0.016351599835837893,0.009826822403079572,outage_window,0.19033692685059259
0.0975269498457504,1.0,1.0,,held-out,nominal,60,1.0,1.0,,0.85,0.0,,0.12503733502851247,1.0,,0.14859184716306628,0.010000000000005116,px4,,0.1256728785239728,1.0,,100/50/50 Hz,1.0,2000,denied,911,40,0.13624478759204084,0.012836502275220872,0.012622885782132002,after_return,0.05759897363139726
0.3001700120391858,1.0,,,held-out,nominal,60,1.0,,,0.85,0.0,,0.26105007600431457,,,0.44252606498374086,0.010000000000005116,ekf3,,0.2665922803202674,1.0,,100/50/50 Hz,1.0,4700,denied,911,13,0.3046030350404638,0.11416453525022544,0.05407681337229117,flight,0.22026466444821566
0.5466277100016292,1.0,,,held-out,nominal,25,1.0,,,0.85,0.0,,0.2658331952914369,,,0.36916262264898303,0.010000000000001563,ekf3,,0.2691775330074895,1.0,,100/50/50 Hz,1.0,700,denied,911,18,0.13263847155077993,0.12665656705227968,0.04229960469251288,before_outage,0.4670185667884952
0.27065902615564563,1.0,,,held-out,nominal,40,1.0,,,0.85,0.0,,0.2652244609067129,,,0.3996096037782231,0.010000000000005116,ekf3,,0.2717817433957927,1.0,,100/50/50 Hz,1.0,1500,denied,911,25,0.08885548653468199,0.12338793425130186,0.05934055426097736,outage_window,0.1446740580031879
0.20123673982668594,1.0,,,held-out,nominal,60,1.0,,,0.85,0.0,,0.27974159566734913,,,0.44252606498374086,0.010000000000005116,ekf3,,0.28448562156375257,1.0,,100/50/50 Hz,1.0,2000,denied,911,40,0.3046030350404638,0.1086603249855115,0.05173691651036037,after_return,0.11536894805457219
0.1628681670590746,1.0,1.0,,held-out,nominal,60,1.0,1.0,,0.85,0.8029787234042554,,0.05237401633316928,1.0,,0.09459510599596437,0.010000000000005116,px4,,0.09816440887574332,1.0,,100/50/50 Hz,1.0,4700,transition,911,13,0.024424698991670844,0.017053127318894905,0.08302537915033589,flight,0.12519407659944298
0.17752172381012896,1.0,1.0,,held-out,nominal,25,1.0,1.0,,0.85,1.0,,0.032083108102127736,1.0,,0.06125637306805642,0.010000000000001563,px4,,0.08931587412926639,1.0,,100/50/50 Hz,1.0,700,transition,911,18,0.05273704458027883,0.017098746480846732,0.08335466121328874,before_outage,0.10781559498096471
0.11118549569303794,1.0,1.0,,held-out,nominal,40,1.0,1.0,,0.85,0.4686666666666667,,0.06292669249510878,1.0,,0.09008798784995055,0.010000000000005116,px4,,0.0825157089913984,1.0,,100/50/50 Hz,1.0,1500,transition,911,25,0.059409955126590634,0.018285765801716713,0.053376714042540754,outage_window,0.039400231228536454
0.13560268939566897,1.0,1.0,,held-out,nominal,60,1.0,1.0,,0.85,0.9355,,0.050119437034733434,1.0,,0.09459510599596437,0.010000000000005116,px4,,0.11294839134121935,1.0,,100/50/50 Hz,1.0,2000,transition,911,40,0.024424698991670844,0.016671696969982736,0.10121947015219268,after_return,0.10853011496138446
0.46547760838796487,1.0,,,held-out,nominal,60,1.0,,,0.85,0.4208510638297872,,0.19724327050716062,,,0.5265598197156317,0.010000000000005116,ekf3,,0.20327376494644075,1.0,,100/50/50 Hz,1.0,4700,transition,911,13,0.031228313542870558,0.10288188079167672,0.049145862034762476,flight,0.4203301589226172
0.5466277100016292,1.0,,,held-out,nominal,25,1.0,,,0.85,0.0,,0.2658331952914369,,,0.36916262264898303,0.010000000000001563,ekf3,,0.2691775330074895,1.0,,100/50/50 Hz,1.0,700,transition,911,18,0.13263847155077993,0.12665656705227968,0.04229960469251288,before_outage,0.4670185667884952
0.27065902615564563,1.0,,,held-out,nominal,40,1.0,,,0.85,0.0,,0.2652244609067129,,,0.3996096037782231,0.010000000000005116,ekf3,,0.2717817433957927,1.0,,100/50/50 Hz,1.0,1500,transition,911,25,0.08885548653468199,0.12338789742810591,0.05934055426097736,outage_window,0.1446740580031879
0.5813170393827185,1.0,,,held-out,nominal,60,1.0,,,0.85,0.989,,0.09765300536079573,,,0.5265598197156317,0.010000000000005116,ekf3,,0.10496047308866133,1.0,,100/50/50 Hz,1.0,2000,transition,911,40,0.031228313542870558,0.07779622557775662,0.03847845442582121,after_return,0.5607924017009505
0.15814067899965198,1.0,1.0,,held-out,stress,60,1.0,1.0,,0.85,1.0,,0.044632769668374934,1.0,,0.09669062570116616,0.010000000000005116,px4,,0.08470930814724557,1.0,,100/50/50 Hz,1.0,4700,gps,911,13,0.023783378883482136,0.017046268426322096,0.07199710243138119,flight,0.11849778883530131
0.17632616554766206,1.0,1.0,,held-out,stress,25,1.0,1.0,,0.85,1.0,,0.032055092837882514,1.0,,0.06089490987058687,0.010000000000001563,px4,,0.09290394647481487,1.0,,100/50/50 Hz,1.0,700,gps,911,18,0.05284380542062754,0.017091010270067045,0.08719870580318266,before_outage,0.10524252220180355
0.1329789890227045,1.0,1.0,,held-out,stress,40,1.0,1.0,,0.85,1.0,,0.04284002229561731,1.0,,0.08572687306183963,0.010000000000005116,px4,,0.07327216412669835,1.0,,100/50/50 Hz,1.0,1500,gps,911,25,0.03127593195254346,0.018684908548570585,0.05944360794501654,outage_window,0.07644696382590596
0.10664567894247558,1.0,1.0,,held-out,stress,60,1.0,1.0,,0.85,1.0,,0.0482453630844956,1.0,,0.09669062570116616,0.010000000000005116,px4,,0.08742461793381519,1.0,,100/50/50 Hz,1.0,2000,gps,911,40,0.023783378883482136,0.01633596840865411,0.07290712421786194,after_return,0.07352874162481605
0.3769864760411826,1.0,,,held-out,stress,60,1.0,,,0.85,0.6059574468085106,,0.14521622891630848,,,0.7351782457185773,0.010000000000005116,ekf3,,0.1491710705679932,1.0,,100/50/50 Hz,1.0,4700,gps,911,13,0.02052891351308717,0.07311386568880858,0.034121183357666646,flight,0.3144498016387269
0.37194545145753566,1.0,,,held-out,stress,25,1.0,,,0.85,0.0,,0.22094793794334436,,,0.28187343696823136,0.010000000000001563,ekf3,,0.22310460614119096,1.0,,100/50/50 Hz,1.0,700,gps,911,18,0.23909188737603604,0.10688438182287768,0.030946308342030073,before_outage,0.21577086121899944
0.44818031766512867,1.0,,,held-out,stress,40,1.0,,,0.85,0.5653333333333334,,0.17600900359326788,,,0.7351782457185773,0.010000000000005116,ekf3,,0.17868034355396134,1.0,,100/50/50 Hz,1.0,1500,gps,911,25,0.008808704452355596,0.08920474965166132,0.030781420153506028,outage_window,0.37391393995228345
0.32700387165362643,1.0,,,held-out,stress,60,1.0,,,0.85,1.0,,0.07740303565968769,,,0.1669876204879554,0.010000000000005116,ekf3,,0.08316283174793224,1.0,,100/50/50 Hz,1.0,2000,gps,911,40,0.02052891351308717,0.03836110379234528,0.03041096274372122,after_return,0.29869897283046914
0.1984794950501271,1.0,1.0,,held-out,stress,60,1.0,1.0,,0.85,0.0,,0.09422477879168441,1.0,,0.14472552022313143,0.010000000000005116,px4,,0.09562916376189497,1.0,,100/50/50 Hz,1.0,4700,denied,911,13,0.13291054828033946,0.015759079609223424,0.016328748373879348,flight,0.17123458617004003
0.28236414065028836,1.0,1.0,,held-out,stress,25,1.0,1.0,,0.85,0.0,,0.06140803509628257,1.0,,0.08559882564895188,0.010000000000001563,px4,,0.06516435740455645,1.0,,100/50/50 Hz,1.0,700,denied,911,18,0.03770623891018304,0.022108534172139743,0.021804740346138024,before_outage,0.2569752641965735
0.21550085232951627,1.0,1.0,,held-out,stress,40,1.0,1.0,,0.85,0.0,,0.07866319946649972,1.0,,0.10081386264815098,0.010000000000005116,px4,,0.07941842851246589,1.0,,100/50/50 Hz,1.0,1500,denied,911,25,0.08124630754003878,0.016308538841488106,0.010926474137768928,outage_window,0.1900307589583357
0.09887803717644723,1.0,1.0,,held-out,stress,60,1.0,1.0,,0.85,0.0,,0.12084814838263469,1.0,,0.14472552022313143,0.010000000000005116,px4,,0.12155264940363308,1.0,,100/50/50 Hz,1.0,2000,denied,911,40,0.13291054828033946,0.012830062723848549,0.013067961184945801,after_return,0.05832875063979894
0.34822019788727493,1.0,,,held-out,stress,60,1.0,,,0.85,0.0,,0.21063043070458207,,,0.3710778996683863,0.010000000000005116,ekf3,,0.21568244018269903,1.0,,100/50/50 Hz,1.0,4700,denied,911,13,0.2784088638075733,0.08809559268446544,0.04640836847343166,flight,0.27889560076189274
0.37194545145753566,1.0,,,held-out,stress,25,1.0,,,0.85,0.0,,0.22094793794334436,,,0.28187343696823136,0.010000000000001563,ekf3,,0.22310460614119096,1.0,,100/50/50 Hz,1.0,700,denied,911,18,0.23909188737603604,0.10688438182287768,0.030946308342030073,before_outage,0.21577086121899944
0.44215181306706364,1.0,,,held-out,stress,40,1.0,,,0.85,0.0,,0.19486681171794565,,,0.2636034029841218,0.010000000000005116,ekf3,,0.20208983694333557,1.0,,100/50/50 Hz,1.0,1500,denied,911,25,0.12785528690141412,0.09102670319818089,0.05354650209553064,outage_window,0.3834262806726599
0.2488624979107102,1.0,,,held-out,stress,60,1.0,,,0.85,0.0,,0.2354734601234493,,,0.3710778996683863,0.010000000000005116,ekf3,,0.23928656373166812,1.0,,100/50/50 Hz,1.0,2000,denied,911,40,0.2784088638075733,0.08307228843078067,0.042547728023949766,after_return,0.18504756654251306
0.1624436600138849,1.0,1.0,,held-out,stress,60,1.0,1.0,,0.85,0.8040425531914893,,0.052461032250566926,1.0,,0.09459510599596437,0.010000000000005116,px4,,0.10125108716653645,1.0,,100/50/50 Hz,1.0,4700,transition,911,13,0.024424698991670844,0.01702639068335848,0.08660036228336773,flight,0.12408265961669246
0.17632616554766206,1.0,1.0,,held-out,stress,25,1.0,1.0,,0.85,1.0,,0.032055092837882514,1.0,,0.06089490987058687,0.010000000000001563,px4,,0.09290394647481487,1.0,,100/50/50 Hz,1.0,700,transition,911,18,0.05284380542062754,0.017091010270067045,0.08719870580318266,before_outage,0.10524252220180355
0.11135665572647375,1.0,1.0,,held-out,stress,40,1.0,1.0,,0.85,0.472,,0.06300936232333626,1.0,,0.09012090579105296,0.010000000000005116,px4,,0.08488210567628081,1.0,,100/50/50 Hz,1.0,1500,transition,911,25,0.05954793512462183,0.018255962712084666,0.05687523295465112,outage_window,0.038940270107741294
0.13629886815099573,1.0,1.0,,held-out,stress,60,1.0,1.0,,0.85,0.9355,,0.05012593102785983,1.0,,0.09459510599596437,0.010000000000005116,px4,,0.11616718339922752,1.0,,100/50/50 Hz,1.0,2000,transition,911,40,0.024424698991670844,0.016648016782049982,0.10479601871015903,after_return,0.10879363563401541
0.43794345694210485,1.0,,,held-out,stress,60,1.0,,,0.85,0.4208510638297872,,0.15605612748610467,,,0.5265598197156317,0.010000000000005116,ekf3,,0.16143097639978826,1.0,,100/50/50 Hz,1.0,4700,transition,911,13,0.02043752259756072,0.08339322009391868,0.041309142032117246,flight,0.3858042747506545
0.37194545145753566,1.0,,,held-out,stress,25,1.0,,,0.85,0.0,,0.22094793794334436,,,0.28187343696823136,0.010000000000001563,ekf3,,0.22310460614119096,1.0,,100/50/50 Hz,1.0,700,transition,911,18,0.23909188737603604,0.10688438182287768,0.030946308342030073,before_outage,0.21577086121899944
0.4421517729901589,1.0,,,held-out,stress,40,1.0,,,0.85,0.0,,0.19486681171794565,,,0.2636034029841218,0.010000000000005116,ekf3,,0.20208983694333557,1.0,,100/50/50 Hz,1.0,1500,transition,911,25,0.12785528690141412,0.09102670319818089,0.05354650209553064,outage_window,0.38342628162291914
0.4771738758687233,1.0,,,held-out,stress,60,1.0,,,0.85,0.989,,0.0917624182459216,,,0.5265598197156317,0.010000000000005116,ekf3,,0.09580978894319436,1.0,,100/50/50 Hz,1.0,2000,transition,911,40,0.02043752259756072,0.07075277391777507,0.027553116974309826,after_return,0.44859639958641745
0.2587851008494411,1.0,1.0,,held-out,zero,60,1.0,1.0,,0.85,1.0,,0.053444964362169,1.0,,0.10689451577825894,0.010000000000005116,px4,,0.1093932528757656,1.0,,25/25/25 Hz,1.0,4700,gps,101,13,0.061327707843184115,0.019856434135823737,0.09544904168752918,flight,0.24717670355404178
0.24875552358123923,1.0,1.0,,held-out,zero,25,1.0,1.0,,0.85,1.0,,0.0625413337596899,1.0,,0.10218254805694373,0.010000000000001563,px4,,0.09571337386890871,1.0,,25/25/25 Hz,1.0,700,gps,101,18,0.03146671702773602,0.024835587115298745,0.0724543408563529,before_outage,0.23060653033805262
0.14088169520217717,1.0,1.0,,held-out,zero,40,1.0,1.0,,0.85,1.0,,0.05067717910731122,1.0,,0.10689451577825894,0.010000000000005116,px4,,0.10282652680700231,1.0,,25/25/25 Hz,1.0,1500,gps,101,25,0.03204618512199736,0.017418743135867137,0.08947132575812582,outage_window,0.11290322464029104
0.08556855842735298,1.0,1.0,,held-out,zero,60,1.0,1.0,,0.85,1.0,,0.05162133780613725,1.0,,0.09502863153883172,0.010000000000005116,px4,,0.12160281502069693,1.0,,25/25/25 Hz,1.0,2000,gps,101,40,0.061327707843184115,0.017589678025769804,0.11010214395761103,after_return,0.05860733852847261
0.48736776391497266,1.0,,,held-out,zero,60,1.0,,,0.85,0.5621276595744681,,0.14500410917732875,,,0.342342783126111,0.010000000000005116,ekf3,,0.1519760166113481,1.0,,25/25/25 Hz,1.0,4700,gps,101,13,0.07644330428891631,0.07428317391125017,0.045502944374425695,flight,0.4522395868003057
0.40832132707244695,1.0,,,held-out,zero,25,1.0,,,0.85,0.0,,0.22304032479467764,,,0.3053082778761567,0.010000000000001563,ekf3,,0.22564179877838206,1.0,,25/25/25 Hz,1.0,700,gps,101,18,0.15142985778260873,0.10357735762234409,0.034164819206730354,before_outage,0.31365785047268874
0.5988927132151395,1.0,,,held-out,zero,40,1.0,,,0.85,0.428,,0.17834750291557794,,,0.342342783126111,0.010000000000005116,ekf3,,0.1840899772472384,1.0,,25/25/25 Hz,1.0,1500,gps,101,25,0.028800885477203397,0.08999953228250095,0.045621134649049086,outage_window,0.5619071005859482
0.4300841304367049,1.0,,,held-out,zero,60,1.0,,,0.85,1.0,,0.0587265574899683,,,0.10645853273218565,0.010000000000005116,ekf3,,0.07533508485176446,1.0,,25/25/25 Hz,1.0,2000,gps,101,40,0.07644330428891631,0.03670558595611776,0.047186507128627354,after_return,0.41006057457813055
0.3797051536798796,1.0,1.0,,held-out,zero,60,1.0,1.0,,0.85,0.0,,0.09973431524298665,1.0,,0.18604313992963145,0.010000000000005116,px4,,0.25835578872630266,1.0,,25/25/25 Hz,1.0,4700,denied,101,13,0.18002196205754611,0.02339326079145593,0.2383291420103771,flight,0.3681232107917806
0.43629914487721483,1.0,1.0,,held-out,zero,25,1.0,1.0,,0.85,0.0,,0.04480306743341285,1.0,,0.06059382162460824,0.010000000000001563,px4,,0.21053163128237087,1.0,,25/25/25 Hz,1.0,700,denied,101,18,0.034107514835472516,0.026041802410263864,0.2057091464154504,before_outage,0.42481887419877606
0.44729578435655654,1.0,1.0,,held-out,zero,40,1.0,1.0,,0.85,0.0,,0.06912882629577718,1.0,,0.11073525826639347,0.010000000000005116,px4,,0.25249845662818426,1.0,,25/25/25 Hz,1.0,1500,denied,101,25,0.04773862292344828,0.026410451802392675,0.24285113953733745,outage_window,0.4365399557584445
0.16314034470549257,1.0,1.0,,held-out,zero,60,1.0,1.0,,0.85,0.0,,0.1369778943851029,1.0,,0.18604313992963145,0.010000000000005116,px4,,0.285410801290802,1.0,,25/25/25 Hz,1.0,2000,denied,101,40,0.18002196205754611,0.01816257053420509,0.2503924558433845,after_return,0.1425687009140976
0.3795284303689831,1.0,,,held-out,zero,60,1.0,,,0.85,0.0,,0.3005508693576894,,,0.5433863158446492,0.010000000000005116,ekf3,,0.30601636701787094,1.0,,25/25/25 Hz,1.0,4700,denied,101,13,0.4201413209082325,0.09810369861241283,0.05757770237820739,flight,0.32638418886141857
0.4240813174188348,1.0,,,held-out,zero,25,1.0,,,0.85,0.0,,0.23818605554206948,,,0.32124452927031383,0.010000000000001563,ekf3,,0.24231516307216475,1.0,,25/25/25 Hz,1.0,700,denied,101,18,0.14950232739869682,0.10641136880061101,0.044542577383891925,before_outage,0.33403438438791305
0.3807445831561096,1.0,,,held-out,zero,40,1.0,,,0.85,0.0,,0.24961721570047635,,,0.3726461511812462,0.010000000000005116,ekf3,,0.25629690857946663,1.0,,25/25/25 Hz,1.0,1500,denied,101,25,0.09434787996266177,0.10634656427265572,0.058132185347992325,outage_window,0.3118085672281854
0.3452934340099202,1.0,,,held-out,zero,60,1.0,,,0.85,0.0,,0.37472525969521575,,,0.5433863158446492,0.010000000000005116,ekf3,,0.37798481596308453,1.0,,25/25/25 Hz,1.0,2000,denied,101,40,0.4201413209082325,0.09223243267771487,0.04953282593391982,after_return,0.3092975594457804
0.26388491774598166,1.0,1.0,,held-out,zero,60,1.0,1.0,,0.85,0.8004255319148936,,0.06715137271192004,1.0,,0.14536696627529144,0.010000000000005116,px4,,0.10945526260262178,1.0,,25/25/25 Hz,1.0,4700,transition,101,13,0.060979427006974424,0.019246624864806817,0.08643580076746958,flight,0.25142066948278985
0.24875552358123923,1.0,1.0,,held-out,zero,25,1.0,1.0,,0.85,1.0,,0.0625413337596899,1.0,,0.10218254805694373,0.010000000000001563,px4,,0.09571337386890871,1.0,,25/25/25 Hz,1.0,700,transition,101,18,0.03146671702773602,0.024835587115298745,0.0724543408563529,before_outage,0.23060653033805262
0.12045136562625844,1.0,1.0,,held-out,zero,40,1.0,1.0,,0.85,0.46066666666666667,,0.07566490019686146,1.0,,0.10827221618374848,0.010000000000005116,px4,,0.12445630636404155,1.0,,25/25/25 Hz,1.0,1500,transition,101,25,0.10175452800011378,0.01348963972500294,0.09881394168830207,outage_window,0.07842471359508578
0.1326284052691569,1.0,1.0,,held-out,zero,60,1.0,1.0,,0.85,0.9355,,0.06466395630172513,1.0,,0.14536696627529144,0.010000000000005116,px4,,0.10550866157896785,1.0,,25/25/25 Hz,1.0,2000,transition,101,40,0.060979427006974424,0.018559141652262526,0.08337056089288203,after_return,0.11556391336398603
0.45450843403559626,1.0,,,held-out,zero,60,1.0,,,0.85,0.4238297872340426,,0.16467391631549527,,,0.3320220898865847,0.010000000000005116,ekf3,,0.17247385664900716,1.0,,25/25/25 Hz,1.0,4700,transition,101,13,0.0764004045705375,0.08026175481893995,0.05128091762731558,flight,0.4114389296572024
0.40832132707244695,1.0,,,held-out,zero,25,1.0,,,0.85,0.0,,0.22304032479467764,,,0.3053082778761567,0.010000000000001563,ekf3,,0.22564179877838206,1.0,,25/25/25 Hz,1.0,700,transition,101,18,0.15142985778260873,0.10357735762234409,0.034164819206730354,before_outage,0.31365785047268874
0.3913343290604322,1.0,,,held-out,zero,40,1.0,,,0.85,0.0,,0.2246427599997484,,,0.3320220898865847,0.010000000000005116,ekf3,,0.23136676410763474,1.0,,25/25/25 Hz,1.0,1500,transition,101,25,0.08314431354455278,0.10223361404121344,0.05537336826790775,outage_window,0.32363873533908527
0.5161285346242526,1.0,,,held-out,zero,60,1.0,,,0.85,0.996,,0.06140827893724966,,,0.11010671031487497,0.010000000000005116,ekf3,,0.08107407672638067,1.0,,25/25/25 Hz,1.0,2000,transition,101,40,0.0764004045705375,0.041889825917653285,0.052934196839094484,after_return,0.4935453514179571
0.2514044526915803,1.0,1.0,,held-out,nominal,60,1.0,1.0,,0.85,1.0,,0.05343509192090839,1.0,,0.10683299431434881,0.010000000000005116,px4,,0.06496917368229856,1.0,,25/25/25 Hz,1.0,4700,gps,101,13,0.061327707843184115,0.019866123122569104,0.03695516852031319,flight,0.23895864151614662
0.24957365888338115,1.0,1.0,,held-out,nominal,25,1.0,1.0,,0.85,1.0,,0.06256103096402085,1.0,,0.10226702103790765,0.010000000000001563,px4,,0.07235106236703315,1.0,,25/25/25 Hz,1.0,700,gps,101,18,0.031368409681793864,0.024856973435260415,0.03634272458632048,before_outage,0.23078070515920782
0.1412703473104188,1.0,1.0,,held-out,nominal,40,1.0,1.0,,0.85,1.0,,0.050653119398248764,1.0,,0.10683299431434881,0.010000000000005116,px4,,0.058573184540104004,1.0,,25/25/25 Hz,1.0,1500,gps,101,25,0.03203105895665295,0.017396168992112358,0.029412232869944332,outage_window,0.11221453452491743
0.08599168048375316,1.0,1.0,,held-out,nominal,60,1.0,1.0,,0.85,1.0,,0.051625643741965745,1.0,,0.09506657842311896,0.010000000000005116,px4,,0.06862586470976516,1.0,,25/25/25 Hz,1.0,2000,gps,101,40,0.061327707843184115,0.01759644722055935,0.0452139604037362,after_return,0.05820606754515884
0.4251584567733972,1.0,,,held-out,nominal,60,1.0,,,0.85,0.5612765957446808,,0.16042578233591864,,,0.4021671801981514,0.010000000000005116,ekf3,,0.16853015613522687,1.0,,25/25/25 Hz,1.0,4700,gps,101,13,0.0863692594105906,0.08437460910570609,0.051633147191241395,flight,0.39269226269974794
0.30224112069399545,1.0,,,held-out,nominal,25,1.0,,,0.85,0.0,,0.24526546401193258,,,0.3026290181280088,0.010000000000001563,ekf3,,0.24671117591771735,1.0,,25/25/25 Hz,1.0,700,gps,101,18,0.2682646316920051,0.10459256604044816,0.026669392301180875,before_outage,0.20309823330607563
0.5450396824157216,1.0,,,held-out,nominal,40,1.0,,,0.85,0.42533333333333334,,0.20388364472203144,,,0.4021671801981514,0.010000000000005116,ekf3,,0.21166991604494217,1.0,,25/25/25 Hz,1.0,1500,gps,101,25,0.048004914210162015,0.11522978880841275,0.05688244697033817,outage_window,0.5081108185665351
0.4052429173103049,1.0,,,held-out,nominal,60,1.0,,,0.85,1.0,,0.06277775813440585,,,0.11342586341321066,0.010000000000005116,ekf3,,0.0806531256144606,1.0,,25/25/25 Hz,1.0,2000,gps,101,40,0.0863692594105906,0.03948613488241405,0.050634768242779585,after_return,0.38924869317634936
0.36386946815802484,1.0,1.0,,held-out,nominal,60,1.0,1.0,,0.85,0.0,,0.09918890572636646,1.0,,0.18546393922620147,0.010000000000005116,px4,,0.22324793580662783,1.0,,25/25/25 Hz,1.0,4700,denied,101,13,0.17948775122928456,0.022823302400153636,0.20000300453424746,flight,0.3513788334958043
0.4127573352280023,1.0,1.0,,held-out,nominal,25,1.0,1.0,,0.85,0.0,,0.04340491984962927,1.0,,0.05938287513278776,0.010000000000001563,px4,,0.17278834636283932,1.0,,25/25/25 Hz,1.0,700,denied,101,18,0.0330578926319269,0.024811084010790962,0.1672477969112053,before_outage,0.40006080010542533
0.43764276404759006,1.0,1.0,,held-out,nominal,40,1.0,1.0,,0.85,0.0,,0.06846530471964934,1.0,,0.1100583029506523,0.010000000000005116,px4,,0.21561176548259398,1.0,,25/25/25 Hz,1.0,1500,denied,101,25,0.04755331462697882,0.025916106410698244,0.20445277074220997,outage_window,0.4262998575750038
0.16294119459349787,1.0,1.0,,held-out,nominal,60,1.0,1.0,,0.85,0.0,,0.13657136031870015,1.0,,0.18546393922620147,0.010000000000005116,px4,,0.2521773113152546,1.0,,25/25/25 Hz,1.0,2000,denied,101,40,0.17948775122928456,0.01815438574542537,0.21199448078403038,after_return,0.14170813128452195
0.24705403117966412,1.0,,,held-out,nominal,60,1.0,,,0.85,0.0,,0.22345545887258547,,,0.3590265556386459,0.010000000000005116,ekf3,,0.23015643135286368,1.0,,25/25/25 Hz,1.0,4700,denied,101,13,0.3158166089000257,0.09698256775672383,0.05513293746144602,flight,0.17410741866571133
0.30224112069399545,1.0,,,held-out,nominal,25,1.0,,,0.85,0.0,,0.24526546401193258,,,0.3026290181280088,0.010000000000001563,ekf3,,0.24671117591771735,1.0,,25/25/25 Hz,1.0,700,denied,101,18,0.2682646316920051,0.10459256604044816,0.026669392301180875,before_outage,0.20309823330607563
0.3191511649736128,1.0,,,held-out,nominal,40,1.0,,,0.85,0.0,,0.2264211771235145,,,0.33237205104365186,0.010000000000005116,ekf3,,0.2349375931249217,1.0,,25/25/25 Hz,1.0,1500,denied,101,25,0.1658714633796333,0.10208600792288572,0.06268271861791999,outage_window,0.2467860232142385
0.17110952415066058,1.0,,,held-out,nominal,60,1.0,,,0.85,0.0,,0.23136103788910461,,,0.3590265556386459,0.010000000000005116,ekf3,,0.2375916143367095,1.0,,25/25/25 Hz,1.0,2000,denied,101,40,0.3158166089000257,0.09526172452080205,0.054054096514510354,after_return,0.09120863596876465
0.25653202470891157,1.0,1.0,,held-out,nominal,60,1.0,1.0,,0.85,0.8029787234042554,,0.06712980281755405,1.0,,0.14539929508024776,0.010000000000005116,px4,,0.07411248981973409,1.0,,25/25/25 Hz,1.0,4700,transition,101,13,0.06101148460181012,0.01924889280475062,0.03140462897339343,flight,0.24318733344641602
0.24957365888338115,1.0,1.0,,held-out,nominal,25,1.0,1.0,,0.85,1.0,,0.06256103096402085,1.0,,0.10226702103790765,0.010000000000001563,px4,,0.07235106236703315,1.0,,25/25/25 Hz,1.0,700,transition,101,18,0.031368409681793864,0.024856973435260415,0.03634272458632048,before_outage,0.23078070515920782
0.12084325538692534,1.0,1.0,,held-out,nominal,40,1.0,1.0,,0.85,0.4686666666666667,,0.07561304954001663,1.0,,0.10823255552817213,0.010000000000005116,px4,,0.08333641686968855,1.0,,25/25/25 Hz,1.0,1500,transition,101,25,0.10167068442061312,0.013472207655337345,0.03503748158668799,outage_window,0.07718599388127888
0.13240378825765825,1.0,1.0,,held-out,nominal,60,1.0,1.0,,0.85,0.9355,,0.06466528637883524,1.0,,0.14539929508024776,0.010000000000005116,px4,,0.07115000272720849,1.0,,25/25/25 Hz,1.0,2000,transition,101,40,0.06101148460181012,0.01854032642464095,0.029676988149490505,after_return,0.11469548528291595
0.35990555253661577,1.0,,,held-out,nominal,60,1.0,,,0.85,0.4208510638297872,,0.17352049543727488,,,0.4478745254744513,0.010000000000005116,ekf3,,0.18254492549964169,1.0,,25/25/25 Hz,1.0,4700,transition,101,13,0.08650547964073614,0.08641639932598785,0.05668586674712135,flight,0.31607620603628034
0.30224112069399545,1.0,,,held-out,nominal,25,1.0,,,0.85,0.0,,0.24526546401193258,,,0.3026290181280088,0.010000000000001563,ekf3,,0.24671117591771735,1.0,,25/25/25 Hz,1.0,700,transition,101,18,0.2682646316920051,0.10459256604044816,0.026669392301180875,before_outage,0.20309823330607563
0.3191511649736128,1.0,,,held-out,nominal,40,1.0,,,0.85,0.0,,0.2264211771235145,,,0.33237205104365186,0.010000000000005116,ekf3,,0.2349375931249217,1.0,,25/25/25 Hz,1.0,1500,transition,101,25,0.1658714633796333,0.10208600792288572,0.06268271861791999,outage_window,0.2467860232142385
0.4361706127798977,1.0,,,held-out,nominal,60,1.0,,,0.85,0.989,,0.08333023106710293,,,0.4478745254744513,0.010000000000005116,ekf3,,0.10135996495015558,1.0,,25/25/25 Hz,1.0,2000,transition,101,40,0.08650547964073614,0.06723770426303,0.057705416426883184,after_return,0.4145567946937241
0.24472020545428808,1.0,1.0,,held-out,stress,60,1.0,1.0,,0.85,1.0,,0.053411399752732534,1.0,,0.10687037254006393,0.010000000000005116,px4,,0.12730481700024882,1.0,,25/25/25 Hz,1.0,4700,gps,101,13,0.061327707843184115,0.019927902020782692,0.11555837835449509,flight,0.23166024190725779
0.25052043309036254,1.0,1.0,,held-out,stress,25,1.0,1.0,,0.85,1.0,,0.06253690290299932,1.0,,0.10237171081267735,0.010000000000001563,px4,,0.11096403955751781,1.0,,25/25/25 Hz,1.0,700,gps,101,18,0.031248151532928467,0.02491626827774818,0.09166326336228278,before_outage,0.23086505753845604
0.14066528600686545,1.0,1.0,,held-out,stress,40,1.0,1.0,,0.85,1.0,,0.050616721040795065,1.0,,0.10687037254006393,0.010000000000005116,px4,,0.12092122635024284,1.0,,25/25/25 Hz,1.0,1500,gps,101,25,0.03203105895665295,0.01739906062587735,0.10981753290401765,outage_window,0.11151631186964668
0.08421685448715316,1.0,1.0,,held-out,stress,60,1.0,1.0,,0.85,1.0,,0.05161948604019319,1.0,,0.0951970879085231,0.010000000000005116,px4,,0.14033018950488016,1.0,,25/25/25 Hz,1.0,2000,gps,101,40,0.061327707843184115,0.01757145857507873,0.1304913435727515,after_return,0.057642986243035495
0.46499667307840886,1.0,,,held-out,stress,60,1.0,,,0.85,0.5591489361702128,,0.16154546618649243,,,0.4218874194392792,0.010000000000005116,ekf3,,0.16920393623838173,1.0,,25/25/25 Hz,1.0,4700,gps,101,13,0.08536583653176427,0.08685692034012558,0.05032925981127863,flight,0.4266741897821975
0.4521777426175794,1.0,,,held-out,stress,25,1.0,,,0.85,0.0,,0.24696855690201824,,,0.3238547346018093,0.010000000000001563,ekf3,,0.2497958284816559,1.0,,25/25/25 Hz,1.0,700,gps,101,18,0.29194876731962577,0.11215964108364862,0.0374764970157488,before_outage,0.3607514594765287
0.5248660702887593,1.0,,,held-out,stress,40,1.0,,,0.85,0.4186666666666667,,0.20531945851742162,,,0.4218874194392792,0.010000000000005116,ekf3,,0.21209958673357637,1.0,,25/25/25 Hz,1.0,1500,gps,101,25,0.0441946626446788,0.1150864815855966,0.05319919780096939,outage_window,0.4814225635928892
0.4522865296132143,1.0,,,held-out,stress,60,1.0,,,0.85,1.0,,0.06462791537479527,,,0.11534025835956681,0.010000000000005116,ekf3,,0.08008473550366324,1.0,,25/25/25 Hz,1.0,2000,gps,101,40,0.08536583653176427,0.042742290736561196,0.0472947926837617,after_return,0.43248042745325427
0.3701936674814289,1.0,1.0,,held-out,stress,60,1.0,1.0,,0.85,0.0,,0.10052077434734713,1.0,,0.18730528565991036,0.010000000000005116,px4,,0.2686562854965601,1.0,,25/25/25 Hz,1.0,4700,denied,101,13,0.18125831988902621,0.023111696735245595,0.24914207525309515,flight,0.3563785287655787
0.42328066763651584,1.0,1.0,,held-out,stress,25,1.0,1.0,,0.85,0.0,,0.04423691201890973,1.0,,0.06236260385334754,0.010000000000001563,px4,,0.22066814371796634,1.0,,25/25/25 Hz,1.0,700,denied,101,18,0.03351975988317983,0.025512736575833205,0.21618863352860226,before_outage,0.40878311815914936
0.4396357336664963,1.0,1.0,,held-out,stress,40,1.0,1.0,,0.85,0.0,,0.06888063878535323,1.0,,0.10982324079084343,0.010000000000005116,px4,,0.26295786051586756,1.0,,25/25/25 Hz,1.0,1500,denied,101,25,0.04921490989164145,0.026025559910778387,0.25377607059690277,outage_window,0.42722935288766495
0.1649731466636773,1.0,1.0,,held-out,stress,60,1.0,1.0,,0.85,0.0,,0.1385964028644044,1.0,,0.18730528565991036,0.010000000000005116,px4,,0.2958321560348332,1.0,,25/25/25 Hz,1.0,2000,denied,101,40,0.18125831988902621,0.018260624231696047,0.2613574212783437,after_return,0.1427425760567681
0.32307857897186465,1.0,,,held-out,stress,60,1.0,,,0.85,0.0,,0.22461865838057074,,,0.39191193157035237,0.010000000000005116,ekf3,,0.2311546945245377,1.0,,25/25/25 Hz,1.0,4700,denied,101,13,0.2915716810343248,0.09903765133782852,0.05457976830332649,flight,0.254814800136929
0.4521777426175794,1.0,,,held-out,stress,25,1.0,,,0.85,0.0,,0.24696855690201824,,,0.3238547346018093,0.010000000000001563,ekf3,,0.2497958284816559,1.0,,25/25/25 Hz,1.0,700,denied,101,18,0.29194876731962577,0.11215964108364862,0.0374764970157488,before_outage,0.3607514594765287
0.27406193933466305,1.0,,,held-out,stress,40,1.0,,,0.85,0.0,,0.20881693896872075,,,0.2930383906768981,0.010000000000005116,ekf3,,0.2182326227681518,1.0,,25/25/25 Hz,1.0,1500,denied,101,25,0.14706351883914345,0.10217487604763925,0.06341106874986417,outage_window,0.16466118526772341
0.303339603315631,1.0,,,held-out,stress,60,1.0,,,0.85,0.0,,0.2456185283951656,,,0.39191193157035237,0.010000000000005116,ekf3,,0.25043972616381527,1.0,,25/25/25 Hz,1.0,2000,denied,101,40,0.2915716810343248,0.0961872018089431,0.048903935935668816,after_return,0.2555336413606329
0.24995015774963092,1.0,1.0,,held-out,stress,60,1.0,1.0,,0.85,0.8040425531914893,,0.06708468173301926,1.0,,0.14541703417383575,0.010000000000005116,px4,,0.12588041702749003,1.0,,25/25/25 Hz,1.0,4700,transition,101,13,0.06101148460181012,0.019300929102108604,0.1065153738565204,flight,0.23592304176832019
0.25052043309036254,1.0,1.0,,held-out,stress,25,1.0,1.0,,0.85,1.0,,0.06253690290299932,1.0,,0.10237171081267735,0.010000000000001563,px4,,0.11096403955751781,1.0,,25/25/25 Hz,1.0,700,transition,101,18,0.031248151532928467,0.02491626827774818,0.09166326336228278,before_outage,0.23086505753845604
0.12053572454084031,1.0,1.0,,held-out,stress,40,1.0,1.0,,0.85,0.472,,0.07553622742266118,1.0,,0.10820316533205059,0.010000000000005116,px4,,0.14111214923155266,1.0,,25/25/25 Hz,1.0,1500,transition,101,25,0.101476506925143,0.01345805315804362,0.11919277246335029,outage_window,0.07622136314586091
0.13082647121582797,1.0,1.0,,held-out,stress,60,1.0,1.0,,0.85,0.9355,,0.06464228608305511,1.0,,0.14541703417383575,0.010000000000005116,px4,,0.1219714855299684,1.0,,25/25/25 Hz,1.0,2000,transition,101,40,0.06101148460181012,0.018497649004615212,0.1034331577993428,after_return,0.11391404817285002
0.422935002430735,1.0,,,held-out,stress,60,1.0,,,0.85,0.4208510638297872,,0.16682196258774717,,,0.4478745254744513,0.010000000000005116,ekf3,,0.17601663168845472,1.0,,25/25/25 Hz,1.0,4700,transition,101,13,0.08553356545079724,0.08912747197933457,0.05614523514352219,flight,0.3743509098998
0.4521777426175794,1.0,,,held-out,stress,25,1.0,,,0.85,0.0,,0.24696855690201824,,,0.3238547346018093,0.010000000000001563,ekf3,,0.2497958284816559,1.0,,25/25/25 Hz,1.0,700,transition,101,18,0.29194876731962577,0.11215964108364862,0.0374764970157488,before_outage,0.3607514594765287
0.27406193933466305,1.0,,,held-out,stress,40,1.0,,,0.85,0.0,,0.2088168515728948,,,0.2930383906768981,0.010000000000005116,ekf3,,0.2182325391430352,1.0,,25/25/25 Hz,1.0,1500,transition,101,25,0.14706351883914345,0.10217487604763925,0.06341106874986417,outage_window,0.16466118526772341
0.5167943478334583,1.0,,,held-out,stress,60,1.0,,,0.85,0.989,,0.084629479565951,,,0.4478745254744513,0.010000000000005116,ekf3,,0.09980523090802264,1.0,,25/25/25 Hz,1.0,2000,transition,101,40,0.08553356545079724,0.06978405983662557,0.0529049648426308,after_return,0.4919718407550269
0.2314322082326789,1.0,1.0,,held-out,zero,60,1.0,1.0,,0.85,1.0,,0.06295192253479022,1.0,,0.11676948294565909,0.010000000000005116,px4,,0.10249842981119973,1.0,,25/25/25 Hz,1.0,4700,gps,307,13,0.035673387192167574,0.021817963316000416,0.08088871097338127,flight,0.21939427650402943
0.27363648331257234,1.0,1.0,,held-out,zero,25,1.0,1.0,,0.85,1.0,,0.07009508143716187,1.0,,0.11676948294565909,0.010000000000001563,px4,,0.10014807735068855,1.0,,25/25/25 Hz,1.0,700,gps,307,18,0.07836261460042958,0.020552220018986177,0.07152843459322415,before_outage,0.25460340525515895
0.1844230518651886,1.0,1.0,,held-out,zero,40,1.0,1.0,,0.85,1.0,,0.0723815746746826,1.0,,0.11387736781586653,0.010000000000005116,px4,,0.11784264607584763,1.0,,25/25/25 Hz,1.0,1500,gps,307,25,0.037828346574196606,0.02171161038454616,0.09299353139746244,outage_window,0.1706556155563012
0.17642945963693676,1.0,1.0,,held-out,zero,60,1.0,1.0,,0.85,1.0,,0.05504474232545959,1.0,,0.09615972853129394,0.010000000000005116,px4,,0.0986456199575879,1.0,,25/25/25 Hz,1.0,2000,gps,307,40,0.035673387192167574,0.021148095378155568,0.0818598477835173,after_return,0.1732297470565268
0.4485581863110114,1.0,,,held-out,zero,60,1.0,,,0.85,0.5621276595744681,,0.14341086744454604,,,0.28737099714032077,0.010000000000005116,ekf3,,0.15007482090754817,1.0,,25/25/25 Hz,1.0,4700,gps,307,13,0.03856389953388806,0.07387635415234256,0.04422414464108384,flight,0.4134976336619061
0.3279289957744593,1.0,,,held-out,zero,25,1.0,,,0.85,0.0,,0.2302392526282663,,,0.28737099714032077,0.010000000000001563,ekf3,,0.2315550225434731,1.0,,25/25/25 Hz,1.0,700,gps,307,18,0.25571152335250974,0.10033057205608117,0.024649848159485982,before_outage,0.2043772232295421
0.5496503604849152,1.0,,,held-out,zero,40,1.0,,,0.85,0.428,,0.16854718257581192,,,0.2674052941928464,0.010000000000005116,ekf3,,0.1793635660539158,1.0,,25/25/25 Hz,1.0,1500,gps,307,25,0.03773283512376127,0.0916072488726535,0.06134440539554795,outage_window,0.512086028105467
0.40978427901497966,1.0,,,held-out,zero,60,1.0,,,0.85,1.0,,0.05334310635952911,,,0.10956707156499605,0.010000000000005116,ekf3,,0.06351030897487459,1.0,,25/25/25 Hz,1.0,2000,gps,307,40,0.03856389953388806,0.03579669505622232,0.034468425406449885,after_return,0.39469146875059513
0.3323234192152736,1.0,1.0,,held-out,zero,60,1.0,1.0,,0.85,0.0,,0.09182448264028338,1.0,,0.1563965586289346,0.010000000000005116,px4,,0.277600458676588,1.0,,25/25/25 Hz,1.0,4700,denied,307,13,0.13884655218871392,0.02247030524663188,0.2619738136633056,flight,0.3156900149069309
0.5700795069942226,1.0,1.0,,held-out,zero,25,1.0,1.0,,0.85,0.0,,0.07842967168665478,1.0,,0.11951811263466827,0.010000000000001563,px4,,0.2482713132732077,1.0,,25/25/25 Hz,1.0,700,denied,307,18,0.0391699486647323,0.036245720919715466,0.23555770332028367,before_outage,0.5596974151128579
0.35449743897695835,1.0,1.0,,held-out,zero,40,1.0,1.0,,0.85,0.0,,0.06955083889716955,1.0,,0.10406314363060296,0.010000000000005116,px4,,0.27510130410970884,1.0,,25/25/25 Hz,1.0,1500,denied,307,25,0.10406314363060296,0.023929734569710183,0.26616425066406363,outage_window,0.340259844427377
0.10025108425775921,1.0,1.0,,held-out,zero,60,1.0,1.0,,0.85,0.0,,0.11665007147987275,1.0,,0.1563965586289346,0.010000000000005116,px4,,0.29734688270408616,1.0,,25/25/25 Hz,1.0,2000,denied,307,40,0.13884655218871392,0.014100739405307003,0.27351038276010314,after_return,0.04922413577560686
0.2782501173740779,1.0,,,held-out,zero,60,1.0,,,0.85,0.0,,0.21025690549178588,,,0.32332764825529203,0.010000000000005116,ekf3,,0.217233892968082,1.0,,25/25/25 Hz,1.0,4700,denied,307,13,0.1917929230445791,0.09633141619410676,0.054613166426113,flight,0.20576267197744685
0.3394518598609749,1.0,,,held-out,zero,25,1.0,,,0.85,0.0,,0.24508387443227653,,,0.3098616867707056,0.010000000000001563,ekf3,,0.24711869396453173,1.0,,25/25/25 Hz,1.0,700,denied,307,18,0.2729014048681157,0.10233999268903682,0.03164717048963462,before_outage,0.2265098795937081
0.3000990028858027,1.0,,,held-out,zero,40,1.0,,,0.85,0.0,,0.2090471991820413,,,0.29973931571141293,0.010000000000005116,ekf3,,0.2173859844589558,1.0,,25/25/25 Hz,1.0,1500,denied,307,25,0.15804919729464947,0.10319168781170025,0.059631658985251565,outage_window,0.21802662558238248
0.1698836869577048,1.0,,,held-out,zero,60,1.0,,,0.85,0.0,,0.2084382146043521,,,0.32332764825529203,0.010000000000005116,ekf3,,0.21513872241521267,1.0,,25/25/25 Hz,1.0,2000,denied,307,40,0.1917929230445791,0.09147053373998017,0.053274577192127956,after_return,0.08120135729475614
0.2731168449987349,1.0,1.0,,held-out,zero,60,1.0,1.0,,0.85,0.8004255319148936,,0.09508272534688522,1.0,,0.1761902487017562,0.010000000000005116,px4,,0.11278668607701883,1.0,,25/25/25 Hz,1.0,4700,transition,307,13,0.0410800295798642,0.02078763377568691,0.060663925827832685,flight,0.2597509515002248
0.27363648331257234,1.0,1.0,,held-out,zero,25,1.0,1.0,,0.85,1.0,,0.07009508143716187,1.0,,0.11676948294565909,0.010000000000001563,px4,,0.10014807735068855,1.0,,25/25/25 Hz,1.0,700,transition,307,18,0.07836261460042958,0.020552220018986177,0.07152843459322415,before_outage,0.25460340525515895
0.21688986832878598,1.0,1.0,,held-out,zero,40,1.0,1.0,,0.85,0.46066666666666667,,0.13642754726377584,1.0,,0.17243455004552616,0.010000000000005116,px4,,0.1583215552292937,1.0,,25/25/25 Hz,1.0,1500,transition,307,25,0.17243455004552616,0.018678867308987625,0.08033205585451239,outage_window,0.20206127757270534
0.26604587568463905,1.0,1.0,,held-out,zero,60,1.0,1.0,,0.85,0.9355,,0.07023296546342464,1.0,,0.1761902487017562,0.010000000000005116,px4,,0.0809436468450951,1.0,,25/25/25 Hz,1.0,2000,transition,307,40,0.0410800295798642,0.020879476811106332,0.04023934053630695,after_return,0.2582067854553596
0.4019983946725438,1.0,,,held-out,zero,60,1.0,,,0.85,0.4238297872340426,,0.15346953488164727,,,0.28737099714032077,0.010000000000005116,ekf3,,0.15813199965388186,1.0,,25/25/25 Hz,1.0,4700,transition,307,13,0.03912380887311212,0.07788084846372763,0.03811602258560228,flight,0.35721690821201524
0.3279289957744593,1.0,,,held-out,zero,25,1.0,,,0.85,0.0,,0.2302392526282663,,,0.28737099714032077,0.010000000000001563,ekf3,,0.2315550225434731,1.0,,25/25/25 Hz,1.0,700,transition,307,18,0.25571152335250974,0.10033057205608117,0.024649848159485982,before_outage,0.2043772232295421
0.3022296580368521,1.0,,,held-out,zero,40,1.0,,,0.85,0.0,,0.19025610407525723,,,0.2674052941928464,0.010000000000005116,ekf3,,0.19813042680154347,1.0,,25/25/25 Hz,1.0,1500,transition,307,25,0.15046691256108455,0.10020658034421101,0.05530172589229622,outage_window,0.21921497824005837
0.4826371694924812,1.0,,,held-out,zero,60,1.0,,,0.85,0.996,,0.06341279533333112,,,0.1512674863414306,0.010000000000005116,ekf3,,0.06749798842918905,1.0,,25/25/25 Hz,1.0,2000,transition,307,40,0.03912380887311212,0.038372136525492186,0.023125653071859396,after_return,0.463119366716228
0.23120974634248995,1.0,1.0,,held-out,nominal,60,1.0,1.0,,0.85,1.0,,0.06289885733602266,1.0,,0.11662698722807219,0.010000000000005116,px4,,0.07223802796400172,1.0,,25/25/25 Hz,1.0,4700,gps,307,13,0.035635981440379355,0.02178749769836489,0.03552557430852543,flight,0.21978026358392144
0.27247660277789676,1.0,1.0,,held-out,nominal,25,1.0,1.0,,0.85,1.0,,0.06996092036333562,1.0,,0.11662698722807219,0.010000000000001563,px4,,0.07911036840685877,1.0,,25/25/25 Hz,1.0,700,gps,307,18,0.07829837100540755,0.02045283060768193,0.036931287702758615,before_outage,0.2542876638881788
0.18365652256661585,1.0,1.0,,held-out,nominal,40,1.0,1.0,,0.85,1.0,,0.07235738618626633,1.0,,0.11388273016108166,0.010000000000005116,px4,,0.08208181554337102,1.0,,25/25/25 Hz,1.0,1500,gps,307,25,0.037828346574196606,0.02167527725157065,0.0387534915483431,outage_window,0.1708521677580091
0.1762382113265184,1.0,1.0,,held-out,nominal,60,1.0,1.0,,0.85,1.0,,0.055022430248776,1.0,,0.09607212543764249,0.010000000000005116,px4,,0.06465609068320281,1.0,,25/25/25 Hz,1.0,2000,gps,307,40,0.035635981440379355,0.021127652265775662,0.03395500304746158,after_return,0.17348245038462184
0.4055401689958624,1.0,,,held-out,nominal,60,1.0,,,0.85,0.563404255319149,,0.15910071414287785,,,0.5329144336858278,0.010000000000005116,ekf3,,0.16759650361835612,1.0,,25/25/25 Hz,1.0,4700,gps,307,13,0.03225853313760287,0.08141650155068864,0.05268349631833411,flight,0.37671823113191544
0.32804512267956276,1.0,,,held-out,nominal,25,1.0,,,0.85,0.0,,0.23872423873748005,,,0.3133212039529467,0.010000000000001563,ekf3,,0.2430830251244346,1.0,,25/25/25 Hz,1.0,700,gps,307,18,0.18712946730974048,0.1013473676303224,0.045826792849348964,before_outage,0.2590664440312506
0.519126059192616,1.0,,,held-out,nominal,40,1.0,,,0.85,0.432,,0.20301329925606543,,,0.5329144336858278,0.010000000000005116,ekf3,,0.21205707689558354,1.0,,25/25/25 Hz,1.0,1500,gps,307,25,0.03881406666718879,0.10610375115351829,0.061268296750168164,outage_window,0.4819042375998202
0.3536303456108854,1.0,,,held-out,nominal,60,1.0,,,0.85,1.0,,0.055619059579472586,,,0.11295309578815853,0.010000000000005116,ekf3,,0.0675748206694248,1.0,,25/25/25 Hz,1.0,2000,gps,307,40,0.03225853313760287,0.036453819213463017,0.038378074469676046,after_return,0.34246684140973394
0.3348798506257114,1.0,1.0,,held-out,nominal,60,1.0,1.0,,0.85,0.0,,0.09118861355361156,1.0,,0.15533127413029263,0.010000000000005116,px4,,0.24873331974765367,1.0,,25/25/25 Hz,1.0,4700,denied,307,13,0.13772773661666243,0.022543973594921995,0.2314149975927632,flight,0.3189034402473471
0.5745576853299814,1.0,1.0,,held-out,nominal,25,1.0,1.0,,0.85,0.0,,0.07888151367463399,1.0,,0.12016905775984528,0.010000000000001563,px4,,0.2196034893808889,1.0,,25/25/25 Hz,1.0,700,denied,307,18,0.04046676424747556,0.03642160013798942,0.20494730871289993,before_outage,0.5644019150234951
0.35528999157493485,1.0,1.0,,held-out,nominal,40,1.0,1.0,,0.85,0.0,,0.06893826967810641,1.0,,0.10288873207826742,0.010000000000005116,px4,,0.24545078295620792,1.0,,25/25/25 Hz,1.0,1500,denied,307,25,0.10288873207826742,0.023945815195111547,0.2355708000317615,outage_window,0.3416031484508208
0.09819062979600555,1.0,1.0,,held-out,nominal,60,1.0,1.0,,0.85,0.0,,0.11554652094936793,1.0,,0.15533127413029263,0.010000000000005116,px4,,0.2689878461595423,1.0,,25/25/25 Hz,1.0,2000,denied,307,40,0.13772773661666243,0.014032715426049842,0.24290628414688425,after_return,0.04913687303453496
0.2690067461658621,1.0,,,held-out,nominal,60,1.0,,,0.85,0.0,,0.2782007754941376,,,0.5018000643999222,0.010000000000005116,ekf3,,0.28383262461046954,1.0,,25/25/25 Hz,1.0,4700,denied,307,13,0.289953430250794,0.0974933340105357,0.056260886126403835,flight,0.21350348013204007
0.32804512267956276,1.0,,,held-out,nominal,25,1.0,,,0.85,0.0,,0.23872423873748005,,,0.3133212039529467,0.010000000000001563,ekf3,,0.2430830251244346,1.0,,25/25/25 Hz,1.0,700,denied,307,18,0.18712946730974048,0.1013473676303224,0.045826792849348964,before_outage,0.2590664440312506
0.3361185994708798,1.0,,,held-out,nominal,40,1.0,,,0.85,0.0,,0.2553292699630206,,,0.3876319246364017,0.010000000000005116,ekf3,,0.26060124202796064,1.0,,25/25/25 Hz,1.0,1500,denied,307,25,0.08832716678829325,0.10433373719952276,0.05215334358089294,outage_window,0.27464439432201676
0.16127854031353192,1.0,,,held-out,nominal,60,1.0,,,0.85,0.0,,0.32787755785497485,,,0.5018000643999222,0.010000000000005116,ekf3,,0.3326677397643817,1.0,,25/25/25 Hz,1.0,2000,denied,307,40,0.289953430250794,0.0914743243481488,0.05625061897437219,after_return,0.0922109536736837
0.27230993115007407,1.0,1.0,,held-out,nominal,60,1.0,1.0,,0.85,0.8029787234042554,,0.09494716040205074,1.0,,0.17579742229426093,0.010000000000005116,px4,,0.1044882737145276,1.0,,25/25/25 Hz,1.0,4700,transition,307,13,0.0410800295798642,0.02073598666779613,0.043621509320853236,flight,0.25959373580530015
0.27247660277789676,1.0,1.0,,held-out,nominal,25,1.0,1.0,,0.85,1.0,,0.06996092036333562,1.0,,0.11662698722807219,0.010000000000001563,px4,,0.07911036840685877,1.0,,25/25/25 Hz,1.0,700,transition,307,18,0.07829837100540755,0.02045283060768193,0.036931287702758615,before_outage,0.2542876638881788
0.2155779541525948,1.0,1.0,,held-out,nominal,40,1.0,1.0,,0.85,0.4686666666666667,,0.136249092130271,1.0,,0.1719438703750534,0.010000000000005116,px4,,0.13828490163189872,1.0,,25/25/25 Hz,1.0,1500,transition,307,25,0.1719438703750534,0.018634489720028784,0.023641042976587,outage_window,0.2016711516969908
0.26482913705476624,1.0,1.0,,held-out,nominal,60,1.0,1.0,,0.85,0.9355,,0.07013727957351724,1.0,,0.17579742229426093,0.010000000000005116,px4,,0.0910230164871877,1.0,,25/25/25 Hz,1.0,2000,transition,307,40,0.0410800295798642,0.020814179604917844,0.058016821219824904,after_return,0.25755891549634397
0.38625912004142166,1.0,,,held-out,nominal,60,1.0,,,0.85,0.4208510638297872,,0.18620233454288515,,,0.5157929259804895,0.010000000000005116,ekf3,,0.1916818349897397,1.0,,25/25/25 Hz,1.0,4700,transition,307,13,0.03274640085395386,0.08825567023721112,0.04550402702853107,flight,0.3516763511631852
0.32804512267956276,1.0,,,held-out,nominal,25,1.0,,,0.85,0.0,,0.23872423873748005,,,0.3133212039529467,0.010000000000001563,ekf3,,0.2430830251244346,1.0,,25/25/25 Hz,1.0,700,transition,307,18,0.18712946730974048,0.1013473676303224,0.045826792849348964,before_outage,0.2590664440312506
0.3361185994708798,1.0,,,held-out,nominal,40,1.0,,,0.85,0.0,,0.25532923912557215,,,0.3876319246364017,0.010000000000005116,ekf3,,0.26060121181435486,1.0,,25/25/25 Hz,1.0,1500,transition,307,25,0.08832716678829325,0.10433373719952276,0.05215334358089294,outage_window,0.27464439432201676
0.45449394016518113,1.0,,,held-out,nominal,60,1.0,,,0.85,0.989,,0.08427012417901592,,,0.5157929259804895,0.010000000000005116,ekf3,,0.08771037287086839,1.0,,25/25/25 Hz,1.0,2000,transition,307,40,0.03274640085395386,0.06584237179350845,0.02432397335963021,after_return,0.43820118876375164
0.23276823197719754,1.0,1.0,,held-out,stress,60,1.0,1.0,,0.85,1.0,,0.06292832570624009,1.0,,0.11649930683135912,0.010000000000005116,px4,,0.07046656571704765,1.0,,25/25/25 Hz,1.0,4700,gps,307,13,0.03556667731729123,0.021905505583523638,0.031710608757391553,flight,0.21984124612995645
0.27485915542478206,1.0,1.0,,held-out,stress,25,1.0,1.0,,0.85,1.0,,0.06989431492095148,1.0,,0.11649930683135912,0.010000000000001563,px4,,0.08002795782547228,1.0,,25/25/25 Hz,1.0,700,gps,307,18,0.07815115120752661,0.02052510468168753,0.038977670215732875,before_outage,0.25451396417762895
0.18595664256769692,1.0,1.0,,held-out,stress,40,1.0,1.0,,0.85,1.0,,0.07242930119033608,1.0,,0.11392091516798693,0.010000000000005116,px4,,0.07748915715402545,1.0,,25/25/25 Hz,1.0,1500,gps,307,25,0.03788932987685092,0.021829283965085933,0.02754207337004303,outage_window,0.17102574362107476
0.17758145438962913,1.0,1.0,,held-out,stress,60,1.0,1.0,,0.85,1.0,,0.05505883529311073,1.0,,0.09620797194360947,0.010000000000005116,px4,,0.06199732258210447,1.0,,25/25/25 Hz,1.0,2000,gps,307,40,0.03556667731729123,0.021208692151025974,0.02849899407901312,after_return,0.17392416582865564
0.4385804172806951,1.0,,,held-out,stress,60,1.0,,,0.85,0.5612765957446808,,0.15625434167269725,,,0.3652584246181987,0.010000000000005116,ekf3,,0.16270503283485774,1.0,,25/25/25 Hz,1.0,4700,gps,307,13,0.03176800445422751,0.082805787788344,0.04535976651421519,flight,0.40631958310866667
0.3861592991763478,1.0,,,held-out,stress,25,1.0,,,0.85,0.0,,0.2539945155672473,,,0.3176639018443948,0.010000000000001563,ekf3,,0.25662686126739526,1.0,,25/25/25 Hz,1.0,700,gps,307,18,0.2864702928836933,0.11094840322083432,0.03666240561821176,before_outage,0.2960091962799463
0.5301427517428067,1.0,,,held-out,stress,40,1.0,,,0.85,0.42533333333333334,,0.19009875347271446,,,0.3652584246181987,0.010000000000005116,ekf3,,0.19667275850647578,1.0,,25/25/25 Hz,1.0,1500,gps,307,25,0.038730691175462045,0.1074541703210223,0.05042457601871003,outage_window,0.49255000510320873
0.4196766211008449,1.0,,,held-out,stress,60,1.0,,,0.85,1.0,,0.05665570731243063,,,0.11524859830959376,0.010000000000005116,ekf3,,0.0653251338006422,1.0,,25/25/25 Hz,1.0,2000,gps,307,40,0.03176800445422751,0.04026816496766525,0.03251928558563364,after_return,0.4074348149420456
0.3378810292840893,1.0,1.0,,held-out,stress,60,1.0,1.0,,0.85,0.0,,0.09077803477807246,1.0,,0.15460468844466432,0.010000000000005116,px4,,0.24143098081077424,1.0,,25/25/25 Hz,1.0,4700,denied,307,13,0.13706463900740104,0.02272063406923542,0.22371469977872155,flight,0.32055379942709616
0.5785666818633103,1.0,1.0,,held-out,stress,25,1.0,1.0,,0.85,0.0,,0.07925635384492553,1.0,,0.12056469328282252,0.010000000000001563,px4,,0.21241793431999614,1.0,,25/25/25 Hz,1.0,700,denied,307,18,0.04175467145555973,0.03664049394031946,0.19707818041574807,before_outage,0.5676252982780504
0.359144652564032,1.0,1.0,,held-out,stress,40,1.0,1.0,,0.85,0.0,,0.06841353787590886,1.0,,0.10212413928343024,0.010000000000005116,px4,,0.23793254552479098,1.0,,25/25/25 Hz,1.0,1500,denied,307,25,0.10212413928343024,0.02414206326670283,0.22788480435344594,outage_window,0.34420709878048616
0.10153932406090689,1.0,1.0,,held-out,stress,60,1.0,1.0,,0.85,0.0,,0.11487668907276315,1.0,,0.15460468844466432,0.010000000000005116,px4,,0.26180752976717275,1.0,,25/25/25 Hz,1.0,2000,denied,307,40,0.13706463900740104,0.014185673002057956,0.23525843013687894,after_return,0.047746120615729776
0.29335423784249565,1.0,,,held-out,stress,60,1.0,,,0.85,0.0,,0.21502948273710543,,,0.3613204304767105,0.010000000000005116,ekf3,,0.2208901320348392,1.0,,25/25/25 Hz,1.0,4700,denied,307,13,0.11882587791149612,0.09850428786992954,0.050544752291227665,flight,0.2314854858897313
0.3861592991763478,1.0,,,held-out,stress,25,1.0,,,0.85,0.0,,0.2539945155672473,,,0.3176639018443948,0.010000000000001563,ekf3,,0.25662686126739526,1.0,,25/25/25 Hz,1.0,700,denied,307,18,0.2864702928836933,0.11094840322083432,0.03666240561821176,before_outage,0.2960091962799463
0.33656505038847523,1.0,,,held-out,stress,40,1.0,,,0.85,0.0,,0.21503854620956628,,,0.3059333913106009,0.010000000000005116,ekf3,,0.21986053020628882,1.0,,25/25/25 Hz,1.0,1500,denied,307,25,0.16047241497247094,0.10307890553492641,0.04579384660264594,outage_window,0.26908078860516793
0.2283947711526068,1.0,,,held-out,stress,60,1.0,,,0.85,0.0,,0.2165967404449887,,,0.3613204304767105,0.010000000000005116,ekf3,,0.2224283983586489,1.0,,25/25/25 Hz,1.0,2000,denied,307,40,0.11882587791149612,0.09487452098875655,0.050598857941657145,after_return,0.17777860779903454
0.2733337644091776,1.0,1.0,,held-out,stress,60,1.0,1.0,,0.85,0.8042553191489362,,0.09495898915864744,1.0,,0.17599123584054815,0.010000000000005116,px4,,0.1073817019875885,1.0,,25/25/25 Hz,1.0,4700,transition,307,13,0.04101758093846764,0.020807074394165383,0.050136017988260145,flight,0.2590113171643627
0.27485915542478206,1.0,1.0,,held-out,stress,25,1.0,1.0,,0.85,1.0,,0.06989431492095148,1.0,,0.11649930683135912,0.010000000000001563,px4,,0.08002795782547228,1.0,,25/25/25 Hz,1.0,700,transition,307,18,0.07815115120752661,0.02052510468168753,0.038977670215732875,before_outage,0.25451396417762895
0.2166488100704766,1.0,1.0,,held-out,stress,40,1.0,1.0,,0.85,0.4726666666666667,,0.13624169106450995,1.0,,0.17221908701997898,0.010000000000005116,px4,,0.136688589047455,1.0,,25/25/25 Hz,1.0,1500,transition,307,25,0.17221908701997898,0.018740385857362818,0.011044093066733308,outage_window,0.2004580924031571
0.2655442435437393,1.0,1.0,,held-out,stress,60,1.0,1.0,,0.85,0.9355,,0.07020778166744533,1.0,,0.17599123584054815,0.010000000000005116,px4,,0.09880640653147787,1.0,,25/25/25 Hz,1.0,2000,transition,307,40,0.04101758093846764,0.02082164149283894,0.06952390498957894,after_return,0.2571528787469499
0.41649844738967134,1.0,,,held-out,stress,60,1.0,,,0.85,0.4208510638297872,,0.17148698063684722,,,0.5157929259804895,0.010000000000005116,ekf3,,0.17640609260416334,1.0,,25/25/25 Hz,1.0,4700,transition,307,13,0.032267939439973914,0.08857153153313048,0.041368163845235444,flight,0.3778754878087732
0.3861592991763478,1.0,,,held-out,stress,25,1.0,,,0.85,0.0,,0.2539945155672473,,,0.3176639018443948,0.010000000000001563,ekf3,,0.25662686126739526,1.0,,25/25/25 Hz,1.0,700,transition,307,18,0.2864702928836933,0.11094840322083432,0.03666240561821176,before_outage,0.2960091962799463
0.33656505038847523,1.0,,,held-out,stress,40,1.0,,,0.85,0.0,,0.21503854620956628,,,0.3059333913106009,0.010000000000005116,ekf3,,0.21986053020628882,1.0,,25/25/25 Hz,1.0,1500,transition,307,25,0.16047241497247094,0.10307890553492641,0.04579384660264594,outage_window,0.26908078860516793
0.507530938822267,1.0,,,held-out,stress,60,1.0,,,0.85,0.989,,0.0858131532081109,,,0.5157929259804895,0.010000000000005116,ekf3,,0.08911813075081138,1.0,,25/25/25 Hz,1.0,2000,transition,307,40,0.032267939439973914,0.06807683295988139,0.024044624451215704,after_return,0.49115727170365636
0.1794699694770626,1.0,1.0,,held-out,zero,60,1.0,1.0,,0.85,1.0,,0.05660518078436993,1.0,,0.14515615737984444,0.010000000000005116,px4,,0.34941007470435814,1.0,,25/25/25 Hz,1.0,4700,gps,911,13,0.020953372734441412,0.021884587649350664,0.34479450954630053,flight,0.14194256634870495
0.21034125903166012,1.0,1.0,,held-out,zero,25,1.0,1.0,,0.85,1.0,,0.0450314992306319,1.0,,0.08598298215138343,0.010000000000001563,px4,,0.33641138902678613,1.0,,25/25/25 Hz,1.0,700,gps,911,18,0.08119847142145274,0.020526108007411774,0.33338384295579354,before_outage,0.14165908280817696
0.16576248001611602,1.0,1.0,,held-out,zero,40,1.0,1.0,,0.85,1.0,,0.05492366776503893,1.0,,0.11079697189204635,0.010000000000005116,px4,,0.3655457748837315,1.0,,25/25/25 Hz,1.0,1500,gps,911,25,0.0295812217385773,0.022452808727343634,0.36139604903012335,outage_window,0.11978096163374892
0.11923808601303502,1.0,1.0,,held-out,zero,60,1.0,1.0,,0.85,1.0,,0.0622508204220703,1.0,,0.14515615737984444,0.010000000000005116,px4,,0.3444939635144691,1.0,,25/25/25 Hz,1.0,2000,gps,911,40,0.020953372734441412,0.02193224257060005,0.3388228537963275,after_return,0.088799035487071
0.3767746169248003,1.0,,,held-out,zero,60,1.0,,,0.85,0.5642553191489361,,0.14646550435830155,,,0.30408847532017164,0.010000000000005116,ekf3,,0.1507723034116047,1.0,,25/25/25 Hz,1.0,4700,gps,911,13,0.021662180181131446,0.07389790769437678,0.03577909318455866,flight,0.3361388797671573
0.335277659035542,1.0,,,held-out,zero,25,1.0,,,0.85,0.0,,0.23197674754254882,,,0.30408847532017164,0.010000000000001563,ekf3,,0.23465173656260888,1.0,,25/25/25 Hz,1.0,700,gps,911,18,0.20921049849583795,0.10372088775431308,0.035330243014003906,before_outage,0.21424191305654433
0.4534304411839778,1.0,,,held-out,zero,40,1.0,,,0.85,0.43466666666666665,,0.17135946239096486,,,0.29026799201641235,0.010000000000005116,ekf3,,0.17310235485858408,1.0,,25/25/25 Hz,1.0,1500,gps,911,25,0.021267941443142774,0.0884009055509451,0.02450224289053283,outage_window,0.4134580975164693
0.33874594314167705,1.0,,,held-out,zero,60,1.0,,,0.85,1.0,,0.07334749059081183,,,0.16683460596229513,0.010000000000005116,ekf3,,0.08178584936264482,1.0,,25/25/25 Hz,1.0,2000,gps,911,40,0.021662180181131446,0.036041403828064957,0.03618108317892101,after_return,0.3168693885018674
0.1747301902976881,1.0,1.0,,held-out,zero,60,1.0,1.0,,0.85,0.0,,0.10546132540614865,1.0,,0.18709835784036788,0.010000000000005116,px4,,0.2709962910214982,1.0,,25/25/25 Hz,1.0,4700,denied,911,13,0.17490864127051603,0.016333891018431773,0.24963352857936963,flight,0.14044968930089477
0.21697171972878884,1.0,1.0,,held-out,zero,25,1.0,1.0,,0.85,0.0,,0.06059486989114859,1.0,,0.0733696450337096,0.010000000000001563,px4,,0.2467993937273323,1.0,,25/25/25 Hz,1.0,700,denied,911,18,0.048190658566229005,0.01590460884550374,0.23924506784269048,before_outage,0.17805233653035818
0.19418072936153874,1.0,1.0,,held-out,zero,40,1.0,1.0,,0.85,0.0,,0.08387926245362785,1.0,,0.10813908948073675,0.010000000000005116,px4,,0.26527929319000676,1.0,,25/25/25 Hz,1.0,1500,denied,911,25,0.0872629123348541,0.01688526021625116,0.25166917317308646,outage_window,0.16241939817270445
0.1248663070287887,1.0,1.0,,held-out,zero,60,1.0,1.0,,0.85,0.0,,0.13855536129585078,1.0,,0.18709835784036788,0.010000000000005116,px4,,0.29161859250568306,1.0,,25/25/25 Hz,1.0,2000,denied,911,40,0.17490864127051603,0.0162689455677223,0.2566004975661035,after_return,0.09127122907009913
0.2878644615395298,1.0,,,held-out,zero,60,1.0,,,0.85,0.0,,0.25045666162530444,,,0.47153134099646615,0.010000000000005116,ekf3,,0.25542900938997287,1.0,,25/25/25 Hz,1.0,4700,denied,911,13,0.332115948702814,0.09743182911332582,0.05015415721005175,flight,0.21678654384766782
0.3517013267416737,1.0,,,held-out,zero,25,1.0,,,0.85,0.0,,0.24491651226838695,,,0.3266827092300996,0.010000000000001563,ekf3,,0.24783542081446383,1.0,,25/25/25 Hz,1.0,700,denied,911,18,0.19717276930131908,0.10622959654044803,0.03792489721240427,before_outage,0.23839326424871263
0.29980511696345763,1.0,,,held-out,zero,40,1.0,,,0.85,0.0,,0.22909267788267332,,,0.3315702971380132,0.010000000000005116,ekf3,,0.2315814213031513,1.0,,25/25/25 Hz,1.0,1500,denied,911,25,0.05829160094829249,0.10480382818032567,0.033860000492222875,outage_window,0.21510568499931332
0.2513193698831496,1.0,,,held-out,zero,60,1.0,,,0.85,0.0,,0.28812881927515827,,,0.47153134099646615,0.010000000000005116,ekf3,,0.2925255753295716,1.0,,25/25/25 Hz,1.0,2000,denied,911,40,0.332115948702814,0.09142457390933409,0.0505271780826913,after_return,0.19918606946802628
0.1700154755498017,1.0,1.0,,held-out,zero,60,1.0,1.0,,0.85,0.8004255319148936,,0.06985003803782872,1.0,,0.14240034761897558,0.010000000000005116,px4,,0.334022307340139,1.0,,25/25/25 Hz,1.0,4700,transition,911,13,0.019604955600151443,0.02195825301483325,0.3266372207617254,flight,0.12915327562596982
0.21034125903166012,1.0,1.0,,held-out,zero,25,1.0,1.0,,0.85,1.0,,0.0450314992306319,1.0,,0.08598298215138343,0.010000000000001563,px4,,0.33641138902678613,1.0,,25/25/25 Hz,1.0,700,transition,911,18,0.08119847142145274,0.020526108007411774,0.33338384295579354,before_outage,0.14165908280817696
0.14357508953262932,1.0,1.0,,held-out,zero,40,1.0,1.0,,0.85,0.46066666666666667,,0.08845490997866765,1.0,,0.12054268825722247,0.010000000000005116,px4,,0.38018945101472224,1.0,,25/25/25 Hz,1.0,1500,transition,911,25,0.07801129798349975,0.02285804149750178,0.36975633539337993,outage_window,0.09173556000121652
0.10770504816216593,1.0,1.0,,held-out,zero,60,1.0,1.0,,0.85,0.9355,,0.0648489736741649,1.0,,0.14240034761897558,0.010000000000005116,px4,,0.2928687258272659,1.0,,25/25/25 Hz,1.0,2000,transition,911,40,0.019604955600151443,0.021790869086170506,0.28559884660322726,after_return,0.0647037691558583
0.4069351429672537,1.0,,,held-out,zero,60,1.0,,,0.85,0.4238297872340426,,0.16308141038169355,,,0.30408847532017164,0.010000000000005116,ekf3,,0.16715860424872891,1.0,,25/25/25 Hz,1.0,4700,transition,911,13,0.0211023250775787,0.08042489677815536,0.036694039874355905,flight,0.3617956514216643
0.335277659035542,1.0,,,held-out,zero,25,1.0,,,0.85,0.0,,0.23197674754254882,,,0.30408847532017164,0.010000000000001563,ekf3,,0.23465173656260888,1.0,,25/25/25 Hz,1.0,700,transition,911,18,0.20921049849583795,0.10372088775431308,0.035330243014003906,before_outage,0.21424191305654433
0.30504635521316875,1.0,,,held-out,zero,40,1.0,,,0.85,0.0,,0.2093476540782685,,,0.2965421040648327,0.010000000000005116,ekf3,,0.211904575665733,1.0,,25/25/25 Hz,1.0,1500,transition,911,25,0.08918617756450282,0.10208529314412788,0.032819337592340285,outage_window,0.22157566727990283
0.5046834754392782,1.0,,,held-out,zero,60,1.0,,,0.85,0.996,,0.08136380604548908,,,0.2764099799671638,0.010000000000005116,ekf3,,0.08790565527432218,1.0,,25/25/25 Hz,1.0,2000,transition,911,40,0.0211023250775787,0.04136467358418702,0.03327664789307962,after_return,0.4836072074833996
0.17801504758795897,1.0,1.0,,held-out,nominal,60,1.0,1.0,,0.85,1.0,,0.05657616218347808,1.0,,0.145133681285493,0.010000000000005116,px4,,0.3711163885572492,1.0,,25/25/25 Hz,1.0,4700,gps,911,13,0.02091676861973871,0.02186592248911576,0.3667785595265404,flight,0.14126804341288798
0.2079851981762094,1.0,1.0,,held-out,nominal,25,1.0,1.0,,0.85,1.0,,0.04499093284308978,1.0,,0.08595372970709945,0.010000000000001563,px4,,0.3583306943356189,1.0,,25/25/25 Hz,1.0,700,gps,911,18,0.08116613725594246,0.02053163841370679,0.3554950104642193,before_outage,0.14104804431321405
0.16423840247628907,1.0,1.0,,held-out,nominal,40,1.0,1.0,,0.85,1.0,,0.054915497141871016,1.0,,0.11082482878560652,0.010000000000005116,px4,,0.3872493861967716,1.0,,25/25/25 Hz,1.0,1500,gps,911,25,0.0295812217385773,0.02237147794169587,0.3833358518107033,outage_window,0.11921288975768785
0.11875573870515288,1.0,1.0,,held-out,nominal,60,1.0,1.0,,0.85,1.0,,0.06225849333533766,1.0,,0.145133681285493,0.010000000000005116,px4,,0.3660512327731325,1.0,,25/25/25 Hz,1.0,2000,gps,911,40,0.02091676861973871,0.021915844839423784,0.3607178745534296,after_return,0.08854644573046776
0.39243682788556117,1.0,,,held-out,nominal,60,1.0,,,0.85,0.5591489361702128,,0.16464943073191332,,,0.5442353558573687,0.010000000000005116,ekf3,,0.1712991693150999,1.0,,25/25/25 Hz,1.0,4700,gps,911,13,0.016089810721006258,0.08452066946207744,0.04726489572293733,flight,0.35911987976863224
0.5372923697385357,1.0,,,held-out,nominal,25,1.0,,,0.85,0.0,,0.25342700760094417,,,0.30775622614583903,0.010000000000001563,ekf3,,0.25656236609420086,1.0,,25/25/25 Hz,1.0,700,gps,911,18,0.21664177835078122,0.11028935944322447,0.039987491972937154,before_outage,0.47591890119894753
0.3967250219996833,1.0,,,held-out,nominal,40,1.0,,,0.85,0.4186666666666667,,0.19778156815235645,,,0.5442353558573687,0.010000000000005116,ekf3,,0.20355620780054473,1.0,,25/25/25 Hz,1.0,1500,gps,911,25,0.016687539702632825,0.11170119451426866,0.04814126123538242,outage_window,0.35838072286467326
0.3658838027187324,1.0,,,held-out,nominal,60,1.0,,,0.85,1.0,,0.0777666255469244,,,0.17024383352776654,0.010000000000005116,ekf3,,0.08606350590671726,1.0,,25/25/25 Hz,1.0,2000,gps,911,40,0.016089810721006258,0.04025220270770365,0.03686840110446885,after_return,0.34873717956828976
0.1668007275146603,1.0,1.0,,held-out,nominal,60,1.0,1.0,,0.85,0.0,,0.10588822892079111,1.0,,0.18769853959429753,0.010000000000005116,px4,,0.28214672478759306,1.0,,25/25/25 Hz,1.0,4700,denied,911,13,0.17521337637198206,0.01609852332227595,0.26152333984633935,flight,0.131636246737329
0.20411254644258192,1.0,1.0,,held-out,nominal,25,1.0,1.0,,0.85,0.0,,0.06051761067681729,1.0,,0.07146392892436379,0.010000000000001563,px4,,0.2584879796943186,1.0,,25/25/25 Hz,1.0,700,denied,911,18,0.04676379404389219,0.015026394056721815,0.25130390853390966,before_outage,0.16394383829587383
0.18732890807823627,1.0,1.0,,held-out,nominal,40,1.0,1.0,,0.85,0.0,,0.08420602336708569,1.0,,0.10695189781760445,0.010000000000005116,px4,,0.2766390550459476,1.0,,25/25/25 Hz,1.0,1500,denied,911,25,0.08803426814942697,0.016550333173967858,0.26351188285429683,outage_window,0.15504819040142093
0.12597778610019372,1.0,1.0,,held-out,nominal,60,1.0,1.0,,0.85,0.0,,0.1391532206671308,1.0,,0.18769853959429753,0.010000000000005116,px4,,0.3023739574175973,1.0,,25/25/25 Hz,1.0,2000,denied,911,40,0.17521337637198206,0.01626056382421369,0.268451841681788,after_return,0.09320171677112447
0.33450271473657156,1.0,,,held-out,nominal,60,1.0,,,0.85,0.0,,0.21806015221701672,,,0.3370299138253138,0.010000000000005116,ekf3,,0.22493163285065965,1.0,,25/25/25 Hz,1.0,4700,denied,911,13,0.28931052095902093,0.09635901489443616,0.05517254273599739,flight,0.28241589489908464
0.5372923697385357,1.0,,,held-out,nominal,25,1.0,,,0.85,0.0,,0.25342700760094417,,,0.30775622614583903,0.010000000000001563,ekf3,,0.25656236609420086,1.0,,25/25/25 Hz,1.0,700,denied,911,18,0.21664177835078122,0.11028935944322447,0.039987491972937154,before_outage,0.47591890119894753
0.2829018150989365,1.0,,,held-out,nominal,40,1.0,,,0.85,0.0,,0.21810692996452305,,,0.293900436570639,0.010000000000005116,ekf3,,0.22629573685456245,1.0,,25/25/25 Hz,1.0,1500,denied,911,25,0.1393748509535095,0.09855772584807831,0.0603251823039102,outage_window,0.20489003742762155
0.30482721668684853,1.0,,,held-out,nominal,60,1.0,,,0.85,0.0,,0.2185033249641206,,,0.3370299138253138,0.010000000000005116,ekf3,,0.2236412617907887,1.0,,25/25/25 Hz,1.0,2000,denied,911,40,0.28931052095902093,0.09340760946787999,0.04766246904011583,after_return,0.26612141664233546
0.1684628714661773,1.0,1.0,,held-out,nominal,60,1.0,1.0,,0.85,0.8029787234042554,,0.06979656450782987,1.0,,0.14243529302008748,0.010000000000005116,px4,,0.3555812585101158,1.0,,25/25/25 Hz,1.0,4700,transition,911,13,0.019604955600151443,0.02191052242406311,0.34866383664862943,flight,0.12840305494692078
0.2079851981762094,1.0,1.0,,held-out,nominal,25,1.0,1.0,,0.85,1.0,,0.04499093284308978,1.0,,0.08595372970709945,0.010000000000001563,px4,,0.3583306943356189,1.0,,25/25/25 Hz,1.0,700,transition,911,18,0.08116613725594246,0.02053163841370679,0.3554950104642193,before_outage,0.14104804431321405
0.1416823090127093,1.0,1.0,,held-out,nominal,40,1.0,1.0,,0.85,0.4686666666666667,,0.08838149309044249,1.0,,0.12034912731260061,0.010000000000005116,px4,,0.40142367091191317,1.0,,25/25/25 Hz,1.0,1500,transition,911,25,0.07793459271695713,0.02272225717953596,0.3915733331669817,outage_window,0.09074547835630467
0.10724087396595945,1.0,1.0,,held-out,nominal,60,1.0,1.0,,0.85,0.9355,,0.06485043255235003,1.0,,0.14243529302008748,0.010000000000005116,px4,,0.31476879278010156,1.0,,25/25/25 Hz,1.0,2000,transition,911,40,0.019604955600151443,0.02174922982537287,0.308015931902906,after_return,0.06457793658586627
0.4278352421039805,1.0,,,held-out,nominal,60,1.0,,,0.85,0.4208510638297872,,0.17573266659538314,,,0.5265598197156317,0.010000000000005116,ekf3,,0.1828447519939891,1.0,,25/25/25 Hz,1.0,4700,transition,911,13,0.015831481855335026,0.08802262606755323,0.050499833891006894,flight,0.3916373673085717
0.5372923697385357,1.0,,,held-out,nominal,25,1.0,,,0.85,0.0,,0.25342700760094417,,,0.30775622614583903,0.010000000000001563,ekf3,,0.25656236609420086,1.0,,25/25/25 Hz,1.0,700,transition,911,18,0.21664177835078122,0.11028935944322447,0.039987491972937154,before_outage,0.47591890119894753
0.2829018150989365,1.0,,,held-out,nominal,40,1.0,,,0.85,0.0,,0.21810692996452305,,,0.293900436570639,0.010000000000005116,ekf3,,0.22629573685456245,1.0,,25/25/25 Hz,1.0,1500,transition,911,25,0.1393748509535095,0.09855772584807831,0.0603251823039102,outage_window,0.20489003742762155
0.5100238360607611,1.0,,,held-out,nominal,60,1.0,,,0.85,0.989,,0.0925920747760991,,,0.5265598197156317,0.010000000000005116,ekf3,,0.09841051306310078,1.0,,25/25/25 Hz,1.0,2000,transition,911,40,0.015831481855335026,0.07150419872461335,0.033336718044822584,after_return,0.4937916254661052
0.17996139883808954,1.0,1.0,,held-out,stress,60,1.0,1.0,,0.85,1.0,,0.05661125331252119,1.0,,0.14515615737984444,0.010000000000005116,px4,,0.34314760090023094,1.0,,25/25/25 Hz,1.0,4700,gps,911,13,0.020953372734441412,0.02187129920328367,0.33844562635964104,flight,0.14256656378936608
0.2095190120941923,1.0,1.0,,held-out,stress,25,1.0,1.0,,0.85,1.0,,0.045038276992120825,1.0,,0.0860818911043383,0.010000000000001563,px4,,0.3300985138391851,1.0,,25/25/25 Hz,1.0,700,gps,911,18,0.08113934309036173,0.020487547895687182,0.32701159374618455,before_outage,0.1415968988779718
0.16588936526383002,1.0,1.0,,held-out,stress,40,1.0,1.0,,0.85,1.0,,0.05492112502251199,1.0,,0.11074606666634002,0.010000000000005116,px4,,0.35924408969200067,1.0,,25/25/25 Hz,1.0,1500,gps,911,25,0.0295812217385773,0.022442928109334362,0.355021106421711,outage_window,0.11981280739420279
0.11991796927096318,1.0,1.0,,held-out,stress,60,1.0,1.0,,0.85,1.0,,0.062248077005741476,1.0,,0.14515615737984444,0.010000000000005116,px4,,0.33831196264652075,1.0,,25/25/25 Hz,1.0,2000,gps,911,40,0.020953372734441412,0.021940455532077754,0.33253595441520023,after_return,0.0888593546107213
0.3551109865829244,1.0,,,held-out,stress,60,1.0,,,0.85,0.563404255319149,,0.16118989787386492,,,0.65550488454884,0.010000000000005116,ekf3,,0.16776015444367023,1.0,,25/25/25 Hz,1.0,4700,gps,911,13,0.01810876788083056,0.08453404735660602,0.046489635859803084,flight,0.3189973149397378
0.3903333749946285,1.0,,,held-out,stress,25,1.0,,,0.85,0.0,,0.24664824674696906,,,0.30906453853366866,0.010000000000001563,ekf3,,0.24947819508597086,1.0,,25/25/25 Hz,1.0,700,gps,911,18,0.25230651977910334,0.11087539845820737,0.03747015078699312,before_outage,0.30108010508723937
0.39496357369604385,1.0,,,held-out,stress,40,1.0,,,0.85,0.432,,0.20281698019267227,,,0.65550488454884,0.010000000000005116,ekf3,,0.20777318033809886,1.0,,25/25/25 Hz,1.0,1500,gps,911,25,0.012640399108610227,0.11263739559716794,0.04511060865620562,outage_window,0.35531925335077846
0.34327329051321537,1.0,,,held-out,stress,60,1.0,,,0.85,1.0,,0.07776755751245168,,,0.16747993679375836,0.010000000000005116,ekf3,,0.08544189178296838,1.0,,25/25/25 Hz,1.0,2000,gps,911,40,0.01810876788083056,0.04057349574520666,0.03539101397247612,after_return,0.32732768514252836
0.17889498760067332,1.0,1.0,,held-out,stress,60,1.0,1.0,,0.85,0.0,,0.10476633281612757,1.0,,0.18629860189124398,0.010000000000005116,px4,,0.26779353741611955,1.0,,25/25/25 Hz,1.0,4700,denied,911,13,0.1741160384493352,0.016451990635416414,0.2464495773786172,flight,0.1452802127777662
0.22341796987620843,1.0,1.0,,held-out,stress,25,1.0,1.0,,0.85,0.0,,0.06012462054670332,1.0,,0.07349782071207646,0.010000000000001563,px4,,0.2435649379866092,1.0,,25/25/25 Hz,1.0,700,denied,911,18,0.04812329807021586,0.01629039044645325,0.23602734803521333,before_outage,0.1859135661961979
0.19757873930086928,1.0,1.0,,held-out,stress,40,1.0,1.0,,0.85,0.0,,0.08313577738414779,1.0,,0.10792411583770904,0.010000000000005116,px4,,0.2620083154529163,1.0,,25/25/25 Hz,1.0,1500,denied,911,25,0.0862590241511647,0.017044851033262712,0.24846891130523419,outage_window,0.1661159482151843
0.1247417536935291,1.0,1.0,,held-out,stress,60,1.0,1.0,,0.85,0.0,,0.13777705034377027,1.0,,0.18629860189124398,0.010000000000005116,px4,,0.288453072452368,1.0,,25/25/25 Hz,1.0,2000,denied,911,40,0.1741160384493352,0.01629754824459427,0.25342190001217585,after_return,0.09009079809720502
0.24322824455603104,1.0,,,held-out,stress,60,1.0,,,0.85,0.0,,0.2080446518780831,,,0.30906453853366866,0.010000000000005116,ekf3,,0.2147698669194513,1.0,,25/25/25 Hz,1.0,4700,denied,911,13,0.2779350034506121,0.09623133277321001,0.05332465247449838,flight,0.17148504938399003
0.3903333749946285,1.0,,,held-out,stress,25,1.0,,,0.85,0.0,,0.24664824674696906,,,0.30906453853366866,0.010000000000001563,ekf3,,0.24947819508597086,1.0,,25/25/25 Hz,1.0,700,denied,911,18,0.25230651977910334,0.11087539845820737,0.03747015078699312,before_outage,0.30108010508723937
0.239164220948694,1.0,,,held-out,stress,40,1.0,,,0.85,0.0,,0.2116948117492859,,,0.2779069196771888,0.010000000000005116,ekf3,,0.2187809813829779,1.0,,25/25/25 Hz,1.0,1500,denied,911,25,0.2456147653036989,0.100613260989557,0.055230648134286214,outage_window,0.14712314275386393
0.18605393686892524,1.0,,,held-out,stress,60,1.0,,,0.85,0.0,,0.20962763295323447,,,0.302862763670674,0.010000000000005116,ekf3,,0.21456449195422805,1.0,,25/25/25 Hz,1.0,2000,denied,911,40,0.2779350034506121,0.0924030058076142,0.045762175538319856,after_return,0.1247827741994054
0.17054657246650734,1.0,1.0,,held-out,stress,60,1.0,1.0,,0.85,0.8040425531914893,,0.06984870122315244,1.0,,0.14240034761897558,0.010000000000005116,px4,,0.3282321272159463,1.0,,25/25/25 Hz,1.0,4700,transition,911,13,0.019604955600151443,0.021916942292932097,0.3207140288078211,flight,0.12985159807491092
0.2095190120941923,1.0,1.0,,held-out,stress,25,1.0,1.0,,0.85,1.0,,0.045038276992120825,1.0,,0.0860818911043383,0.010000000000001563,px4,,0.3300985138391851,1.0,,25/25/25 Hz,1.0,700,transition,911,18,0.08113934309036173,0.020487547895687182,0.32701159374618455,before_outage,0.1415968988779718
0.14378699398930198,1.0,1.0,,held-out,stress,40,1.0,1.0,,0.85,0.472,,0.08843770368964415,1.0,,0.12054268825722247,0.010000000000005116,px4,,0.3740270558132869,1.0,,25/25/25 Hz,1.0,1500,transition,911,25,0.07801129798349975,0.022851913972840913,0.3634212583854422,outage_window,0.09187568911782502
0.10843810344602955,1.0,1.0,,held-out,stress,60,1.0,1.0,,0.85,0.9355,,0.06484648478536413,1.0,,0.14240034761897558,0.010000000000005116,px4,,0.2877364549831739,1.0,,25/25/25 Hz,1.0,2000,transition,911,40,0.019604955600151443,0.021729856381592257,0.2803340880757558,after_return,0.06474225045057275
0.38166846442746505,1.0,,,held-out,stress,60,1.0,,,0.85,0.4208510638297872,,0.16857836758353206,,,0.5265598197156317,0.010000000000005116,ekf3,,0.17552129254338714,1.0,,25/25/25 Hz,1.0,4700,transition,911,13,0.017765579113268492,0.0882451922001538,0.04887799217411486,flight,0.34235862108368315
0.3903333749946285,1.0,,,held-out,stress,25,1.0,,,0.85,0.0,,0.24664824674696906,,,0.30906453853366866,0.010000000000001563,ekf3,,0.24947819508597086,1.0,,25/25/25 Hz,1.0,700,transition,911,18,0.25230651977910334,0.11087539845820737,0.03747015078699312,before_outage,0.30108010508723937
0.239164220948694,1.0,,,held-out,stress,40,1.0,,,0.85,0.0,,0.2116948117492859,,,0.2779069196771888,0.010000000000005116,ekf3,,0.2187809813829779,1.0,,25/25/25 Hz,1.0,1500,transition,911,25,0.2456147653036989,0.100613260989557,0.055230648134286214,outage_window,0.14712314275386393
0.48776688717835415,1.0,,,held-out,stress,60,1.0,,,0.85,0.989,,0.09493973497122692,,,0.5265598197156317,0.010000000000005116,ekf3,,0.10019854263614221,1.0,,25/25/25 Hz,1.0,2000,transition,911,40,0.017765579113268492,0.07124721151909326,0.03203427336463245,after_return,0.4710691599085156
